version_id,history_id,repo,path,rank,committed_at,whitespace_only,revert_of_rank
1,1,apache/cloudstack,.github/workflows/daily-issue-triage.md,1,2026-06-17 18:15:03+00:00,False,
2,2,apache/cloudstack,.github/workflows/daily-repo-status.md,1,2026-02-17 15:11:01+00:00,False,
3,2,apache/cloudstack,.github/workflows/daily-repo-status.md,2,2026-02-18 08:35:17+00:00,False,
4,2,apache/cloudstack,.github/workflows/daily-repo-status.md,3,2026-05-29 09:15:49+00:00,False,
5,2,apache/cloudstack,.github/workflows/daily-repo-status.md,4,2026-06-17 18:15:03+00:00,False,
6,3,brunoborges/fx2048,.github/workflows/create-sample-issue.md,1,2026-02-09 22:57:17+00:00,False,
7,3,brunoborges/fx2048,.github/workflows/create-sample-issue.md,2,2026-02-09 23:09:51+00:00,False,
8,3,brunoborges/fx2048,.github/workflows/create-sample-issue.md,3,2026-02-09 23:27:44+00:00,False,
9,4,vaadin/flow,.github/workflows/doc-bot.md,1,2026-06-04 08:47:29+00:00,False,
10,4,vaadin/flow,.github/workflows/doc-bot.md,2,2026-06-04 11:15:04+00:00,False,
11,5,Activiti/activiti-cloud,.github/workflows/supply-chain-review.md,1,2026-05-29 14:47:20+00:00,False,
12,5,Activiti/activiti-cloud,.github/workflows/supply-chain-review.md,2,2026-06-04 09:15:03+00:00,False,
13,5,Activiti/activiti-cloud,.github/workflows/supply-chain-review.md,3,2026-06-11 10:25:36+00:00,False,
14,6,duckduckgo/Android,.github/workflows/android-maintenance-worker.md,1,2026-03-31 20:48:50+00:00,False,
15,6,duckduckgo/Android,.github/workflows/android-maintenance-worker.md,2,2026-04-21 20:35:13+00:00,False,
16,6,duckduckgo/Android,.github/workflows/android-maintenance-worker.md,3,2026-04-29 14:12:46+00:00,False,
17,7,duckduckgo/Android,.github/workflows/daily-repo-status.md,1,2026-03-04 08:35:31+00:00,False,
18,8,duckduckgo/Android,.github/workflows/drift-audit.md,1,2026-06-16 20:42:59+00:00,False,
19,9,executeautomation/ExecuteAutomationWebApp,.github/workflows/daily-repo-status.md,1,2026-03-03 02:01:05+00:00,False,
20,10,Dedac/Beam,.github/workflows/fix-top-improvement.md,1,2026-04-22 14:47:40+00:00,False,
21,10,Dedac/Beam,.github/workflows/fix-top-improvement.md,2,2026-04-22 15:31:15+00:00,False,
22,11,Dedac/Beam,.github/workflows/weekly-improvements.md,1,2026-04-22 14:44:20+00:00,False,
23,12,mono/SkiaSharp,.github/workflows/auto-skia-sync.md,1,2026-05-08 19:55:22+00:00,False,
24,12,mono/SkiaSharp,.github/workflows/auto-skia-sync.md,2,2026-05-11 21:23:40+00:00,False,
25,12,mono/SkiaSharp,.github/workflows/auto-skia-sync.md,3,2026-05-15 09:06:22+00:00,False,
26,12,mono/SkiaSharp,.github/workflows/auto-skia-sync.md,4,2026-05-20 17:18:19+00:00,False,
27,12,mono/SkiaSharp,.github/workflows/auto-skia-sync.md,5,2026-05-20 21:12:27+00:00,False,
28,12,mono/SkiaSharp,.github/workflows/auto-skia-sync.md,6,2026-06-25 23:26:02+00:00,False,
29,12,mono/SkiaSharp,.github/workflows/auto-skia-sync.md,7,2026-06-26 18:13:59+00:00,False,
30,12,mono/SkiaSharp,.github/workflows/auto-skia-sync.md,8,2026-06-26 21:41:56+00:00,False,
31,13,mono/SkiaSharp,.github/workflows/auto-triage.md,1,2026-04-21 00:24:36+00:00,False,
32,13,mono/SkiaSharp,.github/workflows/auto-triage.md,2,2026-04-21 00:43:46+00:00,False,
33,13,mono/SkiaSharp,.github/workflows/auto-triage.md,3,2026-04-21 03:34:48+00:00,False,
34,13,mono/SkiaSharp,.github/workflows/auto-triage.md,4,2026-04-21 04:01:59+00:00,False,
35,13,mono/SkiaSharp,.github/workflows/auto-triage.md,5,2026-04-21 17:28:34+00:00,False,
36,13,mono/SkiaSharp,.github/workflows/auto-triage.md,6,2026-04-24 03:58:47+00:00,False,
37,13,mono/SkiaSharp,.github/workflows/auto-triage.md,7,2026-05-08 19:26:00+00:00,False,
38,13,mono/SkiaSharp,.github/workflows/auto-triage.md,8,2026-06-26 21:41:56+00:00,False,
39,14,mono/SkiaSharp,.github/workflows/update-release-notes.md,1,2026-04-28 02:39:23+00:00,False,
40,14,mono/SkiaSharp,.github/workflows/update-release-notes.md,2,2026-04-28 13:09:20+00:00,False,
41,14,mono/SkiaSharp,.github/workflows/update-release-notes.md,3,2026-04-28 20:53:55+00:00,False,
42,14,mono/SkiaSharp,.github/workflows/update-release-notes.md,4,2026-04-29 23:32:51+00:00,False,
43,14,mono/SkiaSharp,.github/workflows/update-release-notes.md,5,2026-04-30 14:10:26+00:00,False,
44,14,mono/SkiaSharp,.github/workflows/update-release-notes.md,6,2026-04-30 17:18:30+00:00,False,
45,14,mono/SkiaSharp,.github/workflows/update-release-notes.md,7,2026-05-04 21:34:43+00:00,False,
46,14,mono/SkiaSharp,.github/workflows/update-release-notes.md,8,2026-05-04 22:32:28+00:00,False,
47,14,mono/SkiaSharp,.github/workflows/update-release-notes.md,9,2026-05-24 21:20:03+00:00,False,
48,14,mono/SkiaSharp,.github/workflows/update-release-notes.md,10,2026-06-16 17:25:02+00:00,False,
49,14,mono/SkiaSharp,.github/workflows/update-release-notes.md,11,2026-06-18 14:47:55+00:00,False,
50,14,mono/SkiaSharp,.github/workflows/update-release-notes.md,12,2026-06-18 17:50:13+00:00,False,
51,14,mono/SkiaSharp,.github/workflows/update-release-notes.md,13,2026-06-22 20:07:50+00:00,False,
52,14,mono/SkiaSharp,.github/workflows/update-release-notes.md,14,2026-06-23 16:46:51+00:00,False,
53,14,mono/SkiaSharp,.github/workflows/update-release-notes.md,15,2026-06-26 21:41:56+00:00,False,
54,15,uxsoft/AppleWirelessKeyboard,.github/workflows/repo-assist.md,1,2026-04-22 19:02:05+00:00,False,
55,16,dotnet/maui,.github/workflows/agentic-labeler.md,1,2026-05-15 15:33:58+00:00,False,
56,16,dotnet/maui,.github/workflows/agentic-labeler.md,2,2026-05-15 16:26:46+00:00,False,
57,16,dotnet/maui,.github/workflows/agentic-labeler.md,3,2026-05-18 20:06:04+00:00,False,
58,16,dotnet/maui,.github/workflows/agentic-labeler.md,4,2026-05-20 14:34:36+00:00,False,
59,16,dotnet/maui,.github/workflows/agentic-labeler.md,5,2026-05-21 21:57:13+00:00,False,
60,16,dotnet/maui,.github/workflows/agentic-labeler.md,6,2026-06-17 20:38:43+00:00,False,
61,17,dotnet/maui,.github/workflows/ci-status-fix-net11.md,1,2026-06-23 14:21:08+00:00,False,
62,18,dotnet/maui,.github/workflows/ci-status-fix.md,1,2026-06-23 14:21:08+00:00,False,
63,19,dotnet/maui,.github/workflows/ci-status-main.md,1,2026-06-08 19:52:50+00:00,False,
64,19,dotnet/maui,.github/workflows/ci-status-main.md,2,2026-06-09 18:54:16+00:00,False,
65,19,dotnet/maui,.github/workflows/ci-status-main.md,3,2026-06-17 20:00:11+00:00,False,
66,19,dotnet/maui,.github/workflows/ci-status-main.md,4,2026-06-23 14:21:08+00:00,False,
67,19,dotnet/maui,.github/workflows/ci-status-main.md,5,2026-06-25 16:27:53+00:00,False,
68,20,dotnet/maui,.github/workflows/ci-status-net11.md,1,2026-06-08 19:52:50+00:00,False,
69,20,dotnet/maui,.github/workflows/ci-status-net11.md,2,2026-06-09 18:54:16+00:00,False,
70,20,dotnet/maui,.github/workflows/ci-status-net11.md,3,2026-06-17 20:00:11+00:00,False,
71,20,dotnet/maui,.github/workflows/ci-status-net11.md,4,2026-06-23 14:21:08+00:00,False,
72,20,dotnet/maui,.github/workflows/ci-status-net11.md,5,2026-06-25 16:27:53+00:00,False,
73,21,dotnet/maui,.github/workflows/copilot-evaluate-tests.md,1,2026-03-25 14:44:35+00:00,False,
74,21,dotnet/maui,.github/workflows/copilot-evaluate-tests.md,2,2026-03-25 21:05:33+00:00,False,
75,21,dotnet/maui,.github/workflows/copilot-evaluate-tests.md,3,2026-04-15 17:21:02+00:00,False,
76,21,dotnet/maui,.github/workflows/copilot-evaluate-tests.md,4,2026-04-30 13:44:37+00:00,False,
77,21,dotnet/maui,.github/workflows/copilot-evaluate-tests.md,5,2026-06-17 20:00:11+00:00,False,
78,21,dotnet/maui,.github/workflows/copilot-evaluate-tests.md,6,2026-06-17 20:38:43+00:00,False,
79,22,dotnet/maui,.github/workflows/copilot-review-tests.md,1,2026-06-08 21:58:57+00:00,False,
80,22,dotnet/maui,.github/workflows/copilot-review-tests.md,2,2026-06-09 18:54:46+00:00,False,
81,22,dotnet/maui,.github/workflows/copilot-review-tests.md,3,2026-06-10 21:40:36+00:00,False,
82,22,dotnet/maui,.github/workflows/copilot-review-tests.md,4,2026-06-17 20:38:43+00:00,False,
83,22,dotnet/maui,.github/workflows/copilot-review-tests.md,5,2026-06-18 14:45:10+00:00,False,
84,22,dotnet/maui,.github/workflows/copilot-review-tests.md,6,2026-06-19 19:46:15+00:00,False,
85,22,dotnet/maui,.github/workflows/copilot-review-tests.md,7,2026-06-25 16:27:53+00:00,False,
86,23,dotnet/maui,.github/workflows/daily-repo-status.md,1,2026-02-13 16:15:34+00:00,False,
87,23,dotnet/maui,.github/workflows/daily-repo-status.md,2,2026-02-18 13:07:52+00:00,False,
88,23,dotnet/maui,.github/workflows/daily-repo-status.md,3,2026-06-17 20:00:11+00:00,False,
89,24,dotnet/maui,.github/workflows/rerun-review-scanner.md,1,2026-06-08 21:10:53+00:00,False,
90,24,dotnet/maui,.github/workflows/rerun-review-scanner.md,2,2026-06-15 20:46:44+00:00,False,
91,24,dotnet/maui,.github/workflows/rerun-review-scanner.md,3,2026-06-17 20:00:11+00:00,False,
92,24,dotnet/maui,.github/workflows/rerun-review-scanner.md,4,2026-06-22 15:00:50+00:00,False,
93,24,dotnet/maui,.github/workflows/rerun-review-scanner.md,5,2026-06-25 15:39:22+00:00,False,
94,25,dotnet/machinelearning,.github/workflows/ci-scan-feedback.agent.md,1,2026-06-08 07:52:26+00:00,False,
95,25,dotnet/machinelearning,.github/workflows/ci-scan-feedback.agent.md,2,2026-06-09 09:31:33+00:00,False,
96,26,dotnet/machinelearning,.github/workflows/ci-scan.agent.md,1,2026-06-08 07:52:26+00:00,False,
97,27,dotnet/machinelearning,.github/workflows/issue-triage.agent.md,1,2026-03-20 19:22:44+00:00,False,
98,28,dotnet/machinelearning,.github/workflows/repo-health-check.md,1,2026-03-06 19:18:46+00:00,False,
99,28,dotnet/machinelearning,.github/workflows/repo-health-check.md,2,2026-03-10 11:24:47+00:00,False,
100,29,dotnet/machinelearning,.github/workflows/repo-health-groom.md,1,2026-03-06 19:18:46+00:00,False,
101,29,dotnet/machinelearning,.github/workflows/repo-health-groom.md,2,2026-03-10 11:24:47+00:00,False,
102,30,dotnet/machinelearning,.github/workflows/repo-health-investigate.md,1,2026-03-06 19:18:46+00:00,False,
103,30,dotnet/machinelearning,.github/workflows/repo-health-investigate.md,2,2026-03-10 11:24:47+00:00,False,
104,31,npgsql/efcore.pg,.github/workflows/sync-to-latest-ef.md,1,2026-02-16 09:27:59+00:00,False,
105,31,npgsql/efcore.pg,.github/workflows/sync-to-latest-ef.md,2,2026-03-05 09:50:15+00:00,False,
106,31,npgsql/efcore.pg,.github/workflows/sync-to-latest-ef.md,3,2026-03-26 10:16:08+00:00,False,
107,32,microsoft/vstest,.github/workflows/build-failure-analysis-command.md,1,2026-06-19 12:08:15+00:00,False,
108,33,microsoft/vstest,.github/workflows/build-failure-analysis.md,1,2026-06-19 12:08:15+00:00,False,
109,34,microsoft/vstest,.github/workflows/code-simplifier.md,1,2026-06-19 12:08:15+00:00,False,
110,35,microsoft/vstest,.github/workflows/daily-file-diet.md,1,2026-06-19 12:08:15+00:00,False,
111,36,microsoft/vstest,.github/workflows/daily-qa.md,1,2026-05-12 10:14:48+00:00,False,
112,36,microsoft/vstest,.github/workflows/daily-qa.md,2,2026-05-12 11:09:52+00:00,False,
113,36,microsoft/vstest,.github/workflows/daily-qa.md,3,2026-05-13 09:41:03+00:00,False,
114,36,microsoft/vstest,.github/workflows/daily-qa.md,4,2026-05-13 12:45:32+00:00,False,
115,36,microsoft/vstest,.github/workflows/daily-qa.md,5,2026-05-14 08:26:54+00:00,False,
116,36,microsoft/vstest,.github/workflows/daily-qa.md,6,2026-05-14 08:35:21+00:00,False,
117,36,microsoft/vstest,.github/workflows/daily-qa.md,7,2026-05-18 08:39:31+00:00,False,
118,37,microsoft/vstest,.github/workflows/efficiency-improver.md,1,2026-06-19 12:08:15+00:00,False,
119,38,microsoft/vstest,.github/workflows/http-link-checker.md,1,2026-06-10 13:26:11+00:00,False,
120,38,microsoft/vstest,.github/workflows/http-link-checker.md,2,2026-06-12 11:31:28+00:00,False,
121,39,microsoft/vstest,.github/workflows/issue-repro-triage.md,1,2026-05-12 10:14:48+00:00,False,
122,39,microsoft/vstest,.github/workflows/issue-repro-triage.md,2,2026-05-12 15:02:20+00:00,False,
123,39,microsoft/vstest,.github/workflows/issue-repro-triage.md,3,2026-05-13 09:41:03+00:00,False,
124,39,microsoft/vstest,.github/workflows/issue-repro-triage.md,4,2026-05-13 12:45:32+00:00,False,
125,39,microsoft/vstest,.github/workflows/issue-repro-triage.md,5,2026-05-13 14:42:46+00:00,False,
126,39,microsoft/vstest,.github/workflows/issue-repro-triage.md,6,2026-05-14 08:26:54+00:00,False,
127,39,microsoft/vstest,.github/workflows/issue-repro-triage.md,7,2026-05-14 11:12:11+00:00,False,
128,39,microsoft/vstest,.github/workflows/issue-repro-triage.md,8,2026-05-15 07:28:18+00:00,False,
129,39,microsoft/vstest,.github/workflows/issue-repro-triage.md,9,2026-05-18 08:35:30+00:00,False,
130,39,microsoft/vstest,.github/workflows/issue-repro-triage.md,10,2026-05-18 08:39:31+00:00,False,
131,39,microsoft/vstest,.github/workflows/issue-repro-triage.md,11,2026-05-18 09:19:29+00:00,False,
132,40,microsoft/vstest,.github/workflows/malicious-code-scan.md,1,2026-06-19 12:08:15+00:00,False,
133,41,microsoft/vstest,.github/workflows/markdown-linter.md,1,2026-06-19 12:08:15+00:00,False,
134,42,microsoft/vstest,.github/workflows/md-link-checker.md,1,2026-06-10 13:26:11+00:00,False,
135,42,microsoft/vstest,.github/workflows/md-link-checker.md,2,2026-06-10 18:34:35+00:00,False,
136,42,microsoft/vstest,.github/workflows/md-link-checker.md,3,2026-06-19 13:54:17+00:00,False,
137,43,microsoft/vstest,.github/workflows/msbuild-quality-review.md,1,2026-06-19 12:08:15+00:00,False,
138,44,microsoft/vstest,.github/workflows/pr-expert-reviewer.md,1,2026-05-12 10:14:48+00:00,False,
139,44,microsoft/vstest,.github/workflows/pr-expert-reviewer.md,2,2026-05-12 11:09:52+00:00,False,
140,44,microsoft/vstest,.github/workflows/pr-expert-reviewer.md,3,2026-05-14 08:26:54+00:00,False,
141,44,microsoft/vstest,.github/workflows/pr-expert-reviewer.md,4,2026-05-14 10:54:06+00:00,False,
142,44,microsoft/vstest,.github/workflows/pr-expert-reviewer.md,5,2026-05-18 08:39:31+00:00,False,
143,44,microsoft/vstest,.github/workflows/pr-expert-reviewer.md,6,2026-05-25 15:15:19+00:00,False,
144,45,microsoft/vstest,.github/workflows/pr-iteration.md,1,2026-05-12 15:02:20+00:00,False,
145,45,microsoft/vstest,.github/workflows/pr-iteration.md,2,2026-05-13 07:55:56+00:00,False,
146,45,microsoft/vstest,.github/workflows/pr-iteration.md,3,2026-05-13 09:41:03+00:00,False,
147,45,microsoft/vstest,.github/workflows/pr-iteration.md,4,2026-05-13 10:44:19+00:00,False,
148,45,microsoft/vstest,.github/workflows/pr-iteration.md,5,2026-05-14 08:26:54+00:00,False,
149,45,microsoft/vstest,.github/workflows/pr-iteration.md,6,2026-05-14 08:35:21+00:00,False,
150,45,microsoft/vstest,.github/workflows/pr-iteration.md,7,2026-05-14 11:25:49+00:00,False,
151,45,microsoft/vstest,.github/workflows/pr-iteration.md,8,2026-05-14 11:32:44+00:00,False,
152,45,microsoft/vstest,.github/workflows/pr-iteration.md,9,2026-05-18 08:39:31+00:00,False,
153,46,microsoft/vstest,.github/workflows/repository-quality-improver.md,1,2026-06-19 12:08:15+00:00,False,
154,47,dotnet/SqlClient,.github/workflows/issue-triage.md,1,2026-05-12 21:12:23+00:00,False,
155,47,dotnet/SqlClient,.github/workflows/issue-triage.md,2,2026-05-13 07:21:37+00:00,False,
156,47,dotnet/SqlClient,.github/workflows/issue-triage.md,3,2026-05-19 07:46:56+00:00,False,
157,47,dotnet/SqlClient,.github/workflows/issue-triage.md,4,2026-06-11 07:53:35+00:00,False,
158,47,dotnet/SqlClient,.github/workflows/issue-triage.md,5,2026-06-15 17:21:09+00:00,False,
159,48,Shazwazza/Articulate,.github/workflows/efficiency-improver.md,1,2026-05-25 19:05:39+00:00,False,
160,48,Shazwazza/Articulate,.github/workflows/efficiency-improver.md,2,2026-06-01 15:38:06+00:00,False,
161,49,dotnet/msbuild,.github/workflows/close-stale-prs.agent.md,1,2026-03-17 11:02:00+00:00,False,
162,49,dotnet/msbuild,.github/workflows/close-stale-prs.agent.md,2,2026-03-17 12:51:25+00:00,False,
163,49,dotnet/msbuild,.github/workflows/close-stale-prs.agent.md,3,2026-04-07 10:33:45+00:00,False,
164,49,dotnet/msbuild,.github/workflows/close-stale-prs.agent.md,4,2026-06-02 13:27:13+00:00,False,
165,49,dotnet/msbuild,.github/workflows/close-stale-prs.agent.md,5,2026-06-10 09:02:03+00:00,False,
166,49,dotnet/msbuild,.github/workflows/close-stale-prs.agent.md,6,2026-06-25 10:58:39+00:00,False,
167,50,dotnet/msbuild,.github/workflows/flaky-test-detector.agent.md,1,2026-06-02 10:25:29+00:00,False,
168,50,dotnet/msbuild,.github/workflows/flaky-test-detector.agent.md,2,2026-06-02 13:27:13+00:00,False,
169,50,dotnet/msbuild,.github/workflows/flaky-test-detector.agent.md,3,2026-06-03 09:51:05+00:00,False,
170,50,dotnet/msbuild,.github/workflows/flaky-test-detector.agent.md,4,2026-06-03 11:53:24+00:00,False,
171,50,dotnet/msbuild,.github/workflows/flaky-test-detector.agent.md,5,2026-06-05 12:02:21+00:00,False,
172,50,dotnet/msbuild,.github/workflows/flaky-test-detector.agent.md,6,2026-06-05 13:26:06+00:00,False,
173,50,dotnet/msbuild,.github/workflows/flaky-test-detector.agent.md,7,2026-06-05 15:53:42+00:00,False,
174,50,dotnet/msbuild,.github/workflows/flaky-test-detector.agent.md,8,2026-06-09 17:48:58+00:00,False,
175,50,dotnet/msbuild,.github/workflows/flaky-test-detector.agent.md,9,2026-06-10 09:02:03+00:00,False,
176,50,dotnet/msbuild,.github/workflows/flaky-test-detector.agent.md,10,2026-06-25 10:58:39+00:00,False,
177,51,dotnet/msbuild,.github/workflows/flaky-test-fixer.agent.md,1,2026-06-05 12:02:21+00:00,False,
178,51,dotnet/msbuild,.github/workflows/flaky-test-fixer.agent.md,2,2026-06-05 13:26:06+00:00,False,
179,51,dotnet/msbuild,.github/workflows/flaky-test-fixer.agent.md,3,2026-06-05 15:53:42+00:00,False,
180,51,dotnet/msbuild,.github/workflows/flaky-test-fixer.agent.md,4,2026-06-10 09:02:03+00:00,False,
181,51,dotnet/msbuild,.github/workflows/flaky-test-fixer.agent.md,5,2026-06-25 10:58:39+00:00,False,
182,52,dotnet/msbuild,.github/workflows/review-on-open.agent.md,1,2026-04-08 10:47:10+00:00,False,
183,52,dotnet/msbuild,.github/workflows/review-on-open.agent.md,2,2026-04-08 12:10:12+00:00,False,
184,52,dotnet/msbuild,.github/workflows/review-on-open.agent.md,3,2026-04-09 05:28:36+00:00,False,
185,52,dotnet/msbuild,.github/workflows/review-on-open.agent.md,4,2026-04-09 05:58:07+00:00,False,
186,52,dotnet/msbuild,.github/workflows/review-on-open.agent.md,5,2026-04-09 07:35:02+00:00,False,
187,52,dotnet/msbuild,.github/workflows/review-on-open.agent.md,6,2026-06-02 13:15:42+00:00,False,
188,52,dotnet/msbuild,.github/workflows/review-on-open.agent.md,7,2026-06-02 13:21:30+00:00,False,
189,52,dotnet/msbuild,.github/workflows/review-on-open.agent.md,8,2026-06-02 13:27:13+00:00,False,
190,52,dotnet/msbuild,.github/workflows/review-on-open.agent.md,9,2026-06-02 13:28:34+00:00,False,
191,52,dotnet/msbuild,.github/workflows/review-on-open.agent.md,10,2026-06-10 09:02:03+00:00,False,
192,52,dotnet/msbuild,.github/workflows/review-on-open.agent.md,11,2026-06-10 11:44:44+00:00,False,
193,52,dotnet/msbuild,.github/workflows/review-on-open.agent.md,12,2026-06-25 10:58:39+00:00,False,
194,53,dotnet/msbuild,.github/workflows/review.agent.md,1,2026-04-08 10:47:10+00:00,False,
195,53,dotnet/msbuild,.github/workflows/review.agent.md,2,2026-04-08 12:10:12+00:00,False,
196,53,dotnet/msbuild,.github/workflows/review.agent.md,3,2026-04-09 05:28:36+00:00,False,
197,53,dotnet/msbuild,.github/workflows/review.agent.md,4,2026-06-02 13:27:13+00:00,False,
198,53,dotnet/msbuild,.github/workflows/review.agent.md,5,2026-06-10 09:02:03+00:00,False,
199,53,dotnet/msbuild,.github/workflows/review.agent.md,6,2026-06-25 10:58:39+00:00,False,
200,54,Azure/azure-sdk-for-net,.github/workflows/issue-triage.md,1,2026-03-10 16:56:29+00:00,False,
201,54,Azure/azure-sdk-for-net,.github/workflows/issue-triage.md,2,2026-03-13 20:40:02+00:00,False,
202,54,Azure/azure-sdk-for-net,.github/workflows/issue-triage.md,3,2026-03-16 19:08:49+00:00,False,
203,54,Azure/azure-sdk-for-net,.github/workflows/issue-triage.md,4,2026-03-17 23:12:41+00:00,False,
204,54,Azure/azure-sdk-for-net,.github/workflows/issue-triage.md,5,2026-03-21 01:06:52+00:00,False,
205,54,Azure/azure-sdk-for-net,.github/workflows/issue-triage.md,6,2026-03-23 21:54:00+00:00,False,
206,54,Azure/azure-sdk-for-net,.github/workflows/issue-triage.md,7,2026-03-24 23:59:11+00:00,False,
207,54,Azure/azure-sdk-for-net,.github/workflows/issue-triage.md,8,2026-03-25 18:45:31+00:00,False,
208,54,Azure/azure-sdk-for-net,.github/workflows/issue-triage.md,9,2026-04-02 16:45:32+00:00,False,
209,54,Azure/azure-sdk-for-net,.github/workflows/issue-triage.md,10,2026-04-03 23:29:47+00:00,False,
210,54,Azure/azure-sdk-for-net,.github/workflows/issue-triage.md,11,2026-04-04 19:49:07+00:00,False,
211,54,Azure/azure-sdk-for-net,.github/workflows/issue-triage.md,12,2026-04-06 20:00:43+00:00,False,
212,54,Azure/azure-sdk-for-net,.github/workflows/issue-triage.md,13,2026-04-06 23:46:24+00:00,False,
213,54,Azure/azure-sdk-for-net,.github/workflows/issue-triage.md,14,2026-04-08 16:34:34+00:00,False,
214,54,Azure/azure-sdk-for-net,.github/workflows/issue-triage.md,15,2026-04-13 17:30:14+00:00,False,
215,54,Azure/azure-sdk-for-net,.github/workflows/issue-triage.md,16,2026-04-18 00:28:59+00:00,False,
216,54,Azure/azure-sdk-for-net,.github/workflows/issue-triage.md,17,2026-04-21 23:42:38+00:00,False,
217,54,Azure/azure-sdk-for-net,.github/workflows/issue-triage.md,18,2026-04-23 18:50:22+00:00,False,
218,54,Azure/azure-sdk-for-net,.github/workflows/issue-triage.md,19,2026-06-25 22:02:51+00:00,False,
219,54,Azure/azure-sdk-for-net,.github/workflows/issue-triage.md,20,2026-06-26 21:59:51+00:00,False,
220,55,Azure/azure-sdk-for-net,.github/workflows/mgmt-review.md,1,2026-05-27 03:38:03+00:00,False,
221,55,Azure/azure-sdk-for-net,.github/workflows/mgmt-review.md,2,2026-05-29 04:04:36+00:00,False,
222,55,Azure/azure-sdk-for-net,.github/workflows/mgmt-review.md,3,2026-06-02 07:00:42+00:00,False,
223,55,Azure/azure-sdk-for-net,.github/workflows/mgmt-review.md,4,2026-06-04 03:01:36+00:00,False,
224,55,Azure/azure-sdk-for-net,.github/workflows/mgmt-review.md,5,2026-06-11 06:09:32+00:00,False,
225,55,Azure/azure-sdk-for-net,.github/workflows/mgmt-review.md,6,2026-06-11 07:14:07+00:00,False,
226,55,Azure/azure-sdk-for-net,.github/workflows/mgmt-review.md,7,2026-06-25 22:24:15+00:00,False,
227,55,Azure/azure-sdk-for-net,.github/workflows/mgmt-review.md,8,2026-06-26 21:59:51+00:00,False,
228,56,OpenMS/OpenMS,.github/workflows/changelog-sync.md,1,2026-03-16 14:33:14+00:00,False,
229,57,OpenMS/OpenMS,.github/workflows/doc-sync.md,1,2026-03-04 10:15:43+00:00,False,
230,57,OpenMS/OpenMS,.github/workflows/doc-sync.md,2,2026-03-06 07:56:50+00:00,False,
231,57,OpenMS/OpenMS,.github/workflows/doc-sync.md,3,2026-03-06 12:31:18+00:00,False,
232,57,OpenMS/OpenMS,.github/workflows/doc-sync.md,4,2026-03-09 12:06:12+00:00,False,
233,58,ReactiveX/RxPY,.github/workflows/repo-assist.md,1,2026-04-17 15:48:15+00:00,False,
234,58,ReactiveX/RxPY,.github/workflows/repo-assist.md,2,2026-05-09 09:16:47+00:00,False,
235,59,pulumi/pulumi-vsphere,.github/workflows/gh-aw-pr-rereview.md,1,2026-05-12 07:24:45+00:00,False,
236,60,pulumi/pulumi-vsphere,.github/workflows/gh-aw-pr-review.md,1,2026-05-12 07:24:45+00:00,False,
237,61,pulumi/pulumi-openstack,.github/workflows/gh-aw-pr-rereview.md,1,2026-05-12 07:03:29+00:00,False,
238,62,pulumi/pulumi-openstack,.github/workflows/gh-aw-pr-review.md,1,2026-05-12 07:03:29+00:00,False,
239,63,pulumi/pulumi-eks,.github/workflows/gh-aw-pr-rereview.md,1,2026-05-13 07:51:09+00:00,False,
240,64,pulumi/pulumi-eks,.github/workflows/gh-aw-pr-review.md,1,2026-05-13 07:51:09+00:00,False,
241,65,Azure/azure-sdk-for-python,.github/workflows/doc-consistency-check.md,1,2026-04-27 23:39:28+00:00,False,
242,66,taosdata/TDengine,.github/workflows/issue-triage.md,1,2026-02-24 10:10:48+00:00,False,
243,66,taosdata/TDengine,.github/workflows/issue-triage.md,2,2026-02-24 10:14:27+00:00,True,
244,67,taosdata/TDengine,.github/workflows/weekly-report.md,1,2026-03-08 06:59:17+00:00,False,
245,68,openvinotoolkit/openvino,.github/workflows/ci-doctor-mq.md,1,2026-05-19 13:49:39+00:00,False,
246,68,openvinotoolkit/openvino,.github/workflows/ci-doctor-mq.md,2,2026-06-05 12:00:44+00:00,False,
247,68,openvinotoolkit/openvino,.github/workflows/ci-doctor-mq.md,3,2026-06-09 14:17:12+00:00,False,
248,68,openvinotoolkit/openvino,.github/workflows/ci-doctor-mq.md,4,2026-06-10 12:48:55+00:00,False,
249,68,openvinotoolkit/openvino,.github/workflows/ci-doctor-mq.md,5,2026-06-12 06:38:02+00:00,False,
250,68,openvinotoolkit/openvino,.github/workflows/ci-doctor-mq.md,6,2026-06-17 10:39:19+00:00,False,
251,68,openvinotoolkit/openvino,.github/workflows/ci-doctor-mq.md,7,2026-06-19 10:43:34+00:00,False,
252,68,openvinotoolkit/openvino,.github/workflows/ci-doctor-mq.md,8,2026-06-22 10:15:39+00:00,False,
253,68,openvinotoolkit/openvino,.github/workflows/ci-doctor-mq.md,9,2026-06-24 09:30:54+00:00,False,
254,68,openvinotoolkit/openvino,.github/workflows/ci-doctor-mq.md,10,2026-06-25 14:46:46+00:00,False,
255,69,openvinotoolkit/openvino,.github/workflows/ci-doctor.md,1,2026-04-20 10:39:52+00:00,False,
256,69,openvinotoolkit/openvino,.github/workflows/ci-doctor.md,2,2026-04-27 13:20:07+00:00,False,
257,69,openvinotoolkit/openvino,.github/workflows/ci-doctor.md,3,2026-04-29 07:14:43+00:00,False,
258,69,openvinotoolkit/openvino,.github/workflows/ci-doctor.md,4,2026-06-12 06:38:02+00:00,False,
259,69,openvinotoolkit/openvino,.github/workflows/ci-doctor.md,5,2026-06-22 10:15:39+00:00,False,
260,70,internetarchive/openlibrary,.github/workflows/issue_refinement.md,1,2026-02-28 03:03:53+00:00,False,
261,70,internetarchive/openlibrary,.github/workflows/issue_refinement.md,2,2026-03-04 20:45:37+00:00,False,
262,70,internetarchive/openlibrary,.github/workflows/issue_refinement.md,3,2026-03-06 17:19:43+00:00,False,
263,70,internetarchive/openlibrary,.github/workflows/issue_refinement.md,4,2026-03-06 17:22:50+00:00,False,
264,70,internetarchive/openlibrary,.github/workflows/issue_refinement.md,5,2026-03-07 00:30:51+00:00,False,
265,71,dotnet/runtime,.github/workflows/breaking-change-doc.md,1,2026-04-04 00:41:47+00:00,False,
266,71,dotnet/runtime,.github/workflows/breaking-change-doc.md,2,2026-05-08 19:26:42+00:00,False,
267,72,dotnet/runtime,.github/workflows/ci-failure-fix.md,1,2026-06-09 09:37:11+00:00,False,
268,72,dotnet/runtime,.github/workflows/ci-failure-fix.md,2,2026-06-16 13:08:31+00:00,False,
269,73,dotnet/runtime,.github/workflows/ci-failure-scan-feedback.md,1,2026-05-28 10:59:24+00:00,False,
270,73,dotnet/runtime,.github/workflows/ci-failure-scan-feedback.md,2,2026-05-29 15:44:26+00:00,False,
271,73,dotnet/runtime,.github/workflows/ci-failure-scan-feedback.md,3,2026-06-01 12:20:54+00:00,False,
272,73,dotnet/runtime,.github/workflows/ci-failure-scan-feedback.md,4,2026-06-08 11:16:03+00:00,False,
273,73,dotnet/runtime,.github/workflows/ci-failure-scan-feedback.md,5,2026-06-09 09:37:11+00:00,False,
274,73,dotnet/runtime,.github/workflows/ci-failure-scan-feedback.md,6,2026-06-09 09:51:24+00:00,False,
275,73,dotnet/runtime,.github/workflows/ci-failure-scan-feedback.md,7,2026-06-11 07:37:48+00:00,False,
276,74,dotnet/runtime,.github/workflows/ci-failure-scan.md,1,2026-05-06 16:36:33+00:00,False,
277,74,dotnet/runtime,.github/workflows/ci-failure-scan.md,2,2026-05-08 10:25:29+00:00,False,
278,74,dotnet/runtime,.github/workflows/ci-failure-scan.md,3,2026-05-08 19:26:42+00:00,False,
279,74,dotnet/runtime,.github/workflows/ci-failure-scan.md,4,2026-05-08 20:10:09+00:00,False,
280,74,dotnet/runtime,.github/workflows/ci-failure-scan.md,5,2026-05-14 09:20:07+00:00,False,
281,74,dotnet/runtime,.github/workflows/ci-failure-scan.md,6,2026-05-18 13:06:36+00:00,False,
282,74,dotnet/runtime,.github/workflows/ci-failure-scan.md,7,2026-05-28 10:59:24+00:00,False,
283,74,dotnet/runtime,.github/workflows/ci-failure-scan.md,8,2026-05-28 15:37:42+00:00,False,
284,74,dotnet/runtime,.github/workflows/ci-failure-scan.md,9,2026-06-01 09:38:59+00:00,False,
285,74,dotnet/runtime,.github/workflows/ci-failure-scan.md,10,2026-06-01 10:24:39+00:00,False,
286,74,dotnet/runtime,.github/workflows/ci-failure-scan.md,11,2026-06-01 12:27:45+00:00,False,
287,74,dotnet/runtime,.github/workflows/ci-failure-scan.md,12,2026-06-01 14:31:02+00:00,False,
288,74,dotnet/runtime,.github/workflows/ci-failure-scan.md,13,2026-06-01 19:53:04+00:00,False,
289,74,dotnet/runtime,.github/workflows/ci-failure-scan.md,14,2026-06-02 08:10:43+00:00,False,
290,74,dotnet/runtime,.github/workflows/ci-failure-scan.md,15,2026-06-09 09:26:39+00:00,False,
291,74,dotnet/runtime,.github/workflows/ci-failure-scan.md,16,2026-06-09 09:37:11+00:00,False,
292,74,dotnet/runtime,.github/workflows/ci-failure-scan.md,17,2026-06-11 07:37:48+00:00,False,
293,74,dotnet/runtime,.github/workflows/ci-failure-scan.md,18,2026-06-18 12:45:45+00:00,False,
294,75,dotnet/runtime,.github/workflows/code-review.md,1,2026-03-25 01:40:14+00:00,False,
295,75,dotnet/runtime,.github/workflows/code-review.md,2,2026-05-08 19:26:42+00:00,False,
296,75,dotnet/runtime,.github/workflows/code-review.md,3,2026-06-15 11:36:55+00:00,False,
297,76,dotnet/runtime,.github/workflows/copilot-echo.md,1,2026-03-25 00:53:09+00:00,False,
298,76,dotnet/runtime,.github/workflows/copilot-echo.md,2,2026-05-08 19:26:42+00:00,False,
299,77,dgreif/ring,.github/workflows/issue-triage.md,1,2026-06-06 11:44:57+00:00,False,
300,77,dgreif/ring,.github/workflows/issue-triage.md,2,2026-06-25 12:46:56+00:00,False,
301,78,pulumi/pulumi-random,.github/workflows/gh-aw-pr-rereview.md,1,2026-05-12 07:11:26+00:00,False,
302,79,pulumi/pulumi-random,.github/workflows/gh-aw-pr-review.md,1,2026-05-12 07:11:26+00:00,False,
303,80,microsoft/pxt-arcade,.github/workflows/documentation.md,1,2025-12-10 19:16:53+00:00,False,
304,80,microsoft/pxt-arcade,.github/workflows/documentation.md,2,2025-12-10 23:23:12+00:00,False,
305,80,microsoft/pxt-arcade,.github/workflows/documentation.md,3,2026-02-12 23:22:51+00:00,False,
306,81,microsoft/pxt-arcade,.github/workflows/triage.md,1,2025-12-03 17:56:51+00:00,False,
307,81,microsoft/pxt-arcade,.github/workflows/triage.md,2,2025-12-03 19:11:04+00:00,False,
308,81,microsoft/pxt-arcade,.github/workflows/triage.md,3,2025-12-03 19:48:11+00:00,False,
309,81,microsoft/pxt-arcade,.github/workflows/triage.md,4,2025-12-03 23:23:39+00:00,False,
310,81,microsoft/pxt-arcade,.github/workflows/triage.md,5,2025-12-04 18:52:55+00:00,False,
311,81,microsoft/pxt-arcade,.github/workflows/triage.md,6,2025-12-04 21:51:28+00:00,False,
312,81,microsoft/pxt-arcade,.github/workflows/triage.md,7,2025-12-04 22:25:17+00:00,False,
313,81,microsoft/pxt-arcade,.github/workflows/triage.md,8,2025-12-04 22:51:18+00:00,False,
314,81,microsoft/pxt-arcade,.github/workflows/triage.md,9,2025-12-08 17:22:19+00:00,False,
315,81,microsoft/pxt-arcade,.github/workflows/triage.md,10,2025-12-09 19:22:04+00:00,False,
316,81,microsoft/pxt-arcade,.github/workflows/triage.md,11,2026-01-06 19:33:04+00:00,False,
317,81,microsoft/pxt-arcade,.github/workflows/triage.md,12,2026-02-12 23:22:51+00:00,False,
318,82,Alfresco/alfresco-ng2-components,.github/workflows/supply-chain-review.md,1,2026-05-29 13:55:51+00:00,False,
319,82,Alfresco/alfresco-ng2-components,.github/workflows/supply-chain-review.md,2,2026-06-04 08:25:49+00:00,False,
320,82,Alfresco/alfresco-ng2-components,.github/workflows/supply-chain-review.md,3,2026-06-11 10:26:12+00:00,False,
321,83,storybookjs/storybook,.github/workflows/code-simplifier.md,1,2026-03-07 19:25:50+00:00,False,
322,83,storybookjs/storybook,.github/workflows/code-simplifier.md,2,2026-03-07 19:34:44+00:00,False,
323,84,storybookjs/storybook,.github/workflows/duplicate-code-detector.md,1,2026-03-07 19:57:09+00:00,False,
324,84,storybookjs/storybook,.github/workflows/duplicate-code-detector.md,2,2026-03-07 20:23:28+00:00,False,
325,85,microsoft/pxt,.github/workflows/documentation.md,1,2025-12-10 19:41:01+00:00,False,
326,85,microsoft/pxt,.github/workflows/documentation.md,2,2025-12-10 20:15:46+00:00,False,
327,85,microsoft/pxt,.github/workflows/documentation.md,3,2025-12-10 22:43:49+00:00,False,
328,86,PowerShell/vscode-powershell,.github/workflows/issue-comment-handler.md,1,2026-06-18 17:23:52+00:00,False,
329,87,PowerShell/vscode-powershell,.github/workflows/issue-triage.md,1,2026-02-23 22:08:47+00:00,False,
330,87,PowerShell/vscode-powershell,.github/workflows/issue-triage.md,2,2026-06-18 17:23:52+00:00,False,
331,88,PowerShell/vscode-powershell,.github/workflows/stale-closer.md,1,2026-06-18 17:23:52+00:00,False,
332,89,Azure/azure-sdk-for-js,.github/workflows/agent-observability.md,1,2026-06-15 18:51:55+00:00,False,
333,89,Azure/azure-sdk-for-js,.github/workflows/agent-observability.md,2,2026-06-24 22:56:27+00:00,False,
334,89,Azure/azure-sdk-for-js,.github/workflows/agent-observability.md,3,2026-06-24 23:27:22+00:00,False,1.0
335,89,Azure/azure-sdk-for-js,.github/workflows/agent-observability.md,4,2026-06-25 20:11:44+00:00,False,2.0
336,90,Azure/azure-sdk-for-js,.github/workflows/archie.md,1,2026-03-24 21:46:48+00:00,False,
337,90,Azure/azure-sdk-for-js,.github/workflows/archie.md,2,2026-03-25 17:51:05+00:00,False,
338,90,Azure/azure-sdk-for-js,.github/workflows/archie.md,3,2026-03-25 21:44:00+00:00,False,
339,90,Azure/azure-sdk-for-js,.github/workflows/archie.md,4,2026-03-26 03:15:21+00:00,False,
340,90,Azure/azure-sdk-for-js,.github/workflows/archie.md,5,2026-03-27 17:03:04+00:00,False,
341,90,Azure/azure-sdk-for-js,.github/workflows/archie.md,6,2026-04-01 20:42:22+00:00,False,
342,90,Azure/azure-sdk-for-js,.github/workflows/archie.md,7,2026-04-08 17:09:15+00:00,False,
343,90,Azure/azure-sdk-for-js,.github/workflows/archie.md,8,2026-04-10 18:30:16+00:00,False,
344,90,Azure/azure-sdk-for-js,.github/workflows/archie.md,9,2026-04-13 16:14:29+00:00,False,
345,90,Azure/azure-sdk-for-js,.github/workflows/archie.md,10,2026-05-06 17:52:09+00:00,False,
346,90,Azure/azure-sdk-for-js,.github/workflows/archie.md,11,2026-05-18 20:19:39+00:00,False,
347,90,Azure/azure-sdk-for-js,.github/workflows/archie.md,12,2026-06-12 20:56:59+00:00,False,
348,90,Azure/azure-sdk-for-js,.github/workflows/archie.md,13,2026-06-12 22:50:20+00:00,False,11.0
349,90,Azure/azure-sdk-for-js,.github/workflows/archie.md,14,2026-06-24 22:56:27+00:00,False,12.0
350,90,Azure/azure-sdk-for-js,.github/workflows/archie.md,15,2026-06-24 23:27:22+00:00,False,11.0
351,90,Azure/azure-sdk-for-js,.github/workflows/archie.md,16,2026-06-25 20:11:44+00:00,False,
352,91,Azure/azure-sdk-for-js,.github/workflows/dash.md,1,2026-03-24 18:51:23+00:00,False,
353,91,Azure/azure-sdk-for-js,.github/workflows/dash.md,2,2026-03-25 17:51:05+00:00,False,
354,91,Azure/azure-sdk-for-js,.github/workflows/dash.md,3,2026-03-25 21:44:00+00:00,False,
355,91,Azure/azure-sdk-for-js,.github/workflows/dash.md,4,2026-03-27 17:03:04+00:00,False,
356,91,Azure/azure-sdk-for-js,.github/workflows/dash.md,5,2026-03-30 18:27:39+00:00,False,
357,91,Azure/azure-sdk-for-js,.github/workflows/dash.md,6,2026-04-08 17:09:15+00:00,False,
358,91,Azure/azure-sdk-for-js,.github/workflows/dash.md,7,2026-04-10 18:30:16+00:00,False,
359,91,Azure/azure-sdk-for-js,.github/workflows/dash.md,8,2026-04-13 16:14:29+00:00,False,
360,91,Azure/azure-sdk-for-js,.github/workflows/dash.md,9,2026-05-06 17:52:09+00:00,False,
361,91,Azure/azure-sdk-for-js,.github/workflows/dash.md,10,2026-05-18 20:19:39+00:00,False,
362,91,Azure/azure-sdk-for-js,.github/workflows/dash.md,11,2026-06-12 20:56:59+00:00,False,
363,91,Azure/azure-sdk-for-js,.github/workflows/dash.md,12,2026-06-12 22:50:20+00:00,False,10.0
364,91,Azure/azure-sdk-for-js,.github/workflows/dash.md,13,2026-06-24 22:56:27+00:00,False,11.0
365,91,Azure/azure-sdk-for-js,.github/workflows/dash.md,14,2026-06-24 23:27:22+00:00,False,10.0
366,91,Azure/azure-sdk-for-js,.github/workflows/dash.md,15,2026-06-25 20:11:44+00:00,False,
367,92,Azure/azure-sdk-for-js,.github/workflows/dexter.md,1,2026-03-24 19:42:57+00:00,False,
368,92,Azure/azure-sdk-for-js,.github/workflows/dexter.md,2,2026-03-25 17:51:05+00:00,False,
369,92,Azure/azure-sdk-for-js,.github/workflows/dexter.md,3,2026-03-25 21:44:00+00:00,False,
370,92,Azure/azure-sdk-for-js,.github/workflows/dexter.md,4,2026-03-27 17:03:04+00:00,False,
371,92,Azure/azure-sdk-for-js,.github/workflows/dexter.md,5,2026-04-01 20:42:22+00:00,False,
372,92,Azure/azure-sdk-for-js,.github/workflows/dexter.md,6,2026-04-08 17:09:15+00:00,False,
373,92,Azure/azure-sdk-for-js,.github/workflows/dexter.md,7,2026-04-10 18:30:16+00:00,False,
374,92,Azure/azure-sdk-for-js,.github/workflows/dexter.md,8,2026-04-13 16:14:29+00:00,False,
375,92,Azure/azure-sdk-for-js,.github/workflows/dexter.md,9,2026-04-28 19:41:55+00:00,False,
376,92,Azure/azure-sdk-for-js,.github/workflows/dexter.md,10,2026-05-06 17:52:09+00:00,False,
377,92,Azure/azure-sdk-for-js,.github/workflows/dexter.md,11,2026-05-18 20:19:39+00:00,False,
378,92,Azure/azure-sdk-for-js,.github/workflows/dexter.md,12,2026-06-12 20:56:59+00:00,False,
379,92,Azure/azure-sdk-for-js,.github/workflows/dexter.md,13,2026-06-12 22:50:20+00:00,False,11.0
380,92,Azure/azure-sdk-for-js,.github/workflows/dexter.md,14,2026-06-24 22:56:27+00:00,False,12.0
381,92,Azure/azure-sdk-for-js,.github/workflows/dexter.md,15,2026-06-24 23:27:22+00:00,False,11.0
382,92,Azure/azure-sdk-for-js,.github/workflows/dexter.md,16,2026-06-25 20:11:44+00:00,False,
383,93,Azure/azure-sdk-for-js,.github/workflows/docs-consistency-check.md,1,2026-02-25 21:55:38+00:00,False,
384,93,Azure/azure-sdk-for-js,.github/workflows/docs-consistency-check.md,2,2026-04-28 19:41:55+00:00,False,
385,93,Azure/azure-sdk-for-js,.github/workflows/docs-consistency-check.md,3,2026-06-12 20:56:59+00:00,False,
386,93,Azure/azure-sdk-for-js,.github/workflows/docs-consistency-check.md,4,2026-06-12 22:50:20+00:00,False,2.0
387,93,Azure/azure-sdk-for-js,.github/workflows/docs-consistency-check.md,5,2026-06-24 22:56:27+00:00,False,3.0
388,93,Azure/azure-sdk-for-js,.github/workflows/docs-consistency-check.md,6,2026-06-24 23:27:22+00:00,False,2.0
389,93,Azure/azure-sdk-for-js,.github/workflows/docs-consistency-check.md,7,2026-06-25 20:11:44+00:00,False,3.0
390,94,Azure/azure-sdk-for-js,.github/workflows/fix-test-failures.md,1,2026-03-04 20:28:46+00:00,False,
391,94,Azure/azure-sdk-for-js,.github/workflows/fix-test-failures.md,2,2026-03-05 22:11:36+00:00,False,
392,94,Azure/azure-sdk-for-js,.github/workflows/fix-test-failures.md,3,2026-03-27 18:14:23+00:00,False,
393,94,Azure/azure-sdk-for-js,.github/workflows/fix-test-failures.md,4,2026-04-28 19:41:55+00:00,False,
394,94,Azure/azure-sdk-for-js,.github/workflows/fix-test-failures.md,5,2026-06-12 19:49:36+00:00,False,
395,94,Azure/azure-sdk-for-js,.github/workflows/fix-test-failures.md,6,2026-06-12 20:56:59+00:00,False,
396,94,Azure/azure-sdk-for-js,.github/workflows/fix-test-failures.md,7,2026-06-12 22:50:20+00:00,False,5.0
397,94,Azure/azure-sdk-for-js,.github/workflows/fix-test-failures.md,8,2026-06-17 20:29:03+00:00,False,
398,94,Azure/azure-sdk-for-js,.github/workflows/fix-test-failures.md,9,2026-06-24 22:56:27+00:00,False,
399,94,Azure/azure-sdk-for-js,.github/workflows/fix-test-failures.md,10,2026-06-24 23:27:22+00:00,False,8.0
400,94,Azure/azure-sdk-for-js,.github/workflows/fix-test-failures.md,11,2026-06-25 20:11:44+00:00,False,9.0
401,95,Azure/azure-sdk-for-js,.github/workflows/issue-triage.md,1,2026-04-16 16:52:30+00:00,False,
402,95,Azure/azure-sdk-for-js,.github/workflows/issue-triage.md,2,2026-04-28 19:41:55+00:00,False,
403,95,Azure/azure-sdk-for-js,.github/workflows/issue-triage.md,3,2026-06-12 20:56:59+00:00,False,
404,95,Azure/azure-sdk-for-js,.github/workflows/issue-triage.md,4,2026-06-12 22:50:20+00:00,False,2.0
405,95,Azure/azure-sdk-for-js,.github/workflows/issue-triage.md,5,2026-06-24 22:56:27+00:00,False,3.0
406,95,Azure/azure-sdk-for-js,.github/workflows/issue-triage.md,6,2026-06-24 23:27:22+00:00,False,2.0
407,95,Azure/azure-sdk-for-js,.github/workflows/issue-triage.md,7,2026-06-25 20:11:44+00:00,False,
408,96,Azure/azure-sdk-for-js,.github/workflows/mgmt-guidance.md,1,2026-06-18 09:11:37+00:00,False,
409,96,Azure/azure-sdk-for-js,.github/workflows/mgmt-guidance.md,2,2026-06-24 22:56:27+00:00,False,
410,96,Azure/azure-sdk-for-js,.github/workflows/mgmt-guidance.md,3,2026-06-24 23:27:22+00:00,False,1.0
411,96,Azure/azure-sdk-for-js,.github/workflows/mgmt-guidance.md,4,2026-06-25 20:11:44+00:00,False,
412,97,Azure/azure-sdk-for-js,.github/workflows/mgmt-review.md,1,2026-03-17 17:07:02+00:00,False,
413,97,Azure/azure-sdk-for-js,.github/workflows/mgmt-review.md,2,2026-03-18 02:48:05+00:00,False,
414,97,Azure/azure-sdk-for-js,.github/workflows/mgmt-review.md,3,2026-03-23 06:58:41+00:00,False,
415,97,Azure/azure-sdk-for-js,.github/workflows/mgmt-review.md,4,2026-03-31 09:41:41+00:00,False,
416,97,Azure/azure-sdk-for-js,.github/workflows/mgmt-review.md,5,2026-04-01 09:17:24+00:00,False,
417,97,Azure/azure-sdk-for-js,.github/workflows/mgmt-review.md,6,2026-04-02 08:51:36+00:00,False,
418,97,Azure/azure-sdk-for-js,.github/workflows/mgmt-review.md,7,2026-04-07 03:21:08+00:00,False,
419,97,Azure/azure-sdk-for-js,.github/workflows/mgmt-review.md,8,2026-04-07 06:54:17+00:00,False,
420,97,Azure/azure-sdk-for-js,.github/workflows/mgmt-review.md,9,2026-04-07 09:00:20+00:00,False,
421,97,Azure/azure-sdk-for-js,.github/workflows/mgmt-review.md,10,2026-04-07 10:02:42+00:00,False,
422,97,Azure/azure-sdk-for-js,.github/workflows/mgmt-review.md,11,2026-04-08 17:09:15+00:00,False,
423,97,Azure/azure-sdk-for-js,.github/workflows/mgmt-review.md,12,2026-04-09 05:54:04+00:00,False,
424,97,Azure/azure-sdk-for-js,.github/workflows/mgmt-review.md,13,2026-04-10 18:30:16+00:00,False,
425,97,Azure/azure-sdk-for-js,.github/workflows/mgmt-review.md,14,2026-04-13 16:14:29+00:00,False,
426,97,Azure/azure-sdk-for-js,.github/workflows/mgmt-review.md,15,2026-05-06 17:52:09+00:00,False,
427,97,Azure/azure-sdk-for-js,.github/workflows/mgmt-review.md,16,2026-05-13 17:27:31+00:00,False,
428,97,Azure/azure-sdk-for-js,.github/workflows/mgmt-review.md,17,2026-05-18 20:19:39+00:00,False,
429,97,Azure/azure-sdk-for-js,.github/workflows/mgmt-review.md,18,2026-05-22 17:13:45+00:00,False,
430,97,Azure/azure-sdk-for-js,.github/workflows/mgmt-review.md,19,2026-06-12 03:14:14+00:00,False,
431,97,Azure/azure-sdk-for-js,.github/workflows/mgmt-review.md,20,2026-06-12 20:56:59+00:00,False,
432,97,Azure/azure-sdk-for-js,.github/workflows/mgmt-review.md,21,2026-06-12 22:50:20+00:00,False,19.0
433,97,Azure/azure-sdk-for-js,.github/workflows/mgmt-review.md,22,2026-06-18 09:11:37+00:00,False,
434,97,Azure/azure-sdk-for-js,.github/workflows/mgmt-review.md,23,2026-06-24 22:56:27+00:00,False,
435,97,Azure/azure-sdk-for-js,.github/workflows/mgmt-review.md,24,2026-06-24 23:27:22+00:00,False,22.0
436,97,Azure/azure-sdk-for-js,.github/workflows/mgmt-review.md,25,2026-06-25 20:11:44+00:00,False,
437,98,Azure/azure-sdk-for-js,.github/workflows/scribe.md,1,2026-03-24 18:58:58+00:00,False,
438,98,Azure/azure-sdk-for-js,.github/workflows/scribe.md,2,2026-03-25 17:51:05+00:00,False,
439,98,Azure/azure-sdk-for-js,.github/workflows/scribe.md,3,2026-03-25 21:44:00+00:00,False,
440,98,Azure/azure-sdk-for-js,.github/workflows/scribe.md,4,2026-03-27 17:03:04+00:00,False,
441,98,Azure/azure-sdk-for-js,.github/workflows/scribe.md,5,2026-04-01 20:42:22+00:00,False,
442,98,Azure/azure-sdk-for-js,.github/workflows/scribe.md,6,2026-04-08 17:09:15+00:00,False,
443,98,Azure/azure-sdk-for-js,.github/workflows/scribe.md,7,2026-04-10 18:30:16+00:00,False,
444,98,Azure/azure-sdk-for-js,.github/workflows/scribe.md,8,2026-04-13 16:14:29+00:00,False,
445,98,Azure/azure-sdk-for-js,.github/workflows/scribe.md,9,2026-05-06 17:52:09+00:00,False,
446,98,Azure/azure-sdk-for-js,.github/workflows/scribe.md,10,2026-05-18 20:19:39+00:00,False,
447,98,Azure/azure-sdk-for-js,.github/workflows/scribe.md,11,2026-06-12 20:56:59+00:00,False,
448,98,Azure/azure-sdk-for-js,.github/workflows/scribe.md,12,2026-06-12 22:50:20+00:00,False,10.0
449,98,Azure/azure-sdk-for-js,.github/workflows/scribe.md,13,2026-06-24 22:56:27+00:00,False,11.0
450,98,Azure/azure-sdk-for-js,.github/workflows/scribe.md,14,2026-06-24 23:27:22+00:00,False,10.0
451,98,Azure/azure-sdk-for-js,.github/workflows/scribe.md,15,2026-06-25 20:11:44+00:00,False,
452,99,Azure/azure-sdk-for-js,.github/workflows/sentinel.md,1,2026-03-24 18:57:04+00:00,False,
453,99,Azure/azure-sdk-for-js,.github/workflows/sentinel.md,2,2026-03-25 17:51:05+00:00,False,
454,99,Azure/azure-sdk-for-js,.github/workflows/sentinel.md,3,2026-03-25 21:44:00+00:00,False,
455,99,Azure/azure-sdk-for-js,.github/workflows/sentinel.md,4,2026-03-27 17:03:04+00:00,False,
456,99,Azure/azure-sdk-for-js,.github/workflows/sentinel.md,5,2026-04-01 20:42:22+00:00,False,
457,99,Azure/azure-sdk-for-js,.github/workflows/sentinel.md,6,2026-04-08 17:09:15+00:00,False,
458,99,Azure/azure-sdk-for-js,.github/workflows/sentinel.md,7,2026-04-10 18:30:16+00:00,False,
459,99,Azure/azure-sdk-for-js,.github/workflows/sentinel.md,8,2026-04-13 16:14:29+00:00,False,
460,99,Azure/azure-sdk-for-js,.github/workflows/sentinel.md,9,2026-05-06 17:52:09+00:00,False,
461,99,Azure/azure-sdk-for-js,.github/workflows/sentinel.md,10,2026-05-18 20:19:39+00:00,False,
462,99,Azure/azure-sdk-for-js,.github/workflows/sentinel.md,11,2026-06-12 20:56:59+00:00,False,
463,99,Azure/azure-sdk-for-js,.github/workflows/sentinel.md,12,2026-06-12 22:50:20+00:00,False,10.0
464,99,Azure/azure-sdk-for-js,.github/workflows/sentinel.md,13,2026-06-24 22:56:27+00:00,False,11.0
465,99,Azure/azure-sdk-for-js,.github/workflows/sentinel.md,14,2026-06-24 23:27:22+00:00,False,10.0
466,99,Azure/azure-sdk-for-js,.github/workflows/sentinel.md,15,2026-06-25 20:11:44+00:00,False,
467,100,Azure/azure-sdk-for-js,.github/workflows/tester.md,1,2026-03-24 19:34:07+00:00,False,
468,100,Azure/azure-sdk-for-js,.github/workflows/tester.md,2,2026-03-25 17:51:05+00:00,False,
469,100,Azure/azure-sdk-for-js,.github/workflows/tester.md,3,2026-03-25 21:44:00+00:00,False,
470,100,Azure/azure-sdk-for-js,.github/workflows/tester.md,4,2026-03-27 17:03:04+00:00,False,
471,100,Azure/azure-sdk-for-js,.github/workflows/tester.md,5,2026-04-01 20:42:22+00:00,False,
472,100,Azure/azure-sdk-for-js,.github/workflows/tester.md,6,2026-04-08 17:09:15+00:00,False,
473,100,Azure/azure-sdk-for-js,.github/workflows/tester.md,7,2026-04-10 18:30:16+00:00,False,
474,100,Azure/azure-sdk-for-js,.github/workflows/tester.md,8,2026-04-13 16:14:29+00:00,False,
475,100,Azure/azure-sdk-for-js,.github/workflows/tester.md,9,2026-05-06 17:52:09+00:00,False,
476,100,Azure/azure-sdk-for-js,.github/workflows/tester.md,10,2026-05-18 20:19:39+00:00,False,
477,100,Azure/azure-sdk-for-js,.github/workflows/tester.md,11,2026-06-12 20:56:59+00:00,False,
478,100,Azure/azure-sdk-for-js,.github/workflows/tester.md,12,2026-06-12 22:50:20+00:00,False,10.0
479,100,Azure/azure-sdk-for-js,.github/workflows/tester.md,13,2026-06-24 22:56:27+00:00,False,11.0
480,100,Azure/azure-sdk-for-js,.github/workflows/tester.md,14,2026-06-24 23:27:22+00:00,False,10.0
481,100,Azure/azure-sdk-for-js,.github/workflows/tester.md,15,2026-06-25 20:11:44+00:00,False,
482,101,Azure/azure-sdk-for-js,.github/workflows/upgrade-agentic-workflows.md,1,2026-06-09 16:48:01+00:00,False,
483,101,Azure/azure-sdk-for-js,.github/workflows/upgrade-agentic-workflows.md,2,2026-06-11 20:25:47+00:00,False,
484,101,Azure/azure-sdk-for-js,.github/workflows/upgrade-agentic-workflows.md,3,2026-06-12 20:56:59+00:00,False,
485,101,Azure/azure-sdk-for-js,.github/workflows/upgrade-agentic-workflows.md,4,2026-06-12 22:50:20+00:00,False,2.0
486,101,Azure/azure-sdk-for-js,.github/workflows/upgrade-agentic-workflows.md,5,2026-06-24 22:56:27+00:00,False,3.0
487,101,Azure/azure-sdk-for-js,.github/workflows/upgrade-agentic-workflows.md,6,2026-06-24 23:27:22+00:00,False,2.0
488,101,Azure/azure-sdk-for-js,.github/workflows/upgrade-agentic-workflows.md,7,2026-06-25 20:11:44+00:00,False,
489,102,WordPress/grunt-patch-wordpress,.github/workflows/dependabot-pr-review.md,1,2026-05-28 03:56:57+00:00,False,
490,103,ptarmiganlabs/butler-sos,.github/workflows/duplicate-code-detector.md,1,2026-03-02 06:24:24+00:00,False,
491,103,ptarmiganlabs/butler-sos,.github/workflows/duplicate-code-detector.md,2,2026-03-02 06:31:48+00:00,False,
492,103,ptarmiganlabs/butler-sos,.github/workflows/duplicate-code-detector.md,3,2026-05-01 20:41:21+00:00,False,
493,103,ptarmiganlabs/butler-sos,.github/workflows/duplicate-code-detector.md,4,2026-05-23 05:27:46+00:00,False,
494,103,ptarmiganlabs/butler-sos,.github/workflows/duplicate-code-detector.md,5,2026-05-23 05:49:05+00:00,False,
495,104,ptarmiganlabs/butler-sos,.github/workflows/grumpy-reviewer.md,1,2026-05-23 06:05:57+00:00,False,
496,104,ptarmiganlabs/butler-sos,.github/workflows/grumpy-reviewer.md,2,2026-05-23 14:55:53+00:00,False,
497,104,ptarmiganlabs/butler-sos,.github/workflows/grumpy-reviewer.md,3,2026-05-23 15:03:46+00:00,False,1.0
498,105,IgniteUI/igniteui-docfx,.github/workflows/sync-jp-docs.md,1,2026-03-12 12:56:07+00:00,False,
499,105,IgniteUI/igniteui-docfx,.github/workflows/sync-jp-docs.md,2,2026-03-26 13:37:23+00:00,False,
500,106,appwrite/appwrite,.github/workflows/issue-triage.md,1,2025-10-28 03:00:30+00:00,False,
501,106,appwrite/appwrite,.github/workflows/issue-triage.md,2,2025-11-01 15:47:43+00:00,False,
502,106,appwrite/appwrite,.github/workflows/issue-triage.md,3,2025-11-03 20:02:03+00:00,False,
503,106,appwrite/appwrite,.github/workflows/issue-triage.md,4,2025-11-06 19:37:49+00:00,False,
504,106,appwrite/appwrite,.github/workflows/issue-triage.md,5,2025-11-06 22:33:24+00:00,False,
505,106,appwrite/appwrite,.github/workflows/issue-triage.md,6,2025-11-06 23:05:45+00:00,False,
506,106,appwrite/appwrite,.github/workflows/issue-triage.md,7,2025-11-06 23:43:31+00:00,False,
507,106,appwrite/appwrite,.github/workflows/issue-triage.md,8,2025-11-07 20:01:42+00:00,False,
508,106,appwrite/appwrite,.github/workflows/issue-triage.md,9,2025-11-07 20:17:51+00:00,False,
509,106,appwrite/appwrite,.github/workflows/issue-triage.md,10,2025-11-07 20:26:13+00:00,False,
510,106,appwrite/appwrite,.github/workflows/issue-triage.md,11,2025-11-07 20:28:14+00:00,False,
511,106,appwrite/appwrite,.github/workflows/issue-triage.md,12,2025-11-12 18:56:33+00:00,False,
512,106,appwrite/appwrite,.github/workflows/issue-triage.md,13,2025-11-12 19:49:58+00:00,False,
513,107,microsoft/Web-Dev-For-Beginners,.github/workflows/daily-repo-status.md,1,2026-02-06 15:34:39+00:00,False,
514,108,elastic/kibana,.github/workflows/backlog-groom.md,1,2026-05-19 17:08:05+00:00,False,
515,108,elastic/kibana,.github/workflows/backlog-groom.md,2,2026-05-27 22:37:42+00:00,False,
516,108,elastic/kibana,.github/workflows/backlog-groom.md,3,2026-06-03 13:00:11+00:00,False,
517,109,elastic/kibana,.github/workflows/failed-backport-resolver.md,1,2026-05-15 17:23:37+00:00,False,
518,109,elastic/kibana,.github/workflows/failed-backport-resolver.md,2,2026-05-15 18:58:06+00:00,False,
519,109,elastic/kibana,.github/workflows/failed-backport-resolver.md,3,2026-05-20 00:28:22+00:00,False,
520,109,elastic/kibana,.github/workflows/failed-backport-resolver.md,4,2026-05-20 03:21:53+00:00,False,
521,109,elastic/kibana,.github/workflows/failed-backport-resolver.md,5,2026-05-20 18:30:21+00:00,False,
522,109,elastic/kibana,.github/workflows/failed-backport-resolver.md,6,2026-05-20 20:19:56+00:00,False,
523,109,elastic/kibana,.github/workflows/failed-backport-resolver.md,7,2026-06-23 19:51:27+00:00,False,
524,110,elastic/kibana,.github/workflows/failed-test-investigator.md,1,2026-05-05 13:21:28+00:00,False,
525,110,elastic/kibana,.github/workflows/failed-test-investigator.md,2,2026-05-07 17:01:57+00:00,False,
526,110,elastic/kibana,.github/workflows/failed-test-investigator.md,3,2026-05-15 13:29:27+00:00,False,
527,110,elastic/kibana,.github/workflows/failed-test-investigator.md,4,2026-05-18 09:10:31+00:00,False,
528,110,elastic/kibana,.github/workflows/failed-test-investigator.md,5,2026-05-19 13:27:15+00:00,False,
529,110,elastic/kibana,.github/workflows/failed-test-investigator.md,6,2026-05-28 12:06:02+00:00,False,
530,110,elastic/kibana,.github/workflows/failed-test-investigator.md,7,2026-06-01 08:26:08+00:00,False,
531,110,elastic/kibana,.github/workflows/failed-test-investigator.md,8,2026-06-10 06:32:14+00:00,False,
532,110,elastic/kibana,.github/workflows/failed-test-investigator.md,9,2026-06-15 12:46:40+00:00,False,
533,110,elastic/kibana,.github/workflows/failed-test-investigator.md,10,2026-06-17 08:13:43+00:00,False,
534,110,elastic/kibana,.github/workflows/failed-test-investigator.md,11,2026-06-17 15:56:46+00:00,False,
535,110,elastic/kibana,.github/workflows/failed-test-investigator.md,12,2026-06-18 09:49:03+00:00,False,
536,110,elastic/kibana,.github/workflows/failed-test-investigator.md,13,2026-06-19 08:37:17+00:00,False,
537,110,elastic/kibana,.github/workflows/failed-test-investigator.md,14,2026-06-19 14:39:53+00:00,False,
538,111,elastic/kibana,.github/workflows/flaky-test-fixer.md,1,2026-06-10 06:32:14+00:00,False,
539,111,elastic/kibana,.github/workflows/flaky-test-fixer.md,2,2026-06-15 12:46:40+00:00,False,
540,111,elastic/kibana,.github/workflows/flaky-test-fixer.md,3,2026-06-17 08:13:43+00:00,False,
541,111,elastic/kibana,.github/workflows/flaky-test-fixer.md,4,2026-06-17 12:04:25+00:00,False,
542,111,elastic/kibana,.github/workflows/flaky-test-fixer.md,5,2026-06-17 15:56:46+00:00,False,
543,111,elastic/kibana,.github/workflows/flaky-test-fixer.md,6,2026-06-18 09:49:03+00:00,False,
544,112,elastic/kibana,.github/workflows/reviewer-claude.md,1,2026-04-28 21:00:30+00:00,False,
545,112,elastic/kibana,.github/workflows/reviewer-claude.md,2,2026-04-29 03:56:24+00:00,False,
546,112,elastic/kibana,.github/workflows/reviewer-claude.md,3,2026-04-29 04:49:32+00:00,False,
547,112,elastic/kibana,.github/workflows/reviewer-claude.md,4,2026-05-07 17:01:57+00:00,False,
548,112,elastic/kibana,.github/workflows/reviewer-claude.md,5,2026-05-18 21:22:50+00:00,False,
549,112,elastic/kibana,.github/workflows/reviewer-claude.md,6,2026-05-18 21:52:29+00:00,False,
550,112,elastic/kibana,.github/workflows/reviewer-claude.md,7,2026-06-03 13:00:11+00:00,False,
551,112,elastic/kibana,.github/workflows/reviewer-claude.md,8,2026-06-03 17:38:02+00:00,False,
552,112,elastic/kibana,.github/workflows/reviewer-claude.md,9,2026-06-05 18:10:51+00:00,False,
553,112,elastic/kibana,.github/workflows/reviewer-claude.md,10,2026-06-05 19:22:42+00:00,False,
554,112,elastic/kibana,.github/workflows/reviewer-claude.md,11,2026-06-23 22:54:19+00:00,False,
555,113,elastic/kibana,.github/workflows/reviewer-codex.md,1,2026-05-05 23:21:51+00:00,False,
556,113,elastic/kibana,.github/workflows/reviewer-codex.md,2,2026-05-18 21:22:50+00:00,False,
557,113,elastic/kibana,.github/workflows/reviewer-codex.md,3,2026-05-18 21:52:29+00:00,False,
558,113,elastic/kibana,.github/workflows/reviewer-codex.md,4,2026-06-03 13:00:11+00:00,False,
559,113,elastic/kibana,.github/workflows/reviewer-codex.md,5,2026-06-03 17:38:02+00:00,False,
560,114,elastic/kibana,.github/workflows/reviewer-scout.md,1,2026-06-19 13:38:01+00:00,False,
561,114,elastic/kibana,.github/workflows/reviewer-scout.md,2,2026-06-19 15:11:48+00:00,False,
562,115,lablup/backend.ai-webui,.github/workflows/daily-test-improver.md,1,2025-11-25 09:26:02+00:00,False,
563,115,lablup/backend.ai-webui,.github/workflows/daily-test-improver.md,2,2025-12-02 10:04:22+00:00,False,
564,115,lablup/backend.ai-webui,.github/workflows/daily-test-improver.md,3,2025-12-03 01:51:22+00:00,False,
565,115,lablup/backend.ai-webui,.github/workflows/daily-test-improver.md,4,2026-01-06 00:32:56+00:00,False,
566,116,lablup/backend.ai-webui,.github/workflows/e2e-healer.md,1,2026-02-09 15:12:35+00:00,False,
567,116,lablup/backend.ai-webui,.github/workflows/e2e-healer.md,2,2026-05-08 14:41:34+00:00,False,
568,116,lablup/backend.ai-webui,.github/workflows/e2e-healer.md,3,2026-05-12 01:46:05+00:00,False,
569,116,lablup/backend.ai-webui,.github/workflows/e2e-healer.md,4,2026-06-14 11:28:53+00:00,False,
570,117,lablup/backend.ai-webui,.github/workflows/e2e-watchdog.md,1,2026-02-09 15:14:22+00:00,False,
571,117,lablup/backend.ai-webui,.github/workflows/e2e-watchdog.md,2,2026-05-08 14:41:34+00:00,False,
572,117,lablup/backend.ai-webui,.github/workflows/e2e-watchdog.md,3,2026-05-12 01:46:05+00:00,False,
573,117,lablup/backend.ai-webui,.github/workflows/e2e-watchdog.md,4,2026-06-14 11:28:53+00:00,False,
574,118,lablup/backend.ai-webui,.github/workflows/storybook-coverage-checker.md,1,2026-02-04 07:07:34+00:00,False,
575,119,lablup/backend.ai-webui,.github/workflows/weekly-team-status.md,1,2025-12-08 08:40:32+00:00,False,
576,119,lablup/backend.ai-webui,.github/workflows/weekly-team-status.md,2,2026-01-06 00:32:56+00:00,False,
577,120,Josverl/micropython-stubs,.github/workflows/quality-issue-triage.md,1,2026-05-09 19:36:19+00:00,False,
578,120,Josverl/micropython-stubs,.github/workflows/quality-issue-triage.md,2,2026-05-09 20:01:11+00:00,False,
579,120,Josverl/micropython-stubs,.github/workflows/quality-issue-triage.md,3,2026-05-10 17:36:01+00:00,False,
580,121,pulumi/pulumi-postgresql,.github/workflows/gh-aw-pr-rereview.md,1,2026-05-12 07:06:32+00:00,False,
581,122,pulumi/pulumi-postgresql,.github/workflows/gh-aw-pr-review.md,1,2026-05-12 07:06:32+00:00,False,
582,123,pulumi/pulumi-linode,.github/workflows/gh-aw-pr-rereview.md,1,2026-05-12 06:51:36+00:00,False,
583,124,pulumi/pulumi-linode,.github/workflows/gh-aw-pr-review.md,1,2026-05-12 06:51:36+00:00,False,
584,125,licensee/licensee,.github/workflows/repo-assist.md,1,2026-03-02 03:15:28+00:00,False,
585,125,licensee/licensee,.github/workflows/repo-assist.md,2,2026-03-06 23:12:24+00:00,False,
586,125,licensee/licensee,.github/workflows/repo-assist.md,3,2026-03-19 04:31:13+00:00,False,
587,125,licensee/licensee,.github/workflows/repo-assist.md,4,2026-03-19 04:39:57+00:00,False,
588,125,licensee/licensee,.github/workflows/repo-assist.md,5,2026-03-19 04:40:43+00:00,False,
589,125,licensee/licensee,.github/workflows/repo-assist.md,6,2026-03-23 21:56:24+00:00,False,
590,125,licensee/licensee,.github/workflows/repo-assist.md,7,2026-03-24 16:24:11+00:00,False,5.0
591,125,licensee/licensee,.github/workflows/repo-assist.md,8,2026-03-25 02:47:57+00:00,False,
592,125,licensee/licensee,.github/workflows/repo-assist.md,9,2026-04-02 18:25:36+00:00,False,
593,125,licensee/licensee,.github/workflows/repo-assist.md,10,2026-04-04 00:49:21+00:00,False,
594,125,licensee/licensee,.github/workflows/repo-assist.md,11,2026-04-05 02:27:23+00:00,False,
595,125,licensee/licensee,.github/workflows/repo-assist.md,12,2026-04-06 23:57:08+00:00,False,
596,125,licensee/licensee,.github/workflows/repo-assist.md,13,2026-04-24 23:25:29+00:00,False,
597,125,licensee/licensee,.github/workflows/repo-assist.md,14,2026-05-04 14:31:02+00:00,False,
598,125,licensee/licensee,.github/workflows/repo-assist.md,15,2026-05-06 15:58:42+00:00,False,
599,125,licensee/licensee,.github/workflows/repo-assist.md,16,2026-05-06 16:01:24+00:00,False,
600,126,pulumi/pulumi-kubernetes-operator,.github/workflows/kubernetes-operator-pr-rereview.md,1,2026-03-12 20:39:59+00:00,False,
601,126,pulumi/pulumi-kubernetes-operator,.github/workflows/kubernetes-operator-pr-rereview.md,2,2026-05-27 19:05:05+00:00,False,
602,126,pulumi/pulumi-kubernetes-operator,.github/workflows/kubernetes-operator-pr-rereview.md,3,2026-05-29 23:27:27+00:00,False,
603,127,pulumi/pulumi-kubernetes-operator,.github/workflows/kubernetes-operator-pr-review.md,1,2026-03-12 20:39:59+00:00,False,
604,127,pulumi/pulumi-kubernetes-operator,.github/workflows/kubernetes-operator-pr-review.md,2,2026-05-27 19:05:05+00:00,False,
605,127,pulumi/pulumi-kubernetes-operator,.github/workflows/kubernetes-operator-pr-review.md,3,2026-05-29 23:27:27+00:00,False,
606,128,pulumi/pulumi-terraform,.github/workflows/gh-aw-pr-rereview.md,1,2026-05-12 07:22:18+00:00,False,
607,129,pulumi/pulumi-terraform,.github/workflows/gh-aw-pr-review.md,1,2026-05-12 07:22:18+00:00,False,
608,130,pulumi/pulumi-digitalocean,.github/workflows/gh-aw-pr-rereview.md,1,2026-05-12 06:35:54+00:00,False,
609,131,pulumi/pulumi-digitalocean,.github/workflows/gh-aw-pr-review.md,1,2026-05-12 06:35:54+00:00,False,
610,132,pulumi/pulumi-docker,.github/workflows/gh-aw-pr-rereview.md,1,2026-05-12 06:37:59+00:00,False,
611,133,pulumi/pulumi-docker,.github/workflows/gh-aw-pr-review.md,1,2026-05-12 06:37:59+00:00,False,
612,134,pulumi/pulumi-alicloud,.github/workflows/gh-aw-pr-rereview.md,1,2026-05-12 06:18:43+00:00,False,
613,135,pulumi/pulumi-alicloud,.github/workflows/gh-aw-pr-review.md,1,2026-05-12 06:18:43+00:00,False,
614,136,pulumi/pulumi-cloudflare,.github/workflows/gh-aw-pr-rereview.md,1,2026-05-12 07:20:15+00:00,False,
615,137,pulumi/pulumi-cloudflare,.github/workflows/gh-aw-pr-review.md,1,2026-05-12 07:20:15+00:00,False,
616,138,pulumi/pulumi-gcp,.github/workflows/gh-aw-pr-rereview.md,1,2026-05-12 07:06:41+00:00,False,
617,139,pulumi/pulumi-gcp,.github/workflows/gh-aw-pr-review.md,1,2026-05-12 07:06:41+00:00,False,
618,140,pulumi/pulumi-azure,.github/workflows/gh-aw-pr-rereview.md,1,2026-05-12 07:15:23+00:00,False,
619,141,pulumi/pulumi-azure,.github/workflows/gh-aw-pr-review.md,1,2026-05-12 07:15:23+00:00,False,
620,142,pulumi/pulumi-terraform-bridge,.github/workflows/terraform-bridge-pr-rereview.md,1,2026-03-06 18:53:20+00:00,False,
621,142,pulumi/pulumi-terraform-bridge,.github/workflows/terraform-bridge-pr-rereview.md,2,2026-04-13 12:25:17+00:00,False,
622,142,pulumi/pulumi-terraform-bridge,.github/workflows/terraform-bridge-pr-rereview.md,3,2026-05-11 17:58:56+00:00,False,
623,142,pulumi/pulumi-terraform-bridge,.github/workflows/terraform-bridge-pr-rereview.md,4,2026-06-03 18:17:57+00:00,False,
624,143,pulumi/pulumi-terraform-bridge,.github/workflows/terraform-bridge-pr-review.md,1,2026-03-06 18:53:20+00:00,False,
625,143,pulumi/pulumi-terraform-bridge,.github/workflows/terraform-bridge-pr-review.md,2,2026-04-13 12:25:17+00:00,False,
626,143,pulumi/pulumi-terraform-bridge,.github/workflows/terraform-bridge-pr-review.md,3,2026-05-11 17:58:56+00:00,False,
627,143,pulumi/pulumi-terraform-bridge,.github/workflows/terraform-bridge-pr-review.md,4,2026-06-03 18:17:57+00:00,False,
628,144,pulumi/pulumi-provider-boilerplate,.github/workflows/gh-aw-pr-rereview.md,1,2026-05-11 17:44:36+00:00,False,
629,145,pulumi/pulumi-provider-boilerplate,.github/workflows/gh-aw-pr-review.md,1,2026-05-11 17:44:36+00:00,False,
630,146,pulumi/pulumi-kubernetes,.github/workflows/gh-aw-pr-rereview.md,1,2026-05-12 07:07:26+00:00,False,
631,147,pulumi/pulumi-kubernetes,.github/workflows/gh-aw-pr-review.md,1,2026-05-12 07:07:26+00:00,False,
632,148,pulumi/pulumi-aws,.github/workflows/gh-aw-pr-rereview.md,1,2026-05-12 07:38:39+00:00,False,
633,149,pulumi/pulumi-aws,.github/workflows/gh-aw-pr-review.md,1,2026-05-12 07:38:39+00:00,False,
634,150,royshil/obs-backgroundremoval,.github/workflows/validate-pr.md,1,2026-03-30 22:54:20+00:00,False,
635,151,RustPython/RustPython,.github/workflows/upgrade-pylib.md,1,2026-02-14 02:26:03+00:00,False,
636,151,RustPython/RustPython,.github/workflows/upgrade-pylib.md,2,2026-02-14 04:47:41+00:00,False,
637,151,RustPython/RustPython,.github/workflows/upgrade-pylib.md,3,2026-02-14 05:56:55+00:00,False,
638,151,RustPython/RustPython,.github/workflows/upgrade-pylib.md,4,2026-02-14 11:10:30+00:00,False,
639,151,RustPython/RustPython,.github/workflows/upgrade-pylib.md,5,2026-02-24 07:22:06+00:00,False,
640,151,RustPython/RustPython,.github/workflows/upgrade-pylib.md,6,2026-04-09 17:38:14+00:00,False,
641,151,RustPython/RustPython,.github/workflows/upgrade-pylib.md,7,2026-06-12 02:08:27+00:00,False,
642,152,wp-media/wp-rocket,.github/workflows/pr-release-doc-generator.md,1,2026-02-20 17:25:33+00:00,False,
643,152,wp-media/wp-rocket,.github/workflows/pr-release-doc-generator.md,2,2026-02-20 21:22:01+00:00,False,
644,152,wp-media/wp-rocket,.github/workflows/pr-release-doc-generator.md,3,2026-02-20 21:52:51+00:00,False,
645,152,wp-media/wp-rocket,.github/workflows/pr-release-doc-generator.md,4,2026-02-20 22:18:30+00:00,False,
646,153,pulumi/pulumi-github,.github/workflows/gh-aw-pr-rereview.md,1,2026-05-12 06:39:24+00:00,False,
647,154,pulumi/pulumi-github,.github/workflows/gh-aw-pr-review.md,1,2026-05-12 06:39:24+00:00,False,
648,155,elastic/elasticsearch-specification,.github/workflows/kibana-type-check-analysis.md,1,2026-05-22 18:30:50+00:00,False,
649,155,elastic/elasticsearch-specification,.github/workflows/kibana-type-check-analysis.md,2,2026-05-28 17:01:26+00:00,False,
650,155,elastic/elasticsearch-specification,.github/workflows/kibana-type-check-analysis.md,3,2026-05-29 14:12:26+00:00,False,
651,155,elastic/elasticsearch-specification,.github/workflows/kibana-type-check-analysis.md,4,2026-05-29 17:29:08+00:00,False,
652,155,elastic/elasticsearch-specification,.github/workflows/kibana-type-check-analysis.md,5,2026-06-16 12:48:18+00:00,False,
653,155,elastic/elasticsearch-specification,.github/workflows/kibana-type-check-analysis.md,6,2026-06-25 08:44:23+00:00,False,
654,156,elastic/elasticsearch-specification,.github/workflows/spec-drift.md,1,2026-05-21 08:32:38+00:00,False,
655,156,elastic/elasticsearch-specification,.github/workflows/spec-drift.md,2,2026-05-21 09:41:44+00:00,False,
656,156,elastic/elasticsearch-specification,.github/workflows/spec-drift.md,3,2026-05-27 09:47:01+00:00,False,
657,157,Azure/azure-sdk-for-go,.github/workflows/issue-triage.md,1,2026-04-21 00:08:02+00:00,False,
658,158,Azure/azure-sdk-for-go,.github/workflows/mgmt-review.md,1,2026-04-20 21:02:57+00:00,False,
659,158,Azure/azure-sdk-for-go,.github/workflows/mgmt-review.md,2,2026-05-16 00:36:55+00:00,False,
660,159,SatelliteQE/broker,.github/workflows/wiki-sync.md,1,2026-04-17 20:58:13+00:00,False,
661,160,sergey-tihon/Clippit,.github/workflows/clippy.md,1,2026-03-11 19:06:15+00:00,False,
662,160,sergey-tihon/Clippit,.github/workflows/clippy.md,2,2026-04-01 17:48:13+00:00,False,
663,160,sergey-tihon/Clippit,.github/workflows/clippy.md,3,2026-04-02 09:49:56+00:00,False,
664,160,sergey-tihon/Clippit,.github/workflows/clippy.md,4,2026-04-15 12:42:51+00:00,False,
665,160,sergey-tihon/Clippit,.github/workflows/clippy.md,5,2026-04-22 12:47:58+00:00,False,
666,160,sergey-tihon/Clippit,.github/workflows/clippy.md,6,2026-04-25 07:53:37+00:00,False,
667,160,sergey-tihon/Clippit,.github/workflows/clippy.md,7,2026-05-05 14:04:31+00:00,False,
668,160,sergey-tihon/Clippit,.github/workflows/clippy.md,8,2026-05-05 21:34:03+00:00,False,
669,160,sergey-tihon/Clippit,.github/workflows/clippy.md,9,2026-05-09 07:17:13+00:00,False,
670,160,sergey-tihon/Clippit,.github/workflows/clippy.md,10,2026-05-10 20:44:12+00:00,False,
671,160,sergey-tihon/Clippit,.github/workflows/clippy.md,11,2026-05-13 05:46:48+00:00,False,
672,160,sergey-tihon/Clippit,.github/workflows/clippy.md,12,2026-05-16 09:30:25+00:00,False,
673,160,sergey-tihon/Clippit,.github/workflows/clippy.md,13,2026-05-20 06:26:46+00:00,False,
674,160,sergey-tihon/Clippit,.github/workflows/clippy.md,14,2026-05-30 07:52:29+00:00,False,
675,160,sergey-tihon/Clippit,.github/workflows/clippy.md,15,2026-06-10 14:52:39+00:00,False,
676,160,sergey-tihon/Clippit,.github/workflows/clippy.md,16,2026-06-10 14:55:48+00:00,False,
677,160,sergey-tihon/Clippit,.github/workflows/clippy.md,17,2026-06-21 06:22:33+00:00,False,
678,160,sergey-tihon/Clippit,.github/workflows/clippy.md,18,2026-06-23 19:42:21+00:00,False,
679,161,microsoft/gctoolkit,.github/workflows/relevance-check.md,1,2026-02-26 14:16:58+00:00,False,
680,161,microsoft/gctoolkit,.github/workflows/relevance-check.md,2,2026-02-26 14:38:07+00:00,False,
681,161,microsoft/gctoolkit,.github/workflows/relevance-check.md,3,2026-02-26 15:50:07+00:00,False,
682,162,microsoft/gctoolkit,.github/workflows/relevance-summary.md,1,2026-02-26 18:10:59+00:00,False,
683,163,apolloconfig/apollo,.github/workflows/issue-triage.md,1,2026-02-10 13:59:22+00:00,False,
684,163,apolloconfig/apollo,.github/workflows/issue-triage.md,2,2026-02-13 08:31:15+00:00,False,
685,164,evcc-io/evcc,.github/workflows/triage-agent.md,1,2026-01-23 16:52:01+00:00,False,
686,164,evcc-io/evcc,.github/workflows/triage-agent.md,2,2026-01-25 11:20:11+00:00,False,
687,164,evcc-io/evcc,.github/workflows/triage-agent.md,3,2026-01-26 16:38:08+00:00,False,
688,165,pulumi/pulumi-keycloak,.github/workflows/gh-aw-pr-rereview.md,1,2026-05-12 06:46:45+00:00,False,
689,166,pulumi/pulumi-keycloak,.github/workflows/gh-aw-pr-review.md,1,2026-05-12 06:46:45+00:00,False,
690,167,pulumi/pulumi-aws-native,.github/workflows/gh-aw-pr-rereview.md,1,2026-05-12 06:38:30+00:00,False,
691,168,pulumi/pulumi-aws-native,.github/workflows/gh-aw-pr-review.md,1,2026-05-12 06:38:30+00:00,False,
692,169,adoptium/containers,.github/workflows/dockerfile-readiness.md,1,2026-04-24 09:28:42+00:00,False,
693,169,adoptium/containers,.github/workflows/dockerfile-readiness.md,2,2026-04-25 09:16:36+00:00,False,
694,169,adoptium/containers,.github/workflows/dockerfile-readiness.md,3,2026-04-29 08:51:12+00:00,False,
695,169,adoptium/containers,.github/workflows/dockerfile-readiness.md,4,2026-05-05 08:05:40+00:00,False,
696,169,adoptium/containers,.github/workflows/dockerfile-readiness.md,5,2026-05-05 08:42:28+00:00,False,
697,169,adoptium/containers,.github/workflows/dockerfile-readiness.md,6,2026-05-05 11:55:44+00:00,False,
698,169,adoptium/containers,.github/workflows/dockerfile-readiness.md,7,2026-06-14 22:09:26+00:00,False,
699,170,pulumi/pulumi-hcloud,.github/workflows/gh-aw-pr-rereview.md,1,2026-05-12 06:44:00+00:00,False,
700,171,pulumi/pulumi-hcloud,.github/workflows/gh-aw-pr-review.md,1,2026-05-12 06:44:00+00:00,False,
701,172,pulumi/pulumi-azuredevops,.github/workflows/gh-aw-pr-rereview.md,1,2026-05-12 06:20:43+00:00,False,
702,173,pulumi/pulumi-azuredevops,.github/workflows/gh-aw-pr-review.md,1,2026-05-12 06:20:43+00:00,False,
703,174,pulumi/pulumi-auth0,.github/workflows/gh-aw-pr-rereview.md,1,2026-05-12 06:12:28+00:00,False,
704,175,pulumi/pulumi-auth0,.github/workflows/gh-aw-pr-review.md,1,2026-05-12 06:12:28+00:00,False,
705,176,elastic/terraform-provider-elasticstack,.github/workflows/change-factory-issue.md,1,2026-04-26 04:13:36+00:00,False,
706,176,elastic/terraform-provider-elasticstack,.github/workflows/change-factory-issue.md,2,2026-04-27 02:05:50+00:00,False,
707,176,elastic/terraform-provider-elasticstack,.github/workflows/change-factory-issue.md,3,2026-04-27 03:42:26+00:00,False,
708,176,elastic/terraform-provider-elasticstack,.github/workflows/change-factory-issue.md,4,2026-05-04 07:55:37+00:00,False,
709,176,elastic/terraform-provider-elasticstack,.github/workflows/change-factory-issue.md,5,2026-05-04 07:59:58+00:00,False,3.0
710,176,elastic/terraform-provider-elasticstack,.github/workflows/change-factory-issue.md,6,2026-05-05 03:46:38+00:00,False,
711,176,elastic/terraform-provider-elasticstack,.github/workflows/change-factory-issue.md,7,2026-05-05 07:56:32+00:00,False,
712,176,elastic/terraform-provider-elasticstack,.github/workflows/change-factory-issue.md,8,2026-05-08 12:38:15+00:00,False,
713,176,elastic/terraform-provider-elasticstack,.github/workflows/change-factory-issue.md,9,2026-05-09 12:20:34+00:00,False,
714,176,elastic/terraform-provider-elasticstack,.github/workflows/change-factory-issue.md,10,2026-05-11 02:05:27+00:00,False,
715,176,elastic/terraform-provider-elasticstack,.github/workflows/change-factory-issue.md,11,2026-05-11 05:07:52+00:00,False,
716,176,elastic/terraform-provider-elasticstack,.github/workflows/change-factory-issue.md,12,2026-05-14 02:35:56+00:00,False,
717,176,elastic/terraform-provider-elasticstack,.github/workflows/change-factory-issue.md,13,2026-05-14 05:23:14+00:00,False,
718,176,elastic/terraform-provider-elasticstack,.github/workflows/change-factory-issue.md,14,2026-05-15 20:52:17+00:00,False,
719,176,elastic/terraform-provider-elasticstack,.github/workflows/change-factory-issue.md,15,2026-05-16 11:20:32+00:00,False,
720,176,elastic/terraform-provider-elasticstack,.github/workflows/change-factory-issue.md,16,2026-05-17 10:56:22+00:00,False,
721,176,elastic/terraform-provider-elasticstack,.github/workflows/change-factory-issue.md,17,2026-05-18 03:08:06+00:00,False,
722,176,elastic/terraform-provider-elasticstack,.github/workflows/change-factory-issue.md,18,2026-05-18 09:03:14+00:00,False,
723,176,elastic/terraform-provider-elasticstack,.github/workflows/change-factory-issue.md,19,2026-05-18 11:26:59+00:00,False,
724,176,elastic/terraform-provider-elasticstack,.github/workflows/change-factory-issue.md,20,2026-05-19 10:46:26+00:00,False,
725,176,elastic/terraform-provider-elasticstack,.github/workflows/change-factory-issue.md,21,2026-05-20 05:15:12+00:00,False,
726,176,elastic/terraform-provider-elasticstack,.github/workflows/change-factory-issue.md,22,2026-05-22 06:45:00+00:00,False,
727,176,elastic/terraform-provider-elasticstack,.github/workflows/change-factory-issue.md,23,2026-06-02 11:35:44+00:00,False,
728,177,elastic/terraform-provider-elasticstack,.github/workflows/ci-deadcode-removal-rotation.md,1,2026-05-16 11:58:01+00:00,False,
729,177,elastic/terraform-provider-elasticstack,.github/workflows/ci-deadcode-removal-rotation.md,2,2026-05-16 12:40:02+00:00,False,
730,177,elastic/terraform-provider-elasticstack,.github/workflows/ci-deadcode-removal-rotation.md,3,2026-05-16 22:16:10+00:00,False,
731,177,elastic/terraform-provider-elasticstack,.github/workflows/ci-deadcode-removal-rotation.md,4,2026-05-18 03:08:06+00:00,False,
732,177,elastic/terraform-provider-elasticstack,.github/workflows/ci-deadcode-removal-rotation.md,5,2026-05-18 09:03:14+00:00,False,
733,177,elastic/terraform-provider-elasticstack,.github/workflows/ci-deadcode-removal-rotation.md,6,2026-05-20 12:22:51+00:00,False,
734,177,elastic/terraform-provider-elasticstack,.github/workflows/ci-deadcode-removal-rotation.md,7,2026-05-22 06:45:00+00:00,False,
735,177,elastic/terraform-provider-elasticstack,.github/workflows/ci-deadcode-removal-rotation.md,8,2026-06-02 11:35:44+00:00,False,
736,177,elastic/terraform-provider-elasticstack,.github/workflows/ci-deadcode-removal-rotation.md,9,2026-06-03 04:55:17+00:00,False,
737,178,elastic/terraform-provider-elasticstack,.github/workflows/code-factory-issue.md,1,2026-04-23 23:36:05+00:00,False,
738,178,elastic/terraform-provider-elasticstack,.github/workflows/code-factory-issue.md,2,2026-04-24 00:01:04+00:00,False,
739,178,elastic/terraform-provider-elasticstack,.github/workflows/code-factory-issue.md,3,2026-04-24 11:36:27+00:00,False,
740,178,elastic/terraform-provider-elasticstack,.github/workflows/code-factory-issue.md,4,2026-04-26 04:13:36+00:00,False,
741,178,elastic/terraform-provider-elasticstack,.github/workflows/code-factory-issue.md,5,2026-04-27 02:05:50+00:00,False,
742,178,elastic/terraform-provider-elasticstack,.github/workflows/code-factory-issue.md,6,2026-04-27 03:42:26+00:00,False,
743,178,elastic/terraform-provider-elasticstack,.github/workflows/code-factory-issue.md,7,2026-05-04 07:55:37+00:00,False,
744,178,elastic/terraform-provider-elasticstack,.github/workflows/code-factory-issue.md,8,2026-05-04 07:59:58+00:00,False,6.0
745,178,elastic/terraform-provider-elasticstack,.github/workflows/code-factory-issue.md,9,2026-05-05 03:46:38+00:00,False,
746,178,elastic/terraform-provider-elasticstack,.github/workflows/code-factory-issue.md,10,2026-05-05 07:56:32+00:00,False,
747,178,elastic/terraform-provider-elasticstack,.github/workflows/code-factory-issue.md,11,2026-05-06 04:15:33+00:00,False,
748,178,elastic/terraform-provider-elasticstack,.github/workflows/code-factory-issue.md,12,2026-05-09 01:52:21+00:00,False,
749,178,elastic/terraform-provider-elasticstack,.github/workflows/code-factory-issue.md,13,2026-05-09 12:20:34+00:00,False,
750,178,elastic/terraform-provider-elasticstack,.github/workflows/code-factory-issue.md,14,2026-05-11 02:05:27+00:00,False,
751,178,elastic/terraform-provider-elasticstack,.github/workflows/code-factory-issue.md,15,2026-05-11 05:07:52+00:00,False,
752,178,elastic/terraform-provider-elasticstack,.github/workflows/code-factory-issue.md,16,2026-05-14 02:35:56+00:00,False,
753,178,elastic/terraform-provider-elasticstack,.github/workflows/code-factory-issue.md,17,2026-05-14 05:23:14+00:00,False,
754,178,elastic/terraform-provider-elasticstack,.github/workflows/code-factory-issue.md,18,2026-05-16 11:20:32+00:00,False,
755,178,elastic/terraform-provider-elasticstack,.github/workflows/code-factory-issue.md,19,2026-05-17 06:39:37+00:00,False,
756,178,elastic/terraform-provider-elasticstack,.github/workflows/code-factory-issue.md,20,2026-05-17 10:30:58+00:00,False,
757,178,elastic/terraform-provider-elasticstack,.github/workflows/code-factory-issue.md,21,2026-05-17 10:56:22+00:00,False,
758,178,elastic/terraform-provider-elasticstack,.github/workflows/code-factory-issue.md,22,2026-05-17 11:04:35+00:00,False,
759,178,elastic/terraform-provider-elasticstack,.github/workflows/code-factory-issue.md,23,2026-05-18 03:08:06+00:00,False,
760,178,elastic/terraform-provider-elasticstack,.github/workflows/code-factory-issue.md,24,2026-05-18 09:03:14+00:00,False,
761,178,elastic/terraform-provider-elasticstack,.github/workflows/code-factory-issue.md,25,2026-05-18 11:26:59+00:00,False,
762,178,elastic/terraform-provider-elasticstack,.github/workflows/code-factory-issue.md,26,2026-05-19 01:47:03+00:00,False,
763,178,elastic/terraform-provider-elasticstack,.github/workflows/code-factory-issue.md,27,2026-05-19 10:46:26+00:00,False,
764,178,elastic/terraform-provider-elasticstack,.github/workflows/code-factory-issue.md,28,2026-05-22 06:45:00+00:00,False,
765,178,elastic/terraform-provider-elasticstack,.github/workflows/code-factory-issue.md,29,2026-05-31 02:04:32+00:00,False,
766,178,elastic/terraform-provider-elasticstack,.github/workflows/code-factory-issue.md,30,2026-06-02 11:35:44+00:00,False,
767,179,elastic/terraform-provider-elasticstack,.github/workflows/duplicate-code-detector.md,1,2026-04-23 04:06:45+00:00,False,
768,179,elastic/terraform-provider-elasticstack,.github/workflows/duplicate-code-detector.md,2,2026-04-23 04:16:05+00:00,False,
769,179,elastic/terraform-provider-elasticstack,.github/workflows/duplicate-code-detector.md,3,2026-04-23 06:13:04+00:00,False,
770,179,elastic/terraform-provider-elasticstack,.github/workflows/duplicate-code-detector.md,4,2026-04-24 07:51:55+00:00,False,
771,179,elastic/terraform-provider-elasticstack,.github/workflows/duplicate-code-detector.md,5,2026-05-04 07:55:37+00:00,False,
772,179,elastic/terraform-provider-elasticstack,.github/workflows/duplicate-code-detector.md,6,2026-05-04 07:59:58+00:00,False,4.0
773,179,elastic/terraform-provider-elasticstack,.github/workflows/duplicate-code-detector.md,7,2026-05-05 03:46:38+00:00,False,
774,179,elastic/terraform-provider-elasticstack,.github/workflows/duplicate-code-detector.md,8,2026-05-05 10:11:47+00:00,False,
775,179,elastic/terraform-provider-elasticstack,.github/workflows/duplicate-code-detector.md,9,2026-05-16 12:09:11+00:00,False,
776,179,elastic/terraform-provider-elasticstack,.github/workflows/duplicate-code-detector.md,10,2026-05-18 09:03:14+00:00,False,
777,179,elastic/terraform-provider-elasticstack,.github/workflows/duplicate-code-detector.md,11,2026-05-18 11:26:59+00:00,False,
778,179,elastic/terraform-provider-elasticstack,.github/workflows/duplicate-code-detector.md,12,2026-05-22 12:20:13+00:00,False,
779,179,elastic/terraform-provider-elasticstack,.github/workflows/duplicate-code-detector.md,13,2026-06-02 11:35:44+00:00,False,
780,180,elastic/terraform-provider-elasticstack,.github/workflows/flaky-test-catcher.md,1,2026-05-05 10:47:45+00:00,False,
781,180,elastic/terraform-provider-elasticstack,.github/workflows/flaky-test-catcher.md,2,2026-05-06 04:15:33+00:00,False,
782,180,elastic/terraform-provider-elasticstack,.github/workflows/flaky-test-catcher.md,3,2026-05-16 12:09:11+00:00,False,
783,180,elastic/terraform-provider-elasticstack,.github/workflows/flaky-test-catcher.md,4,2026-05-18 09:03:14+00:00,False,
784,180,elastic/terraform-provider-elasticstack,.github/workflows/flaky-test-catcher.md,5,2026-05-18 11:26:59+00:00,False,
785,180,elastic/terraform-provider-elasticstack,.github/workflows/flaky-test-catcher.md,6,2026-05-22 12:20:13+00:00,False,
786,180,elastic/terraform-provider-elasticstack,.github/workflows/flaky-test-catcher.md,7,2026-06-02 11:35:44+00:00,False,
787,181,elastic/terraform-provider-elasticstack,.github/workflows/issue-classifier.md,1,2026-05-14 11:20:15+00:00,False,
788,181,elastic/terraform-provider-elasticstack,.github/workflows/issue-classifier.md,2,2026-05-15 00:34:31+00:00,False,
789,181,elastic/terraform-provider-elasticstack,.github/workflows/issue-classifier.md,3,2026-05-18 09:03:14+00:00,False,
790,181,elastic/terraform-provider-elasticstack,.github/workflows/issue-classifier.md,4,2026-05-18 11:26:59+00:00,False,
791,181,elastic/terraform-provider-elasticstack,.github/workflows/issue-classifier.md,5,2026-05-22 06:45:00+00:00,False,
792,181,elastic/terraform-provider-elasticstack,.github/workflows/issue-classifier.md,6,2026-06-02 11:35:44+00:00,False,
793,182,elastic/terraform-provider-elasticstack,.github/workflows/kibana-spec-impact.md,1,2026-04-17 07:52:22+00:00,False,
794,182,elastic/terraform-provider-elasticstack,.github/workflows/kibana-spec-impact.md,2,2026-04-22 00:43:20+00:00,False,
795,182,elastic/terraform-provider-elasticstack,.github/workflows/kibana-spec-impact.md,3,2026-04-23 23:27:59+00:00,False,
796,182,elastic/terraform-provider-elasticstack,.github/workflows/kibana-spec-impact.md,4,2026-04-30 06:32:20+00:00,False,
797,182,elastic/terraform-provider-elasticstack,.github/workflows/kibana-spec-impact.md,5,2026-05-04 07:55:37+00:00,False,
798,182,elastic/terraform-provider-elasticstack,.github/workflows/kibana-spec-impact.md,6,2026-05-04 07:59:58+00:00,False,4.0
799,182,elastic/terraform-provider-elasticstack,.github/workflows/kibana-spec-impact.md,7,2026-05-05 03:46:38+00:00,False,
800,182,elastic/terraform-provider-elasticstack,.github/workflows/kibana-spec-impact.md,8,2026-05-18 03:08:06+00:00,False,
801,182,elastic/terraform-provider-elasticstack,.github/workflows/kibana-spec-impact.md,9,2026-05-18 09:03:14+00:00,False,
802,182,elastic/terraform-provider-elasticstack,.github/workflows/kibana-spec-impact.md,10,2026-05-22 06:45:00+00:00,False,
803,182,elastic/terraform-provider-elasticstack,.github/workflows/kibana-spec-impact.md,11,2026-06-02 11:35:44+00:00,False,
804,183,elastic/terraform-provider-elasticstack,.github/workflows/openspec-verify-label.md,1,2026-03-25 03:52:09+00:00,False,
805,183,elastic/terraform-provider-elasticstack,.github/workflows/openspec-verify-label.md,2,2026-03-26 07:01:31+00:00,False,
806,183,elastic/terraform-provider-elasticstack,.github/workflows/openspec-verify-label.md,3,2026-03-27 10:06:16+00:00,False,
807,183,elastic/terraform-provider-elasticstack,.github/workflows/openspec-verify-label.md,4,2026-03-29 10:09:57+00:00,False,
808,183,elastic/terraform-provider-elasticstack,.github/workflows/openspec-verify-label.md,5,2026-03-30 02:13:28+00:00,False,
809,183,elastic/terraform-provider-elasticstack,.github/workflows/openspec-verify-label.md,6,2026-03-30 03:24:21+00:00,False,
810,183,elastic/terraform-provider-elasticstack,.github/workflows/openspec-verify-label.md,7,2026-03-30 06:48:49+00:00,False,
811,183,elastic/terraform-provider-elasticstack,.github/workflows/openspec-verify-label.md,8,2026-04-04 09:38:38+00:00,False,
812,183,elastic/terraform-provider-elasticstack,.github/workflows/openspec-verify-label.md,9,2026-04-06 12:39:17+00:00,False,
813,183,elastic/terraform-provider-elasticstack,.github/workflows/openspec-verify-label.md,10,2026-04-06 21:39:11+00:00,False,
814,183,elastic/terraform-provider-elasticstack,.github/workflows/openspec-verify-label.md,11,2026-04-07 02:13:00+00:00,False,
815,183,elastic/terraform-provider-elasticstack,.github/workflows/openspec-verify-label.md,12,2026-04-07 02:21:23+00:00,False,
816,183,elastic/terraform-provider-elasticstack,.github/workflows/openspec-verify-label.md,13,2026-04-07 02:25:54+00:00,False,
817,183,elastic/terraform-provider-elasticstack,.github/workflows/openspec-verify-label.md,14,2026-04-07 07:20:55+00:00,False,
818,183,elastic/terraform-provider-elasticstack,.github/workflows/openspec-verify-label.md,15,2026-04-14 11:23:51+00:00,False,
819,183,elastic/terraform-provider-elasticstack,.github/workflows/openspec-verify-label.md,16,2026-04-14 11:47:39+00:00,False,
820,183,elastic/terraform-provider-elasticstack,.github/workflows/openspec-verify-label.md,17,2026-04-22 00:43:20+00:00,False,
821,183,elastic/terraform-provider-elasticstack,.github/workflows/openspec-verify-label.md,18,2026-04-27 02:05:50+00:00,False,
822,183,elastic/terraform-provider-elasticstack,.github/workflows/openspec-verify-label.md,19,2026-05-04 07:55:37+00:00,False,
823,183,elastic/terraform-provider-elasticstack,.github/workflows/openspec-verify-label.md,20,2026-05-04 07:59:58+00:00,False,18.0
824,183,elastic/terraform-provider-elasticstack,.github/workflows/openspec-verify-label.md,21,2026-05-05 03:46:38+00:00,False,
825,183,elastic/terraform-provider-elasticstack,.github/workflows/openspec-verify-label.md,22,2026-05-06 05:32:28+00:00,False,
826,183,elastic/terraform-provider-elasticstack,.github/workflows/openspec-verify-label.md,23,2026-05-08 05:39:22+00:00,False,
827,183,elastic/terraform-provider-elasticstack,.github/workflows/openspec-verify-label.md,24,2026-05-08 09:07:47+00:00,False,22.0
828,183,elastic/terraform-provider-elasticstack,.github/workflows/openspec-verify-label.md,25,2026-05-18 03:08:06+00:00,False,
829,183,elastic/terraform-provider-elasticstack,.github/workflows/openspec-verify-label.md,26,2026-05-18 09:03:14+00:00,False,
830,183,elastic/terraform-provider-elasticstack,.github/workflows/openspec-verify-label.md,27,2026-05-18 11:18:56+00:00,False,
831,183,elastic/terraform-provider-elasticstack,.github/workflows/openspec-verify-label.md,28,2026-05-22 03:44:38+00:00,False,
832,183,elastic/terraform-provider-elasticstack,.github/workflows/openspec-verify-label.md,29,2026-05-22 06:45:00+00:00,False,
833,183,elastic/terraform-provider-elasticstack,.github/workflows/openspec-verify-label.md,30,2026-06-02 11:35:44+00:00,False,
834,184,elastic/terraform-provider-elasticstack,.github/workflows/reproducer-factory-issue.md,1,2026-05-14 02:35:56+00:00,False,
835,184,elastic/terraform-provider-elasticstack,.github/workflows/reproducer-factory-issue.md,2,2026-05-15 20:52:17+00:00,False,
836,184,elastic/terraform-provider-elasticstack,.github/workflows/reproducer-factory-issue.md,3,2026-05-16 11:20:32+00:00,False,
837,184,elastic/terraform-provider-elasticstack,.github/workflows/reproducer-factory-issue.md,4,2026-05-17 10:56:22+00:00,False,
838,184,elastic/terraform-provider-elasticstack,.github/workflows/reproducer-factory-issue.md,5,2026-05-18 03:08:06+00:00,False,
839,184,elastic/terraform-provider-elasticstack,.github/workflows/reproducer-factory-issue.md,6,2026-05-18 09:03:14+00:00,False,
840,184,elastic/terraform-provider-elasticstack,.github/workflows/reproducer-factory-issue.md,7,2026-05-18 11:26:59+00:00,False,
841,184,elastic/terraform-provider-elasticstack,.github/workflows/reproducer-factory-issue.md,8,2026-05-19 01:47:03+00:00,False,
842,184,elastic/terraform-provider-elasticstack,.github/workflows/reproducer-factory-issue.md,9,2026-05-19 01:50:29+00:00,False,
843,184,elastic/terraform-provider-elasticstack,.github/workflows/reproducer-factory-issue.md,10,2026-05-19 10:46:26+00:00,False,
844,184,elastic/terraform-provider-elasticstack,.github/workflows/reproducer-factory-issue.md,11,2026-05-20 05:15:12+00:00,False,
845,184,elastic/terraform-provider-elasticstack,.github/workflows/reproducer-factory-issue.md,12,2026-05-22 06:45:00+00:00,False,
846,184,elastic/terraform-provider-elasticstack,.github/workflows/reproducer-factory-issue.md,13,2026-06-02 11:35:44+00:00,False,
847,185,elastic/terraform-provider-elasticstack,.github/workflows/research-factory-issue.md,1,2026-05-08 12:38:15+00:00,False,
848,185,elastic/terraform-provider-elasticstack,.github/workflows/research-factory-issue.md,2,2026-05-08 12:53:22+00:00,False,
849,185,elastic/terraform-provider-elasticstack,.github/workflows/research-factory-issue.md,3,2026-05-09 12:20:34+00:00,False,
850,185,elastic/terraform-provider-elasticstack,.github/workflows/research-factory-issue.md,4,2026-05-09 13:00:19+00:00,False,
851,185,elastic/terraform-provider-elasticstack,.github/workflows/research-factory-issue.md,5,2026-05-09 13:17:12+00:00,False,
852,185,elastic/terraform-provider-elasticstack,.github/workflows/research-factory-issue.md,6,2026-05-10 11:26:57+00:00,False,
853,185,elastic/terraform-provider-elasticstack,.github/workflows/research-factory-issue.md,7,2026-05-11 02:05:27+00:00,False,
854,185,elastic/terraform-provider-elasticstack,.github/workflows/research-factory-issue.md,8,2026-05-11 05:07:52+00:00,False,
855,185,elastic/terraform-provider-elasticstack,.github/workflows/research-factory-issue.md,9,2026-05-14 02:35:56+00:00,False,
856,185,elastic/terraform-provider-elasticstack,.github/workflows/research-factory-issue.md,10,2026-05-16 11:20:32+00:00,False,
857,185,elastic/terraform-provider-elasticstack,.github/workflows/research-factory-issue.md,11,2026-05-17 10:56:22+00:00,False,
858,185,elastic/terraform-provider-elasticstack,.github/workflows/research-factory-issue.md,12,2026-05-18 03:08:06+00:00,False,
859,185,elastic/terraform-provider-elasticstack,.github/workflows/research-factory-issue.md,13,2026-05-18 09:03:14+00:00,False,
860,185,elastic/terraform-provider-elasticstack,.github/workflows/research-factory-issue.md,14,2026-05-18 11:26:59+00:00,False,
861,185,elastic/terraform-provider-elasticstack,.github/workflows/research-factory-issue.md,15,2026-05-19 01:47:03+00:00,False,
862,185,elastic/terraform-provider-elasticstack,.github/workflows/research-factory-issue.md,16,2026-05-19 01:50:29+00:00,False,
863,185,elastic/terraform-provider-elasticstack,.github/workflows/research-factory-issue.md,17,2026-05-19 10:46:26+00:00,False,
864,185,elastic/terraform-provider-elasticstack,.github/workflows/research-factory-issue.md,18,2026-05-22 06:45:00+00:00,False,
865,185,elastic/terraform-provider-elasticstack,.github/workflows/research-factory-issue.md,19,2026-06-02 11:35:44+00:00,False,
866,186,elastic/terraform-provider-elasticstack,.github/workflows/schema-coverage-rotation.md,1,2026-03-05 00:38:50+00:00,False,
867,186,elastic/terraform-provider-elasticstack,.github/workflows/schema-coverage-rotation.md,2,2026-03-05 02:33:21+00:00,False,
868,186,elastic/terraform-provider-elasticstack,.github/workflows/schema-coverage-rotation.md,3,2026-03-05 02:56:53+00:00,False,
869,186,elastic/terraform-provider-elasticstack,.github/workflows/schema-coverage-rotation.md,4,2026-03-05 04:08:43+00:00,False,
870,186,elastic/terraform-provider-elasticstack,.github/workflows/schema-coverage-rotation.md,5,2026-03-05 05:34:02+00:00,False,
871,186,elastic/terraform-provider-elasticstack,.github/workflows/schema-coverage-rotation.md,6,2026-03-05 07:20:02+00:00,False,
872,186,elastic/terraform-provider-elasticstack,.github/workflows/schema-coverage-rotation.md,7,2026-03-13 02:10:52+00:00,False,
873,186,elastic/terraform-provider-elasticstack,.github/workflows/schema-coverage-rotation.md,8,2026-03-13 02:31:14+00:00,False,
874,186,elastic/terraform-provider-elasticstack,.github/workflows/schema-coverage-rotation.md,9,2026-03-24 01:44:19+00:00,False,
875,186,elastic/terraform-provider-elasticstack,.github/workflows/schema-coverage-rotation.md,10,2026-03-24 02:19:47+00:00,False,
876,186,elastic/terraform-provider-elasticstack,.github/workflows/schema-coverage-rotation.md,11,2026-04-09 11:33:09+00:00,False,
877,186,elastic/terraform-provider-elasticstack,.github/workflows/schema-coverage-rotation.md,12,2026-04-11 20:45:20+00:00,False,
878,186,elastic/terraform-provider-elasticstack,.github/workflows/schema-coverage-rotation.md,13,2026-04-12 12:40:58+00:00,False,
879,186,elastic/terraform-provider-elasticstack,.github/workflows/schema-coverage-rotation.md,14,2026-04-14 07:22:29+00:00,False,
880,186,elastic/terraform-provider-elasticstack,.github/workflows/schema-coverage-rotation.md,15,2026-04-14 23:03:12+00:00,False,
881,186,elastic/terraform-provider-elasticstack,.github/workflows/schema-coverage-rotation.md,16,2026-04-22 00:43:20+00:00,False,
882,186,elastic/terraform-provider-elasticstack,.github/workflows/schema-coverage-rotation.md,17,2026-04-23 04:06:45+00:00,False,
883,186,elastic/terraform-provider-elasticstack,.github/workflows/schema-coverage-rotation.md,18,2026-05-04 07:55:37+00:00,False,
884,186,elastic/terraform-provider-elasticstack,.github/workflows/schema-coverage-rotation.md,19,2026-05-04 07:59:58+00:00,False,17.0
885,186,elastic/terraform-provider-elasticstack,.github/workflows/schema-coverage-rotation.md,20,2026-05-05 03:46:38+00:00,False,
886,186,elastic/terraform-provider-elasticstack,.github/workflows/schema-coverage-rotation.md,21,2026-05-06 04:15:33+00:00,False,
887,186,elastic/terraform-provider-elasticstack,.github/workflows/schema-coverage-rotation.md,22,2026-05-16 12:09:11+00:00,False,
888,186,elastic/terraform-provider-elasticstack,.github/workflows/schema-coverage-rotation.md,23,2026-05-18 03:08:06+00:00,False,
889,186,elastic/terraform-provider-elasticstack,.github/workflows/schema-coverage-rotation.md,24,2026-05-18 09:03:14+00:00,False,
890,186,elastic/terraform-provider-elasticstack,.github/workflows/schema-coverage-rotation.md,25,2026-05-18 11:26:59+00:00,False,
891,186,elastic/terraform-provider-elasticstack,.github/workflows/schema-coverage-rotation.md,26,2026-05-22 06:45:00+00:00,False,
892,186,elastic/terraform-provider-elasticstack,.github/workflows/schema-coverage-rotation.md,27,2026-05-22 12:20:13+00:00,False,
893,186,elastic/terraform-provider-elasticstack,.github/workflows/schema-coverage-rotation.md,28,2026-06-02 11:35:44+00:00,False,
894,187,elastic/terraform-provider-elasticstack,.github/workflows/security-role-docs-drift.md,1,2026-05-27 10:51:51+00:00,False,
895,187,elastic/terraform-provider-elasticstack,.github/workflows/security-role-docs-drift.md,2,2026-06-02 11:35:44+00:00,False,
896,188,elastic/terraform-provider-elasticstack,.github/workflows/semantic-function-refactor.md,1,2026-05-04 23:22:27+00:00,False,
897,188,elastic/terraform-provider-elasticstack,.github/workflows/semantic-function-refactor.md,2,2026-05-05 03:46:38+00:00,False,
898,188,elastic/terraform-provider-elasticstack,.github/workflows/semantic-function-refactor.md,3,2026-05-06 04:15:33+00:00,False,
899,188,elastic/terraform-provider-elasticstack,.github/workflows/semantic-function-refactor.md,4,2026-05-16 12:09:11+00:00,False,
900,188,elastic/terraform-provider-elasticstack,.github/workflows/semantic-function-refactor.md,5,2026-05-18 09:03:14+00:00,False,
901,188,elastic/terraform-provider-elasticstack,.github/workflows/semantic-function-refactor.md,6,2026-05-18 11:26:59+00:00,False,
902,188,elastic/terraform-provider-elasticstack,.github/workflows/semantic-function-refactor.md,7,2026-05-19 01:50:29+00:00,False,
903,188,elastic/terraform-provider-elasticstack,.github/workflows/semantic-function-refactor.md,8,2026-05-19 08:06:32+00:00,False,
904,188,elastic/terraform-provider-elasticstack,.github/workflows/semantic-function-refactor.md,9,2026-05-19 21:25:56+00:00,False,
905,188,elastic/terraform-provider-elasticstack,.github/workflows/semantic-function-refactor.md,10,2026-05-20 00:03:46+00:00,False,
906,188,elastic/terraform-provider-elasticstack,.github/workflows/semantic-function-refactor.md,11,2026-05-20 00:46:18+00:00,False,
907,188,elastic/terraform-provider-elasticstack,.github/workflows/semantic-function-refactor.md,12,2026-05-22 06:45:00+00:00,False,
908,188,elastic/terraform-provider-elasticstack,.github/workflows/semantic-function-refactor.md,13,2026-05-22 12:20:13+00:00,False,
909,188,elastic/terraform-provider-elasticstack,.github/workflows/semantic-function-refactor.md,14,2026-06-02 11:35:44+00:00,False,
910,189,pulumi/pulumi-azuread,.github/workflows/gh-aw-pr-rereview.md,1,2026-05-12 06:21:22+00:00,False,
911,190,pulumi/pulumi-azuread,.github/workflows/gh-aw-pr-review.md,1,2026-05-12 06:21:22+00:00,False,
912,191,pulumi/pulumi-gitlab,.github/workflows/gh-aw-pr-rereview.md,1,2026-05-12 06:42:27+00:00,False,
913,192,pulumi/pulumi-gitlab,.github/workflows/gh-aw-pr-review.md,1,2026-05-12 06:42:27+00:00,False,
914,193,pulumi/pulumi-datadog,.github/workflows/gh-aw-pr-rereview.md,1,2026-05-12 06:42:51+00:00,False,
915,194,pulumi/pulumi-datadog,.github/workflows/gh-aw-pr-review.md,1,2026-05-12 06:42:51+00:00,False,
916,195,advanced-security/advanced-security-material,.github/workflows/codeql-version-tracker.md,1,2026-04-21 19:12:16+00:00,False,
917,195,advanced-security/advanced-security-material,.github/workflows/codeql-version-tracker.md,2,2026-04-22 17:28:46+00:00,False,
918,195,advanced-security/advanced-security-material,.github/workflows/codeql-version-tracker.md,3,2026-04-22 17:39:48+00:00,False,
919,195,advanced-security/advanced-security-material,.github/workflows/codeql-version-tracker.md,4,2026-04-22 17:54:42+00:00,False,
920,195,advanced-security/advanced-security-material,.github/workflows/codeql-version-tracker.md,5,2026-04-22 18:06:51+00:00,False,
921,195,advanced-security/advanced-security-material,.github/workflows/codeql-version-tracker.md,6,2026-04-22 18:37:49+00:00,False,
922,195,advanced-security/advanced-security-material,.github/workflows/codeql-version-tracker.md,7,2026-06-23 15:48:51+00:00,False,
923,195,advanced-security/advanced-security-material,.github/workflows/codeql-version-tracker.md,8,2026-06-23 16:41:59+00:00,False,
924,196,advanced-security/advanced-security-material,.github/workflows/update-ghas-matrix.md,1,2026-03-20 20:59:58+00:00,False,
925,196,advanced-security/advanced-security-material,.github/workflows/update-ghas-matrix.md,2,2026-03-20 21:03:24+00:00,False,
926,196,advanced-security/advanced-security-material,.github/workflows/update-ghas-matrix.md,3,2026-03-20 22:37:52+00:00,False,
927,196,advanced-security/advanced-security-material,.github/workflows/update-ghas-matrix.md,4,2026-03-21 02:34:06+00:00,False,
928,196,advanced-security/advanced-security-material,.github/workflows/update-ghas-matrix.md,5,2026-03-30 17:50:27+00:00,False,
929,196,advanced-security/advanced-security-material,.github/workflows/update-ghas-matrix.md,6,2026-03-30 18:18:54+00:00,False,
930,196,advanced-security/advanced-security-material,.github/workflows/update-ghas-matrix.md,7,2026-03-30 18:21:22+00:00,False,
931,196,advanced-security/advanced-security-material,.github/workflows/update-ghas-matrix.md,8,2026-04-22 18:06:51+00:00,False,
932,196,advanced-security/advanced-security-material,.github/workflows/update-ghas-matrix.md,9,2026-04-22 18:32:57+00:00,False,
933,196,advanced-security/advanced-security-material,.github/workflows/update-ghas-matrix.md,10,2026-06-23 15:37:45+00:00,False,
934,196,advanced-security/advanced-security-material,.github/workflows/update-ghas-matrix.md,11,2026-06-23 15:48:35+00:00,False,
935,197,pulumi/pulumi-command,.github/workflows/gh-aw-pr-rereview.md,1,2026-05-12 06:27:00+00:00,False,
936,198,pulumi/pulumi-command,.github/workflows/gh-aw-pr-review.md,1,2026-05-12 06:27:00+00:00,False,
937,199,anweiss/cddl,.github/workflows/ci-doctor.md,1,2026-04-06 18:55:50+00:00,False,
938,200,r12f/rnp,.github/workflows/daily-repo-status.md,1,2026-02-03 01:18:33+00:00,False,
939,201,guitarrapc/githubactions-lab,.github/workflows/monthly-oss-repo-status.md,1,2026-04-01 08:01:37+00:00,False,
940,201,guitarrapc/githubactions-lab,.github/workflows/monthly-oss-repo-status.md,2,2026-04-01 08:30:50+00:00,False,
941,201,guitarrapc/githubactions-lab,.github/workflows/monthly-oss-repo-status.md,3,2026-04-01 10:45:38+00:00,False,
942,202,Azure/azure-sdk-for-rust,.github/workflows/issue-triage.md,1,2026-03-10 03:21:00+00:00,False,
943,202,Azure/azure-sdk-for-rust,.github/workflows/issue-triage.md,2,2026-03-13 00:25:09+00:00,False,
944,202,Azure/azure-sdk-for-rust,.github/workflows/issue-triage.md,3,2026-03-16 23:16:13+00:00,False,
945,202,Azure/azure-sdk-for-rust,.github/workflows/issue-triage.md,4,2026-03-20 01:42:35+00:00,False,
946,202,Azure/azure-sdk-for-rust,.github/workflows/issue-triage.md,5,2026-03-24 21:55:00+00:00,False,
947,202,Azure/azure-sdk-for-rust,.github/workflows/issue-triage.md,6,2026-03-25 23:09:23+00:00,False,
948,202,Azure/azure-sdk-for-rust,.github/workflows/issue-triage.md,7,2026-03-26 20:54:26+00:00,False,
949,202,Azure/azure-sdk-for-rust,.github/workflows/issue-triage.md,8,2026-04-22 00:17:42+00:00,False,
950,202,Azure/azure-sdk-for-rust,.github/workflows/issue-triage.md,9,2026-04-23 00:17:21+00:00,False,
951,202,Azure/azure-sdk-for-rust,.github/workflows/issue-triage.md,10,2026-05-18 19:22:49+00:00,False,
952,203,prowler-cloud/prowler,.github/workflows/issue-triage.md,1,2026-02-23 15:09:35+00:00,False,
953,204,microsoft/vscode-pylint,.github/workflows/check-python-versions.md,1,2026-02-17 21:42:37+00:00,False,
954,204,microsoft/vscode-pylint,.github/workflows/check-python-versions.md,2,2026-02-24 01:14:11+00:00,False,
955,204,microsoft/vscode-pylint,.github/workflows/check-python-versions.md,3,2026-06-09 17:34:01+00:00,False,
956,204,microsoft/vscode-pylint,.github/workflows/check-python-versions.md,4,2026-06-23 19:22:55+00:00,False,
957,205,microsoft/vscode-pylint,.github/workflows/extension-template-sync.md,1,2026-02-25 18:46:09+00:00,False,
958,205,microsoft/vscode-pylint,.github/workflows/extension-template-sync.md,2,2026-02-27 17:32:43+00:00,False,
959,205,microsoft/vscode-pylint,.github/workflows/extension-template-sync.md,3,2026-03-03 18:17:17+00:00,False,
960,205,microsoft/vscode-pylint,.github/workflows/extension-template-sync.md,4,2026-03-20 19:58:14+00:00,False,
961,205,microsoft/vscode-pylint,.github/workflows/extension-template-sync.md,5,2026-03-25 16:28:30+00:00,False,
962,205,microsoft/vscode-pylint,.github/workflows/extension-template-sync.md,6,2026-06-09 17:34:01+00:00,False,
963,205,microsoft/vscode-pylint,.github/workflows/extension-template-sync.md,7,2026-06-23 19:22:55+00:00,False,
964,206,microsoft/vscode-pylint,.github/workflows/issue-triage.md,1,2026-02-25 01:01:26+00:00,False,
965,206,microsoft/vscode-pylint,.github/workflows/issue-triage.md,2,2026-02-25 01:21:59+00:00,False,
966,206,microsoft/vscode-pylint,.github/workflows/issue-triage.md,3,2026-02-27 19:57:22+00:00,False,
967,206,microsoft/vscode-pylint,.github/workflows/issue-triage.md,4,2026-03-03 18:17:17+00:00,False,
968,206,microsoft/vscode-pylint,.github/workflows/issue-triage.md,5,2026-06-09 17:34:01+00:00,False,
969,206,microsoft/vscode-pylint,.github/workflows/issue-triage.md,6,2026-06-23 19:22:55+00:00,False,
970,207,adoptium/api.adoptium.net,.github/workflows/production-branch-checker.md,1,2026-05-29 15:25:37+00:00,False,
971,207,adoptium/api.adoptium.net,.github/workflows/production-branch-checker.md,2,2026-06-01 10:55:32+00:00,False,
972,208,pulumi/pulumi-vault,.github/workflows/gh-aw-pr-rereview.md,1,2026-05-12 07:25:42+00:00,False,
973,209,pulumi/pulumi-vault,.github/workflows/gh-aw-pr-review.md,1,2026-05-12 07:25:42+00:00,False,
974,210,pulumi/pulumi-cdk,.github/workflows/cdk-pr-rereview.md,1,2026-03-11 13:16:30+00:00,False,
975,211,pulumi/pulumi-cdk,.github/workflows/cdk-pr-review.md,1,2026-03-11 13:16:30+00:00,False,
976,212,microsoft/vscode-black-formatter,.github/workflows/check-python-versions.md,1,2026-02-20 22:33:27+00:00,False,
977,212,microsoft/vscode-black-formatter,.github/workflows/check-python-versions.md,2,2026-06-09 17:33:25+00:00,False,
978,212,microsoft/vscode-black-formatter,.github/workflows/check-python-versions.md,3,2026-06-23 19:17:50+00:00,False,
979,213,microsoft/vscode-black-formatter,.github/workflows/extension-template-sync.md,1,2026-02-25 18:46:34+00:00,False,
980,213,microsoft/vscode-black-formatter,.github/workflows/extension-template-sync.md,2,2026-02-27 17:33:09+00:00,False,
981,213,microsoft/vscode-black-formatter,.github/workflows/extension-template-sync.md,3,2026-03-03 18:18:12+00:00,False,
982,213,microsoft/vscode-black-formatter,.github/workflows/extension-template-sync.md,4,2026-03-20 19:59:20+00:00,False,
983,213,microsoft/vscode-black-formatter,.github/workflows/extension-template-sync.md,5,2026-03-27 21:37:57+00:00,False,
984,213,microsoft/vscode-black-formatter,.github/workflows/extension-template-sync.md,6,2026-06-09 17:33:25+00:00,False,
985,213,microsoft/vscode-black-formatter,.github/workflows/extension-template-sync.md,7,2026-06-23 19:17:50+00:00,False,
986,214,microsoft/vscode-black-formatter,.github/workflows/issue-triage.md,1,2026-02-25 17:54:32+00:00,False,
987,214,microsoft/vscode-black-formatter,.github/workflows/issue-triage.md,2,2026-02-27 19:57:03+00:00,False,
988,214,microsoft/vscode-black-formatter,.github/workflows/issue-triage.md,3,2026-03-03 18:18:12+00:00,False,
989,214,microsoft/vscode-black-formatter,.github/workflows/issue-triage.md,4,2026-06-09 17:33:25+00:00,False,
990,214,microsoft/vscode-black-formatter,.github/workflows/issue-triage.md,5,2026-06-23 19:17:50+00:00,False,
991,215,py-why/dowhy,.github/workflows/repo-assist.md,1,2026-03-18 16:54:27+00:00,False,
992,215,py-why/dowhy,.github/workflows/repo-assist.md,2,2026-04-01 07:37:42+00:00,False,
993,215,py-why/dowhy,.github/workflows/repo-assist.md,3,2026-04-10 15:11:30+00:00,False,
994,215,py-why/dowhy,.github/workflows/repo-assist.md,4,2026-04-14 07:31:18+00:00,False,
995,216,microsoft/vscode-isort,.github/workflows/check-python-versions.md,1,2026-02-17 21:32:22+00:00,False,
996,216,microsoft/vscode-isort,.github/workflows/check-python-versions.md,2,2026-02-20 00:12:49+00:00,False,
997,216,microsoft/vscode-isort,.github/workflows/check-python-versions.md,3,2026-06-09 17:32:18+00:00,False,
998,216,microsoft/vscode-isort,.github/workflows/check-python-versions.md,4,2026-06-23 19:18:45+00:00,False,
999,217,microsoft/vscode-isort,.github/workflows/extension-template-sync.md,1,2026-02-25 18:46:40+00:00,False,
1000,217,microsoft/vscode-isort,.github/workflows/extension-template-sync.md,2,2026-02-27 17:32:53+00:00,False,
1001,217,microsoft/vscode-isort,.github/workflows/extension-template-sync.md,3,2026-03-03 18:17:51+00:00,False,
1002,217,microsoft/vscode-isort,.github/workflows/extension-template-sync.md,4,2026-03-20 23:16:21+00:00,False,
1003,217,microsoft/vscode-isort,.github/workflows/extension-template-sync.md,5,2026-03-24 16:29:52+00:00,False,
1004,217,microsoft/vscode-isort,.github/workflows/extension-template-sync.md,6,2026-06-09 17:32:18+00:00,False,
1005,217,microsoft/vscode-isort,.github/workflows/extension-template-sync.md,7,2026-06-23 19:18:45+00:00,False,
1006,218,microsoft/vscode-isort,.github/workflows/issue-triage.md,1,2026-02-25 17:54:23+00:00,False,
1007,218,microsoft/vscode-isort,.github/workflows/issue-triage.md,2,2026-02-27 19:57:18+00:00,False,
1008,218,microsoft/vscode-isort,.github/workflows/issue-triage.md,3,2026-03-03 18:17:51+00:00,False,
1009,218,microsoft/vscode-isort,.github/workflows/issue-triage.md,4,2026-06-09 17:32:18+00:00,False,
1010,218,microsoft/vscode-isort,.github/workflows/issue-triage.md,5,2026-06-23 19:18:45+00:00,False,
1011,219,pulumi/pulumi-oci,.github/workflows/gh-aw-pr-rereview.md,1,2026-05-12 07:23:48+00:00,False,
1012,220,pulumi/pulumi-oci,.github/workflows/gh-aw-pr-review.md,1,2026-05-12 07:23:48+00:00,False,
1013,221,NikiforovAll/keycloak-authorization-services-dotnet,.github/workflows/keybot.md,1,2026-03-29 13:12:27+00:00,False,
1014,221,NikiforovAll/keycloak-authorization-services-dotnet,.github/workflows/keybot.md,2,2026-03-29 13:39:45+00:00,False,
1015,221,NikiforovAll/keycloak-authorization-services-dotnet,.github/workflows/keybot.md,3,2026-03-29 14:00:18+00:00,False,
1016,221,NikiforovAll/keycloak-authorization-services-dotnet,.github/workflows/keybot.md,4,2026-04-13 05:57:56+00:00,False,
1017,221,NikiforovAll/keycloak-authorization-services-dotnet,.github/workflows/keybot.md,5,2026-05-02 16:09:19+00:00,False,
1018,222,getindata/kedro-vertexai,.github/workflows/dependabot-fix.md,1,2026-03-19 11:59:13+00:00,False,
1019,223,getindata/kedro-vertexai,.github/workflows/dependabot-review.md,1,2026-03-25 12:49:11+00:00,False,
1020,224,baizhiheizi/quill,.github/workflows/accessibility-review.md,1,2026-06-09 21:44:54+00:00,False,
1021,224,baizhiheizi/quill,.github/workflows/accessibility-review.md,2,2026-06-15 01:28:32+00:00,False,
1022,224,baizhiheizi/quill,.github/workflows/accessibility-review.md,3,2026-06-15 04:49:19+00:00,False,
1023,225,baizhiheizi/quill,.github/workflows/agentic-wiki-writer.md,1,2026-06-09 21:44:54+00:00,False,
1024,225,baizhiheizi/quill,.github/workflows/agentic-wiki-writer.md,2,2026-06-15 01:28:32+00:00,False,
1025,226,baizhiheizi/quill,.github/workflows/code-simplifier.md,1,2026-06-09 21:44:54+00:00,False,
1026,226,baizhiheizi/quill,.github/workflows/code-simplifier.md,2,2026-06-15 01:28:32+00:00,False,
1027,227,baizhiheizi/quill,.github/workflows/discussion-task-miner.md,1,2026-06-14 14:09:42+00:00,False,
1028,227,baizhiheizi/quill,.github/workflows/discussion-task-miner.md,2,2026-06-15 01:28:32+00:00,False,
1029,228,baizhiheizi/quill,.github/workflows/efficiency-improver.md,1,2026-06-09 21:44:54+00:00,False,
1030,228,baizhiheizi/quill,.github/workflows/efficiency-improver.md,2,2026-06-15 01:28:32+00:00,False,
1031,229,baizhiheizi/quill,.github/workflows/large-file-simplifier.md,1,2026-06-09 21:44:54+00:00,False,
1032,229,baizhiheizi/quill,.github/workflows/large-file-simplifier.md,2,2026-06-15 01:28:32+00:00,False,
1033,230,baizhiheizi/quill,.github/workflows/malicious-code-scan.md,1,2026-06-09 21:44:54+00:00,False,
1034,230,baizhiheizi/quill,.github/workflows/malicious-code-scan.md,2,2026-06-15 01:28:32+00:00,False,
1035,231,baizhiheizi/quill,.github/workflows/perf-improver.md,1,2026-05-30 13:46:11+00:00,False,
1036,231,baizhiheizi/quill,.github/workflows/perf-improver.md,2,2026-05-30 13:50:07+00:00,False,
1037,231,baizhiheizi/quill,.github/workflows/perf-improver.md,3,2026-06-06 01:07:06+00:00,False,
1038,231,baizhiheizi/quill,.github/workflows/perf-improver.md,4,2026-06-08 01:51:27+00:00,False,
1039,231,baizhiheizi/quill,.github/workflows/perf-improver.md,5,2026-06-09 21:44:54+00:00,False,
1040,231,baizhiheizi/quill,.github/workflows/perf-improver.md,6,2026-06-15 01:28:32+00:00,False,
1041,232,baizhiheizi/quill,.github/workflows/pr-fix.md,1,2026-06-09 22:14:23+00:00,False,
1042,232,baizhiheizi/quill,.github/workflows/pr-fix.md,2,2026-06-15 01:28:32+00:00,False,
1043,233,baizhiheizi/quill,.github/workflows/repo-assist.md,1,2026-06-08 01:51:27+00:00,False,
1044,233,baizhiheizi/quill,.github/workflows/repo-assist.md,2,2026-06-09 21:44:54+00:00,False,
1045,233,baizhiheizi/quill,.github/workflows/repo-assist.md,3,2026-06-15 01:28:32+00:00,False,
1046,234,baizhiheizi/quill,.github/workflows/repository-quality-improver.md,1,2026-06-09 21:44:54+00:00,False,
1047,234,baizhiheizi/quill,.github/workflows/repository-quality-improver.md,2,2026-06-15 01:28:32+00:00,False,
1048,235,baizhiheizi/quill,.github/workflows/sub-issue-closer.md,1,2026-06-09 21:44:54+00:00,False,
1049,235,baizhiheizi/quill,.github/workflows/sub-issue-closer.md,2,2026-06-15 01:28:32+00:00,False,
1050,236,baizhiheizi/quill,.github/workflows/test-improver.md,1,2026-06-01 07:14:08+00:00,False,
1051,236,baizhiheizi/quill,.github/workflows/test-improver.md,2,2026-06-01 10:17:21+00:00,False,
1052,236,baizhiheizi/quill,.github/workflows/test-improver.md,3,2026-06-06 01:07:06+00:00,False,
1053,236,baizhiheizi/quill,.github/workflows/test-improver.md,4,2026-06-08 01:51:27+00:00,False,
1054,236,baizhiheizi/quill,.github/workflows/test-improver.md,5,2026-06-09 21:44:54+00:00,False,
1055,236,baizhiheizi/quill,.github/workflows/test-improver.md,6,2026-06-15 01:28:32+00:00,False,
1056,237,baizhiheizi/quill,.github/workflows/unbloat-docs.md,1,2026-06-09 21:44:54+00:00,False,
1057,237,baizhiheizi/quill,.github/workflows/unbloat-docs.md,2,2026-06-15 01:28:32+00:00,False,
1058,238,baizhiheizi/quill,.github/workflows/weekly-research.md,1,2026-06-09 21:44:54+00:00,False,
1059,238,baizhiheizi/quill,.github/workflows/weekly-research.md,2,2026-06-15 01:28:32+00:00,False,
1060,239,microsoft/security-devops-action,.github/workflows/ci-doctor.md,1,2026-03-16 15:21:02+00:00,False,
1061,239,microsoft/security-devops-action,.github/workflows/ci-doctor.md,2,2026-03-16 18:07:21+00:00,False,
1062,239,microsoft/security-devops-action,.github/workflows/ci-doctor.md,3,2026-03-16 21:27:44+00:00,False,
1063,239,microsoft/security-devops-action,.github/workflows/ci-doctor.md,4,2026-03-21 09:52:34+00:00,False,
1064,239,microsoft/security-devops-action,.github/workflows/ci-doctor.md,5,2026-04-24 07:05:33+00:00,False,
1065,239,microsoft/security-devops-action,.github/workflows/ci-doctor.md,6,2026-04-24 07:46:07+00:00,False,
1066,240,microsoft/security-devops-action,.github/workflows/msdo-breach-monitor.md,1,2026-03-21 10:10:44+00:00,False,
1067,240,microsoft/security-devops-action,.github/workflows/msdo-breach-monitor.md,2,2026-03-22 14:45:51+00:00,False,
1068,240,microsoft/security-devops-action,.github/workflows/msdo-breach-monitor.md,3,2026-03-23 07:43:58+00:00,False,
1069,240,microsoft/security-devops-action,.github/workflows/msdo-breach-monitor.md,4,2026-03-23 16:41:18+00:00,False,
1070,240,microsoft/security-devops-action,.github/workflows/msdo-breach-monitor.md,5,2026-04-24 07:05:33+00:00,False,
1071,240,microsoft/security-devops-action,.github/workflows/msdo-breach-monitor.md,6,2026-04-24 07:46:07+00:00,False,
1072,241,microsoft/security-devops-action,.github/workflows/msdo-issue-assistant.md,1,2026-02-19 06:00:48+00:00,False,
1073,241,microsoft/security-devops-action,.github/workflows/msdo-issue-assistant.md,2,2026-02-23 19:05:26+00:00,False,
1074,241,microsoft/security-devops-action,.github/workflows/msdo-issue-assistant.md,3,2026-02-23 20:07:42+00:00,False,
1075,241,microsoft/security-devops-action,.github/workflows/msdo-issue-assistant.md,4,2026-02-25 18:43:51+00:00,False,
1076,241,microsoft/security-devops-action,.github/workflows/msdo-issue-assistant.md,5,2026-03-03 16:54:37+00:00,False,
1077,241,microsoft/security-devops-action,.github/workflows/msdo-issue-assistant.md,6,2026-03-21 09:52:34+00:00,False,
1078,241,microsoft/security-devops-action,.github/workflows/msdo-issue-assistant.md,7,2026-04-13 06:20:21+00:00,False,
1079,241,microsoft/security-devops-action,.github/workflows/msdo-issue-assistant.md,8,2026-04-24 07:05:33+00:00,False,
1080,241,microsoft/security-devops-action,.github/workflows/msdo-issue-assistant.md,9,2026-04-24 07:39:57+00:00,False,
1081,241,microsoft/security-devops-action,.github/workflows/msdo-issue-assistant.md,10,2026-04-24 07:46:07+00:00,False,
1082,242,Azure/azure-dev,.github/workflows/extension-pr-labeler.md,1,2026-05-20 17:36:39+00:00,False,
1083,242,Azure/azure-dev,.github/workflows/extension-pr-labeler.md,2,2026-06-19 21:35:52+00:00,False,
1084,243,Azure/azure-dev,.github/workflows/update-instructions-from-pr-reviews.md,1,2026-06-17 20:00:51+00:00,False,
1085,243,Azure/azure-dev,.github/workflows/update-instructions-from-pr-reviews.md,2,2026-06-19 21:35:52+00:00,False,
1119,246,pulumi/pulumi-aiven,.github/workflows/gh-aw-pr-rereview.md,1,2026-05-12 06:06:38+00:00,False,
1120,247,pulumi/pulumi-aiven,.github/workflows/gh-aw-pr-review.md,1,2026-05-12 06:06:38+00:00,False,
1121,248,pulumi/pulumi-tailscale,.github/workflows/gh-aw-pr-rereview.md,1,2026-05-12 07:18:19+00:00,False,
1122,249,pulumi/pulumi-tailscale,.github/workflows/gh-aw-pr-review.md,1,2026-05-12 07:18:19+00:00,False,
1123,250,pulumi/pulumi-kubernetes-cert-manager,.github/workflows/gh-aw-pr-rereview.md,1,2026-05-12 06:50:00+00:00,False,
1124,251,pulumi/pulumi-kubernetes-cert-manager,.github/workflows/gh-aw-pr-review.md,1,2026-05-12 06:50:00+00:00,False,
1125,252,talk2MeGooseman/stream_closed_captioner_phoenix,.github/workflows/daily-test-improver.md,1,2026-01-19 00:55:04+00:00,False,
1126,252,talk2MeGooseman/stream_closed_captioner_phoenix,.github/workflows/daily-test-improver.md,2,2026-01-19 01:06:32+00:00,False,
1127,252,talk2MeGooseman/stream_closed_captioner_phoenix,.github/workflows/daily-test-improver.md,3,2026-01-19 01:08:24+00:00,False,
1128,252,talk2MeGooseman/stream_closed_captioner_phoenix,.github/workflows/daily-test-improver.md,4,2026-01-19 07:37:43+00:00,False,
1129,252,talk2MeGooseman/stream_closed_captioner_phoenix,.github/workflows/daily-test-improver.md,5,2026-01-19 15:51:33+00:00,False,
1130,252,talk2MeGooseman/stream_closed_captioner_phoenix,.github/workflows/daily-test-improver.md,6,2026-02-28 19:05:57+00:00,False,
1131,252,talk2MeGooseman/stream_closed_captioner_phoenix,.github/workflows/daily-test-improver.md,7,2026-02-28 21:01:57+00:00,False,
1132,252,talk2MeGooseman/stream_closed_captioner_phoenix,.github/workflows/daily-test-improver.md,8,2026-04-12 03:11:17+00:00,False,
1133,253,talk2MeGooseman/stream_closed_captioner_phoenix,.github/workflows/repository-quality-improver.md,1,2026-04-12 03:11:17+00:00,False,
1134,254,pulumi/pulumi-mongodbatlas,.github/workflows/gh-aw-pr-rereview.md,1,2026-05-12 06:56:35+00:00,False,
1135,255,pulumi/pulumi-mongodbatlas,.github/workflows/gh-aw-pr-review.md,1,2026-05-12 06:56:35+00:00,False,
1136,256,pulumi/pulumi-kafka,.github/workflows/gh-aw-pr-rereview.md,1,2026-05-12 06:46:07+00:00,False,
1137,257,pulumi/pulumi-kafka,.github/workflows/gh-aw-pr-review.md,1,2026-05-12 06:46:07+00:00,False,
1138,258,pulumi/pulumi-newrelic,.github/workflows/gh-aw-pr-rereview.md,1,2026-05-12 06:58:37+00:00,False,
1139,259,pulumi/pulumi-newrelic,.github/workflows/gh-aw-pr-review.md,1,2026-05-12 06:58:37+00:00,False,
1140,260,microsoft/pylance-release,.github/workflows/issue-assignment.md,1,2026-02-13 21:49:25+00:00,False,
1141,261,pulumi/pulumi-pulumiservice,.github/workflows/gh-aw-pr-rereview.md,1,2026-05-28 07:34:19+00:00,False,
1142,262,pulumi/pulumi-pulumiservice,.github/workflows/gh-aw-pr-review.md,1,2026-05-28 07:34:19+00:00,False,
1143,263,microsoft/vscode-mypy,.github/workflows/check-python-versions.md,1,2026-02-17 21:37:12+00:00,False,
1144,263,microsoft/vscode-mypy,.github/workflows/check-python-versions.md,2,2026-02-24 00:41:51+00:00,False,
1145,263,microsoft/vscode-mypy,.github/workflows/check-python-versions.md,3,2026-06-09 17:33:54+00:00,False,
1146,263,microsoft/vscode-mypy,.github/workflows/check-python-versions.md,4,2026-06-23 19:22:12+00:00,False,
1147,264,microsoft/vscode-mypy,.github/workflows/extension-template-sync.md,1,2026-02-26 00:08:33+00:00,False,
1148,264,microsoft/vscode-mypy,.github/workflows/extension-template-sync.md,2,2026-02-27 17:32:49+00:00,False,
1149,264,microsoft/vscode-mypy,.github/workflows/extension-template-sync.md,3,2026-03-03 18:17:37+00:00,False,
1150,264,microsoft/vscode-mypy,.github/workflows/extension-template-sync.md,4,2026-03-20 19:58:12+00:00,False,
1151,264,microsoft/vscode-mypy,.github/workflows/extension-template-sync.md,5,2026-03-25 00:41:14+00:00,False,
1152,264,microsoft/vscode-mypy,.github/workflows/extension-template-sync.md,6,2026-06-09 17:33:54+00:00,False,
1153,264,microsoft/vscode-mypy,.github/workflows/extension-template-sync.md,7,2026-06-23 19:22:12+00:00,False,
1154,265,microsoft/vscode-mypy,.github/workflows/issue-triage.md,1,2026-02-25 17:55:18+00:00,False,
1155,265,microsoft/vscode-mypy,.github/workflows/issue-triage.md,2,2026-02-27 19:57:13+00:00,False,
1156,265,microsoft/vscode-mypy,.github/workflows/issue-triage.md,3,2026-03-03 18:17:37+00:00,False,
1157,265,microsoft/vscode-mypy,.github/workflows/issue-triage.md,4,2026-06-09 17:33:54+00:00,False,
1158,265,microsoft/vscode-mypy,.github/workflows/issue-triage.md,5,2026-06-23 19:22:12+00:00,False,
1159,266,Alfresco/alfresco-build-tools,.github/workflows/supply-chain-review.md,1,2026-05-28 13:55:52+00:00,False,
1160,266,Alfresco/alfresco-build-tools,.github/workflows/supply-chain-review.md,2,2026-05-29 10:54:47+00:00,False,
1161,266,Alfresco/alfresco-build-tools,.github/workflows/supply-chain-review.md,3,2026-05-29 13:21:33+00:00,False,
1162,266,Alfresco/alfresco-build-tools,.github/workflows/supply-chain-review.md,4,2026-06-03 15:13:37+00:00,False,
1163,266,Alfresco/alfresco-build-tools,.github/workflows/supply-chain-review.md,5,2026-06-10 11:29:33+00:00,False,
1190,275,sytone/obsidian-queryallthethings,.github/workflows/code-simplifier.md,1,2026-02-27 00:23:49+00:00,False,
1191,276,pulumi/pulumi-snowflake,.github/workflows/gh-aw-pr-rereview.md,1,2026-05-12 07:17:10+00:00,False,
1192,277,pulumi/pulumi-snowflake,.github/workflows/gh-aw-pr-review.md,1,2026-05-12 07:17:10+00:00,False,
1193,278,pulumi/pulumi-azure-native,.github/workflows/azure-native-pr-rereview.md,1,2026-03-12 17:27:35+00:00,False,
1194,279,pulumi/pulumi-azure-native,.github/workflows/azure-native-pr-review.md,1,2026-03-12 17:27:35+00:00,False,
1195,280,Azure/LogicAppsUX,.github/workflows/daily-repo-status.md,1,2026-02-24 15:56:19+00:00,False,
1196,281,Azure/LogicAppsUX,.github/workflows/issue-triage-agent.md,1,2026-04-01 20:57:27+00:00,False,
1197,281,Azure/LogicAppsUX,.github/workflows/issue-triage-agent.md,2,2026-04-02 02:49:52+00:00,False,
1198,281,Azure/LogicAppsUX,.github/workflows/issue-triage-agent.md,3,2026-04-08 20:59:33+00:00,False,
1199,282,Azure/LogicAppsUX,.github/workflows/issue-triage-feedback.md,1,2026-04-01 20:57:27+00:00,False,
1200,282,Azure/LogicAppsUX,.github/workflows/issue-triage-feedback.md,2,2026-04-08 20:59:33+00:00,False,
1201,283,microsoft/typespec,.github/workflows/bump-tcgc-csharp.md,1,2026-04-27 20:50:06+00:00,False,
1202,283,microsoft/typespec,.github/workflows/bump-tcgc-csharp.md,2,2026-04-28 14:43:26+00:00,False,
1203,283,microsoft/typespec,.github/workflows/bump-tcgc-csharp.md,3,2026-04-28 16:29:41+00:00,False,
1204,283,microsoft/typespec,.github/workflows/bump-tcgc-csharp.md,4,2026-06-24 21:30:57+00:00,False,
1205,284,microsoft/typespec,.github/workflows/issue-triage.md,1,2026-04-20 14:04:24+00:00,False,
1206,284,microsoft/typespec,.github/workflows/issue-triage.md,2,2026-04-21 22:44:53+00:00,False,
1207,284,microsoft/typespec,.github/workflows/issue-triage.md,3,2026-04-27 12:59:08+00:00,False,
1208,284,microsoft/typespec,.github/workflows/issue-triage.md,4,2026-04-27 13:45:49+00:00,False,
1209,284,microsoft/typespec,.github/workflows/issue-triage.md,5,2026-04-28 14:43:26+00:00,False,
1210,284,microsoft/typespec,.github/workflows/issue-triage.md,6,2026-05-01 11:20:36+00:00,False,
1211,284,microsoft/typespec,.github/workflows/issue-triage.md,7,2026-06-05 21:48:37+00:00,False,
1212,284,microsoft/typespec,.github/workflows/issue-triage.md,8,2026-06-24 21:30:57+00:00,False,
1213,285,Keboo/DotnetTemplates,.github/workflows/update-dependencies.md,1,2026-04-07 05:52:29+00:00,False,
1214,285,Keboo/DotnetTemplates,.github/workflows/update-dependencies.md,2,2026-04-15 23:26:02+00:00,False,
1215,285,Keboo/DotnetTemplates,.github/workflows/update-dependencies.md,3,2026-04-15 23:44:20+00:00,False,
1216,285,Keboo/DotnetTemplates,.github/workflows/update-dependencies.md,4,2026-05-08 17:26:43+00:00,False,
1217,285,Keboo/DotnetTemplates,.github/workflows/update-dependencies.md,5,2026-05-14 04:19:31+00:00,False,
1218,286,home-assistant/core,.github/workflows/check-requirements.md,1,2026-05-18 14:59:49+00:00,False,
1219,286,home-assistant/core,.github/workflows/check-requirements.md,2,2026-05-18 18:20:36+00:00,False,
1220,286,home-assistant/core,.github/workflows/check-requirements.md,3,2026-05-19 14:06:14+00:00,False,
1221,286,home-assistant/core,.github/workflows/check-requirements.md,4,2026-05-19 18:48:53+00:00,False,
1222,286,home-assistant/core,.github/workflows/check-requirements.md,5,2026-05-20 15:59:20+00:00,False,
1223,286,home-assistant/core,.github/workflows/check-requirements.md,6,2026-05-20 23:16:25+00:00,False,
1224,286,home-assistant/core,.github/workflows/check-requirements.md,7,2026-05-20 23:28:32+00:00,False,
1225,286,home-assistant/core,.github/workflows/check-requirements.md,8,2026-06-11 14:31:35+00:00,False,
1226,286,home-assistant/core,.github/workflows/check-requirements.md,9,2026-06-11 15:38:42+00:00,False,
1227,286,home-assistant/core,.github/workflows/check-requirements.md,10,2026-06-15 13:24:02+00:00,False,
1228,286,home-assistant/core,.github/workflows/check-requirements.md,11,2026-06-16 09:05:08+00:00,False,
1229,286,home-assistant/core,.github/workflows/check-requirements.md,12,2026-06-18 07:31:59+00:00,False,
1230,286,home-assistant/core,.github/workflows/check-requirements.md,13,2026-06-25 14:48:51+00:00,False,
1231,287,unipept/unipept,.github/workflows/dependency-update.md,1,2026-06-01 12:38:37+00:00,False,
1232,287,unipept/unipept,.github/workflows/dependency-update.md,2,2026-06-01 13:25:25+00:00,False,
1233,287,unipept/unipept,.github/workflows/dependency-update.md,3,2026-06-01 13:58:09+00:00,False,
1234,288,pulumi/pulumi-tls,.github/workflows/gh-aw-pr-rereview.md,1,2026-05-12 07:24:13+00:00,False,
1235,289,pulumi/pulumi-tls,.github/workflows/gh-aw-pr-review.md,1,2026-05-12 07:24:13+00:00,False,
1236,290,pulumi/pulumi-kubernetes-ingress-nginx,.github/workflows/gh-aw-pr-rereview.md,1,2026-05-12 06:52:57+00:00,False,
1237,291,pulumi/pulumi-kubernetes-ingress-nginx,.github/workflows/gh-aw-pr-review.md,1,2026-05-12 06:52:57+00:00,False,
1238,292,jonathanpeppers/dotnes,.github/workflows/dotnes-reviewer.md,1,2026-05-01 22:07:10+00:00,False,
1239,293,dotnet/maintenance-packages,.github/workflows/version-maintenance.md,1,2026-03-09 16:47:44+00:00,False,
1240,293,dotnet/maintenance-packages,.github/workflows/version-maintenance.md,2,2026-03-10 15:15:27+00:00,False,
1241,293,dotnet/maintenance-packages,.github/workflows/version-maintenance.md,3,2026-03-18 17:10:25+00:00,False,
1242,294,microsoft/aspire,.github/workflows/daily-repo-status.md,1,2026-02-17 17:52:26+00:00,False,
1243,294,microsoft/aspire,.github/workflows/daily-repo-status.md,2,2026-02-19 01:41:00+00:00,False,
1244,294,microsoft/aspire,.github/workflows/daily-repo-status.md,3,2026-02-20 20:49:44+00:00,False,
1245,294,microsoft/aspire,.github/workflows/daily-repo-status.md,4,2026-02-25 19:06:14+00:00,False,
1246,294,microsoft/aspire,.github/workflows/daily-repo-status.md,5,2026-04-29 17:52:10+00:00,False,
1247,294,microsoft/aspire,.github/workflows/daily-repo-status.md,6,2026-06-17 23:19:15+00:00,False,
1248,294,microsoft/aspire,.github/workflows/daily-repo-status.md,7,2026-06-18 02:43:47+00:00,False,
1249,295,microsoft/aspire,.github/workflows/extension-changelog.md,1,2026-05-30 18:48:11+00:00,False,
1250,295,microsoft/aspire,.github/workflows/extension-changelog.md,2,2026-05-31 22:51:31+00:00,False,
1251,295,microsoft/aspire,.github/workflows/extension-changelog.md,3,2026-06-01 19:15:08+00:00,False,
1252,295,microsoft/aspire,.github/workflows/extension-changelog.md,4,2026-06-02 22:01:29+00:00,False,
1253,295,microsoft/aspire,.github/workflows/extension-changelog.md,5,2026-06-17 23:19:15+00:00,False,
1254,295,microsoft/aspire,.github/workflows/extension-changelog.md,6,2026-06-18 02:43:47+00:00,False,
1255,296,microsoft/aspire,.github/workflows/milestone-changelog.md,1,2026-04-23 13:38:35+00:00,False,
1256,296,microsoft/aspire,.github/workflows/milestone-changelog.md,2,2026-05-01 15:29:33+00:00,False,
1257,296,microsoft/aspire,.github/workflows/milestone-changelog.md,3,2026-05-04 03:01:20+00:00,False,
1258,296,microsoft/aspire,.github/workflows/milestone-changelog.md,4,2026-05-05 04:47:44+00:00,False,
1259,296,microsoft/aspire,.github/workflows/milestone-changelog.md,5,2026-05-06 03:10:15+00:00,False,
1260,296,microsoft/aspire,.github/workflows/milestone-changelog.md,6,2026-05-11 09:22:02+00:00,False,
1261,296,microsoft/aspire,.github/workflows/milestone-changelog.md,7,2026-05-12 07:54:00+00:00,False,
1262,296,microsoft/aspire,.github/workflows/milestone-changelog.md,8,2026-05-14 14:18:17+00:00,False,
1263,296,microsoft/aspire,.github/workflows/milestone-changelog.md,9,2026-06-02 09:46:07+00:00,False,
1264,296,microsoft/aspire,.github/workflows/milestone-changelog.md,10,2026-06-02 22:01:29+00:00,False,
1265,296,microsoft/aspire,.github/workflows/milestone-changelog.md,11,2026-06-03 14:23:47+00:00,False,
1266,296,microsoft/aspire,.github/workflows/milestone-changelog.md,12,2026-06-17 23:19:15+00:00,False,
1267,296,microsoft/aspire,.github/workflows/milestone-changelog.md,13,2026-06-18 02:43:47+00:00,False,
1268,297,microsoft/aspire,.github/workflows/pr-docs-check.md,1,2026-04-07 02:38:38+00:00,False,
1269,297,microsoft/aspire,.github/workflows/pr-docs-check.md,2,2026-04-07 17:41:55+00:00,False,
1270,297,microsoft/aspire,.github/workflows/pr-docs-check.md,3,2026-04-07 19:09:23+00:00,False,
1271,297,microsoft/aspire,.github/workflows/pr-docs-check.md,4,2026-04-09 12:56:56+00:00,False,
1272,297,microsoft/aspire,.github/workflows/pr-docs-check.md,5,2026-04-14 04:08:22+00:00,False,
1273,297,microsoft/aspire,.github/workflows/pr-docs-check.md,6,2026-04-14 23:41:34+00:00,False,
1274,297,microsoft/aspire,.github/workflows/pr-docs-check.md,7,2026-04-21 03:45:06+00:00,False,
1275,297,microsoft/aspire,.github/workflows/pr-docs-check.md,8,2026-04-28 02:09:44+00:00,False,
1276,297,microsoft/aspire,.github/workflows/pr-docs-check.md,9,2026-05-07 20:05:39+00:00,False,
1277,297,microsoft/aspire,.github/workflows/pr-docs-check.md,10,2026-05-12 01:35:51+00:00,False,
1278,297,microsoft/aspire,.github/workflows/pr-docs-check.md,11,2026-05-13 17:23:47+00:00,False,
1279,297,microsoft/aspire,.github/workflows/pr-docs-check.md,12,2026-05-27 10:55:36+00:00,False,
1280,297,microsoft/aspire,.github/workflows/pr-docs-check.md,13,2026-06-17 23:19:15+00:00,False,
1281,297,microsoft/aspire,.github/workflows/pr-docs-check.md,14,2026-06-18 02:43:47+00:00,False,
1282,297,microsoft/aspire,.github/workflows/pr-docs-check.md,15,2026-06-25 18:43:40+00:00,False,
1283,297,microsoft/aspire,.github/workflows/pr-docs-check.md,16,2026-06-26 22:49:41+00:00,False,
1284,298,microsoft/aspire,.github/workflows/release-notes-generate.md,1,2026-05-15 02:16:04+00:00,False,
1285,298,microsoft/aspire,.github/workflows/release-notes-generate.md,2,2026-05-18 22:00:23+00:00,False,
1286,298,microsoft/aspire,.github/workflows/release-notes-generate.md,3,2026-05-19 23:07:17+00:00,False,
1287,298,microsoft/aspire,.github/workflows/release-notes-generate.md,4,2026-06-02 22:01:29+00:00,False,
1288,298,microsoft/aspire,.github/workflows/release-notes-generate.md,5,2026-06-03 21:01:50+00:00,False,
1289,298,microsoft/aspire,.github/workflows/release-notes-generate.md,6,2026-06-17 23:19:15+00:00,False,
1290,298,microsoft/aspire,.github/workflows/release-notes-generate.md,7,2026-06-18 02:43:47+00:00,False,
1291,299,microsoft/aspire,.github/workflows/release-update-support-mdx.md,1,2026-05-07 20:05:39+00:00,False,
1292,299,microsoft/aspire,.github/workflows/release-update-support-mdx.md,2,2026-05-20 21:37:47+00:00,False,
1293,299,microsoft/aspire,.github/workflows/release-update-support-mdx.md,3,2026-06-03 21:01:50+00:00,False,
1294,299,microsoft/aspire,.github/workflows/release-update-support-mdx.md,4,2026-06-17 23:19:15+00:00,False,
1295,299,microsoft/aspire,.github/workflows/release-update-support-mdx.md,5,2026-06-18 02:43:47+00:00,False,
1296,300,microsoft/aspire,.github/workflows/repo-pulse.md,1,2026-04-23 22:34:09+00:00,False,
1297,300,microsoft/aspire,.github/workflows/repo-pulse.md,2,2026-04-27 20:48:42+00:00,False,
1298,300,microsoft/aspire,.github/workflows/repo-pulse.md,3,2026-06-17 23:19:15+00:00,False,
1299,300,microsoft/aspire,.github/workflows/repo-pulse.md,4,2026-06-18 02:43:47+00:00,False,
1300,301,stride3d/stride-community-toolkit,.github/workflows/daily-activity-report.md,1,2026-02-16 08:42:00+00:00,False,
1301,301,stride3d/stride-community-toolkit,.github/workflows/daily-activity-report.md,2,2026-04-29 20:54:53+00:00,False,
1302,301,stride3d/stride-community-toolkit,.github/workflows/daily-activity-report.md,3,2026-05-24 23:20:52+00:00,False,
1303,302,clash-verge-rev/clash-verge-rev,.github/workflows/pr-ai-slop-review.md,1,2026-03-17 18:07:27+00:00,False,
1304,302,clash-verge-rev/clash-verge-rev,.github/workflows/pr-ai-slop-review.md,2,2026-03-23 16:19:59+00:00,False,
1305,302,clash-verge-rev/clash-verge-rev,.github/workflows/pr-ai-slop-review.md,3,2026-03-26 14:00:56+00:00,False,
1306,302,clash-verge-rev/clash-verge-rev,.github/workflows/pr-ai-slop-review.md,4,2026-04-14 09:46:21+00:00,False,
1307,302,clash-verge-rev/clash-verge-rev,.github/workflows/pr-ai-slop-review.md,5,2026-04-21 16:11:44+00:00,False,
1308,302,clash-verge-rev/clash-verge-rev,.github/workflows/pr-ai-slop-review.md,6,2026-05-10 09:17:43+00:00,False,
1309,302,clash-verge-rev/clash-verge-rev,.github/workflows/pr-ai-slop-review.md,7,2026-05-21 09:01:58+00:00,False,
1310,302,clash-verge-rev/clash-verge-rev,.github/workflows/pr-ai-slop-review.md,8,2026-05-21 10:35:59+00:00,False,
1311,302,clash-verge-rev/clash-verge-rev,.github/workflows/pr-ai-slop-review.md,9,2026-05-22 11:00:42+00:00,False,
1312,302,clash-verge-rev/clash-verge-rev,.github/workflows/pr-ai-slop-review.md,10,2026-05-22 11:08:40+00:00,False,
1313,302,clash-verge-rev/clash-verge-rev,.github/workflows/pr-ai-slop-review.md,11,2026-05-23 04:50:15+00:00,False,9.0
1314,302,clash-verge-rev/clash-verge-rev,.github/workflows/pr-ai-slop-review.md,12,2026-05-26 08:46:44+00:00,False,
1315,302,clash-verge-rev/clash-verge-rev,.github/workflows/pr-ai-slop-review.md,13,2026-06-02 13:18:17+00:00,False,
1316,302,clash-verge-rev/clash-verge-rev,.github/workflows/pr-ai-slop-review.md,14,2026-06-19 16:23:48+00:00,False,
1317,303,pulumi/pulumi-databricks,.github/workflows/gh-aw-pr-rereview.md,1,2026-05-12 06:29:34+00:00,False,
1318,304,pulumi/pulumi-databricks,.github/workflows/gh-aw-pr-review.md,1,2026-05-12 06:29:34+00:00,False,
1319,305,openvinotoolkit/openvino.genai,.github/workflows/ci-doctor.md,1,2026-02-25 14:55:17+00:00,False,
1320,305,openvinotoolkit/openvino.genai,.github/workflows/ci-doctor.md,2,2026-03-19 10:58:38+00:00,False,
1321,305,openvinotoolkit/openvino.genai,.github/workflows/ci-doctor.md,3,2026-03-30 15:58:54+00:00,False,
1322,305,openvinotoolkit/openvino.genai,.github/workflows/ci-doctor.md,4,2026-03-31 08:46:38+00:00,False,
1323,305,openvinotoolkit/openvino.genai,.github/workflows/ci-doctor.md,5,2026-04-07 15:50:15+00:00,False,
1324,305,openvinotoolkit/openvino.genai,.github/workflows/ci-doctor.md,6,2026-04-07 16:21:35+00:00,False,
1325,305,openvinotoolkit/openvino.genai,.github/workflows/ci-doctor.md,7,2026-04-14 07:00:50+00:00,False,
1326,305,openvinotoolkit/openvino.genai,.github/workflows/ci-doctor.md,8,2026-04-21 12:09:54+00:00,False,
1327,306,pulumi/pulumi-nomad,.github/workflows/gh-aw-pr-rereview.md,1,2026-05-12 06:57:17+00:00,False,
1328,307,pulumi/pulumi-nomad,.github/workflows/gh-aw-pr-review.md,1,2026-05-12 06:57:17+00:00,False,
1329,308,GuyKh/iec-custom-component,.github/workflows/issue-duplicate-finder.md,1,2026-02-15 16:01:23+00:00,False,
1330,309,CliMA/ClimaAtmos.jl,.github/workflows/pr-review.md,1,2026-05-18 19:44:29+00:00,False,
1331,309,CliMA/ClimaAtmos.jl,.github/workflows/pr-review.md,2,2026-05-18 22:15:32+00:00,False,
1332,309,CliMA/ClimaAtmos.jl,.github/workflows/pr-review.md,3,2026-05-28 00:13:40+00:00,False,
1333,310,KunalSin9h/meltcd,.github/workflows/daily-repo-status.md,1,2026-02-26 18:19:47+00:00,False,
1334,310,KunalSin9h/meltcd,.github/workflows/daily-repo-status.md,2,2026-02-26 18:28:02+00:00,False,
1335,311,KunalSin9h/meltcd,.github/workflows/new.md,1,2026-02-27 06:20:44+00:00,False,
1336,311,KunalSin9h/meltcd,.github/workflows/new.md,2,2026-02-27 06:34:23+00:00,False,
1337,312,KunalSin9h/meltcd,.github/workflows/safedep-on-pr.md,1,2026-02-26 18:45:35+00:00,False,
1338,312,KunalSin9h/meltcd,.github/workflows/safedep-on-pr.md,2,2026-02-26 18:57:33+00:00,False,
1339,312,KunalSin9h/meltcd,.github/workflows/safedep-on-pr.md,3,2026-02-26 18:59:34+00:00,False,
1340,312,KunalSin9h/meltcd,.github/workflows/safedep-on-pr.md,4,2026-02-27 06:20:44+00:00,False,
1341,313,rancher/dashboard,.github/workflows/daily-accessibility-review.md,1,2026-04-08 08:28:54+00:00,False,
1342,313,rancher/dashboard,.github/workflows/daily-accessibility-review.md,2,2026-04-09 15:49:35+00:00,False,
1343,313,rancher/dashboard,.github/workflows/daily-accessibility-review.md,3,2026-04-29 10:55:44+00:00,False,
1344,313,rancher/dashboard,.github/workflows/daily-accessibility-review.md,4,2026-05-11 08:37:38+00:00,False,
1345,313,rancher/dashboard,.github/workflows/daily-accessibility-review.md,5,2026-05-13 22:10:51+00:00,False,
1346,313,rancher/dashboard,.github/workflows/daily-accessibility-review.md,6,2026-05-14 18:03:46+00:00,False,
1347,313,rancher/dashboard,.github/workflows/daily-accessibility-review.md,7,2026-05-29 17:42:12+00:00,False,
1348,314,rancher/dashboard,.github/workflows/daily-issue-grooming.md,1,2026-03-05 23:10:30+00:00,False,
1349,314,rancher/dashboard,.github/workflows/daily-issue-grooming.md,2,2026-03-11 21:43:03+00:00,False,
1350,314,rancher/dashboard,.github/workflows/daily-issue-grooming.md,3,2026-03-11 22:22:47+00:00,False,
1351,314,rancher/dashboard,.github/workflows/daily-issue-grooming.md,4,2026-03-11 22:35:48+00:00,False,
1352,314,rancher/dashboard,.github/workflows/daily-issue-grooming.md,5,2026-03-12 15:21:27+00:00,False,
1353,314,rancher/dashboard,.github/workflows/daily-issue-grooming.md,6,2026-03-24 20:08:04+00:00,False,
1354,314,rancher/dashboard,.github/workflows/daily-issue-grooming.md,7,2026-05-11 08:37:38+00:00,False,
1355,314,rancher/dashboard,.github/workflows/daily-issue-grooming.md,8,2026-05-14 18:03:46+00:00,False,
1356,314,rancher/dashboard,.github/workflows/daily-issue-grooming.md,9,2026-05-29 17:42:12+00:00,False,
1357,315,rancher/dashboard,.github/workflows/daily-repo-status.md,1,2026-04-08 08:28:54+00:00,False,
1358,315,rancher/dashboard,.github/workflows/daily-repo-status.md,2,2026-05-11 08:37:38+00:00,False,
1359,315,rancher/dashboard,.github/workflows/daily-repo-status.md,3,2026-05-14 18:03:46+00:00,False,
1360,315,rancher/dashboard,.github/workflows/daily-repo-status.md,4,2026-05-29 17:42:12+00:00,False,
1361,316,rancher/dashboard,.github/workflows/daily-test-improver.md,1,2026-04-08 08:28:54+00:00,False,
1362,316,rancher/dashboard,.github/workflows/daily-test-improver.md,2,2026-04-29 10:55:44+00:00,False,
1363,316,rancher/dashboard,.github/workflows/daily-test-improver.md,3,2026-05-11 08:37:38+00:00,False,
1364,316,rancher/dashboard,.github/workflows/daily-test-improver.md,4,2026-05-14 13:47:21+00:00,False,
1365,316,rancher/dashboard,.github/workflows/daily-test-improver.md,5,2026-05-14 18:03:46+00:00,False,
1366,316,rancher/dashboard,.github/workflows/daily-test-improver.md,6,2026-05-29 17:42:12+00:00,False,
1367,317,rancher/dashboard,.github/workflows/duplicate-code-detector.md,1,2026-04-08 08:28:54+00:00,False,
1368,317,rancher/dashboard,.github/workflows/duplicate-code-detector.md,2,2026-04-29 10:55:44+00:00,False,
1369,317,rancher/dashboard,.github/workflows/duplicate-code-detector.md,3,2026-05-11 08:37:38+00:00,False,
1370,317,rancher/dashboard,.github/workflows/duplicate-code-detector.md,4,2026-05-14 18:03:46+00:00,False,
1371,317,rancher/dashboard,.github/workflows/duplicate-code-detector.md,5,2026-05-29 17:42:12+00:00,False,
1372,318,rancher/dashboard,.github/workflows/issue-triage.md,1,2026-04-08 08:28:54+00:00,False,
1373,318,rancher/dashboard,.github/workflows/issue-triage.md,2,2026-05-11 08:37:38+00:00,False,
1374,318,rancher/dashboard,.github/workflows/issue-triage.md,3,2026-05-14 18:03:46+00:00,False,
1375,318,rancher/dashboard,.github/workflows/issue-triage.md,4,2026-05-29 17:42:12+00:00,False,
1376,319,rancher/dashboard,.github/workflows/pr-fix.md,1,2026-04-08 08:28:54+00:00,False,
1377,319,rancher/dashboard,.github/workflows/pr-fix.md,2,2026-05-11 08:37:38+00:00,False,
1378,319,rancher/dashboard,.github/workflows/pr-fix.md,3,2026-05-14 18:03:46+00:00,False,
1379,319,rancher/dashboard,.github/workflows/pr-fix.md,4,2026-05-29 17:42:12+00:00,False,
1380,320,rancher/dashboard,.github/workflows/weekly-stale-issue-manager.md,1,2026-06-07 01:41:30+00:00,False,
1381,321,microsoft/finnts,.github/workflows/repo-improver.md,1,2026-04-29 21:00:24+00:00,False,
1382,321,microsoft/finnts,.github/workflows/repo-improver.md,2,2026-04-29 21:04:07+00:00,False,
1383,321,microsoft/finnts,.github/workflows/repo-improver.md,3,2026-04-29 21:08:06+00:00,False,
1384,322,lrascao/rebar3_gpb_plugin,.github/workflows/daily-repo-status.md,1,2026-02-15 17:48:28+00:00,False,
1385,322,lrascao/rebar3_gpb_plugin,.github/workflows/daily-repo-status.md,2,2026-02-15 18:05:18+00:00,False,
1386,323,dotnet/fsharp,.github/workflows/agentic-state-machine.md,1,2026-05-12 09:03:57+00:00,False,
1387,323,dotnet/fsharp,.github/workflows/agentic-state-machine.md,2,2026-05-12 12:46:39+00:00,False,
1388,323,dotnet/fsharp,.github/workflows/agentic-state-machine.md,3,2026-05-21 09:32:08+00:00,False,
1389,323,dotnet/fsharp,.github/workflows/agentic-state-machine.md,4,2026-05-28 16:43:16+00:00,False,
1390,323,dotnet/fsharp,.github/workflows/agentic-state-machine.md,5,2026-06-16 09:00:03+00:00,False,
1391,324,dotnet/fsharp,.github/workflows/aw-auto-update.md,1,2026-03-31 09:39:35+00:00,False,
1392,324,dotnet/fsharp,.github/workflows/aw-auto-update.md,2,2026-04-21 15:20:18+00:00,False,
1393,324,dotnet/fsharp,.github/workflows/aw-auto-update.md,3,2026-04-28 08:54:20+00:00,False,
1394,324,dotnet/fsharp,.github/workflows/aw-auto-update.md,4,2026-04-29 11:25:39+00:00,False,
1395,324,dotnet/fsharp,.github/workflows/aw-auto-update.md,5,2026-05-04 07:06:13+00:00,False,
1396,324,dotnet/fsharp,.github/workflows/aw-auto-update.md,6,2026-05-18 09:03:34+00:00,False,
1397,324,dotnet/fsharp,.github/workflows/aw-auto-update.md,7,2026-05-28 09:38:24+00:00,False,
1398,324,dotnet/fsharp,.github/workflows/aw-auto-update.md,8,2026-05-28 16:10:17+00:00,False,
1399,324,dotnet/fsharp,.github/workflows/aw-auto-update.md,9,2026-06-18 13:43:16+00:00,False,
1400,325,dotnet/fsharp,.github/workflows/labelops-flake-fix.md,1,2026-05-06 09:42:54+00:00,False,
1401,326,dotnet/fsharp,.github/workflows/labelops-pr-maintenance.md,1,2026-05-06 09:42:54+00:00,False,
1402,326,dotnet/fsharp,.github/workflows/labelops-pr-maintenance.md,2,2026-05-18 08:48:13+00:00,False,
1403,326,dotnet/fsharp,.github/workflows/labelops-pr-maintenance.md,3,2026-05-28 08:54:00+00:00,False,
1404,326,dotnet/fsharp,.github/workflows/labelops-pr-maintenance.md,4,2026-05-28 14:29:27+00:00,False,
1405,326,dotnet/fsharp,.github/workflows/labelops-pr-maintenance.md,5,2026-06-18 13:43:16+00:00,False,
1406,327,dotnet/fsharp,.github/workflows/labelops-pr-security-scan.md,1,2026-05-12 09:05:19+00:00,False,
1407,327,dotnet/fsharp,.github/workflows/labelops-pr-security-scan.md,2,2026-05-12 09:11:42+00:00,False,
1408,327,dotnet/fsharp,.github/workflows/labelops-pr-security-scan.md,3,2026-05-15 08:59:37+00:00,False,
1409,327,dotnet/fsharp,.github/workflows/labelops-pr-security-scan.md,4,2026-05-29 09:43:40+00:00,False,
1410,327,dotnet/fsharp,.github/workflows/labelops-pr-security-scan.md,5,2026-06-03 16:07:19+00:00,False,
1411,327,dotnet/fsharp,.github/workflows/labelops-pr-security-scan.md,6,2026-06-18 13:43:16+00:00,False,
1412,328,dotnet/fsharp,.github/workflows/msbuild-quality-review.md,1,2026-06-17 08:41:21+00:00,False,
1413,329,dotnet/fsharp,.github/workflows/regression-pr-shepherd.md,1,2026-03-30 10:24:32+00:00,False,
1414,329,dotnet/fsharp,.github/workflows/regression-pr-shepherd.md,2,2026-04-01 12:17:50+00:00,False,
1415,329,dotnet/fsharp,.github/workflows/regression-pr-shepherd.md,3,2026-04-09 12:41:00+00:00,False,
1416,329,dotnet/fsharp,.github/workflows/regression-pr-shepherd.md,4,2026-04-16 08:32:21+00:00,False,
1417,329,dotnet/fsharp,.github/workflows/regression-pr-shepherd.md,5,2026-04-29 11:25:39+00:00,False,
1418,329,dotnet/fsharp,.github/workflows/regression-pr-shepherd.md,6,2026-06-18 13:43:16+00:00,False,
1419,330,dotnet/fsharp,.github/workflows/repo-assist.md,1,2026-03-16 13:32:21+00:00,False,
1420,330,dotnet/fsharp,.github/workflows/repo-assist.md,2,2026-03-17 12:00:51+00:00,False,
1421,330,dotnet/fsharp,.github/workflows/repo-assist.md,3,2026-03-23 11:30:47+00:00,False,
1422,330,dotnet/fsharp,.github/workflows/repo-assist.md,4,2026-03-23 12:45:52+00:00,False,
1423,330,dotnet/fsharp,.github/workflows/repo-assist.md,5,2026-03-27 18:28:39+00:00,False,
1424,330,dotnet/fsharp,.github/workflows/repo-assist.md,6,2026-03-30 10:26:46+00:00,False,
1425,330,dotnet/fsharp,.github/workflows/repo-assist.md,7,2026-03-31 09:23:48+00:00,False,
1426,330,dotnet/fsharp,.github/workflows/repo-assist.md,8,2026-04-08 09:23:31+00:00,False,
1427,330,dotnet/fsharp,.github/workflows/repo-assist.md,9,2026-04-16 08:32:21+00:00,False,
1428,330,dotnet/fsharp,.github/workflows/repo-assist.md,10,2026-04-29 11:25:39+00:00,False,
1429,330,dotnet/fsharp,.github/workflows/repo-assist.md,11,2026-05-28 09:12:10+00:00,False,
1430,331,fable-compiler/Fable,.github/workflows/repo-assist.md,1,2026-03-14 21:22:52+00:00,False,
1431,331,fable-compiler/Fable,.github/workflows/repo-assist.md,2,2026-03-21 20:14:32+00:00,False,
1432,331,fable-compiler/Fable,.github/workflows/repo-assist.md,3,2026-04-04 12:20:49+00:00,False,
1433,331,fable-compiler/Fable,.github/workflows/repo-assist.md,4,2026-04-06 06:17:06+00:00,False,
1434,331,fable-compiler/Fable,.github/workflows/repo-assist.md,5,2026-04-17 15:18:22+00:00,False,
1435,331,fable-compiler/Fable,.github/workflows/repo-assist.md,6,2026-04-21 20:25:59+00:00,False,
1436,331,fable-compiler/Fable,.github/workflows/repo-assist.md,7,2026-04-25 10:05:25+00:00,False,
1437,331,fable-compiler/Fable,.github/workflows/repo-assist.md,8,2026-04-26 13:49:36+00:00,False,
1438,331,fable-compiler/Fable,.github/workflows/repo-assist.md,9,2026-05-03 07:48:30+00:00,False,
1439,331,fable-compiler/Fable,.github/workflows/repo-assist.md,10,2026-05-09 11:55:28+00:00,False,
1440,332,fslaborg/Deedle,.github/workflows/repo-assist.md,1,2026-03-08 21:59:09+00:00,False,
1441,332,fslaborg/Deedle,.github/workflows/repo-assist.md,2,2026-03-14 19:48:27+00:00,False,
1442,332,fslaborg/Deedle,.github/workflows/repo-assist.md,3,2026-03-22 23:11:41+00:00,False,
1443,332,fslaborg/Deedle,.github/workflows/repo-assist.md,4,2026-03-23 19:15:49+00:00,False,
1444,332,fslaborg/Deedle,.github/workflows/repo-assist.md,5,2026-03-26 23:23:31+00:00,False,
1445,332,fslaborg/Deedle,.github/workflows/repo-assist.md,6,2026-04-03 00:44:20+00:00,False,
1446,332,fslaborg/Deedle,.github/workflows/repo-assist.md,7,2026-04-04 14:51:55+00:00,False,
1447,332,fslaborg/Deedle,.github/workflows/repo-assist.md,8,2026-04-20 02:49:57+00:00,False,
1448,332,fslaborg/Deedle,.github/workflows/repo-assist.md,9,2026-05-06 12:30:52+00:00,False,
1449,332,fslaborg/Deedle,.github/workflows/repo-assist.md,10,2026-05-09 12:26:37+00:00,False,
1450,332,fslaborg/Deedle,.github/workflows/repo-assist.md,11,2026-06-03 14:37:34+00:00,False,
1451,332,fslaborg/Deedle,.github/workflows/repo-assist.md,12,2026-06-12 18:21:29+00:00,False,
1452,333,ionide/ionide-vscode-fsharp,.github/workflows/repo-assist.md,1,2026-02-22 17:47:10+00:00,False,
1453,333,ionide/ionide-vscode-fsharp,.github/workflows/repo-assist.md,2,2026-02-22 18:23:20+00:00,False,
1454,333,ionide/ionide-vscode-fsharp,.github/workflows/repo-assist.md,3,2026-02-22 18:35:00+00:00,False,
1455,333,ionide/ionide-vscode-fsharp,.github/workflows/repo-assist.md,4,2026-02-22 18:54:35+00:00,False,
1456,333,ionide/ionide-vscode-fsharp,.github/workflows/repo-assist.md,5,2026-02-22 22:44:18+00:00,False,
1457,333,ionide/ionide-vscode-fsharp,.github/workflows/repo-assist.md,6,2026-02-24 04:18:37+00:00,False,
1458,333,ionide/ionide-vscode-fsharp,.github/workflows/repo-assist.md,7,2026-02-24 19:09:53+00:00,False,
1459,333,ionide/ionide-vscode-fsharp,.github/workflows/repo-assist.md,8,2026-02-25 19:22:00+00:00,False,
1460,333,ionide/ionide-vscode-fsharp,.github/workflows/repo-assist.md,9,2026-02-26 11:35:54+00:00,False,
1461,333,ionide/ionide-vscode-fsharp,.github/workflows/repo-assist.md,10,2026-02-26 13:41:33+00:00,False,
1462,333,ionide/ionide-vscode-fsharp,.github/workflows/repo-assist.md,11,2026-03-01 01:27:58+00:00,False,
1463,333,ionide/ionide-vscode-fsharp,.github/workflows/repo-assist.md,12,2026-03-03 23:38:59+00:00,False,
1464,333,ionide/ionide-vscode-fsharp,.github/workflows/repo-assist.md,13,2026-03-07 00:17:20+00:00,False,
1465,333,ionide/ionide-vscode-fsharp,.github/workflows/repo-assist.md,14,2026-03-07 00:18:06+00:00,False,
1466,333,ionide/ionide-vscode-fsharp,.github/workflows/repo-assist.md,15,2026-03-07 00:35:54+00:00,False,
1467,333,ionide/ionide-vscode-fsharp,.github/workflows/repo-assist.md,16,2026-03-08 22:34:12+00:00,False,
1468,333,ionide/ionide-vscode-fsharp,.github/workflows/repo-assist.md,17,2026-03-19 02:17:02+00:00,False,
1469,333,ionide/ionide-vscode-fsharp,.github/workflows/repo-assist.md,18,2026-03-19 03:28:19+00:00,False,
1470,333,ionide/ionide-vscode-fsharp,.github/workflows/repo-assist.md,19,2026-03-23 19:14:28+00:00,False,
1471,333,ionide/ionide-vscode-fsharp,.github/workflows/repo-assist.md,20,2026-03-26 23:23:09+00:00,False,
1472,333,ionide/ionide-vscode-fsharp,.github/workflows/repo-assist.md,21,2026-04-01 17:53:11+00:00,False,
1473,333,ionide/ionide-vscode-fsharp,.github/workflows/repo-assist.md,22,2026-04-03 00:43:18+00:00,False,
1474,333,ionide/ionide-vscode-fsharp,.github/workflows/repo-assist.md,23,2026-04-04 14:51:36+00:00,False,
1475,333,ionide/ionide-vscode-fsharp,.github/workflows/repo-assist.md,24,2026-04-12 04:46:16+00:00,False,
1476,333,ionide/ionide-vscode-fsharp,.github/workflows/repo-assist.md,25,2026-04-20 02:55:14+00:00,False,
1477,333,ionide/ionide-vscode-fsharp,.github/workflows/repo-assist.md,26,2026-05-06 12:30:21+00:00,False,
1478,333,ionide/ionide-vscode-fsharp,.github/workflows/repo-assist.md,27,2026-05-09 12:26:05+00:00,False,
1479,333,ionide/ionide-vscode-fsharp,.github/workflows/repo-assist.md,28,2026-06-03 14:36:56+00:00,False,
1480,333,ionide/ionide-vscode-fsharp,.github/workflows/repo-assist.md,29,2026-06-12 18:20:56+00:00,False,
1481,334,fsprojects/fantomas,.github/workflows/repo-assist.md,1,2026-02-23 13:53:02+00:00,False,
1482,334,fsprojects/fantomas,.github/workflows/repo-assist.md,2,2026-02-23 14:03:17+00:00,False,
1483,334,fsprojects/fantomas,.github/workflows/repo-assist.md,3,2026-02-23 14:27:38+00:00,False,
1484,334,fsprojects/fantomas,.github/workflows/repo-assist.md,4,2026-02-26 11:35:17+00:00,False,
1485,334,fsprojects/fantomas,.github/workflows/repo-assist.md,5,2026-02-26 13:41:04+00:00,False,
1486,334,fsprojects/fantomas,.github/workflows/repo-assist.md,6,2026-03-01 01:26:15+00:00,False,
1487,334,fsprojects/fantomas,.github/workflows/repo-assist.md,7,2026-03-03 23:37:18+00:00,False,
1488,334,fsprojects/fantomas,.github/workflows/repo-assist.md,8,2026-03-07 00:06:44+00:00,False,
1489,334,fsprojects/fantomas,.github/workflows/repo-assist.md,9,2026-03-07 00:09:32+00:00,False,
1490,334,fsprojects/fantomas,.github/workflows/repo-assist.md,10,2026-03-07 00:34:48+00:00,False,
1491,334,fsprojects/fantomas,.github/workflows/repo-assist.md,11,2026-03-07 13:00:00+00:00,False,
1492,334,fsprojects/fantomas,.github/workflows/repo-assist.md,12,2026-03-08 22:31:02+00:00,False,
1493,334,fsprojects/fantomas,.github/workflows/repo-assist.md,13,2026-03-09 08:10:06+00:00,False,
1494,334,fsprojects/fantomas,.github/workflows/repo-assist.md,14,2026-03-19 02:09:18+00:00,False,
1495,334,fsprojects/fantomas,.github/workflows/repo-assist.md,15,2026-03-19 03:22:33+00:00,False,
1496,334,fsprojects/fantomas,.github/workflows/repo-assist.md,16,2026-03-19 03:25:20+00:00,False,
1497,334,fsprojects/fantomas,.github/workflows/repo-assist.md,17,2026-03-23 19:09:53+00:00,False,
1498,334,fsprojects/fantomas,.github/workflows/repo-assist.md,18,2026-03-26 23:21:26+00:00,False,
1499,334,fsprojects/fantomas,.github/workflows/repo-assist.md,19,2026-04-01 16:09:40+00:00,False,
1500,334,fsprojects/fantomas,.github/workflows/repo-assist.md,20,2026-04-01 17:51:02+00:00,False,
1501,334,fsprojects/fantomas,.github/workflows/repo-assist.md,21,2026-04-03 00:38:21+00:00,False,
1502,334,fsprojects/fantomas,.github/workflows/repo-assist.md,22,2026-04-04 14:49:53+00:00,False,
1503,334,fsprojects/fantomas,.github/workflows/repo-assist.md,23,2026-04-12 04:11:00+00:00,False,
1504,334,fsprojects/fantomas,.github/workflows/repo-assist.md,24,2026-04-20 02:51:27+00:00,False,
1505,334,fsprojects/fantomas,.github/workflows/repo-assist.md,25,2026-04-21 06:41:10+00:00,False,
1506,334,fsprojects/fantomas,.github/workflows/repo-assist.md,26,2026-05-06 12:24:29+00:00,False,
1507,334,fsprojects/fantomas,.github/workflows/repo-assist.md,27,2026-05-06 12:26:24+00:00,False,
1508,334,fsprojects/fantomas,.github/workflows/repo-assist.md,28,2026-05-09 12:22:42+00:00,False,
1509,334,fsprojects/fantomas,.github/workflows/repo-assist.md,29,2026-06-03 14:31:28+00:00,False,
1510,334,fsprojects/fantomas,.github/workflows/repo-assist.md,30,2026-06-12 18:17:24+00:00,False,
1511,335,fsprojects/FSharp.Formatting,.github/workflows/repo-assist.md,1,2026-02-21 23:57:10+00:00,False,
1512,335,fsprojects/FSharp.Formatting,.github/workflows/repo-assist.md,2,2026-02-21 23:58:28+00:00,False,
1513,335,fsprojects/FSharp.Formatting,.github/workflows/repo-assist.md,3,2026-02-22 00:16:32+00:00,False,
1514,335,fsprojects/FSharp.Formatting,.github/workflows/repo-assist.md,4,2026-02-22 08:17:07+00:00,False,
1515,335,fsprojects/FSharp.Formatting,.github/workflows/repo-assist.md,5,2026-02-22 16:28:24+00:00,False,
1516,335,fsprojects/FSharp.Formatting,.github/workflows/repo-assist.md,6,2026-02-22 17:57:30+00:00,False,
1517,335,fsprojects/FSharp.Formatting,.github/workflows/repo-assist.md,7,2026-02-22 18:34:49+00:00,False,
1518,335,fsprojects/FSharp.Formatting,.github/workflows/repo-assist.md,8,2026-02-22 18:54:25+00:00,False,
1519,335,fsprojects/FSharp.Formatting,.github/workflows/repo-assist.md,9,2026-02-22 22:44:03+00:00,False,
1520,335,fsprojects/FSharp.Formatting,.github/workflows/repo-assist.md,10,2026-02-24 04:17:52+00:00,False,
1521,335,fsprojects/FSharp.Formatting,.github/workflows/repo-assist.md,11,2026-02-24 19:09:39+00:00,False,
1522,335,fsprojects/FSharp.Formatting,.github/workflows/repo-assist.md,12,2026-02-25 19:21:48+00:00,False,
1523,335,fsprojects/FSharp.Formatting,.github/workflows/repo-assist.md,13,2026-02-26 11:33:56+00:00,False,
1524,335,fsprojects/FSharp.Formatting,.github/workflows/repo-assist.md,14,2026-02-26 13:41:18+00:00,False,
1525,335,fsprojects/FSharp.Formatting,.github/workflows/repo-assist.md,15,2026-03-01 01:27:20+00:00,False,
1526,335,fsprojects/FSharp.Formatting,.github/workflows/repo-assist.md,16,2026-03-03 23:38:13+00:00,False,
1527,335,fsprojects/FSharp.Formatting,.github/workflows/repo-assist.md,17,2026-03-07 00:14:56+00:00,False,
1528,335,fsprojects/FSharp.Formatting,.github/workflows/repo-assist.md,18,2026-03-07 00:15:40+00:00,False,
1529,335,fsprojects/FSharp.Formatting,.github/workflows/repo-assist.md,19,2026-03-07 00:35:27+00:00,False,
1530,335,fsprojects/FSharp.Formatting,.github/workflows/repo-assist.md,20,2026-03-08 22:33:34+00:00,False,
1531,335,fsprojects/FSharp.Formatting,.github/workflows/repo-assist.md,21,2026-03-19 02:14:36+00:00,False,
1532,335,fsprojects/FSharp.Formatting,.github/workflows/repo-assist.md,22,2026-03-19 03:27:43+00:00,False,
1533,335,fsprojects/FSharp.Formatting,.github/workflows/repo-assist.md,23,2026-03-23 19:13:19+00:00,False,
1534,335,fsprojects/FSharp.Formatting,.github/workflows/repo-assist.md,24,2026-03-26 23:22:31+00:00,False,
1535,335,fsprojects/FSharp.Formatting,.github/workflows/repo-assist.md,25,2026-04-01 17:52:33+00:00,False,
1536,335,fsprojects/FSharp.Formatting,.github/workflows/repo-assist.md,26,2026-04-12 04:45:44+00:00,False,
1537,335,fsprojects/FSharp.Formatting,.github/workflows/repo-assist.md,27,2026-04-20 02:53:57+00:00,False,
1538,335,fsprojects/FSharp.Formatting,.github/workflows/repo-assist.md,28,2026-05-01 07:57:14+00:00,False,
1539,335,fsprojects/FSharp.Formatting,.github/workflows/repo-assist.md,29,2026-05-06 12:29:25+00:00,False,
1540,335,fsprojects/FSharp.Formatting,.github/workflows/repo-assist.md,30,2026-05-09 12:24:56+00:00,False,
1541,335,fsprojects/FSharp.Formatting,.github/workflows/repo-assist.md,31,2026-06-03 14:34:53+00:00,False,
1542,335,fsprojects/FSharp.Formatting,.github/workflows/repo-assist.md,32,2026-06-12 18:19:58+00:00,False,
1543,336,fsprojects/FsHttp,.github/workflows/repo-assist.md,1,2026-03-09 12:42:22+00:00,False,
1544,337,ionide/FsAutoComplete,.github/workflows/repo-assist.md,1,2026-02-22 17:12:14+00:00,False,
1545,337,ionide/FsAutoComplete,.github/workflows/repo-assist.md,2,2026-02-22 17:32:35+00:00,False,
1546,337,ionide/FsAutoComplete,.github/workflows/repo-assist.md,3,2026-02-22 18:34:55+00:00,False,
1547,337,ionide/FsAutoComplete,.github/workflows/repo-assist.md,4,2026-02-22 18:54:30+00:00,False,
1548,337,ionide/FsAutoComplete,.github/workflows/repo-assist.md,5,2026-02-22 22:44:12+00:00,False,
1549,337,ionide/FsAutoComplete,.github/workflows/repo-assist.md,6,2026-02-23 20:25:15+00:00,False,
1550,337,ionide/FsAutoComplete,.github/workflows/repo-assist.md,7,2026-02-24 04:18:25+00:00,False,
1551,337,ionide/FsAutoComplete,.github/workflows/repo-assist.md,8,2026-02-24 19:09:46+00:00,False,
1552,337,ionide/FsAutoComplete,.github/workflows/repo-assist.md,9,2026-02-25 19:21:55+00:00,False,
1553,337,ionide/FsAutoComplete,.github/workflows/repo-assist.md,10,2026-02-26 11:35:48+00:00,False,
1554,337,ionide/FsAutoComplete,.github/workflows/repo-assist.md,11,2026-02-26 13:41:28+00:00,False,
1555,337,ionide/FsAutoComplete,.github/workflows/repo-assist.md,12,2026-03-01 01:27:44+00:00,False,
1556,337,ionide/FsAutoComplete,.github/workflows/repo-assist.md,13,2026-03-03 23:38:48+00:00,False,
1557,337,ionide/FsAutoComplete,.github/workflows/repo-assist.md,14,2026-03-07 00:17:07+00:00,False,
1558,337,ionide/FsAutoComplete,.github/workflows/repo-assist.md,15,2026-03-07 00:18:45+00:00,False,
1559,337,ionide/FsAutoComplete,.github/workflows/repo-assist.md,16,2026-03-07 00:19:02+00:00,False,
1560,337,ionide/FsAutoComplete,.github/workflows/repo-assist.md,17,2026-03-07 00:35:41+00:00,False,
1561,337,ionide/FsAutoComplete,.github/workflows/repo-assist.md,18,2026-03-08 22:33:59+00:00,False,
1562,337,ionide/FsAutoComplete,.github/workflows/repo-assist.md,19,2026-03-19 02:16:17+00:00,False,
1563,337,ionide/FsAutoComplete,.github/workflows/repo-assist.md,20,2026-03-19 03:28:07+00:00,False,
1564,337,ionide/FsAutoComplete,.github/workflows/repo-assist.md,21,2026-03-23 19:14:12+00:00,False,
1565,337,ionide/FsAutoComplete,.github/workflows/repo-assist.md,22,2026-03-26 23:22:57+00:00,False,
1566,337,ionide/FsAutoComplete,.github/workflows/repo-assist.md,23,2026-04-01 17:52:58+00:00,False,
1567,337,ionide/FsAutoComplete,.github/workflows/repo-assist.md,24,2026-04-03 00:42:44+00:00,False,
1568,337,ionide/FsAutoComplete,.github/workflows/repo-assist.md,25,2026-04-04 14:51:24+00:00,False,
1569,337,ionide/FsAutoComplete,.github/workflows/repo-assist.md,26,2026-04-12 04:46:00+00:00,False,
1570,337,ionide/FsAutoComplete,.github/workflows/repo-assist.md,27,2026-04-20 02:54:49+00:00,False,
1571,337,ionide/FsAutoComplete,.github/workflows/repo-assist.md,28,2026-05-06 12:30:02+00:00,False,
1572,337,ionide/FsAutoComplete,.github/workflows/repo-assist.md,29,2026-05-09 12:25:47+00:00,False,
1573,337,ionide/FsAutoComplete,.github/workflows/repo-assist.md,30,2026-06-12 18:20:36+00:00,False,
1574,338,MoiraeSoftware/Myriad,.github/workflows/q.md,1,2026-02-25 15:56:57+00:00,False,
1575,339,fsprojects/FSharp.TypeProviders.SDK,.github/workflows/repo-assist.md,1,2026-02-24 21:32:42+00:00,False,
1576,339,fsprojects/FSharp.TypeProviders.SDK,.github/workflows/repo-assist.md,2,2026-02-25 19:38:35+00:00,False,
1577,339,fsprojects/FSharp.TypeProviders.SDK,.github/workflows/repo-assist.md,3,2026-02-26 11:34:02+00:00,False,
1578,339,fsprojects/FSharp.TypeProviders.SDK,.github/workflows/repo-assist.md,4,2026-02-26 13:41:23+00:00,False,
1579,339,fsprojects/FSharp.TypeProviders.SDK,.github/workflows/repo-assist.md,5,2026-03-01 01:27:28+00:00,False,
1580,339,fsprojects/FSharp.TypeProviders.SDK,.github/workflows/repo-assist.md,6,2026-03-03 23:38:35+00:00,False,
1581,339,fsprojects/FSharp.TypeProviders.SDK,.github/workflows/repo-assist.md,7,2026-03-07 00:16:00+00:00,False,
1582,339,fsprojects/FSharp.TypeProviders.SDK,.github/workflows/repo-assist.md,8,2026-03-07 00:16:48+00:00,False,
1583,339,fsprojects/FSharp.TypeProviders.SDK,.github/workflows/repo-assist.md,9,2026-03-07 00:34:28+00:00,False,
1584,339,fsprojects/FSharp.TypeProviders.SDK,.github/workflows/repo-assist.md,10,2026-03-08 22:33:46+00:00,False,
1585,339,fsprojects/FSharp.TypeProviders.SDK,.github/workflows/repo-assist.md,11,2026-03-19 02:15:30+00:00,False,
1586,339,fsprojects/FSharp.TypeProviders.SDK,.github/workflows/repo-assist.md,12,2026-03-19 03:27:54+00:00,False,
1587,339,fsprojects/FSharp.TypeProviders.SDK,.github/workflows/repo-assist.md,13,2026-03-23 19:13:44+00:00,False,
1588,339,fsprojects/FSharp.TypeProviders.SDK,.github/workflows/repo-assist.md,14,2026-03-25 14:26:55+00:00,False,
1589,339,fsprojects/FSharp.TypeProviders.SDK,.github/workflows/repo-assist.md,15,2026-03-25 14:30:41+00:00,False,
1590,339,fsprojects/FSharp.TypeProviders.SDK,.github/workflows/repo-assist.md,16,2026-03-26 23:22:44+00:00,False,
1591,339,fsprojects/FSharp.TypeProviders.SDK,.github/workflows/repo-assist.md,17,2026-04-01 17:52:45+00:00,False,
1592,339,fsprojects/FSharp.TypeProviders.SDK,.github/workflows/repo-assist.md,18,2026-04-03 00:42:13+00:00,False,
1593,339,fsprojects/FSharp.TypeProviders.SDK,.github/workflows/repo-assist.md,19,2026-04-04 14:51:13+00:00,False,
1594,339,fsprojects/FSharp.TypeProviders.SDK,.github/workflows/repo-assist.md,20,2026-04-12 04:45:29+00:00,False,
1595,339,fsprojects/FSharp.TypeProviders.SDK,.github/workflows/repo-assist.md,21,2026-04-20 02:54:23+00:00,False,
1596,339,fsprojects/FSharp.TypeProviders.SDK,.github/workflows/repo-assist.md,22,2026-05-01 07:55:17+00:00,False,
1597,339,fsprojects/FSharp.TypeProviders.SDK,.github/workflows/repo-assist.md,23,2026-05-06 12:29:45+00:00,False,
1598,339,fsprojects/FSharp.TypeProviders.SDK,.github/workflows/repo-assist.md,24,2026-05-09 12:25:09+00:00,False,
1599,339,fsprojects/FSharp.TypeProviders.SDK,.github/workflows/repo-assist.md,25,2026-06-03 14:36:11+00:00,False,
1600,339,fsprojects/FSharp.TypeProviders.SDK,.github/workflows/repo-assist.md,26,2026-06-12 18:20:16+00:00,False,
1601,340,fsprojects/SwaggerProvider,.github/workflows/repo-assist.md,1,2026-03-08 22:25:12+00:00,False,
1602,340,fsprojects/SwaggerProvider,.github/workflows/repo-assist.md,2,2026-03-08 22:35:46+00:00,False,
1603,340,fsprojects/SwaggerProvider,.github/workflows/repo-assist.md,3,2026-03-19 03:28:58+00:00,False,
1604,340,fsprojects/SwaggerProvider,.github/workflows/repo-assist.md,4,2026-03-23 19:14:46+00:00,False,
1605,340,fsprojects/SwaggerProvider,.github/workflows/repo-assist.md,5,2026-03-26 23:23:20+00:00,False,
1606,340,fsprojects/SwaggerProvider,.github/workflows/repo-assist.md,6,2026-04-01 17:53:43+00:00,False,
1607,340,fsprojects/SwaggerProvider,.github/workflows/repo-assist.md,7,2026-04-03 00:43:46+00:00,False,
1608,340,fsprojects/SwaggerProvider,.github/workflows/repo-assist.md,8,2026-04-04 14:51:45+00:00,False,
1609,340,fsprojects/SwaggerProvider,.github/workflows/repo-assist.md,9,2026-04-11 12:36:58+00:00,False,
1610,340,fsprojects/SwaggerProvider,.github/workflows/repo-assist.md,10,2026-04-12 04:46:29+00:00,False,
1611,340,fsprojects/SwaggerProvider,.github/workflows/repo-assist.md,11,2026-04-18 07:47:24+00:00,False,
1612,340,fsprojects/SwaggerProvider,.github/workflows/repo-assist.md,12,2026-04-25 07:56:05+00:00,False,
1613,340,fsprojects/SwaggerProvider,.github/workflows/repo-assist.md,13,2026-05-05 14:02:08+00:00,False,
1614,340,fsprojects/SwaggerProvider,.github/workflows/repo-assist.md,14,2026-05-05 21:34:32+00:00,False,
1615,340,fsprojects/SwaggerProvider,.github/workflows/repo-assist.md,15,2026-05-09 06:30:44+00:00,False,
1616,340,fsprojects/SwaggerProvider,.github/workflows/repo-assist.md,16,2026-05-09 12:26:20+00:00,False,
1617,340,fsprojects/SwaggerProvider,.github/workflows/repo-assist.md,17,2026-05-10 16:33:02+00:00,False,
1618,340,fsprojects/SwaggerProvider,.github/workflows/repo-assist.md,18,2026-05-13 06:14:38+00:00,False,
1619,340,fsprojects/SwaggerProvider,.github/workflows/repo-assist.md,19,2026-05-16 09:21:00+00:00,False,
1620,340,fsprojects/SwaggerProvider,.github/workflows/repo-assist.md,20,2026-05-20 06:27:50+00:00,False,
1621,340,fsprojects/SwaggerProvider,.github/workflows/repo-assist.md,21,2026-05-27 18:43:42+00:00,False,
1622,340,fsprojects/SwaggerProvider,.github/workflows/repo-assist.md,22,2026-05-27 21:03:33+00:00,False,
1623,340,fsprojects/SwaggerProvider,.github/workflows/repo-assist.md,23,2026-05-30 07:49:37+00:00,False,
1624,340,fsprojects/SwaggerProvider,.github/workflows/repo-assist.md,24,2026-06-12 18:21:12+00:00,False,
1625,341,fsprojects/FSharpx.Collections,.github/workflows/repo-assist.md,1,2026-03-08 17:16:35+00:00,False,
1626,341,fsprojects/FSharpx.Collections,.github/workflows/repo-assist.md,2,2026-03-08 17:52:27+00:00,False,
1627,341,fsprojects/FSharpx.Collections,.github/workflows/repo-assist.md,3,2026-03-08 17:58:01+00:00,False,
1628,341,fsprojects/FSharpx.Collections,.github/workflows/repo-assist.md,4,2026-03-08 21:43:06+00:00,False,
1629,341,fsprojects/FSharpx.Collections,.github/workflows/repo-assist.md,5,2026-03-08 22:33:04+00:00,False,
1630,341,fsprojects/FSharpx.Collections,.github/workflows/repo-assist.md,6,2026-03-16 14:11:24+00:00,False,
1631,341,fsprojects/FSharpx.Collections,.github/workflows/repo-assist.md,7,2026-03-19 02:13:12+00:00,False,
1632,341,fsprojects/FSharpx.Collections,.github/workflows/repo-assist.md,8,2026-03-19 03:27:27+00:00,False,
1633,341,fsprojects/FSharpx.Collections,.github/workflows/repo-assist.md,9,2026-03-23 19:11:29+00:00,False,
1634,341,fsprojects/FSharpx.Collections,.github/workflows/repo-assist.md,10,2026-03-26 23:22:19+00:00,False,
1635,341,fsprojects/FSharpx.Collections,.github/workflows/repo-assist.md,11,2026-04-01 17:52:06+00:00,False,
1636,341,fsprojects/FSharpx.Collections,.github/workflows/repo-assist.md,12,2026-04-03 00:41:06+00:00,False,
1637,341,fsprojects/FSharpx.Collections,.github/workflows/repo-assist.md,13,2026-04-04 14:50:52+00:00,False,
1638,341,fsprojects/FSharpx.Collections,.github/workflows/repo-assist.md,14,2026-04-12 04:44:31+00:00,False,
1639,341,fsprojects/FSharpx.Collections,.github/workflows/repo-assist.md,15,2026-04-20 02:53:07+00:00,False,
1640,341,fsprojects/FSharpx.Collections,.github/workflows/repo-assist.md,16,2026-05-06 12:28:49+00:00,False,
1641,341,fsprojects/FSharpx.Collections,.github/workflows/repo-assist.md,17,2026-05-09 12:24:18+00:00,False,
1642,341,fsprojects/FSharpx.Collections,.github/workflows/repo-assist.md,18,2026-06-03 14:33:39+00:00,False,
1643,341,fsprojects/FSharpx.Collections,.github/workflows/repo-assist.md,19,2026-06-12 18:19:22+00:00,False,
1644,342,fsprojects/FSharp.Data.SqlClient,.github/workflows/repo-assist.md,1,2026-03-07 20:37:14+00:00,False,
1645,342,fsprojects/FSharp.Data.SqlClient,.github/workflows/repo-assist.md,2,2026-03-08 00:04:58+00:00,False,
1646,342,fsprojects/FSharp.Data.SqlClient,.github/workflows/repo-assist.md,3,2026-03-08 02:36:55+00:00,False,
1647,342,fsprojects/FSharp.Data.SqlClient,.github/workflows/repo-assist.md,4,2026-03-08 22:33:20+00:00,False,
1648,342,fsprojects/FSharp.Data.SqlClient,.github/workflows/repo-assist.md,5,2026-03-16 14:31:16+00:00,False,
1649,342,fsprojects/FSharp.Data.SqlClient,.github/workflows/repo-assist.md,6,2026-03-23 19:12:45+00:00,False,
1650,342,fsprojects/FSharp.Data.SqlClient,.github/workflows/repo-assist.md,7,2026-03-29 14:03:27+00:00,False,
1651,342,fsprojects/FSharp.Data.SqlClient,.github/workflows/repo-assist.md,8,2026-04-01 17:52:19+00:00,False,
1652,342,fsprojects/FSharp.Data.SqlClient,.github/workflows/repo-assist.md,9,2026-04-03 00:41:43+00:00,False,
1653,342,fsprojects/FSharp.Data.SqlClient,.github/workflows/repo-assist.md,10,2026-04-04 14:51:03+00:00,False,
1654,342,fsprojects/FSharp.Data.SqlClient,.github/workflows/repo-assist.md,11,2026-04-12 04:44:46+00:00,False,
1655,342,fsprojects/FSharp.Data.SqlClient,.github/workflows/repo-assist.md,12,2026-04-20 02:53:31+00:00,False,
1656,342,fsprojects/FSharp.Data.SqlClient,.github/workflows/repo-assist.md,13,2026-05-06 12:29:05+00:00,False,
1657,342,fsprojects/FSharp.Data.SqlClient,.github/workflows/repo-assist.md,14,2026-05-09 12:24:37+00:00,False,
1658,342,fsprojects/FSharp.Data.SqlClient,.github/workflows/repo-assist.md,15,2026-06-03 14:33:59+00:00,False,
1659,342,fsprojects/FSharp.Data.SqlClient,.github/workflows/repo-assist.md,16,2026-06-12 18:19:38+00:00,False,
1660,343,fslaborg/FSharp.Stats,.github/workflows/repo-assist.md,1,2026-03-22 23:31:44+00:00,False,
1661,343,fslaborg/FSharp.Stats,.github/workflows/repo-assist.md,2,2026-03-23 19:17:09+00:00,False,
1662,343,fslaborg/FSharp.Stats,.github/workflows/repo-assist.md,3,2026-03-26 23:23:38+00:00,False,
1663,343,fslaborg/FSharp.Stats,.github/workflows/repo-assist.md,4,2026-04-01 17:53:51+00:00,False,
1664,343,fslaborg/FSharp.Stats,.github/workflows/repo-assist.md,5,2026-04-03 00:44:44+00:00,False,
1665,343,fslaborg/FSharp.Stats,.github/workflows/repo-assist.md,6,2026-04-04 14:52:03+00:00,False,
1666,343,fslaborg/FSharp.Stats,.github/workflows/repo-assist.md,7,2026-04-12 04:46:40+00:00,False,
1667,343,fslaborg/FSharp.Stats,.github/workflows/repo-assist.md,8,2026-04-20 02:27:02+00:00,False,
1668,343,fslaborg/FSharp.Stats,.github/workflows/repo-assist.md,9,2026-04-20 02:56:07+00:00,False,
1669,343,fslaborg/FSharp.Stats,.github/workflows/repo-assist.md,10,2026-05-06 12:31:06+00:00,False,
1670,343,fslaborg/FSharp.Stats,.github/workflows/repo-assist.md,11,2026-05-09 12:26:49+00:00,False,
1671,343,fslaborg/FSharp.Stats,.github/workflows/repo-assist.md,12,2026-06-03 14:38:00+00:00,False,
1672,343,fslaborg/FSharp.Stats,.github/workflows/repo-assist.md,13,2026-06-12 18:21:45+00:00,False,
1673,344,fsprojects/FSharp.Control.AsyncSeq,.github/workflows/repo-assist.md,1,2026-02-21 13:56:20+00:00,False,
1674,344,fsprojects/FSharp.Control.AsyncSeq,.github/workflows/repo-assist.md,2,2026-02-21 14:31:35+00:00,False,
1675,344,fsprojects/FSharp.Control.AsyncSeq,.github/workflows/repo-assist.md,3,2026-02-21 15:42:31+00:00,False,
1676,344,fsprojects/FSharp.Control.AsyncSeq,.github/workflows/repo-assist.md,4,2026-02-21 23:49:34+00:00,False,
1677,344,fsprojects/FSharp.Control.AsyncSeq,.github/workflows/repo-assist.md,5,2026-02-22 00:16:24+00:00,False,
1678,344,fsprojects/FSharp.Control.AsyncSeq,.github/workflows/repo-assist.md,6,2026-02-22 08:16:58+00:00,False,
1679,344,fsprojects/FSharp.Control.AsyncSeq,.github/workflows/repo-assist.md,7,2026-02-22 16:28:14+00:00,False,
1680,344,fsprojects/FSharp.Control.AsyncSeq,.github/workflows/repo-assist.md,8,2026-02-22 17:57:25+00:00,False,
1681,344,fsprojects/FSharp.Control.AsyncSeq,.github/workflows/repo-assist.md,9,2026-02-22 18:34:44+00:00,False,
1682,344,fsprojects/FSharp.Control.AsyncSeq,.github/workflows/repo-assist.md,10,2026-02-22 18:54:20+00:00,False,
1683,344,fsprojects/FSharp.Control.AsyncSeq,.github/workflows/repo-assist.md,11,2026-02-22 22:43:57+00:00,False,
1684,344,fsprojects/FSharp.Control.AsyncSeq,.github/workflows/repo-assist.md,12,2026-02-23 19:47:53+00:00,False,
1685,344,fsprojects/FSharp.Control.AsyncSeq,.github/workflows/repo-assist.md,13,2026-02-24 04:17:42+00:00,False,
1686,344,fsprojects/FSharp.Control.AsyncSeq,.github/workflows/repo-assist.md,14,2026-02-24 19:09:32+00:00,False,
1687,344,fsprojects/FSharp.Control.AsyncSeq,.github/workflows/repo-assist.md,15,2026-02-25 19:21:43+00:00,False,
1688,344,fsprojects/FSharp.Control.AsyncSeq,.github/workflows/repo-assist.md,16,2026-02-26 11:33:50+00:00,False,
1689,344,fsprojects/FSharp.Control.AsyncSeq,.github/workflows/repo-assist.md,17,2026-02-26 13:41:14+00:00,False,
1690,344,fsprojects/FSharp.Control.AsyncSeq,.github/workflows/repo-assist.md,18,2026-03-01 01:27:02+00:00,False,
1691,344,fsprojects/FSharp.Control.AsyncSeq,.github/workflows/repo-assist.md,19,2026-03-03 23:37:56+00:00,False,
1692,344,fsprojects/FSharp.Control.AsyncSeq,.github/workflows/repo-assist.md,20,2026-03-07 00:13:33+00:00,False,
1693,344,fsprojects/FSharp.Control.AsyncSeq,.github/workflows/repo-assist.md,21,2026-03-07 00:14:25+00:00,False,
1694,344,fsprojects/FSharp.Control.AsyncSeq,.github/workflows/repo-assist.md,22,2026-03-07 00:35:13+00:00,False,
1695,344,fsprojects/FSharp.Control.AsyncSeq,.github/workflows/repo-assist.md,23,2026-03-08 22:31:30+00:00,False,
1696,344,fsprojects/FSharp.Control.AsyncSeq,.github/workflows/repo-assist.md,24,2026-03-19 02:11:22+00:00,False,
1697,344,fsprojects/FSharp.Control.AsyncSeq,.github/workflows/repo-assist.md,25,2026-03-19 03:25:55+00:00,False,
1698,344,fsprojects/FSharp.Control.AsyncSeq,.github/workflows/repo-assist.md,26,2026-03-23 19:10:49+00:00,False,
1699,344,fsprojects/FSharp.Control.AsyncSeq,.github/workflows/repo-assist.md,27,2026-03-26 23:21:55+00:00,False,
1700,344,fsprojects/FSharp.Control.AsyncSeq,.github/workflows/repo-assist.md,28,2026-04-01 17:51:30+00:00,False,
1701,344,fsprojects/FSharp.Control.AsyncSeq,.github/workflows/repo-assist.md,29,2026-04-03 00:39:55+00:00,False,
1702,344,fsprojects/FSharp.Control.AsyncSeq,.github/workflows/repo-assist.md,30,2026-04-04 14:50:18+00:00,False,
1703,344,fsprojects/FSharp.Control.AsyncSeq,.github/workflows/repo-assist.md,31,2026-04-12 04:43:45+00:00,False,
1704,344,fsprojects/FSharp.Control.AsyncSeq,.github/workflows/repo-assist.md,32,2026-04-17 07:27:08+00:00,False,
1705,344,fsprojects/FSharp.Control.AsyncSeq,.github/workflows/repo-assist.md,33,2026-04-20 02:52:16+00:00,False,
1706,344,fsprojects/FSharp.Control.AsyncSeq,.github/workflows/repo-assist.md,34,2026-05-01 07:52:45+00:00,False,
1707,344,fsprojects/FSharp.Control.AsyncSeq,.github/workflows/repo-assist.md,35,2026-05-06 12:28:13+00:00,False,
1708,344,fsprojects/FSharp.Control.AsyncSeq,.github/workflows/repo-assist.md,36,2026-05-09 12:23:42+00:00,False,
1709,344,fsprojects/FSharp.Control.AsyncSeq,.github/workflows/repo-assist.md,37,2026-06-03 14:32:31+00:00,False,
1710,344,fsprojects/FSharp.Control.AsyncSeq,.github/workflows/repo-assist.md,38,2026-06-12 18:18:46+00:00,False,
1711,345,fable-compiler/Fable.Python,.github/workflows/repo-assist.md,1,2026-04-16 01:12:27+00:00,False,
1712,345,fable-compiler/Fable.Python,.github/workflows/repo-assist.md,2,2026-05-09 11:16:40+00:00,False,
1713,346,fsprojects/FSharp.Control.TaskSeq,.github/workflows/repo-assist.md,1,2026-03-07 19:08:31+00:00,False,
1714,346,fsprojects/FSharp.Control.TaskSeq,.github/workflows/repo-assist.md,2,2026-03-08 00:35:43+00:00,False,
1715,346,fsprojects/FSharp.Control.TaskSeq,.github/workflows/repo-assist.md,3,2026-03-08 02:35:06+00:00,False,
1716,346,fsprojects/FSharp.Control.TaskSeq,.github/workflows/repo-assist.md,4,2026-03-08 22:31:51+00:00,False,
1717,346,fsprojects/FSharp.Control.TaskSeq,.github/workflows/repo-assist.md,5,2026-03-12 02:41:38+00:00,False,
1718,346,fsprojects/FSharp.Control.TaskSeq,.github/workflows/repo-assist.md,6,2026-03-19 02:12:20+00:00,False,
1719,346,fsprojects/FSharp.Control.TaskSeq,.github/workflows/repo-assist.md,7,2026-03-19 03:26:37+00:00,False,
1720,346,fsprojects/FSharp.Control.TaskSeq,.github/workflows/repo-assist.md,8,2026-03-23 19:11:03+00:00,False,
1721,346,fsprojects/FSharp.Control.TaskSeq,.github/workflows/repo-assist.md,9,2026-03-26 23:22:08+00:00,False,
1722,346,fsprojects/FSharp.Control.TaskSeq,.github/workflows/repo-assist.md,10,2026-04-01 17:51:46+00:00,False,
1723,346,fsprojects/FSharp.Control.TaskSeq,.github/workflows/repo-assist.md,11,2026-04-03 00:40:33+00:00,False,
1724,346,fsprojects/FSharp.Control.TaskSeq,.github/workflows/repo-assist.md,12,2026-04-04 14:50:30+00:00,False,
1725,346,fsprojects/FSharp.Control.TaskSeq,.github/workflows/repo-assist.md,13,2026-04-12 04:43:59+00:00,False,
1726,346,fsprojects/FSharp.Control.TaskSeq,.github/workflows/repo-assist.md,14,2026-04-20 02:52:41+00:00,False,
1727,346,fsprojects/FSharp.Control.TaskSeq,.github/workflows/repo-assist.md,15,2026-05-01 07:54:35+00:00,False,
1728,346,fsprojects/FSharp.Control.TaskSeq,.github/workflows/repo-assist.md,16,2026-05-06 12:28:32+00:00,False,
1729,346,fsprojects/FSharp.Control.TaskSeq,.github/workflows/repo-assist.md,17,2026-05-09 12:23:59+00:00,False,
1730,346,fsprojects/FSharp.Control.TaskSeq,.github/workflows/repo-assist.md,18,2026-06-03 14:33:00+00:00,False,
1731,346,fsprojects/FSharp.Control.TaskSeq,.github/workflows/repo-assist.md,19,2026-06-12 18:19:04+00:00,False,
1732,347,opsmill/infrahub,.github/workflows/bug-agent-analyst.md,1,2026-04-24 06:38:07+00:00,False,
1733,347,opsmill/infrahub,.github/workflows/bug-agent-analyst.md,2,2026-05-05 13:51:27+00:00,False,
1734,347,opsmill/infrahub,.github/workflows/bug-agent-analyst.md,3,2026-05-05 13:57:43+00:00,False,
1735,347,opsmill/infrahub,.github/workflows/bug-agent-analyst.md,4,2026-05-05 15:25:03+00:00,False,
1736,347,opsmill/infrahub,.github/workflows/bug-agent-analyst.md,5,2026-05-05 15:37:05+00:00,False,
1737,347,opsmill/infrahub,.github/workflows/bug-agent-analyst.md,6,2026-05-05 21:09:41+00:00,False,
1738,347,opsmill/infrahub,.github/workflows/bug-agent-analyst.md,7,2026-05-05 21:10:18+00:00,False,
1739,347,opsmill/infrahub,.github/workflows/bug-agent-analyst.md,8,2026-05-05 21:10:57+00:00,False,
1740,347,opsmill/infrahub,.github/workflows/bug-agent-analyst.md,9,2026-05-05 21:13:13+00:00,False,
1741,347,opsmill/infrahub,.github/workflows/bug-agent-analyst.md,10,2026-05-21 08:48:57+00:00,False,
1742,347,opsmill/infrahub,.github/workflows/bug-agent-analyst.md,11,2026-05-22 18:32:02+00:00,False,
1743,347,opsmill/infrahub,.github/workflows/bug-agent-analyst.md,12,2026-05-26 17:59:11+00:00,False,
1744,347,opsmill/infrahub,.github/workflows/bug-agent-analyst.md,13,2026-06-03 08:01:44+00:00,False,11.0
1745,348,opsmill/infrahub,.github/workflows/bug-agent-fix.md,1,2026-04-24 06:38:07+00:00,False,
1746,348,opsmill/infrahub,.github/workflows/bug-agent-fix.md,2,2026-04-24 07:37:14+00:00,False,
1747,348,opsmill/infrahub,.github/workflows/bug-agent-fix.md,3,2026-05-05 13:51:27+00:00,False,
1748,348,opsmill/infrahub,.github/workflows/bug-agent-fix.md,4,2026-05-05 13:56:15+00:00,False,
1749,348,opsmill/infrahub,.github/workflows/bug-agent-fix.md,5,2026-05-05 14:08:04+00:00,False,
1750,348,opsmill/infrahub,.github/workflows/bug-agent-fix.md,6,2026-05-05 14:15:21+00:00,False,
1751,348,opsmill/infrahub,.github/workflows/bug-agent-fix.md,7,2026-05-05 15:25:03+00:00,False,
1752,348,opsmill/infrahub,.github/workflows/bug-agent-fix.md,8,2026-05-05 15:37:05+00:00,False,
1753,348,opsmill/infrahub,.github/workflows/bug-agent-fix.md,9,2026-05-05 21:09:41+00:00,False,
1754,348,opsmill/infrahub,.github/workflows/bug-agent-fix.md,10,2026-05-05 21:10:18+00:00,False,
1755,348,opsmill/infrahub,.github/workflows/bug-agent-fix.md,11,2026-05-05 21:10:57+00:00,False,
1756,348,opsmill/infrahub,.github/workflows/bug-agent-fix.md,12,2026-05-05 21:12:21+00:00,False,
1757,348,opsmill/infrahub,.github/workflows/bug-agent-fix.md,13,2026-05-05 21:13:13+00:00,False,
1758,348,opsmill/infrahub,.github/workflows/bug-agent-fix.md,14,2026-05-05 21:13:38+00:00,False,
1759,348,opsmill/infrahub,.github/workflows/bug-agent-fix.md,15,2026-05-06 07:30:25+00:00,False,13.0
1760,348,opsmill/infrahub,.github/workflows/bug-agent-fix.md,16,2026-05-21 08:48:57+00:00,False,
1761,348,opsmill/infrahub,.github/workflows/bug-agent-fix.md,17,2026-05-22 18:32:02+00:00,False,
1762,348,opsmill/infrahub,.github/workflows/bug-agent-fix.md,18,2026-05-26 17:59:11+00:00,False,
1763,348,opsmill/infrahub,.github/workflows/bug-agent-fix.md,19,2026-06-01 19:07:44+00:00,False,
1764,348,opsmill/infrahub,.github/workflows/bug-agent-fix.md,20,2026-06-03 08:01:44+00:00,False,
1765,349,opsmill/infrahub,.github/workflows/bug-agent-review.md,1,2026-04-24 06:38:07+00:00,False,
1766,349,opsmill/infrahub,.github/workflows/bug-agent-review.md,2,2026-05-05 13:51:27+00:00,False,
1767,349,opsmill/infrahub,.github/workflows/bug-agent-review.md,3,2026-05-05 15:25:03+00:00,False,
1768,349,opsmill/infrahub,.github/workflows/bug-agent-review.md,4,2026-05-05 15:41:28+00:00,False,
1769,349,opsmill/infrahub,.github/workflows/bug-agent-review.md,5,2026-05-05 18:48:33+00:00,False,
1770,349,opsmill/infrahub,.github/workflows/bug-agent-review.md,6,2026-05-05 21:09:41+00:00,False,
1771,349,opsmill/infrahub,.github/workflows/bug-agent-review.md,7,2026-05-05 21:10:18+00:00,False,
1772,349,opsmill/infrahub,.github/workflows/bug-agent-review.md,8,2026-05-05 21:10:57+00:00,False,
1773,349,opsmill/infrahub,.github/workflows/bug-agent-review.md,9,2026-05-05 21:11:54+00:00,False,
1774,349,opsmill/infrahub,.github/workflows/bug-agent-review.md,10,2026-05-05 21:13:13+00:00,False,
1775,349,opsmill/infrahub,.github/workflows/bug-agent-review.md,11,2026-05-21 08:48:57+00:00,False,
1776,349,opsmill/infrahub,.github/workflows/bug-agent-review.md,12,2026-05-22 18:32:02+00:00,False,
1777,349,opsmill/infrahub,.github/workflows/bug-agent-review.md,13,2026-05-26 17:59:11+00:00,False,
1778,349,opsmill/infrahub,.github/workflows/bug-agent-review.md,14,2026-06-03 08:01:44+00:00,False,12.0
1779,349,opsmill/infrahub,.github/workflows/bug-agent-review.md,15,2026-06-03 09:28:24+00:00,False,
1780,350,opsmill/infrahub,.github/workflows/bug-agent-test.md,1,2026-04-24 06:38:07+00:00,False,
1781,350,opsmill/infrahub,.github/workflows/bug-agent-test.md,2,2026-04-24 07:37:14+00:00,False,
1782,350,opsmill/infrahub,.github/workflows/bug-agent-test.md,3,2026-05-05 13:51:27+00:00,False,
1783,350,opsmill/infrahub,.github/workflows/bug-agent-test.md,4,2026-05-05 13:56:15+00:00,False,
1784,350,opsmill/infrahub,.github/workflows/bug-agent-test.md,5,2026-05-05 14:08:04+00:00,False,
1785,350,opsmill/infrahub,.github/workflows/bug-agent-test.md,6,2026-05-05 14:15:21+00:00,False,
1786,350,opsmill/infrahub,.github/workflows/bug-agent-test.md,7,2026-05-05 14:56:13+00:00,False,
1787,350,opsmill/infrahub,.github/workflows/bug-agent-test.md,8,2026-05-05 15:25:03+00:00,False,
1788,350,opsmill/infrahub,.github/workflows/bug-agent-test.md,9,2026-05-05 15:37:05+00:00,False,
1789,350,opsmill/infrahub,.github/workflows/bug-agent-test.md,10,2026-05-05 21:09:41+00:00,False,
1790,350,opsmill/infrahub,.github/workflows/bug-agent-test.md,11,2026-05-05 21:10:18+00:00,False,
1791,350,opsmill/infrahub,.github/workflows/bug-agent-test.md,12,2026-05-05 21:10:57+00:00,False,
1792,350,opsmill/infrahub,.github/workflows/bug-agent-test.md,13,2026-05-05 21:12:21+00:00,False,
1793,350,opsmill/infrahub,.github/workflows/bug-agent-test.md,14,2026-05-05 21:13:13+00:00,False,
1794,350,opsmill/infrahub,.github/workflows/bug-agent-test.md,15,2026-05-05 21:13:38+00:00,False,
1795,350,opsmill/infrahub,.github/workflows/bug-agent-test.md,16,2026-05-06 07:30:25+00:00,False,14.0
1796,350,opsmill/infrahub,.github/workflows/bug-agent-test.md,17,2026-05-21 08:48:57+00:00,False,
1797,350,opsmill/infrahub,.github/workflows/bug-agent-test.md,18,2026-05-22 18:32:02+00:00,False,
1798,350,opsmill/infrahub,.github/workflows/bug-agent-test.md,19,2026-05-26 17:59:11+00:00,False,
1799,350,opsmill/infrahub,.github/workflows/bug-agent-test.md,20,2026-06-01 19:07:44+00:00,False,
1800,350,opsmill/infrahub,.github/workflows/bug-agent-test.md,21,2026-06-03 08:01:44+00:00,False,
1801,351,pulumi/pulumi-aws-apigateway,.github/workflows/gh-aw-pr-rereview.md,1,2026-05-12 06:22:35+00:00,False,
1802,352,pulumi/pulumi-aws-apigateway,.github/workflows/gh-aw-pr-review.md,1,2026-05-12 06:22:35+00:00,False,
1803,353,mongodb-js/devtools-shared,.github/workflows/security-quality-agent.md,1,2026-04-16 15:48:08+00:00,False,
1804,353,mongodb-js/devtools-shared,.github/workflows/security-quality-agent.md,2,2026-04-16 17:58:19+00:00,False,
1805,353,mongodb-js/devtools-shared,.github/workflows/security-quality-agent.md,3,2026-04-23 14:39:20+00:00,False,
1806,354,dotnet/java-interop,.github/workflows/java-interop-reviewer.md,1,2026-05-06 15:23:44+00:00,False,
1807,354,dotnet/java-interop,.github/workflows/java-interop-reviewer.md,2,2026-06-12 19:30:12+00:00,False,
1808,354,dotnet/java-interop,.github/workflows/java-interop-reviewer.md,3,2026-06-12 21:43:49+00:00,False,
1809,354,dotnet/java-interop,.github/workflows/java-interop-reviewer.md,4,2026-06-16 13:56:28+00:00,False,
1810,354,dotnet/java-interop,.github/workflows/java-interop-reviewer.md,5,2026-06-16 14:51:34+00:00,False,
1811,354,dotnet/java-interop,.github/workflows/java-interop-reviewer.md,6,2026-06-16 15:18:14+00:00,False,
1812,354,dotnet/java-interop,.github/workflows/java-interop-reviewer.md,7,2026-06-16 17:16:35+00:00,False,
1813,354,dotnet/java-interop,.github/workflows/java-interop-reviewer.md,8,2026-06-17 19:03:48+00:00,False,
1814,355,dotnet/android,.github/workflows/android-reviewer.md,1,2026-04-17 19:48:42+00:00,False,
1815,355,dotnet/android,.github/workflows/android-reviewer.md,2,2026-04-17 19:53:19+00:00,False,
1816,355,dotnet/android,.github/workflows/android-reviewer.md,3,2026-04-17 20:50:48+00:00,False,
1817,355,dotnet/android,.github/workflows/android-reviewer.md,4,2026-04-20 13:56:46+00:00,False,
1818,355,dotnet/android,.github/workflows/android-reviewer.md,5,2026-04-21 19:18:00+00:00,False,
1819,355,dotnet/android,.github/workflows/android-reviewer.md,6,2026-05-04 08:33:35+00:00,False,
1820,355,dotnet/android,.github/workflows/android-reviewer.md,7,2026-05-21 20:46:10+00:00,False,
1821,355,dotnet/android,.github/workflows/android-reviewer.md,8,2026-06-12 19:45:08+00:00,False,
1822,355,dotnet/android,.github/workflows/android-reviewer.md,9,2026-06-12 19:56:45+00:00,False,
1823,355,dotnet/android,.github/workflows/android-reviewer.md,10,2026-06-16 19:32:53+00:00,False,
1824,355,dotnet/android,.github/workflows/android-reviewer.md,11,2026-06-17 19:04:08+00:00,False,
1825,355,dotnet/android,.github/workflows/android-reviewer.md,12,2026-06-27 01:41:44+00:00,False,
1826,356,dotnet/android,.github/workflows/nightly-fix-finder.md,1,2026-05-19 21:27:49+00:00,False,
1827,356,dotnet/android,.github/workflows/nightly-fix-finder.md,2,2026-05-21 20:46:10+00:00,False,
1828,356,dotnet/android,.github/workflows/nightly-fix-finder.md,3,2026-05-27 07:43:16+00:00,False,
1829,356,dotnet/android,.github/workflows/nightly-fix-finder.md,4,2026-06-12 19:45:08+00:00,False,
1830,356,dotnet/android,.github/workflows/nightly-fix-finder.md,5,2026-06-12 19:56:45+00:00,False,
1831,356,dotnet/android,.github/workflows/nightly-fix-finder.md,6,2026-06-16 19:32:53+00:00,False,
1832,356,dotnet/android,.github/workflows/nightly-fix-finder.md,7,2026-06-17 19:04:08+00:00,False,
1833,356,dotnet/android,.github/workflows/nightly-fix-finder.md,8,2026-06-26 09:08:51+00:00,False,
1834,357,dotnet/android-tools,.github/workflows/android-tools-reviewer.md,1,2026-04-28 07:44:58+00:00,False,
1835,357,dotnet/android-tools,.github/workflows/android-tools-reviewer.md,2,2026-04-30 14:45:52+00:00,False,
1836,357,dotnet/android-tools,.github/workflows/android-tools-reviewer.md,3,2026-05-04 14:19:02+00:00,False,
1837,357,dotnet/android-tools,.github/workflows/android-tools-reviewer.md,4,2026-06-15 09:15:33+00:00,False,
1838,357,dotnet/android-tools,.github/workflows/android-tools-reviewer.md,5,2026-06-17 14:35:03+00:00,False,
1839,357,dotnet/android-tools,.github/workflows/android-tools-reviewer.md,6,2026-06-17 19:03:39+00:00,False,
1840,358,erigontech/erigon,.github/workflows/daily-repo-status.md,1,2026-02-16 13:57:58+00:00,False,
1841,358,erigontech/erigon,.github/workflows/daily-repo-status.md,2,2026-03-20 16:02:14+00:00,False,
1842,359,timrogers/iata-code-decoder-api,.github/workflows/daily-repo-status.md,1,2026-05-19 21:15:10+00:00,False,
1843,360,carlkidcrypto/ezsnmp,.github/workflows/auto_change_log.md,1,2026-03-22 21:51:05+00:00,False,
1844,360,carlkidcrypto/ezsnmp,.github/workflows/auto_change_log.md,2,2026-03-24 14:21:04+00:00,False,
1845,360,carlkidcrypto/ezsnmp,.github/workflows/auto_change_log.md,3,2026-03-26 14:43:25+00:00,False,
1846,360,carlkidcrypto/ezsnmp,.github/workflows/auto_change_log.md,4,2026-04-09 18:05:14+00:00,False,
1847,360,carlkidcrypto/ezsnmp,.github/workflows/auto_change_log.md,5,2026-04-26 02:53:53+00:00,False,
1848,360,carlkidcrypto/ezsnmp,.github/workflows/auto_change_log.md,6,2026-05-02 16:05:56+00:00,False,
1849,360,carlkidcrypto/ezsnmp,.github/workflows/auto_change_log.md,7,2026-05-04 02:05:24+00:00,False,5.0
1850,360,carlkidcrypto/ezsnmp,.github/workflows/auto_change_log.md,8,2026-05-04 02:29:33+00:00,False,
1851,360,carlkidcrypto/ezsnmp,.github/workflows/auto_change_log.md,9,2026-05-04 03:23:17+00:00,False,
1852,361,carlkidcrypto/ezsnmp,.github/workflows/auto_release_notes.md,1,2026-03-24 14:21:04+00:00,False,
1853,361,carlkidcrypto/ezsnmp,.github/workflows/auto_release_notes.md,2,2026-03-26 14:43:25+00:00,False,
1854,361,carlkidcrypto/ezsnmp,.github/workflows/auto_release_notes.md,3,2026-05-02 16:05:56+00:00,False,
1855,361,carlkidcrypto/ezsnmp,.github/workflows/auto_release_notes.md,4,2026-05-04 02:05:24+00:00,False,2.0
1856,361,carlkidcrypto/ezsnmp,.github/workflows/auto_release_notes.md,5,2026-05-04 02:29:33+00:00,False,
1857,361,carlkidcrypto/ezsnmp,.github/workflows/auto_release_notes.md,6,2026-05-04 03:23:17+00:00,False,
1858,361,carlkidcrypto/ezsnmp,.github/workflows/auto_release_notes.md,7,2026-05-04 04:31:21+00:00,False,
1859,361,carlkidcrypto/ezsnmp,.github/workflows/auto_release_notes.md,8,2026-05-04 14:41:42+00:00,False,
1860,362,carlkidcrypto/ezsnmp,.github/workflows/coverage_autofix_every_3_days.md,1,2026-03-21 21:31:27+00:00,False,
1861,362,carlkidcrypto/ezsnmp,.github/workflows/coverage_autofix_every_3_days.md,2,2026-03-22 21:51:05+00:00,False,
1862,362,carlkidcrypto/ezsnmp,.github/workflows/coverage_autofix_every_3_days.md,3,2026-04-07 15:08:43+00:00,False,
1863,362,carlkidcrypto/ezsnmp,.github/workflows/coverage_autofix_every_3_days.md,4,2026-04-19 14:16:18+00:00,False,
1864,362,carlkidcrypto/ezsnmp,.github/workflows/coverage_autofix_every_3_days.md,5,2026-04-26 03:29:32+00:00,False,
1865,362,carlkidcrypto/ezsnmp,.github/workflows/coverage_autofix_every_3_days.md,6,2026-05-02 16:05:56+00:00,False,
1866,362,carlkidcrypto/ezsnmp,.github/workflows/coverage_autofix_every_3_days.md,7,2026-05-04 02:05:24+00:00,False,5.0
1867,362,carlkidcrypto/ezsnmp,.github/workflows/coverage_autofix_every_3_days.md,8,2026-05-04 02:29:33+00:00,False,
1868,362,carlkidcrypto/ezsnmp,.github/workflows/coverage_autofix_every_3_days.md,9,2026-05-04 03:23:17+00:00,False,
1869,362,carlkidcrypto/ezsnmp,.github/workflows/coverage_autofix_every_3_days.md,10,2026-06-08 04:41:35+00:00,False,
1870,362,carlkidcrypto/ezsnmp,.github/workflows/coverage_autofix_every_3_days.md,11,2026-06-11 04:17:21+00:00,False,
1871,363,carlkidcrypto/ezsnmp,.github/workflows/docs_continuous_improvement_every_3_days.md,1,2026-03-22 04:23:00+00:00,False,
1872,363,carlkidcrypto/ezsnmp,.github/workflows/docs_continuous_improvement_every_3_days.md,2,2026-05-02 16:05:56+00:00,False,
1873,363,carlkidcrypto/ezsnmp,.github/workflows/docs_continuous_improvement_every_3_days.md,3,2026-05-04 02:05:24+00:00,False,1.0
1874,363,carlkidcrypto/ezsnmp,.github/workflows/docs_continuous_improvement_every_3_days.md,4,2026-05-04 02:29:33+00:00,False,
1875,363,carlkidcrypto/ezsnmp,.github/workflows/docs_continuous_improvement_every_3_days.md,5,2026-05-04 03:23:17+00:00,False,
1876,364,carlkidcrypto/ezsnmp,.github/workflows/python_version_watcher.md,1,2026-05-03 22:02:58+00:00,False,
1877,364,carlkidcrypto/ezsnmp,.github/workflows/python_version_watcher.md,2,2026-05-04 02:29:33+00:00,False,
1878,364,carlkidcrypto/ezsnmp,.github/workflows/python_version_watcher.md,3,2026-05-04 03:23:17+00:00,False,
1879,365,carlkidcrypto/ezsnmp,.github/workflows/sync_open_prs_with_main.md,1,2026-03-22 04:23:00+00:00,False,
1880,365,carlkidcrypto/ezsnmp,.github/workflows/sync_open_prs_with_main.md,2,2026-03-22 21:51:05+00:00,False,
1881,365,carlkidcrypto/ezsnmp,.github/workflows/sync_open_prs_with_main.md,3,2026-03-24 14:21:04+00:00,False,
1882,365,carlkidcrypto/ezsnmp,.github/workflows/sync_open_prs_with_main.md,4,2026-03-26 03:08:22+00:00,False,
1883,365,carlkidcrypto/ezsnmp,.github/workflows/sync_open_prs_with_main.md,5,2026-04-12 03:33:22+00:00,False,
1884,365,carlkidcrypto/ezsnmp,.github/workflows/sync_open_prs_with_main.md,6,2026-04-16 02:55:59+00:00,False,
1885,365,carlkidcrypto/ezsnmp,.github/workflows/sync_open_prs_with_main.md,7,2026-05-02 16:05:56+00:00,False,
1886,365,carlkidcrypto/ezsnmp,.github/workflows/sync_open_prs_with_main.md,8,2026-05-04 02:05:24+00:00,False,6.0
1887,365,carlkidcrypto/ezsnmp,.github/workflows/sync_open_prs_with_main.md,9,2026-05-04 02:29:33+00:00,False,
1888,365,carlkidcrypto/ezsnmp,.github/workflows/sync_open_prs_with_main.md,10,2026-05-04 03:23:17+00:00,False,
1889,366,carlkidcrypto/ezsnmp,.github/workflows/triage_incoming_bug_reports.md,1,2026-03-22 21:51:05+00:00,False,
1890,366,carlkidcrypto/ezsnmp,.github/workflows/triage_incoming_bug_reports.md,2,2026-05-02 16:05:56+00:00,False,
1891,366,carlkidcrypto/ezsnmp,.github/workflows/triage_incoming_bug_reports.md,3,2026-05-04 02:05:24+00:00,False,1.0
1892,366,carlkidcrypto/ezsnmp,.github/workflows/triage_incoming_bug_reports.md,4,2026-05-04 02:29:33+00:00,False,
1893,366,carlkidcrypto/ezsnmp,.github/workflows/triage_incoming_bug_reports.md,5,2026-05-04 03:23:17+00:00,False,
1894,367,carlkidcrypto/ezsnmp,.github/workflows/update_docker_netsnmp_versions.md,1,2026-03-22 21:51:05+00:00,False,
1895,367,carlkidcrypto/ezsnmp,.github/workflows/update_docker_netsnmp_versions.md,2,2026-04-12 03:27:36+00:00,False,
1896,367,carlkidcrypto/ezsnmp,.github/workflows/update_docker_netsnmp_versions.md,3,2026-05-02 16:05:56+00:00,False,
1897,367,carlkidcrypto/ezsnmp,.github/workflows/update_docker_netsnmp_versions.md,4,2026-05-04 02:05:24+00:00,False,2.0
1898,367,carlkidcrypto/ezsnmp,.github/workflows/update_docker_netsnmp_versions.md,5,2026-05-04 02:29:33+00:00,False,
1899,367,carlkidcrypto/ezsnmp,.github/workflows/update_docker_netsnmp_versions.md,6,2026-05-04 03:23:17+00:00,False,
1900,368,carlkidcrypto/ezsnmp,.github/workflows/update_docker_python_versions.md,1,2026-03-21 21:31:27+00:00,False,
1901,368,carlkidcrypto/ezsnmp,.github/workflows/update_docker_python_versions.md,2,2026-05-02 16:05:56+00:00,False,
1902,368,carlkidcrypto/ezsnmp,.github/workflows/update_docker_python_versions.md,3,2026-05-04 02:05:24+00:00,False,1.0
1903,368,carlkidcrypto/ezsnmp,.github/workflows/update_docker_python_versions.md,4,2026-05-04 02:29:33+00:00,False,
1904,368,carlkidcrypto/ezsnmp,.github/workflows/update_docker_python_versions.md,5,2026-05-04 03:23:17+00:00,False,
1905,369,Azure/typespec-azure,.github/workflows/doc-update.md,1,2026-03-30 07:52:19+00:00,False,
1906,369,Azure/typespec-azure,.github/workflows/doc-update.md,2,2026-03-31 14:16:49+00:00,False,
1907,369,Azure/typespec-azure,.github/workflows/doc-update.md,3,2026-04-02 09:01:08+00:00,False,
1908,369,Azure/typespec-azure,.github/workflows/doc-update.md,4,2026-04-08 02:02:44+00:00,False,
1909,369,Azure/typespec-azure,.github/workflows/doc-update.md,5,2026-04-13 07:19:20+00:00,False,
1910,369,Azure/typespec-azure,.github/workflows/doc-update.md,6,2026-04-14 08:23:05+00:00,False,
1911,369,Azure/typespec-azure,.github/workflows/doc-update.md,7,2026-04-15 03:58:48+00:00,False,
1912,369,Azure/typespec-azure,.github/workflows/doc-update.md,8,2026-04-16 09:10:40+00:00,False,
1913,369,Azure/typespec-azure,.github/workflows/doc-update.md,9,2026-04-17 05:15:58+00:00,False,
1914,369,Azure/typespec-azure,.github/workflows/doc-update.md,10,2026-06-25 02:41:01+00:00,False,
1915,369,Azure/typespec-azure,.github/workflows/doc-update.md,11,2026-06-25 03:57:50+00:00,False,
1916,370,Azure/typespec-azure,.github/workflows/docs-sync.md,1,2026-02-26 21:34:27+00:00,False,
1917,370,Azure/typespec-azure,.github/workflows/docs-sync.md,2,2026-06-25 02:41:01+00:00,False,
1918,371,fedixyz/fedi,.github/workflows/daily-e2e-coverage-check.md,1,2026-06-01 10:33:29+00:00,False,
1919,371,fedixyz/fedi,.github/workflows/daily-e2e-coverage-check.md,2,2026-06-05 07:27:51+00:00,False,
1920,371,fedixyz/fedi,.github/workflows/daily-e2e-coverage-check.md,3,2026-06-15 08:38:32+00:00,False,
1921,372,fedixyz/fedi,.github/workflows/weekly-doc-updater.md,1,2026-06-01 10:33:41+00:00,False,
1922,372,fedixyz/fedi,.github/workflows/weekly-doc-updater.md,2,2026-06-09 20:21:24+00:00,False,
1923,372,fedixyz/fedi,.github/workflows/weekly-doc-updater.md,3,2026-06-16 09:23:02+00:00,False,
1924,372,fedixyz/fedi,.github/workflows/weekly-doc-updater.md,4,2026-06-16 17:17:56+00:00,False,
1925,373,meshery/schemas,.github/workflows/first-time-contributor.md,1,2026-05-12 12:09:46+00:00,False,
1926,374,foxminchan/BookWorm,.github/workflows/contribution-guidelines-checker.md,1,2026-02-13 13:42:01+00:00,False,
1927,374,foxminchan/BookWorm,.github/workflows/contribution-guidelines-checker.md,2,2026-03-28 16:27:46+00:00,False,
1928,374,foxminchan/BookWorm,.github/workflows/contribution-guidelines-checker.md,3,2026-03-28 19:42:13+00:00,False,
1929,374,foxminchan/BookWorm,.github/workflows/contribution-guidelines-checker.md,4,2026-03-29 04:53:48+00:00,False,
1930,374,foxminchan/BookWorm,.github/workflows/contribution-guidelines-checker.md,5,2026-05-06 10:19:00+00:00,False,3.0
1931,374,foxminchan/BookWorm,.github/workflows/contribution-guidelines-checker.md,6,2026-06-19 04:42:34+00:00,False,
1932,375,foxminchan/BookWorm,.github/workflows/daily-repo-status.md,1,2026-02-18 00:16:01+00:00,False,
1933,375,foxminchan/BookWorm,.github/workflows/daily-repo-status.md,2,2026-02-19 08:40:34+00:00,False,
1934,375,foxminchan/BookWorm,.github/workflows/daily-repo-status.md,3,2026-03-28 16:27:46+00:00,False,
1935,375,foxminchan/BookWorm,.github/workflows/daily-repo-status.md,4,2026-03-28 19:42:13+00:00,False,
1936,375,foxminchan/BookWorm,.github/workflows/daily-repo-status.md,5,2026-03-29 04:53:48+00:00,False,
1937,375,foxminchan/BookWorm,.github/workflows/daily-repo-status.md,6,2026-05-06 10:19:00+00:00,False,
1938,376,foxminchan/BookWorm,.github/workflows/issue-triage.md,1,2026-02-13 07:42:07+00:00,False,
1939,376,foxminchan/BookWorm,.github/workflows/issue-triage.md,2,2026-03-28 16:27:46+00:00,False,
1940,376,foxminchan/BookWorm,.github/workflows/issue-triage.md,3,2026-03-28 19:42:13+00:00,False,
1941,376,foxminchan/BookWorm,.github/workflows/issue-triage.md,4,2026-03-29 04:53:48+00:00,False,
1942,376,foxminchan/BookWorm,.github/workflows/issue-triage.md,5,2026-04-21 13:38:52+00:00,False,
1943,376,foxminchan/BookWorm,.github/workflows/issue-triage.md,6,2026-05-06 10:19:00+00:00,False,
1944,376,foxminchan/BookWorm,.github/workflows/issue-triage.md,7,2026-06-19 04:42:34+00:00,False,
1945,377,foxminchan/BookWorm,.github/workflows/pr-triage.md,1,2026-02-13 12:13:47+00:00,False,
1946,377,foxminchan/BookWorm,.github/workflows/pr-triage.md,2,2026-03-14 11:56:57+00:00,False,
1947,377,foxminchan/BookWorm,.github/workflows/pr-triage.md,3,2026-03-28 16:27:46+00:00,False,
1948,377,foxminchan/BookWorm,.github/workflows/pr-triage.md,4,2026-03-28 19:42:13+00:00,False,
1949,377,foxminchan/BookWorm,.github/workflows/pr-triage.md,5,2026-03-29 04:53:48+00:00,False,
1950,377,foxminchan/BookWorm,.github/workflows/pr-triage.md,6,2026-04-21 13:38:52+00:00,False,
1951,377,foxminchan/BookWorm,.github/workflows/pr-triage.md,7,2026-05-06 10:19:00+00:00,False,
1952,377,foxminchan/BookWorm,.github/workflows/pr-triage.md,8,2026-06-19 04:42:34+00:00,False,
1953,377,foxminchan/BookWorm,.github/workflows/pr-triage.md,9,2026-06-26 07:34:36+00:00,False,
1954,378,ohcnetwork/care_fe,.github/workflows/daily-playwright-improver.md,1,2026-02-07 22:12:14+00:00,False,
1955,379,ohcnetwork/care_fe,.github/workflows/thank-you-note.md,1,2026-02-07 22:32:19+00:00,False,
1956,379,ohcnetwork/care_fe,.github/workflows/thank-you-note.md,2,2026-02-07 23:13:38+00:00,False,
1957,380,IgniteUI/igniteui-xplat-docs,.github/workflows/sync-jp-docs.md,1,2026-03-20 15:38:03+00:00,False,
1958,380,IgniteUI/igniteui-xplat-docs,.github/workflows/sync-jp-docs.md,2,2026-03-23 11:33:29+00:00,False,
1959,380,IgniteUI/igniteui-xplat-docs,.github/workflows/sync-jp-docs.md,3,2026-03-23 11:48:17+00:00,False,
1960,380,IgniteUI/igniteui-xplat-docs,.github/workflows/sync-jp-docs.md,4,2026-03-26 09:10:03+00:00,False,
1961,380,IgniteUI/igniteui-xplat-docs,.github/workflows/sync-jp-docs.md,5,2026-03-26 12:38:50+00:00,False,
1962,380,IgniteUI/igniteui-xplat-docs,.github/workflows/sync-jp-docs.md,6,2026-03-26 12:40:15+00:00,False,
1963,380,IgniteUI/igniteui-xplat-docs,.github/workflows/sync-jp-docs.md,7,2026-03-26 13:46:47+00:00,False,
1964,380,IgniteUI/igniteui-xplat-docs,.github/workflows/sync-jp-docs.md,8,2026-04-03 13:32:23+00:00,False,
1965,381,alexandru/social-publish,.github/workflows/code-simplifier.md,1,2026-04-26 16:48:25+00:00,False,
1966,382,pulumi/ci-mgmt,.github/workflows/gh-aw-pr-rereview.md,1,2026-05-11 17:38:59+00:00,False,
1967,383,pulumi/ci-mgmt,.github/workflows/gh-aw-pr-review.md,1,2026-05-11 17:38:59+00:00,False,
1968,384,CommunityToolkit/Aspire,.github/workflows/aspire-upgrade.md,1,2026-03-12 23:42:48+00:00,False,
1969,384,CommunityToolkit/Aspire,.github/workflows/aspire-upgrade.md,2,2026-03-18 05:53:36+00:00,False,
1970,384,CommunityToolkit/Aspire,.github/workflows/aspire-upgrade.md,3,2026-03-18 05:57:28+00:00,False,
1971,384,CommunityToolkit/Aspire,.github/workflows/aspire-upgrade.md,4,2026-05-14 05:14:06+00:00,False,
1972,384,CommunityToolkit/Aspire,.github/workflows/aspire-upgrade.md,5,2026-05-26 00:56:19+00:00,False,
1973,385,popey/slomore,.github/workflows/repo-assist.md,1,2026-06-02 16:08:18+00:00,False,
1974,385,popey/slomore,.github/workflows/repo-assist.md,2,2026-06-04 08:03:59+00:00,False,
1975,385,popey/slomore,.github/workflows/repo-assist.md,3,2026-06-04 20:34:29+00:00,False,
1976,386,pydantic/pydantic-ai,.github/workflows/pydantic-ai-bug-hunter.md,1,2026-05-22 21:20:41+00:00,False,
1977,386,pydantic/pydantic-ai,.github/workflows/pydantic-ai-bug-hunter.md,2,2026-05-25 23:03:48+00:00,False,
1978,386,pydantic/pydantic-ai,.github/workflows/pydantic-ai-bug-hunter.md,3,2026-05-27 00:49:04+00:00,False,
1979,387,pydantic/pydantic-ai,.github/workflows/pydantic-ai-docs-drift.md,1,2026-05-22 21:20:41+00:00,False,
1980,387,pydantic/pydantic-ai,.github/workflows/pydantic-ai-docs-drift.md,2,2026-05-25 23:03:48+00:00,False,
1981,387,pydantic/pydantic-ai,.github/workflows/pydantic-ai-docs-drift.md,3,2026-05-27 00:49:04+00:00,False,
1982,388,pydantic/pydantic-ai,.github/workflows/pydantic-ai-pr-review.md,1,2026-05-22 21:20:41+00:00,False,
1983,388,pydantic/pydantic-ai,.github/workflows/pydantic-ai-pr-review.md,2,2026-05-25 23:03:48+00:00,False,
1984,388,pydantic/pydantic-ai,.github/workflows/pydantic-ai-pr-review.md,3,2026-05-27 00:49:04+00:00,False,
1985,389,pydantic/pydantic-ai,.github/workflows/pydantic-ai-provider-mapping-sweep.md,1,2026-05-22 21:20:41+00:00,False,
1986,389,pydantic/pydantic-ai,.github/workflows/pydantic-ai-provider-mapping-sweep.md,2,2026-05-25 23:03:48+00:00,False,
1987,389,pydantic/pydantic-ai,.github/workflows/pydantic-ai-provider-mapping-sweep.md,3,2026-05-27 00:49:04+00:00,False,
1988,390,pydantic/pydantic-ai,.github/workflows/pydantic-ai-provider-parity-explore.md,1,2026-05-22 21:20:41+00:00,False,
1989,390,pydantic/pydantic-ai,.github/workflows/pydantic-ai-provider-parity-explore.md,2,2026-05-25 23:03:48+00:00,False,
1990,390,pydantic/pydantic-ai,.github/workflows/pydantic-ai-provider-parity-explore.md,3,2026-05-27 00:49:04+00:00,False,
1991,391,pydantic/pydantic-ai,.github/workflows/pydantic-ai-regression-detector.md,1,2026-05-22 21:20:41+00:00,False,
1992,391,pydantic/pydantic-ai,.github/workflows/pydantic-ai-regression-detector.md,2,2026-05-25 23:03:48+00:00,False,
1993,391,pydantic/pydantic-ai,.github/workflows/pydantic-ai-regression-detector.md,3,2026-05-27 00:49:04+00:00,False,
1994,392,pydantic/pydantic-ai,.github/workflows/pydantic-ai-roundtrip-sweep.md,1,2026-05-22 21:20:41+00:00,False,
1995,392,pydantic/pydantic-ai,.github/workflows/pydantic-ai-roundtrip-sweep.md,2,2026-05-25 23:03:48+00:00,False,
1996,392,pydantic/pydantic-ai,.github/workflows/pydantic-ai-roundtrip-sweep.md,3,2026-05-27 00:49:04+00:00,False,
1997,393,pydantic/pydantic-ai,.github/workflows/pydantic-ai-stale-issues-finder.md,1,2026-05-25 23:03:48+00:00,False,
1998,393,pydantic/pydantic-ai,.github/workflows/pydantic-ai-stale-issues-finder.md,2,2026-05-27 00:49:04+00:00,False,
1999,394,pydantic/pydantic-ai,.github/workflows/pydantic-ai-streaming-resilience-sweep.md,1,2026-05-22 21:20:41+00:00,False,
2000,394,pydantic/pydantic-ai,.github/workflows/pydantic-ai-streaming-resilience-sweep.md,2,2026-05-25 23:03:48+00:00,False,
2001,394,pydantic/pydantic-ai,.github/workflows/pydantic-ai-streaming-resilience-sweep.md,3,2026-05-27 00:49:04+00:00,False,
2002,395,pydantic/pydantic-ai,.github/workflows/pydantic-ai-ui-security-review.md,1,2026-05-22 23:53:59+00:00,False,
2003,395,pydantic/pydantic-ai,.github/workflows/pydantic-ai-ui-security-review.md,2,2026-05-23 02:43:55+00:00,False,
2004,395,pydantic/pydantic-ai,.github/workflows/pydantic-ai-ui-security-review.md,3,2026-05-25 23:03:48+00:00,False,
2005,395,pydantic/pydantic-ai,.github/workflows/pydantic-ai-ui-security-review.md,4,2026-05-27 00:49:04+00:00,False,
2006,395,pydantic/pydantic-ai,.github/workflows/pydantic-ai-ui-security-review.md,5,2026-06-23 15:06:59+00:00,False,
2007,395,pydantic/pydantic-ai,.github/workflows/pydantic-ai-ui-security-review.md,6,2026-06-25 20:09:33+00:00,False,
2008,395,pydantic/pydantic-ai,.github/workflows/pydantic-ai-ui-security-review.md,7,2026-06-26 22:35:50+00:00,False,
2009,396,moeru-ai/airi,.github/workflows/pr-triage.md,1,2026-04-04 19:11:13+00:00,False,
2010,396,moeru-ai/airi,.github/workflows/pr-triage.md,2,2026-04-10 17:03:03+00:00,False,
2011,396,moeru-ai/airi,.github/workflows/pr-triage.md,3,2026-04-12 10:02:58+00:00,False,
2012,396,moeru-ai/airi,.github/workflows/pr-triage.md,4,2026-04-13 08:24:15+00:00,False,
2013,397,popey/grummage,.github/workflows/repo-assist.md,1,2026-06-02 15:50:55+00:00,False,
2014,397,popey/grummage,.github/workflows/repo-assist.md,2,2026-06-03 11:26:00+00:00,False,
2015,397,popey/grummage,.github/workflows/repo-assist.md,3,2026-06-03 15:02:22+00:00,False,
2016,397,popey/grummage,.github/workflows/repo-assist.md,4,2026-06-04 14:12:48+00:00,False,
2017,398,bob-collective/bob,.github/workflows/openapi-docs-sync.md,1,2026-03-20 17:29:39+00:00,False,
2018,399,dotnet/macios,.github/workflows/ci-postmortem.md,1,2026-05-20 13:40:11+00:00,False,
2019,399,dotnet/macios,.github/workflows/ci-postmortem.md,2,2026-06-04 16:06:18+00:00,False,
2020,399,dotnet/macios,.github/workflows/ci-postmortem.md,3,2026-06-22 15:43:38+00:00,False,
2021,399,dotnet/macios,.github/workflows/ci-postmortem.md,4,2026-06-25 09:42:41+00:00,False,
2022,400,dotnet/macios,.github/workflows/code-radiator.md,1,2026-05-07 06:08:21+00:00,False,
2023,400,dotnet/macios,.github/workflows/code-radiator.md,2,2026-05-11 02:47:30+00:00,False,
2024,400,dotnet/macios,.github/workflows/code-radiator.md,3,2026-05-13 12:19:19+00:00,False,
2025,400,dotnet/macios,.github/workflows/code-radiator.md,4,2026-05-14 11:10:59+00:00,False,
2026,400,dotnet/macios,.github/workflows/code-radiator.md,5,2026-05-27 11:19:42+00:00,False,
2027,400,dotnet/macios,.github/workflows/code-radiator.md,6,2026-05-28 16:01:43+00:00,False,
2028,400,dotnet/macios,.github/workflows/code-radiator.md,7,2026-06-01 11:24:32+00:00,False,
2029,400,dotnet/macios,.github/workflows/code-radiator.md,8,2026-06-03 07:33:56+00:00,False,
2030,400,dotnet/macios,.github/workflows/code-radiator.md,9,2026-06-04 16:05:37+00:00,False,
2031,400,dotnet/macios,.github/workflows/code-radiator.md,10,2026-06-22 14:50:19+00:00,False,
2032,400,dotnet/macios,.github/workflows/code-radiator.md,11,2026-06-22 15:43:38+00:00,False,
2033,400,dotnet/macios,.github/workflows/code-radiator.md,12,2026-06-24 13:26:13+00:00,False,
2034,400,dotnet/macios,.github/workflows/code-radiator.md,13,2026-06-25 09:42:41+00:00,False,
2035,400,dotnet/macios,.github/workflows/code-radiator.md,14,2026-06-25 21:08:16+00:00,False,
2036,401,dotnet/macios,.github/workflows/macios-reviewer.md,1,2026-04-23 06:11:53+00:00,False,
2037,401,dotnet/macios,.github/workflows/macios-reviewer.md,2,2026-05-07 05:52:32+00:00,False,
2038,401,dotnet/macios,.github/workflows/macios-reviewer.md,3,2026-05-11 02:47:30+00:00,False,
2039,401,dotnet/macios,.github/workflows/macios-reviewer.md,4,2026-06-21 11:54:02+00:00,False,
2040,401,dotnet/macios,.github/workflows/macios-reviewer.md,5,2026-06-22 15:43:38+00:00,False,
2041,401,dotnet/macios,.github/workflows/macios-reviewer.md,6,2026-06-25 09:42:41+00:00,False,
2042,402,ZSWatch/ZSWatch,.github/workflows/docs-pr-analyze.md,1,2026-02-18 12:36:14+00:00,False,
2043,402,ZSWatch/ZSWatch,.github/workflows/docs-pr-analyze.md,2,2026-03-02 21:34:12+00:00,False,
2044,403,pulumi/pulumi-okta,.github/workflows/gh-aw-pr-rereview.md,1,2026-05-12 07:05:34+00:00,False,
2045,404,pulumi/pulumi-okta,.github/workflows/gh-aw-pr-review.md,1,2026-05-12 07:05:34+00:00,False,
2046,405,elastic/opentelemetry-collector-components,.github/workflows/pr-review.md,1,2026-02-14 02:16:17+00:00,False,
2047,406,svenjacobs/lokksmith,.github/workflows/update-dependency-matrix.md,1,2026-03-20 08:22:36+00:00,False,
2048,406,svenjacobs/lokksmith,.github/workflows/update-dependency-matrix.md,2,2026-03-20 10:13:37+00:00,False,
2049,406,svenjacobs/lokksmith,.github/workflows/update-dependency-matrix.md,3,2026-06-09 13:36:33+00:00,False,
2050,407,czlonkowski/n8n-mcp,.github/workflows/issue-triage.md,1,2026-04-27 13:54:10+00:00,False,
2051,407,czlonkowski/n8n-mcp,.github/workflows/issue-triage.md,2,2026-04-27 14:34:14+00:00,False,
2052,408,github/awesome-copilot,.github/workflows/cli-for-beginners-sync.md,1,2026-03-25 22:03:21+00:00,False,
2053,408,github/awesome-copilot,.github/workflows/cli-for-beginners-sync.md,2,2026-04-09 00:22:38+00:00,False,
2054,408,github/awesome-copilot,.github/workflows/cli-for-beginners-sync.md,3,2026-05-11 01:29:18+00:00,False,
2055,408,github/awesome-copilot,.github/workflows/cli-for-beginners-sync.md,4,2026-06-25 04:36:53+00:00,False,
2056,409,github/awesome-copilot,.github/workflows/codeowner-update.md,1,2026-03-03 23:22:10+00:00,False,
2057,409,github/awesome-copilot,.github/workflows/codeowner-update.md,2,2026-03-04 01:30:58+00:00,False,
2058,409,github/awesome-copilot,.github/workflows/codeowner-update.md,3,2026-03-04 02:21:41+00:00,False,1.0
2059,409,github/awesome-copilot,.github/workflows/codeowner-update.md,4,2026-03-04 02:35:03+00:00,False,
2060,409,github/awesome-copilot,.github/workflows/codeowner-update.md,5,2026-04-15 22:57:55+00:00,False,
2061,409,github/awesome-copilot,.github/workflows/codeowner-update.md,6,2026-06-25 04:36:53+00:00,False,
2062,410,github/awesome-copilot,.github/workflows/duplicate-resource-detector.md,1,2026-02-19 04:43:54+00:00,False,
2063,410,github/awesome-copilot,.github/workflows/duplicate-resource-detector.md,2,2026-02-26 23:20:13+00:00,False,
2064,411,github/awesome-copilot,.github/workflows/learning-hub-updater.md,1,2026-03-17 03:18:58+00:00,False,
2065,411,github/awesome-copilot,.github/workflows/learning-hub-updater.md,2,2026-03-19 04:45:27+00:00,False,
2066,411,github/awesome-copilot,.github/workflows/learning-hub-updater.md,3,2026-03-27 04:46:56+00:00,False,
2067,411,github/awesome-copilot,.github/workflows/learning-hub-updater.md,4,2026-06-23 01:25:54+00:00,False,
2068,411,github/awesome-copilot,.github/workflows/learning-hub-updater.md,5,2026-06-25 04:36:53+00:00,False,
2069,412,github/awesome-copilot,.github/workflows/pr-duplicate-check.md,1,2026-03-12 22:42:56+00:00,False,
2070,412,github/awesome-copilot,.github/workflows/pr-duplicate-check.md,2,2026-03-13 01:25:46+00:00,False,
2071,412,github/awesome-copilot,.github/workflows/pr-duplicate-check.md,3,2026-03-23 04:29:43+00:00,False,
2072,413,github/awesome-copilot,.github/workflows/resource-staleness-report.md,1,2026-02-18 23:19:17+00:00,False,
2073,413,github/awesome-copilot,.github/workflows/resource-staleness-report.md,2,2026-05-15 06:33:29+00:00,False,
2074,414,pulumi/pulumi-cloudinit,.github/workflows/gh-aw-pr-rereview.md,1,2026-05-12 06:22:12+00:00,False,
2075,415,pulumi/pulumi-cloudinit,.github/workflows/gh-aw-pr-review.md,1,2026-05-12 06:22:12+00:00,False,
2076,416,pulumi/pulumi-fastly,.github/workflows/gh-aw-pr-rereview.md,1,2026-05-12 06:37:05+00:00,False,
2077,417,pulumi/pulumi-fastly,.github/workflows/gh-aw-pr-review.md,1,2026-05-12 06:37:05+00:00,False,
2078,418,microsoft/wassette,.github/workflows/changelog-fragment.md,1,2025-11-02 18:06:05+00:00,False,
2079,418,microsoft/wassette,.github/workflows/changelog-fragment.md,2,2025-11-02 23:51:15+00:00,False,
2080,419,microsoft/wassette,.github/workflows/changelog-pr-link.md,1,2025-10-22 06:07:20+00:00,False,
2081,420,microsoft/wassette,.github/workflows/ci-doctor.md,1,2025-10-09 01:08:25+00:00,False,
2082,421,microsoft/wassette,.github/workflows/issue-triage.md,1,2025-10-03 20:05:08+00:00,False,
2083,421,microsoft/wassette,.github/workflows/issue-triage.md,2,2025-10-22 03:17:53+00:00,False,
2084,422,microsoft/wassette,.github/workflows/plan.md,1,2025-11-12 06:26:09+00:00,False,
2085,423,microsoft/wassette,.github/workflows/pr-triage.md,1,2025-10-22 06:06:27+00:00,False,
2086,423,microsoft/wassette,.github/workflows/pr-triage.md,2,2025-11-14 04:59:46+00:00,False,
2087,424,microsoft/wassette,.github/workflows/release-doctor.md,1,2025-11-02 23:53:32+00:00,False,
2088,425,microsoft/wassette,.github/workflows/scout.md,1,2025-10-08 21:59:28+00:00,False,
2089,426,kaito-project/aikit,.github/workflows/daily-test-improver.md,1,2025-10-24 21:55:28+00:00,False,
2090,427,kaito-project/aikit,.github/workflows/issue-triage.md,1,2025-10-24 18:03:50+00:00,False,
2091,427,kaito-project/aikit,.github/workflows/issue-triage.md,2,2025-10-24 20:22:33+00:00,False,
2092,428,Azure/AppConfiguration-KubernetesProvider,.github/workflows/issue-triage.md,1,2026-03-05 06:35:15+00:00,False,
2093,429,githubnext/agentics,.github/workflows/daily-repo-goals.md,1,2026-02-13 01:55:08+00:00,False,
2094,429,githubnext/agentics,.github/workflows/daily-repo-goals.md,2,2026-02-13 03:28:32+00:00,False,
2095,429,githubnext/agentics,.github/workflows/daily-repo-goals.md,3,2026-02-17 22:19:51+00:00,False,
2096,429,githubnext/agentics,.github/workflows/daily-repo-goals.md,4,2026-02-18 00:01:06+00:00,False,
2097,429,githubnext/agentics,.github/workflows/daily-repo-goals.md,5,2026-02-24 03:48:05+00:00,False,
2098,429,githubnext/agentics,.github/workflows/daily-repo-goals.md,6,2026-02-24 04:16:22+00:00,False,
2099,429,githubnext/agentics,.github/workflows/daily-repo-goals.md,7,2026-03-08 22:30:44+00:00,False,
2100,429,githubnext/agentics,.github/workflows/daily-repo-goals.md,8,2026-05-08 20:56:58+00:00,False,
2101,429,githubnext/agentics,.github/workflows/daily-repo-goals.md,9,2026-06-26 05:45:50+00:00,False,
2102,430,githubnext/agentics,.github/workflows/daily-workflow-sync.md,1,2025-12-09 17:48:57+00:00,False,
2103,430,githubnext/agentics,.github/workflows/daily-workflow-sync.md,2,2026-02-03 00:31:39+00:00,False,
2104,430,githubnext/agentics,.github/workflows/daily-workflow-sync.md,3,2026-02-14 22:14:08+00:00,False,
2105,430,githubnext/agentics,.github/workflows/daily-workflow-sync.md,4,2026-02-20 12:58:47+00:00,False,
2106,430,githubnext/agentics,.github/workflows/daily-workflow-sync.md,5,2026-02-24 04:16:22+00:00,False,
2107,430,githubnext/agentics,.github/workflows/daily-workflow-sync.md,6,2026-03-03 05:13:03+00:00,False,
2108,430,githubnext/agentics,.github/workflows/daily-workflow-sync.md,7,2026-03-08 22:30:44+00:00,False,
2109,430,githubnext/agentics,.github/workflows/daily-workflow-sync.md,8,2026-05-27 17:04:32+00:00,False,
2110,430,githubnext/agentics,.github/workflows/daily-workflow-sync.md,9,2026-06-19 16:52:27+00:00,False,
2111,430,githubnext/agentics,.github/workflows/daily-workflow-sync.md,10,2026-06-26 05:45:50+00:00,False,
2112,431,githubnext/agentics,.github/workflows/import-workflow.md,1,2026-02-17 04:14:13+00:00,False,
2113,431,githubnext/agentics,.github/workflows/import-workflow.md,2,2026-02-17 04:17:30+00:00,False,
2114,431,githubnext/agentics,.github/workflows/import-workflow.md,3,2026-02-17 18:54:15+00:00,False,
2115,431,githubnext/agentics,.github/workflows/import-workflow.md,4,2026-02-17 22:12:56+00:00,False,
2116,431,githubnext/agentics,.github/workflows/import-workflow.md,5,2026-02-24 03:48:05+00:00,False,
2117,431,githubnext/agentics,.github/workflows/import-workflow.md,6,2026-03-08 22:30:44+00:00,False,
2118,431,githubnext/agentics,.github/workflows/import-workflow.md,7,2026-06-26 05:45:50+00:00,False,
2119,432,githubnext/agentics,.github/workflows/link-checker.md,1,2026-02-17 04:18:47+00:00,False,
2120,432,githubnext/agentics,.github/workflows/link-checker.md,2,2026-02-20 12:58:47+00:00,False,
2121,432,githubnext/agentics,.github/workflows/link-checker.md,3,2026-03-08 22:30:44+00:00,False,
2122,432,githubnext/agentics,.github/workflows/link-checker.md,4,2026-06-19 16:52:27+00:00,False,
2123,432,githubnext/agentics,.github/workflows/link-checker.md,5,2026-06-26 05:27:34+00:00,False,
2124,432,githubnext/agentics,.github/workflows/link-checker.md,6,2026-06-26 05:45:50+00:00,False,
2125,433,githubnext/agentics,.github/workflows/maintainer.md,1,2025-10-22 18:14:56+00:00,False,
2126,433,githubnext/agentics,.github/workflows/maintainer.md,2,2025-10-22 19:04:38+00:00,False,
2127,433,githubnext/agentics,.github/workflows/maintainer.md,3,2025-10-29 17:44:06+00:00,False,
2128,433,githubnext/agentics,.github/workflows/maintainer.md,4,2025-11-07 03:09:31+00:00,False,
2129,433,githubnext/agentics,.github/workflows/maintainer.md,5,2025-11-14 00:48:07+00:00,False,
2130,433,githubnext/agentics,.github/workflows/maintainer.md,6,2026-01-05 20:59:56+00:00,False,
2131,433,githubnext/agentics,.github/workflows/maintainer.md,7,2026-02-03 00:31:39+00:00,False,
2132,433,githubnext/agentics,.github/workflows/maintainer.md,8,2026-02-20 12:58:47+00:00,False,
2133,433,githubnext/agentics,.github/workflows/maintainer.md,9,2026-02-26 12:54:28+00:00,False,
2134,433,githubnext/agentics,.github/workflows/maintainer.md,10,2026-03-08 22:30:44+00:00,False,
2135,433,githubnext/agentics,.github/workflows/maintainer.md,11,2026-06-19 16:52:27+00:00,False,
2136,433,githubnext/agentics,.github/workflows/maintainer.md,12,2026-06-26 05:45:50+00:00,False,
2137,434,microsoft/mcp,.github/workflows/doc-gap-detector.md,1,2026-05-06 21:16:07+00:00,False,
2138,434,microsoft/mcp,.github/workflows/doc-gap-detector.md,2,2026-05-19 20:57:49+00:00,False,
2139,435,MiguelElGallo/mpzsql,.github/workflows/code-simplifier.md,1,2026-03-15 09:18:28+00:00,False,
2140,435,MiguelElGallo/mpzsql,.github/workflows/code-simplifier.md,2,2026-04-14 05:36:19+00:00,False,
2141,436,fideus-labs/ngff-zarr,.github/workflows/daily-doc-updater.md,1,2026-03-02 20:05:42+00:00,False,
2142,436,fideus-labs/ngff-zarr,.github/workflows/daily-doc-updater.md,2,2026-03-02 20:50:25+00:00,False,
2143,436,fideus-labs/ngff-zarr,.github/workflows/daily-doc-updater.md,3,2026-05-27 21:35:17+00:00,False,
2144,436,fideus-labs/ngff-zarr,.github/workflows/daily-doc-updater.md,4,2026-06-02 17:27:40+00:00,False,
2145,436,fideus-labs/ngff-zarr,.github/workflows/daily-doc-updater.md,5,2026-06-17 15:04:26+00:00,False,
2146,437,fideus-labs/ngff-zarr,.github/workflows/daily-repo-status.md,1,2026-02-17 21:05:33+00:00,False,
2147,437,fideus-labs/ngff-zarr,.github/workflows/daily-repo-status.md,2,2026-02-21 17:24:45+00:00,False,
2148,437,fideus-labs/ngff-zarr,.github/workflows/daily-repo-status.md,3,2026-02-25 13:05:35+00:00,False,
2149,437,fideus-labs/ngff-zarr,.github/workflows/daily-repo-status.md,4,2026-05-27 21:35:17+00:00,False,
2150,437,fideus-labs/ngff-zarr,.github/workflows/daily-repo-status.md,5,2026-06-17 13:22:28+00:00,False,
2151,437,fideus-labs/ngff-zarr,.github/workflows/daily-repo-status.md,6,2026-06-25 17:54:15+00:00,False,
2152,438,tosin2013/mcp-adr-analysis-server,.github/workflows/ai-executor-integration.md,1,2026-02-16 16:07:01+00:00,False,
2153,438,tosin2013/mcp-adr-analysis-server,.github/workflows/ai-executor-integration.md,2,2026-02-17 14:33:13+00:00,False,
2154,438,tosin2013/mcp-adr-analysis-server,.github/workflows/ai-executor-integration.md,3,2026-03-16 17:48:59+00:00,False,
2155,439,tosin2013/mcp-adr-analysis-server,.github/workflows/ai-release-notes-agent.md,1,2026-02-16 16:07:01+00:00,False,
2156,440,tosin2013/mcp-adr-analysis-server,.github/workflows/ci-doctor.md,1,2026-02-16 16:07:01+00:00,False,
2157,441,tosin2013/mcp-adr-analysis-server,.github/workflows/dependabot-bundler.md,1,2026-02-16 16:07:01+00:00,False,
2158,441,tosin2013/mcp-adr-analysis-server,.github/workflows/dependabot-bundler.md,2,2026-02-20 00:13:55+00:00,False,
2159,442,tosin2013/mcp-adr-analysis-server,.github/workflows/deployment-pattern-validation.md,1,2026-02-16 16:07:01+00:00,False,
2160,442,tosin2013/mcp-adr-analysis-server,.github/workflows/deployment-pattern-validation.md,2,2026-02-16 18:29:58+00:00,False,
2161,442,tosin2013/mcp-adr-analysis-server,.github/workflows/deployment-pattern-validation.md,3,2026-03-16 17:48:59+00:00,False,
2162,443,tosin2013/mcp-adr-analysis-server,.github/workflows/docs-noob-tester.md,1,2026-02-16 16:07:01+00:00,False,
2163,443,tosin2013/mcp-adr-analysis-server,.github/workflows/docs-noob-tester.md,2,2026-02-20 00:13:55+00:00,False,
2164,443,tosin2013/mcp-adr-analysis-server,.github/workflows/docs-noob-tester.md,3,2026-02-20 19:15:56+00:00,False,
2165,443,tosin2013/mcp-adr-analysis-server,.github/workflows/docs-noob-tester.md,4,2026-03-16 17:28:09+00:00,False,
2166,443,tosin2013/mcp-adr-analysis-server,.github/workflows/docs-noob-tester.md,5,2026-03-16 17:48:59+00:00,False,
2167,444,tosin2013/mcp-adr-analysis-server,.github/workflows/docs-site-validator.md,1,2026-02-16 16:24:31+00:00,False,
2168,444,tosin2013/mcp-adr-analysis-server,.github/workflows/docs-site-validator.md,2,2026-02-20 00:13:55+00:00,False,
2169,444,tosin2013/mcp-adr-analysis-server,.github/workflows/docs-site-validator.md,3,2026-02-20 19:15:56+00:00,False,
2170,444,tosin2013/mcp-adr-analysis-server,.github/workflows/docs-site-validator.md,4,2026-04-19 18:26:37+00:00,False,
2171,445,tosin2013/mcp-adr-analysis-server,.github/workflows/esm-module-validation.md,1,2026-02-16 16:07:01+00:00,False,
2172,445,tosin2013/mcp-adr-analysis-server,.github/workflows/esm-module-validation.md,2,2026-03-16 17:48:59+00:00,False,
2173,446,tosin2013/mcp-adr-analysis-server,.github/workflows/knowledge-graph-validation.md,1,2026-02-16 16:07:01+00:00,False,
2174,446,tosin2013/mcp-adr-analysis-server,.github/workflows/knowledge-graph-validation.md,2,2026-02-16 18:44:11+00:00,False,
2175,446,tosin2013/mcp-adr-analysis-server,.github/workflows/knowledge-graph-validation.md,3,2026-03-16 17:48:59+00:00,False,
2176,447,tosin2013/mcp-adr-analysis-server,.github/workflows/mcp-server-validation.md,1,2026-02-16 16:07:01+00:00,False,
2177,447,tosin2013/mcp-adr-analysis-server,.github/workflows/mcp-server-validation.md,2,2026-02-16 18:44:11+00:00,False,
2178,447,tosin2013/mcp-adr-analysis-server,.github/workflows/mcp-server-validation.md,3,2026-02-20 14:57:45+00:00,False,
2179,447,tosin2013/mcp-adr-analysis-server,.github/workflows/mcp-server-validation.md,4,2026-03-16 17:48:59+00:00,False,
2180,448,tosin2013/mcp-adr-analysis-server,.github/workflows/mcp-tool-checker.md,1,2026-02-16 16:07:01+00:00,False,
2181,448,tosin2013/mcp-adr-analysis-server,.github/workflows/mcp-tool-checker.md,2,2026-02-20 00:13:55+00:00,False,
2182,448,tosin2013/mcp-adr-analysis-server,.github/workflows/mcp-tool-checker.md,3,2026-02-20 14:57:45+00:00,False,
2183,448,tosin2013/mcp-adr-analysis-server,.github/workflows/mcp-tool-checker.md,4,2026-03-16 17:48:59+00:00,False,
2184,449,pulumi/pulumi-rabbitmq,.github/workflows/gh-aw-pr-rereview.md,1,2026-05-12 07:07:44+00:00,False,
2185,450,pulumi/pulumi-rabbitmq,.github/workflows/gh-aw-pr-review.md,1,2026-05-12 07:07:44+00:00,False,
2186,451,kubestellar/docs,.github/workflows/daily-team-status.md,1,2025-12-03 19:22:35+00:00,False,
2187,451,kubestellar/docs,.github/workflows/daily-team-status.md,2,2025-12-03 21:38:16+00:00,False,
2188,451,kubestellar/docs,.github/workflows/daily-team-status.md,3,2025-12-05 09:21:52+00:00,True,
2189,451,kubestellar/docs,.github/workflows/daily-team-status.md,4,2026-05-04 15:11:48+00:00,False,
2190,451,kubestellar/docs,.github/workflows/daily-team-status.md,5,2026-06-16 15:51:04+00:00,False,
2191,452,kubestellar/docs,.github/workflows/devstats.md,1,2025-12-16 19:44:32+00:00,False,
2192,452,kubestellar/docs,.github/workflows/devstats.md,2,2026-05-04 15:11:48+00:00,False,
2193,452,kubestellar/docs,.github/workflows/devstats.md,3,2026-06-16 15:51:04+00:00,False,
2194,453,kubestellar/docs,.github/workflows/link-checker.md,1,2026-03-10 01:54:58+00:00,False,
2195,453,kubestellar/docs,.github/workflows/link-checker.md,2,2026-03-10 02:01:43+00:00,False,
2196,453,kubestellar/docs,.github/workflows/link-checker.md,3,2026-03-10 02:54:15+00:00,False,
2197,453,kubestellar/docs,.github/workflows/link-checker.md,4,2026-05-03 01:55:27+00:00,False,
2198,453,kubestellar/docs,.github/workflows/link-checker.md,5,2026-05-04 15:11:48+00:00,False,
2199,453,kubestellar/docs,.github/workflows/link-checker.md,6,2026-05-11 07:29:34+00:00,False,
2200,453,kubestellar/docs,.github/workflows/link-checker.md,7,2026-06-17 13:28:07+00:00,False,
2201,454,kubestellar/docs,.github/workflows/maintainer-metrics.md,1,2025-12-10 01:16:31+00:00,False,
2202,454,kubestellar/docs,.github/workflows/maintainer-metrics.md,2,2025-12-20 17:47:19+00:00,False,
2203,454,kubestellar/docs,.github/workflows/maintainer-metrics.md,3,2026-02-09 18:34:31+00:00,False,
2204,454,kubestellar/docs,.github/workflows/maintainer-metrics.md,4,2026-04-01 00:47:52+00:00,False,
2205,454,kubestellar/docs,.github/workflows/maintainer-metrics.md,5,2026-04-01 00:52:10+00:00,False,
2206,454,kubestellar/docs,.github/workflows/maintainer-metrics.md,6,2026-04-01 00:54:20+00:00,False,
2207,454,kubestellar/docs,.github/workflows/maintainer-metrics.md,7,2026-05-11 07:29:34+00:00,False,
2208,454,kubestellar/docs,.github/workflows/maintainer-metrics.md,8,2026-05-28 07:53:27+00:00,False,
2209,455,kubestellar/docs,.github/workflows/technical-doc-writer.md,1,2025-12-16 19:44:32+00:00,False,
2210,455,kubestellar/docs,.github/workflows/technical-doc-writer.md,2,2025-12-16 19:46:22+00:00,False,
2211,455,kubestellar/docs,.github/workflows/technical-doc-writer.md,3,2025-12-16 20:10:27+00:00,False,
2212,455,kubestellar/docs,.github/workflows/technical-doc-writer.md,4,2025-12-16 20:24:11+00:00,False,
2213,455,kubestellar/docs,.github/workflows/technical-doc-writer.md,5,2025-12-16 20:33:17+00:00,False,
2214,455,kubestellar/docs,.github/workflows/technical-doc-writer.md,6,2025-12-16 20:34:00+00:00,False,
2215,455,kubestellar/docs,.github/workflows/technical-doc-writer.md,7,2025-12-20 17:47:19+00:00,False,
2216,455,kubestellar/docs,.github/workflows/technical-doc-writer.md,8,2026-05-04 15:11:48+00:00,False,
2217,456,kubestellar/docs,.github/workflows/typo-checker.md,1,2026-03-10 01:54:58+00:00,False,
2218,456,kubestellar/docs,.github/workflows/typo-checker.md,2,2026-03-10 02:01:43+00:00,False,
2219,456,kubestellar/docs,.github/workflows/typo-checker.md,3,2026-05-03 01:55:27+00:00,False,
2220,456,kubestellar/docs,.github/workflows/typo-checker.md,4,2026-05-04 15:11:48+00:00,False,
2221,456,kubestellar/docs,.github/workflows/typo-checker.md,5,2026-05-21 07:58:44+00:00,False,
2222,457,drehelis/gcp-emulator-ui,.github/workflows/check-emulator-updates.md,1,2026-02-20 13:17:53+00:00,False,
2223,457,drehelis/gcp-emulator-ui,.github/workflows/check-emulator-updates.md,2,2026-02-20 13:46:26+00:00,False,
2224,457,drehelis/gcp-emulator-ui,.github/workflows/check-emulator-updates.md,3,2026-02-20 13:59:43+00:00,False,
2225,457,drehelis/gcp-emulator-ui,.github/workflows/check-emulator-updates.md,4,2026-02-20 17:18:19+00:00,False,
2226,457,drehelis/gcp-emulator-ui,.github/workflows/check-emulator-updates.md,5,2026-02-20 21:29:06+00:00,False,
2227,457,drehelis/gcp-emulator-ui,.github/workflows/check-emulator-updates.md,6,2026-02-21 07:54:06+00:00,False,
2228,457,drehelis/gcp-emulator-ui,.github/workflows/check-emulator-updates.md,7,2026-02-22 20:55:02+00:00,False,
2229,457,drehelis/gcp-emulator-ui,.github/workflows/check-emulator-updates.md,8,2026-03-05 05:43:46+00:00,False,
2230,457,drehelis/gcp-emulator-ui,.github/workflows/check-emulator-updates.md,9,2026-03-08 21:12:31+00:00,False,
2231,457,drehelis/gcp-emulator-ui,.github/workflows/check-emulator-updates.md,10,2026-04-05 21:00:21+00:00,False,
2232,457,drehelis/gcp-emulator-ui,.github/workflows/check-emulator-updates.md,11,2026-04-05 21:12:47+00:00,False,
2233,457,drehelis/gcp-emulator-ui,.github/workflows/check-emulator-updates.md,12,2026-04-08 14:51:23+00:00,False,9.0
2234,457,drehelis/gcp-emulator-ui,.github/workflows/check-emulator-updates.md,13,2026-04-11 13:04:55+00:00,False,
2235,457,drehelis/gcp-emulator-ui,.github/workflows/check-emulator-updates.md,14,2026-04-12 12:14:33+00:00,False,
2236,457,drehelis/gcp-emulator-ui,.github/workflows/check-emulator-updates.md,15,2026-06-05 20:29:31+00:00,False,
2237,457,drehelis/gcp-emulator-ui,.github/workflows/check-emulator-updates.md,16,2026-06-09 11:07:22+00:00,False,
2238,457,drehelis/gcp-emulator-ui,.github/workflows/check-emulator-updates.md,17,2026-06-13 05:58:12+00:00,False,
2239,457,drehelis/gcp-emulator-ui,.github/workflows/check-emulator-updates.md,18,2026-06-13 06:07:03+00:00,False,
2240,457,drehelis/gcp-emulator-ui,.github/workflows/check-emulator-updates.md,19,2026-06-13 06:23:27+00:00,False,
2241,457,drehelis/gcp-emulator-ui,.github/workflows/check-emulator-updates.md,20,2026-06-13 07:35:42+00:00,False,
2242,458,pulumi/pulumi-rancher2,.github/workflows/gh-aw-pr-rereview.md,1,2026-05-12 07:09:59+00:00,False,
2243,459,pulumi/pulumi-rancher2,.github/workflows/gh-aw-pr-review.md,1,2026-05-12 07:09:59+00:00,False,
2244,460,YousefHadder/markdown-plus.nvim,.github/workflows/code-simplifier.md,1,2026-03-07 05:54:54+00:00,False,
2245,460,YousefHadder/markdown-plus.nvim,.github/workflows/code-simplifier.md,2,2026-03-07 06:56:49+00:00,False,
2246,460,YousefHadder/markdown-plus.nvim,.github/workflows/code-simplifier.md,3,2026-03-07 18:08:16+00:00,False,
2247,460,YousefHadder/markdown-plus.nvim,.github/workflows/code-simplifier.md,4,2026-03-23 20:54:05+00:00,False,
2248,460,YousefHadder/markdown-plus.nvim,.github/workflows/code-simplifier.md,5,2026-05-12 17:16:31+00:00,False,
2249,461,YousefHadder/markdown-plus.nvim,.github/workflows/config-sync-checker.md,1,2026-03-07 06:42:44+00:00,False,
2250,461,YousefHadder/markdown-plus.nvim,.github/workflows/config-sync-checker.md,2,2026-03-23 20:54:05+00:00,False,
2251,461,YousefHadder/markdown-plus.nvim,.github/workflows/config-sync-checker.md,3,2026-05-12 17:16:31+00:00,False,
2252,462,YousefHadder/markdown-plus.nvim,.github/workflows/contributor-recognition.md,1,2026-05-03 20:54:29+00:00,False,
2253,462,YousefHadder/markdown-plus.nvim,.github/workflows/contributor-recognition.md,2,2026-05-03 21:07:01+00:00,False,
2254,462,YousefHadder/markdown-plus.nvim,.github/workflows/contributor-recognition.md,3,2026-05-03 21:47:42+00:00,False,
2255,462,YousefHadder/markdown-plus.nvim,.github/workflows/contributor-recognition.md,4,2026-05-12 17:16:31+00:00,False,
2256,462,YousefHadder/markdown-plus.nvim,.github/workflows/contributor-recognition.md,5,2026-06-19 19:25:19+00:00,False,
2257,463,YousefHadder/markdown-plus.nvim,.github/workflows/daily-doc-updater.md,1,2026-03-07 01:29:08+00:00,False,
2258,463,YousefHadder/markdown-plus.nvim,.github/workflows/daily-doc-updater.md,2,2026-03-07 02:56:47+00:00,False,
2259,463,YousefHadder/markdown-plus.nvim,.github/workflows/daily-doc-updater.md,3,2026-03-23 20:54:05+00:00,False,
2260,463,YousefHadder/markdown-plus.nvim,.github/workflows/daily-doc-updater.md,4,2026-05-12 17:16:31+00:00,False,
2261,464,YousefHadder/markdown-plus.nvim,.github/workflows/daily-file-diet.md,1,2026-03-07 07:29:59+00:00,False,
2262,464,YousefHadder/markdown-plus.nvim,.github/workflows/daily-file-diet.md,2,2026-03-07 07:33:44+00:00,False,
2263,464,YousefHadder/markdown-plus.nvim,.github/workflows/daily-file-diet.md,3,2026-03-23 20:54:05+00:00,False,
2264,464,YousefHadder/markdown-plus.nvim,.github/workflows/daily-file-diet.md,4,2026-05-12 17:16:31+00:00,False,
2265,464,YousefHadder/markdown-plus.nvim,.github/workflows/daily-file-diet.md,5,2026-05-13 15:50:32+00:00,False,
2266,465,YousefHadder/markdown-plus.nvim,.github/workflows/wiki-updater.md,1,2026-06-04 14:56:27+00:00,False,
2267,465,YousefHadder/markdown-plus.nvim,.github/workflows/wiki-updater.md,2,2026-06-19 19:25:19+00:00,False,
2268,466,cncf/contribute-site,.github/workflows/link-checker.md,1,2026-03-12 21:23:41+00:00,False,
2269,466,cncf/contribute-site,.github/workflows/link-checker.md,2,2026-03-13 21:10:11+00:00,False,
2270,466,cncf/contribute-site,.github/workflows/link-checker.md,3,2026-03-13 21:49:26+00:00,False,
2271,466,cncf/contribute-site,.github/workflows/link-checker.md,4,2026-03-16 15:33:34+00:00,False,
2272,466,cncf/contribute-site,.github/workflows/link-checker.md,5,2026-03-16 16:18:11+00:00,False,
2273,466,cncf/contribute-site,.github/workflows/link-checker.md,6,2026-03-16 16:58:42+00:00,False,
2274,466,cncf/contribute-site,.github/workflows/link-checker.md,7,2026-03-16 17:40:18+00:00,False,
2275,466,cncf/contribute-site,.github/workflows/link-checker.md,8,2026-03-16 18:03:53+00:00,False,
2276,466,cncf/contribute-site,.github/workflows/link-checker.md,9,2026-03-16 19:23:45+00:00,False,7.0
2277,466,cncf/contribute-site,.github/workflows/link-checker.md,10,2026-03-16 22:21:41+00:00,False,
2278,467,cncf/contribute-site,.github/workflows/link-fixer.md,1,2026-03-16 19:23:45+00:00,False,
2279,467,cncf/contribute-site,.github/workflows/link-fixer.md,2,2026-03-16 20:02:33+00:00,False,
2280,467,cncf/contribute-site,.github/workflows/link-fixer.md,3,2026-03-16 22:21:41+00:00,False,
2281,467,cncf/contribute-site,.github/workflows/link-fixer.md,4,2026-03-16 22:42:30+00:00,False,
2282,467,cncf/contribute-site,.github/workflows/link-fixer.md,5,2026-03-16 22:59:14+00:00,False,
2283,467,cncf/contribute-site,.github/workflows/link-fixer.md,6,2026-03-16 23:20:49+00:00,False,3.0
2284,467,cncf/contribute-site,.github/workflows/link-fixer.md,7,2026-03-17 00:36:56+00:00,False,
2285,467,cncf/contribute-site,.github/workflows/link-fixer.md,8,2026-03-17 00:45:00+00:00,False,
2286,468,kaito-tokyo/live-backgroundremoval-lite,.github/workflows/validate-pr.md,1,2026-04-13 21:07:16+00:00,False,
2287,469,microsoft/apm,.github/workflows/cli-consistency-checker.md,1,2026-02-24 23:14:51+00:00,False,
2288,469,microsoft/apm,.github/workflows/cli-consistency-checker.md,2,2026-02-26 22:20:21+00:00,False,
2289,470,microsoft/apm,.github/workflows/daily-doc-updater.md,1,2026-02-24 23:14:51+00:00,False,
2290,470,microsoft/apm,.github/workflows/daily-doc-updater.md,2,2026-02-26 22:20:21+00:00,False,
2291,470,microsoft/apm,.github/workflows/daily-doc-updater.md,3,2026-03-03 21:58:37+00:00,False,
2292,471,microsoft/apm,.github/workflows/docs-sync.md,1,2026-05-11 19:39:48+00:00,False,
2293,472,microsoft/apm,.github/workflows/pr-review-panel.md,1,2026-04-21 23:31:50+00:00,False,
2294,472,microsoft/apm,.github/workflows/pr-review-panel.md,2,2026-04-21 23:42:50+00:00,False,
2295,472,microsoft/apm,.github/workflows/pr-review-panel.md,3,2026-04-22 08:53:41+00:00,False,
2296,472,microsoft/apm,.github/workflows/pr-review-panel.md,4,2026-04-22 09:12:55+00:00,False,
2297,472,microsoft/apm,.github/workflows/pr-review-panel.md,5,2026-04-24 09:30:55+00:00,False,
2298,472,microsoft/apm,.github/workflows/pr-review-panel.md,6,2026-04-24 15:19:39+00:00,False,
2299,472,microsoft/apm,.github/workflows/pr-review-panel.md,7,2026-04-24 15:59:27+00:00,False,
2300,472,microsoft/apm,.github/workflows/pr-review-panel.md,8,2026-04-26 08:24:04+00:00,False,
2301,472,microsoft/apm,.github/workflows/pr-review-panel.md,9,2026-04-28 20:59:32+00:00,False,
2302,472,microsoft/apm,.github/workflows/pr-review-panel.md,10,2026-04-29 09:11:37+00:00,False,
2303,472,microsoft/apm,.github/workflows/pr-review-panel.md,11,2026-05-01 19:12:40+00:00,False,
2304,472,microsoft/apm,.github/workflows/pr-review-panel.md,12,2026-05-07 18:15:50+00:00,False,
2305,473,microsoft/apm,.github/workflows/triage-panel.md,1,2026-04-26 15:30:42+00:00,False,
2306,473,microsoft/apm,.github/workflows/triage-panel.md,2,2026-04-26 15:49:58+00:00,False,
2307,473,microsoft/apm,.github/workflows/triage-panel.md,3,2026-04-26 15:59:04+00:00,False,
2308,473,microsoft/apm,.github/workflows/triage-panel.md,4,2026-04-26 16:08:07+00:00,False,
2309,473,microsoft/apm,.github/workflows/triage-panel.md,5,2026-04-26 20:22:12+00:00,False,
2310,473,microsoft/apm,.github/workflows/triage-panel.md,6,2026-04-29 09:11:37+00:00,False,
2311,473,microsoft/apm,.github/workflows/triage-panel.md,7,2026-05-07 18:15:50+00:00,False,
2312,473,microsoft/apm,.github/workflows/triage-panel.md,8,2026-05-07 18:35:15+00:00,False,
2313,473,microsoft/apm,.github/workflows/triage-panel.md,9,2026-05-07 19:58:42+00:00,False,
2314,473,microsoft/apm,.github/workflows/triage-panel.md,10,2026-05-23 15:37:46+00:00,False,
2315,473,microsoft/apm,.github/workflows/triage-panel.md,11,2026-05-26 21:26:44+00:00,False,
2316,474,informedica/GenPRES,.github/workflows/repo-assist.md,1,2026-02-26 08:01:57+00:00,False,
2317,474,informedica/GenPRES,.github/workflows/repo-assist.md,2,2026-05-18 06:04:43+00:00,False,
2318,475,pikax/verter,.github/workflows/update-docs.md,1,2026-02-15 11:52:17+00:00,False,
2319,475,pikax/verter,.github/workflows/update-docs.md,2,2026-03-16 09:35:29+00:00,False,
2320,475,pikax/verter,.github/workflows/update-docs.md,3,2026-03-27 07:47:37+00:00,False,
2321,476,Kong/kongctl,.github/workflows/benchmark-regression-analysis.md,1,2026-05-03 15:49:39+00:00,False,
2322,476,Kong/kongctl,.github/workflows/benchmark-regression-analysis.md,2,2026-05-26 17:12:18+00:00,False,
2323,477,Kong/kongctl,.github/workflows/code-simplifier.md,1,2026-02-16 00:57:34+00:00,False,
2324,477,Kong/kongctl,.github/workflows/code-simplifier.md,2,2026-02-16 01:14:21+00:00,False,
2325,477,Kong/kongctl,.github/workflows/code-simplifier.md,3,2026-02-16 01:43:38+00:00,False,
2326,477,Kong/kongctl,.github/workflows/code-simplifier.md,4,2026-02-16 02:38:39+00:00,False,
2327,477,Kong/kongctl,.github/workflows/code-simplifier.md,5,2026-02-16 02:56:53+00:00,False,
2328,477,Kong/kongctl,.github/workflows/code-simplifier.md,6,2026-02-16 03:37:39+00:00,False,
2329,477,Kong/kongctl,.github/workflows/code-simplifier.md,7,2026-04-06 19:43:39+00:00,False,
2330,477,Kong/kongctl,.github/workflows/code-simplifier.md,8,2026-04-10 13:55:31+00:00,False,
2331,477,Kong/kongctl,.github/workflows/code-simplifier.md,9,2026-04-15 14:21:05+00:00,False,
2332,478,Kong/kongctl,.github/workflows/e2e-coverage-scanner.md,1,2026-03-15 17:28:12+00:00,False,
2333,478,Kong/kongctl,.github/workflows/e2e-coverage-scanner.md,2,2026-04-02 01:46:03+00:00,False,
2334,478,Kong/kongctl,.github/workflows/e2e-coverage-scanner.md,3,2026-04-15 14:21:05+00:00,False,
2335,478,Kong/kongctl,.github/workflows/e2e-coverage-scanner.md,4,2026-05-20 14:36:58+00:00,False,
2336,478,Kong/kongctl,.github/workflows/e2e-coverage-scanner.md,5,2026-06-05 15:41:02+00:00,False,
2337,479,Kong/kongctl,.github/workflows/kongctl-feature-user-agent.md,1,2026-05-16 15:25:04+00:00,False,
2338,479,Kong/kongctl,.github/workflows/kongctl-feature-user-agent.md,2,2026-05-19 14:58:12+00:00,False,
2339,479,Kong/kongctl,.github/workflows/kongctl-feature-user-agent.md,3,2026-05-19 15:32:22+00:00,False,
2340,479,Kong/kongctl,.github/workflows/kongctl-feature-user-agent.md,4,2026-05-19 16:38:15+00:00,False,
2341,479,Kong/kongctl,.github/workflows/kongctl-feature-user-agent.md,5,2026-05-19 21:29:11+00:00,False,
2342,479,Kong/kongctl,.github/workflows/kongctl-feature-user-agent.md,6,2026-06-05 20:28:33+00:00,False,
2343,479,Kong/kongctl,.github/workflows/kongctl-feature-user-agent.md,7,2026-06-09 13:26:22+00:00,False,
2344,479,Kong/kongctl,.github/workflows/kongctl-feature-user-agent.md,8,2026-06-09 15:33:03+00:00,False,
2345,479,Kong/kongctl,.github/workflows/kongctl-feature-user-agent.md,9,2026-06-10 03:42:40+00:00,False,
2346,479,Kong/kongctl,.github/workflows/kongctl-feature-user-agent.md,10,2026-06-24 22:07:17+00:00,False,
2347,480,Kong/kongctl,.github/workflows/opened-issue-triage.md,1,2026-02-14 18:08:56+00:00,False,
2348,480,Kong/kongctl,.github/workflows/opened-issue-triage.md,2,2026-02-15 03:05:53+00:00,False,
2349,480,Kong/kongctl,.github/workflows/opened-issue-triage.md,3,2026-02-15 03:29:19+00:00,False,
2350,480,Kong/kongctl,.github/workflows/opened-issue-triage.md,4,2026-02-15 03:30:16+00:00,False,
2351,480,Kong/kongctl,.github/workflows/opened-issue-triage.md,5,2026-02-15 04:14:24+00:00,False,
2352,480,Kong/kongctl,.github/workflows/opened-issue-triage.md,6,2026-04-14 14:57:37+00:00,False,
2353,480,Kong/kongctl,.github/workflows/opened-issue-triage.md,7,2026-04-28 05:39:59+00:00,False,
2354,481,Kong/kongctl,.github/workflows/release.md,1,2026-02-24 20:57:39+00:00,False,
2355,481,Kong/kongctl,.github/workflows/release.md,2,2026-02-24 21:30:42+00:00,False,
2356,481,Kong/kongctl,.github/workflows/release.md,3,2026-02-24 22:00:15+00:00,False,
2357,481,Kong/kongctl,.github/workflows/release.md,4,2026-02-25 16:05:53+00:00,False,
2358,481,Kong/kongctl,.github/workflows/release.md,5,2026-02-25 16:06:53+00:00,False,
2359,481,Kong/kongctl,.github/workflows/release.md,6,2026-02-26 17:44:46+00:00,False,
2360,481,Kong/kongctl,.github/workflows/release.md,7,2026-02-26 22:40:10+00:00,False,
2361,481,Kong/kongctl,.github/workflows/release.md,8,2026-02-27 21:27:52+00:00,False,
2362,481,Kong/kongctl,.github/workflows/release.md,9,2026-03-04 02:44:00+00:00,False,
2363,481,Kong/kongctl,.github/workflows/release.md,10,2026-04-15 14:21:05+00:00,False,
2364,481,Kong/kongctl,.github/workflows/release.md,11,2026-04-21 15:53:25+00:00,False,
2365,481,Kong/kongctl,.github/workflows/release.md,12,2026-04-28 14:35:41+00:00,False,
2366,481,Kong/kongctl,.github/workflows/release.md,13,2026-05-20 14:35:41+00:00,False,
2367,481,Kong/kongctl,.github/workflows/release.md,14,2026-05-20 16:13:01+00:00,False,
2368,481,Kong/kongctl,.github/workflows/release.md,15,2026-06-02 20:14:00+00:00,False,
2369,482,Kong/kongctl,.github/workflows/slash-cmd-issue-triage.md,1,2026-02-14 18:08:56+00:00,False,
2370,482,Kong/kongctl,.github/workflows/slash-cmd-issue-triage.md,2,2026-02-15 03:05:53+00:00,False,
2371,482,Kong/kongctl,.github/workflows/slash-cmd-issue-triage.md,3,2026-02-15 03:29:19+00:00,False,
2372,482,Kong/kongctl,.github/workflows/slash-cmd-issue-triage.md,4,2026-02-15 03:30:16+00:00,False,
2373,482,Kong/kongctl,.github/workflows/slash-cmd-issue-triage.md,5,2026-02-15 04:14:24+00:00,False,
2374,482,Kong/kongctl,.github/workflows/slash-cmd-issue-triage.md,6,2026-04-14 14:57:37+00:00,False,
2375,482,Kong/kongctl,.github/workflows/slash-cmd-issue-triage.md,7,2026-04-28 05:39:59+00:00,False,
2376,482,Kong/kongctl,.github/workflows/slash-cmd-issue-triage.md,8,2026-05-05 15:19:41+00:00,False,
2377,482,Kong/kongctl,.github/workflows/slash-cmd-issue-triage.md,9,2026-05-05 21:53:31+00:00,False,
2378,482,Kong/kongctl,.github/workflows/slash-cmd-issue-triage.md,10,2026-05-05 22:30:56+00:00,False,
2379,482,Kong/kongctl,.github/workflows/slash-cmd-issue-triage.md,11,2026-05-05 23:31:41+00:00,False,
2380,483,Kong/kongctl,.github/workflows/weekly-repo-status.md,1,2026-02-13 22:15:45+00:00,False,
2381,483,Kong/kongctl,.github/workflows/weekly-repo-status.md,2,2026-02-17 16:10:42+00:00,False,
2382,483,Kong/kongctl,.github/workflows/weekly-repo-status.md,3,2026-03-03 18:17:37+00:00,False,
2383,483,Kong/kongctl,.github/workflows/weekly-repo-status.md,4,2026-04-10 17:29:12+00:00,False,
2384,483,Kong/kongctl,.github/workflows/weekly-repo-status.md,5,2026-04-15 14:21:05+00:00,False,
2385,484,shanselman/WindowsEdgeLight,.github/workflows/repo-assist.md,1,2026-04-14 02:26:42+00:00,False,
2386,485,chrisreddington/trend-radar,.github/workflows/repo-assist.md,1,2026-03-20 07:43:20+00:00,False,
2387,485,chrisreddington/trend-radar,.github/workflows/repo-assist.md,2,2026-04-17 09:10:42+00:00,False,
2388,486,mcpc-tech/dev-inspector-mcp,.github/workflows/daily-repo-status.md,1,2026-02-12 03:31:21+00:00,False,
2389,487,hemanth/mcp-web-client,.github/workflows/daily-repo-status.md,1,2026-02-14 15:14:43+00:00,False,
2390,488,meteostat/meteostat,.github/workflows/bug-reproducer.md,1,2026-02-14 18:09:57+00:00,False,
2391,488,meteostat/meteostat,.github/workflows/bug-reproducer.md,2,2026-02-14 18:12:12+00:00,False,
2392,489,meteostat/meteostat,.github/workflows/issue-triage-agent.md,1,2026-02-13 15:48:25+00:00,False,
2393,489,meteostat/meteostat,.github/workflows/issue-triage-agent.md,2,2026-02-14 17:54:02+00:00,False,
2394,490,navikt/copilot,.github/workflows/news-excerpts.md,1,2026-03-09 07:45:02+00:00,False,
2395,490,navikt/copilot,.github/workflows/news-excerpts.md,2,2026-03-09 07:55:23+00:00,False,
2396,490,navikt/copilot,.github/workflows/news-excerpts.md,3,2026-03-09 08:08:06+00:00,False,
2397,490,navikt/copilot,.github/workflows/news-excerpts.md,4,2026-03-09 09:22:49+00:00,False,
2398,490,navikt/copilot,.github/workflows/news-excerpts.md,5,2026-04-06 16:07:17+00:00,False,
2399,490,navikt/copilot,.github/workflows/news-excerpts.md,6,2026-04-10 14:49:08+00:00,False,
2400,490,navikt/copilot,.github/workflows/news-excerpts.md,7,2026-04-13 19:51:54+00:00,False,
2401,490,navikt/copilot,.github/workflows/news-excerpts.md,8,2026-05-08 20:38:25+00:00,False,
2402,491,BMayhew/awesome-sites-to-test-on,.github/workflows/issue-site-submission.md,1,2026-03-02 06:17:29+00:00,False,
2403,491,BMayhew/awesome-sites-to-test-on,.github/workflows/issue-site-submission.md,2,2026-03-02 06:45:06+00:00,False,
2404,492,github/copilot-sdk,.github/workflows/cross-repo-issue-analysis.md,1,2026-03-05 00:34:33+00:00,False,
2405,492,github/copilot-sdk,.github/workflows/cross-repo-issue-analysis.md,2,2026-03-05 00:40:32+00:00,False,
2406,492,github/copilot-sdk,.github/workflows/cross-repo-issue-analysis.md,3,2026-03-05 00:49:37+00:00,False,
2407,492,github/copilot-sdk,.github/workflows/cross-repo-issue-analysis.md,4,2026-03-05 00:53:06+00:00,False,
2408,492,github/copilot-sdk,.github/workflows/cross-repo-issue-analysis.md,5,2026-03-05 01:02:25+00:00,False,
2409,492,github/copilot-sdk,.github/workflows/cross-repo-issue-analysis.md,6,2026-03-05 01:33:08+00:00,False,
2410,492,github/copilot-sdk,.github/workflows/cross-repo-issue-analysis.md,7,2026-03-05 01:34:50+00:00,False,
2411,492,github/copilot-sdk,.github/workflows/cross-repo-issue-analysis.md,8,2026-03-05 01:35:15+00:00,False,
2412,492,github/copilot-sdk,.github/workflows/cross-repo-issue-analysis.md,9,2026-03-10 15:50:09+00:00,False,
2413,492,github/copilot-sdk,.github/workflows/cross-repo-issue-analysis.md,10,2026-05-21 17:29:30+00:00,False,
2414,493,github/copilot-sdk,.github/workflows/handle-bug.md,1,2026-04-02 17:49:33+00:00,False,
2415,493,github/copilot-sdk,.github/workflows/handle-bug.md,2,2026-04-03 01:35:11+00:00,False,
2416,494,github/copilot-sdk,.github/workflows/handle-documentation.md,1,2026-04-02 17:49:33+00:00,False,
2417,494,github/copilot-sdk,.github/workflows/handle-documentation.md,2,2026-04-03 01:35:11+00:00,False,
2418,495,github/copilot-sdk,.github/workflows/handle-enhancement.md,1,2026-04-02 17:49:33+00:00,False,
2419,495,github/copilot-sdk,.github/workflows/handle-enhancement.md,2,2026-04-03 01:35:11+00:00,False,
2420,496,github/copilot-sdk,.github/workflows/handle-question.md,1,2026-04-02 17:49:33+00:00,False,
2421,496,github/copilot-sdk,.github/workflows/handle-question.md,2,2026-04-03 01:35:11+00:00,False,
2422,497,github/copilot-sdk,.github/workflows/issue-classification.md,1,2026-04-02 17:49:33+00:00,False,
2423,498,github/copilot-sdk,.github/workflows/issue-triage.md,1,2026-01-14 22:01:55+00:00,False,
2424,498,github/copilot-sdk,.github/workflows/issue-triage.md,2,2026-01-14 23:56:27+00:00,False,
2425,498,github/copilot-sdk,.github/workflows/issue-triage.md,3,2026-01-20 14:08:14+00:00,False,
2426,498,github/copilot-sdk,.github/workflows/issue-triage.md,4,2026-04-02 10:03:46+00:00,False,
2427,498,github/copilot-sdk,.github/workflows/issue-triage.md,5,2026-06-04 23:50:06+00:00,False,
2428,499,github/copilot-sdk,.github/workflows/java-adapt-handwritten-code-to-accept-upgrade-changes.md,1,2026-06-04 21:53:03+00:00,False,
2429,499,github/copilot-sdk,.github/workflows/java-adapt-handwritten-code-to-accept-upgrade-changes.md,2,2026-06-06 19:43:49+00:00,False,
2430,500,github/copilot-sdk,.github/workflows/java-codegen-fix.md,1,2026-05-21 17:29:30+00:00,False,
2431,500,github/copilot-sdk,.github/workflows/java-codegen-fix.md,2,2026-05-27 00:12:15+00:00,False,
2432,501,github/copilot-sdk,.github/workflows/release-changelog.md,1,2026-03-03 16:32:51+00:00,False,
2433,501,github/copilot-sdk,.github/workflows/release-changelog.md,2,2026-03-03 17:19:55+00:00,False,
2434,501,github/copilot-sdk,.github/workflows/release-changelog.md,3,2026-03-03 17:34:01+00:00,False,
2435,501,github/copilot-sdk,.github/workflows/release-changelog.md,4,2026-04-10 11:24:43+00:00,False,
2436,501,github/copilot-sdk,.github/workflows/release-changelog.md,5,2026-05-22 20:52:21+00:00,False,
2437,501,github/copilot-sdk,.github/workflows/release-changelog.md,6,2026-05-30 00:09:22+00:00,False,
2438,502,github/copilot-sdk,.github/workflows/sdk-consistency-review.md,1,2026-01-23 11:14:12+00:00,False,
2439,502,github/copilot-sdk,.github/workflows/sdk-consistency-review.md,2,2026-04-02 10:03:46+00:00,False,
2440,502,github/copilot-sdk,.github/workflows/sdk-consistency-review.md,3,2026-06-04 23:50:06+00:00,False,
2441,502,github/copilot-sdk,.github/workflows/sdk-consistency-review.md,4,2026-06-05 20:14:34+00:00,False,
2442,503,natnew/Awesome-Data-Science,.github/workflows/issue-triage-agent.md,1,2026-02-18 09:37:05+00:00,False,
2443,503,natnew/Awesome-Data-Science,.github/workflows/issue-triage-agent.md,2,2026-02-18 09:48:39+00:00,False,
2444,503,natnew/Awesome-Data-Science,.github/workflows/issue-triage-agent.md,3,2026-02-18 10:05:18+00:00,False,
2445,504,neverinfamous/memory-journal-mcp,.github/workflows/ci-health-monitor.md,1,2026-03-12 12:39:35+00:00,False,
2446,504,neverinfamous/memory-journal-mcp,.github/workflows/ci-health-monitor.md,2,2026-03-14 10:11:25+00:00,False,
2447,504,neverinfamous/memory-journal-mcp,.github/workflows/ci-health-monitor.md,3,2026-04-11 01:45:17+00:00,False,
2448,505,neverinfamous/memory-journal-mcp,.github/workflows/docs-drift-detector.md,1,2026-03-12 12:39:35+00:00,False,
2449,505,neverinfamous/memory-journal-mcp,.github/workflows/docs-drift-detector.md,2,2026-03-12 15:36:21+00:00,False,
2450,505,neverinfamous/memory-journal-mcp,.github/workflows/docs-drift-detector.md,3,2026-03-13 18:07:19+00:00,False,
2451,505,neverinfamous/memory-journal-mcp,.github/workflows/docs-drift-detector.md,4,2026-03-14 10:11:25+00:00,False,
2452,505,neverinfamous/memory-journal-mcp,.github/workflows/docs-drift-detector.md,5,2026-04-11 01:45:17+00:00,False,
2453,505,neverinfamous/memory-journal-mcp,.github/workflows/docs-drift-detector.md,6,2026-05-31 22:00:58+00:00,False,
2454,506,neverinfamous/memory-journal-mcp,.github/workflows/wiki-drift-detector.md,1,2026-03-23 20:49:27+00:00,False,
2455,506,neverinfamous/memory-journal-mcp,.github/workflows/wiki-drift-detector.md,2,2026-04-11 01:45:17+00:00,False,
2456,507,microsoft/skills,.github/workflows/update-llms-txt.md,1,2026-01-19 18:07:27+00:00,False,
2457,507,microsoft/skills,.github/workflows/update-llms-txt.md,2,2026-01-27 02:50:25+00:00,False,
2458,507,microsoft/skills,.github/workflows/update-llms-txt.md,3,2026-01-27 02:53:46+00:00,False,
2459,507,microsoft/skills,.github/workflows/update-llms-txt.md,4,2026-01-27 02:55:04+00:00,False,
2460,507,microsoft/skills,.github/workflows/update-llms-txt.md,5,2026-01-29 05:06:40+00:00,False,
2461,508,copilot-community-sdk/copilot-sdk-java,.github/workflows/weekly-upstream-sync.md,1,2026-02-09 21:54:12+00:00,False,
2462,508,copilot-community-sdk/copilot-sdk-java,.github/workflows/weekly-upstream-sync.md,2,2026-02-09 23:47:12+00:00,False,
2463,508,copilot-community-sdk/copilot-sdk-java,.github/workflows/weekly-upstream-sync.md,3,2026-02-10 00:37:22+00:00,False,
2464,508,copilot-community-sdk/copilot-sdk-java,.github/workflows/weekly-upstream-sync.md,4,2026-02-10 00:44:39+00:00,False,
2465,508,copilot-community-sdk/copilot-sdk-java,.github/workflows/weekly-upstream-sync.md,5,2026-02-10 02:44:18+00:00,False,
2466,508,copilot-community-sdk/copilot-sdk-java,.github/workflows/weekly-upstream-sync.md,6,2026-02-11 01:11:31+00:00,False,
2467,508,copilot-community-sdk/copilot-sdk-java,.github/workflows/weekly-upstream-sync.md,7,2026-02-11 03:16:23+00:00,False,
2468,508,copilot-community-sdk/copilot-sdk-java,.github/workflows/weekly-upstream-sync.md,8,2026-03-02 22:01:32+00:00,False,
2469,509,chrisreddington/flight-school,.github/workflows/daily-accessibility-review.md,1,2026-02-23 14:58:36+00:00,False,
2470,509,chrisreddington/flight-school,.github/workflows/daily-accessibility-review.md,2,2026-05-24 20:50:16+00:00,False,
2471,510,chrisreddington/flight-school,.github/workflows/daily-perf-improver.md,1,2026-02-23 14:58:36+00:00,False,
2472,510,chrisreddington/flight-school,.github/workflows/daily-perf-improver.md,2,2026-05-24 20:50:16+00:00,False,
2473,511,chrisreddington/flight-school,.github/workflows/daily-qa.md,1,2026-02-23 14:58:36+00:00,False,
2474,511,chrisreddington/flight-school,.github/workflows/daily-qa.md,2,2026-03-03 20:33:36+00:00,False,
2475,511,chrisreddington/flight-school,.github/workflows/daily-qa.md,3,2026-03-03 20:35:53+00:00,False,
2476,511,chrisreddington/flight-school,.github/workflows/daily-qa.md,4,2026-05-24 20:50:16+00:00,False,
2477,512,chrisreddington/flight-school,.github/workflows/daily-test-improver.md,1,2026-02-23 14:58:36+00:00,False,
2478,512,chrisreddington/flight-school,.github/workflows/daily-test-improver.md,2,2026-03-03 20:33:36+00:00,False,
2479,512,chrisreddington/flight-school,.github/workflows/daily-test-improver.md,3,2026-05-24 20:50:16+00:00,False,
2480,513,chrisreddington/flight-school,.github/workflows/issue-triage.md,1,2026-01-24 00:54:10+00:00,False,
2481,514,f/prompts.chat,.github/workflows/spam-check.md,1,2026-02-18 17:29:04+00:00,False,
2482,515,microsoft/GitHub-Copilot-for-Azure,.github/workflows/analyze-test-run.md,1,2026-03-06 00:27:21+00:00,False,
2483,515,microsoft/GitHub-Copilot-for-Azure,.github/workflows/analyze-test-run.md,2,2026-03-12 17:55:06+00:00,False,
2484,515,microsoft/GitHub-Copilot-for-Azure,.github/workflows/analyze-test-run.md,3,2026-03-26 18:01:46+00:00,False,
2485,515,microsoft/GitHub-Copilot-for-Azure,.github/workflows/analyze-test-run.md,4,2026-04-08 20:31:52+00:00,False,
2486,515,microsoft/GitHub-Copilot-for-Azure,.github/workflows/analyze-test-run.md,5,2026-04-13 20:18:44+00:00,False,
2487,515,microsoft/GitHub-Copilot-for-Azure,.github/workflows/analyze-test-run.md,6,2026-04-20 20:51:29+00:00,False,
2488,515,microsoft/GitHub-Copilot-for-Azure,.github/workflows/analyze-test-run.md,7,2026-06-12 17:06:24+00:00,False,
2489,516,microsoft/GitHub-Copilot-for-Azure,.github/workflows/issue-triage.md,1,2026-02-20 23:28:32+00:00,False,
2490,516,microsoft/GitHub-Copilot-for-Azure,.github/workflows/issue-triage.md,2,2026-04-01 21:25:14+00:00,False,
2491,516,microsoft/GitHub-Copilot-for-Azure,.github/workflows/issue-triage.md,3,2026-04-13 20:18:44+00:00,False,
2492,516,microsoft/GitHub-Copilot-for-Azure,.github/workflows/issue-triage.md,4,2026-04-20 20:51:29+00:00,False,
2493,517,microsoft/GitHub-Copilot-for-Azure,.github/workflows/weekly-repo-status.md,1,2026-02-20 19:20:59+00:00,False,
2494,517,microsoft/GitHub-Copilot-for-Azure,.github/workflows/weekly-repo-status.md,2,2026-02-20 21:04:32+00:00,False,
2495,517,microsoft/GitHub-Copilot-for-Azure,.github/workflows/weekly-repo-status.md,3,2026-04-13 20:18:44+00:00,False,
2496,517,microsoft/GitHub-Copilot-for-Azure,.github/workflows/weekly-repo-status.md,4,2026-04-20 20:51:29+00:00,False,
2497,517,microsoft/GitHub-Copilot-for-Azure,.github/workflows/weekly-repo-status.md,5,2026-06-15 22:11:49+00:00,False,
2498,517,microsoft/GitHub-Copilot-for-Azure,.github/workflows/weekly-repo-status.md,6,2026-06-18 18:57:04+00:00,False,
2499,518,pulumi/pulumi-docker-build,.github/workflows/gh-aw-pr-rereview.md,1,2026-05-12 06:35:37+00:00,False,
2500,519,pulumi/pulumi-docker-build,.github/workflows/gh-aw-pr-review.md,1,2026-05-12 06:35:37+00:00,False,
2501,520,influxdata/docs-v2,.github/workflows/weekly-repo-status.md,1,2026-03-29 19:00:13+00:00,False,
2502,521,Flare-Animate/Flare,.github/workflows/agentic-auto-fix.md,1,2026-03-05 08:24:42+00:00,False,
2503,522,vbuch/oboapp,.github/workflows/ci-failure-fix.md,1,2026-04-17 16:13:54+00:00,False,
2504,523,shanselman/winget-tui,.github/workflows/repo-assist.md,1,2026-03-17 06:08:31+00:00,False,
2505,524,chimon2000/good_first_issue,.github/workflows/code-simplifier.md,1,2026-02-12 17:56:24+00:00,False,
2506,524,chimon2000/good_first_issue,.github/workflows/code-simplifier.md,2,2026-02-12 18:49:29+00:00,False,
2507,524,chimon2000/good_first_issue,.github/workflows/code-simplifier.md,3,2026-02-12 18:51:58+00:00,False,
2508,525,chimon2000/good_first_issue,.github/workflows/duplicate-code-detector.md,1,2026-02-12 18:02:39+00:00,False,
2509,525,chimon2000/good_first_issue,.github/workflows/duplicate-code-detector.md,2,2026-02-12 18:36:25+00:00,False,
2510,525,chimon2000/good_first_issue,.github/workflows/duplicate-code-detector.md,3,2026-02-12 18:49:29+00:00,False,
2511,525,chimon2000/good_first_issue,.github/workflows/duplicate-code-detector.md,4,2026-02-12 20:01:24+00:00,False,
2512,526,intent-integrity-chain/kit,.github/workflows/review-anthropic.md,1,2026-05-22 16:45:51+00:00,False,
2513,526,intent-integrity-chain/kit,.github/workflows/review-anthropic.md,2,2026-06-02 08:35:34+00:00,False,
2514,527,intent-integrity-chain/kit,.github/workflows/review-openai.md,1,2026-05-22 16:45:51+00:00,False,
2515,527,intent-integrity-chain/kit,.github/workflows/review-openai.md,2,2026-06-02 08:35:34+00:00,False,
2516,528,doggy8088/Apptopia,.github/workflows/issue-auto-labeler.md,1,2026-02-17 08:17:56+00:00,False,
2517,528,doggy8088/Apptopia,.github/workflows/issue-auto-labeler.md,2,2026-02-17 08:23:56+00:00,False,
2518,528,doggy8088/Apptopia,.github/workflows/issue-auto-labeler.md,3,2026-02-18 18:46:19+00:00,False,
2519,529,PureWeen/PolyPilot,.github/workflows/agent-fix.md,1,2026-04-22 22:02:25+00:00,False,
2520,529,PureWeen/PolyPilot,.github/workflows/agent-fix.md,2,2026-04-22 22:08:38+00:00,False,
2521,529,PureWeen/PolyPilot,.github/workflows/agent-fix.md,3,2026-04-22 23:19:07+00:00,False,
2522,529,PureWeen/PolyPilot,.github/workflows/agent-fix.md,4,2026-04-23 03:23:37+00:00,False,
2523,529,PureWeen/PolyPilot,.github/workflows/agent-fix.md,5,2026-04-23 04:01:31+00:00,False,
2524,529,PureWeen/PolyPilot,.github/workflows/agent-fix.md,6,2026-04-23 19:33:24+00:00,False,
2525,529,PureWeen/PolyPilot,.github/workflows/agent-fix.md,7,2026-04-28 11:12:13+00:00,False,
2526,529,PureWeen/PolyPilot,.github/workflows/agent-fix.md,8,2026-04-28 12:02:00+00:00,False,
2527,529,PureWeen/PolyPilot,.github/workflows/agent-fix.md,9,2026-04-28 16:58:41+00:00,False,
2528,529,PureWeen/PolyPilot,.github/workflows/agent-fix.md,10,2026-04-28 17:17:04+00:00,False,
2529,529,PureWeen/PolyPilot,.github/workflows/agent-fix.md,11,2026-04-28 20:12:12+00:00,False,
2530,530,PureWeen/PolyPilot,.github/workflows/dep-update.md,1,2026-04-18 21:05:49+00:00,False,
2531,530,PureWeen/PolyPilot,.github/workflows/dep-update.md,2,2026-04-18 21:11:14+00:00,False,
2532,530,PureWeen/PolyPilot,.github/workflows/dep-update.md,3,2026-04-18 22:41:00+00:00,False,
2533,530,PureWeen/PolyPilot,.github/workflows/dep-update.md,4,2026-04-19 04:31:49+00:00,False,
2534,530,PureWeen/PolyPilot,.github/workflows/dep-update.md,5,2026-04-19 04:40:54+00:00,False,
2535,530,PureWeen/PolyPilot,.github/workflows/dep-update.md,6,2026-04-19 04:59:05+00:00,False,
2536,530,PureWeen/PolyPilot,.github/workflows/dep-update.md,7,2026-04-19 05:24:32+00:00,False,
2537,530,PureWeen/PolyPilot,.github/workflows/dep-update.md,8,2026-04-19 05:43:24+00:00,False,
2538,530,PureWeen/PolyPilot,.github/workflows/dep-update.md,9,2026-04-19 12:24:35+00:00,False,
2539,530,PureWeen/PolyPilot,.github/workflows/dep-update.md,10,2026-04-19 12:41:36+00:00,False,
2540,530,PureWeen/PolyPilot,.github/workflows/dep-update.md,11,2026-04-19 14:05:01+00:00,False,
2541,530,PureWeen/PolyPilot,.github/workflows/dep-update.md,12,2026-04-19 14:11:55+00:00,False,
2542,530,PureWeen/PolyPilot,.github/workflows/dep-update.md,13,2026-04-21 18:54:21+00:00,False,
2543,530,PureWeen/PolyPilot,.github/workflows/dep-update.md,14,2026-04-21 19:44:00+00:00,False,
2544,530,PureWeen/PolyPilot,.github/workflows/dep-update.md,15,2026-04-22 03:53:12+00:00,False,
2545,530,PureWeen/PolyPilot,.github/workflows/dep-update.md,16,2026-04-22 04:06:24+00:00,False,
2546,531,PureWeen/PolyPilot,.github/workflows/expert-review.md,1,2026-04-28 16:58:41+00:00,False,
2547,532,PureWeen/PolyPilot,.github/workflows/fix-review-findings.md,1,2026-04-28 16:58:41+00:00,False,
2548,532,PureWeen/PolyPilot,.github/workflows/fix-review-findings.md,2,2026-04-28 18:25:26+00:00,False,
2549,532,PureWeen/PolyPilot,.github/workflows/fix-review-findings.md,3,2026-04-28 18:52:18+00:00,False,
2550,532,PureWeen/PolyPilot,.github/workflows/fix-review-findings.md,4,2026-04-28 20:12:12+00:00,False,
2551,532,PureWeen/PolyPilot,.github/workflows/fix-review-findings.md,5,2026-04-30 20:30:32+00:00,False,
2552,533,PureWeen/PolyPilot,.github/workflows/fix.agent.md,1,2026-04-22 03:16:04+00:00,False,
2553,534,PureWeen/PolyPilot,.github/workflows/instruction-drift.agent.md,1,2026-04-21 18:54:21+00:00,False,
2554,534,PureWeen/PolyPilot,.github/workflows/instruction-drift.agent.md,2,2026-04-22 02:24:58+00:00,False,
2555,534,PureWeen/PolyPilot,.github/workflows/instruction-drift.agent.md,3,2026-04-22 03:25:24+00:00,False,
2556,534,PureWeen/PolyPilot,.github/workflows/instruction-drift.agent.md,4,2026-04-22 03:57:22+00:00,False,
2557,534,PureWeen/PolyPilot,.github/workflows/instruction-drift.agent.md,5,2026-04-22 04:09:47+00:00,False,
2558,534,PureWeen/PolyPilot,.github/workflows/instruction-drift.agent.md,6,2026-04-22 12:21:07+00:00,False,
2559,534,PureWeen/PolyPilot,.github/workflows/instruction-drift.agent.md,7,2026-04-22 12:49:58+00:00,False,
2560,534,PureWeen/PolyPilot,.github/workflows/instruction-drift.agent.md,8,2026-04-23 16:45:46+00:00,False,
2561,534,PureWeen/PolyPilot,.github/workflows/instruction-drift.agent.md,9,2026-04-24 19:45:23+00:00,False,
2562,534,PureWeen/PolyPilot,.github/workflows/instruction-drift.agent.md,10,2026-04-24 20:09:32+00:00,False,
2563,534,PureWeen/PolyPilot,.github/workflows/instruction-drift.agent.md,11,2026-04-24 20:48:47+00:00,False,
2564,535,PureWeen/PolyPilot,.github/workflows/review-on-open.agent.md,1,2026-04-18 18:21:36+00:00,False,
2565,535,PureWeen/PolyPilot,.github/workflows/review-on-open.agent.md,2,2026-04-20 01:46:05+00:00,False,
2566,535,PureWeen/PolyPilot,.github/workflows/review-on-open.agent.md,3,2026-04-21 18:54:21+00:00,False,1.0
2567,535,PureWeen/PolyPilot,.github/workflows/review-on-open.agent.md,4,2026-04-22 02:24:58+00:00,False,
2568,535,PureWeen/PolyPilot,.github/workflows/review-on-open.agent.md,5,2026-04-28 16:58:41+00:00,False,
2569,536,PureWeen/PolyPilot,.github/workflows/review-retro.agent.md,1,2026-04-22 03:16:04+00:00,False,
2570,536,PureWeen/PolyPilot,.github/workflows/review-retro.agent.md,2,2026-04-28 16:58:41+00:00,False,
2571,537,jurre/huebar,.github/workflows/code-review.md,1,2026-02-15 20:51:58+00:00,False,
2572,538,jurre/huebar,.github/workflows/release-notes.md,1,2026-02-15 20:51:58+00:00,False,
2573,539,popey/sbom-vm,.github/workflows/repo-assist.md,1,2026-06-02 16:18:52+00:00,False,
2574,539,popey/sbom-vm,.github/workflows/repo-assist.md,2,2026-06-03 10:30:35+00:00,False,
2575,539,popey/sbom-vm,.github/workflows/repo-assist.md,3,2026-06-03 11:02:36+00:00,False,
2576,539,popey/sbom-vm,.github/workflows/repo-assist.md,4,2026-06-04 07:57:02+00:00,False,
2577,540,zircote/rlm-rs,.github/workflows/ci-doctor.md,1,2026-02-17 02:34:49+00:00,False,
2578,540,zircote/rlm-rs,.github/workflows/ci-doctor.md,2,2026-02-27 18:58:05+00:00,False,
2579,540,zircote/rlm-rs,.github/workflows/ci-doctor.md,3,2026-05-15 13:22:59+00:00,False,
2580,541,zircote/rlm-rs,.github/workflows/daily-qa.md,1,2026-02-17 03:05:52+00:00,False,
2581,541,zircote/rlm-rs,.github/workflows/daily-qa.md,2,2026-02-27 18:58:05+00:00,False,
2582,542,zircote/rlm-rs,.github/workflows/docs-freshness.md,1,2026-02-26 21:36:38+00:00,False,
2583,543,zircote/rlm-rs,.github/workflows/issue-triage.md,1,2026-02-17 02:34:33+00:00,False,
2584,544,brunoborges/jairosvg,.github/workflows/effort-labeler.md,1,2026-03-05 04:02:37+00:00,False,
2585,544,brunoborges/jairosvg,.github/workflows/effort-labeler.md,2,2026-03-05 04:03:31+00:00,False,
2586,544,brunoborges/jairosvg,.github/workflows/effort-labeler.md,3,2026-03-05 04:15:23+00:00,False,
2587,544,brunoborges/jairosvg,.github/workflows/effort-labeler.md,4,2026-03-05 04:34:59+00:00,False,
2588,544,brunoborges/jairosvg,.github/workflows/effort-labeler.md,5,2026-03-05 04:36:39+00:00,False,
2589,544,brunoborges/jairosvg,.github/workflows/effort-labeler.md,6,2026-04-01 19:42:47+00:00,False,
2590,545,microsoft/agentrc,.github/workflows/ci-doctor.md,1,2026-02-27 23:58:53+00:00,False,
2591,545,microsoft/agentrc,.github/workflows/ci-doctor.md,2,2026-05-13 23:28:00+00:00,False,
2592,546,microsoft/agentrc,.github/workflows/code-simplifier.md,1,2026-02-27 23:58:53+00:00,False,
2593,546,microsoft/agentrc,.github/workflows/code-simplifier.md,2,2026-05-13 23:28:00+00:00,False,
2594,547,microsoft/agentrc,.github/workflows/daily-doc-updater.md,1,2026-02-27 23:58:53+00:00,False,
2595,547,microsoft/agentrc,.github/workflows/daily-doc-updater.md,2,2026-03-17 04:45:08+00:00,False,
2596,547,microsoft/agentrc,.github/workflows/daily-doc-updater.md,3,2026-05-13 23:28:00+00:00,False,
2597,548,asizikov-demos/copilot-user-level-statistics-viewer,.github/workflows/code-duplication-scan.md,1,2026-05-02 13:30:10+00:00,False,
2598,548,asizikov-demos/copilot-user-level-statistics-viewer,.github/workflows/code-duplication-scan.md,2,2026-05-22 20:07:53+00:00,False,
2599,548,asizikov-demos/copilot-user-level-statistics-viewer,.github/workflows/code-duplication-scan.md,3,2026-05-22 20:19:44+00:00,False,
2600,548,asizikov-demos/copilot-user-level-statistics-viewer,.github/workflows/code-duplication-scan.md,4,2026-05-23 06:32:31+00:00,False,
2601,548,asizikov-demos/copilot-user-level-statistics-viewer,.github/workflows/code-duplication-scan.md,5,2026-05-23 07:07:43+00:00,False,
2602,548,asizikov-demos/copilot-user-level-statistics-viewer,.github/workflows/code-duplication-scan.md,6,2026-06-07 18:26:11+00:00,False,
2603,548,asizikov-demos/copilot-user-level-statistics-viewer,.github/workflows/code-duplication-scan.md,7,2026-06-19 13:32:43+00:00,False,
2604,549,asizikov-demos/copilot-user-level-statistics-viewer,.github/workflows/dependency-audit.md,1,2026-02-21 12:56:04+00:00,False,
2605,549,asizikov-demos/copilot-user-level-statistics-viewer,.github/workflows/dependency-audit.md,2,2026-02-21 13:37:41+00:00,False,
2606,549,asizikov-demos/copilot-user-level-statistics-viewer,.github/workflows/dependency-audit.md,3,2026-06-19 13:32:43+00:00,False,
2607,550,SonarSource/sonarqube-cli,.github/workflows/ci-failure-triage-agent.md,1,2026-05-27 17:47:51+00:00,False,
2608,550,SonarSource/sonarqube-cli,.github/workflows/ci-failure-triage-agent.md,2,2026-06-08 08:30:19+00:00,False,
2609,551,henrybravo/docker-sandbox-run-copilot,.github/workflows/check-copilot-version.md,1,2026-03-12 14:04:34+00:00,False,
2610,551,henrybravo/docker-sandbox-run-copilot,.github/workflows/check-copilot-version.md,2,2026-04-11 07:14:58+00:00,False,
2611,552,elastic/elastic-docs-skills,.github/workflows/skill-eval-test.md,1,2026-03-05 10:09:04+00:00,False,
2612,552,elastic/elastic-docs-skills,.github/workflows/skill-eval-test.md,2,2026-03-05 10:30:34+00:00,False,
2613,552,elastic/elastic-docs-skills,.github/workflows/skill-eval-test.md,3,2026-06-22 06:45:07+00:00,False,
2614,553,elastic/elastic-docs-skills,.github/workflows/skill-freshness.md,1,2026-02-23 13:56:00+00:00,False,
2615,553,elastic/elastic-docs-skills,.github/workflows/skill-freshness.md,2,2026-02-23 17:13:17+00:00,False,
2616,553,elastic/elastic-docs-skills,.github/workflows/skill-freshness.md,3,2026-02-23 17:25:51+00:00,False,
2617,553,elastic/elastic-docs-skills,.github/workflows/skill-freshness.md,4,2026-03-04 10:31:07+00:00,False,
2618,553,elastic/elastic-docs-skills,.github/workflows/skill-freshness.md,5,2026-03-05 10:09:04+00:00,False,
2619,553,elastic/elastic-docs-skills,.github/workflows/skill-freshness.md,6,2026-03-05 10:24:01+00:00,False,
2620,553,elastic/elastic-docs-skills,.github/workflows/skill-freshness.md,7,2026-03-05 10:26:27+00:00,False,
2621,553,elastic/elastic-docs-skills,.github/workflows/skill-freshness.md,8,2026-03-05 10:30:34+00:00,False,
2622,553,elastic/elastic-docs-skills,.github/workflows/skill-freshness.md,9,2026-03-24 09:31:24+00:00,False,
2623,553,elastic/elastic-docs-skills,.github/workflows/skill-freshness.md,10,2026-05-26 10:54:10+00:00,False,
2624,553,elastic/elastic-docs-skills,.github/workflows/skill-freshness.md,11,2026-06-22 06:45:07+00:00,False,
2625,554,elastic/elastic-docs-skills,.github/workflows/skill-quality-review.md,1,2026-03-05 09:51:18+00:00,False,
2626,554,elastic/elastic-docs-skills,.github/workflows/skill-quality-review.md,2,2026-03-05 10:30:34+00:00,False,
2627,554,elastic/elastic-docs-skills,.github/workflows/skill-quality-review.md,3,2026-05-07 12:01:55+00:00,False,
2628,554,elastic/elastic-docs-skills,.github/workflows/skill-quality-review.md,4,2026-06-22 06:45:07+00:00,False,
2629,555,AndreaGriffiths11/IssueCrush,.github/workflows/daily-repo-status.md,1,2026-02-15 05:01:28+00:00,False,
2630,556,AndreaGriffiths11/IssueCrush,.github/workflows/update-docs.md,1,2026-02-15 05:01:28+00:00,False,
2631,557,hatch3r/hatch3r,.github/workflows/generate-docusaurus-docs.md,1,2026-03-02 06:54:18+00:00,False,
2632,558,pockebot/openpocket,.github/workflows/issue-fix.md,1,2026-02-23 01:29:41+00:00,False,
2633,558,pockebot/openpocket,.github/workflows/issue-fix.md,2,2026-02-23 01:53:40+00:00,False,
2634,559,pockebot/openpocket,.github/workflows/issue-plan.md,1,2026-02-23 01:29:41+00:00,False,
2635,560,FalkorDB/falkordb-rs-next-gen,.github/workflows/flaky-test-rca.md,1,2026-06-01 16:34:44+00:00,False,
2636,560,FalkorDB/falkordb-rs-next-gen,.github/workflows/flaky-test-rca.md,2,2026-06-04 08:16:08+00:00,False,
2637,560,FalkorDB/falkordb-rs-next-gen,.github/workflows/flaky-test-rca.md,3,2026-06-04 08:43:13+00:00,False,
2638,560,FalkorDB/falkordb-rs-next-gen,.github/workflows/flaky-test-rca.md,4,2026-06-04 09:08:43+00:00,False,
2639,561,FalkorDB/falkordb-rs-next-gen,.github/workflows/flow-migration-rca.md,1,2026-06-04 15:31:29+00:00,False,
2640,562,FalkorDB/falkordb-rs-next-gen,.github/workflows/flow-tests-migration.md,1,2026-06-01 17:21:42+00:00,False,
2641,562,FalkorDB/falkordb-rs-next-gen,.github/workflows/flow-tests-migration.md,2,2026-06-01 17:41:36+00:00,False,
2642,562,FalkorDB/falkordb-rs-next-gen,.github/workflows/flow-tests-migration.md,3,2026-06-04 15:31:29+00:00,False,
2643,563,DevExpGbb/gh-devlake,.github/workflows/docs-sync.md,1,2026-03-11 22:30:31+00:00,False,
2644,564,dorlugasigal/TermBeam,.github/workflows/scorecard-monitor.md,1,2026-03-27 09:13:19+00:00,False,
2645,564,dorlugasigal/TermBeam,.github/workflows/scorecard-monitor.md,2,2026-03-27 10:06:46+00:00,False,
2646,565,inference-sh/shadcn-registry,.github/workflows/code-review.md,1,2026-05-19 08:11:17+00:00,False,
2647,565,inference-sh/shadcn-registry,.github/workflows/code-review.md,2,2026-05-19 08:13:55+00:00,False,
2648,566,microsoft/Microsoft-AI-Decision-Framework,.github/workflows/link-checker.md,1,2026-02-27 21:40:24+00:00,False,
2649,566,microsoft/Microsoft-AI-Decision-Framework,.github/workflows/link-checker.md,2,2026-02-27 22:02:49+00:00,False,
2650,566,microsoft/Microsoft-AI-Decision-Framework,.github/workflows/link-checker.md,3,2026-02-27 22:09:37+00:00,False,
2651,566,microsoft/Microsoft-AI-Decision-Framework,.github/workflows/link-checker.md,4,2026-05-11 17:23:26+00:00,False,
2652,566,microsoft/Microsoft-AI-Decision-Framework,.github/workflows/link-checker.md,5,2026-05-11 18:04:43+00:00,False,
2653,566,microsoft/Microsoft-AI-Decision-Framework,.github/workflows/link-checker.md,6,2026-05-11 18:12:59+00:00,False,
2654,566,microsoft/Microsoft-AI-Decision-Framework,.github/workflows/link-checker.md,7,2026-05-18 14:20:43+00:00,False,
2655,567,github/gh-aw-actions,.github/workflows/daily-runtime-threat-scan.md,1,2026-05-13 01:23:54+00:00,False,
2656,567,github/gh-aw-actions,.github/workflows/daily-runtime-threat-scan.md,2,2026-06-12 22:18:56+00:00,False,
2657,568,microsoft/physical-ai-toolchain,.github/workflows/aw-dependabot-pr-review.md,1,2026-04-20 16:15:27+00:00,False,
2658,568,microsoft/physical-ai-toolchain,.github/workflows/aw-dependabot-pr-review.md,2,2026-04-27 12:08:53+00:00,False,
2659,568,microsoft/physical-ai-toolchain,.github/workflows/aw-dependabot-pr-review.md,3,2026-04-27 12:42:52+00:00,False,
2660,568,microsoft/physical-ai-toolchain,.github/workflows/aw-dependabot-pr-review.md,4,2026-04-28 07:49:19+00:00,False,
2661,568,microsoft/physical-ai-toolchain,.github/workflows/aw-dependabot-pr-review.md,5,2026-04-28 09:12:09+00:00,False,
2662,568,microsoft/physical-ai-toolchain,.github/workflows/aw-dependabot-pr-review.md,6,2026-04-28 10:05:17+00:00,False,
2663,568,microsoft/physical-ai-toolchain,.github/workflows/aw-dependabot-pr-review.md,7,2026-04-28 13:20:44+00:00,False,
2664,568,microsoft/physical-ai-toolchain,.github/workflows/aw-dependabot-pr-review.md,8,2026-05-13 05:03:39+00:00,False,
2665,568,microsoft/physical-ai-toolchain,.github/workflows/aw-dependabot-pr-review.md,9,2026-06-15 07:05:41+00:00,False,
2666,568,microsoft/physical-ai-toolchain,.github/workflows/aw-dependabot-pr-review.md,10,2026-06-17 17:54:13+00:00,False,
2667,568,microsoft/physical-ai-toolchain,.github/workflows/aw-dependabot-pr-review.md,11,2026-06-23 07:26:13+00:00,False,
2668,569,webmaxru/web-ai-agent-skills,.github/workflows/skill-update-worker.md,1,2026-03-15 18:31:31+00:00,False,
2669,569,webmaxru/web-ai-agent-skills,.github/workflows/skill-update-worker.md,2,2026-03-15 19:09:07+00:00,False,
2670,569,webmaxru/web-ai-agent-skills,.github/workflows/skill-update-worker.md,3,2026-03-16 10:51:13+00:00,False,
2671,569,webmaxru/web-ai-agent-skills,.github/workflows/skill-update-worker.md,4,2026-05-15 09:50:54+00:00,False,
2672,570,dotnet/maui-labs,.github/workflows/ai-docs-audit.md,1,2026-03-29 18:47:12+00:00,False,
2673,570,dotnet/maui-labs,.github/workflows/ai-docs-audit.md,2,2026-04-16 11:04:17+00:00,False,
2674,570,dotnet/maui-labs,.github/workflows/ai-docs-audit.md,3,2026-04-16 11:10:31+00:00,False,
2675,570,dotnet/maui-labs,.github/workflows/ai-docs-audit.md,4,2026-04-16 11:15:15+00:00,False,
2676,570,dotnet/maui-labs,.github/workflows/ai-docs-audit.md,5,2026-04-16 11:28:54+00:00,False,
2677,570,dotnet/maui-labs,.github/workflows/ai-docs-audit.md,6,2026-05-08 07:52:42+00:00,False,
2678,571,dotnet/maui-labs,.github/workflows/pr-docs-check.md,1,2026-04-16 09:15:21+00:00,False,
2679,571,dotnet/maui-labs,.github/workflows/pr-docs-check.md,2,2026-04-16 10:40:13+00:00,False,
2680,571,dotnet/maui-labs,.github/workflows/pr-docs-check.md,3,2026-04-16 14:26:03+00:00,False,
2681,571,dotnet/maui-labs,.github/workflows/pr-docs-check.md,4,2026-05-06 14:15:01+00:00,False,
2682,571,dotnet/maui-labs,.github/workflows/pr-docs-check.md,5,2026-05-06 14:36:33+00:00,False,
2683,571,dotnet/maui-labs,.github/workflows/pr-docs-check.md,6,2026-05-06 21:18:32+00:00,False,
2684,571,dotnet/maui-labs,.github/workflows/pr-docs-check.md,7,2026-05-08 11:50:31+00:00,False,
2685,572,dotnet/maui-labs,.github/workflows/review-on-open.agent.md,1,2026-04-22 13:56:23+00:00,False,
2686,572,dotnet/maui-labs,.github/workflows/review-on-open.agent.md,2,2026-04-28 21:54:03+00:00,False,
2687,573,dotnet/maui-labs,.github/workflows/review.agent.md,1,2026-04-22 13:56:23+00:00,False,
2688,573,dotnet/maui-labs,.github/workflows/review.agent.md,2,2026-04-28 21:54:03+00:00,False,
2689,574,dotnet/skills,.github/workflows/close-stale-prs.agent.md,1,2026-03-25 12:00:10+00:00,False,
2690,574,dotnet/skills,.github/workflows/close-stale-prs.agent.md,2,2026-03-30 12:45:24+00:00,False,
2691,574,dotnet/skills,.github/workflows/close-stale-prs.agent.md,3,2026-04-07 10:37:30+00:00,False,
2692,574,dotnet/skills,.github/workflows/close-stale-prs.agent.md,4,2026-05-08 07:33:08+00:00,True,
2693,574,dotnet/skills,.github/workflows/close-stale-prs.agent.md,5,2026-06-09 17:58:25+00:00,False,
2694,574,dotnet/skills,.github/workflows/close-stale-prs.agent.md,6,2026-06-10 08:20:09+00:00,False,
2695,574,dotnet/skills,.github/workflows/close-stale-prs.agent.md,7,2026-06-25 22:35:22+00:00,False,
2696,575,dotnet/skills,.github/workflows/devops-health-check.md,1,2026-03-02 20:59:28+00:00,False,
2697,575,dotnet/skills,.github/workflows/devops-health-check.md,2,2026-03-03 15:21:10+00:00,False,
2698,575,dotnet/skills,.github/workflows/devops-health-check.md,3,2026-03-04 08:16:18+00:00,False,
2699,575,dotnet/skills,.github/workflows/devops-health-check.md,4,2026-03-04 13:17:23+00:00,False,
2700,575,dotnet/skills,.github/workflows/devops-health-check.md,5,2026-03-05 09:23:47+00:00,False,
2701,575,dotnet/skills,.github/workflows/devops-health-check.md,6,2026-03-06 09:06:31+00:00,False,
2702,575,dotnet/skills,.github/workflows/devops-health-check.md,7,2026-03-06 12:47:38+00:00,False,
2703,575,dotnet/skills,.github/workflows/devops-health-check.md,8,2026-03-09 10:55:18+00:00,False,
2704,575,dotnet/skills,.github/workflows/devops-health-check.md,9,2026-03-09 13:23:07+00:00,False,
2705,575,dotnet/skills,.github/workflows/devops-health-check.md,10,2026-03-11 09:17:01+00:00,False,
2706,575,dotnet/skills,.github/workflows/devops-health-check.md,11,2026-03-13 09:04:28+00:00,False,
2707,575,dotnet/skills,.github/workflows/devops-health-check.md,12,2026-03-30 12:45:24+00:00,False,
2708,575,dotnet/skills,.github/workflows/devops-health-check.md,13,2026-04-07 10:37:30+00:00,False,
2709,575,dotnet/skills,.github/workflows/devops-health-check.md,14,2026-04-09 18:10:13+00:00,False,
2710,575,dotnet/skills,.github/workflows/devops-health-check.md,15,2026-04-13 15:39:20+00:00,False,
2711,575,dotnet/skills,.github/workflows/devops-health-check.md,16,2026-05-11 18:31:24+00:00,False,
2712,575,dotnet/skills,.github/workflows/devops-health-check.md,17,2026-06-09 17:47:06+00:00,False,
2713,575,dotnet/skills,.github/workflows/devops-health-check.md,18,2026-06-09 17:58:25+00:00,False,
2714,575,dotnet/skills,.github/workflows/devops-health-check.md,19,2026-06-10 08:20:09+00:00,False,
2715,575,dotnet/skills,.github/workflows/devops-health-check.md,20,2026-06-24 09:00:39+00:00,False,
2716,575,dotnet/skills,.github/workflows/devops-health-check.md,21,2026-06-25 22:35:22+00:00,False,
2717,576,dotnet/skills,.github/workflows/devops-health-groom.md,1,2026-03-05 09:23:47+00:00,False,
2718,576,dotnet/skills,.github/workflows/devops-health-groom.md,2,2026-03-06 09:06:31+00:00,False,
2719,576,dotnet/skills,.github/workflows/devops-health-groom.md,3,2026-03-06 12:47:38+00:00,False,
2720,576,dotnet/skills,.github/workflows/devops-health-groom.md,4,2026-03-10 11:07:20+00:00,False,
2721,576,dotnet/skills,.github/workflows/devops-health-groom.md,5,2026-03-11 09:17:01+00:00,False,
2722,576,dotnet/skills,.github/workflows/devops-health-groom.md,6,2026-03-13 09:04:28+00:00,False,
2723,576,dotnet/skills,.github/workflows/devops-health-groom.md,7,2026-03-30 12:45:24+00:00,False,
2724,576,dotnet/skills,.github/workflows/devops-health-groom.md,8,2026-04-07 10:37:30+00:00,False,
2725,576,dotnet/skills,.github/workflows/devops-health-groom.md,9,2026-04-09 18:10:13+00:00,False,
2726,576,dotnet/skills,.github/workflows/devops-health-groom.md,10,2026-04-13 15:39:20+00:00,False,
2727,576,dotnet/skills,.github/workflows/devops-health-groom.md,11,2026-04-15 17:01:40+00:00,False,
2728,576,dotnet/skills,.github/workflows/devops-health-groom.md,12,2026-05-07 11:23:33+00:00,False,
2729,576,dotnet/skills,.github/workflows/devops-health-groom.md,13,2026-05-11 13:16:20+00:00,False,
2730,576,dotnet/skills,.github/workflows/devops-health-groom.md,14,2026-05-11 18:31:24+00:00,False,
2731,576,dotnet/skills,.github/workflows/devops-health-groom.md,15,2026-06-09 17:58:25+00:00,False,
2732,576,dotnet/skills,.github/workflows/devops-health-groom.md,16,2026-06-10 08:20:09+00:00,False,
2733,576,dotnet/skills,.github/workflows/devops-health-groom.md,17,2026-06-24 09:00:39+00:00,False,
2734,576,dotnet/skills,.github/workflows/devops-health-groom.md,18,2026-06-25 22:35:22+00:00,False,
2735,577,dotnet/skills,.github/workflows/devops-health-investigate.md,1,2026-03-02 20:59:28+00:00,False,
2736,577,dotnet/skills,.github/workflows/devops-health-investigate.md,2,2026-03-03 15:21:10+00:00,False,
2737,577,dotnet/skills,.github/workflows/devops-health-investigate.md,3,2026-03-05 09:23:47+00:00,False,
2738,577,dotnet/skills,.github/workflows/devops-health-investigate.md,4,2026-03-06 09:06:31+00:00,False,
2739,577,dotnet/skills,.github/workflows/devops-health-investigate.md,5,2026-03-09 10:55:18+00:00,False,
2740,577,dotnet/skills,.github/workflows/devops-health-investigate.md,6,2026-03-13 09:04:28+00:00,False,4.0
2741,577,dotnet/skills,.github/workflows/devops-health-investigate.md,7,2026-03-30 12:45:24+00:00,False,
2742,577,dotnet/skills,.github/workflows/devops-health-investigate.md,8,2026-04-07 10:37:30+00:00,False,
2743,577,dotnet/skills,.github/workflows/devops-health-investigate.md,9,2026-04-13 15:39:20+00:00,False,
2744,577,dotnet/skills,.github/workflows/devops-health-investigate.md,10,2026-06-09 17:58:25+00:00,False,
2745,577,dotnet/skills,.github/workflows/devops-health-investigate.md,11,2026-06-10 08:20:09+00:00,False,
2746,577,dotnet/skills,.github/workflows/devops-health-investigate.md,12,2026-06-25 22:35:22+00:00,False,
2747,578,dotnet/skills,.github/workflows/issue-investigate.md,1,2026-05-06 13:39:20+00:00,False,
2748,578,dotnet/skills,.github/workflows/issue-investigate.md,2,2026-05-08 07:33:08+00:00,True,
2749,578,dotnet/skills,.github/workflows/issue-investigate.md,3,2026-06-09 17:58:25+00:00,False,
2750,578,dotnet/skills,.github/workflows/issue-investigate.md,4,2026-06-10 08:20:09+00:00,False,
2751,578,dotnet/skills,.github/workflows/issue-investigate.md,5,2026-06-25 22:35:22+00:00,False,
2752,579,dotnet/skills,.github/workflows/issue-triage.md,1,2026-05-06 13:39:20+00:00,False,
2753,579,dotnet/skills,.github/workflows/issue-triage.md,2,2026-05-07 10:42:56+00:00,False,
2754,579,dotnet/skills,.github/workflows/issue-triage.md,3,2026-06-03 18:31:02+00:00,False,
2755,579,dotnet/skills,.github/workflows/issue-triage.md,4,2026-06-08 16:20:31+00:00,False,
2756,579,dotnet/skills,.github/workflows/issue-triage.md,5,2026-06-09 17:58:25+00:00,False,
2757,579,dotnet/skills,.github/workflows/issue-triage.md,6,2026-06-10 08:20:09+00:00,False,
2758,579,dotnet/skills,.github/workflows/issue-triage.md,7,2026-06-10 08:22:55+00:00,False,
2759,579,dotnet/skills,.github/workflows/issue-triage.md,8,2026-06-25 22:35:22+00:00,False,
2760,580,dotnet/skills,.github/workflows/markdown-linter.md,1,2026-04-23 13:57:45+00:00,False,
2761,580,dotnet/skills,.github/workflows/markdown-linter.md,2,2026-06-09 17:58:25+00:00,False,
2762,580,dotnet/skills,.github/workflows/markdown-linter.md,3,2026-06-10 08:20:09+00:00,False,
2763,580,dotnet/skills,.github/workflows/markdown-linter.md,4,2026-06-25 22:35:22+00:00,False,
2764,581,dotnet/skills,.github/workflows/pr-malicious-scan.agent.md,1,2026-06-03 20:01:19+00:00,False,
2765,581,dotnet/skills,.github/workflows/pr-malicious-scan.agent.md,2,2026-06-04 10:30:55+00:00,False,
2766,581,dotnet/skills,.github/workflows/pr-malicious-scan.agent.md,3,2026-06-09 17:58:25+00:00,False,
2767,581,dotnet/skills,.github/workflows/pr-malicious-scan.agent.md,4,2026-06-10 08:20:09+00:00,False,
2768,581,dotnet/skills,.github/workflows/pr-malicious-scan.agent.md,5,2026-06-25 22:35:22+00:00,False,
2769,582,iamnbutler/gpui-unofficial,.github/workflows/ci-fix.md,1,2026-04-03 01:30:15+00:00,False,
2770,582,iamnbutler/gpui-unofficial,.github/workflows/ci-fix.md,2,2026-04-03 02:01:16+00:00,False,
2771,582,iamnbutler/gpui-unofficial,.github/workflows/ci-fix.md,3,2026-04-17 14:18:05+00:00,False,
2772,583,githubnext/autoloop,.github/workflows/autoloop.md,1,2026-04-03 06:23:35+00:00,False,
2773,583,githubnext/autoloop,.github/workflows/autoloop.md,2,2026-04-03 17:22:07+00:00,False,
2774,583,githubnext/autoloop,.github/workflows/autoloop.md,3,2026-04-04 04:56:14+00:00,False,
2775,583,githubnext/autoloop,.github/workflows/autoloop.md,4,2026-04-22 22:26:27+00:00,False,
2776,583,githubnext/autoloop,.github/workflows/autoloop.md,5,2026-04-22 22:33:29+00:00,False,
2777,583,githubnext/autoloop,.github/workflows/autoloop.md,6,2026-04-23 00:40:44+00:00,False,
2778,583,githubnext/autoloop,.github/workflows/autoloop.md,7,2026-04-23 15:00:53+00:00,False,
2779,583,githubnext/autoloop,.github/workflows/autoloop.md,8,2026-04-25 14:55:20+00:00,False,
2780,584,UbiHome/UbiHome,.github/workflows/pr-documentation-check.md,1,2026-05-16 23:06:57+00:00,False,
2781,584,UbiHome/UbiHome,.github/workflows/pr-documentation-check.md,2,2026-05-23 21:52:31+00:00,False,
2782,585,Azure/git-ape,.github/workflows/daily-repo-status.md,1,2026-05-06 10:02:56+00:00,False,
2783,585,Azure/git-ape,.github/workflows/daily-repo-status.md,2,2026-05-27 02:02:48+00:00,False,
2784,586,Azure/git-ape,.github/workflows/git-ape-workshop-content-updater.md,1,2026-06-15 05:32:27+00:00,False,
2785,586,Azure/git-ape,.github/workflows/git-ape-workshop-content-updater.md,2,2026-06-18 05:26:45+00:00,False,
2786,587,Azure/git-ape,.github/workflows/issue-triage-agent.md,1,2026-05-06 10:49:25+00:00,False,
2787,587,Azure/git-ape,.github/workflows/issue-triage-agent.md,2,2026-05-06 11:13:42+00:00,False,
2788,587,Azure/git-ape,.github/workflows/issue-triage-agent.md,3,2026-05-25 02:52:05+00:00,False,
2789,588,Azure-Samples/octocat-supply,.github/workflows/auto-analyze-failures.md,1,2026-03-05 23:41:27+00:00,False,
2790,589,Azure-Samples/octocat-supply,.github/workflows/daily-repo-activity-summary.md,1,2026-03-05 23:41:27+00:00,False,
2791,590,microsoft/apm-action,.github/workflows/apm-demo.md,1,2026-03-05 22:35:04+00:00,False,
2792,591,DanWahlin/github-azure-agentic-journeys,.github/workflows/journey-e2e-test.md,1,2026-04-11 23:27:32+00:00,False,
2793,591,DanWahlin/github-azure-agentic-journeys,.github/workflows/journey-e2e-test.md,2,2026-04-12 00:51:15+00:00,False,
2794,591,DanWahlin/github-azure-agentic-journeys,.github/workflows/journey-e2e-test.md,3,2026-05-18 11:19:27+00:00,False,
2795,591,DanWahlin/github-azure-agentic-journeys,.github/workflows/journey-e2e-test.md,4,2026-05-18 11:38:33+00:00,False,
2796,591,DanWahlin/github-azure-agentic-journeys,.github/workflows/journey-e2e-test.md,5,2026-05-18 12:51:54+00:00,False,
2797,591,DanWahlin/github-azure-agentic-journeys,.github/workflows/journey-e2e-test.md,6,2026-05-18 14:20:42+00:00,False,
2798,591,DanWahlin/github-azure-agentic-journeys,.github/workflows/journey-e2e-test.md,7,2026-05-18 15:42:39+00:00,False,
2799,592,oboapp/oboapp,.github/workflows/ci-failure-fix.md,1,2026-04-17 16:13:54+00:00,False,
2804,596,fqfqgo/clash-verge-rev,.github/workflows/pr-ai-slop-review.md,1,2026-03-17 18:07:27+00:00,False,
2805,596,fqfqgo/clash-verge-rev,.github/workflows/pr-ai-slop-review.md,2,2026-03-23 16:19:59+00:00,False,
2806,596,fqfqgo/clash-verge-rev,.github/workflows/pr-ai-slop-review.md,3,2026-03-26 14:00:56+00:00,False,
2807,596,fqfqgo/clash-verge-rev,.github/workflows/pr-ai-slop-review.md,4,2026-04-14 09:46:21+00:00,False,
2808,596,fqfqgo/clash-verge-rev,.github/workflows/pr-ai-slop-review.md,5,2026-04-21 16:11:44+00:00,False,
2809,596,fqfqgo/clash-verge-rev,.github/workflows/pr-ai-slop-review.md,6,2026-05-10 09:17:43+00:00,False,
2810,597,microsoft/AI-Engineering-Coach,.github/workflows/issue-triage.md,1,2026-06-07 18:40:49+00:00,False,
2811,597,microsoft/AI-Engineering-Coach,.github/workflows/issue-triage.md,2,2026-06-10 15:43:43+00:00,False,
2812,597,microsoft/AI-Engineering-Coach,.github/workflows/issue-triage.md,3,2026-06-19 08:30:28+00:00,False,
2813,598,drasi-project/drasi-server,.github/workflows/pr-correctness-reviewer.md,1,2026-06-05 16:40:00+00:00,False,
2814,599,drasi-project/drasi-server,.github/workflows/pr-design-reviewer.md,1,2026-06-05 16:40:00+00:00,False,
2815,600,drasi-project/drasi-server,.github/workflows/pr-docs-reviewer.md,1,2026-06-05 16:40:00+00:00,False,
2816,601,drasi-project/drasi-server,.github/workflows/pr-prior-art-reviewer.md,1,2026-06-05 16:40:00+00:00,False,
2817,602,drasi-project/drasi-server,.github/workflows/pr-security-reviewer.md,1,2026-06-05 16:40:00+00:00,False,
2818,603,drasi-project/drasi-server,.github/workflows/pr-testing-reviewer.md,1,2026-06-05 16:40:00+00:00,False,
2819,604,drasi-project/drasi-server,.github/workflows/validate-yaml-snippets.md,1,2026-01-15 23:14:12+00:00,False,
2820,604,drasi-project/drasi-server,.github/workflows/validate-yaml-snippets.md,2,2026-06-16 21:32:02+00:00,False,
