history_a,history_b,repo_a,repo_b,file_a,file_b,same_owner,body_cosine,fragment_containment,fm_key_jaccard,same_declared_source
15,215,uxsoft/AppleWirelessKeyboard,py-why/dowhy,repo-assist.md,repo-assist.md,False,1.0,1.0,1.0,True
335,344,fsprojects/FSharp.Formatting,fsprojects/FSharp.Control.AsyncSeq,repo-assist.md,repo-assist.md,True,1.0,1.0,1.0,True
337,344,ionide/FsAutoComplete,fsprojects/FSharp.Control.AsyncSeq,repo-assist.md,repo-assist.md,False,1.0,1.0,0.9167,True
15,523,uxsoft/AppleWirelessKeyboard,shanselman/winget-tui,repo-assist.md,repo-assist.md,False,1.0,1.0,0.9,True
15,484,uxsoft/AppleWirelessKeyboard,shanselman/WindowsEdgeLight,repo-assist.md,repo-assist.md,False,1.0,1.0,0.9,True
15,336,uxsoft/AppleWirelessKeyboard,fsprojects/FsHttp,repo-assist.md,repo-assist.md,False,1.0,1.0,0.8182,True
337,335,ionide/FsAutoComplete,fsprojects/FSharp.Formatting,repo-assist.md,repo-assist.md,False,1.0,1.0,0.9167,True
585,23,Azure/git-ape,dotnet/maui,daily-repo-status.md,daily-repo-status.md,False,1.0,1.0,0.875,True
48,228,Shazwazza/Articulate,baizhiheizi/quill,efficiency-improver.md,efficiency-improver.md,False,1.0,1.0,0.75,True
5,82,Activiti/activiti-cloud,Alfresco/alfresco-ng2-components,supply-chain-review.md,supply-chain-review.md,False,1.0,1.0,1.0,True
5,266,Activiti/activiti-cloud,Alfresco/alfresco-build-tools,supply-chain-review.md,supply-chain-review.md,False,1.0,1.0,0.8571,False
592,522,oboapp/oboapp,vbuch/oboapp,ci-failure-fix.md,ci-failure-fix.md,False,1.0,1.0,1.0,False
200,555,r12f/rnp,AndreaGriffiths11/IssueCrush,daily-repo-status.md,daily-repo-status.md,False,1.0,1.0,1.0,True
200,280,r12f/rnp,Azure/LogicAppsUX,daily-repo-status.md,daily-repo-status.md,False,1.0,1.0,0.875,True
346,333,fsprojects/FSharp.Control.TaskSeq,ionide/ionide-vscode-fsharp,repo-assist.md,repo-assist.md,False,1.0,1.0,1.0,True
127,143,pulumi/pulumi-kubernetes-operator,pulumi/pulumi-terraform-bridge,kubernetes-operator-pr-review.md,terraform-bridge-pr-review.md,True,1.0,1.0,0.875,True
126,142,pulumi/pulumi-kubernetes-operator,pulumi/pulumi-terraform-bridge,kubernetes-operator-pr-rereview.md,terraform-bridge-pr-rereview.md,True,1.0,1.0,0.875,True
385,233,popey/slomore,baizhiheizi/quill,repo-assist.md,repo-assist.md,False,1.0,1.0,0.7333,True
385,397,popey/slomore,popey/grummage,repo-assist.md,repo-assist.md,True,1.0,1.0,1.0,True
385,539,popey/slomore,popey/sbom-vm,repo-assist.md,repo-assist.md,True,1.0,1.0,1.0,True
310,23,KunalSin9h/meltcd,dotnet/maui,daily-repo-status.md,daily-repo-status.md,False,1.0,1.0,0.7778,True
385,332,popey/slomore,fslaborg/Deedle,repo-assist.md,repo-assist.md,False,1.0,1.0,0.9167,True
385,343,popey/slomore,fslaborg/FSharp.Stats,repo-assist.md,repo-assist.md,False,1.0,1.0,0.9167,True
385,342,popey/slomore,fsprojects/FSharp.Data.SqlClient,repo-assist.md,repo-assist.md,False,1.0,1.0,0.9167,True
385,346,popey/slomore,fsprojects/FSharp.Control.TaskSeq,repo-assist.md,repo-assist.md,False,1.0,1.0,0.9167,True
385,341,popey/slomore,fsprojects/FSharpx.Collections,repo-assist.md,repo-assist.md,False,1.0,1.0,0.9167,True
385,340,popey/slomore,fsprojects/SwaggerProvider,repo-assist.md,repo-assist.md,False,1.0,1.0,0.9167,True
385,339,popey/slomore,fsprojects/FSharp.TypeProviders.SDK,repo-assist.md,repo-assist.md,False,1.0,1.0,0.9167,True
385,333,popey/slomore,ionide/ionide-vscode-fsharp,repo-assist.md,repo-assist.md,False,1.0,1.0,0.9167,True
385,337,popey/slomore,ionide/FsAutoComplete,repo-assist.md,repo-assist.md,False,1.0,1.0,0.8462,True
385,335,popey/slomore,fsprojects/FSharp.Formatting,repo-assist.md,repo-assist.md,False,1.0,1.0,0.9167,True
385,344,popey/slomore,fsprojects/FSharp.Control.AsyncSeq,repo-assist.md,repo-assist.md,False,1.0,1.0,0.9167,True
200,487,r12f/rnp,hemanth/mcp-web-client,daily-repo-status.md,daily-repo-status.md,False,1.0,1.0,1.0,True
200,486,r12f/rnp,mcpc-tech/dev-inspector-mcp,daily-repo-status.md,daily-repo-status.md,False,1.0,1.0,1.0,True
200,107,r12f/rnp,microsoft/Web-Dev-For-Beginners,daily-repo-status.md,daily-repo-status.md,False,1.0,1.0,1.0,True
200,7,r12f/rnp,duckduckgo/Android,daily-repo-status.md,daily-repo-status.md,False,1.0,1.0,0.875,True
200,9,r12f/rnp,executeautomation/ExecuteAutomationWebApp,daily-repo-status.md,daily-repo-status.md,False,1.0,1.0,0.875,True
200,310,r12f/rnp,KunalSin9h/meltcd,daily-repo-status.md,daily-repo-status.md,False,1.0,1.0,0.875,True
200,585,r12f/rnp,Azure/git-ape,daily-repo-status.md,daily-repo-status.md,False,1.0,1.0,1.0,True
200,23,r12f/rnp,dotnet/maui,daily-repo-status.md,daily-repo-status.md,False,1.0,1.0,0.875,True
555,107,AndreaGriffiths11/IssueCrush,microsoft/Web-Dev-For-Beginners,daily-repo-status.md,daily-repo-status.md,False,1.0,1.0,1.0,True
555,7,AndreaGriffiths11/IssueCrush,duckduckgo/Android,daily-repo-status.md,daily-repo-status.md,False,1.0,1.0,0.875,True
555,9,AndreaGriffiths11/IssueCrush,executeautomation/ExecuteAutomationWebApp,daily-repo-status.md,daily-repo-status.md,False,1.0,1.0,0.875,True
555,310,AndreaGriffiths11/IssueCrush,KunalSin9h/meltcd,daily-repo-status.md,daily-repo-status.md,False,1.0,1.0,0.875,True
555,585,AndreaGriffiths11/IssueCrush,Azure/git-ape,daily-repo-status.md,daily-repo-status.md,False,1.0,1.0,1.0,True
310,585,KunalSin9h/meltcd,Azure/git-ape,daily-repo-status.md,daily-repo-status.md,False,1.0,1.0,0.875,True
82,266,Alfresco/alfresco-ng2-components,Alfresco/alfresco-build-tools,supply-chain-review.md,supply-chain-review.md,True,1.0,1.0,0.8571,False
233,397,baizhiheizi/quill,popey/grummage,repo-assist.md,repo-assist.md,False,1.0,1.0,0.7333,True
233,539,baizhiheizi/quill,popey/sbom-vm,repo-assist.md,repo-assist.md,False,1.0,1.0,0.7333,True
233,332,baizhiheizi/quill,fslaborg/Deedle,repo-assist.md,repo-assist.md,False,1.0,1.0,0.7857,True
485,215,chrisreddington/trend-radar,py-why/dowhy,repo-assist.md,repo-assist.md,False,1.0,1.0,0.9091,True
233,343,baizhiheizi/quill,fslaborg/FSharp.Stats,repo-assist.md,repo-assist.md,False,1.0,1.0,0.7857,True
233,342,baizhiheizi/quill,fsprojects/FSharp.Data.SqlClient,repo-assist.md,repo-assist.md,False,1.0,1.0,0.7857,True
233,346,baizhiheizi/quill,fsprojects/FSharp.Control.TaskSeq,repo-assist.md,repo-assist.md,False,1.0,1.0,0.7857,True
233,341,baizhiheizi/quill,fsprojects/FSharpx.Collections,repo-assist.md,repo-assist.md,False,1.0,1.0,0.7857,True
233,340,baizhiheizi/quill,fsprojects/SwaggerProvider,repo-assist.md,repo-assist.md,False,1.0,1.0,0.7857,True
233,339,baizhiheizi/quill,fsprojects/FSharp.TypeProviders.SDK,repo-assist.md,repo-assist.md,False,1.0,1.0,0.7857,True
233,333,baizhiheizi/quill,ionide/ionide-vscode-fsharp,repo-assist.md,repo-assist.md,False,1.0,1.0,0.7857,True
233,337,baizhiheizi/quill,ionide/FsAutoComplete,repo-assist.md,repo-assist.md,False,1.0,1.0,0.8571,True
233,335,baizhiheizi/quill,fsprojects/FSharp.Formatting,repo-assist.md,repo-assist.md,False,1.0,1.0,0.7857,True
346,340,fsprojects/FSharp.Control.TaskSeq,fsprojects/SwaggerProvider,repo-assist.md,repo-assist.md,True,1.0,1.0,1.0,True
346,339,fsprojects/FSharp.Control.TaskSeq,fsprojects/FSharp.TypeProviders.SDK,repo-assist.md,repo-assist.md,True,1.0,1.0,1.0,True
555,23,AndreaGriffiths11/IssueCrush,dotnet/maui,daily-repo-status.md,daily-repo-status.md,False,1.0,1.0,0.875,True
555,280,AndreaGriffiths11/IssueCrush,Azure/LogicAppsUX,daily-repo-status.md,daily-repo-status.md,False,1.0,1.0,0.875,True
555,487,AndreaGriffiths11/IssueCrush,hemanth/mcp-web-client,daily-repo-status.md,daily-repo-status.md,False,1.0,1.0,1.0,True
555,486,AndreaGriffiths11/IssueCrush,mcpc-tech/dev-inspector-mcp,daily-repo-status.md,daily-repo-status.md,False,1.0,1.0,1.0,True
233,344,baizhiheizi/quill,fsprojects/FSharp.Control.AsyncSeq,repo-assist.md,repo-assist.md,False,1.0,1.0,0.7857,True
204,216,microsoft/vscode-pylint,microsoft/vscode-isort,check-python-versions.md,check-python-versions.md,True,1.0,1.0,1.0,False
204,263,microsoft/vscode-pylint,microsoft/vscode-mypy,check-python-versions.md,check-python-versions.md,True,1.0,1.0,1.0,False
216,263,microsoft/vscode-isort,microsoft/vscode-mypy,check-python-versions.md,check-python-versions.md,True,1.0,1.0,1.0,False
397,539,popey/grummage,popey/sbom-vm,repo-assist.md,repo-assist.md,True,1.0,1.0,1.0,True
427,66,kaito-project/aikit,taosdata/TDengine,issue-triage.md,issue-triage.md,False,1.0,0.9167,0.6,True
397,332,popey/grummage,fslaborg/Deedle,repo-assist.md,repo-assist.md,False,1.0,1.0,0.9167,True
397,343,popey/grummage,fslaborg/FSharp.Stats,repo-assist.md,repo-assist.md,False,1.0,1.0,0.9167,True
397,342,popey/grummage,fsprojects/FSharp.Data.SqlClient,repo-assist.md,repo-assist.md,False,1.0,1.0,0.9167,True
342,339,fsprojects/FSharp.Data.SqlClient,fsprojects/FSharp.TypeProviders.SDK,repo-assist.md,repo-assist.md,True,1.0,1.0,1.0,True
342,333,fsprojects/FSharp.Data.SqlClient,ionide/ionide-vscode-fsharp,repo-assist.md,repo-assist.md,False,1.0,1.0,1.0,True
342,337,fsprojects/FSharp.Data.SqlClient,ionide/FsAutoComplete,repo-assist.md,repo-assist.md,False,1.0,1.0,0.9167,True
342,335,fsprojects/FSharp.Data.SqlClient,fsprojects/FSharp.Formatting,repo-assist.md,repo-assist.md,True,1.0,1.0,1.0,True
342,344,fsprojects/FSharp.Data.SqlClient,fsprojects/FSharp.Control.AsyncSeq,repo-assist.md,repo-assist.md,True,1.0,1.0,1.0,True
346,341,fsprojects/FSharp.Control.TaskSeq,fsprojects/FSharpx.Collections,repo-assist.md,repo-assist.md,True,1.0,1.0,1.0,True
397,346,popey/grummage,fsprojects/FSharp.Control.TaskSeq,repo-assist.md,repo-assist.md,False,1.0,1.0,0.9167,True
397,341,popey/grummage,fsprojects/FSharpx.Collections,repo-assist.md,repo-assist.md,False,1.0,1.0,0.9167,True
397,340,popey/grummage,fsprojects/SwaggerProvider,repo-assist.md,repo-assist.md,False,1.0,1.0,0.9167,True
397,339,popey/grummage,fsprojects/FSharp.TypeProviders.SDK,repo-assist.md,repo-assist.md,False,1.0,1.0,0.9167,True
397,333,popey/grummage,ionide/ionide-vscode-fsharp,repo-assist.md,repo-assist.md,False,1.0,1.0,0.9167,True
397,337,popey/grummage,ionide/FsAutoComplete,repo-assist.md,repo-assist.md,False,1.0,1.0,0.8462,True
9,310,executeautomation/ExecuteAutomationWebApp,KunalSin9h/meltcd,daily-repo-status.md,daily-repo-status.md,False,1.0,1.0,1.0,True
9,585,executeautomation/ExecuteAutomationWebApp,Azure/git-ape,daily-repo-status.md,daily-repo-status.md,False,1.0,1.0,0.875,True
543,66,zircote/rlm-rs,taosdata/TDengine,issue-triage.md,issue-triage.md,False,1.0,1.0,0.8889,True
342,346,fsprojects/FSharp.Data.SqlClient,fsprojects/FSharp.Control.TaskSeq,repo-assist.md,repo-assist.md,True,1.0,1.0,1.0,True
342,341,fsprojects/FSharp.Data.SqlClient,fsprojects/FSharpx.Collections,repo-assist.md,repo-assist.md,True,1.0,1.0,1.0,True
342,340,fsprojects/FSharp.Data.SqlClient,fsprojects/SwaggerProvider,repo-assist.md,repo-assist.md,True,1.0,1.0,1.0,True
9,23,executeautomation/ExecuteAutomationWebApp,dotnet/maui,daily-repo-status.md,daily-repo-status.md,False,1.0,1.0,0.7778,True
397,335,popey/grummage,fsprojects/FSharp.Formatting,repo-assist.md,repo-assist.md,False,1.0,1.0,0.9167,True
397,344,popey/grummage,fsprojects/FSharp.Control.AsyncSeq,repo-assist.md,repo-assist.md,False,1.0,1.0,0.9167,True
539,332,popey/sbom-vm,fslaborg/Deedle,repo-assist.md,repo-assist.md,False,1.0,1.0,0.9167,True
539,343,popey/sbom-vm,fslaborg/FSharp.Stats,repo-assist.md,repo-assist.md,False,1.0,1.0,0.9167,True
539,342,popey/sbom-vm,fsprojects/FSharp.Data.SqlClient,repo-assist.md,repo-assist.md,False,1.0,1.0,0.9167,True
539,346,popey/sbom-vm,fsprojects/FSharp.Control.TaskSeq,repo-assist.md,repo-assist.md,False,1.0,1.0,0.9167,True
539,341,popey/sbom-vm,fsprojects/FSharpx.Collections,repo-assist.md,repo-assist.md,False,1.0,1.0,0.9167,True
7,9,duckduckgo/Android,executeautomation/ExecuteAutomationWebApp,daily-repo-status.md,daily-repo-status.md,False,1.0,1.0,1.0,True
7,310,duckduckgo/Android,KunalSin9h/meltcd,daily-repo-status.md,daily-repo-status.md,False,1.0,1.0,1.0,True
7,585,duckduckgo/Android,Azure/git-ape,daily-repo-status.md,daily-repo-status.md,False,1.0,1.0,0.875,True
7,23,duckduckgo/Android,dotnet/maui,daily-repo-status.md,daily-repo-status.md,False,1.0,1.0,0.7778,True
539,340,popey/sbom-vm,fsprojects/SwaggerProvider,repo-assist.md,repo-assist.md,False,1.0,1.0,0.9167,True
539,339,popey/sbom-vm,fsprojects/FSharp.TypeProviders.SDK,repo-assist.md,repo-assist.md,False,1.0,1.0,0.9167,True
539,333,popey/sbom-vm,ionide/ionide-vscode-fsharp,repo-assist.md,repo-assist.md,False,1.0,1.0,0.9167,True
539,337,popey/sbom-vm,ionide/FsAutoComplete,repo-assist.md,repo-assist.md,False,1.0,1.0,0.8462,True
539,335,popey/sbom-vm,fsprojects/FSharp.Formatting,repo-assist.md,repo-assist.md,False,1.0,1.0,0.9167,True
539,344,popey/sbom-vm,fsprojects/FSharp.Control.AsyncSeq,repo-assist.md,repo-assist.md,False,1.0,1.0,0.9167,True
317,103,rancher/dashboard,ptarmiganlabs/butler-sos,duplicate-code-detector.md,duplicate-code-detector.md,False,1.0,1.0,0.6,False
513,66,chrisreddington/flight-school,taosdata/TDengine,issue-triage.md,issue-triage.md,False,1.0,0.9167,0.8889,True
523,484,shanselman/winget-tui,shanselman/WindowsEdgeLight,repo-assist.md,repo-assist.md,True,1.0,1.0,1.0,True
523,336,shanselman/winget-tui,fsprojects/FsHttp,repo-assist.md,repo-assist.md,False,1.0,1.0,0.9,True
543,513,zircote/rlm-rs,chrisreddington/flight-school,issue-triage.md,issue-triage.md,False,1.0,0.9167,1.0,True
543,427,zircote/rlm-rs,kaito-project/aikit,issue-triage.md,issue-triage.md,False,1.0,0.9167,0.6667,True
107,310,microsoft/Web-Dev-For-Beginners,KunalSin9h/meltcd,daily-repo-status.md,daily-repo-status.md,False,1.0,1.0,0.875,True
107,585,microsoft/Web-Dev-For-Beginners,Azure/git-ape,daily-repo-status.md,daily-repo-status.md,False,1.0,1.0,1.0,True
107,23,microsoft/Web-Dev-For-Beginners,dotnet/maui,daily-repo-status.md,daily-repo-status.md,False,1.0,1.0,0.875,True
381,435,alexandru/social-publish,MiguelElGallo/mpzsql,code-simplifier.md,code-simplifier.md,False,1.0,1.0,0.9167,True
359,2,timrogers/iata-code-decoder-api,apache/cloudstack,daily-repo-status.md,daily-repo-status.md,False,1.0,1.0,0.875,True
343,337,fslaborg/FSharp.Stats,ionide/FsAutoComplete,repo-assist.md,repo-assist.md,False,1.0,1.0,0.9167,True
343,335,fslaborg/FSharp.Stats,fsprojects/FSharp.Formatting,repo-assist.md,repo-assist.md,False,1.0,1.0,1.0,True
343,344,fslaborg/FSharp.Stats,fsprojects/FSharp.Control.AsyncSeq,repo-assist.md,repo-assist.md,False,1.0,1.0,1.0,True
523,485,shanselman/winget-tui,chrisreddington/trend-radar,repo-assist.md,repo-assist.md,False,1.0,1.0,0.8182,True
523,215,shanselman/winget-tui,py-why/dowhy,repo-assist.md,repo-assist.md,False,1.0,1.0,0.9,True
253,234,talk2MeGooseman/stream_closed_captioner_phoenix,baizhiheizi/quill,repository-quality-improver.md,repository-quality-improver.md,False,1.0,1.0,0.7273,True
513,427,chrisreddington/flight-school,kaito-project/aikit,issue-triage.md,issue-triage.md,False,1.0,1.0,0.6667,True
107,7,microsoft/Web-Dev-For-Beginners,duckduckgo/Android,daily-repo-status.md,daily-repo-status.md,False,1.0,1.0,0.875,True
107,9,microsoft/Web-Dev-For-Beginners,executeautomation/ExecuteAutomationWebApp,daily-repo-status.md,daily-repo-status.md,False,1.0,1.0,0.875,True
468,150,kaito-tokyo/live-backgroundremoval-lite,royshil/obs-backgroundremoval,validate-pr.md,validate-pr.md,False,1.0,1.0,1.0,False
336,485,fsprojects/FsHttp,chrisreddington/trend-radar,repo-assist.md,repo-assist.md,False,1.0,1.0,0.9091,True
336,215,fsprojects/FsHttp,py-why/dowhy,repo-assist.md,repo-assist.md,False,1.0,1.0,0.8182,True
484,336,shanselman/WindowsEdgeLight,fsprojects/FsHttp,repo-assist.md,repo-assist.md,False,1.0,1.0,0.9,True
484,485,shanselman/WindowsEdgeLight,chrisreddington/trend-radar,repo-assist.md,repo-assist.md,False,1.0,1.0,0.8182,True
484,215,shanselman/WindowsEdgeLight,py-why/dowhy,repo-assist.md,repo-assist.md,False,1.0,1.0,0.9,True
332,337,fslaborg/Deedle,ionide/FsAutoComplete,repo-assist.md,repo-assist.md,False,1.0,1.0,0.9167,True
332,335,fslaborg/Deedle,fsprojects/FSharp.Formatting,repo-assist.md,repo-assist.md,False,1.0,1.0,1.0,True
332,344,fslaborg/Deedle,fsprojects/FSharp.Control.AsyncSeq,repo-assist.md,repo-assist.md,False,1.0,1.0,1.0,True
343,342,fslaborg/FSharp.Stats,fsprojects/FSharp.Data.SqlClient,repo-assist.md,repo-assist.md,False,1.0,1.0,1.0,True
343,346,fslaborg/FSharp.Stats,fsprojects/FSharp.Control.TaskSeq,repo-assist.md,repo-assist.md,False,1.0,1.0,1.0,True
343,341,fslaborg/FSharp.Stats,fsprojects/FSharpx.Collections,repo-assist.md,repo-assist.md,False,1.0,1.0,1.0,True
343,340,fslaborg/FSharp.Stats,fsprojects/SwaggerProvider,repo-assist.md,repo-assist.md,False,1.0,1.0,1.0,True
343,339,fslaborg/FSharp.Stats,fsprojects/FSharp.TypeProviders.SDK,repo-assist.md,repo-assist.md,False,1.0,1.0,1.0,True
343,333,fslaborg/FSharp.Stats,ionide/ionide-vscode-fsharp,repo-assist.md,repo-assist.md,False,1.0,1.0,1.0,True
486,107,mcpc-tech/dev-inspector-mcp,microsoft/Web-Dev-For-Beginners,daily-repo-status.md,daily-repo-status.md,False,1.0,1.0,1.0,True
486,7,mcpc-tech/dev-inspector-mcp,duckduckgo/Android,daily-repo-status.md,daily-repo-status.md,False,1.0,1.0,0.875,True
486,9,mcpc-tech/dev-inspector-mcp,executeautomation/ExecuteAutomationWebApp,daily-repo-status.md,daily-repo-status.md,False,1.0,1.0,0.875,True
486,310,mcpc-tech/dev-inspector-mcp,KunalSin9h/meltcd,daily-repo-status.md,daily-repo-status.md,False,1.0,1.0,0.875,True
486,585,mcpc-tech/dev-inspector-mcp,Azure/git-ape,daily-repo-status.md,daily-repo-status.md,False,1.0,1.0,1.0,True
486,23,mcpc-tech/dev-inspector-mcp,dotnet/maui,daily-repo-status.md,daily-repo-status.md,False,1.0,1.0,0.875,True
487,486,hemanth/mcp-web-client,mcpc-tech/dev-inspector-mcp,daily-repo-status.md,daily-repo-status.md,False,1.0,1.0,1.0,True
487,107,hemanth/mcp-web-client,microsoft/Web-Dev-For-Beginners,daily-repo-status.md,daily-repo-status.md,False,1.0,1.0,1.0,True
487,7,hemanth/mcp-web-client,duckduckgo/Android,daily-repo-status.md,daily-repo-status.md,False,1.0,1.0,0.875,True
487,9,hemanth/mcp-web-client,executeautomation/ExecuteAutomationWebApp,daily-repo-status.md,daily-repo-status.md,False,1.0,1.0,0.875,True
487,310,hemanth/mcp-web-client,KunalSin9h/meltcd,daily-repo-status.md,daily-repo-status.md,False,1.0,1.0,0.875,True
487,585,hemanth/mcp-web-client,Azure/git-ape,daily-repo-status.md,daily-repo-status.md,False,1.0,1.0,1.0,True
487,23,hemanth/mcp-web-client,dotnet/maui,daily-repo-status.md,daily-repo-status.md,False,1.0,1.0,0.875,True
332,343,fslaborg/Deedle,fslaborg/FSharp.Stats,repo-assist.md,repo-assist.md,True,1.0,1.0,1.0,True
332,342,fslaborg/Deedle,fsprojects/FSharp.Data.SqlClient,repo-assist.md,repo-assist.md,False,1.0,1.0,1.0,True
332,346,fslaborg/Deedle,fsprojects/FSharp.Control.TaskSeq,repo-assist.md,repo-assist.md,False,1.0,1.0,1.0,True
332,341,fslaborg/Deedle,fsprojects/FSharpx.Collections,repo-assist.md,repo-assist.md,False,1.0,1.0,1.0,True
332,340,fslaborg/Deedle,fsprojects/SwaggerProvider,repo-assist.md,repo-assist.md,False,1.0,1.0,1.0,True
332,339,fslaborg/Deedle,fsprojects/FSharp.TypeProviders.SDK,repo-assist.md,repo-assist.md,False,1.0,1.0,1.0,True
332,333,fslaborg/Deedle,ionide/ionide-vscode-fsharp,repo-assist.md,repo-assist.md,False,1.0,1.0,1.0,True
275,381,sytone/obsidian-queryallthethings,alexandru/social-publish,code-simplifier.md,code-simplifier.md,False,1.0,1.0,0.9167,True
275,435,sytone/obsidian-queryallthethings,MiguelElGallo/mpzsql,code-simplifier.md,code-simplifier.md,False,1.0,1.0,1.0,True
280,487,Azure/LogicAppsUX,hemanth/mcp-web-client,daily-repo-status.md,daily-repo-status.md,False,1.0,1.0,0.875,True
280,486,Azure/LogicAppsUX,mcpc-tech/dev-inspector-mcp,daily-repo-status.md,daily-repo-status.md,False,1.0,1.0,0.875,True
280,107,Azure/LogicAppsUX,microsoft/Web-Dev-For-Beginners,daily-repo-status.md,daily-repo-status.md,False,1.0,1.0,0.875,True
280,7,Azure/LogicAppsUX,duckduckgo/Android,daily-repo-status.md,daily-repo-status.md,False,1.0,1.0,1.0,True
280,9,Azure/LogicAppsUX,executeautomation/ExecuteAutomationWebApp,daily-repo-status.md,daily-repo-status.md,False,1.0,1.0,1.0,True
280,310,Azure/LogicAppsUX,KunalSin9h/meltcd,daily-repo-status.md,daily-repo-status.md,False,1.0,1.0,1.0,True
280,585,Azure/LogicAppsUX,Azure/git-ape,daily-repo-status.md,daily-repo-status.md,True,1.0,1.0,0.875,True
280,23,Azure/LogicAppsUX,dotnet/maui,daily-repo-status.md,daily-repo-status.md,False,1.0,1.0,0.7778,True
520,322,influxdata/docs-v2,lrascao/rebar3_gpb_plugin,weekly-repo-status.md,daily-repo-status.md,False,1.0,1.0,0.875,True
340,335,fsprojects/SwaggerProvider,fsprojects/FSharp.Formatting,repo-assist.md,repo-assist.md,True,1.0,1.0,1.0,True
340,344,fsprojects/SwaggerProvider,fsprojects/FSharp.Control.AsyncSeq,repo-assist.md,repo-assist.md,True,1.0,1.0,1.0,True
339,333,fsprojects/FSharp.TypeProviders.SDK,ionide/ionide-vscode-fsharp,repo-assist.md,repo-assist.md,False,1.0,1.0,1.0,True
339,337,fsprojects/FSharp.TypeProviders.SDK,ionide/FsAutoComplete,repo-assist.md,repo-assist.md,False,1.0,1.0,0.9167,True
339,335,fsprojects/FSharp.TypeProviders.SDK,fsprojects/FSharp.Formatting,repo-assist.md,repo-assist.md,True,1.0,1.0,1.0,True
339,344,fsprojects/FSharp.TypeProviders.SDK,fsprojects/FSharp.Control.AsyncSeq,repo-assist.md,repo-assist.md,True,1.0,1.0,1.0,True
333,337,ionide/ionide-vscode-fsharp,ionide/FsAutoComplete,repo-assist.md,repo-assist.md,True,1.0,1.0,0.9167,True
333,335,ionide/ionide-vscode-fsharp,fsprojects/FSharp.Formatting,repo-assist.md,repo-assist.md,False,1.0,1.0,1.0,True
333,344,ionide/ionide-vscode-fsharp,fsprojects/FSharp.Control.AsyncSeq,repo-assist.md,repo-assist.md,False,1.0,1.0,1.0,True
346,337,fsprojects/FSharp.Control.TaskSeq,ionide/FsAutoComplete,repo-assist.md,repo-assist.md,False,1.0,1.0,0.9167,True
346,335,fsprojects/FSharp.Control.TaskSeq,fsprojects/FSharp.Formatting,repo-assist.md,repo-assist.md,True,1.0,1.0,1.0,True
346,344,fsprojects/FSharp.Control.TaskSeq,fsprojects/FSharp.Control.AsyncSeq,repo-assist.md,repo-assist.md,True,1.0,1.0,1.0,True
341,340,fsprojects/FSharpx.Collections,fsprojects/SwaggerProvider,repo-assist.md,repo-assist.md,True,1.0,1.0,1.0,True
341,339,fsprojects/FSharpx.Collections,fsprojects/FSharp.TypeProviders.SDK,repo-assist.md,repo-assist.md,True,1.0,1.0,1.0,True
341,333,fsprojects/FSharpx.Collections,ionide/ionide-vscode-fsharp,repo-assist.md,repo-assist.md,False,1.0,1.0,1.0,True
341,337,fsprojects/FSharpx.Collections,ionide/FsAutoComplete,repo-assist.md,repo-assist.md,False,1.0,1.0,0.9167,True
341,335,fsprojects/FSharpx.Collections,fsprojects/FSharp.Formatting,repo-assist.md,repo-assist.md,True,1.0,1.0,1.0,True
341,344,fsprojects/FSharpx.Collections,fsprojects/FSharp.Control.AsyncSeq,repo-assist.md,repo-assist.md,True,1.0,1.0,1.0,True
340,339,fsprojects/SwaggerProvider,fsprojects/FSharp.TypeProviders.SDK,repo-assist.md,repo-assist.md,True,1.0,1.0,1.0,True
340,333,fsprojects/SwaggerProvider,ionide/ionide-vscode-fsharp,repo-assist.md,repo-assist.md,False,1.0,1.0,1.0,True
340,337,fsprojects/SwaggerProvider,ionide/FsAutoComplete,repo-assist.md,repo-assist.md,False,1.0,1.0,0.9167,True
15,485,uxsoft/AppleWirelessKeyboard,chrisreddington/trend-radar,repo-assist.md,repo-assist.md,False,1.0,1.0,0.9091,True
236,252,baizhiheizi/quill,talk2MeGooseman/stream_closed_captioner_phoenix,test-improver.md,daily-test-improver.md,False,0.9997,0.9111,0.75,False
46,253,microsoft/vstest,talk2MeGooseman/stream_closed_captioner_phoenix,repository-quality-improver.md,repository-quality-improver.md,False,0.9986,0.9091,0.875,False
46,234,microsoft/vstest,baizhiheizi/quill,repository-quality-improver.md,repository-quality-improver.md,False,0.9986,0.9091,0.6364,False
40,230,microsoft/vstest,baizhiheizi/quill,malicious-code-scan.md,malicious-code-scan.md,False,0.9986,0.973,0.6,False
34,226,microsoft/vstest,baizhiheizi/quill,code-simplifier.md,code-simplifier.md,False,0.9976,0.975,0.7143,False
212,216,microsoft/vscode-black-formatter,microsoft/vscode-isort,check-python-versions.md,check-python-versions.md,True,0.9968,0.9375,1.0,False
212,204,microsoft/vscode-black-formatter,microsoft/vscode-pylint,check-python-versions.md,check-python-versions.md,True,0.9968,0.9375,1.0,False
212,263,microsoft/vscode-black-formatter,microsoft/vscode-mypy,check-python-versions.md,check-python-versions.md,True,0.9968,0.9375,1.0,False
41,580,microsoft/vstest,dotnet/skills,markdown-linter.md,markdown-linter.md,False,0.9926,0.8462,0.7143,False
200,359,r12f/rnp,timrogers/iata-code-decoder-api,daily-repo-status.md,daily-repo-status.md,False,0.9921,1.0,1.0,False
23,2,dotnet/maui,apache/cloudstack,daily-repo-status.md,daily-repo-status.md,False,0.9921,1.0,0.7778,False
359,310,timrogers/iata-code-decoder-api,KunalSin9h/meltcd,daily-repo-status.md,daily-repo-status.md,False,0.9921,1.0,0.875,False
359,9,timrogers/iata-code-decoder-api,executeautomation/ExecuteAutomationWebApp,daily-repo-status.md,daily-repo-status.md,False,0.9921,1.0,0.875,False
486,2,mcpc-tech/dev-inspector-mcp,apache/cloudstack,daily-repo-status.md,daily-repo-status.md,False,0.9921,1.0,0.875,False
200,2,r12f/rnp,apache/cloudstack,daily-repo-status.md,daily-repo-status.md,False,0.9921,1.0,0.875,False
487,359,hemanth/mcp-web-client,timrogers/iata-code-decoder-api,daily-repo-status.md,daily-repo-status.md,False,0.9921,1.0,1.0,False
486,359,mcpc-tech/dev-inspector-mcp,timrogers/iata-code-decoder-api,daily-repo-status.md,daily-repo-status.md,False,0.9921,1.0,1.0,False
487,2,hemanth/mcp-web-client,apache/cloudstack,daily-repo-status.md,daily-repo-status.md,False,0.9921,1.0,0.875,False
280,359,Azure/LogicAppsUX,timrogers/iata-code-decoder-api,daily-repo-status.md,daily-repo-status.md,False,0.9921,1.0,0.875,False
310,2,KunalSin9h/meltcd,apache/cloudstack,daily-repo-status.md,daily-repo-status.md,False,0.9921,1.0,1.0,False
280,2,Azure/LogicAppsUX,apache/cloudstack,daily-repo-status.md,daily-repo-status.md,False,0.9921,1.0,1.0,False
585,2,Azure/git-ape,apache/cloudstack,daily-repo-status.md,daily-repo-status.md,False,0.9921,1.0,0.875,False
555,359,AndreaGriffiths11/IssueCrush,timrogers/iata-code-decoder-api,daily-repo-status.md,daily-repo-status.md,False,0.9921,1.0,1.0,False
555,2,AndreaGriffiths11/IssueCrush,apache/cloudstack,daily-repo-status.md,daily-repo-status.md,False,0.9921,1.0,0.875,False
359,7,timrogers/iata-code-decoder-api,duckduckgo/Android,daily-repo-status.md,daily-repo-status.md,False,0.9921,1.0,0.875,False
359,585,timrogers/iata-code-decoder-api,Azure/git-ape,daily-repo-status.md,daily-repo-status.md,False,0.9921,1.0,1.0,False
359,107,timrogers/iata-code-decoder-api,microsoft/Web-Dev-For-Beginners,daily-repo-status.md,daily-repo-status.md,False,0.9921,1.0,1.0,False
7,2,duckduckgo/Android,apache/cloudstack,daily-repo-status.md,daily-repo-status.md,False,0.9921,1.0,1.0,False
9,2,executeautomation/ExecuteAutomationWebApp,apache/cloudstack,daily-repo-status.md,daily-repo-status.md,False,0.9921,1.0,1.0,False
359,23,timrogers/iata-code-decoder-api,dotnet/maui,daily-repo-status.md,daily-repo-status.md,False,0.9921,1.0,0.875,False
107,2,microsoft/Web-Dev-For-Beginners,apache/cloudstack,daily-repo-status.md,daily-repo-status.md,False,0.9921,1.0,0.875,False
9,315,executeautomation/ExecuteAutomationWebApp,rancher/dashboard,daily-repo-status.md,daily-repo-status.md,False,0.9828,0.75,0.6667,False
7,315,duckduckgo/Android,rancher/dashboard,daily-repo-status.md,daily-repo-status.md,False,0.9828,0.75,0.6667,False
486,315,mcpc-tech/dev-inspector-mcp,rancher/dashboard,daily-repo-status.md,daily-repo-status.md,False,0.9828,0.75,0.75,False
585,315,Azure/git-ape,rancher/dashboard,daily-repo-status.md,daily-repo-status.md,False,0.9828,0.75,0.75,False
107,315,microsoft/Web-Dev-For-Beginners,rancher/dashboard,daily-repo-status.md,daily-repo-status.md,False,0.9828,0.75,0.75,False
555,315,AndreaGriffiths11/IssueCrush,rancher/dashboard,daily-repo-status.md,daily-repo-status.md,False,0.9828,0.75,0.75,False
23,315,dotnet/maui,rancher/dashboard,daily-repo-status.md,daily-repo-status.md,False,0.9828,0.75,0.6667,False
200,315,r12f/rnp,rancher/dashboard,daily-repo-status.md,daily-repo-status.md,False,0.9828,0.75,0.75,False
310,315,KunalSin9h/meltcd,rancher/dashboard,daily-repo-status.md,daily-repo-status.md,False,0.9828,0.75,0.6667,False
487,315,hemanth/mcp-web-client,rancher/dashboard,daily-repo-status.md,daily-repo-status.md,False,0.9828,0.75,0.75,False
280,315,Azure/LogicAppsUX,rancher/dashboard,daily-repo-status.md,daily-repo-status.md,False,0.9828,0.75,0.6667,False
49,574,dotnet/msbuild,dotnet/skills,close-stale-prs.agent.md,close-stale-prs.agent.md,True,0.9773,0.5556,1.0,False
2,315,apache/cloudstack,rancher/dashboard,daily-repo-status.md,daily-repo-status.md,False,0.9749,0.75,0.6667,False
359,315,timrogers/iata-code-decoder-api,rancher/dashboard,daily-repo-status.md,daily-repo-status.md,False,0.9749,0.75,0.75,False
37,48,microsoft/vstest,Shazwazza/Articulate,efficiency-improver.md,efficiency-improver.md,False,0.9741,0.9074,0.8,False
37,228,microsoft/vstest,baizhiheizi/quill,efficiency-improver.md,efficiency-improver.md,False,0.9741,0.9074,0.6154,False
233,160,baizhiheizi/quill,sergey-tihon/Clippit,repo-assist.md,clippy.md,False,0.9681,0.4783,0.7857,True
385,160,popey/slomore,sergey-tihon/Clippit,repo-assist.md,clippy.md,False,0.9681,0.4783,0.9167,True
332,160,fslaborg/Deedle,sergey-tihon/Clippit,repo-assist.md,clippy.md,False,0.9681,0.4783,1.0,True
343,160,fslaborg/FSharp.Stats,sergey-tihon/Clippit,repo-assist.md,clippy.md,False,0.9681,0.4783,1.0,True
397,160,popey/grummage,sergey-tihon/Clippit,repo-assist.md,clippy.md,False,0.9681,0.4783,0.9167,True
160,344,sergey-tihon/Clippit,fsprojects/FSharp.Control.AsyncSeq,clippy.md,repo-assist.md,False,0.9681,0.4783,1.0,True
539,160,popey/sbom-vm,sergey-tihon/Clippit,repo-assist.md,clippy.md,False,0.9681,0.4783,0.9167,True
342,160,fsprojects/FSharp.Data.SqlClient,sergey-tihon/Clippit,repo-assist.md,clippy.md,False,0.9681,0.4783,1.0,True
160,335,sergey-tihon/Clippit,fsprojects/FSharp.Formatting,clippy.md,repo-assist.md,False,0.9681,0.4783,1.0,True
160,346,sergey-tihon/Clippit,fsprojects/FSharp.Control.TaskSeq,clippy.md,repo-assist.md,False,0.9681,0.4783,1.0,True
160,333,sergey-tihon/Clippit,ionide/ionide-vscode-fsharp,clippy.md,repo-assist.md,False,0.9681,0.4783,1.0,True
160,339,sergey-tihon/Clippit,fsprojects/FSharp.TypeProviders.SDK,clippy.md,repo-assist.md,False,0.9681,0.4783,1.0,True
160,340,sergey-tihon/Clippit,fsprojects/SwaggerProvider,clippy.md,repo-assist.md,False,0.9681,0.4783,1.0,True
160,337,sergey-tihon/Clippit,ionide/FsAutoComplete,clippy.md,repo-assist.md,False,0.9681,0.4783,0.9167,True
160,341,sergey-tihon/Clippit,fsprojects/FSharpx.Collections,clippy.md,repo-assist.md,False,0.9681,0.4783,1.0,True
15,539,uxsoft/AppleWirelessKeyboard,popey/sbom-vm,repo-assist.md,repo-assist.md,False,0.9602,0.8409,0.8333,True
15,397,uxsoft/AppleWirelessKeyboard,popey/grummage,repo-assist.md,repo-assist.md,False,0.9602,0.8409,0.8333,True
15,342,uxsoft/AppleWirelessKeyboard,fsprojects/FSharp.Data.SqlClient,repo-assist.md,repo-assist.md,False,0.9602,0.8409,0.9091,True
523,346,shanselman/winget-tui,fsprojects/FSharp.Control.TaskSeq,repo-assist.md,repo-assist.md,False,0.9602,0.8409,0.8182,True
485,335,chrisreddington/trend-radar,fsprojects/FSharp.Formatting,repo-assist.md,repo-assist.md,False,0.9602,0.8409,0.8333,True
485,337,chrisreddington/trend-radar,ionide/FsAutoComplete,repo-assist.md,repo-assist.md,False,0.9602,0.8409,0.7692,True
523,344,shanselman/winget-tui,fsprojects/FSharp.Control.AsyncSeq,repo-assist.md,repo-assist.md,False,0.9602,0.8409,0.8182,True
523,343,shanselman/winget-tui,fslaborg/FSharp.Stats,repo-assist.md,repo-assist.md,False,0.9602,0.8409,0.8182,True
523,342,shanselman/winget-tui,fsprojects/FSharp.Data.SqlClient,repo-assist.md,repo-assist.md,False,0.9602,0.8409,0.8182,True
523,332,shanselman/winget-tui,fslaborg/Deedle,repo-assist.md,repo-assist.md,False,0.9602,0.8409,0.8182,True
523,333,shanselman/winget-tui,ionide/ionide-vscode-fsharp,repo-assist.md,repo-assist.md,False,0.9602,0.8409,0.8182,True
523,341,shanselman/winget-tui,fsprojects/FSharpx.Collections,repo-assist.md,repo-assist.md,False,0.9602,0.8409,0.8182,True
523,340,shanselman/winget-tui,fsprojects/SwaggerProvider,repo-assist.md,repo-assist.md,False,0.9602,0.8409,0.8182,True
523,339,shanselman/winget-tui,fsprojects/FSharp.TypeProviders.SDK,repo-assist.md,repo-assist.md,False,0.9602,0.8409,0.8182,True
15,340,uxsoft/AppleWirelessKeyboard,fsprojects/SwaggerProvider,repo-assist.md,repo-assist.md,False,0.9602,0.8409,0.9091,True
15,337,uxsoft/AppleWirelessKeyboard,ionide/FsAutoComplete,repo-assist.md,repo-assist.md,False,0.9602,0.8409,0.8333,True
15,333,uxsoft/AppleWirelessKeyboard,ionide/ionide-vscode-fsharp,repo-assist.md,repo-assist.md,False,0.9602,0.8409,0.9091,True
15,344,uxsoft/AppleWirelessKeyboard,fsprojects/FSharp.Control.AsyncSeq,repo-assist.md,repo-assist.md,False,0.9602,0.8409,0.9091,True
15,335,uxsoft/AppleWirelessKeyboard,fsprojects/FSharp.Formatting,repo-assist.md,repo-assist.md,False,0.9602,0.8409,0.9091,True
385,215,popey/slomore,py-why/dowhy,repo-assist.md,repo-assist.md,False,0.9602,0.8409,0.8333,True
523,337,shanselman/winget-tui,ionide/FsAutoComplete,repo-assist.md,repo-assist.md,False,0.9602,0.8409,0.75,True
485,333,chrisreddington/trend-radar,ionide/ionide-vscode-fsharp,repo-assist.md,repo-assist.md,False,0.9602,0.8409,0.8333,True
485,344,chrisreddington/trend-radar,fsprojects/FSharp.Control.AsyncSeq,repo-assist.md,repo-assist.md,False,0.9602,0.8409,0.8333,True
15,385,uxsoft/AppleWirelessKeyboard,popey/slomore,repo-assist.md,repo-assist.md,False,0.9602,0.8409,0.8333,True
15,339,uxsoft/AppleWirelessKeyboard,fsprojects/FSharp.TypeProviders.SDK,repo-assist.md,repo-assist.md,False,0.9602,0.8409,0.9091,True
15,332,uxsoft/AppleWirelessKeyboard,fslaborg/Deedle,repo-assist.md,repo-assist.md,False,0.9602,0.8409,0.9091,True
523,397,shanselman/winget-tui,popey/grummage,repo-assist.md,repo-assist.md,False,0.9602,0.8409,0.75,True
336,333,fsprojects/FsHttp,ionide/ionide-vscode-fsharp,repo-assist.md,repo-assist.md,False,0.9602,0.8409,0.75,True
336,337,fsprojects/FsHttp,ionide/FsAutoComplete,repo-assist.md,repo-assist.md,False,0.9602,0.8409,0.6923,True
215,340,py-why/dowhy,fsprojects/SwaggerProvider,repo-assist.md,repo-assist.md,False,0.9602,0.8409,0.9091,True
215,339,py-why/dowhy,fsprojects/FSharp.TypeProviders.SDK,repo-assist.md,repo-assist.md,False,0.9602,0.8409,0.9091,True
215,539,py-why/dowhy,popey/sbom-vm,repo-assist.md,repo-assist.md,False,0.9602,0.8409,0.8333,True
215,397,py-why/dowhy,popey/grummage,repo-assist.md,repo-assist.md,False,0.9602,0.8409,0.8333,True
336,341,fsprojects/FsHttp,fsprojects/FSharpx.Collections,repo-assist.md,repo-assist.md,True,0.9602,0.8409,0.75,True
215,332,py-why/dowhy,fslaborg/Deedle,repo-assist.md,repo-assist.md,False,0.9602,0.8409,0.9091,True
485,342,chrisreddington/trend-radar,fsprojects/FSharp.Data.SqlClient,repo-assist.md,repo-assist.md,False,0.9602,0.8409,0.8333,True
484,385,shanselman/WindowsEdgeLight,popey/slomore,repo-assist.md,repo-assist.md,False,0.9602,0.8409,0.75,True
484,233,shanselman/WindowsEdgeLight,baizhiheizi/quill,repo-assist.md,repo-assist.md,False,0.9602,0.8409,0.6429,True
484,397,shanselman/WindowsEdgeLight,popey/grummage,repo-assist.md,repo-assist.md,False,0.9602,0.8409,0.75,True
484,341,shanselman/WindowsEdgeLight,fsprojects/FSharpx.Collections,repo-assist.md,repo-assist.md,False,0.9602,0.8409,0.8182,True
485,233,chrisreddington/trend-radar,baizhiheizi/quill,repo-assist.md,repo-assist.md,False,0.9602,0.8409,0.6667,True
485,385,chrisreddington/trend-radar,popey/slomore,repo-assist.md,repo-assist.md,False,0.9602,0.8409,0.9167,True
485,339,chrisreddington/trend-radar,fsprojects/FSharp.TypeProviders.SDK,repo-assist.md,repo-assist.md,False,0.9602,0.8409,0.8333,True
485,397,chrisreddington/trend-radar,popey/grummage,repo-assist.md,repo-assist.md,False,0.9602,0.8409,0.9167,True
485,539,chrisreddington/trend-radar,popey/sbom-vm,repo-assist.md,repo-assist.md,False,0.9602,0.8409,0.9167,True
484,539,shanselman/WindowsEdgeLight,popey/sbom-vm,repo-assist.md,repo-assist.md,False,0.9602,0.8409,0.75,True
484,332,shanselman/WindowsEdgeLight,fslaborg/Deedle,repo-assist.md,repo-assist.md,False,0.9602,0.8409,0.8182,True
484,340,shanselman/WindowsEdgeLight,fsprojects/SwaggerProvider,repo-assist.md,repo-assist.md,False,0.9602,0.8409,0.8182,True
485,346,chrisreddington/trend-radar,fsprojects/FSharp.Control.TaskSeq,repo-assist.md,repo-assist.md,False,0.9602,0.8409,0.8333,True
485,341,chrisreddington/trend-radar,fsprojects/FSharpx.Collections,repo-assist.md,repo-assist.md,False,0.9602,0.8409,0.8333,True
485,340,chrisreddington/trend-radar,fsprojects/SwaggerProvider,repo-assist.md,repo-assist.md,False,0.9602,0.8409,0.8333,True
523,335,shanselman/winget-tui,fsprojects/FSharp.Formatting,repo-assist.md,repo-assist.md,False,0.9602,0.8409,0.8182,True
233,215,baizhiheizi/quill,py-why/dowhy,repo-assist.md,repo-assist.md,False,0.9602,0.8409,0.7143,True
485,332,chrisreddington/trend-radar,fslaborg/Deedle,repo-assist.md,repo-assist.md,False,0.9602,0.8409,0.8333,True
485,343,chrisreddington/trend-radar,fslaborg/FSharp.Stats,repo-assist.md,repo-assist.md,False,0.9602,0.8409,0.8333,True
15,341,uxsoft/AppleWirelessKeyboard,fsprojects/FSharpx.Collections,repo-assist.md,repo-assist.md,False,0.9602,0.8409,0.9091,True
15,343,uxsoft/AppleWirelessKeyboard,fslaborg/FSharp.Stats,repo-assist.md,repo-assist.md,False,0.9602,0.8409,0.9091,True
15,346,uxsoft/AppleWirelessKeyboard,fsprojects/FSharp.Control.TaskSeq,repo-assist.md,repo-assist.md,False,0.9602,0.8409,0.9091,True
215,333,py-why/dowhy,ionide/ionide-vscode-fsharp,repo-assist.md,repo-assist.md,False,0.9602,0.8409,0.9091,True
523,385,shanselman/winget-tui,popey/slomore,repo-assist.md,repo-assist.md,False,0.9602,0.8409,0.75,True
523,539,shanselman/winget-tui,popey/sbom-vm,repo-assist.md,repo-assist.md,False,0.9602,0.8409,0.75,True
336,339,fsprojects/FsHttp,fsprojects/FSharp.TypeProviders.SDK,repo-assist.md,repo-assist.md,True,0.9602,0.8409,0.75,True
336,340,fsprojects/FsHttp,fsprojects/SwaggerProvider,repo-assist.md,repo-assist.md,True,0.9602,0.8409,0.75,True
215,335,py-why/dowhy,fsprojects/FSharp.Formatting,repo-assist.md,repo-assist.md,False,0.9602,0.8409,0.9091,True
336,335,fsprojects/FsHttp,fsprojects/FSharp.Formatting,repo-assist.md,repo-assist.md,True,0.9602,0.8409,0.75,True
215,337,py-why/dowhy,ionide/FsAutoComplete,repo-assist.md,repo-assist.md,False,0.9602,0.8409,0.8333,True
336,346,fsprojects/FsHttp,fsprojects/FSharp.Control.TaskSeq,repo-assist.md,repo-assist.md,True,0.9602,0.8409,0.75,True
215,346,py-why/dowhy,fsprojects/FSharp.Control.TaskSeq,repo-assist.md,repo-assist.md,False,0.9602,0.8409,0.9091,True
215,342,py-why/dowhy,fsprojects/FSharp.Data.SqlClient,repo-assist.md,repo-assist.md,False,0.9602,0.8409,0.9091,True
215,343,py-why/dowhy,fslaborg/FSharp.Stats,repo-assist.md,repo-assist.md,False,0.9602,0.8409,0.9091,True
215,341,py-why/dowhy,fsprojects/FSharpx.Collections,repo-assist.md,repo-assist.md,False,0.9602,0.8409,0.9091,True
484,339,shanselman/WindowsEdgeLight,fsprojects/FSharp.TypeProviders.SDK,repo-assist.md,repo-assist.md,False,0.9602,0.8409,0.8182,True
336,539,fsprojects/FsHttp,popey/sbom-vm,repo-assist.md,repo-assist.md,False,0.9602,0.8409,0.8333,True
336,397,fsprojects/FsHttp,popey/grummage,repo-assist.md,repo-assist.md,False,0.9602,0.8409,0.8333,True
484,333,shanselman/WindowsEdgeLight,ionide/ionide-vscode-fsharp,repo-assist.md,repo-assist.md,False,0.9602,0.8409,0.8182,True
484,335,shanselman/WindowsEdgeLight,fsprojects/FSharp.Formatting,repo-assist.md,repo-assist.md,False,0.9602,0.8409,0.8182,True
484,344,shanselman/WindowsEdgeLight,fsprojects/FSharp.Control.AsyncSeq,repo-assist.md,repo-assist.md,False,0.9602,0.8409,0.8182,True
336,385,fsprojects/FsHttp,popey/slomore,repo-assist.md,repo-assist.md,False,0.9602,0.8409,0.8333,True
336,233,fsprojects/FsHttp,baizhiheizi/quill,repo-assist.md,repo-assist.md,False,0.9602,0.8409,0.6,True
484,337,shanselman/WindowsEdgeLight,ionide/FsAutoComplete,repo-assist.md,repo-assist.md,False,0.9602,0.8409,0.75,True
484,346,shanselman/WindowsEdgeLight,fsprojects/FSharp.Control.TaskSeq,repo-assist.md,repo-assist.md,False,0.9602,0.8409,0.8182,True
484,342,shanselman/WindowsEdgeLight,fsprojects/FSharp.Data.SqlClient,repo-assist.md,repo-assist.md,False,0.9602,0.8409,0.8182,True
484,343,shanselman/WindowsEdgeLight,fslaborg/FSharp.Stats,repo-assist.md,repo-assist.md,False,0.9602,0.8409,0.8182,True
336,343,fsprojects/FsHttp,fslaborg/FSharp.Stats,repo-assist.md,repo-assist.md,False,0.9602,0.8409,0.75,True
336,342,fsprojects/FsHttp,fsprojects/FSharp.Data.SqlClient,repo-assist.md,repo-assist.md,True,0.9602,0.8409,0.75,True
336,332,fsprojects/FsHttp,fslaborg/Deedle,repo-assist.md,repo-assist.md,False,0.9602,0.8409,0.75,True
336,344,fsprojects/FsHttp,fsprojects/FSharp.Control.AsyncSeq,repo-assist.md,repo-assist.md,True,0.9602,0.8409,0.75,True
523,233,shanselman/winget-tui,baizhiheizi/quill,repo-assist.md,repo-assist.md,False,0.9602,0.8409,0.6429,True
215,344,py-why/dowhy,fsprojects/FSharp.Control.AsyncSeq,repo-assist.md,repo-assist.md,False,0.9602,0.8409,0.9091,True
15,233,uxsoft/AppleWirelessKeyboard,baizhiheizi/quill,repo-assist.md,repo-assist.md,False,0.9602,0.8409,0.7143,True
520,2,influxdata/docs-v2,apache/cloudstack,weekly-repo-status.md,daily-repo-status.md,False,0.9539,0.75,1.0,False
520,359,influxdata/docs-v2,timrogers/iata-code-decoder-api,weekly-repo-status.md,daily-repo-status.md,False,0.9539,0.75,0.875,False
359,322,timrogers/iata-code-decoder-api,lrascao/rebar3_gpb_plugin,daily-repo-status.md,daily-repo-status.md,False,0.9539,0.75,1.0,False
322,2,lrascao/rebar3_gpb_plugin,apache/cloudstack,daily-repo-status.md,daily-repo-status.md,False,0.9539,0.75,0.875,False
38,432,microsoft/vstest,githubnext/agentics,http-link-checker.md,link-checker.md,False,0.9495,0.8947,1.0,False
119,451,lablup/backend.ai-webui,kubestellar/docs,weekly-team-status.md,daily-team-status.md,False,0.9455,0.75,0.7778,False
119,452,lablup/backend.ai-webui,kubestellar/docs,weekly-team-status.md,devstats.md,False,0.9455,0.75,0.7778,False
200,520,r12f/rnp,influxdata/docs-v2,daily-repo-status.md,weekly-repo-status.md,False,0.9434,0.75,0.875,True
280,322,Azure/LogicAppsUX,lrascao/rebar3_gpb_plugin,daily-repo-status.md,daily-repo-status.md,False,0.9434,0.75,0.875,True
520,487,influxdata/docs-v2,hemanth/mcp-web-client,weekly-repo-status.md,daily-repo-status.md,False,0.9434,0.75,0.875,True
520,280,influxdata/docs-v2,Azure/LogicAppsUX,weekly-repo-status.md,daily-repo-status.md,False,0.9434,0.75,1.0,True
487,322,hemanth/mcp-web-client,lrascao/rebar3_gpb_plugin,daily-repo-status.md,daily-repo-status.md,False,0.9434,0.75,1.0,True
200,322,r12f/rnp,lrascao/rebar3_gpb_plugin,daily-repo-status.md,daily-repo-status.md,False,0.9434,0.75,1.0,True
520,23,influxdata/docs-v2,dotnet/maui,weekly-repo-status.md,daily-repo-status.md,False,0.9434,0.75,0.7778,True
520,585,influxdata/docs-v2,Azure/git-ape,weekly-repo-status.md,daily-repo-status.md,False,0.9434,0.75,0.875,True
555,322,AndreaGriffiths11/IssueCrush,lrascao/rebar3_gpb_plugin,daily-repo-status.md,daily-repo-status.md,False,0.9434,0.75,1.0,True
486,322,mcpc-tech/dev-inspector-mcp,lrascao/rebar3_gpb_plugin,daily-repo-status.md,daily-repo-status.md,False,0.9434,0.75,1.0,True
555,520,AndreaGriffiths11/IssueCrush,influxdata/docs-v2,daily-repo-status.md,weekly-repo-status.md,False,0.9434,0.75,0.875,True
322,23,lrascao/rebar3_gpb_plugin,dotnet/maui,daily-repo-status.md,daily-repo-status.md,False,0.9434,0.75,0.875,True
322,310,lrascao/rebar3_gpb_plugin,KunalSin9h/meltcd,daily-repo-status.md,daily-repo-status.md,False,0.9434,0.75,0.875,True
322,585,lrascao/rebar3_gpb_plugin,Azure/git-ape,daily-repo-status.md,daily-repo-status.md,False,0.9434,0.75,1.0,True
107,322,microsoft/Web-Dev-For-Beginners,lrascao/rebar3_gpb_plugin,daily-repo-status.md,daily-repo-status.md,False,0.9434,0.75,1.0,True
9,322,executeautomation/ExecuteAutomationWebApp,lrascao/rebar3_gpb_plugin,daily-repo-status.md,daily-repo-status.md,False,0.9434,0.75,0.875,True
7,322,duckduckgo/Android,lrascao/rebar3_gpb_plugin,daily-repo-status.md,daily-repo-status.md,False,0.9434,0.75,0.875,True
520,486,influxdata/docs-v2,mcpc-tech/dev-inspector-mcp,weekly-repo-status.md,daily-repo-status.md,False,0.9434,0.75,0.875,True
520,310,influxdata/docs-v2,KunalSin9h/meltcd,weekly-repo-status.md,daily-repo-status.md,False,0.9434,0.75,1.0,True
520,9,influxdata/docs-v2,executeautomation/ExecuteAutomationWebApp,weekly-repo-status.md,daily-repo-status.md,False,0.9434,0.75,1.0,True
520,7,influxdata/docs-v2,duckduckgo/Android,weekly-repo-status.md,daily-repo-status.md,False,0.9434,0.75,1.0,True
520,107,influxdata/docs-v2,microsoft/Web-Dev-For-Beginners,weekly-repo-status.md,daily-repo-status.md,False,0.9434,0.75,0.875,True
217,264,microsoft/vscode-isort,microsoft/vscode-mypy,extension-template-sync.md,extension-template-sync.md,True,0.9355,0.6522,1.0,False
435,524,MiguelElGallo/mpzsql,chimon2000/good_first_issue,code-simplifier.md,code-simplifier.md,False,0.9341,0.8654,1.0,True
381,524,alexandru/social-publish,chimon2000/good_first_issue,code-simplifier.md,code-simplifier.md,False,0.9341,0.8654,0.9167,True
275,524,sytone/obsidian-queryallthethings,chimon2000/good_first_issue,code-simplifier.md,code-simplifier.md,False,0.9341,0.8654,1.0,True
513,318,chrisreddington/flight-school,rancher/dashboard,issue-triage.md,issue-triage.md,False,0.93,0.8333,0.7778,False
427,318,kaito-project/aikit,rancher/dashboard,issue-triage.md,issue-triage.md,False,0.93,0.8333,0.5,False
66,318,taosdata/TDengine,rancher/dashboard,issue-triage.md,issue-triage.md,False,0.93,0.9167,0.7,False
543,318,zircote/rlm-rs,rancher/dashboard,issue-triage.md,issue-triage.md,False,0.93,0.9167,0.7778,False
15,160,uxsoft/AppleWirelessKeyboard,sergey-tihon/Clippit,repo-assist.md,clippy.md,False,0.9286,0.4545,0.9091,True
336,160,fsprojects/FsHttp,sergey-tihon/Clippit,repo-assist.md,clippy.md,False,0.9286,0.4545,0.75,True
215,160,py-why/dowhy,sergey-tihon/Clippit,repo-assist.md,clippy.md,False,0.9286,0.4545,0.9091,True
523,160,shanselman/winget-tui,sergey-tihon/Clippit,repo-assist.md,clippy.md,False,0.9286,0.4545,0.8182,True
484,160,shanselman/WindowsEdgeLight,sergey-tihon/Clippit,repo-assist.md,clippy.md,False,0.9286,0.4545,0.8182,True
485,160,chrisreddington/trend-radar,sergey-tihon/Clippit,repo-assist.md,clippy.md,False,0.9286,0.4545,0.8333,True
322,315,lrascao/rebar3_gpb_plugin,rancher/dashboard,daily-repo-status.md,daily-repo-status.md,False,0.9267,0.5,0.75,False
520,315,influxdata/docs-v2,rancher/dashboard,weekly-repo-status.md,daily-repo-status.md,False,0.9267,0.5,0.6667,False
84,525,storybookjs/storybook,chimon2000/good_first_issue,duplicate-code-detector.md,duplicate-code-detector.md,False,0.9249,0.4828,0.8182,True
205,213,microsoft/vscode-pylint,microsoft/vscode-black-formatter,extension-template-sync.md,extension-template-sync.md,True,0.9214,0.6522,1.0,False
213,217,microsoft/vscode-black-formatter,microsoft/vscode-isort,extension-template-sync.md,extension-template-sync.md,True,0.9195,0.6522,1.0,False
435,83,MiguelElGallo/mpzsql,storybookjs/storybook,code-simplifier.md,code-simplifier.md,False,0.918,0.5957,1.0,True
275,83,sytone/obsidian-queryallthethings,storybookjs/storybook,code-simplifier.md,code-simplifier.md,False,0.918,0.5957,1.0,True
381,83,alexandru/social-publish,storybookjs/storybook,code-simplifier.md,code-simplifier.md,False,0.918,0.5957,0.9167,True
317,179,rancher/dashboard,elastic/terraform-provider-elasticstack,duplicate-code-detector.md,duplicate-code-detector.md,False,0.9176,0.8462,0.5385,False
103,179,ptarmiganlabs/butler-sos,elastic/terraform-provider-elasticstack,duplicate-code-detector.md,duplicate-code-detector.md,False,0.9176,0.8462,0.5,False
83,524,storybookjs/storybook,chimon2000/good_first_issue,code-simplifier.md,code-simplifier.md,False,0.9153,0.5319,1.0,True
205,217,microsoft/vscode-pylint,microsoft/vscode-isort,extension-template-sync.md,extension-template-sync.md,True,0.9148,0.6522,1.0,False
213,264,microsoft/vscode-black-formatter,microsoft/vscode-mypy,extension-template-sync.md,extension-template-sync.md,True,0.914,0.6522,1.0,False
205,264,microsoft/vscode-pylint,microsoft/vscode-mypy,extension-template-sync.md,extension-template-sync.md,True,0.9093,0.6522,1.0,False
265,218,microsoft/vscode-mypy,microsoft/vscode-isort,issue-triage.md,issue-triage.md,True,0.8832,0.5556,1.0,False
214,206,microsoft/vscode-black-formatter,microsoft/vscode-pylint,issue-triage.md,issue-triage.md,True,0.8825,0.5556,1.0,False
214,218,microsoft/vscode-black-formatter,microsoft/vscode-isort,issue-triage.md,issue-triage.md,True,0.8821,0.5556,1.0,False
265,206,microsoft/vscode-mypy,microsoft/vscode-pylint,issue-triage.md,issue-triage.md,True,0.8803,0.5556,1.0,False
265,214,microsoft/vscode-mypy,microsoft/vscode-black-formatter,issue-triage.md,issue-triage.md,True,0.8785,0.5556,1.0,False
218,206,microsoft/vscode-isort,microsoft/vscode-pylint,issue-triage.md,issue-triage.md,True,0.8745,0.5556,1.0,False
316,252,rancher/dashboard,talk2MeGooseman/stream_closed_captioner_phoenix,daily-test-improver.md,daily-test-improver.md,False,0.8698,0.9333,,False
236,316,baizhiheizi/quill,rancher/dashboard,test-improver.md,daily-test-improver.md,False,0.8688,0.8667,,False
199,540,anweiss/cddl,zircote/rlm-rs,ci-doctor.md,ci-doctor.md,False,0.844,0.5417,0.8182,False
157,54,Azure/azure-sdk-for-go,Azure/azure-sdk-for-net,issue-triage.md,issue-triage.md,True,0.8419,0.76,0.875,False
7,358,duckduckgo/Android,erigontech/erigon,daily-repo-status.md,daily-repo-status.md,False,0.8336,0.5,0.75,True
107,358,microsoft/Web-Dev-For-Beginners,erigontech/erigon,daily-repo-status.md,daily-repo-status.md,False,0.8336,0.5,0.8571,True
555,358,AndreaGriffiths11/IssueCrush,erigontech/erigon,daily-repo-status.md,daily-repo-status.md,False,0.8336,0.5,0.8571,True
9,358,executeautomation/ExecuteAutomationWebApp,erigontech/erigon,daily-repo-status.md,daily-repo-status.md,False,0.8336,0.5,0.75,True
358,585,erigontech/erigon,Azure/git-ape,daily-repo-status.md,daily-repo-status.md,False,0.8336,0.5,0.8571,True
358,310,erigontech/erigon,KunalSin9h/meltcd,daily-repo-status.md,daily-repo-status.md,False,0.8336,0.5,0.75,True
358,23,erigontech/erigon,dotnet/maui,daily-repo-status.md,daily-repo-status.md,False,0.8336,0.5,0.75,True
487,358,hemanth/mcp-web-client,erigontech/erigon,daily-repo-status.md,daily-repo-status.md,False,0.8336,0.5,0.8571,True
200,358,r12f/rnp,erigontech/erigon,daily-repo-status.md,daily-repo-status.md,False,0.8336,0.5,0.8571,True
280,358,Azure/LogicAppsUX,erigontech/erigon,daily-repo-status.md,daily-repo-status.md,False,0.8336,0.5,0.75,True
486,358,mcpc-tech/dev-inspector-mcp,erigontech/erigon,daily-repo-status.md,daily-repo-status.md,False,0.8336,0.5,0.8571,True
359,358,timrogers/iata-code-decoder-api,erigontech/erigon,daily-repo-status.md,daily-repo-status.md,False,0.826,0.5,0.8571,False
358,2,erigontech/erigon,apache/cloudstack,daily-repo-status.md,daily-repo-status.md,False,0.826,0.5,0.75,False
358,315,erigontech/erigon,rancher/dashboard,daily-repo-status.md,daily-repo-status.md,False,0.8238,0.5,0.625,False
65,93,Azure/azure-sdk-for-python,Azure/azure-sdk-for-js,doc-consistency-check.md,docs-consistency-check.md,True,0.8142,0.0,1.0,False
84,317,storybookjs/storybook,rancher/dashboard,duplicate-code-detector.md,duplicate-code-detector.md,False,0.8138,0.4231,0.6667,False
84,103,storybookjs/storybook,ptarmiganlabs/butler-sos,duplicate-code-detector.md,duplicate-code-detector.md,False,0.8138,0.4231,0.6364,False
359,437,timrogers/iata-code-decoder-api,fideus-labs/ngff-zarr,daily-repo-status.md,daily-repo-status.md,False,0.8097,0.75,0.875,True
2,437,apache/cloudstack,fideus-labs/ngff-zarr,daily-repo-status.md,daily-repo-status.md,False,0.8097,0.75,1.0,True
407,66,czlonkowski/n8n-mcp,taosdata/TDengine,issue-triage.md,issue-triage.md,False,0.8068,0.2727,0.8,True
543,407,zircote/rlm-rs,czlonkowski/n8n-mcp,issue-triage.md,issue-triage.md,False,0.8068,0.2727,0.8889,True
513,407,chrisreddington/flight-school,czlonkowski/n8n-mcp,issue-triage.md,issue-triage.md,False,0.8068,0.2727,0.8889,True
407,427,czlonkowski/n8n-mcp,kaito-project/aikit,issue-triage.md,issue-triage.md,False,0.8068,0.2727,0.6,True
525,317,chimon2000/good_first_issue,rancher/dashboard,duplicate-code-detector.md,duplicate-code-detector.md,False,0.8067,0.5385,0.6364,False
525,103,chimon2000/good_first_issue,ptarmiganlabs/butler-sos,duplicate-code-detector.md,duplicate-code-detector.md,False,0.8067,0.5385,0.7778,False
310,437,KunalSin9h/meltcd,fideus-labs/ngff-zarr,daily-repo-status.md,daily-repo-status.md,False,0.8033,0.75,1.0,False
555,437,AndreaGriffiths11/IssueCrush,fideus-labs/ngff-zarr,daily-repo-status.md,daily-repo-status.md,False,0.8033,0.75,0.875,False
487,437,hemanth/mcp-web-client,fideus-labs/ngff-zarr,daily-repo-status.md,daily-repo-status.md,False,0.8033,0.75,0.875,False
200,437,r12f/rnp,fideus-labs/ngff-zarr,daily-repo-status.md,daily-repo-status.md,False,0.8033,0.75,0.875,False
7,437,duckduckgo/Android,fideus-labs/ngff-zarr,daily-repo-status.md,daily-repo-status.md,False,0.8033,0.75,1.0,False
107,437,microsoft/Web-Dev-For-Beginners,fideus-labs/ngff-zarr,daily-repo-status.md,daily-repo-status.md,False,0.8033,0.75,0.875,False
585,437,Azure/git-ape,fideus-labs/ngff-zarr,daily-repo-status.md,daily-repo-status.md,False,0.8033,0.75,0.875,False
9,437,executeautomation/ExecuteAutomationWebApp,fideus-labs/ngff-zarr,daily-repo-status.md,daily-repo-status.md,False,0.8033,0.75,1.0,False
23,437,dotnet/maui,fideus-labs/ngff-zarr,daily-repo-status.md,daily-repo-status.md,False,0.8033,0.75,0.7778,False
486,437,mcpc-tech/dev-inspector-mcp,fideus-labs/ngff-zarr,daily-repo-status.md,daily-repo-status.md,False,0.8033,0.75,0.875,False
280,437,Azure/LogicAppsUX,fideus-labs/ngff-zarr,daily-repo-status.md,daily-repo-status.md,False,0.8033,0.75,1.0,False
474,125,informedica/GenPRES,licensee/licensee,repo-assist.md,repo-assist.md,False,0.8032,0.8158,1.0,True
95,54,Azure/azure-sdk-for-js,Azure/azure-sdk-for-net,issue-triage.md,issue-triage.md,True,0.8028,0.6552,0.875,False
315,437,rancher/dashboard,fideus-labs/ngff-zarr,daily-repo-status.md,daily-repo-status.md,False,0.7889,0.75,0.6667,False
556,475,AndreaGriffiths11/IssueCrush,pikax/verter,update-docs.md,update-docs.md,False,0.7875,0.4118,1.0,True
427,421,kaito-project/aikit,microsoft/wassette,issue-triage.md,issue-triage.md,False,0.7869,0.6667,0.75,False
513,421,chrisreddington/flight-school,microsoft/wassette,issue-triage.md,issue-triage.md,False,0.7869,0.6667,0.5,False
543,421,zircote/rlm-rs,microsoft/wassette,issue-triage.md,issue-triage.md,False,0.7869,0.6667,0.5,False
421,66,microsoft/wassette,taosdata/TDengine,issue-triage.md,issue-triage.md,False,0.7869,0.6667,0.4545,False
520,358,influxdata/docs-v2,erigontech/erigon,weekly-repo-status.md,daily-repo-status.md,False,0.7837,0.25,0.75,True
358,322,erigontech/erigon,lrascao/rebar3_gpb_plugin,daily-repo-status.md,daily-repo-status.md,False,0.7837,0.25,0.8571,True
463,436,YousefHadder/markdown-plus.nvim,fideus-labs/ngff-zarr,daily-doc-updater.md,daily-doc-updater.md,False,0.7826,0.5106,0.9286,True
232,319,baizhiheizi/quill,rancher/dashboard,pr-fix.md,pr-fix.md,False,0.776,0.8182,0.5385,False
489,587,meteostat/meteostat,Azure/git-ape,issue-triage-agent.md,issue-triage-agent.md,False,0.7754,0.8889,1.0,True
520,437,influxdata/docs-v2,fideus-labs/ngff-zarr,weekly-repo-status.md,daily-repo-status.md,False,0.7725,0.5,1.0,False
322,437,lrascao/rebar3_gpb_plugin,fideus-labs/ngff-zarr,daily-repo-status.md,daily-repo-status.md,False,0.7725,0.5,0.875,False
199,545,anweiss/cddl,microsoft/agentrc,ci-doctor.md,ci-doctor.md,False,0.7717,0.3636,0.6429,False
523,474,shanselman/winget-tui,informedica/GenPRES,repo-assist.md,repo-assist.md,False,0.7704,0.3947,0.8,True
474,215,informedica/GenPRES,py-why/dowhy,repo-assist.md,repo-assist.md,False,0.7704,0.3947,0.7273,True
474,485,informedica/GenPRES,chrisreddington/trend-radar,repo-assist.md,repo-assist.md,False,0.7704,0.3947,0.8182,True
15,474,uxsoft/AppleWirelessKeyboard,informedica/GenPRES,repo-assist.md,repo-assist.md,False,0.7704,0.3947,0.7273,True
336,474,fsprojects/FsHttp,informedica/GenPRES,repo-assist.md,repo-assist.md,False,0.7704,0.3947,0.9,True
484,474,shanselman/WindowsEdgeLight,informedica/GenPRES,repo-assist.md,repo-assist.md,False,0.7704,0.3947,0.8,True
157,95,Azure/azure-sdk-for-go,Azure/azure-sdk-for-js,issue-triage.md,issue-triage.md,True,0.7695,0.6133,0.7778,False
357,354,dotnet/android-tools,dotnet/java-interop,android-tools-reviewer.md,java-interop-reviewer.md,True,0.7614,0.0,1.0,False
474,335,informedica/GenPRES,fsprojects/FSharp.Formatting,repo-assist.md,repo-assist.md,False,0.7492,0.3421,0.6667,True
474,337,informedica/GenPRES,ionide/FsAutoComplete,repo-assist.md,repo-assist.md,False,0.7492,0.3421,0.6154,True
474,332,informedica/GenPRES,fslaborg/Deedle,repo-assist.md,repo-assist.md,False,0.7492,0.3421,0.6667,True
474,344,informedica/GenPRES,fsprojects/FSharp.Control.AsyncSeq,repo-assist.md,repo-assist.md,False,0.7492,0.3421,0.6667,True
474,339,informedica/GenPRES,fsprojects/FSharp.TypeProviders.SDK,repo-assist.md,repo-assist.md,False,0.7492,0.3421,0.6667,True
474,233,informedica/GenPRES,baizhiheizi/quill,repo-assist.md,repo-assist.md,False,0.7492,0.3421,0.5333,True
474,385,informedica/GenPRES,popey/slomore,repo-assist.md,repo-assist.md,False,0.7492,0.3421,0.75,True
474,397,informedica/GenPRES,popey/grummage,repo-assist.md,repo-assist.md,False,0.7492,0.3421,0.75,True
474,346,informedica/GenPRES,fsprojects/FSharp.Control.TaskSeq,repo-assist.md,repo-assist.md,False,0.7492,0.3421,0.6667,True
474,340,informedica/GenPRES,fsprojects/SwaggerProvider,repo-assist.md,repo-assist.md,False,0.7492,0.3421,0.6667,True
474,333,informedica/GenPRES,ionide/ionide-vscode-fsharp,repo-assist.md,repo-assist.md,False,0.7492,0.3421,0.6667,True
474,342,informedica/GenPRES,fsprojects/FSharp.Data.SqlClient,repo-assist.md,repo-assist.md,False,0.7492,0.3421,0.6667,True
474,539,informedica/GenPRES,popey/sbom-vm,repo-assist.md,repo-assist.md,False,0.7492,0.3421,0.75,True
474,343,informedica/GenPRES,fslaborg/FSharp.Stats,repo-assist.md,repo-assist.md,False,0.7492,0.3421,0.6667,True
474,341,informedica/GenPRES,fsprojects/FSharpx.Collections,repo-assist.md,repo-assist.md,False,0.7492,0.3421,0.6667,True
407,318,czlonkowski/n8n-mcp,rancher/dashboard,issue-triage.md,issue-triage.md,False,0.748,0.1818,0.7,False
84,179,storybookjs/storybook,elastic/terraform-provider-elasticstack,duplicate-code-detector.md,duplicate-code-detector.md,False,0.7463,0.3103,0.5714,False
339,334,fsprojects/FSharp.TypeProviders.SDK,fsprojects/fantomas,repo-assist.md,repo-assist.md,True,0.7456,0.7174,1.0,True
334,344,fsprojects/fantomas,fsprojects/FSharp.Control.AsyncSeq,repo-assist.md,repo-assist.md,True,0.7456,0.7174,1.0,True
343,334,fslaborg/FSharp.Stats,fsprojects/fantomas,repo-assist.md,repo-assist.md,False,0.7456,0.7174,1.0,True
346,334,fsprojects/FSharp.Control.TaskSeq,fsprojects/fantomas,repo-assist.md,repo-assist.md,True,0.7456,0.7174,1.0,True
332,334,fslaborg/Deedle,fsprojects/fantomas,repo-assist.md,repo-assist.md,False,0.7456,0.7174,1.0,True
334,337,fsprojects/fantomas,ionide/FsAutoComplete,repo-assist.md,repo-assist.md,False,0.7456,0.7174,0.9167,True
341,334,fsprojects/FSharpx.Collections,fsprojects/fantomas,repo-assist.md,repo-assist.md,True,0.7456,0.7174,1.0,True
333,334,ionide/ionide-vscode-fsharp,fsprojects/fantomas,repo-assist.md,repo-assist.md,False,0.7456,0.7174,1.0,True
334,335,fsprojects/fantomas,fsprojects/FSharp.Formatting,repo-assist.md,repo-assist.md,True,0.7456,0.7174,1.0,True
539,334,popey/sbom-vm,fsprojects/fantomas,repo-assist.md,repo-assist.md,False,0.7456,0.7174,0.9167,True
397,334,popey/grummage,fsprojects/fantomas,repo-assist.md,repo-assist.md,False,0.7456,0.7174,0.9167,True
342,334,fsprojects/FSharp.Data.SqlClient,fsprojects/fantomas,repo-assist.md,repo-assist.md,True,0.7456,0.7174,1.0,True
340,334,fsprojects/SwaggerProvider,fsprojects/fantomas,repo-assist.md,repo-assist.md,True,0.7456,0.7174,1.0,True
233,334,baizhiheizi/quill,fsprojects/fantomas,repo-assist.md,repo-assist.md,False,0.7456,0.7174,0.7857,True
385,334,popey/slomore,fsprojects/fantomas,repo-assist.md,repo-assist.md,False,0.7456,0.7174,0.9167,True
525,179,chimon2000/good_first_issue,elastic/terraform-provider-elasticstack,duplicate-code-detector.md,duplicate-code-detector.md,False,0.7399,0.4138,0.5385,False
224,313,baizhiheizi/quill,rancher/dashboard,accessibility-review.md,daily-accessibility-review.md,False,0.7368,0.6667,0.6154,False
485,331,chrisreddington/trend-radar,fable-compiler/Fable,repo-assist.md,repo-assist.md,False,0.7335,0.5,1.0,True
523,331,shanselman/winget-tui,fable-compiler/Fable,repo-assist.md,repo-assist.md,False,0.7335,0.5,0.8182,True
484,331,shanselman/WindowsEdgeLight,fable-compiler/Fable,repo-assist.md,repo-assist.md,False,0.7335,0.5,0.8182,True
15,331,uxsoft/AppleWirelessKeyboard,fable-compiler/Fable,repo-assist.md,repo-assist.md,False,0.7335,0.5,0.9091,True
215,331,py-why/dowhy,fable-compiler/Fable,repo-assist.md,repo-assist.md,False,0.7335,0.5,0.9091,True
336,331,fsprojects/FsHttp,fable-compiler/Fable,repo-assist.md,repo-assist.md,False,0.7335,0.5,0.9091,True
199,305,anweiss/cddl,openvinotoolkit/openvino.genai,ci-doctor.md,ci-doctor.md,False,0.7335,0.2083,0.7692,False
596,302,fqfqgo/clash-verge-rev,clash-verge-rev/clash-verge-rev,pr-ai-slop-review.md,pr-ai-slop-review.md,False,0.7318,0.7826,0.8333,False
484,345,shanselman/WindowsEdgeLight,fable-compiler/Fable.Python,repo-assist.md,repo-assist.md,False,0.7293,0.4545,0.8,False
15,345,uxsoft/AppleWirelessKeyboard,fable-compiler/Fable.Python,repo-assist.md,repo-assist.md,False,0.7293,0.4545,0.7273,False
523,345,shanselman/winget-tui,fable-compiler/Fable.Python,repo-assist.md,repo-assist.md,False,0.7293,0.4545,0.8,False
336,345,fsprojects/FsHttp,fable-compiler/Fable.Python,repo-assist.md,repo-assist.md,False,0.7293,0.4545,0.9,False
345,215,fable-compiler/Fable.Python,py-why/dowhy,repo-assist.md,repo-assist.md,False,0.7293,0.4545,0.7273,False
345,485,fable-compiler/Fable.Python,chrisreddington/trend-radar,repo-assist.md,repo-assist.md,False,0.7293,0.4545,0.8182,False
160,334,sergey-tihon/Clippit,fsprojects/fantomas,clippy.md,repo-assist.md,False,0.722,0.5,1.0,True
474,160,informedica/GenPRES,sergey-tihon/Clippit,repo-assist.md,clippy.md,False,0.7215,0.1316,0.6667,True
83,226,storybookjs/storybook,baizhiheizi/quill,code-simplifier.md,code-simplifier.md,False,0.7212,0.35,0.6667,False
34,83,microsoft/vstest,storybookjs/storybook,code-simplifier.md,code-simplifier.md,False,0.7207,0.35,0.6429,False
199,69,anweiss/cddl,openvinotoolkit/openvino,ci-doctor.md,ci-doctor.md,False,0.7172,0.2083,0.8333,False
421,318,microsoft/wassette,rancher/dashboard,issue-triage.md,issue-triage.md,False,0.7171,0.5556,0.5,False
215,334,py-why/dowhy,fsprojects/fantomas,repo-assist.md,repo-assist.md,False,0.7149,0.5682,0.9091,True
523,334,shanselman/winget-tui,fsprojects/fantomas,repo-assist.md,repo-assist.md,False,0.7149,0.5682,0.8182,True
484,334,shanselman/WindowsEdgeLight,fsprojects/fantomas,repo-assist.md,repo-assist.md,False,0.7149,0.5682,0.8182,True
336,334,fsprojects/FsHttp,fsprojects/fantomas,repo-assist.md,repo-assist.md,True,0.7149,0.5682,0.75,True
485,334,chrisreddington/trend-radar,fsprojects/fantomas,repo-assist.md,repo-assist.md,False,0.7149,0.5682,0.8333,True
15,334,uxsoft/AppleWirelessKeyboard,fsprojects/fantomas,repo-assist.md,repo-assist.md,False,0.7149,0.5682,0.9091,True
357,355,dotnet/android-tools,dotnet/android,android-tools-reviewer.md,android-reviewer.md,True,0.7087,0.0,1.0,False
226,524,baizhiheizi/quill,chimon2000/good_first_issue,code-simplifier.md,code-simplifier.md,False,0.7083,0.55,0.6667,False
523,58,shanselman/winget-tui,ReactiveX/RxPY,repo-assist.md,repo-assist.md,False,0.7075,0.4545,0.8,False
58,215,ReactiveX/RxPY,py-why/dowhy,repo-assist.md,repo-assist.md,False,0.7075,0.4545,0.7273,False
484,58,shanselman/WindowsEdgeLight,ReactiveX/RxPY,repo-assist.md,repo-assist.md,False,0.7075,0.4545,0.8,False
485,58,chrisreddington/trend-radar,ReactiveX/RxPY,repo-assist.md,repo-assist.md,False,0.7075,0.4545,0.8182,False
336,58,fsprojects/FsHttp,ReactiveX/RxPY,repo-assist.md,repo-assist.md,False,0.7075,0.4545,0.9,False
15,58,uxsoft/AppleWirelessKeyboard,ReactiveX/RxPY,repo-assist.md,repo-assist.md,False,0.7075,0.4545,0.7273,False
401,354,dotnet/macios,dotnet/java-interop,macios-reviewer.md,java-interop-reviewer.md,True,0.7067,0.0,0.7,False
233,331,baizhiheizi/quill,fable-compiler/Fable,repo-assist.md,repo-assist.md,False,0.7063,0.413,0.6667,True
331,343,fable-compiler/Fable,fslaborg/FSharp.Stats,repo-assist.md,repo-assist.md,False,0.7063,0.413,0.8333,True
331,340,fable-compiler/Fable,fsprojects/SwaggerProvider,repo-assist.md,repo-assist.md,False,0.7063,0.413,0.8333,True
539,331,popey/sbom-vm,fable-compiler/Fable,repo-assist.md,repo-assist.md,False,0.7063,0.413,0.9167,True
397,331,popey/grummage,fable-compiler/Fable,repo-assist.md,repo-assist.md,False,0.7063,0.413,0.9167,True
331,337,fable-compiler/Fable,ionide/FsAutoComplete,repo-assist.md,repo-assist.md,False,0.7063,0.413,0.7692,True
331,346,fable-compiler/Fable,fsprojects/FSharp.Control.TaskSeq,repo-assist.md,repo-assist.md,False,0.7063,0.413,0.8333,True
385,331,popey/slomore,fable-compiler/Fable,repo-assist.md,repo-assist.md,False,0.7063,0.413,0.9167,True
331,344,fable-compiler/Fable,fsprojects/FSharp.Control.AsyncSeq,repo-assist.md,repo-assist.md,False,0.7063,0.413,0.8333,True
331,342,fable-compiler/Fable,fsprojects/FSharp.Data.SqlClient,repo-assist.md,repo-assist.md,False,0.7063,0.413,0.8333,True
331,335,fable-compiler/Fable,fsprojects/FSharp.Formatting,repo-assist.md,repo-assist.md,False,0.7063,0.413,0.8333,True
331,341,fable-compiler/Fable,fsprojects/FSharpx.Collections,repo-assist.md,repo-assist.md,False,0.7063,0.413,0.8333,True
331,333,fable-compiler/Fable,ionide/ionide-vscode-fsharp,repo-assist.md,repo-assist.md,False,0.7063,0.413,0.8333,True
331,332,fable-compiler/Fable,fslaborg/Deedle,repo-assist.md,repo-assist.md,False,0.7063,0.413,0.8333,True
331,339,fable-compiler/Fable,fsprojects/FSharp.TypeProviders.SDK,repo-assist.md,repo-assist.md,False,0.7063,0.413,0.8333,True
34,524,microsoft/vstest,chimon2000/good_first_issue,code-simplifier.md,code-simplifier.md,False,0.7062,0.525,0.6429,False
354,355,dotnet/java-interop,dotnet/android,java-interop-reviewer.md,android-reviewer.md,True,0.7041,0.0,1.0,False
226,477,baizhiheizi/quill,Kong/kongctl,code-simplifier.md,code-simplifier.md,False,0.7029,0.4,0.6667,True
34,477,microsoft/vstest,Kong/kongctl,code-simplifier.md,code-simplifier.md,False,0.7017,0.4,0.6429,False
485,125,chrisreddington/trend-radar,licensee/licensee,repo-assist.md,repo-assist.md,False,0.7016,0.4186,0.8182,True
484,125,shanselman/WindowsEdgeLight,licensee/licensee,repo-assist.md,repo-assist.md,False,0.7016,0.4186,0.8,True
336,125,fsprojects/FsHttp,licensee/licensee,repo-assist.md,repo-assist.md,False,0.7016,0.4186,0.9,True
523,125,shanselman/winget-tui,licensee/licensee,repo-assist.md,repo-assist.md,False,0.7016,0.4186,0.8,True
15,125,uxsoft/AppleWirelessKeyboard,licensee/licensee,repo-assist.md,repo-assist.md,False,0.7016,0.4186,0.7273,True
215,125,py-why/dowhy,licensee/licensee,repo-assist.md,repo-assist.md,False,0.7016,0.4186,0.7273,True
345,340,fable-compiler/Fable.Python,fsprojects/SwaggerProvider,repo-assist.md,repo-assist.md,False,0.7001,0.3696,0.6667,False
345,346,fable-compiler/Fable.Python,fsprojects/FSharp.Control.TaskSeq,repo-assist.md,repo-assist.md,False,0.7001,0.3696,0.6667,False
345,339,fable-compiler/Fable.Python,fsprojects/FSharp.TypeProviders.SDK,repo-assist.md,repo-assist.md,False,0.7001,0.3696,0.6667,False
345,233,fable-compiler/Fable.Python,baizhiheizi/quill,repo-assist.md,repo-assist.md,False,0.7001,0.3696,0.5333,False
345,337,fable-compiler/Fable.Python,ionide/FsAutoComplete,repo-assist.md,repo-assist.md,False,0.7001,0.3696,0.6154,False
345,344,fable-compiler/Fable.Python,fsprojects/FSharp.Control.AsyncSeq,repo-assist.md,repo-assist.md,False,0.7001,0.3696,0.6667,False
345,335,fable-compiler/Fable.Python,fsprojects/FSharp.Formatting,repo-assist.md,repo-assist.md,False,0.7001,0.3696,0.6667,False
345,539,fable-compiler/Fable.Python,popey/sbom-vm,repo-assist.md,repo-assist.md,False,0.7001,0.3696,0.75,False
345,341,fable-compiler/Fable.Python,fsprojects/FSharpx.Collections,repo-assist.md,repo-assist.md,False,0.7001,0.3696,0.6667,False
345,385,fable-compiler/Fable.Python,popey/slomore,repo-assist.md,repo-assist.md,False,0.7001,0.3696,0.75,False
345,397,fable-compiler/Fable.Python,popey/grummage,repo-assist.md,repo-assist.md,False,0.7001,0.3696,0.75,False
345,333,fable-compiler/Fable.Python,ionide/ionide-vscode-fsharp,repo-assist.md,repo-assist.md,False,0.7001,0.3696,0.6667,False
345,332,fable-compiler/Fable.Python,fslaborg/Deedle,repo-assist.md,repo-assist.md,False,0.7001,0.3696,0.6667,False
345,343,fable-compiler/Fable.Python,fslaborg/FSharp.Stats,repo-assist.md,repo-assist.md,False,0.7001,0.3696,0.6667,False
345,342,fable-compiler/Fable.Python,fsprojects/FSharp.Data.SqlClient,repo-assist.md,repo-assist.md,False,0.7001,0.3696,0.6667,False
381,226,alexandru/social-publish,baizhiheizi/quill,code-simplifier.md,code-simplifier.md,False,0.6953,0.55,0.7143,False
435,226,MiguelElGallo/mpzsql,baizhiheizi/quill,code-simplifier.md,code-simplifier.md,False,0.6953,0.55,0.6667,False
275,226,sytone/obsidian-queryallthethings,baizhiheizi/quill,code-simplifier.md,code-simplifier.md,False,0.6953,0.55,0.6667,False
34,435,microsoft/vstest,MiguelElGallo/mpzsql,code-simplifier.md,code-simplifier.md,False,0.6933,0.525,0.6429,False
34,275,microsoft/vstest,sytone/obsidian-queryallthethings,code-simplifier.md,code-simplifier.md,False,0.6933,0.525,0.6429,False
34,381,microsoft/vstest,alexandru/social-publish,code-simplifier.md,code-simplifier.md,False,0.6933,0.525,0.6923,False
543,482,zircote/rlm-rs,Kong/kongctl,issue-triage.md,slash-cmd-issue-triage.md,False,0.6928,0.0,1.0,True
513,482,chrisreddington/flight-school,Kong/kongctl,issue-triage.md,slash-cmd-issue-triage.md,False,0.6928,0.0,1.0,True
66,482,taosdata/TDengine,Kong/kongctl,issue-triage.md,slash-cmd-issue-triage.md,False,0.6928,0.0,0.8889,True
427,482,kaito-project/aikit,Kong/kongctl,issue-triage.md,slash-cmd-issue-triage.md,False,0.6928,0.0,0.6667,True
426,115,kaito-project/aikit,lablup/backend.ai-webui,daily-test-improver.md,daily-test-improver.md,False,0.6871,0.4118,0.6364,True
513,480,chrisreddington/flight-school,Kong/kongctl,issue-triage.md,opened-issue-triage.md,False,0.6832,0.0,1.0,True
543,480,zircote/rlm-rs,Kong/kongctl,issue-triage.md,opened-issue-triage.md,False,0.6832,0.0,1.0,True
427,480,kaito-project/aikit,Kong/kongctl,issue-triage.md,opened-issue-triage.md,False,0.6832,0.0,0.6667,True
66,480,taosdata/TDengine,Kong/kongctl,issue-triage.md,opened-issue-triage.md,False,0.6832,0.0,0.8889,True
397,125,popey/grummage,licensee/licensee,repo-assist.md,repo-assist.md,False,0.6826,0.3721,0.75,True
125,339,licensee/licensee,fsprojects/FSharp.TypeProviders.SDK,repo-assist.md,repo-assist.md,False,0.6826,0.3721,0.6667,True
125,340,licensee/licensee,fsprojects/SwaggerProvider,repo-assist.md,repo-assist.md,False,0.6826,0.3721,0.6667,True
125,337,licensee/licensee,ionide/FsAutoComplete,repo-assist.md,repo-assist.md,False,0.6826,0.3721,0.6154,True
125,335,licensee/licensee,fsprojects/FSharp.Formatting,repo-assist.md,repo-assist.md,False,0.6826,0.3721,0.6667,True
539,125,popey/sbom-vm,licensee/licensee,repo-assist.md,repo-assist.md,False,0.6826,0.3721,0.75,True
125,344,licensee/licensee,fsprojects/FSharp.Control.AsyncSeq,repo-assist.md,repo-assist.md,False,0.6826,0.3721,0.6667,True
125,341,licensee/licensee,fsprojects/FSharpx.Collections,repo-assist.md,repo-assist.md,False,0.6826,0.3721,0.6667,True
125,342,licensee/licensee,fsprojects/FSharp.Data.SqlClient,repo-assist.md,repo-assist.md,False,0.6826,0.3721,0.6667,True
125,346,licensee/licensee,fsprojects/FSharp.Control.TaskSeq,repo-assist.md,repo-assist.md,False,0.6826,0.3721,0.6667,True
125,333,licensee/licensee,ionide/ionide-vscode-fsharp,repo-assist.md,repo-assist.md,False,0.6826,0.3721,0.6667,True
233,125,baizhiheizi/quill,licensee/licensee,repo-assist.md,repo-assist.md,False,0.6826,0.3721,0.5333,True
385,125,popey/slomore,licensee/licensee,repo-assist.md,repo-assist.md,False,0.6826,0.3721,0.75,True
343,125,fslaborg/FSharp.Stats,licensee/licensee,repo-assist.md,repo-assist.md,False,0.6826,0.3721,0.6667,True
332,125,fslaborg/Deedle,licensee/licensee,repo-assist.md,repo-assist.md,False,0.6826,0.3721,0.6667,True
331,160,fable-compiler/Fable,sergey-tihon/Clippit,repo-assist.md,clippy.md,False,0.6817,0.3043,0.8333,True
58,335,ReactiveX/RxPY,fsprojects/FSharp.Formatting,repo-assist.md,repo-assist.md,False,0.679,0.3696,0.6667,False
58,337,ReactiveX/RxPY,ionide/FsAutoComplete,repo-assist.md,repo-assist.md,False,0.679,0.3696,0.6154,False
58,385,ReactiveX/RxPY,popey/slomore,repo-assist.md,repo-assist.md,False,0.679,0.3696,0.75,False
58,233,ReactiveX/RxPY,baizhiheizi/quill,repo-assist.md,repo-assist.md,False,0.679,0.3696,0.5333,False
58,344,ReactiveX/RxPY,fsprojects/FSharp.Control.AsyncSeq,repo-assist.md,repo-assist.md,False,0.679,0.3696,0.6667,False
58,340,ReactiveX/RxPY,fsprojects/SwaggerProvider,repo-assist.md,repo-assist.md,False,0.679,0.3696,0.6667,False
58,332,ReactiveX/RxPY,fslaborg/Deedle,repo-assist.md,repo-assist.md,False,0.679,0.3696,0.6667,False
58,539,ReactiveX/RxPY,popey/sbom-vm,repo-assist.md,repo-assist.md,False,0.679,0.3696,0.75,False
58,397,ReactiveX/RxPY,popey/grummage,repo-assist.md,repo-assist.md,False,0.679,0.3696,0.75,False
58,346,ReactiveX/RxPY,fsprojects/FSharp.Control.TaskSeq,repo-assist.md,repo-assist.md,False,0.679,0.3696,0.6667,False
58,342,ReactiveX/RxPY,fsprojects/FSharp.Data.SqlClient,repo-assist.md,repo-assist.md,False,0.679,0.3696,0.6667,False
58,341,ReactiveX/RxPY,fsprojects/FSharpx.Collections,repo-assist.md,repo-assist.md,False,0.679,0.3696,0.6667,False
58,339,ReactiveX/RxPY,fsprojects/FSharp.TypeProviders.SDK,repo-assist.md,repo-assist.md,False,0.679,0.3696,0.6667,False
58,333,ReactiveX/RxPY,ionide/ionide-vscode-fsharp,repo-assist.md,repo-assist.md,False,0.679,0.3696,0.6667,False
58,343,ReactiveX/RxPY,fslaborg/FSharp.Stats,repo-assist.md,repo-assist.md,False,0.679,0.3696,0.6667,False
345,160,fable-compiler/Fable.Python,sergey-tihon/Clippit,repo-assist.md,clippy.md,False,0.6751,0.2609,0.6667,False
157,202,Azure/azure-sdk-for-go,Azure/azure-sdk-for-rust,issue-triage.md,issue-triage.md,True,0.6734,0.0484,0.8889,False
401,357,dotnet/macios,dotnet/android-tools,macios-reviewer.md,android-tools-reviewer.md,True,0.673,0.0,0.7,False
545,540,microsoft/agentrc,zircote/rlm-rs,ci-doctor.md,ci-doctor.md,False,0.672,0.3182,0.6154,False
358,437,erigontech/erigon,fideus-labs/ngff-zarr,daily-repo-status.md,daily-repo-status.md,False,0.6681,0.5,0.75,False
292,357,jonathanpeppers/dotnes,dotnet/android-tools,dotnes-reviewer.md,android-tools-reviewer.md,False,0.6659,0.0,0.6667,False
318,482,rancher/dashboard,Kong/kongctl,issue-triage.md,slash-cmd-issue-triage.md,False,0.6624,0.0,0.7778,False
345,58,fable-compiler/Fable.Python,ReactiveX/RxPY,repo-assist.md,repo-assist.md,False,0.6594,0.6538,1.0,False
407,421,czlonkowski/n8n-mcp,microsoft/wassette,issue-triage.md,issue-triage.md,False,0.6582,0.3333,0.4545,False
125,160,licensee/licensee,sergey-tihon/Clippit,repo-assist.md,clippy.md,False,0.6582,0.1628,0.6667,True
275,460,sytone/obsidian-queryallthethings,YousefHadder/markdown-plus.nvim,code-simplifier.md,code-simplifier.md,False,0.6558,0.7407,0.9231,True
435,460,MiguelElGallo/mpzsql,YousefHadder/markdown-plus.nvim,code-simplifier.md,code-simplifier.md,False,0.6558,0.7407,0.9231,True
381,460,alexandru/social-publish,YousefHadder/markdown-plus.nvim,code-simplifier.md,code-simplifier.md,False,0.6558,0.7407,0.8462,True
401,355,dotnet/macios,dotnet/android,macios-reviewer.md,android-reviewer.md,True,0.6552,0.0,0.7,False
58,160,ReactiveX/RxPY,sergey-tihon/Clippit,repo-assist.md,clippy.md,False,0.6544,0.2609,0.6667,False
318,480,rancher/dashboard,Kong/kongctl,issue-triage.md,opened-issue-triage.md,False,0.6533,0.0,0.7778,False
540,69,zircote/rlm-rs,openvinotoolkit/openvino,ci-doctor.md,ci-doctor.md,False,0.6457,0.25,0.8182,True
83,546,storybookjs/storybook,microsoft/agentrc,code-simplifier.md,code-simplifier.md,False,0.6447,0.5429,0.7692,False
315,451,rancher/dashboard,kubestellar/docs,daily-repo-status.md,daily-team-status.md,False,0.6442,0.25,0.6667,False
452,315,kubestellar/docs,rancher/dashboard,devstats.md,daily-repo-status.md,False,0.6442,0.25,0.6667,False
407,482,czlonkowski/n8n-mcp,Kong/kongctl,issue-triage.md,slash-cmd-issue-triage.md,False,0.6385,0.0,0.8889,True
345,331,fable-compiler/Fable.Python,fable-compiler/Fable,repo-assist.md,repo-assist.md,True,0.6368,0.5769,0.8182,False
35,229,microsoft/vstest,baizhiheizi/quill,daily-file-diet.md,large-file-simplifier.md,False,0.6363,0.2692,0.6667,False
69,305,openvinotoolkit/openvino,openvinotoolkit/openvino.genai,ci-doctor.md,ci-doctor.md,True,0.6357,0.5,0.7692,True
407,480,czlonkowski/n8n-mcp,Kong/kongctl,issue-triage.md,opened-issue-triage.md,False,0.6297,0.0,0.8889,True
546,524,microsoft/agentrc,chimon2000/good_first_issue,code-simplifier.md,code-simplifier.md,False,0.6221,0.3429,0.7692,False
540,305,zircote/rlm-rs,openvinotoolkit/openvino.genai,ci-doctor.md,ci-doctor.md,False,0.6215,0.25,0.75,True
524,460,chimon2000/good_first_issue,YousefHadder/markdown-plus.nvim,code-simplifier.md,code-simplifier.md,False,0.6148,0.6731,0.9231,True
520,119,influxdata/docs-v2,lablup/backend.ai-webui,weekly-repo-status.md,weekly-team-status.md,False,0.6123,0.25,0.7778,False
119,322,lablup/backend.ai-webui,lrascao/rebar3_gpb_plugin,weekly-team-status.md,daily-repo-status.md,False,0.6123,0.25,0.875,False
359,452,timrogers/iata-code-decoder-api,kubestellar/docs,daily-repo-status.md,devstats.md,False,0.6121,0.25,0.875,False
359,451,timrogers/iata-code-decoder-api,kubestellar/docs,daily-repo-status.md,daily-team-status.md,False,0.6121,0.25,0.875,False
2,451,apache/cloudstack,kubestellar/docs,daily-repo-status.md,daily-team-status.md,False,0.6121,0.25,0.7778,False
452,2,kubestellar/docs,apache/cloudstack,devstats.md,daily-repo-status.md,False,0.6121,0.25,0.7778,False
585,452,Azure/git-ape,kubestellar/docs,daily-repo-status.md,devstats.md,False,0.6103,0.25,0.875,False
487,451,hemanth/mcp-web-client,kubestellar/docs,daily-repo-status.md,daily-team-status.md,False,0.6103,0.25,0.875,False
555,451,AndreaGriffiths11/IssueCrush,kubestellar/docs,daily-repo-status.md,daily-team-status.md,False,0.6103,0.25,0.875,False
555,452,AndreaGriffiths11/IssueCrush,kubestellar/docs,daily-repo-status.md,devstats.md,False,0.6103,0.25,0.875,False
280,451,Azure/LogicAppsUX,kubestellar/docs,daily-repo-status.md,daily-team-status.md,False,0.6103,0.25,0.7778,False
310,451,KunalSin9h/meltcd,kubestellar/docs,daily-repo-status.md,daily-team-status.md,False,0.6103,0.25,0.7778,False
107,451,microsoft/Web-Dev-For-Beginners,kubestellar/docs,daily-repo-status.md,daily-team-status.md,False,0.6103,0.25,0.875,False
310,452,KunalSin9h/meltcd,kubestellar/docs,daily-repo-status.md,devstats.md,False,0.6103,0.25,0.7778,False
200,451,r12f/rnp,kubestellar/docs,daily-repo-status.md,daily-team-status.md,False,0.6103,0.25,0.875,False
7,452,duckduckgo/Android,kubestellar/docs,daily-repo-status.md,devstats.md,False,0.6103,0.25,0.7778,False
9,452,executeautomation/ExecuteAutomationWebApp,kubestellar/docs,daily-repo-status.md,devstats.md,False,0.6103,0.25,0.7778,False
200,452,r12f/rnp,kubestellar/docs,daily-repo-status.md,devstats.md,False,0.6103,0.25,0.875,False
7,451,duckduckgo/Android,kubestellar/docs,daily-repo-status.md,daily-team-status.md,False,0.6103,0.25,0.7778,False
9,451,executeautomation/ExecuteAutomationWebApp,kubestellar/docs,daily-repo-status.md,daily-team-status.md,False,0.6103,0.25,0.7778,False
486,451,mcpc-tech/dev-inspector-mcp,kubestellar/docs,daily-repo-status.md,daily-team-status.md,False,0.6103,0.25,0.875,False
107,452,microsoft/Web-Dev-For-Beginners,kubestellar/docs,daily-repo-status.md,devstats.md,False,0.6103,0.25,0.875,False
23,451,dotnet/maui,kubestellar/docs,daily-repo-status.md,daily-team-status.md,False,0.6103,0.25,0.7778,False
23,452,dotnet/maui,kubestellar/docs,daily-repo-status.md,devstats.md,False,0.6103,0.25,0.7778,False
487,452,hemanth/mcp-web-client,kubestellar/docs,daily-repo-status.md,devstats.md,False,0.6103,0.25,0.875,False
585,451,Azure/git-ape,kubestellar/docs,daily-repo-status.md,daily-team-status.md,False,0.6103,0.25,0.875,False
280,452,Azure/LogicAppsUX,kubestellar/docs,daily-repo-status.md,devstats.md,False,0.6103,0.25,0.7778,False
486,452,mcpc-tech/dev-inspector-mcp,kubestellar/docs,daily-repo-status.md,devstats.md,False,0.6103,0.25,0.875,False
381,546,alexandru/social-publish,microsoft/agentrc,code-simplifier.md,code-simplifier.md,False,0.6082,0.3429,0.6923,False
275,546,sytone/obsidian-queryallthethings,microsoft/agentrc,code-simplifier.md,code-simplifier.md,False,0.6082,0.3429,0.7692,False
435,546,MiguelElGallo/mpzsql,microsoft/agentrc,code-simplifier.md,code-simplifier.md,False,0.6082,0.3429,0.7692,False
119,315,lablup/backend.ai-webui,rancher/dashboard,weekly-team-status.md,daily-repo-status.md,False,0.6057,0.25,0.6667,False
83,477,storybookjs/storybook,Kong/kongctl,code-simplifier.md,code-simplifier.md,False,0.6027,0.1591,1.0,False
292,354,jonathanpeppers/dotnes,dotnet/java-interop,dotnes-reviewer.md,java-interop-reviewer.md,False,0.6008,0.0,0.6667,False
83,460,storybookjs/storybook,YousefHadder/markdown-plus.nvim,code-simplifier.md,code-simplifier.md,False,0.5977,0.4255,0.9231,True
520,483,influxdata/docs-v2,Kong/kongctl,weekly-repo-status.md,weekly-repo-status.md,False,0.5959,0.25,0.875,True
322,483,lrascao/rebar3_gpb_plugin,Kong/kongctl,daily-repo-status.md,weekly-repo-status.md,False,0.5959,0.25,1.0,True
34,546,microsoft/vstest,microsoft/agentrc,code-simplifier.md,code-simplifier.md,True,0.5957,0.2857,0.6923,False
546,226,microsoft/agentrc,baizhiheizi/quill,code-simplifier.md,code-simplifier.md,False,0.5955,0.2857,0.6,False
58,331,ReactiveX/RxPY,fable-compiler/Fable,repo-assist.md,repo-assist.md,False,0.5935,0.5283,0.8182,False
202,54,Azure/azure-sdk-for-rust,Azure/azure-sdk-for-net,issue-triage.md,issue-triage.md,True,0.5905,0.0484,0.7778,False
105,380,IgniteUI/igniteui-docfx,IgniteUI/igniteui-xplat-docs,sync-jp-docs.md,sync-jp-docs.md,True,0.5863,0.3,1.0,False
48,231,Shazwazza/Articulate,baizhiheizi/quill,efficiency-improver.md,perf-improver.md,False,0.5835,0.1905,0.75,False
345,474,fable-compiler/Fable.Python,informedica/GenPRES,repo-assist.md,repo-assist.md,False,0.5828,0.1579,0.8,False
331,334,fable-compiler/Fable,fsprojects/fantomas,repo-assist.md,repo-assist.md,False,0.5806,0.3333,0.8333,True
315,483,rancher/dashboard,Kong/kongctl,daily-repo-status.md,weekly-repo-status.md,False,0.5802,0.5,0.75,False
119,2,lablup/backend.ai-webui,apache/cloudstack,weekly-team-status.md,daily-repo-status.md,False,0.5781,0.25,0.7778,False
359,119,timrogers/iata-code-decoder-api,lablup/backend.ai-webui,daily-repo-status.md,weekly-team-status.md,False,0.5781,0.25,0.875,False
524,477,chimon2000/good_first_issue,Kong/kongctl,code-simplifier.md,code-simplifier.md,False,0.5776,0.2273,1.0,False
474,331,informedica/GenPRES,fable-compiler/Fable,repo-assist.md,repo-assist.md,False,0.5768,0.1579,0.8182,True
231,252,baizhiheizi/quill,talk2MeGooseman/stream_closed_captioner_phoenix,perf-improver.md,daily-test-improver.md,False,0.5753,0.2381,0.75,False
474,334,informedica/GenPRES,fsprojects/fantomas,repo-assist.md,repo-assist.md,False,0.5741,0.1579,0.6667,True
555,119,AndreaGriffiths11/IssueCrush,lablup/backend.ai-webui,daily-repo-status.md,weekly-team-status.md,False,0.5717,0.25,0.875,False
119,585,lablup/backend.ai-webui,Azure/git-ape,weekly-team-status.md,daily-repo-status.md,False,0.5717,0.25,0.875,False
487,119,hemanth/mcp-web-client,lablup/backend.ai-webui,daily-repo-status.md,weekly-team-status.md,False,0.5717,0.25,0.875,False
486,119,mcpc-tech/dev-inspector-mcp,lablup/backend.ai-webui,daily-repo-status.md,weekly-team-status.md,False,0.5717,0.25,0.875,False
280,119,Azure/LogicAppsUX,lablup/backend.ai-webui,daily-repo-status.md,weekly-team-status.md,False,0.5717,0.25,0.7778,False
200,119,r12f/rnp,lablup/backend.ai-webui,daily-repo-status.md,weekly-team-status.md,False,0.5717,0.25,0.875,False
107,119,microsoft/Web-Dev-For-Beginners,lablup/backend.ai-webui,daily-repo-status.md,weekly-team-status.md,False,0.5717,0.25,0.875,False
9,119,executeautomation/ExecuteAutomationWebApp,lablup/backend.ai-webui,daily-repo-status.md,weekly-team-status.md,False,0.5717,0.25,0.7778,False
7,119,duckduckgo/Android,lablup/backend.ai-webui,daily-repo-status.md,weekly-team-status.md,False,0.5717,0.25,0.7778,False
119,310,lablup/backend.ai-webui,KunalSin9h/meltcd,weekly-team-status.md,daily-repo-status.md,False,0.5717,0.25,0.7778,False
119,23,lablup/backend.ai-webui,dotnet/maui,weekly-team-status.md,daily-repo-status.md,False,0.5717,0.25,0.7778,False
322,451,lrascao/rebar3_gpb_plugin,kubestellar/docs,daily-repo-status.md,daily-team-status.md,False,0.5715,0.25,0.875,False
520,451,influxdata/docs-v2,kubestellar/docs,weekly-repo-status.md,daily-team-status.md,False,0.5715,0.25,0.7778,False
520,452,influxdata/docs-v2,kubestellar/docs,weekly-repo-status.md,devstats.md,False,0.5715,0.25,0.7778,False
322,452,lrascao/rebar3_gpb_plugin,kubestellar/docs,daily-repo-status.md,devstats.md,False,0.5715,0.25,0.875,False
95,202,Azure/azure-sdk-for-js,Azure/azure-sdk-for-rust,issue-triage.md,issue-triage.md,True,0.5692,0.0484,0.7,False
547,470,microsoft/agentrc,microsoft/apm,daily-doc-updater.md,daily-doc-updater.md,True,0.5683,0.32,0.6667,False
37,231,microsoft/vstest,baizhiheizi/quill,efficiency-improver.md,perf-improver.md,False,0.5677,0.1905,0.6154,False
275,477,sytone/obsidian-queryallthethings,Kong/kongctl,code-simplifier.md,code-simplifier.md,False,0.5672,0.2273,1.0,False
435,477,MiguelElGallo/mpzsql,Kong/kongctl,code-simplifier.md,code-simplifier.md,False,0.5672,0.2273,1.0,False
381,477,alexandru/social-publish,Kong/kongctl,code-simplifier.md,code-simplifier.md,False,0.5672,0.2273,0.9167,False
474,58,informedica/GenPRES,ReactiveX/RxPY,repo-assist.md,repo-assist.md,False,0.567,0.1579,0.8,False
2,483,apache/cloudstack,Kong/kongctl,daily-repo-status.md,weekly-repo-status.md,False,0.564,0.25,0.875,False
359,483,timrogers/iata-code-decoder-api,Kong/kongctl,daily-repo-status.md,weekly-repo-status.md,False,0.564,0.25,1.0,False
545,305,microsoft/agentrc,openvinotoolkit/openvino.genai,ci-doctor.md,ci-doctor.md,False,0.5636,0.3182,0.6,False
545,69,microsoft/agentrc,openvinotoolkit/openvino,ci-doctor.md,ci-doctor.md,False,0.5629,0.3182,0.6429,False
42,432,microsoft/vstest,githubnext/agentics,md-link-checker.md,link-checker.md,False,0.5605,0.2105,1.0,False
280,483,Azure/LogicAppsUX,Kong/kongctl,daily-repo-status.md,weekly-repo-status.md,False,0.5578,0.25,0.875,True
487,483,hemanth/mcp-web-client,Kong/kongctl,daily-repo-status.md,weekly-repo-status.md,False,0.5578,0.25,1.0,True
555,483,AndreaGriffiths11/IssueCrush,Kong/kongctl,daily-repo-status.md,weekly-repo-status.md,False,0.5578,0.25,1.0,True
7,483,duckduckgo/Android,Kong/kongctl,daily-repo-status.md,weekly-repo-status.md,False,0.5578,0.25,0.875,True
9,483,executeautomation/ExecuteAutomationWebApp,Kong/kongctl,daily-repo-status.md,weekly-repo-status.md,False,0.5578,0.25,0.875,True
200,483,r12f/rnp,Kong/kongctl,daily-repo-status.md,weekly-repo-status.md,False,0.5578,0.25,1.0,True
23,483,dotnet/maui,Kong/kongctl,daily-repo-status.md,weekly-repo-status.md,False,0.5578,0.25,0.875,True
585,483,Azure/git-ape,Kong/kongctl,daily-repo-status.md,weekly-repo-status.md,False,0.5578,0.25,1.0,True
107,483,microsoft/Web-Dev-For-Beginners,Kong/kongctl,daily-repo-status.md,weekly-repo-status.md,False,0.5578,0.25,1.0,True
310,483,KunalSin9h/meltcd,Kong/kongctl,daily-repo-status.md,weekly-repo-status.md,False,0.5578,0.25,0.875,True
486,483,mcpc-tech/dev-inspector-mcp,Kong/kongctl,daily-repo-status.md,weekly-repo-status.md,False,0.5578,0.25,1.0,True
345,334,fable-compiler/Fable.Python,fsprojects/fantomas,repo-assist.md,repo-assist.md,False,0.5537,0.3077,0.6667,False
66,106,taosdata/TDengine,appwrite/appwrite,issue-triage.md,issue-triage.md,False,0.5492,0.25,0.7,True
543,106,zircote/rlm-rs,appwrite/appwrite,issue-triage.md,issue-triage.md,False,0.5492,0.25,0.7778,True
513,106,chrisreddington/flight-school,appwrite/appwrite,issue-triage.md,issue-triage.md,False,0.5492,0.25,0.7778,True
427,106,kaito-project/aikit,appwrite/appwrite,issue-triage.md,issue-triage.md,False,0.5492,0.25,0.6667,True
331,125,fable-compiler/Fable,licensee/licensee,repo-assist.md,repo-assist.md,False,0.5396,0.186,0.8182,True
345,125,fable-compiler/Fable.Python,licensee/licensee,repo-assist.md,repo-assist.md,False,0.5395,0.1628,0.8,False
1,597,apache/cloudstack,microsoft/AI-Engineering-Coach,daily-issue-triage.md,issue-triage.md,False,0.5377,0.2857,0.8,False
292,401,jonathanpeppers/dotnes,dotnet/macios,dotnes-reviewer.md,macios-reviewer.md,False,0.5333,0.0,0.75,False
58,334,ReactiveX/RxPY,fsprojects/fantomas,repo-assist.md,repo-assist.md,False,0.5327,0.3019,0.6667,False
358,451,erigontech/erigon,kubestellar/docs,daily-repo-status.md,daily-team-status.md,False,0.5305,0.25,0.75,False
358,452,erigontech/erigon,kubestellar/docs,daily-repo-status.md,devstats.md,False,0.5305,0.25,0.75,False
58,125,ReactiveX/RxPY,licensee/licensee,repo-assist.md,repo-assist.md,False,0.5269,0.1628,0.8,False
125,334,licensee/licensee,fsprojects/fantomas,repo-assist.md,repo-assist.md,False,0.5262,0.2093,0.6667,True
513,423,chrisreddington/flight-school,microsoft/wassette,issue-triage.md,pr-triage.md,False,0.5258,0.2,0.4,False
543,423,zircote/rlm-rs,microsoft/wassette,issue-triage.md,pr-triage.md,False,0.5258,0.2,0.4,False
427,423,kaito-project/aikit,microsoft/wassette,issue-triage.md,pr-triage.md,False,0.5258,0.2,0.625,False
423,66,microsoft/wassette,taosdata/TDengine,pr-triage.md,issue-triage.md,False,0.5258,0.2,0.3636,False
25,73,dotnet/machinelearning,dotnet/runtime,ci-scan-feedback.agent.md,ci-failure-scan-feedback.md,True,0.5237,0.0488,0.7692,False
421,482,microsoft/wassette,Kong/kongctl,issue-triage.md,slash-cmd-issue-triage.md,False,0.5226,0.0,0.5,False
421,480,microsoft/wassette,Kong/kongctl,issue-triage.md,opened-issue-triage.md,False,0.5169,0.0,0.5,False
318,106,rancher/dashboard,appwrite/appwrite,issue-triage.md,issue-triage.md,False,0.5082,0.25,0.6,False
292,355,jonathanpeppers/dotnes,dotnet/android,dotnes-reviewer.md,android-reviewer.md,False,0.5042,0.0,0.6667,False
316,231,rancher/dashboard,baizhiheizi/quill,daily-test-improver.md,perf-improver.md,False,0.5038,0.2381,,False
119,358,lablup/backend.ai-webui,erigontech/erigon,weekly-team-status.md,daily-repo-status.md,False,0.4964,0.25,0.75,False
451,437,kubestellar/docs,fideus-labs/ngff-zarr,daily-team-status.md,daily-repo-status.md,False,0.4952,0.25,0.7778,False
452,437,kubestellar/docs,fideus-labs/ngff-zarr,devstats.md,daily-repo-status.md,False,0.4952,0.25,0.7778,False
520,517,influxdata/docs-v2,microsoft/GitHub-Copilot-for-Azure,weekly-repo-status.md,weekly-repo-status.md,False,0.4903,0.75,1.0,True
322,517,lrascao/rebar3_gpb_plugin,microsoft/GitHub-Copilot-for-Azure,daily-repo-status.md,weekly-repo-status.md,False,0.4903,0.75,0.875,True
546,477,microsoft/agentrc,Kong/kongctl,code-simplifier.md,code-simplifier.md,False,0.4893,0.0857,0.7692,False
483,437,Kong/kongctl,fideus-labs/ngff-zarr,weekly-repo-status.md,daily-repo-status.md,False,0.4736,0.25,0.875,False
453,466,kubestellar/docs,cncf/contribute-site,link-checker.md,link-checker.md,False,0.4727,0.1364,1.0,False
423,318,microsoft/wassette,rancher/dashboard,pr-triage.md,issue-triage.md,False,0.4726,0.2,0.4,False
226,460,baizhiheizi/quill,YousefHadder/markdown-plus.nvim,code-simplifier.md,code-simplifier.md,False,0.4722,0.475,0.7333,False
34,460,microsoft/vstest,YousefHadder/markdown-plus.nvim,code-simplifier.md,code-simplifier.md,False,0.4709,0.475,0.7143,False
119,437,lablup/backend.ai-webui,fideus-labs/ngff-zarr,weekly-team-status.md,daily-repo-status.md,False,0.4678,0.25,0.7778,False
358,483,erigontech/erigon,Kong/kongctl,daily-repo-status.md,weekly-repo-status.md,False,0.4666,0.0,0.8571,True
359,517,timrogers/iata-code-decoder-api,microsoft/GitHub-Copilot-for-Azure,daily-repo-status.md,weekly-repo-status.md,False,0.4635,0.5,0.875,False
2,517,apache/cloudstack,microsoft/GitHub-Copilot-for-Azure,daily-repo-status.md,weekly-repo-status.md,False,0.4635,0.5,1.0,False
470,436,microsoft/apm,fideus-labs/ngff-zarr,daily-doc-updater.md,daily-doc-updater.md,False,0.461,0.36,0.6429,False
407,106,czlonkowski/n8n-mcp,appwrite/appwrite,issue-triage.md,issue-triage.md,False,0.4589,0.1818,0.7,True
555,517,AndreaGriffiths11/IssueCrush,microsoft/GitHub-Copilot-for-Azure,daily-repo-status.md,weekly-repo-status.md,False,0.4584,0.5,0.875,True
280,517,Azure/LogicAppsUX,microsoft/GitHub-Copilot-for-Azure,daily-repo-status.md,weekly-repo-status.md,False,0.4584,0.5,1.0,True
200,517,r12f/rnp,microsoft/GitHub-Copilot-for-Azure,daily-repo-status.md,weekly-repo-status.md,False,0.4584,0.5,0.875,True
487,517,hemanth/mcp-web-client,microsoft/GitHub-Copilot-for-Azure,daily-repo-status.md,weekly-repo-status.md,False,0.4584,0.5,0.875,True
9,517,executeautomation/ExecuteAutomationWebApp,microsoft/GitHub-Copilot-for-Azure,daily-repo-status.md,weekly-repo-status.md,False,0.4584,0.5,1.0,True
585,517,Azure/git-ape,microsoft/GitHub-Copilot-for-Azure,daily-repo-status.md,weekly-repo-status.md,False,0.4584,0.5,0.875,True
23,517,dotnet/maui,microsoft/GitHub-Copilot-for-Azure,daily-repo-status.md,weekly-repo-status.md,False,0.4584,0.5,0.7778,True
310,517,KunalSin9h/meltcd,microsoft/GitHub-Copilot-for-Azure,daily-repo-status.md,weekly-repo-status.md,False,0.4584,0.5,1.0,True
107,517,microsoft/Web-Dev-For-Beginners,microsoft/GitHub-Copilot-for-Azure,daily-repo-status.md,weekly-repo-status.md,True,0.4584,0.5,0.875,True
486,517,mcpc-tech/dev-inspector-mcp,microsoft/GitHub-Copilot-for-Azure,daily-repo-status.md,weekly-repo-status.md,False,0.4584,0.5,0.875,True
7,517,duckduckgo/Android,microsoft/GitHub-Copilot-for-Azure,daily-repo-status.md,weekly-repo-status.md,False,0.4584,0.5,1.0,True
315,517,rancher/dashboard,microsoft/GitHub-Copilot-for-Azure,daily-repo-status.md,weekly-repo-status.md,False,0.4499,0.5,0.6667,False
474,231,informedica/GenPRES,baizhiheizi/quill,repo-assist.md,perf-improver.md,False,0.4484,0.1053,0.6154,False
407,423,czlonkowski/n8n-mcp,microsoft/wassette,issue-triage.md,pr-triage.md,False,0.4353,0.1,0.3636,False
48,236,Shazwazza/Articulate,baizhiheizi/quill,efficiency-improver.md,test-improver.md,False,0.4333,0.1111,0.75,False
228,252,baizhiheizi/quill,talk2MeGooseman/stream_closed_captioner_phoenix,efficiency-improver.md,daily-test-improver.md,False,0.4331,0.1111,0.75,False
48,252,Shazwazza/Articulate,talk2MeGooseman/stream_closed_captioner_phoenix,efficiency-improver.md,daily-test-improver.md,False,0.4331,0.1111,0.8,False
474,236,informedica/GenPRES,baizhiheizi/quill,repo-assist.md,test-improver.md,False,0.4325,0.1053,0.6154,False
474,252,informedica/GenPRES,talk2MeGooseman/stream_closed_captioner_phoenix,repo-assist.md,daily-test-improver.md,False,0.4324,0.1053,0.8,False
541,511,zircote/rlm-rs,chrisreddington/flight-school,daily-qa.md,daily-qa.md,False,0.4239,0.125,1.0,True
489,503,meteostat/meteostat,natnew/Awesome-Data-Science,issue-triage-agent.md,issue-triage-agent.md,False,0.4228,0.6667,0.5556,False
484,221,shanselman/WindowsEdgeLight,NikiforovAll/keycloak-authorization-services-dotnet,repo-assist.md,keybot.md,False,0.4219,0.0588,0.6923,True
336,221,fsprojects/FsHttp,NikiforovAll/keycloak-authorization-services-dotnet,repo-assist.md,keybot.md,False,0.4219,0.0588,0.7692,True
485,221,chrisreddington/trend-radar,NikiforovAll/keycloak-authorization-services-dotnet,repo-assist.md,keybot.md,False,0.4219,0.0588,0.8462,True
15,221,uxsoft/AppleWirelessKeyboard,NikiforovAll/keycloak-authorization-services-dotnet,repo-assist.md,keybot.md,False,0.4219,0.0588,0.7692,True
523,221,shanselman/winget-tui,NikiforovAll/keycloak-authorization-services-dotnet,repo-assist.md,keybot.md,False,0.4219,0.0588,0.6923,True
215,221,py-why/dowhy,NikiforovAll/keycloak-authorization-services-dotnet,repo-assist.md,keybot.md,False,0.4219,0.0588,0.7692,True
421,106,microsoft/wassette,appwrite/appwrite,issue-triage.md,issue-triage.md,False,0.4205,0.2222,0.5,False
37,236,microsoft/vstest,baizhiheizi/quill,efficiency-improver.md,test-improver.md,False,0.4204,0.1111,0.6154,False
37,252,microsoft/vstest,talk2MeGooseman/stream_closed_captioner_phoenix,efficiency-improver.md,daily-test-improver.md,False,0.4203,0.1111,0.6364,False
546,460,microsoft/agentrc,YousefHadder/markdown-plus.nvim,code-simplifier.md,code-simplifier.md,False,0.418,0.2857,0.8462,False
336,231,fsprojects/FsHttp,baizhiheizi/quill,repo-assist.md,perf-improver.md,False,0.4167,0.0714,0.5714,False
215,231,py-why/dowhy,baizhiheizi/quill,repo-assist.md,perf-improver.md,False,0.4167,0.0714,0.5714,False
523,231,shanselman/winget-tui,baizhiheizi/quill,repo-assist.md,perf-improver.md,False,0.4167,0.0714,0.6154,False
15,231,uxsoft/AppleWirelessKeyboard,baizhiheizi/quill,repo-assist.md,perf-improver.md,False,0.4167,0.0714,0.5714,False
484,231,shanselman/WindowsEdgeLight,baizhiheizi/quill,repo-assist.md,perf-improver.md,False,0.4167,0.0714,0.6154,False
485,231,chrisreddington/trend-radar,baizhiheizi/quill,repo-assist.md,perf-improver.md,False,0.4167,0.0714,0.5333,False
470,463,microsoft/apm,YousefHadder/markdown-plus.nvim,daily-doc-updater.md,daily-doc-updater.md,False,0.4131,0.2,0.6923,False
385,221,popey/slomore,NikiforovAll/keycloak-authorization-services-dotnet,repo-assist.md,keybot.md,False,0.4119,0.0588,0.7857,True
221,332,NikiforovAll/keycloak-authorization-services-dotnet,fslaborg/Deedle,keybot.md,repo-assist.md,False,0.4119,0.0588,0.7143,True
221,343,NikiforovAll/keycloak-authorization-services-dotnet,fslaborg/FSharp.Stats,keybot.md,repo-assist.md,False,0.4119,0.0588,0.7143,True
221,344,NikiforovAll/keycloak-authorization-services-dotnet,fsprojects/FSharp.Control.AsyncSeq,keybot.md,repo-assist.md,False,0.4119,0.0588,0.7143,True
233,221,baizhiheizi/quill,NikiforovAll/keycloak-authorization-services-dotnet,repo-assist.md,keybot.md,False,0.4119,0.0588,0.5882,True
397,221,popey/grummage,NikiforovAll/keycloak-authorization-services-dotnet,repo-assist.md,keybot.md,False,0.4119,0.0588,0.7857,True
221,335,NikiforovAll/keycloak-authorization-services-dotnet,fsprojects/FSharp.Formatting,keybot.md,repo-assist.md,False,0.4119,0.0588,0.7143,True
221,337,NikiforovAll/keycloak-authorization-services-dotnet,ionide/FsAutoComplete,keybot.md,repo-assist.md,False,0.4119,0.0588,0.6667,True
221,333,NikiforovAll/keycloak-authorization-services-dotnet,ionide/ionide-vscode-fsharp,keybot.md,repo-assist.md,False,0.4119,0.0588,0.7143,True
221,341,NikiforovAll/keycloak-authorization-services-dotnet,fsprojects/FSharpx.Collections,keybot.md,repo-assist.md,False,0.4119,0.0588,0.7143,True
221,340,NikiforovAll/keycloak-authorization-services-dotnet,fsprojects/SwaggerProvider,keybot.md,repo-assist.md,False,0.4119,0.0588,0.7143,True
221,339,NikiforovAll/keycloak-authorization-services-dotnet,fsprojects/FSharp.TypeProviders.SDK,keybot.md,repo-assist.md,False,0.4119,0.0588,0.7143,True
221,342,NikiforovAll/keycloak-authorization-services-dotnet,fsprojects/FSharp.Data.SqlClient,keybot.md,repo-assist.md,False,0.4119,0.0588,0.7143,True
221,346,NikiforovAll/keycloak-authorization-services-dotnet,fsprojects/FSharp.Control.TaskSeq,keybot.md,repo-assist.md,False,0.4119,0.0588,0.7143,True
539,221,popey/sbom-vm,NikiforovAll/keycloak-authorization-services-dotnet,repo-assist.md,keybot.md,False,0.4119,0.0588,0.7857,True
119,483,lablup/backend.ai-webui,Kong/kongctl,weekly-team-status.md,weekly-repo-status.md,False,0.4117,0.0,0.875,False
221,160,NikiforovAll/keycloak-authorization-services-dotnet,sergey-tihon/Clippit,keybot.md,clippy.md,False,0.4075,0.0294,0.7143,True
385,231,popey/slomore,baizhiheizi/quill,repo-assist.md,perf-improver.md,False,0.4047,0.0714,0.6,False
397,231,popey/grummage,baizhiheizi/quill,repo-assist.md,perf-improver.md,False,0.4047,0.0714,0.6,False
539,231,popey/sbom-vm,baizhiheizi/quill,repo-assist.md,perf-improver.md,False,0.4047,0.0714,0.6,False
231,346,baizhiheizi/quill,fsprojects/FSharp.Control.TaskSeq,perf-improver.md,repo-assist.md,False,0.4047,0.0714,0.6429,False
231,340,baizhiheizi/quill,fsprojects/SwaggerProvider,perf-improver.md,repo-assist.md,False,0.4047,0.0714,0.6429,False
231,341,baizhiheizi/quill,fsprojects/FSharpx.Collections,perf-improver.md,repo-assist.md,False,0.4047,0.0714,0.6429,False
231,344,baizhiheizi/quill,fsprojects/FSharp.Control.AsyncSeq,perf-improver.md,repo-assist.md,False,0.4047,0.0714,0.6429,False
231,339,baizhiheizi/quill,fsprojects/FSharp.TypeProviders.SDK,perf-improver.md,repo-assist.md,False,0.4047,0.0714,0.6429,False
231,332,baizhiheizi/quill,fslaborg/Deedle,perf-improver.md,repo-assist.md,False,0.4047,0.0714,0.6429,False
231,335,baizhiheizi/quill,fsprojects/FSharp.Formatting,perf-improver.md,repo-assist.md,False,0.4047,0.0714,0.6429,False
231,343,baizhiheizi/quill,fslaborg/FSharp.Stats,perf-improver.md,repo-assist.md,False,0.4047,0.0714,0.6429,False
231,342,baizhiheizi/quill,fsprojects/FSharp.Data.SqlClient,perf-improver.md,repo-assist.md,False,0.4047,0.0714,0.6429,False
231,333,baizhiheizi/quill,ionide/ionide-vscode-fsharp,perf-improver.md,repo-assist.md,False,0.4047,0.0714,0.6429,False
231,337,baizhiheizi/quill,ionide/FsAutoComplete,perf-improver.md,repo-assist.md,False,0.4047,0.0714,0.7143,False
523,236,shanselman/winget-tui,baizhiheizi/quill,repo-assist.md,test-improver.md,False,0.4041,0.0682,0.6154,False
15,236,uxsoft/AppleWirelessKeyboard,baizhiheizi/quill,repo-assist.md,test-improver.md,False,0.4041,0.0682,0.5714,False
484,236,shanselman/WindowsEdgeLight,baizhiheizi/quill,repo-assist.md,test-improver.md,False,0.4041,0.0682,0.6154,False
336,236,fsprojects/FsHttp,baizhiheizi/quill,repo-assist.md,test-improver.md,False,0.4041,0.0682,0.5714,False
485,236,chrisreddington/trend-radar,baizhiheizi/quill,repo-assist.md,test-improver.md,False,0.4041,0.0682,0.5333,False
215,236,py-why/dowhy,baizhiheizi/quill,repo-assist.md,test-improver.md,False,0.4041,0.0682,0.5714,False
336,252,fsprojects/FsHttp,talk2MeGooseman/stream_closed_captioner_phoenix,repo-assist.md,daily-test-improver.md,False,0.404,0.0682,0.7273,False
485,252,chrisreddington/trend-radar,talk2MeGooseman/stream_closed_captioner_phoenix,repo-assist.md,daily-test-improver.md,False,0.404,0.0682,0.6667,False
15,252,uxsoft/AppleWirelessKeyboard,talk2MeGooseman/stream_closed_captioner_phoenix,repo-assist.md,daily-test-improver.md,False,0.404,0.0682,0.7273,False
484,252,shanselman/WindowsEdgeLight,talk2MeGooseman/stream_closed_captioner_phoenix,repo-assist.md,daily-test-improver.md,False,0.404,0.0682,0.8,False
523,252,shanselman/winget-tui,talk2MeGooseman/stream_closed_captioner_phoenix,repo-assist.md,daily-test-improver.md,False,0.404,0.0682,0.8,False
215,252,py-why/dowhy,talk2MeGooseman/stream_closed_captioner_phoenix,repo-assist.md,daily-test-improver.md,False,0.404,0.0682,0.7273,False
482,106,Kong/kongctl,appwrite/appwrite,slash-cmd-issue-triage.md,issue-triage.md,False,0.4018,0.0,0.7778,True
231,160,baizhiheizi/quill,sergey-tihon/Clippit,perf-improver.md,clippy.md,False,0.399,0.0476,0.6429,False
480,106,Kong/kongctl,appwrite/appwrite,opened-issue-triage.md,issue-triage.md,False,0.3967,0.0,0.7778,True
236,343,baizhiheizi/quill,fslaborg/FSharp.Stats,test-improver.md,repo-assist.md,False,0.3918,0.0667,0.6429,False
539,236,popey/sbom-vm,baizhiheizi/quill,repo-assist.md,test-improver.md,False,0.3918,0.0667,0.6,False
397,236,popey/grummage,baizhiheizi/quill,repo-assist.md,test-improver.md,False,0.3918,0.0667,0.6,False
236,346,baizhiheizi/quill,fsprojects/FSharp.Control.TaskSeq,test-improver.md,repo-assist.md,False,0.3918,0.0667,0.6429,False
236,335,baizhiheizi/quill,fsprojects/FSharp.Formatting,test-improver.md,repo-assist.md,False,0.3918,0.0667,0.6429,False
236,337,baizhiheizi/quill,ionide/FsAutoComplete,test-improver.md,repo-assist.md,False,0.3918,0.0667,0.7143,False
236,342,baizhiheizi/quill,fsprojects/FSharp.Data.SqlClient,test-improver.md,repo-assist.md,False,0.3918,0.0667,0.6429,False
385,236,popey/slomore,baizhiheizi/quill,repo-assist.md,test-improver.md,False,0.3918,0.0667,0.6,False
236,339,baizhiheizi/quill,fsprojects/FSharp.TypeProviders.SDK,test-improver.md,repo-assist.md,False,0.3918,0.0667,0.6429,False
236,332,baizhiheizi/quill,fslaborg/Deedle,test-improver.md,repo-assist.md,False,0.3918,0.0667,0.6429,False
236,344,baizhiheizi/quill,fsprojects/FSharp.Control.AsyncSeq,test-improver.md,repo-assist.md,False,0.3918,0.0667,0.6429,False
236,333,baizhiheizi/quill,ionide/ionide-vscode-fsharp,test-improver.md,repo-assist.md,False,0.3918,0.0667,0.6429,False
236,340,baizhiheizi/quill,fsprojects/SwaggerProvider,test-improver.md,repo-assist.md,False,0.3918,0.0667,0.6429,False
236,341,baizhiheizi/quill,fsprojects/FSharpx.Collections,test-improver.md,repo-assist.md,False,0.3918,0.0667,0.6429,False
252,342,talk2MeGooseman/stream_closed_captioner_phoenix,fsprojects/FSharp.Data.SqlClient,daily-test-improver.md,repo-assist.md,False,0.3917,0.0667,0.6667,False
252,340,talk2MeGooseman/stream_closed_captioner_phoenix,fsprojects/SwaggerProvider,daily-test-improver.md,repo-assist.md,False,0.3917,0.0667,0.6667,False
252,335,talk2MeGooseman/stream_closed_captioner_phoenix,fsprojects/FSharp.Formatting,daily-test-improver.md,repo-assist.md,False,0.3917,0.0667,0.6667,False
252,332,talk2MeGooseman/stream_closed_captioner_phoenix,fslaborg/Deedle,daily-test-improver.md,repo-assist.md,False,0.3917,0.0667,0.6667,False
252,344,talk2MeGooseman/stream_closed_captioner_phoenix,fsprojects/FSharp.Control.AsyncSeq,daily-test-improver.md,repo-assist.md,False,0.3917,0.0667,0.6667,False
252,343,talk2MeGooseman/stream_closed_captioner_phoenix,fslaborg/FSharp.Stats,daily-test-improver.md,repo-assist.md,False,0.3917,0.0667,0.6667,False
252,339,talk2MeGooseman/stream_closed_captioner_phoenix,fsprojects/FSharp.TypeProviders.SDK,daily-test-improver.md,repo-assist.md,False,0.3917,0.0667,0.6667,False
252,341,talk2MeGooseman/stream_closed_captioner_phoenix,fsprojects/FSharpx.Collections,daily-test-improver.md,repo-assist.md,False,0.3917,0.0667,0.6667,False
252,346,talk2MeGooseman/stream_closed_captioner_phoenix,fsprojects/FSharp.Control.TaskSeq,daily-test-improver.md,repo-assist.md,False,0.3917,0.0667,0.6667,False
397,252,popey/grummage,talk2MeGooseman/stream_closed_captioner_phoenix,repo-assist.md,daily-test-improver.md,False,0.3917,0.0667,0.6154,False
539,252,popey/sbom-vm,talk2MeGooseman/stream_closed_captioner_phoenix,repo-assist.md,daily-test-improver.md,False,0.3917,0.0667,0.6154,False
385,252,popey/slomore,talk2MeGooseman/stream_closed_captioner_phoenix,repo-assist.md,daily-test-improver.md,False,0.3917,0.0667,0.6154,False
233,252,baizhiheizi/quill,talk2MeGooseman/stream_closed_captioner_phoenix,repo-assist.md,daily-test-improver.md,False,0.3917,0.0667,0.6429,False
252,333,talk2MeGooseman/stream_closed_captioner_phoenix,ionide/ionide-vscode-fsharp,daily-test-improver.md,repo-assist.md,False,0.3917,0.0667,0.6667,False
252,337,talk2MeGooseman/stream_closed_captioner_phoenix,ionide/FsAutoComplete,daily-test-improver.md,repo-assist.md,False,0.3917,0.0667,0.6154,False
460,477,YousefHadder/markdown-plus.nvim,Kong/kongctl,code-simplifier.md,code-simplifier.md,False,0.39,0.2273,0.9231,False
236,160,baizhiheizi/quill,sergey-tihon/Clippit,test-improver.md,clippy.md,False,0.3863,0.0444,0.6429,False
252,160,talk2MeGooseman/stream_closed_captioner_phoenix,sergey-tihon/Clippit,daily-test-improver.md,clippy.md,False,0.3862,0.0444,0.6667,False
358,517,erigontech/erigon,microsoft/GitHub-Copilot-for-Azure,daily-repo-status.md,weekly-repo-status.md,False,0.3847,0.25,0.75,True
452,483,kubestellar/docs,Kong/kongctl,devstats.md,weekly-repo-status.md,False,0.3839,0.0,0.875,False
451,483,kubestellar/docs,Kong/kongctl,daily-team-status.md,weekly-repo-status.md,False,0.3839,0.0,0.875,False
48,316,Shazwazza/Articulate,rancher/dashboard,efficiency-improver.md,daily-test-improver.md,False,0.3822,0.0943,,False
228,316,baizhiheizi/quill,rancher/dashboard,efficiency-improver.md,daily-test-improver.md,False,0.3822,0.0943,,False
474,316,informedica/GenPRES,rancher/dashboard,repo-assist.md,daily-test-improver.md,False,0.3818,0.1053,,False
231,125,baizhiheizi/quill,licensee/licensee,perf-improver.md,repo-assist.md,False,0.3807,0.0714,0.6154,False
437,517,fideus-labs/ngff-zarr,microsoft/GitHub-Copilot-for-Azure,daily-repo-status.md,weekly-repo-status.md,False,0.3783,0.5,1.0,False
236,125,baizhiheizi/quill,licensee/licensee,test-improver.md,repo-assist.md,False,0.3729,0.0698,0.6154,False
252,125,talk2MeGooseman/stream_closed_captioner_phoenix,licensee/licensee,daily-test-improver.md,repo-assist.md,False,0.3728,0.0698,0.8,False
37,316,microsoft/vstest,rancher/dashboard,efficiency-improver.md,daily-test-improver.md,False,0.3715,0.0943,,False
474,221,informedica/GenPRES,NikiforovAll/keycloak-authorization-services-dotnet,repo-assist.md,keybot.md,False,0.3705,0.0588,0.6923,True
199,68,anweiss/cddl,openvinotoolkit/openvino,ci-doctor.md,ci-doctor-mq.md,False,0.3682,0.0417,0.6923,False
547,436,microsoft/agentrc,fideus-labs/ngff-zarr,daily-doc-updater.md,daily-doc-updater.md,False,0.3668,0.32,0.7857,False
215,316,py-why/dowhy,rancher/dashboard,repo-assist.md,daily-test-improver.md,False,0.3586,0.0682,,False
484,316,shanselman/WindowsEdgeLight,rancher/dashboard,repo-assist.md,daily-test-improver.md,False,0.3586,0.0682,,False
15,316,uxsoft/AppleWirelessKeyboard,rancher/dashboard,repo-assist.md,daily-test-improver.md,False,0.3586,0.0682,,False
523,316,shanselman/winget-tui,rancher/dashboard,repo-assist.md,daily-test-improver.md,False,0.3586,0.0682,,False
336,316,fsprojects/FsHttp,rancher/dashboard,repo-assist.md,daily-test-improver.md,False,0.3586,0.0682,,False
485,316,chrisreddington/trend-radar,rancher/dashboard,repo-assist.md,daily-test-improver.md,False,0.3586,0.0682,,False
15,330,uxsoft/AppleWirelessKeyboard,dotnet/fsharp,repo-assist.md,repo-assist.md,False,0.3487,0.2273,1.0,True
336,330,fsprojects/FsHttp,dotnet/fsharp,repo-assist.md,repo-assist.md,False,0.3487,0.2273,0.8182,True
485,330,chrisreddington/trend-radar,dotnet/fsharp,repo-assist.md,repo-assist.md,False,0.3487,0.2273,0.9091,True
215,330,py-why/dowhy,dotnet/fsharp,repo-assist.md,repo-assist.md,False,0.3487,0.2273,1.0,True
523,330,shanselman/winget-tui,dotnet/fsharp,repo-assist.md,repo-assist.md,False,0.3487,0.2273,0.9,True
484,330,shanselman/WindowsEdgeLight,dotnet/fsharp,repo-assist.md,repo-assist.md,False,0.3487,0.2273,0.9,True
587,503,Azure/git-ape,natnew/Awesome-Data-Science,issue-triage-agent.md,issue-triage-agent.md,False,0.3486,0.3333,0.5556,False
316,343,rancher/dashboard,fslaborg/FSharp.Stats,daily-test-improver.md,repo-assist.md,False,0.3481,0.0652,,False
316,339,rancher/dashboard,fsprojects/FSharp.TypeProviders.SDK,daily-test-improver.md,repo-assist.md,False,0.3481,0.0652,,False
316,340,rancher/dashboard,fsprojects/SwaggerProvider,daily-test-improver.md,repo-assist.md,False,0.3481,0.0652,,False
233,316,baizhiheizi/quill,rancher/dashboard,repo-assist.md,daily-test-improver.md,False,0.3481,0.0652,,False
316,337,rancher/dashboard,ionide/FsAutoComplete,daily-test-improver.md,repo-assist.md,False,0.3481,0.0652,,False
385,316,popey/slomore,rancher/dashboard,repo-assist.md,daily-test-improver.md,False,0.3481,0.0652,,False
316,341,rancher/dashboard,fsprojects/FSharpx.Collections,daily-test-improver.md,repo-assist.md,False,0.3481,0.0652,,False
316,333,rancher/dashboard,ionide/ionide-vscode-fsharp,daily-test-improver.md,repo-assist.md,False,0.3481,0.0652,,False
316,342,rancher/dashboard,fsprojects/FSharp.Data.SqlClient,daily-test-improver.md,repo-assist.md,False,0.3481,0.0652,,False
539,316,popey/sbom-vm,rancher/dashboard,repo-assist.md,daily-test-improver.md,False,0.3481,0.0652,,False
397,316,popey/grummage,rancher/dashboard,repo-assist.md,daily-test-improver.md,False,0.3481,0.0652,,False
316,346,rancher/dashboard,fsprojects/FSharp.Control.TaskSeq,daily-test-improver.md,repo-assist.md,False,0.3481,0.0652,,False
316,344,rancher/dashboard,fsprojects/FSharp.Control.AsyncSeq,daily-test-improver.md,repo-assist.md,False,0.3481,0.0652,,False
316,335,rancher/dashboard,fsprojects/FSharp.Formatting,daily-test-improver.md,repo-assist.md,False,0.3481,0.0652,,False
316,332,rancher/dashboard,fslaborg/Deedle,daily-test-improver.md,repo-assist.md,False,0.3481,0.0652,,False
474,48,informedica/GenPRES,Shazwazza/Articulate,repo-assist.md,efficiency-improver.md,False,0.345,0.0526,0.8,False
474,228,informedica/GenPRES,baizhiheizi/quill,repo-assist.md,efficiency-improver.md,False,0.345,0.0526,0.6154,False
316,160,rancher/dashboard,sergey-tihon/Clippit,daily-test-improver.md,clippy.md,False,0.3428,0.0435,,False
330,341,dotnet/fsharp,fsprojects/FSharpx.Collections,repo-assist.md,repo-assist.md,False,0.3419,0.1957,0.9091,True
330,346,dotnet/fsharp,fsprojects/FSharp.Control.TaskSeq,repo-assist.md,repo-assist.md,False,0.3419,0.1957,0.9091,True
330,337,dotnet/fsharp,ionide/FsAutoComplete,repo-assist.md,repo-assist.md,False,0.3419,0.1957,0.8333,True
330,333,dotnet/fsharp,ionide/ionide-vscode-fsharp,repo-assist.md,repo-assist.md,False,0.3419,0.1957,0.9091,True
330,339,dotnet/fsharp,fsprojects/FSharp.TypeProviders.SDK,repo-assist.md,repo-assist.md,False,0.3419,0.1957,0.9091,True
330,340,dotnet/fsharp,fsprojects/SwaggerProvider,repo-assist.md,repo-assist.md,False,0.3419,0.1957,0.9091,True
397,330,popey/grummage,dotnet/fsharp,repo-assist.md,repo-assist.md,False,0.3419,0.1957,0.8333,True
539,330,popey/sbom-vm,dotnet/fsharp,repo-assist.md,repo-assist.md,False,0.3419,0.1957,0.8333,True
330,344,dotnet/fsharp,fsprojects/FSharp.Control.AsyncSeq,repo-assist.md,repo-assist.md,False,0.3419,0.1957,0.9091,True
330,335,dotnet/fsharp,fsprojects/FSharp.Formatting,repo-assist.md,repo-assist.md,False,0.3419,0.1957,0.9091,True
330,342,dotnet/fsharp,fsprojects/FSharp.Data.SqlClient,repo-assist.md,repo-assist.md,False,0.3419,0.1957,0.9091,True
330,332,dotnet/fsharp,fslaborg/Deedle,repo-assist.md,repo-assist.md,False,0.3419,0.1957,0.9091,True
330,343,dotnet/fsharp,fslaborg/FSharp.Stats,repo-assist.md,repo-assist.md,False,0.3419,0.1957,0.9091,True
385,330,popey/slomore,dotnet/fsharp,repo-assist.md,repo-assist.md,False,0.3419,0.1957,0.8333,True
233,330,baizhiheizi/quill,dotnet/fsharp,repo-assist.md,repo-assist.md,False,0.3419,0.1957,0.7143,True
540,68,zircote/rlm-rs,openvinotoolkit/openvino,ci-doctor.md,ci-doctor-mq.md,False,0.3387,0.0833,0.6667,False
37,474,microsoft/vstest,informedica/GenPRES,efficiency-improver.md,repo-assist.md,False,0.3337,0.0526,0.6364,False
474,330,informedica/GenPRES,dotnet/fsharp,repo-assist.md,repo-assist.md,False,0.3328,0.2105,0.7273,True
547,463,microsoft/agentrc,YousefHadder/markdown-plus.nvim,daily-doc-updater.md,daily-doc-updater.md,False,0.3317,0.2,0.8462,False
316,125,rancher/dashboard,licensee/licensee,daily-test-improver.md,repo-assist.md,False,0.3306,0.0698,,False
84,188,storybookjs/storybook,elastic/terraform-provider-elasticstack,duplicate-code-detector.md,semantic-function-refactor.md,False,0.3294,0.0,0.6,False
305,68,openvinotoolkit/openvino.genai,openvinotoolkit/openvino,ci-doctor.md,ci-doctor-mq.md,True,0.3291,0.0938,0.6429,False
35,464,microsoft/vstest,YousefHadder/markdown-plus.nvim,daily-file-diet.md,daily-file-diet.md,False,0.3283,0.0385,0.6154,False
231,331,baizhiheizi/quill,fable-compiler/Fable,perf-improver.md,repo-assist.md,False,0.3282,0.0476,0.5333,False
525,188,chimon2000/good_first_issue,elastic/terraform-provider-elasticstack,duplicate-code-detector.md,semantic-function-refactor.md,False,0.3281,0.0,0.4667,False
330,160,dotnet/fsharp,sergey-tihon/Clippit,repo-assist.md,clippy.md,False,0.3272,0.0652,0.9091,True
345,231,fable-compiler/Fable.Python,baizhiheizi/quill,repo-assist.md,perf-improver.md,False,0.3268,0.0476,0.5,False
423,482,microsoft/wassette,Kong/kongctl,pr-triage.md,slash-cmd-issue-triage.md,False,0.3257,0.0,0.4,False
345,221,fable-compiler/Fable.Python,NikiforovAll/keycloak-authorization-services-dotnet,repo-assist.md,keybot.md,False,0.3247,0.0882,0.6923,False
221,331,NikiforovAll/keycloak-authorization-services-dotnet,fable-compiler/Fable,keybot.md,repo-assist.md,False,0.3234,0.0882,0.8462,True
221,125,NikiforovAll/keycloak-authorization-services-dotnet,licensee/licensee,keybot.md,repo-assist.md,False,0.3228,0.0588,0.6923,True
58,231,ReactiveX/RxPY,baizhiheizi/quill,repo-assist.md,perf-improver.md,False,0.3221,0.0476,0.5,False
423,480,microsoft/wassette,Kong/kongctl,pr-triage.md,opened-issue-triage.md,False,0.322,0.0,0.4,False
336,228,fsprojects/FsHttp,baizhiheizi/quill,repo-assist.md,efficiency-improver.md,False,0.3217,0.0682,0.5714,False
523,228,shanselman/winget-tui,baizhiheizi/quill,repo-assist.md,efficiency-improver.md,False,0.3217,0.0682,0.6154,False
523,48,shanselman/winget-tui,Shazwazza/Articulate,repo-assist.md,efficiency-improver.md,False,0.3217,0.0682,0.8,False
484,48,shanselman/WindowsEdgeLight,Shazwazza/Articulate,repo-assist.md,efficiency-improver.md,False,0.3217,0.0682,0.8,False
485,48,chrisreddington/trend-radar,Shazwazza/Articulate,repo-assist.md,efficiency-improver.md,False,0.3217,0.0682,0.6667,False
485,228,chrisreddington/trend-radar,baizhiheizi/quill,repo-assist.md,efficiency-improver.md,False,0.3217,0.0682,0.5333,False
484,228,shanselman/WindowsEdgeLight,baizhiheizi/quill,repo-assist.md,efficiency-improver.md,False,0.3217,0.0682,0.6154,False
15,48,uxsoft/AppleWirelessKeyboard,Shazwazza/Articulate,repo-assist.md,efficiency-improver.md,False,0.3217,0.0682,0.7273,False
48,215,Shazwazza/Articulate,py-why/dowhy,efficiency-improver.md,repo-assist.md,False,0.3217,0.0682,0.7273,False
15,228,uxsoft/AppleWirelessKeyboard,baizhiheizi/quill,repo-assist.md,efficiency-improver.md,False,0.3217,0.0682,0.5714,False
228,215,baizhiheizi/quill,py-why/dowhy,efficiency-improver.md,repo-assist.md,False,0.3217,0.0682,0.5714,False
336,48,fsprojects/FsHttp,Shazwazza/Articulate,repo-assist.md,efficiency-improver.md,False,0.3217,0.0682,0.7273,False
345,236,fable-compiler/Fable.Python,baizhiheizi/quill,repo-assist.md,test-improver.md,False,0.3208,0.0444,0.5,False
345,252,fable-compiler/Fable.Python,talk2MeGooseman/stream_closed_captioner_phoenix,repo-assist.md,daily-test-improver.md,False,0.3207,0.0444,0.6364,False
236,331,baizhiheizi/quill,fable-compiler/Fable,test-improver.md,repo-assist.md,False,0.3193,0.0444,0.5333,False
231,334,baizhiheizi/quill,fsprojects/fantomas,perf-improver.md,repo-assist.md,False,0.3192,0.0476,0.6429,False
252,331,talk2MeGooseman/stream_closed_captioner_phoenix,fable-compiler/Fable,daily-test-improver.md,repo-assist.md,False,0.3192,0.0444,0.6667,False
58,236,ReactiveX/RxPY,baizhiheizi/quill,repo-assist.md,test-improver.md,False,0.317,0.0444,0.5,False
58,252,ReactiveX/RxPY,talk2MeGooseman/stream_closed_captioner_phoenix,repo-assist.md,daily-test-improver.md,False,0.3169,0.0444,0.6364,False
58,221,ReactiveX/RxPY,NikiforovAll/keycloak-authorization-services-dotnet,repo-assist.md,keybot.md,False,0.3157,0.0882,0.6923,False
330,125,dotnet/fsharp,licensee/licensee,repo-assist.md,repo-assist.md,False,0.3148,0.2093,0.7273,True
221,334,NikiforovAll/keycloak-authorization-services-dotnet,fsprojects/fantomas,keybot.md,repo-assist.md,False,0.3132,0.0294,0.7143,True
236,334,baizhiheizi/quill,fsprojects/fantomas,test-improver.md,repo-assist.md,False,0.3131,0.0444,0.6429,False
252,334,talk2MeGooseman/stream_closed_captioner_phoenix,fsprojects/fantomas,daily-test-improver.md,repo-assist.md,False,0.3131,0.0444,0.6667,False
317,188,rancher/dashboard,elastic/terraform-provider-elasticstack,duplicate-code-detector.md,semantic-function-refactor.md,False,0.3121,0.0,0.5714,False
103,188,ptarmiganlabs/butler-sos,elastic/terraform-provider-elasticstack,duplicate-code-detector.md,semantic-function-refactor.md,False,0.3121,0.0,0.4286,False
48,343,Shazwazza/Articulate,fslaborg/FSharp.Stats,efficiency-improver.md,repo-assist.md,False,0.312,0.0652,0.8182,False
48,539,Shazwazza/Articulate,popey/sbom-vm,efficiency-improver.md,repo-assist.md,False,0.312,0.0652,0.75,False
48,332,Shazwazza/Articulate,fslaborg/Deedle,efficiency-improver.md,repo-assist.md,False,0.312,0.0652,0.8182,False
48,397,Shazwazza/Articulate,popey/grummage,efficiency-improver.md,repo-assist.md,False,0.312,0.0652,0.75,False
228,539,baizhiheizi/quill,popey/sbom-vm,efficiency-improver.md,repo-assist.md,False,0.312,0.0652,0.6,False
228,385,baizhiheizi/quill,popey/slomore,efficiency-improver.md,repo-assist.md,False,0.312,0.0652,0.6,False
48,344,Shazwazza/Articulate,fsprojects/FSharp.Control.AsyncSeq,efficiency-improver.md,repo-assist.md,False,0.312,0.0652,0.8182,False
48,339,Shazwazza/Articulate,fsprojects/FSharp.TypeProviders.SDK,efficiency-improver.md,repo-assist.md,False,0.312,0.0652,0.8182,False
228,340,baizhiheizi/quill,fsprojects/SwaggerProvider,efficiency-improver.md,repo-assist.md,False,0.312,0.0652,0.6429,False
228,341,baizhiheizi/quill,fsprojects/FSharpx.Collections,efficiency-improver.md,repo-assist.md,False,0.312,0.0652,0.6429,False
228,346,baizhiheizi/quill,fsprojects/FSharp.Control.TaskSeq,efficiency-improver.md,repo-assist.md,False,0.312,0.0652,0.6429,False
228,337,baizhiheizi/quill,ionide/FsAutoComplete,efficiency-improver.md,repo-assist.md,False,0.312,0.0652,0.7143,False
228,333,baizhiheizi/quill,ionide/ionide-vscode-fsharp,efficiency-improver.md,repo-assist.md,False,0.312,0.0652,0.6429,False
228,344,baizhiheizi/quill,fsprojects/FSharp.Control.AsyncSeq,efficiency-improver.md,repo-assist.md,False,0.312,0.0652,0.6429,False
228,397,baizhiheizi/quill,popey/grummage,efficiency-improver.md,repo-assist.md,False,0.312,0.0652,0.6,False
228,339,baizhiheizi/quill,fsprojects/FSharp.TypeProviders.SDK,efficiency-improver.md,repo-assist.md,False,0.312,0.0652,0.6429,False
228,342,baizhiheizi/quill,fsprojects/FSharp.Data.SqlClient,efficiency-improver.md,repo-assist.md,False,0.312,0.0652,0.6429,False
48,233,Shazwazza/Articulate,baizhiheizi/quill,efficiency-improver.md,repo-assist.md,False,0.312,0.0652,0.6429,False
48,385,Shazwazza/Articulate,popey/slomore,efficiency-improver.md,repo-assist.md,False,0.312,0.0652,0.75,False
228,332,baizhiheizi/quill,fslaborg/Deedle,efficiency-improver.md,repo-assist.md,False,0.312,0.0652,0.6429,False
228,343,baizhiheizi/quill,fslaborg/FSharp.Stats,efficiency-improver.md,repo-assist.md,False,0.312,0.0652,0.6429,False
48,340,Shazwazza/Articulate,fsprojects/SwaggerProvider,efficiency-improver.md,repo-assist.md,False,0.312,0.0652,0.8182,False
228,335,baizhiheizi/quill,fsprojects/FSharp.Formatting,efficiency-improver.md,repo-assist.md,False,0.312,0.0652,0.6429,False
48,333,Shazwazza/Articulate,ionide/ionide-vscode-fsharp,efficiency-improver.md,repo-assist.md,False,0.312,0.0652,0.8182,False
48,337,Shazwazza/Articulate,ionide/FsAutoComplete,efficiency-improver.md,repo-assist.md,False,0.312,0.0652,0.75,False
48,335,Shazwazza/Articulate,fsprojects/FSharp.Formatting,efficiency-improver.md,repo-assist.md,False,0.312,0.0652,0.8182,False
48,342,Shazwazza/Articulate,fsprojects/FSharp.Data.SqlClient,efficiency-improver.md,repo-assist.md,False,0.312,0.0652,0.8182,False
48,341,Shazwazza/Articulate,fsprojects/FSharpx.Collections,efficiency-improver.md,repo-assist.md,False,0.312,0.0652,0.8182,False
48,346,Shazwazza/Articulate,fsprojects/FSharp.Control.TaskSeq,efficiency-improver.md,repo-assist.md,False,0.312,0.0652,0.8182,False
37,484,microsoft/vstest,shanselman/WindowsEdgeLight,efficiency-improver.md,repo-assist.md,False,0.3113,0.0682,0.6364,False
37,215,microsoft/vstest,py-why/dowhy,efficiency-improver.md,repo-assist.md,False,0.3113,0.0682,0.5833,False
37,485,microsoft/vstest,chrisreddington/trend-radar,efficiency-improver.md,repo-assist.md,False,0.3113,0.0682,0.5385,False
15,37,uxsoft/AppleWirelessKeyboard,microsoft/vstest,repo-assist.md,efficiency-improver.md,False,0.3113,0.0682,0.5833,False
37,523,microsoft/vstest,shanselman/winget-tui,efficiency-improver.md,repo-assist.md,False,0.3113,0.0682,0.6364,False
37,336,microsoft/vstest,fsprojects/FsHttp,efficiency-improver.md,repo-assist.md,False,0.3113,0.0682,0.5833,False
119,517,lablup/backend.ai-webui,microsoft/GitHub-Copilot-for-Azure,weekly-team-status.md,weekly-repo-status.md,False,0.3097,0.25,0.7778,False
228,160,baizhiheizi/quill,sergey-tihon/Clippit,efficiency-improver.md,clippy.md,False,0.3084,0.0435,0.6429,False
48,160,Shazwazza/Articulate,sergey-tihon/Clippit,efficiency-improver.md,clippy.md,False,0.3084,0.0435,0.8182,False
37,340,microsoft/vstest,fsprojects/SwaggerProvider,efficiency-improver.md,repo-assist.md,False,0.302,0.0652,0.6667,False
37,339,microsoft/vstest,fsprojects/FSharp.TypeProviders.SDK,efficiency-improver.md,repo-assist.md,False,0.302,0.0652,0.6667,False
37,341,microsoft/vstest,fsprojects/FSharpx.Collections,efficiency-improver.md,repo-assist.md,False,0.302,0.0652,0.6667,False
37,332,microsoft/vstest,fslaborg/Deedle,efficiency-improver.md,repo-assist.md,False,0.302,0.0652,0.6667,False
37,343,microsoft/vstest,fslaborg/FSharp.Stats,efficiency-improver.md,repo-assist.md,False,0.302,0.0652,0.6667,False
37,342,microsoft/vstest,fsprojects/FSharp.Data.SqlClient,efficiency-improver.md,repo-assist.md,False,0.302,0.0652,0.6667,False
37,346,microsoft/vstest,fsprojects/FSharp.Control.TaskSeq,efficiency-improver.md,repo-assist.md,False,0.302,0.0652,0.6667,False
37,385,microsoft/vstest,popey/slomore,efficiency-improver.md,repo-assist.md,False,0.302,0.0652,0.6154,False
37,344,microsoft/vstest,fsprojects/FSharp.Control.AsyncSeq,efficiency-improver.md,repo-assist.md,False,0.302,0.0652,0.6667,False
37,335,microsoft/vstest,fsprojects/FSharp.Formatting,efficiency-improver.md,repo-assist.md,False,0.302,0.0652,0.6667,False
37,337,microsoft/vstest,ionide/FsAutoComplete,efficiency-improver.md,repo-assist.md,False,0.302,0.0652,0.6154,False
37,333,microsoft/vstest,ionide/ionide-vscode-fsharp,efficiency-improver.md,repo-assist.md,False,0.302,0.0652,0.6667,False
37,397,microsoft/vstest,popey/grummage,efficiency-improver.md,repo-assist.md,False,0.302,0.0652,0.6154,False
37,539,microsoft/vstest,popey/sbom-vm,efficiency-improver.md,repo-assist.md,False,0.302,0.0652,0.6154,False
37,233,microsoft/vstest,baizhiheizi/quill,efficiency-improver.md,repo-assist.md,False,0.302,0.0652,0.5333,False
