version_id,history_id,repo,path,rank,committed_at,n_frontmatter,n_heading,n_prose,n_code,n_total,has_emoji,emojis,fm_emoji_field,mentions_emoji,body_words,stub
1,1,apache/cloudstack,.github/workflows/daily-issue-triage.md,1,2026-06-17T18:15:03Z,0,0,1,4,5,True,🎯📊🔗💡,False,False,1020,False
2,2,apache/cloudstack,.github/workflows/daily-repo-status.md,1,2026-02-17T15:11:01Z,0,0,1,0,1,True,🌟,False,True,105,False
3,2,apache/cloudstack,.github/workflows/daily-repo-status.md,2,2026-02-18T08:35:17Z,0,0,1,0,1,True,🌟,False,True,105,False
4,2,apache/cloudstack,.github/workflows/daily-repo-status.md,3,2026-05-29T09:15:49Z,0,0,1,0,1,True,🌟,False,True,104,False
5,2,apache/cloudstack,.github/workflows/daily-repo-status.md,4,2026-06-17T18:15:03Z,0,0,1,0,1,True,🌟,False,True,104,False
6,3,brunoborges/fx2048,.github/workflows/create-sample-issue.md,1,2026-02-09T22:57:17Z,0,0,0,0,0,False,,False,False,52,False
7,3,brunoborges/fx2048,.github/workflows/create-sample-issue.md,2,2026-02-09T23:09:51Z,0,0,0,0,0,False,,False,False,41,False
8,3,brunoborges/fx2048,.github/workflows/create-sample-issue.md,3,2026-02-09T23:27:44Z,0,0,0,0,0,False,,False,False,51,False
9,4,vaadin/flow,.github/workflows/doc-bot.md,1,2026-06-04T08:47:29Z,0,0,0,0,0,False,,False,False,1373,False
10,4,vaadin/flow,.github/workflows/doc-bot.md,2,2026-06-04T11:15:04Z,0,0,0,0,0,False,,False,False,1373,False
11,5,Activiti/activiti-cloud,.github/workflows/supply-chain-review.md,1,2026-05-29T14:47:20Z,0,0,0,0,0,False,,False,False,2371,False
12,5,Activiti/activiti-cloud,.github/workflows/supply-chain-review.md,2,2026-06-04T09:15:03Z,0,0,0,0,0,False,,False,False,2373,False
13,5,Activiti/activiti-cloud,.github/workflows/supply-chain-review.md,3,2026-06-11T10:25:36Z,0,0,0,0,0,False,,False,False,2484,False
14,6,duckduckgo/Android,.github/workflows/android-maintenance-worker.md,1,2026-03-31T20:48:50Z,0,0,4,0,4,True,🤖,False,False,985,False
15,6,duckduckgo/Android,.github/workflows/android-maintenance-worker.md,2,2026-04-21T20:35:13Z,0,0,3,0,3,True,🤖,False,False,1005,False
16,6,duckduckgo/Android,.github/workflows/android-maintenance-worker.md,3,2026-04-29T14:12:46Z,0,0,3,0,3,True,🤖,False,False,879,False
17,7,duckduckgo/Android,.github/workflows/daily-repo-status.md,1,2026-03-04T08:35:31Z,0,0,1,0,1,True,🌟,False,True,105,False
18,8,duckduckgo/Android,.github/workflows/drift-audit.md,1,2026-06-16T20:42:59Z,0,0,3,0,3,True,🤖,False,False,810,False
19,9,executeautomation/ExecuteAutomationWebApp,.github/workflows/daily-repo-status.md,1,2026-03-03T02:01:05Z,0,0,1,0,1,True,🌟,False,True,105,False
20,10,Dedac/Beam,.github/workflows/fix-top-improvement.md,1,2026-04-22T14:47:40Z,0,0,1,0,1,True,🥇,False,False,401,False
21,10,Dedac/Beam,.github/workflows/fix-top-improvement.md,2,2026-04-22T15:31:15Z,0,0,1,0,1,True,🥇,False,False,439,False
22,11,Dedac/Beam,.github/workflows/weekly-improvements.md,1,2026-04-22T14:44:20Z,0,0,0,3,3,True,🥇🥈🥉,False,False,421,False
23,12,mono/SkiaSharp,.github/workflows/auto-skia-sync.md,1,2026-05-08T19:55:22Z,2,0,0,0,2,True,✅⚠,False,False,418,False
24,12,mono/SkiaSharp,.github/workflows/auto-skia-sync.md,2,2026-05-11T21:23:40Z,2,0,0,0,2,True,✅⚠,False,False,418,False
25,12,mono/SkiaSharp,.github/workflows/auto-skia-sync.md,3,2026-05-15T09:06:22Z,2,0,0,0,2,True,✅⚠,False,False,420,False
26,12,mono/SkiaSharp,.github/workflows/auto-skia-sync.md,4,2026-05-20T17:18:19Z,2,0,0,0,2,True,✅⚠,False,False,420,False
27,12,mono/SkiaSharp,.github/workflows/auto-skia-sync.md,5,2026-05-20T21:12:27Z,2,0,0,0,2,True,✅⚠,False,False,420,False
28,12,mono/SkiaSharp,.github/workflows/auto-skia-sync.md,6,2026-06-25T23:26:02Z,0,0,0,0,0,False,,False,False,760,False
29,12,mono/SkiaSharp,.github/workflows/auto-skia-sync.md,7,2026-06-26T18:13:59Z,0,0,0,0,0,False,,False,False,938,False
30,12,mono/SkiaSharp,.github/workflows/auto-skia-sync.md,8,2026-06-26T21:41:56Z,0,0,0,0,0,False,,False,False,939,False
31,13,mono/SkiaSharp,.github/workflows/auto-triage.md,1,2026-04-21T00:24:36Z,0,0,0,0,0,False,,False,False,346,False
32,13,mono/SkiaSharp,.github/workflows/auto-triage.md,2,2026-04-21T00:43:46Z,0,0,0,0,0,False,,False,False,346,False
33,13,mono/SkiaSharp,.github/workflows/auto-triage.md,3,2026-04-21T03:34:48Z,0,0,0,0,0,False,,False,False,347,False
34,13,mono/SkiaSharp,.github/workflows/auto-triage.md,4,2026-04-21T04:01:59Z,0,0,0,0,0,False,,False,False,347,False
35,13,mono/SkiaSharp,.github/workflows/auto-triage.md,5,2026-04-21T17:28:34Z,0,0,0,0,0,False,,False,False,464,False
36,13,mono/SkiaSharp,.github/workflows/auto-triage.md,6,2026-04-24T03:58:47Z,0,0,0,0,0,False,,False,False,479,False
37,13,mono/SkiaSharp,.github/workflows/auto-triage.md,7,2026-05-08T19:26:00Z,0,0,0,0,0,False,,False,False,486,False
38,13,mono/SkiaSharp,.github/workflows/auto-triage.md,8,2026-06-26T21:41:56Z,0,0,0,0,0,False,,False,False,487,False
39,14,mono/SkiaSharp,.github/workflows/update-release-notes.md,1,2026-04-28T02:39:23Z,0,0,3,0,3,True,❤⚠,False,False,543,False
40,14,mono/SkiaSharp,.github/workflows/update-release-notes.md,2,2026-04-28T13:09:20Z,0,0,3,0,3,True,❤⚠,False,False,580,False
41,14,mono/SkiaSharp,.github/workflows/update-release-notes.md,3,2026-04-28T20:53:55Z,0,0,0,0,0,False,,False,False,196,False
42,14,mono/SkiaSharp,.github/workflows/update-release-notes.md,4,2026-04-29T23:32:51Z,0,0,0,0,0,False,,False,False,196,False
43,14,mono/SkiaSharp,.github/workflows/update-release-notes.md,5,2026-04-30T14:10:26Z,0,0,0,0,0,False,,False,False,196,False
44,14,mono/SkiaSharp,.github/workflows/update-release-notes.md,6,2026-04-30T17:18:30Z,0,0,0,0,0,False,,False,False,196,False
45,14,mono/SkiaSharp,.github/workflows/update-release-notes.md,7,2026-05-04T21:34:43Z,0,0,0,0,0,False,,False,False,196,False
46,14,mono/SkiaSharp,.github/workflows/update-release-notes.md,8,2026-05-04T22:32:28Z,0,0,0,0,0,False,,False,False,196,False
47,14,mono/SkiaSharp,.github/workflows/update-release-notes.md,9,2026-05-24T21:20:03Z,0,0,0,0,0,False,,False,False,293,False
48,14,mono/SkiaSharp,.github/workflows/update-release-notes.md,10,2026-06-16T17:25:02Z,0,0,0,0,0,False,,False,False,218,False
49,14,mono/SkiaSharp,.github/workflows/update-release-notes.md,11,2026-06-18T14:47:55Z,0,0,0,0,0,False,,False,False,340,False
50,14,mono/SkiaSharp,.github/workflows/update-release-notes.md,12,2026-06-18T17:50:13Z,0,0,0,0,0,False,,False,False,373,False
51,14,mono/SkiaSharp,.github/workflows/update-release-notes.md,13,2026-06-22T20:07:50Z,0,0,0,0,0,False,,False,False,374,False
52,14,mono/SkiaSharp,.github/workflows/update-release-notes.md,14,2026-06-23T16:46:51Z,0,0,0,0,0,False,,False,False,578,False
53,14,mono/SkiaSharp,.github/workflows/update-release-notes.md,15,2026-06-26T21:41:56Z,0,0,0,0,0,False,,False,False,579,False
54,15,uxsoft/AppleWirelessKeyboard,.github/workflows/repo-assist.md,1,2026-04-22T19:02:05Z,1,0,9,0,10,True,🌈🤖💬🔧🏷📝🔄,False,False,2694,False
55,16,dotnet/maui,.github/workflows/agentic-labeler.md,1,2026-05-15T15:33:58Z,0,1,0,0,1,True,🚨,False,True,596,False
56,16,dotnet/maui,.github/workflows/agentic-labeler.md,2,2026-05-15T16:26:46Z,0,1,0,0,1,True,🚨,False,True,596,False
57,16,dotnet/maui,.github/workflows/agentic-labeler.md,3,2026-05-18T20:06:04Z,0,1,0,0,1,True,🚨,False,True,596,False
58,16,dotnet/maui,.github/workflows/agentic-labeler.md,4,2026-05-20T14:34:36Z,0,1,0,0,1,True,🚨,False,True,596,False
59,16,dotnet/maui,.github/workflows/agentic-labeler.md,5,2026-05-21T21:57:13Z,0,1,0,0,1,True,🚨,False,True,633,False
60,16,dotnet/maui,.github/workflows/agentic-labeler.md,6,2026-06-17T20:38:43Z,0,1,0,0,1,True,🚨,False,True,633,False
61,17,dotnet/maui,.github/workflows/ci-status-fix-net11.md,1,2026-06-23T14:21:08Z,0,0,1,0,1,True,⚠,False,False,5759,False
62,18,dotnet/maui,.github/workflows/ci-status-fix.md,1,2026-06-23T14:21:08Z,0,0,1,0,1,True,⚠,False,False,5723,False
63,19,dotnet/maui,.github/workflows/ci-status-main.md,1,2026-06-08T19:52:50Z,2,0,0,0,2,True,✅⚠,False,False,1163,False
64,19,dotnet/maui,.github/workflows/ci-status-main.md,2,2026-06-09T18:54:16Z,2,0,0,0,2,True,✅⚠,False,False,1163,False
65,19,dotnet/maui,.github/workflows/ci-status-main.md,3,2026-06-17T20:00:11Z,2,0,0,0,2,True,✅⚠,False,False,1163,False
66,19,dotnet/maui,.github/workflows/ci-status-main.md,4,2026-06-23T14:21:08Z,2,0,0,0,2,True,✅⚠,False,False,1666,False
67,19,dotnet/maui,.github/workflows/ci-status-main.md,5,2026-06-25T16:27:53Z,4,0,0,0,4,True,✅⚠,False,False,1539,False
68,20,dotnet/maui,.github/workflows/ci-status-net11.md,1,2026-06-08T19:52:50Z,2,0,0,0,2,True,✅⚠,False,False,1164,False
69,20,dotnet/maui,.github/workflows/ci-status-net11.md,2,2026-06-09T18:54:16Z,2,0,0,0,2,True,✅⚠,False,False,1164,False
70,20,dotnet/maui,.github/workflows/ci-status-net11.md,3,2026-06-17T20:00:11Z,2,0,0,0,2,True,✅⚠,False,False,1164,False
71,20,dotnet/maui,.github/workflows/ci-status-net11.md,4,2026-06-23T14:21:08Z,2,0,0,0,2,True,✅⚠,False,False,1667,False
72,20,dotnet/maui,.github/workflows/ci-status-net11.md,5,2026-06-25T16:27:53Z,4,0,0,0,4,True,✅⚠,False,False,1545,False
73,21,dotnet/maui,.github/workflows/copilot-evaluate-tests.md,1,2026-03-25T14:44:35Z,6,0,0,9,15,True,🧪🔬✅❌⏭⚠👍👎📊,False,False,280,False
74,21,dotnet/maui,.github/workflows/copilot-evaluate-tests.md,2,2026-03-25T21:05:33Z,6,0,0,9,15,True,🧪🔬✅❌⏭⚠👍👎📊,False,False,280,False
75,21,dotnet/maui,.github/workflows/copilot-evaluate-tests.md,3,2026-04-15T17:21:02Z,9,0,0,9,18,True,🧪🔬✅❌⏭⚠👍👎📊,False,False,433,False
76,21,dotnet/maui,.github/workflows/copilot-evaluate-tests.md,4,2026-04-30T13:44:37Z,9,0,0,9,18,True,🧪🔬✅❌⏭⚠👍👎📊,False,False,435,False
77,21,dotnet/maui,.github/workflows/copilot-evaluate-tests.md,5,2026-06-17T20:00:11Z,9,0,0,9,18,True,🧪🔬✅❌⏭⚠👍👎📊,False,False,435,False
78,21,dotnet/maui,.github/workflows/copilot-evaluate-tests.md,6,2026-06-17T20:38:43Z,9,0,0,9,18,True,🧪🔬✅❌⏭⚠👍👎📊,False,False,435,False
79,22,dotnet/maui,.github/workflows/copilot-review-tests.md,1,2026-06-08T21:58:57Z,0,0,0,0,0,False,,False,False,453,False
80,22,dotnet/maui,.github/workflows/copilot-review-tests.md,2,2026-06-09T18:54:46Z,0,0,0,0,0,False,,False,False,440,False
81,22,dotnet/maui,.github/workflows/copilot-review-tests.md,3,2026-06-10T21:40:36Z,0,0,0,0,0,False,,False,True,499,False
82,22,dotnet/maui,.github/workflows/copilot-review-tests.md,4,2026-06-17T20:38:43Z,0,0,0,0,0,False,,False,True,499,False
83,22,dotnet/maui,.github/workflows/copilot-review-tests.md,5,2026-06-18T14:45:10Z,0,0,0,0,0,False,,False,True,499,False
84,22,dotnet/maui,.github/workflows/copilot-review-tests.md,6,2026-06-19T19:46:15Z,0,0,0,0,0,False,,False,True,499,False
85,22,dotnet/maui,.github/workflows/copilot-review-tests.md,7,2026-06-25T16:27:53Z,0,0,0,0,0,False,,False,True,1422,False
86,23,dotnet/maui,.github/workflows/daily-repo-status.md,1,2026-02-13T16:15:34Z,0,0,1,0,1,True,🌟,False,True,105,False
87,23,dotnet/maui,.github/workflows/daily-repo-status.md,2,2026-02-18T13:07:52Z,0,0,1,0,1,True,🌟,False,True,105,False
88,23,dotnet/maui,.github/workflows/daily-repo-status.md,3,2026-06-17T20:00:11Z,0,0,1,0,1,True,🌟,False,True,105,False
89,24,dotnet/maui,.github/workflows/rerun-review-scanner.md,1,2026-06-08T21:10:53Z,0,0,0,0,0,False,,False,False,481,False
90,24,dotnet/maui,.github/workflows/rerun-review-scanner.md,2,2026-06-15T20:46:44Z,0,0,0,0,0,False,,False,False,481,False
91,24,dotnet/maui,.github/workflows/rerun-review-scanner.md,3,2026-06-17T20:00:11Z,0,0,0,0,0,False,,False,False,481,False
92,24,dotnet/maui,.github/workflows/rerun-review-scanner.md,4,2026-06-22T15:00:50Z,0,0,0,0,0,False,,False,False,540,False
93,24,dotnet/maui,.github/workflows/rerun-review-scanner.md,5,2026-06-25T15:39:22Z,3,0,0,0,3,True,🚀👍👎,False,False,707,False
94,25,dotnet/machinelearning,.github/workflows/ci-scan-feedback.agent.md,1,2026-06-08T07:52:26Z,0,0,7,0,7,True,🔴🟢,False,False,1783,False
95,25,dotnet/machinelearning,.github/workflows/ci-scan-feedback.agent.md,2,2026-06-09T09:31:33Z,0,0,7,0,7,True,🔴🟢,False,False,1783,False
96,26,dotnet/machinelearning,.github/workflows/ci-scan.agent.md,1,2026-06-08T07:52:26Z,0,0,0,0,0,False,,False,False,944,False
97,27,dotnet/machinelearning,.github/workflows/issue-triage.agent.md,1,2026-03-20T19:22:44Z,0,0,0,0,0,False,,False,False,345,False
98,28,dotnet/machinelearning,.github/workflows/repo-health-check.md,1,2026-03-06T19:18:46Z,0,0,7,5,12,True,🔴🟡ℹ📋📌🆕✅🏥,False,True,1581,False
99,28,dotnet/machinelearning,.github/workflows/repo-health-check.md,2,2026-03-10T11:24:47Z,0,0,7,5,12,True,🔴🟡ℹ📋📌🆕✅🏥,False,True,1581,False
100,29,dotnet/machinelearning,.github/workflows/repo-health-groom.md,1,2026-03-06T19:18:46Z,0,0,2,3,5,True,📊🏥🆕📁,False,False,757,False
101,29,dotnet/machinelearning,.github/workflows/repo-health-groom.md,2,2026-03-10T11:24:47Z,0,0,2,3,5,True,📊🏥🆕📁,False,False,757,False
102,30,dotnet/machinelearning,.github/workflows/repo-health-investigate.md,1,2026-03-06T19:18:46Z,0,0,0,4,4,True,🔍🔴🟡ℹ,False,False,908,False
103,30,dotnet/machinelearning,.github/workflows/repo-health-investigate.md,2,2026-03-10T11:24:47Z,0,0,0,4,4,True,🔍🔴🟡ℹ,False,False,908,False
104,31,npgsql/efcore.pg,.github/workflows/sync-to-latest-ef.md,1,2026-02-16T09:27:59Z,0,0,0,0,0,False,,False,False,763,False
105,31,npgsql/efcore.pg,.github/workflows/sync-to-latest-ef.md,2,2026-03-05T09:50:15Z,0,0,0,0,0,False,,False,False,767,False
106,31,npgsql/efcore.pg,.github/workflows/sync-to-latest-ef.md,3,2026-03-26T10:16:08Z,0,0,0,0,0,False,,False,False,16,True
107,32,microsoft/vstest,.github/workflows/build-failure-analysis-command.md,1,2026-06-19T12:08:15Z,0,0,0,0,0,False,,False,False,6,True
108,33,microsoft/vstest,.github/workflows/build-failure-analysis.md,1,2026-06-19T12:08:15Z,0,0,0,0,0,False,,False,False,23,False
109,34,microsoft/vstest,.github/workflows/code-simplifier.md,1,2026-06-19T12:08:15Z,0,0,5,6,11,True,✅,False,False,1339,False
110,35,microsoft/vstest,.github/workflows/daily-file-diet.md,1,2026-06-19T12:08:15Z,0,1,0,1,2,True,🏋✅,False,False,719,False
111,36,microsoft/vstest,.github/workflows/daily-qa.md,1,2026-05-12T10:14:48Z,0,0,4,18,22,True,🟢🔴🟡⚪✅❌⚠,False,False,791,False
112,36,microsoft/vstest,.github/workflows/daily-qa.md,2,2026-05-12T11:09:52Z,0,0,4,18,22,True,🟢🔴🟡⚪✅❌⚠,False,False,791,False
113,36,microsoft/vstest,.github/workflows/daily-qa.md,3,2026-05-13T09:41:03Z,0,0,4,18,22,True,🟢🔴🟡⚪✅❌⚠,False,False,824,False
114,36,microsoft/vstest,.github/workflows/daily-qa.md,4,2026-05-13T12:45:32Z,0,0,4,18,22,True,🟢🔴🟡⚪✅❌⚠,False,False,922,False
115,36,microsoft/vstest,.github/workflows/daily-qa.md,5,2026-05-14T08:26:54Z,0,0,4,18,22,True,🟢🔴🟡⚪✅❌⚠,False,False,1004,False
116,36,microsoft/vstest,.github/workflows/daily-qa.md,6,2026-05-14T08:35:21Z,0,0,4,18,22,True,🟢🔴🟡⚪✅❌⚠,False,False,1004,False
117,36,microsoft/vstest,.github/workflows/daily-qa.md,7,2026-05-18T08:39:31Z,0,0,4,18,22,True,🟢🔴🟡⚪✅❌⚠,False,False,1076,False
118,37,microsoft/vstest,.github/workflows/efficiency-improver.md,1,2026-06-19T12:08:15Z,0,0,7,0,7,True,🔍🔧💬📊🌱🔄🤖,False,False,3003,False
119,38,microsoft/vstest,.github/workflows/http-link-checker.md,1,2026-06-10T13:26:11Z,2,0,2,0,4,True,✅❌,False,False,726,False
120,38,microsoft/vstest,.github/workflows/http-link-checker.md,2,2026-06-12T11:31:28Z,2,0,2,0,4,True,✅❌,False,False,726,False
121,39,microsoft/vstest,.github/workflows/issue-repro-triage.md,1,2026-05-12T10:14:48Z,1,1,1,0,3,True,🔍🤖,False,False,739,False
122,39,microsoft/vstest,.github/workflows/issue-repro-triage.md,2,2026-05-12T15:02:20Z,1,1,1,0,3,True,🔍🤖,False,False,800,False
123,39,microsoft/vstest,.github/workflows/issue-repro-triage.md,3,2026-05-13T09:41:03Z,1,1,1,0,3,True,🔍🤖,False,False,793,False
124,39,microsoft/vstest,.github/workflows/issue-repro-triage.md,4,2026-05-13T12:45:32Z,1,1,1,0,3,True,🔍🤖,False,False,898,False
125,39,microsoft/vstest,.github/workflows/issue-repro-triage.md,5,2026-05-13T14:42:46Z,1,1,1,0,3,True,🔍🤖,False,False,898,False
126,39,microsoft/vstest,.github/workflows/issue-repro-triage.md,6,2026-05-14T08:26:54Z,1,1,1,0,3,True,🔍🤖,False,False,1064,False
127,39,microsoft/vstest,.github/workflows/issue-repro-triage.md,7,2026-05-14T11:12:11Z,1,1,1,0,3,True,🔍🤖,False,False,1064,False
128,39,microsoft/vstest,.github/workflows/issue-repro-triage.md,8,2026-05-15T07:28:18Z,1,1,1,0,3,True,🔍🤖,False,False,1271,False
129,39,microsoft/vstest,.github/workflows/issue-repro-triage.md,9,2026-05-18T08:35:30Z,1,1,1,0,3,True,🔍🤖,False,False,1142,False
130,39,microsoft/vstest,.github/workflows/issue-repro-triage.md,10,2026-05-18T08:39:31Z,1,1,1,0,3,True,🔍🤖,False,False,1210,False
131,39,microsoft/vstest,.github/workflows/issue-repro-triage.md,11,2026-05-18T09:19:29Z,1,1,1,0,3,True,🔍🤖,False,False,1481,False
132,40,microsoft/vstest,.github/workflows/malicious-code-scan.md,1,2026-06-19T12:08:15Z,0,0,10,0,10,True,✅,False,False,1377,False
133,41,microsoft/vstest,.github/workflows/markdown-linter.md,1,2026-06-19T12:08:15Z,0,0,0,6,6,True,🔍📊📁🎯📋🔗,False,False,347,False
134,42,microsoft/vstest,.github/workflows/md-link-checker.md,1,2026-06-10T13:26:11Z,9,0,0,0,9,True,✅❌,False,False,798,False
135,42,microsoft/vstest,.github/workflows/md-link-checker.md,2,2026-06-10T18:34:35Z,9,0,0,0,9,True,✅❌,False,False,798,False
136,42,microsoft/vstest,.github/workflows/md-link-checker.md,3,2026-06-19T13:54:17Z,0,0,0,0,0,False,,False,False,756,False
137,43,microsoft/vstest,.github/workflows/msbuild-quality-review.md,1,2026-06-19T12:08:15Z,0,0,0,0,0,False,,False,False,19,True
138,44,microsoft/vstest,.github/workflows/pr-expert-reviewer.md,1,2026-05-12T10:14:48Z,5,1,1,0,7,True,🧠🔎✅⚠,False,False,1340,False
139,44,microsoft/vstest,.github/workflows/pr-expert-reviewer.md,2,2026-05-12T11:09:52Z,5,1,1,0,7,True,🧠🔎✅⚠,False,False,1340,False
140,44,microsoft/vstest,.github/workflows/pr-expert-reviewer.md,3,2026-05-14T08:26:54Z,5,1,1,0,7,True,🧠🔎✅⚠,False,False,1363,False
141,44,microsoft/vstest,.github/workflows/pr-expert-reviewer.md,4,2026-05-14T10:54:06Z,5,1,1,0,7,True,🧠🔎✅⚠,False,False,1216,False
142,44,microsoft/vstest,.github/workflows/pr-expert-reviewer.md,5,2026-05-18T08:39:31Z,5,1,1,0,7,True,🧠🔎✅⚠,False,False,1274,False
143,44,microsoft/vstest,.github/workflows/pr-expert-reviewer.md,6,2026-05-25T15:15:19Z,5,1,1,0,7,True,🧠🔎✅⚠,False,False,1363,False
144,45,microsoft/vstest,.github/workflows/pr-iteration.md,1,2026-05-12T15:02:20Z,1,1,0,0,2,True,🔧,False,False,567,False
145,45,microsoft/vstest,.github/workflows/pr-iteration.md,2,2026-05-13T07:55:56Z,1,1,0,0,2,True,🔧,False,False,567,False
146,45,microsoft/vstest,.github/workflows/pr-iteration.md,3,2026-05-13T09:41:03Z,1,1,0,0,2,True,🔧,False,False,606,False
147,45,microsoft/vstest,.github/workflows/pr-iteration.md,4,2026-05-13T10:44:19Z,1,1,0,0,2,True,🔧,False,False,606,False
148,45,microsoft/vstest,.github/workflows/pr-iteration.md,5,2026-05-14T08:26:54Z,1,1,0,0,2,True,🔧,False,False,651,False
149,45,microsoft/vstest,.github/workflows/pr-iteration.md,6,2026-05-14T08:35:21Z,1,1,0,0,2,True,🔧,False,False,668,False
150,45,microsoft/vstest,.github/workflows/pr-iteration.md,7,2026-05-14T11:25:49Z,1,1,0,0,2,True,🔧,False,False,751,False
151,45,microsoft/vstest,.github/workflows/pr-iteration.md,8,2026-05-14T11:32:44Z,1,1,0,0,2,True,🔧,False,False,766,False
152,45,microsoft/vstest,.github/workflows/pr-iteration.md,9,2026-05-18T08:39:31Z,1,1,0,0,2,True,🔧,False,False,837,False
153,46,microsoft/vstest,.github/workflows/repository-quality-improver.md,1,2026-06-19T12:08:15Z,0,0,7,12,19,True,✅❌🎯⚠🤖📊,False,False,1790,False
154,47,dotnet/SqlClient,.github/workflows/issue-triage.md,1,2026-05-12T21:12:23Z,0,0,0,2,2,True,🔍⚠,False,False,824,False
155,47,dotnet/SqlClient,.github/workflows/issue-triage.md,2,2026-05-13T07:21:37Z,0,0,0,2,2,True,🔍⚠,False,False,791,False
156,47,dotnet/SqlClient,.github/workflows/issue-triage.md,3,2026-05-19T07:46:56Z,0,0,0,2,2,True,🔍⚠,False,False,703,False
157,47,dotnet/SqlClient,.github/workflows/issue-triage.md,4,2026-06-11T07:53:35Z,0,0,5,3,8,True,⚠🔍,False,False,1520,False
158,47,dotnet/SqlClient,.github/workflows/issue-triage.md,5,2026-06-15T17:21:09Z,0,0,5,3,8,True,⚠🔍,False,False,1520,False
159,48,Shazwazza/Articulate,.github/workflows/efficiency-improver.md,1,2026-05-25T19:05:39Z,0,0,10,0,10,True,🤖🔍🔧💬📊🌱🔄,False,False,2971,False
160,48,Shazwazza/Articulate,.github/workflows/efficiency-improver.md,2,2026-06-01T15:38:06Z,0,0,10,0,10,True,🤖🔍🔧💬📊🌱🔄,False,False,2971,False
161,49,dotnet/msbuild,.github/workflows/close-stale-prs.agent.md,1,2026-03-17T11:02:00Z,0,0,0,0,0,False,,False,False,226,False
162,49,dotnet/msbuild,.github/workflows/close-stale-prs.agent.md,2,2026-03-17T12:51:25Z,0,0,0,0,0,False,,False,False,675,False
163,49,dotnet/msbuild,.github/workflows/close-stale-prs.agent.md,3,2026-04-07T10:33:45Z,0,0,0,0,0,False,,False,False,675,False
164,49,dotnet/msbuild,.github/workflows/close-stale-prs.agent.md,4,2026-06-02T13:27:13Z,0,0,0,0,0,False,,False,False,675,False
165,49,dotnet/msbuild,.github/workflows/close-stale-prs.agent.md,5,2026-06-10T09:02:03Z,0,0,0,0,0,False,,False,False,675,False
166,49,dotnet/msbuild,.github/workflows/close-stale-prs.agent.md,6,2026-06-25T10:58:39Z,0,0,0,0,0,False,,False,False,675,False
167,50,dotnet/msbuild,.github/workflows/flaky-test-detector.agent.md,1,2026-06-02T10:25:29Z,0,0,0,0,0,False,,False,False,3972,False
168,50,dotnet/msbuild,.github/workflows/flaky-test-detector.agent.md,2,2026-06-02T13:27:13Z,0,0,0,0,0,False,,False,False,4068,False
169,50,dotnet/msbuild,.github/workflows/flaky-test-detector.agent.md,3,2026-06-03T09:51:05Z,0,0,0,0,0,False,,False,False,4272,False
170,50,dotnet/msbuild,.github/workflows/flaky-test-detector.agent.md,4,2026-06-03T11:53:24Z,0,0,0,0,0,False,,False,False,5017,False
171,50,dotnet/msbuild,.github/workflows/flaky-test-detector.agent.md,5,2026-06-05T12:02:21Z,0,0,0,0,0,False,,False,False,4308,False
172,50,dotnet/msbuild,.github/workflows/flaky-test-detector.agent.md,6,2026-06-05T13:26:06Z,0,0,0,0,0,False,,False,False,4448,False
173,50,dotnet/msbuild,.github/workflows/flaky-test-detector.agent.md,7,2026-06-05T15:53:42Z,0,0,0,0,0,False,,False,False,4725,False
174,50,dotnet/msbuild,.github/workflows/flaky-test-detector.agent.md,8,2026-06-09T17:48:58Z,0,0,0,0,0,False,,False,False,4732,False
175,50,dotnet/msbuild,.github/workflows/flaky-test-detector.agent.md,9,2026-06-10T09:02:03Z,0,0,0,0,0,False,,False,False,4732,False
176,50,dotnet/msbuild,.github/workflows/flaky-test-detector.agent.md,10,2026-06-25T10:58:39Z,0,0,0,0,0,False,,False,False,4732,False
177,51,dotnet/msbuild,.github/workflows/flaky-test-fixer.agent.md,1,2026-06-05T12:02:21Z,0,0,0,0,0,False,,False,False,3512,False
178,51,dotnet/msbuild,.github/workflows/flaky-test-fixer.agent.md,2,2026-06-05T13:26:06Z,0,0,0,0,0,False,,False,False,3513,False
179,51,dotnet/msbuild,.github/workflows/flaky-test-fixer.agent.md,3,2026-06-05T15:53:42Z,0,0,0,0,0,False,,False,False,3845,False
180,51,dotnet/msbuild,.github/workflows/flaky-test-fixer.agent.md,4,2026-06-10T09:02:03Z,0,0,0,0,0,False,,False,False,3845,False
181,51,dotnet/msbuild,.github/workflows/flaky-test-fixer.agent.md,5,2026-06-25T10:58:39Z,0,0,0,0,0,False,,False,False,3845,False
182,52,dotnet/msbuild,.github/workflows/review-on-open.agent.md,1,2026-04-08T10:47:10Z,0,0,0,0,0,False,,False,False,6,True
183,52,dotnet/msbuild,.github/workflows/review-on-open.agent.md,2,2026-04-08T12:10:12Z,0,0,0,0,0,False,,False,False,6,True
184,52,dotnet/msbuild,.github/workflows/review-on-open.agent.md,3,2026-04-09T05:28:36Z,0,0,0,0,0,False,,False,False,6,True
185,52,dotnet/msbuild,.github/workflows/review-on-open.agent.md,4,2026-04-09T05:58:07Z,0,0,0,0,0,False,,False,False,6,True
186,52,dotnet/msbuild,.github/workflows/review-on-open.agent.md,5,2026-04-09T07:35:02Z,0,0,0,0,0,False,,False,False,6,True
187,52,dotnet/msbuild,.github/workflows/review-on-open.agent.md,6,2026-06-02T13:15:42Z,0,0,0,0,0,False,,False,False,6,True
188,52,dotnet/msbuild,.github/workflows/review-on-open.agent.md,7,2026-06-02T13:21:30Z,0,0,0,0,0,False,,False,False,6,True
189,52,dotnet/msbuild,.github/workflows/review-on-open.agent.md,8,2026-06-02T13:27:13Z,0,0,0,0,0,False,,False,False,6,True
190,52,dotnet/msbuild,.github/workflows/review-on-open.agent.md,9,2026-06-02T13:28:34Z,0,0,0,0,0,False,,False,False,6,True
191,52,dotnet/msbuild,.github/workflows/review-on-open.agent.md,10,2026-06-10T09:02:03Z,0,0,0,0,0,False,,False,False,6,True
192,52,dotnet/msbuild,.github/workflows/review-on-open.agent.md,11,2026-06-10T11:44:44Z,0,0,0,0,0,False,,False,False,6,True
193,52,dotnet/msbuild,.github/workflows/review-on-open.agent.md,12,2026-06-25T10:58:39Z,0,0,0,0,0,False,,False,False,6,True
194,53,dotnet/msbuild,.github/workflows/review.agent.md,1,2026-04-08T10:47:10Z,0,0,0,0,0,False,,False,False,6,True
195,53,dotnet/msbuild,.github/workflows/review.agent.md,2,2026-04-08T12:10:12Z,0,0,0,0,0,False,,False,False,6,True
196,53,dotnet/msbuild,.github/workflows/review.agent.md,3,2026-04-09T05:28:36Z,0,0,0,0,0,False,,False,False,6,True
197,53,dotnet/msbuild,.github/workflows/review.agent.md,4,2026-06-02T13:27:13Z,0,0,0,0,0,False,,False,False,6,True
198,53,dotnet/msbuild,.github/workflows/review.agent.md,5,2026-06-10T09:02:03Z,0,0,0,0,0,False,,False,False,6,True
199,53,dotnet/msbuild,.github/workflows/review.agent.md,6,2026-06-25T10:58:39Z,0,0,0,0,0,False,,False,False,6,True
200,54,Azure/azure-sdk-for-net,.github/workflows/issue-triage.md,1,2026-03-10T16:56:29Z,0,0,1,0,1,True,🎯,False,False,855,False
201,54,Azure/azure-sdk-for-net,.github/workflows/issue-triage.md,2,2026-03-13T20:40:02Z,0,0,4,0,4,True,⚠✅🎯,False,False,2021,False
202,54,Azure/azure-sdk-for-net,.github/workflows/issue-triage.md,3,2026-03-16T19:08:49Z,0,0,4,0,4,True,⚠✅🎯,False,False,2202,False
203,54,Azure/azure-sdk-for-net,.github/workflows/issue-triage.md,4,2026-03-17T23:12:41Z,0,0,4,0,4,True,⚠✅🎯,False,False,2291,False
204,54,Azure/azure-sdk-for-net,.github/workflows/issue-triage.md,5,2026-03-21T01:06:52Z,0,0,3,0,3,True,✅🎯,False,False,2193,False
205,54,Azure/azure-sdk-for-net,.github/workflows/issue-triage.md,6,2026-03-23T21:54:00Z,0,0,3,0,3,True,✅🎯,False,False,2219,False
206,54,Azure/azure-sdk-for-net,.github/workflows/issue-triage.md,7,2026-03-24T23:59:11Z,1,0,3,0,4,True,⚠✅🎯,False,False,2236,False
207,54,Azure/azure-sdk-for-net,.github/workflows/issue-triage.md,8,2026-03-25T18:45:31Z,1,0,3,0,4,True,⚠✅🎯,False,False,2255,False
208,54,Azure/azure-sdk-for-net,.github/workflows/issue-triage.md,9,2026-04-02T16:45:32Z,1,0,5,4,10,True,⚠✅📋🔎🏷🎯,False,False,2338,False
209,54,Azure/azure-sdk-for-net,.github/workflows/issue-triage.md,10,2026-04-03T23:29:47Z,1,0,5,4,10,True,⚠✅📋🔎🏷🎯,False,False,2740,False
210,54,Azure/azure-sdk-for-net,.github/workflows/issue-triage.md,11,2026-04-04T19:49:07Z,1,0,5,4,10,True,⚠✅📋🔎🏷🎯,False,False,2797,False
211,54,Azure/azure-sdk-for-net,.github/workflows/issue-triage.md,12,2026-04-06T20:00:43Z,1,0,5,4,10,True,⚠✅📋🔎🏷🎯,False,False,2807,False
212,54,Azure/azure-sdk-for-net,.github/workflows/issue-triage.md,13,2026-04-06T23:46:24Z,1,0,5,4,10,True,⚠✅📋🔎🏷🎯,False,False,2881,False
213,54,Azure/azure-sdk-for-net,.github/workflows/issue-triage.md,14,2026-04-08T16:34:34Z,1,0,6,5,12,True,⚠✅📋🔎🏷👥🎯,False,False,2982,False
214,54,Azure/azure-sdk-for-net,.github/workflows/issue-triage.md,15,2026-04-13T17:30:14Z,1,0,6,5,12,True,⚠✅📋🔎🏷👥🎯,False,False,3021,False
215,54,Azure/azure-sdk-for-net,.github/workflows/issue-triage.md,16,2026-04-18T00:28:59Z,1,0,8,8,17,True,⚠✅🏷👥📋🔎🎯,False,False,3353,False
216,54,Azure/azure-sdk-for-net,.github/workflows/issue-triage.md,17,2026-04-21T23:42:38Z,1,0,8,8,17,True,⚠✅🏷👥📋🔎🎯,False,False,3319,False
217,54,Azure/azure-sdk-for-net,.github/workflows/issue-triage.md,18,2026-04-23T18:50:22Z,1,0,8,8,17,True,⚠✅🏷👥📋🔎🎯,False,False,3319,False
218,54,Azure/azure-sdk-for-net,.github/workflows/issue-triage.md,19,2026-06-25T22:02:51Z,1,0,8,8,17,True,⚠✅🏷👥📋🔎🎯,False,False,3319,False
219,54,Azure/azure-sdk-for-net,.github/workflows/issue-triage.md,20,2026-06-26T21:59:51Z,1,0,8,8,17,True,⚠✅🏷👥📋🔎🎯,False,False,3319,False
220,55,Azure/azure-sdk-for-net,.github/workflows/mgmt-review.md,1,2026-05-27T03:38:03Z,0,0,0,0,0,False,,False,False,1009,False
221,55,Azure/azure-sdk-for-net,.github/workflows/mgmt-review.md,2,2026-05-29T04:04:36Z,0,0,0,0,0,False,,False,False,1227,False
222,55,Azure/azure-sdk-for-net,.github/workflows/mgmt-review.md,3,2026-06-02T07:00:42Z,0,0,0,0,0,False,,False,False,1309,False
223,55,Azure/azure-sdk-for-net,.github/workflows/mgmt-review.md,4,2026-06-04T03:01:36Z,0,0,0,0,0,False,,False,False,1570,False
224,55,Azure/azure-sdk-for-net,.github/workflows/mgmt-review.md,5,2026-06-11T06:09:32Z,0,0,0,0,0,False,,False,False,1834,False
225,55,Azure/azure-sdk-for-net,.github/workflows/mgmt-review.md,6,2026-06-11T07:14:07Z,0,0,0,0,0,False,,False,False,1914,False
226,55,Azure/azure-sdk-for-net,.github/workflows/mgmt-review.md,7,2026-06-25T22:24:15Z,0,0,0,0,0,False,,False,False,1914,False
227,55,Azure/azure-sdk-for-net,.github/workflows/mgmt-review.md,8,2026-06-26T21:59:51Z,0,0,0,0,0,False,,False,False,1914,False
228,56,OpenMS/OpenMS,.github/workflows/changelog-sync.md,1,2026-03-16T14:33:14Z,0,0,0,0,0,False,,False,False,552,False
229,57,OpenMS/OpenMS,.github/workflows/doc-sync.md,1,2026-03-04T10:15:43Z,0,0,0,0,0,False,,False,False,571,False
230,57,OpenMS/OpenMS,.github/workflows/doc-sync.md,2,2026-03-06T07:56:50Z,0,0,0,0,0,False,,False,False,578,False
231,57,OpenMS/OpenMS,.github/workflows/doc-sync.md,3,2026-03-06T12:31:18Z,0,0,0,0,0,False,,False,False,578,False
232,57,OpenMS/OpenMS,.github/workflows/doc-sync.md,4,2026-03-09T12:06:12Z,0,0,0,0,0,False,,False,False,578,False
233,58,ReactiveX/RxPY,.github/workflows/repo-assist.md,1,2026-04-17T15:48:15Z,0,0,9,0,9,True,🤖💬🔧🏷📝🔄,False,False,3106,False
234,58,ReactiveX/RxPY,.github/workflows/repo-assist.md,2,2026-05-09T09:16:47Z,0,0,9,0,9,True,🤖💬🔧🏷📝🔄,False,False,3106,False
235,59,pulumi/pulumi-vsphere,.github/workflows/gh-aw-pr-rereview.md,1,2026-05-12T07:24:45Z,0,0,0,0,0,False,,False,False,6,True
236,60,pulumi/pulumi-vsphere,.github/workflows/gh-aw-pr-review.md,1,2026-05-12T07:24:45Z,0,0,0,0,0,False,,False,False,5,True
237,61,pulumi/pulumi-openstack,.github/workflows/gh-aw-pr-rereview.md,1,2026-05-12T07:03:29Z,0,0,0,0,0,False,,False,False,6,True
238,62,pulumi/pulumi-openstack,.github/workflows/gh-aw-pr-review.md,1,2026-05-12T07:03:29Z,0,0,0,0,0,False,,False,False,5,True
239,63,pulumi/pulumi-eks,.github/workflows/gh-aw-pr-rereview.md,1,2026-05-13T07:51:09Z,0,0,0,0,0,False,,False,False,6,True
240,64,pulumi/pulumi-eks,.github/workflows/gh-aw-pr-review.md,1,2026-05-13T07:51:09Z,0,0,0,0,0,False,,False,False,5,True
241,65,Azure/azure-sdk-for-python,.github/workflows/doc-consistency-check.md,1,2026-04-27T23:39:28Z,0,0,0,0,0,False,,False,False,231,False
242,66,taosdata/TDengine,.github/workflows/issue-triage.md,1,2026-02-24T10:10:48Z,0,0,1,0,1,True,🎯,False,False,551,False
243,66,taosdata/TDengine,.github/workflows/issue-triage.md,2,2026-02-24T10:14:27Z,0,0,1,0,1,True,🎯,False,False,551,False
244,67,taosdata/TDengine,.github/workflows/weekly-report.md,1,2026-03-08T06:59:17Z,0,0,0,6,6,True,⚠✅,False,False,1191,False
245,68,openvinotoolkit/openvino,.github/workflows/ci-doctor-mq.md,1,2026-05-19T13:49:39Z,0,0,4,0,4,True,▶✅❌,False,False,4125,False
246,68,openvinotoolkit/openvino,.github/workflows/ci-doctor-mq.md,2,2026-06-05T12:00:44Z,0,0,4,0,4,True,▶✅❌,False,False,4125,False
247,68,openvinotoolkit/openvino,.github/workflows/ci-doctor-mq.md,3,2026-06-09T14:17:12Z,0,0,4,0,4,True,▶✅❌,False,False,4125,False
248,68,openvinotoolkit/openvino,.github/workflows/ci-doctor-mq.md,4,2026-06-10T12:48:55Z,0,0,4,0,4,True,▶✅❌,False,False,4104,False
249,68,openvinotoolkit/openvino,.github/workflows/ci-doctor-mq.md,5,2026-06-12T06:38:02Z,0,0,4,0,4,True,▶✅❌,False,False,4171,False
250,68,openvinotoolkit/openvino,.github/workflows/ci-doctor-mq.md,6,2026-06-17T10:39:19Z,0,0,4,0,4,True,▶✅❌,False,False,4583,False
251,68,openvinotoolkit/openvino,.github/workflows/ci-doctor-mq.md,7,2026-06-19T10:43:34Z,0,0,4,0,4,True,▶✅❌,False,False,4583,False
252,68,openvinotoolkit/openvino,.github/workflows/ci-doctor-mq.md,8,2026-06-22T10:15:39Z,0,0,4,0,4,True,▶✅❌,False,False,4583,False
253,68,openvinotoolkit/openvino,.github/workflows/ci-doctor-mq.md,9,2026-06-24T09:30:54Z,0,0,4,0,4,True,▶✅❌,False,False,4583,False
254,68,openvinotoolkit/openvino,.github/workflows/ci-doctor-mq.md,10,2026-06-25T14:46:46Z,0,0,4,0,4,True,▶✅❌,False,False,5024,False
255,69,openvinotoolkit/openvino,.github/workflows/ci-doctor.md,1,2026-04-20T10:39:52Z,0,0,2,0,2,True,✅❌,False,False,1448,False
256,69,openvinotoolkit/openvino,.github/workflows/ci-doctor.md,2,2026-04-27T13:20:07Z,0,0,2,0,2,True,✅❌,False,False,1988,False
257,69,openvinotoolkit/openvino,.github/workflows/ci-doctor.md,3,2026-04-29T07:14:43Z,0,0,2,0,2,True,✅❌,False,False,1988,False
258,69,openvinotoolkit/openvino,.github/workflows/ci-doctor.md,4,2026-06-12T06:38:02Z,0,0,2,0,2,True,✅❌,False,False,1988,False
259,69,openvinotoolkit/openvino,.github/workflows/ci-doctor.md,5,2026-06-22T10:15:39Z,0,0,2,0,2,True,✅❌,False,False,1988,False
260,70,internetarchive/openlibrary,.github/workflows/issue_refinement.md,1,2026-02-28T03:03:53Z,0,0,1,1,2,True,🔔,False,False,1310,False
261,70,internetarchive/openlibrary,.github/workflows/issue_refinement.md,2,2026-03-04T20:45:37Z,0,0,1,1,2,True,🔔,False,False,1307,False
262,70,internetarchive/openlibrary,.github/workflows/issue_refinement.md,3,2026-03-06T17:19:43Z,0,0,1,1,2,True,🔔,False,False,1354,False
263,70,internetarchive/openlibrary,.github/workflows/issue_refinement.md,4,2026-03-06T17:22:50Z,0,0,1,1,2,True,🔔,False,False,1067,False
264,70,internetarchive/openlibrary,.github/workflows/issue_refinement.md,5,2026-03-07T00:30:51Z,0,0,1,1,2,True,🔔,False,False,1065,False
265,71,dotnet/runtime,.github/workflows/breaking-change-doc.md,1,2026-04-04T00:41:47Z,0,0,0,0,0,False,,False,False,182,False
266,71,dotnet/runtime,.github/workflows/breaking-change-doc.md,2,2026-05-08T19:26:42Z,0,0,0,0,0,False,,False,False,182,False
267,72,dotnet/runtime,.github/workflows/ci-failure-fix.md,1,2026-06-09T09:37:11Z,0,0,0,0,0,False,,False,False,3696,False
268,72,dotnet/runtime,.github/workflows/ci-failure-fix.md,2,2026-06-16T13:08:31Z,0,0,0,0,0,False,,False,False,3732,False
269,73,dotnet/runtime,.github/workflows/ci-failure-scan-feedback.md,1,2026-05-28T10:59:24Z,0,0,0,0,0,False,,False,False,1689,False
270,73,dotnet/runtime,.github/workflows/ci-failure-scan-feedback.md,2,2026-05-29T15:44:26Z,0,0,0,0,0,False,,False,False,2418,False
271,73,dotnet/runtime,.github/workflows/ci-failure-scan-feedback.md,3,2026-06-01T12:20:54Z,0,0,7,0,7,True,🔴🟢,False,False,2368,False
272,73,dotnet/runtime,.github/workflows/ci-failure-scan-feedback.md,4,2026-06-08T11:16:03Z,0,0,7,0,7,True,🔴🟢,False,False,2386,False
273,73,dotnet/runtime,.github/workflows/ci-failure-scan-feedback.md,5,2026-06-09T09:37:11Z,0,0,7,0,7,True,🔴🟢,False,False,3447,False
274,73,dotnet/runtime,.github/workflows/ci-failure-scan-feedback.md,6,2026-06-09T09:51:24Z,0,0,7,0,7,True,🔴🟢,False,False,3447,False
275,73,dotnet/runtime,.github/workflows/ci-failure-scan-feedback.md,7,2026-06-11T07:37:48Z,0,0,7,0,7,True,🔴🟢,False,False,3537,False
276,74,dotnet/runtime,.github/workflows/ci-failure-scan.md,1,2026-05-06T16:36:33Z,0,0,0,0,0,False,,False,False,4465,False
277,74,dotnet/runtime,.github/workflows/ci-failure-scan.md,2,2026-05-08T10:25:29Z,0,0,0,0,0,False,,False,False,4465,False
278,74,dotnet/runtime,.github/workflows/ci-failure-scan.md,3,2026-05-08T19:26:42Z,0,0,0,0,0,False,,False,False,4465,False
279,74,dotnet/runtime,.github/workflows/ci-failure-scan.md,4,2026-05-08T20:10:09Z,0,0,4,0,4,True,❌✅,False,False,6181,False
280,74,dotnet/runtime,.github/workflows/ci-failure-scan.md,5,2026-05-14T09:20:07Z,0,0,0,0,0,False,,False,False,4114,False
281,74,dotnet/runtime,.github/workflows/ci-failure-scan.md,6,2026-05-18T13:06:36Z,0,0,0,0,0,False,,False,False,4512,False
282,74,dotnet/runtime,.github/workflows/ci-failure-scan.md,7,2026-05-28T10:59:24Z,0,0,0,0,0,False,,False,False,5813,False
283,74,dotnet/runtime,.github/workflows/ci-failure-scan.md,8,2026-05-28T15:37:42Z,0,0,0,0,0,False,,False,False,3827,False
284,74,dotnet/runtime,.github/workflows/ci-failure-scan.md,9,2026-06-01T09:38:59Z,0,0,0,0,0,False,,False,False,3941,False
285,74,dotnet/runtime,.github/workflows/ci-failure-scan.md,10,2026-06-01T10:24:39Z,0,0,0,0,0,False,,False,False,4074,False
286,74,dotnet/runtime,.github/workflows/ci-failure-scan.md,11,2026-06-01T12:27:45Z,0,0,0,0,0,False,,False,False,4311,False
287,74,dotnet/runtime,.github/workflows/ci-failure-scan.md,12,2026-06-01T14:31:02Z,0,0,0,0,0,False,,False,False,4367,False
288,74,dotnet/runtime,.github/workflows/ci-failure-scan.md,13,2026-06-01T19:53:04Z,0,0,0,0,0,False,,False,False,4391,False
289,74,dotnet/runtime,.github/workflows/ci-failure-scan.md,14,2026-06-02T08:10:43Z,0,0,0,0,0,False,,False,False,4627,False
290,74,dotnet/runtime,.github/workflows/ci-failure-scan.md,15,2026-06-09T09:26:39Z,0,0,0,0,0,False,,False,False,4743,False
291,74,dotnet/runtime,.github/workflows/ci-failure-scan.md,16,2026-06-09T09:37:11Z,0,0,0,0,0,False,,False,False,3650,False
292,74,dotnet/runtime,.github/workflows/ci-failure-scan.md,17,2026-06-11T07:37:48Z,0,0,0,0,0,False,,False,False,3666,False
293,74,dotnet/runtime,.github/workflows/ci-failure-scan.md,18,2026-06-18T12:45:45Z,0,0,0,0,0,False,,False,False,4040,False
294,75,dotnet/runtime,.github/workflows/code-review.md,1,2026-03-25T01:40:14Z,0,0,0,0,0,False,,False,False,100,False
295,75,dotnet/runtime,.github/workflows/code-review.md,2,2026-05-08T19:26:42Z,0,0,0,0,0,False,,False,False,100,False
296,75,dotnet/runtime,.github/workflows/code-review.md,3,2026-06-15T11:36:55Z,0,0,0,0,0,False,,False,False,231,False
297,76,dotnet/runtime,.github/workflows/copilot-echo.md,1,2026-03-25T00:53:09Z,0,0,0,0,0,False,,False,False,99,False
298,76,dotnet/runtime,.github/workflows/copilot-echo.md,2,2026-05-08T19:26:42Z,0,0,0,0,0,False,,False,False,99,False
299,77,dgreif/ring,.github/workflows/issue-triage.md,1,2026-06-06T11:44:57Z,0,0,0,0,0,False,,False,False,1506,False
300,77,dgreif/ring,.github/workflows/issue-triage.md,2,2026-06-25T12:46:56Z,0,0,0,0,0,False,,False,False,1506,False
301,78,pulumi/pulumi-random,.github/workflows/gh-aw-pr-rereview.md,1,2026-05-12T07:11:26Z,0,0,0,0,0,False,,False,False,6,True
302,79,pulumi/pulumi-random,.github/workflows/gh-aw-pr-review.md,1,2026-05-12T07:11:26Z,0,0,0,0,0,False,,False,False,5,True
303,80,microsoft/pxt-arcade,.github/workflows/documentation.md,1,2025-12-10T19:16:53Z,0,0,0,3,3,True,📚📋📝,False,False,492,False
304,80,microsoft/pxt-arcade,.github/workflows/documentation.md,2,2025-12-10T23:23:12Z,0,0,0,3,3,True,📚📋📝,False,False,527,False
305,80,microsoft/pxt-arcade,.github/workflows/documentation.md,3,2026-02-12T23:22:51Z,0,0,0,3,3,True,📚📋📝,False,False,527,False
306,81,microsoft/pxt-arcade,.github/workflows/triage.md,1,2025-12-03T17:56:51Z,0,0,7,0,7,True,✅⚠❌🤔,False,False,983,False
307,81,microsoft/pxt-arcade,.github/workflows/triage.md,2,2025-12-03T19:11:04Z,0,0,7,0,7,True,✅⚠❌🤔,False,False,983,False
308,81,microsoft/pxt-arcade,.github/workflows/triage.md,3,2025-12-03T19:48:11Z,0,0,7,0,7,True,✅⚠❌🤔,False,False,1220,False
309,81,microsoft/pxt-arcade,.github/workflows/triage.md,4,2025-12-03T23:23:39Z,0,0,7,0,7,True,✅⚠❌🤔,False,False,1219,False
310,81,microsoft/pxt-arcade,.github/workflows/triage.md,5,2025-12-04T18:52:55Z,0,0,7,0,7,True,✅⚠❌🤔,False,False,1240,False
311,81,microsoft/pxt-arcade,.github/workflows/triage.md,6,2025-12-04T21:51:28Z,0,0,7,0,7,True,✅⚠❌🤔,False,False,1240,False
312,81,microsoft/pxt-arcade,.github/workflows/triage.md,7,2025-12-04T22:25:17Z,0,0,7,0,7,True,✅⚠❌🤔,False,False,1240,False
313,81,microsoft/pxt-arcade,.github/workflows/triage.md,8,2025-12-04T22:51:18Z,0,0,7,0,7,True,✅⚠❌🤔,False,False,1267,False
314,81,microsoft/pxt-arcade,.github/workflows/triage.md,9,2025-12-08T17:22:19Z,0,0,8,0,8,True,⚠✅❌🤔,False,False,1353,False
315,81,microsoft/pxt-arcade,.github/workflows/triage.md,10,2025-12-09T19:22:04Z,0,0,0,0,0,False,,False,False,14,True
316,81,microsoft/pxt-arcade,.github/workflows/triage.md,11,2026-01-06T19:33:04Z,0,0,0,0,0,False,,False,False,14,True
317,81,microsoft/pxt-arcade,.github/workflows/triage.md,12,2026-02-12T23:22:51Z,0,0,0,0,0,False,,False,False,14,True
318,82,Alfresco/alfresco-ng2-components,.github/workflows/supply-chain-review.md,1,2026-05-29T13:55:51Z,0,0,0,0,0,False,,False,False,2371,False
319,82,Alfresco/alfresco-ng2-components,.github/workflows/supply-chain-review.md,2,2026-06-04T08:25:49Z,0,0,0,0,0,False,,False,False,2373,False
320,82,Alfresco/alfresco-ng2-components,.github/workflows/supply-chain-review.md,3,2026-06-11T10:26:12Z,0,0,0,0,0,False,,False,False,2484,False
321,83,storybookjs/storybook,.github/workflows/code-simplifier.md,1,2026-03-07T19:25:50Z,0,0,13,6,19,True,✅,False,False,1726,False
322,83,storybookjs/storybook,.github/workflows/code-simplifier.md,2,2026-03-07T19:34:44Z,0,0,5,14,19,True,✅,False,False,1531,False
323,84,storybookjs/storybook,.github/workflows/duplicate-code-detector.md,1,2026-03-07T19:57:09Z,0,0,0,1,1,True,🔍,False,False,1232,False
324,84,storybookjs/storybook,.github/workflows/duplicate-code-detector.md,2,2026-03-07T20:23:28Z,0,0,0,1,1,True,🔍,False,False,1208,False
325,85,microsoft/pxt,.github/workflows/documentation.md,1,2025-12-10T19:41:01Z,0,1,4,0,5,True,📚📋💡✅,False,False,562,False
326,85,microsoft/pxt,.github/workflows/documentation.md,2,2025-12-10T20:15:46Z,0,1,4,0,5,True,📚📋💡✅,False,False,659,False
327,85,microsoft/pxt,.github/workflows/documentation.md,3,2025-12-10T22:43:49Z,0,1,4,0,5,True,📚📋💡✅,False,False,694,False
328,86,PowerShell/vscode-powershell,.github/workflows/issue-comment-handler.md,1,2026-06-18T17:23:52Z,0,0,0,0,0,False,,False,False,833,False
329,87,PowerShell/vscode-powershell,.github/workflows/issue-triage.md,1,2026-02-23T22:08:47Z,0,0,1,0,1,True,🎯,False,False,551,False
330,87,PowerShell/vscode-powershell,.github/workflows/issue-triage.md,2,2026-06-18T17:23:52Z,0,0,0,0,0,False,,False,False,936,False
331,88,PowerShell/vscode-powershell,.github/workflows/stale-closer.md,1,2026-06-18T17:23:52Z,0,0,0,0,0,False,,False,False,816,False
332,89,Azure/azure-sdk-for-js,.github/workflows/agent-observability.md,1,2026-06-15T18:51:55Z,0,0,5,2,7,True,👍👎✅⚠❌,False,True,778,False
333,89,Azure/azure-sdk-for-js,.github/workflows/agent-observability.md,2,2026-06-24T22:56:27Z,0,0,5,2,7,True,👍👎✅⚠❌,False,True,778,False
334,89,Azure/azure-sdk-for-js,.github/workflows/agent-observability.md,3,2026-06-24T23:27:22Z,0,0,5,2,7,True,👍👎✅⚠❌,False,True,778,False
335,89,Azure/azure-sdk-for-js,.github/workflows/agent-observability.md,4,2026-06-25T20:11:44Z,0,0,5,2,7,True,👍👎✅⚠❌,False,True,778,False
336,90,Azure/azure-sdk-for-js,.github/workflows/archie.md,1,2026-03-24T21:46:48Z,6,0,2,0,8,True,🏗✅❌🔴📊,False,False,475,False
337,90,Azure/azure-sdk-for-js,.github/workflows/archie.md,2,2026-03-25T17:51:05Z,6,0,2,0,8,True,🏗✅❌🔴📊,False,False,475,False
338,90,Azure/azure-sdk-for-js,.github/workflows/archie.md,3,2026-03-25T21:44:00Z,6,0,2,0,8,True,🏗✅❌🔴📊,False,False,475,False
339,90,Azure/azure-sdk-for-js,.github/workflows/archie.md,4,2026-03-26T03:15:21Z,6,0,2,0,8,True,🏗✅❌🔴📊,False,False,516,False
340,90,Azure/azure-sdk-for-js,.github/workflows/archie.md,5,2026-03-27T17:03:04Z,6,0,2,0,8,True,🏗✅❌🔴📊,False,False,516,False
341,90,Azure/azure-sdk-for-js,.github/workflows/archie.md,6,2026-04-01T20:42:22Z,6,0,2,0,8,True,🏗✅❌🔴📊,False,False,516,False
342,90,Azure/azure-sdk-for-js,.github/workflows/archie.md,7,2026-04-08T17:09:15Z,6,0,2,0,8,True,🏗✅❌🔴📊,False,False,516,False
343,90,Azure/azure-sdk-for-js,.github/workflows/archie.md,8,2026-04-10T18:30:16Z,6,0,2,0,8,True,🏗✅❌🔴📊,False,False,516,False
344,90,Azure/azure-sdk-for-js,.github/workflows/archie.md,9,2026-04-13T16:14:29Z,6,0,2,0,8,True,🏗✅❌🔴📊,False,False,516,False
345,90,Azure/azure-sdk-for-js,.github/workflows/archie.md,10,2026-05-06T17:52:09Z,6,0,2,0,8,True,🏗✅❌🔴📊,False,False,558,False
346,90,Azure/azure-sdk-for-js,.github/workflows/archie.md,11,2026-05-18T20:19:39Z,6,0,2,0,8,True,🏗✅❌🔴📊,False,False,558,False
347,90,Azure/azure-sdk-for-js,.github/workflows/archie.md,12,2026-06-12T20:56:59Z,6,0,2,0,8,True,🏗✅❌🔴📊,False,False,558,False
348,90,Azure/azure-sdk-for-js,.github/workflows/archie.md,13,2026-06-12T22:50:20Z,6,0,2,0,8,True,🏗✅❌🔴📊,False,False,558,False
349,90,Azure/azure-sdk-for-js,.github/workflows/archie.md,14,2026-06-24T22:56:27Z,6,0,2,0,8,True,🏗✅❌🔴📊,False,False,558,False
350,90,Azure/azure-sdk-for-js,.github/workflows/archie.md,15,2026-06-24T23:27:22Z,6,0,2,0,8,True,🏗✅❌🔴📊,False,False,558,False
351,90,Azure/azure-sdk-for-js,.github/workflows/archie.md,16,2026-06-25T20:11:44Z,6,0,2,0,8,True,🏗✅❌🔴📊,False,False,558,False
352,91,Azure/azure-sdk-for-js,.github/workflows/dash.md,1,2026-03-24T18:51:23Z,6,0,2,0,8,True,⚡✅❌🔴📊,False,False,459,False
353,91,Azure/azure-sdk-for-js,.github/workflows/dash.md,2,2026-03-25T17:51:05Z,6,0,2,0,8,True,⚡✅❌🔴📊,False,False,459,False
354,91,Azure/azure-sdk-for-js,.github/workflows/dash.md,3,2026-03-25T21:44:00Z,6,0,2,0,8,True,⚡✅❌🔴📊,False,False,459,False
355,91,Azure/azure-sdk-for-js,.github/workflows/dash.md,4,2026-03-27T17:03:04Z,6,0,2,0,8,True,⚡✅❌🔴📊,False,False,459,False
356,91,Azure/azure-sdk-for-js,.github/workflows/dash.md,5,2026-03-30T18:27:39Z,6,0,3,0,9,True,⚡✅❌🔴📊,False,False,829,False
357,91,Azure/azure-sdk-for-js,.github/workflows/dash.md,6,2026-04-08T17:09:15Z,6,0,3,0,9,True,⚡✅❌🔴📊,False,False,829,False
358,91,Azure/azure-sdk-for-js,.github/workflows/dash.md,7,2026-04-10T18:30:16Z,6,0,3,0,9,True,⚡✅❌🔴📊,False,False,829,False
359,91,Azure/azure-sdk-for-js,.github/workflows/dash.md,8,2026-04-13T16:14:29Z,6,0,3,0,9,True,⚡✅❌🔴📊,False,False,829,False
360,91,Azure/azure-sdk-for-js,.github/workflows/dash.md,9,2026-05-06T17:52:09Z,6,0,3,0,9,True,⚡✅❌🔴📊,False,False,871,False
361,91,Azure/azure-sdk-for-js,.github/workflows/dash.md,10,2026-05-18T20:19:39Z,6,0,3,0,9,True,⚡✅❌🔴📊,False,False,871,False
362,91,Azure/azure-sdk-for-js,.github/workflows/dash.md,11,2026-06-12T20:56:59Z,6,0,3,0,9,True,⚡✅❌🔴📊,False,False,871,False
363,91,Azure/azure-sdk-for-js,.github/workflows/dash.md,12,2026-06-12T22:50:20Z,6,0,3,0,9,True,⚡✅❌🔴📊,False,False,871,False
364,91,Azure/azure-sdk-for-js,.github/workflows/dash.md,13,2026-06-24T22:56:27Z,6,0,3,0,9,True,⚡✅❌🔴📊,False,False,871,False
365,91,Azure/azure-sdk-for-js,.github/workflows/dash.md,14,2026-06-24T23:27:22Z,6,0,3,0,9,True,⚡✅❌🔴📊,False,False,871,False
366,91,Azure/azure-sdk-for-js,.github/workflows/dash.md,15,2026-06-25T20:11:44Z,6,0,3,0,9,True,⚡✅❌🔴📊,False,False,871,False
367,92,Azure/azure-sdk-for-js,.github/workflows/dexter.md,1,2026-03-24T19:42:57Z,6,0,2,0,8,True,📦✅❌🔴📊,False,False,525,False
368,92,Azure/azure-sdk-for-js,.github/workflows/dexter.md,2,2026-03-25T17:51:05Z,6,0,2,0,8,True,📦✅❌🔴📊,False,False,525,False
369,92,Azure/azure-sdk-for-js,.github/workflows/dexter.md,3,2026-03-25T21:44:00Z,6,0,2,0,8,True,📦✅❌🔴📊,False,False,525,False
370,92,Azure/azure-sdk-for-js,.github/workflows/dexter.md,4,2026-03-27T17:03:04Z,6,0,2,0,8,True,📦✅❌🔴📊,False,False,525,False
371,92,Azure/azure-sdk-for-js,.github/workflows/dexter.md,5,2026-04-01T20:42:22Z,6,0,2,0,8,True,📦✅❌🔴📊,False,False,525,False
372,92,Azure/azure-sdk-for-js,.github/workflows/dexter.md,6,2026-04-08T17:09:15Z,6,0,2,0,8,True,📦✅❌🔴📊,False,False,525,False
373,92,Azure/azure-sdk-for-js,.github/workflows/dexter.md,7,2026-04-10T18:30:16Z,6,0,2,0,8,True,📦✅❌🔴📊,False,False,525,False
374,92,Azure/azure-sdk-for-js,.github/workflows/dexter.md,8,2026-04-13T16:14:29Z,6,0,2,0,8,True,📦✅❌🔴📊,False,False,525,False
375,92,Azure/azure-sdk-for-js,.github/workflows/dexter.md,9,2026-04-28T19:41:55Z,6,0,2,0,8,True,📦✅❌🔴📊,False,False,525,False
376,92,Azure/azure-sdk-for-js,.github/workflows/dexter.md,10,2026-05-06T17:52:09Z,6,0,2,0,8,True,📦✅❌🔴📊,False,False,567,False
377,92,Azure/azure-sdk-for-js,.github/workflows/dexter.md,11,2026-05-18T20:19:39Z,6,0,2,0,8,True,📦✅❌🔴📊,False,False,567,False
378,92,Azure/azure-sdk-for-js,.github/workflows/dexter.md,12,2026-06-12T20:56:59Z,6,0,2,0,8,True,📦✅❌🔴📊,False,False,567,False
379,92,Azure/azure-sdk-for-js,.github/workflows/dexter.md,13,2026-06-12T22:50:20Z,6,0,2,0,8,True,📦✅❌🔴📊,False,False,567,False
380,92,Azure/azure-sdk-for-js,.github/workflows/dexter.md,14,2026-06-24T22:56:27Z,6,0,2,0,8,True,📦✅❌🔴📊,False,False,567,False
381,92,Azure/azure-sdk-for-js,.github/workflows/dexter.md,15,2026-06-24T23:27:22Z,6,0,2,0,8,True,📦✅❌🔴📊,False,False,567,False
382,92,Azure/azure-sdk-for-js,.github/workflows/dexter.md,16,2026-06-25T20:11:44Z,6,0,2,0,8,True,📦✅❌🔴📊,False,False,567,False
383,93,Azure/azure-sdk-for-js,.github/workflows/docs-consistency-check.md,1,2026-02-25T21:55:38Z,0,0,0,0,0,False,,False,False,215,False
384,93,Azure/azure-sdk-for-js,.github/workflows/docs-consistency-check.md,2,2026-04-28T19:41:55Z,0,0,0,0,0,False,,False,False,215,False
385,93,Azure/azure-sdk-for-js,.github/workflows/docs-consistency-check.md,3,2026-06-12T20:56:59Z,0,0,0,0,0,False,,False,False,215,False
386,93,Azure/azure-sdk-for-js,.github/workflows/docs-consistency-check.md,4,2026-06-12T22:50:20Z,0,0,0,0,0,False,,False,False,215,False
387,93,Azure/azure-sdk-for-js,.github/workflows/docs-consistency-check.md,5,2026-06-24T22:56:27Z,0,0,0,0,0,False,,False,False,215,False
388,93,Azure/azure-sdk-for-js,.github/workflows/docs-consistency-check.md,6,2026-06-24T23:27:22Z,0,0,0,0,0,False,,False,False,215,False
389,93,Azure/azure-sdk-for-js,.github/workflows/docs-consistency-check.md,7,2026-06-25T20:11:44Z,0,0,0,0,0,False,,False,False,215,False
390,94,Azure/azure-sdk-for-js,.github/workflows/fix-test-failures.md,1,2026-03-04T20:28:46Z,0,0,0,0,0,False,,False,False,713,False
391,94,Azure/azure-sdk-for-js,.github/workflows/fix-test-failures.md,2,2026-03-05T22:11:36Z,0,0,0,0,0,False,,False,False,713,False
392,94,Azure/azure-sdk-for-js,.github/workflows/fix-test-failures.md,3,2026-03-27T18:14:23Z,0,0,0,0,0,False,,False,False,1055,False
393,94,Azure/azure-sdk-for-js,.github/workflows/fix-test-failures.md,4,2026-04-28T19:41:55Z,0,0,0,0,0,False,,False,False,1055,False
394,94,Azure/azure-sdk-for-js,.github/workflows/fix-test-failures.md,5,2026-06-12T19:49:36Z,0,0,0,0,0,False,,False,False,1570,False
395,94,Azure/azure-sdk-for-js,.github/workflows/fix-test-failures.md,6,2026-06-12T20:56:59Z,0,0,0,0,0,False,,False,False,1570,False
396,94,Azure/azure-sdk-for-js,.github/workflows/fix-test-failures.md,7,2026-06-12T22:50:20Z,0,0,0,0,0,False,,False,False,1570,False
397,94,Azure/azure-sdk-for-js,.github/workflows/fix-test-failures.md,8,2026-06-17T20:29:03Z,0,0,0,0,0,False,,False,False,1697,False
398,94,Azure/azure-sdk-for-js,.github/workflows/fix-test-failures.md,9,2026-06-24T22:56:27Z,0,0,0,0,0,False,,False,False,1697,False
399,94,Azure/azure-sdk-for-js,.github/workflows/fix-test-failures.md,10,2026-06-24T23:27:22Z,0,0,0,0,0,False,,False,False,1697,False
400,94,Azure/azure-sdk-for-js,.github/workflows/fix-test-failures.md,11,2026-06-25T20:11:44Z,0,0,0,0,0,False,,False,False,1697,False
401,95,Azure/azure-sdk-for-js,.github/workflows/issue-triage.md,1,2026-04-16T16:52:30Z,1,0,6,5,12,True,⚠✅📋🔎🏷👥🎯,False,False,2947,False
402,95,Azure/azure-sdk-for-js,.github/workflows/issue-triage.md,2,2026-04-28T19:41:55Z,1,0,6,5,12,True,⚠✅📋🔎🏷👥🎯,False,False,2947,False
403,95,Azure/azure-sdk-for-js,.github/workflows/issue-triage.md,3,2026-06-12T20:56:59Z,1,0,6,5,12,True,⚠✅📋🔎🏷👥🎯,False,False,2947,False
404,95,Azure/azure-sdk-for-js,.github/workflows/issue-triage.md,4,2026-06-12T22:50:20Z,1,0,6,5,12,True,⚠✅📋🔎🏷👥🎯,False,False,2947,False
405,95,Azure/azure-sdk-for-js,.github/workflows/issue-triage.md,5,2026-06-24T22:56:27Z,1,0,6,5,12,True,⚠✅📋🔎🏷👥🎯,False,False,2947,False
406,95,Azure/azure-sdk-for-js,.github/workflows/issue-triage.md,6,2026-06-24T23:27:22Z,1,0,6,5,12,True,⚠✅📋🔎🏷👥🎯,False,False,2947,False
407,95,Azure/azure-sdk-for-js,.github/workflows/issue-triage.md,7,2026-06-25T20:11:44Z,1,0,6,5,12,True,⚠✅📋🔎🏷👥🎯,False,False,2947,False
408,96,Azure/azure-sdk-for-js,.github/workflows/mgmt-guidance.md,1,2026-06-18T09:11:37Z,2,0,0,3,5,True,⚡❌🔄,False,False,524,False
409,96,Azure/azure-sdk-for-js,.github/workflows/mgmt-guidance.md,2,2026-06-24T22:56:27Z,2,0,0,3,5,True,⚡❌🔄,False,False,524,False
410,96,Azure/azure-sdk-for-js,.github/workflows/mgmt-guidance.md,3,2026-06-24T23:27:22Z,2,0,0,3,5,True,⚡❌🔄,False,False,524,False
411,96,Azure/azure-sdk-for-js,.github/workflows/mgmt-guidance.md,4,2026-06-25T20:11:44Z,2,0,0,3,5,True,⚡❌🔄,False,False,524,False
412,97,Azure/azure-sdk-for-js,.github/workflows/mgmt-review.md,1,2026-03-17T17:07:02Z,6,0,2,0,8,True,⚡✅❌🔴📊,False,False,529,False
413,97,Azure/azure-sdk-for-js,.github/workflows/mgmt-review.md,2,2026-03-18T02:48:05Z,6,0,2,0,8,True,⚡✅❌🔴📊,False,False,529,False
414,97,Azure/azure-sdk-for-js,.github/workflows/mgmt-review.md,3,2026-03-23T06:58:41Z,6,0,2,0,8,True,⚡✅❌🔴📊,False,False,529,False
415,97,Azure/azure-sdk-for-js,.github/workflows/mgmt-review.md,4,2026-03-31T09:41:41Z,6,0,4,2,12,True,⚡✅❌🔴📊,False,False,1308,False
416,97,Azure/azure-sdk-for-js,.github/workflows/mgmt-review.md,5,2026-04-01T09:17:24Z,6,0,4,3,13,True,⚡✅❌🔴📊🔄,False,False,1495,False
417,97,Azure/azure-sdk-for-js,.github/workflows/mgmt-review.md,6,2026-04-02T08:51:36Z,6,0,4,3,13,True,⚡✅❌🔴📊🔄,False,False,1475,False
418,97,Azure/azure-sdk-for-js,.github/workflows/mgmt-review.md,7,2026-04-07T03:21:08Z,6,0,4,3,13,True,⚡✅❌🔴📊🔄,False,False,1583,False
419,97,Azure/azure-sdk-for-js,.github/workflows/mgmt-review.md,8,2026-04-07T06:54:17Z,6,0,4,3,13,True,⚡✅❌🔴📊🔄,False,False,1583,False
420,97,Azure/azure-sdk-for-js,.github/workflows/mgmt-review.md,9,2026-04-07T09:00:20Z,6,0,4,3,13,True,⚡✅❌🔴📊🔄,False,False,1584,False
421,97,Azure/azure-sdk-for-js,.github/workflows/mgmt-review.md,10,2026-04-07T10:02:42Z,6,0,7,4,17,True,⚡✅❌⏳🔄🔴📊,False,False,2138,False
422,97,Azure/azure-sdk-for-js,.github/workflows/mgmt-review.md,11,2026-04-08T17:09:15Z,6,0,7,4,17,True,⚡✅❌⏳🔄🔴📊,False,False,1986,False
423,97,Azure/azure-sdk-for-js,.github/workflows/mgmt-review.md,12,2026-04-09T05:54:04Z,6,0,8,4,18,True,⚡✅❌🔴📊⏳🔄,False,False,1973,False
424,97,Azure/azure-sdk-for-js,.github/workflows/mgmt-review.md,13,2026-04-10T18:30:16Z,6,0,8,4,18,True,⚡✅❌🔴📊⏳🔄,False,False,1973,False
425,97,Azure/azure-sdk-for-js,.github/workflows/mgmt-review.md,14,2026-04-13T16:14:29Z,6,0,8,4,18,True,⚡✅❌🔴📊⏳🔄,False,False,1973,False
426,97,Azure/azure-sdk-for-js,.github/workflows/mgmt-review.md,15,2026-05-06T17:52:09Z,6,0,8,4,18,True,⚡✅❌🔴📊⏳🔄,False,False,2015,False
427,97,Azure/azure-sdk-for-js,.github/workflows/mgmt-review.md,16,2026-05-13T17:27:31Z,6,0,8,4,18,True,⚡✅❌🔴📊⏳🔄,False,False,2015,False
428,97,Azure/azure-sdk-for-js,.github/workflows/mgmt-review.md,17,2026-05-18T20:19:39Z,6,0,8,4,18,True,⚡✅❌🔴📊⏳🔄,False,False,2015,False
429,97,Azure/azure-sdk-for-js,.github/workflows/mgmt-review.md,18,2026-05-22T17:13:45Z,6,0,8,3,17,True,⚡✅❌🔴📊⏳🔄,False,False,1942,False
430,97,Azure/azure-sdk-for-js,.github/workflows/mgmt-review.md,19,2026-06-12T03:14:14Z,6,0,8,4,18,True,⚡✅❌🔴📊⏳🔧🔄,False,False,1996,False
431,97,Azure/azure-sdk-for-js,.github/workflows/mgmt-review.md,20,2026-06-12T20:56:59Z,6,0,8,4,18,True,⚡✅❌🔴📊⏳🔧🔄,False,False,1996,False
432,97,Azure/azure-sdk-for-js,.github/workflows/mgmt-review.md,21,2026-06-12T22:50:20Z,6,0,8,4,18,True,⚡✅❌🔴📊⏳🔧🔄,False,False,1996,False
433,97,Azure/azure-sdk-for-js,.github/workflows/mgmt-review.md,22,2026-06-18T09:11:37Z,6,0,2,0,8,True,⚡✅❌🔴📊,False,False,601,False
434,97,Azure/azure-sdk-for-js,.github/workflows/mgmt-review.md,23,2026-06-24T22:56:27Z,6,0,2,0,8,True,⚡✅❌🔴📊,False,False,601,False
435,97,Azure/azure-sdk-for-js,.github/workflows/mgmt-review.md,24,2026-06-24T23:27:22Z,6,0,2,0,8,True,⚡✅❌🔴📊,False,False,601,False
436,97,Azure/azure-sdk-for-js,.github/workflows/mgmt-review.md,25,2026-06-25T20:11:44Z,6,0,2,0,8,True,⚡✅❌🔴📊,False,False,601,False
437,98,Azure/azure-sdk-for-js,.github/workflows/scribe.md,1,2026-03-24T18:58:58Z,6,0,2,0,8,True,📝✅❌🔴📊,False,False,511,False
438,98,Azure/azure-sdk-for-js,.github/workflows/scribe.md,2,2026-03-25T17:51:05Z,6,0,2,0,8,True,📝✅❌🔴📊,False,False,511,False
439,98,Azure/azure-sdk-for-js,.github/workflows/scribe.md,3,2026-03-25T21:44:00Z,6,0,2,0,8,True,📝✅❌🔴📊,False,False,511,False
440,98,Azure/azure-sdk-for-js,.github/workflows/scribe.md,4,2026-03-27T17:03:04Z,6,0,2,0,8,True,📝✅❌🔴📊,False,False,511,False
441,98,Azure/azure-sdk-for-js,.github/workflows/scribe.md,5,2026-04-01T20:42:22Z,6,0,2,0,8,True,📝✅❌🔴📊,False,False,511,False
442,98,Azure/azure-sdk-for-js,.github/workflows/scribe.md,6,2026-04-08T17:09:15Z,6,0,2,0,8,True,📝✅❌🔴📊,False,False,511,False
443,98,Azure/azure-sdk-for-js,.github/workflows/scribe.md,7,2026-04-10T18:30:16Z,6,0,2,0,8,True,📝✅❌🔴📊,False,False,511,False
444,98,Azure/azure-sdk-for-js,.github/workflows/scribe.md,8,2026-04-13T16:14:29Z,6,0,2,0,8,True,📝✅❌🔴📊,False,False,511,False
445,98,Azure/azure-sdk-for-js,.github/workflows/scribe.md,9,2026-05-06T17:52:09Z,6,0,2,0,8,True,📝✅❌🔴📊,False,False,553,False
446,98,Azure/azure-sdk-for-js,.github/workflows/scribe.md,10,2026-05-18T20:19:39Z,6,0,2,0,8,True,📝✅❌🔴📊,False,False,553,False
447,98,Azure/azure-sdk-for-js,.github/workflows/scribe.md,11,2026-06-12T20:56:59Z,6,0,2,0,8,True,📝✅❌🔴📊,False,False,553,False
448,98,Azure/azure-sdk-for-js,.github/workflows/scribe.md,12,2026-06-12T22:50:20Z,6,0,2,0,8,True,📝✅❌🔴📊,False,False,553,False
449,98,Azure/azure-sdk-for-js,.github/workflows/scribe.md,13,2026-06-24T22:56:27Z,6,0,2,0,8,True,📝✅❌🔴📊,False,False,553,False
450,98,Azure/azure-sdk-for-js,.github/workflows/scribe.md,14,2026-06-24T23:27:22Z,6,0,2,0,8,True,📝✅❌🔴📊,False,False,553,False
451,98,Azure/azure-sdk-for-js,.github/workflows/scribe.md,15,2026-06-25T20:11:44Z,6,0,2,0,8,True,📝✅❌🔴📊,False,False,553,False
452,99,Azure/azure-sdk-for-js,.github/workflows/sentinel.md,1,2026-03-24T18:57:04Z,6,0,2,0,8,True,🛡✅❌🔴📊,False,False,628,False
453,99,Azure/azure-sdk-for-js,.github/workflows/sentinel.md,2,2026-03-25T17:51:05Z,6,0,2,0,8,True,🛡✅❌🔴📊,False,False,628,False
454,99,Azure/azure-sdk-for-js,.github/workflows/sentinel.md,3,2026-03-25T21:44:00Z,6,0,2,0,8,True,🛡✅❌🔴📊,False,False,628,False
455,99,Azure/azure-sdk-for-js,.github/workflows/sentinel.md,4,2026-03-27T17:03:04Z,6,0,2,0,8,True,🛡✅❌🔴📊,False,False,628,False
456,99,Azure/azure-sdk-for-js,.github/workflows/sentinel.md,5,2026-04-01T20:42:22Z,6,0,2,0,8,True,🛡✅❌🔴📊,False,False,628,False
457,99,Azure/azure-sdk-for-js,.github/workflows/sentinel.md,6,2026-04-08T17:09:15Z,6,0,2,0,8,True,🛡✅❌🔴📊,False,False,628,False
458,99,Azure/azure-sdk-for-js,.github/workflows/sentinel.md,7,2026-04-10T18:30:16Z,6,0,2,0,8,True,🛡✅❌🔴📊,False,False,628,False
459,99,Azure/azure-sdk-for-js,.github/workflows/sentinel.md,8,2026-04-13T16:14:29Z,6,0,2,0,8,True,🛡✅❌🔴📊,False,False,628,False
460,99,Azure/azure-sdk-for-js,.github/workflows/sentinel.md,9,2026-05-06T17:52:09Z,6,0,2,0,8,True,🛡✅❌🔴📊,False,False,670,False
461,99,Azure/azure-sdk-for-js,.github/workflows/sentinel.md,10,2026-05-18T20:19:39Z,6,0,2,0,8,True,🛡✅❌🔴📊,False,False,670,False
462,99,Azure/azure-sdk-for-js,.github/workflows/sentinel.md,11,2026-06-12T20:56:59Z,6,0,2,0,8,True,🛡✅❌🔴📊,False,False,670,False
463,99,Azure/azure-sdk-for-js,.github/workflows/sentinel.md,12,2026-06-12T22:50:20Z,6,0,2,0,8,True,🛡✅❌🔴📊,False,False,670,False
464,99,Azure/azure-sdk-for-js,.github/workflows/sentinel.md,13,2026-06-24T22:56:27Z,6,0,2,0,8,True,🛡✅❌🔴📊,False,False,670,False
465,99,Azure/azure-sdk-for-js,.github/workflows/sentinel.md,14,2026-06-24T23:27:22Z,6,0,2,0,8,True,🛡✅❌🔴📊,False,False,670,False
466,99,Azure/azure-sdk-for-js,.github/workflows/sentinel.md,15,2026-06-25T20:11:44Z,6,0,2,0,8,True,🛡✅❌🔴📊,False,False,670,False
467,100,Azure/azure-sdk-for-js,.github/workflows/tester.md,1,2026-03-24T19:34:07Z,6,0,2,0,8,True,🧪✅❌🔴📊,False,False,492,False
468,100,Azure/azure-sdk-for-js,.github/workflows/tester.md,2,2026-03-25T17:51:05Z,6,0,2,0,8,True,🧪✅❌🔴📊,False,False,492,False
469,100,Azure/azure-sdk-for-js,.github/workflows/tester.md,3,2026-03-25T21:44:00Z,6,0,2,0,8,True,🧪✅❌🔴📊,False,False,492,False
470,100,Azure/azure-sdk-for-js,.github/workflows/tester.md,4,2026-03-27T17:03:04Z,6,0,2,0,8,True,🧪✅❌🔴📊,False,False,492,False
471,100,Azure/azure-sdk-for-js,.github/workflows/tester.md,5,2026-04-01T20:42:22Z,6,0,2,0,8,True,🧪✅❌🔴📊,False,False,492,False
472,100,Azure/azure-sdk-for-js,.github/workflows/tester.md,6,2026-04-08T17:09:15Z,6,0,2,0,8,True,🧪✅❌🔴📊,False,False,492,False
473,100,Azure/azure-sdk-for-js,.github/workflows/tester.md,7,2026-04-10T18:30:16Z,6,0,2,0,8,True,🧪✅❌🔴📊,False,False,492,False
474,100,Azure/azure-sdk-for-js,.github/workflows/tester.md,8,2026-04-13T16:14:29Z,6,0,2,0,8,True,🧪✅❌🔴📊,False,False,492,False
475,100,Azure/azure-sdk-for-js,.github/workflows/tester.md,9,2026-05-06T17:52:09Z,6,0,2,0,8,True,🧪✅❌🔴📊,False,False,534,False
476,100,Azure/azure-sdk-for-js,.github/workflows/tester.md,10,2026-05-18T20:19:39Z,6,0,2,0,8,True,🧪✅❌🔴📊,False,False,534,False
477,100,Azure/azure-sdk-for-js,.github/workflows/tester.md,11,2026-06-12T20:56:59Z,6,0,2,0,8,True,🧪✅❌🔴📊,False,False,534,False
478,100,Azure/azure-sdk-for-js,.github/workflows/tester.md,12,2026-06-12T22:50:20Z,6,0,2,0,8,True,🧪✅❌🔴📊,False,False,534,False
479,100,Azure/azure-sdk-for-js,.github/workflows/tester.md,13,2026-06-24T22:56:27Z,6,0,2,0,8,True,🧪✅❌🔴📊,False,False,534,False
480,100,Azure/azure-sdk-for-js,.github/workflows/tester.md,14,2026-06-24T23:27:22Z,6,0,2,0,8,True,🧪✅❌🔴📊,False,False,534,False
481,100,Azure/azure-sdk-for-js,.github/workflows/tester.md,15,2026-06-25T20:11:44Z,6,0,2,0,8,True,🧪✅❌🔴📊,False,False,534,False
482,101,Azure/azure-sdk-for-js,.github/workflows/upgrade-agentic-workflows.md,1,2026-06-09T16:48:01Z,0,0,0,0,0,False,,False,False,1038,False
483,101,Azure/azure-sdk-for-js,.github/workflows/upgrade-agentic-workflows.md,2,2026-06-11T20:25:47Z,0,0,0,0,0,False,,False,False,1038,False
484,101,Azure/azure-sdk-for-js,.github/workflows/upgrade-agentic-workflows.md,3,2026-06-12T20:56:59Z,0,0,0,0,0,False,,False,False,1038,False
485,101,Azure/azure-sdk-for-js,.github/workflows/upgrade-agentic-workflows.md,4,2026-06-12T22:50:20Z,0,0,0,0,0,False,,False,False,1038,False
486,101,Azure/azure-sdk-for-js,.github/workflows/upgrade-agentic-workflows.md,5,2026-06-24T22:56:27Z,0,0,0,0,0,False,,False,False,1038,False
487,101,Azure/azure-sdk-for-js,.github/workflows/upgrade-agentic-workflows.md,6,2026-06-24T23:27:22Z,0,0,0,0,0,False,,False,False,1038,False
488,101,Azure/azure-sdk-for-js,.github/workflows/upgrade-agentic-workflows.md,7,2026-06-25T20:11:44Z,0,0,0,0,0,False,,False,False,1038,False
489,102,WordPress/grunt-patch-wordpress,.github/workflows/dependabot-pr-review.md,1,2026-05-28T03:56:57Z,0,0,0,0,0,False,,False,False,119,False
490,103,ptarmiganlabs/butler-sos,.github/workflows/duplicate-code-detector.md,1,2026-03-02T06:24:24Z,0,0,0,1,1,True,🔍,False,False,1232,False
491,103,ptarmiganlabs/butler-sos,.github/workflows/duplicate-code-detector.md,2,2026-03-02T06:31:48Z,0,0,0,1,1,True,🔍,False,False,1226,False
492,103,ptarmiganlabs/butler-sos,.github/workflows/duplicate-code-detector.md,3,2026-05-01T20:41:21Z,0,0,0,1,1,True,🔍,False,False,1226,False
493,103,ptarmiganlabs/butler-sos,.github/workflows/duplicate-code-detector.md,4,2026-05-23T05:27:46Z,0,0,0,1,1,True,🔍,False,False,1065,False
494,103,ptarmiganlabs/butler-sos,.github/workflows/duplicate-code-detector.md,5,2026-05-23T05:49:05Z,0,0,0,1,1,True,🔍,False,False,1065,False
495,104,ptarmiganlabs/butler-sos,.github/workflows/grumpy-reviewer.md,1,2026-05-23T06:05:57Z,5,1,1,0,7,True,😤🙄🔥,False,False,907,False
496,104,ptarmiganlabs/butler-sos,.github/workflows/grumpy-reviewer.md,2,2026-05-23T14:55:53Z,5,1,1,0,7,True,😤🙄🔥,False,False,907,False
497,104,ptarmiganlabs/butler-sos,.github/workflows/grumpy-reviewer.md,3,2026-05-23T15:03:46Z,5,1,1,0,7,True,😤🙄🔥,False,False,907,False
498,105,IgniteUI/igniteui-docfx,.github/workflows/sync-jp-docs.md,1,2026-03-12T12:56:07Z,0,0,0,0,0,False,,False,False,610,False
499,105,IgniteUI/igniteui-docfx,.github/workflows/sync-jp-docs.md,2,2026-03-26T13:37:23Z,0,0,0,0,0,False,,False,False,834,False
500,106,appwrite/appwrite,.github/workflows/issue-triage.md,1,2025-10-28T03:00:30Z,0,0,1,0,1,True,🎯,False,False,552,False
501,106,appwrite/appwrite,.github/workflows/issue-triage.md,2,2025-11-01T15:47:43Z,0,0,1,0,1,True,🎯,False,False,622,False
502,106,appwrite/appwrite,.github/workflows/issue-triage.md,3,2025-11-03T20:02:03Z,0,0,2,0,2,True,🎯🔗,False,False,685,False
503,106,appwrite/appwrite,.github/workflows/issue-triage.md,4,2025-11-06T19:37:49Z,0,0,2,0,2,True,🎯🔗,False,False,685,False
504,106,appwrite/appwrite,.github/workflows/issue-triage.md,5,2025-11-06T22:33:24Z,0,0,2,0,2,True,🎯🔗,False,False,693,False
505,106,appwrite/appwrite,.github/workflows/issue-triage.md,6,2025-11-06T23:05:45Z,0,0,2,0,2,True,🎯🔗,False,False,692,False
506,106,appwrite/appwrite,.github/workflows/issue-triage.md,7,2025-11-06T23:43:31Z,0,0,2,0,2,True,🎯🔗,False,False,692,False
507,106,appwrite/appwrite,.github/workflows/issue-triage.md,8,2025-11-07T20:01:42Z,0,0,2,0,2,True,🎯🔗,False,False,692,False
508,106,appwrite/appwrite,.github/workflows/issue-triage.md,9,2025-11-07T20:17:51Z,0,0,3,0,3,True,🎯🔗🌐,False,False,771,False
509,106,appwrite/appwrite,.github/workflows/issue-triage.md,10,2025-11-07T20:26:13Z,0,0,3,0,3,True,🎯🔗🌐,False,False,901,False
510,106,appwrite/appwrite,.github/workflows/issue-triage.md,11,2025-11-07T20:28:14Z,0,0,3,0,3,True,🎯🔗🌐,False,False,895,False
511,106,appwrite/appwrite,.github/workflows/issue-triage.md,12,2025-11-12T18:56:33Z,0,0,3,0,3,True,🎯🔗🌐,False,False,929,False
512,106,appwrite/appwrite,.github/workflows/issue-triage.md,13,2025-11-12T19:49:58Z,0,0,3,0,3,True,🎯🔗🌐,False,False,937,False
513,107,microsoft/Web-Dev-For-Beginners,.github/workflows/daily-repo-status.md,1,2026-02-06T15:34:39Z,0,0,1,0,1,True,🌟,False,True,105,False
514,108,elastic/kibana,.github/workflows/backlog-groom.md,1,2026-05-19T17:08:05Z,0,0,0,0,0,False,,False,False,514,False
515,108,elastic/kibana,.github/workflows/backlog-groom.md,2,2026-05-27T22:37:42Z,0,0,0,0,0,False,,False,False,514,False
516,108,elastic/kibana,.github/workflows/backlog-groom.md,3,2026-06-03T13:00:11Z,0,0,0,0,0,False,,False,False,514,False
517,109,elastic/kibana,.github/workflows/failed-backport-resolver.md,1,2026-05-15T17:23:37Z,0,0,0,0,0,False,,False,False,1157,False
518,109,elastic/kibana,.github/workflows/failed-backport-resolver.md,2,2026-05-15T18:58:06Z,0,0,0,0,0,False,,False,False,1258,False
519,109,elastic/kibana,.github/workflows/failed-backport-resolver.md,3,2026-05-20T00:28:22Z,0,0,0,0,0,False,,False,False,1701,False
520,109,elastic/kibana,.github/workflows/failed-backport-resolver.md,4,2026-05-20T03:21:53Z,0,0,0,0,0,False,,False,False,1813,False
521,109,elastic/kibana,.github/workflows/failed-backport-resolver.md,5,2026-05-20T18:30:21Z,0,0,0,0,0,False,,False,False,810,False
522,109,elastic/kibana,.github/workflows/failed-backport-resolver.md,6,2026-05-20T20:19:56Z,0,0,0,0,0,False,,False,False,810,False
523,109,elastic/kibana,.github/workflows/failed-backport-resolver.md,7,2026-06-23T19:51:27Z,0,0,0,0,0,False,,False,False,805,False
524,110,elastic/kibana,.github/workflows/failed-test-investigator.md,1,2026-05-05T13:21:28Z,0,0,0,0,0,False,,False,False,917,False
525,110,elastic/kibana,.github/workflows/failed-test-investigator.md,2,2026-05-07T17:01:57Z,0,0,0,0,0,False,,False,False,917,False
526,110,elastic/kibana,.github/workflows/failed-test-investigator.md,3,2026-05-15T13:29:27Z,0,0,0,0,0,False,,False,False,917,False
527,110,elastic/kibana,.github/workflows/failed-test-investigator.md,4,2026-05-18T09:10:31Z,0,0,0,0,0,False,,False,False,1102,False
528,110,elastic/kibana,.github/workflows/failed-test-investigator.md,5,2026-05-19T13:27:15Z,0,0,0,0,0,False,,False,False,1102,False
529,110,elastic/kibana,.github/workflows/failed-test-investigator.md,6,2026-05-28T12:06:02Z,0,0,0,0,0,False,,False,False,656,False
530,110,elastic/kibana,.github/workflows/failed-test-investigator.md,7,2026-06-01T08:26:08Z,0,0,0,0,0,False,,False,False,790,False
531,110,elastic/kibana,.github/workflows/failed-test-investigator.md,8,2026-06-10T06:32:14Z,0,0,0,0,0,False,,False,False,807,False
532,110,elastic/kibana,.github/workflows/failed-test-investigator.md,9,2026-06-15T12:46:40Z,0,0,0,0,0,False,,False,False,807,False
533,110,elastic/kibana,.github/workflows/failed-test-investigator.md,10,2026-06-17T08:13:43Z,0,0,0,0,0,False,,False,False,1022,False
534,110,elastic/kibana,.github/workflows/failed-test-investigator.md,11,2026-06-17T15:56:46Z,0,0,0,0,0,False,,False,False,1039,False
535,110,elastic/kibana,.github/workflows/failed-test-investigator.md,12,2026-06-18T09:49:03Z,0,0,0,0,0,False,,False,False,1093,False
536,110,elastic/kibana,.github/workflows/failed-test-investigator.md,13,2026-06-19T08:37:17Z,0,0,0,0,0,False,,False,False,1083,False
537,110,elastic/kibana,.github/workflows/failed-test-investigator.md,14,2026-06-19T14:39:53Z,0,0,0,0,0,False,,False,False,1083,False
538,111,elastic/kibana,.github/workflows/flaky-test-fixer.md,1,2026-06-10T06:32:14Z,0,0,0,0,0,False,,False,False,239,False
539,111,elastic/kibana,.github/workflows/flaky-test-fixer.md,2,2026-06-15T12:46:40Z,0,0,0,0,0,False,,False,False,239,False
540,111,elastic/kibana,.github/workflows/flaky-test-fixer.md,3,2026-06-17T08:13:43Z,0,0,0,0,0,False,,False,False,282,False
541,111,elastic/kibana,.github/workflows/flaky-test-fixer.md,4,2026-06-17T12:04:25Z,0,0,0,0,0,False,,False,False,282,False
542,111,elastic/kibana,.github/workflows/flaky-test-fixer.md,5,2026-06-17T15:56:46Z,0,0,0,0,0,False,,False,False,347,False
543,111,elastic/kibana,.github/workflows/flaky-test-fixer.md,6,2026-06-18T09:49:03Z,0,0,0,0,0,False,,False,False,347,False
544,112,elastic/kibana,.github/workflows/reviewer-claude.md,1,2026-04-28T21:00:30Z,0,0,0,0,0,False,,False,False,34,False
545,112,elastic/kibana,.github/workflows/reviewer-claude.md,2,2026-04-29T03:56:24Z,0,0,0,0,0,False,,False,False,34,False
546,112,elastic/kibana,.github/workflows/reviewer-claude.md,3,2026-04-29T04:49:32Z,0,0,0,0,0,False,,False,False,34,False
547,112,elastic/kibana,.github/workflows/reviewer-claude.md,4,2026-05-07T17:01:57Z,0,0,0,0,0,False,,False,False,34,False
548,112,elastic/kibana,.github/workflows/reviewer-claude.md,5,2026-05-18T21:22:50Z,0,0,0,0,0,False,,False,False,41,False
549,112,elastic/kibana,.github/workflows/reviewer-claude.md,6,2026-05-18T21:52:29Z,0,0,0,0,0,False,,False,False,41,False
550,112,elastic/kibana,.github/workflows/reviewer-claude.md,7,2026-06-03T13:00:11Z,0,0,0,0,0,False,,False,False,41,False
551,112,elastic/kibana,.github/workflows/reviewer-claude.md,8,2026-06-03T17:38:02Z,0,0,0,0,0,False,,False,False,64,False
552,112,elastic/kibana,.github/workflows/reviewer-claude.md,9,2026-06-05T18:10:51Z,0,0,0,0,0,False,,False,False,64,False
553,112,elastic/kibana,.github/workflows/reviewer-claude.md,10,2026-06-05T19:22:42Z,0,0,0,0,0,False,,False,False,64,False
554,112,elastic/kibana,.github/workflows/reviewer-claude.md,11,2026-06-23T22:54:19Z,0,0,0,0,0,False,,False,False,64,False
555,113,elastic/kibana,.github/workflows/reviewer-codex.md,1,2026-05-05T23:21:51Z,0,0,0,0,0,False,,False,False,34,False
556,113,elastic/kibana,.github/workflows/reviewer-codex.md,2,2026-05-18T21:22:50Z,0,0,0,0,0,False,,False,False,60,False
557,113,elastic/kibana,.github/workflows/reviewer-codex.md,3,2026-05-18T21:52:29Z,0,0,0,0,0,False,,False,False,60,False
558,113,elastic/kibana,.github/workflows/reviewer-codex.md,4,2026-06-03T13:00:11Z,0,0,0,0,0,False,,False,False,60,False
559,113,elastic/kibana,.github/workflows/reviewer-codex.md,5,2026-06-03T17:38:02Z,0,0,0,0,0,False,,False,False,83,False
560,114,elastic/kibana,.github/workflows/reviewer-scout.md,1,2026-06-19T13:38:01Z,0,0,0,0,0,False,,False,False,83,False
561,114,elastic/kibana,.github/workflows/reviewer-scout.md,2,2026-06-19T15:11:48Z,0,0,0,0,0,False,,False,False,83,False
562,115,lablup/backend.ai-webui,.github/workflows/daily-test-improver.md,1,2025-11-25T09:26:02Z,0,0,0,0,0,False,,False,False,1659,False
563,115,lablup/backend.ai-webui,.github/workflows/daily-test-improver.md,2,2025-12-02T10:04:22Z,0,0,0,0,0,False,,False,False,1682,False
564,115,lablup/backend.ai-webui,.github/workflows/daily-test-improver.md,3,2025-12-03T01:51:22Z,0,0,0,0,0,False,,False,False,1682,False
565,115,lablup/backend.ai-webui,.github/workflows/daily-test-improver.md,4,2026-01-06T00:32:56Z,0,0,0,0,0,False,,False,False,1682,False
566,116,lablup/backend.ai-webui,.github/workflows/e2e-healer.md,1,2026-02-09T15:12:35Z,0,0,0,0,0,False,,False,False,543,False
567,116,lablup/backend.ai-webui,.github/workflows/e2e-healer.md,2,2026-05-08T14:41:34Z,0,0,0,0,0,False,,False,False,543,False
568,116,lablup/backend.ai-webui,.github/workflows/e2e-healer.md,3,2026-05-12T01:46:05Z,0,0,0,0,0,False,,False,False,543,False
569,116,lablup/backend.ai-webui,.github/workflows/e2e-healer.md,4,2026-06-14T11:28:53Z,0,0,0,0,0,False,,False,False,543,False
570,117,lablup/backend.ai-webui,.github/workflows/e2e-watchdog.md,1,2026-02-09T15:14:22Z,0,0,0,0,0,False,,False,False,413,False
571,117,lablup/backend.ai-webui,.github/workflows/e2e-watchdog.md,2,2026-05-08T14:41:34Z,0,0,0,0,0,False,,False,False,413,False
572,117,lablup/backend.ai-webui,.github/workflows/e2e-watchdog.md,3,2026-05-12T01:46:05Z,0,0,0,0,0,False,,False,False,413,False
573,117,lablup/backend.ai-webui,.github/workflows/e2e-watchdog.md,4,2026-06-14T11:28:53Z,0,0,0,0,0,False,,False,False,413,False
574,118,lablup/backend.ai-webui,.github/workflows/storybook-coverage-checker.md,1,2026-02-04T07:07:34Z,0,0,0,0,0,False,,False,False,712,False
575,119,lablup/backend.ai-webui,.github/workflows/weekly-team-status.md,1,2025-12-08T08:40:32Z,0,0,1,0,1,True,🌟,False,True,94,False
576,119,lablup/backend.ai-webui,.github/workflows/weekly-team-status.md,2,2026-01-06T00:32:56Z,0,0,1,0,1,True,🌟,False,True,94,False
577,120,Josverl/micropython-stubs,.github/workflows/quality-issue-triage.md,1,2026-05-09T19:36:19Z,0,0,0,0,0,False,,False,False,553,False
578,120,Josverl/micropython-stubs,.github/workflows/quality-issue-triage.md,2,2026-05-09T20:01:11Z,0,0,0,0,0,False,,False,False,646,False
579,120,Josverl/micropython-stubs,.github/workflows/quality-issue-triage.md,3,2026-05-10T17:36:01Z,0,0,0,0,0,False,,False,False,646,False
580,121,pulumi/pulumi-postgresql,.github/workflows/gh-aw-pr-rereview.md,1,2026-05-12T07:06:32Z,0,0,0,0,0,False,,False,False,6,True
581,122,pulumi/pulumi-postgresql,.github/workflows/gh-aw-pr-review.md,1,2026-05-12T07:06:32Z,0,0,0,0,0,False,,False,False,5,True
582,123,pulumi/pulumi-linode,.github/workflows/gh-aw-pr-rereview.md,1,2026-05-12T06:51:36Z,0,0,0,0,0,False,,False,False,6,True
583,124,pulumi/pulumi-linode,.github/workflows/gh-aw-pr-review.md,1,2026-05-12T06:51:36Z,0,0,0,0,0,False,,False,False,5,True
584,125,licensee/licensee,.github/workflows/repo-assist.md,1,2026-03-02T03:15:28Z,0,0,9,0,9,True,🤖💬🔧🏷📝🔄,False,False,2914,False
585,125,licensee/licensee,.github/workflows/repo-assist.md,2,2026-03-06T23:12:24Z,0,0,9,0,9,True,🤖💬🔧🏷📝🔄,False,False,2914,False
586,125,licensee/licensee,.github/workflows/repo-assist.md,3,2026-03-19T04:31:13Z,0,0,9,0,9,True,🤖💬🔧🏷📝🔄,False,False,2962,False
587,125,licensee/licensee,.github/workflows/repo-assist.md,4,2026-03-19T04:39:57Z,0,0,9,0,9,True,🤖💬🔧🏷📝🔄,False,False,2962,False
588,125,licensee/licensee,.github/workflows/repo-assist.md,5,2026-03-19T04:40:43Z,0,0,9,0,9,True,🤖💬🔧🏷📝🔄,False,False,2965,False
589,125,licensee/licensee,.github/workflows/repo-assist.md,6,2026-03-23T21:56:24Z,0,0,9,0,9,True,🤖💬🔧🏷📝🔄,False,False,3182,False
590,125,licensee/licensee,.github/workflows/repo-assist.md,7,2026-03-24T16:24:11Z,0,0,9,0,9,True,🤖💬🔧🏷📝🔄,False,False,2965,False
591,125,licensee/licensee,.github/workflows/repo-assist.md,8,2026-03-25T02:47:57Z,0,0,9,0,9,True,🤖💬🔧🏷📝🔄,False,False,2965,False
592,125,licensee/licensee,.github/workflows/repo-assist.md,9,2026-04-02T18:25:36Z,0,0,9,0,9,True,🤖💬🔧🏷📝🔄,False,False,2965,False
593,125,licensee/licensee,.github/workflows/repo-assist.md,10,2026-04-04T00:49:21Z,0,0,9,0,9,True,🤖💬🔧🏷📝🔄,False,False,2965,False
594,125,licensee/licensee,.github/workflows/repo-assist.md,11,2026-04-05T02:27:23Z,0,0,9,0,9,True,🤖💬🔧🏷📝🔄,False,False,2965,False
595,125,licensee/licensee,.github/workflows/repo-assist.md,12,2026-04-06T23:57:08Z,0,0,9,0,9,True,🤖💬🔧🏷📝🔄,False,False,2979,False
596,125,licensee/licensee,.github/workflows/repo-assist.md,13,2026-04-24T23:25:29Z,0,0,9,0,9,True,🤖💬🔧🏷📝🔄,False,False,2976,False
597,125,licensee/licensee,.github/workflows/repo-assist.md,14,2026-05-04T14:31:02Z,0,0,9,0,9,True,🤖💬🔧🏷📝🔄,False,False,3010,False
598,125,licensee/licensee,.github/workflows/repo-assist.md,15,2026-05-06T15:58:42Z,0,0,9,0,9,True,🤖💬🔧🏷📝🔄,False,False,3049,False
599,125,licensee/licensee,.github/workflows/repo-assist.md,16,2026-05-06T16:01:24Z,0,0,9,0,9,True,🤖💬🔧🏷📝🔄,False,False,3173,False
600,126,pulumi/pulumi-kubernetes-operator,.github/workflows/kubernetes-operator-pr-rereview.md,1,2026-03-12T20:39:59Z,0,0,0,0,0,False,,False,False,6,True
601,126,pulumi/pulumi-kubernetes-operator,.github/workflows/kubernetes-operator-pr-rereview.md,2,2026-05-27T19:05:05Z,0,0,0,0,0,False,,False,False,6,True
602,126,pulumi/pulumi-kubernetes-operator,.github/workflows/kubernetes-operator-pr-rereview.md,3,2026-05-29T23:27:27Z,0,0,0,0,0,False,,False,False,38,False
603,127,pulumi/pulumi-kubernetes-operator,.github/workflows/kubernetes-operator-pr-review.md,1,2026-03-12T20:39:59Z,0,0,0,0,0,False,,False,False,5,True
604,127,pulumi/pulumi-kubernetes-operator,.github/workflows/kubernetes-operator-pr-review.md,2,2026-05-27T19:05:05Z,0,0,0,0,0,False,,False,False,5,True
605,127,pulumi/pulumi-kubernetes-operator,.github/workflows/kubernetes-operator-pr-review.md,3,2026-05-29T23:27:27Z,0,0,0,0,0,False,,False,False,33,False
606,128,pulumi/pulumi-terraform,.github/workflows/gh-aw-pr-rereview.md,1,2026-05-12T07:22:18Z,0,0,0,0,0,False,,False,False,6,True
607,129,pulumi/pulumi-terraform,.github/workflows/gh-aw-pr-review.md,1,2026-05-12T07:22:18Z,0,0,0,0,0,False,,False,False,5,True
608,130,pulumi/pulumi-digitalocean,.github/workflows/gh-aw-pr-rereview.md,1,2026-05-12T06:35:54Z,0,0,0,0,0,False,,False,False,6,True
609,131,pulumi/pulumi-digitalocean,.github/workflows/gh-aw-pr-review.md,1,2026-05-12T06:35:54Z,0,0,0,0,0,False,,False,False,5,True
610,132,pulumi/pulumi-docker,.github/workflows/gh-aw-pr-rereview.md,1,2026-05-12T06:37:59Z,0,0,0,0,0,False,,False,False,6,True
611,133,pulumi/pulumi-docker,.github/workflows/gh-aw-pr-review.md,1,2026-05-12T06:37:59Z,0,0,0,0,0,False,,False,False,5,True
612,134,pulumi/pulumi-alicloud,.github/workflows/gh-aw-pr-rereview.md,1,2026-05-12T06:18:43Z,0,0,0,0,0,False,,False,False,6,True
613,135,pulumi/pulumi-alicloud,.github/workflows/gh-aw-pr-review.md,1,2026-05-12T06:18:43Z,0,0,0,0,0,False,,False,False,5,True
614,136,pulumi/pulumi-cloudflare,.github/workflows/gh-aw-pr-rereview.md,1,2026-05-12T07:20:15Z,0,0,0,0,0,False,,False,False,6,True
615,137,pulumi/pulumi-cloudflare,.github/workflows/gh-aw-pr-review.md,1,2026-05-12T07:20:15Z,0,0,0,0,0,False,,False,False,5,True
616,138,pulumi/pulumi-gcp,.github/workflows/gh-aw-pr-rereview.md,1,2026-05-12T07:06:41Z,0,0,0,0,0,False,,False,False,6,True
617,139,pulumi/pulumi-gcp,.github/workflows/gh-aw-pr-review.md,1,2026-05-12T07:06:41Z,0,0,0,0,0,False,,False,False,5,True
618,140,pulumi/pulumi-azure,.github/workflows/gh-aw-pr-rereview.md,1,2026-05-12T07:15:23Z,0,0,0,0,0,False,,False,False,6,True
619,141,pulumi/pulumi-azure,.github/workflows/gh-aw-pr-review.md,1,2026-05-12T07:15:23Z,0,0,0,0,0,False,,False,False,5,True
620,142,pulumi/pulumi-terraform-bridge,.github/workflows/terraform-bridge-pr-rereview.md,1,2026-03-06T18:53:20Z,0,0,0,0,0,False,,False,False,183,False
621,142,pulumi/pulumi-terraform-bridge,.github/workflows/terraform-bridge-pr-rereview.md,2,2026-04-13T12:25:17Z,0,0,0,0,0,False,,False,False,6,True
622,142,pulumi/pulumi-terraform-bridge,.github/workflows/terraform-bridge-pr-rereview.md,3,2026-05-11T17:58:56Z,0,0,0,0,0,False,,False,False,6,True
623,142,pulumi/pulumi-terraform-bridge,.github/workflows/terraform-bridge-pr-rereview.md,4,2026-06-03T18:17:57Z,0,0,0,0,0,False,,False,False,38,False
624,143,pulumi/pulumi-terraform-bridge,.github/workflows/terraform-bridge-pr-review.md,1,2026-03-06T18:53:20Z,0,0,0,0,0,False,,False,False,190,False
625,143,pulumi/pulumi-terraform-bridge,.github/workflows/terraform-bridge-pr-review.md,2,2026-04-13T12:25:17Z,0,0,0,0,0,False,,False,False,5,True
626,143,pulumi/pulumi-terraform-bridge,.github/workflows/terraform-bridge-pr-review.md,3,2026-05-11T17:58:56Z,0,0,0,0,0,False,,False,False,5,True
627,143,pulumi/pulumi-terraform-bridge,.github/workflows/terraform-bridge-pr-review.md,4,2026-06-03T18:17:57Z,0,0,0,0,0,False,,False,False,33,False
628,144,pulumi/pulumi-provider-boilerplate,.github/workflows/gh-aw-pr-rereview.md,1,2026-05-11T17:44:36Z,0,0,0,0,0,False,,False,False,6,True
629,145,pulumi/pulumi-provider-boilerplate,.github/workflows/gh-aw-pr-review.md,1,2026-05-11T17:44:36Z,0,0,0,0,0,False,,False,False,5,True
630,146,pulumi/pulumi-kubernetes,.github/workflows/gh-aw-pr-rereview.md,1,2026-05-12T07:07:26Z,0,0,0,0,0,False,,False,False,6,True
631,147,pulumi/pulumi-kubernetes,.github/workflows/gh-aw-pr-review.md,1,2026-05-12T07:07:26Z,0,0,0,0,0,False,,False,False,5,True
632,148,pulumi/pulumi-aws,.github/workflows/gh-aw-pr-rereview.md,1,2026-05-12T07:38:39Z,0,0,0,0,0,False,,False,False,6,True
633,149,pulumi/pulumi-aws,.github/workflows/gh-aw-pr-review.md,1,2026-05-12T07:38:39Z,0,0,0,0,0,False,,False,False,5,True
634,150,royshil/obs-backgroundremoval,.github/workflows/validate-pr.md,1,2026-03-30T22:54:20Z,0,0,2,0,2,True,✅🚫,False,False,280,False
635,151,RustPython/RustPython,.github/workflows/upgrade-pylib.md,1,2026-02-14T02:26:03Z,0,0,0,0,0,False,,False,False,350,False
636,151,RustPython/RustPython,.github/workflows/upgrade-pylib.md,2,2026-02-14T04:47:41Z,0,0,0,0,0,False,,False,False,371,False
637,151,RustPython/RustPython,.github/workflows/upgrade-pylib.md,3,2026-02-14T05:56:55Z,0,0,0,0,0,False,,False,False,388,False
638,151,RustPython/RustPython,.github/workflows/upgrade-pylib.md,4,2026-02-14T11:10:30Z,0,0,0,0,0,False,,False,False,382,False
639,151,RustPython/RustPython,.github/workflows/upgrade-pylib.md,5,2026-02-24T07:22:06Z,0,0,0,0,0,False,,False,False,382,False
640,151,RustPython/RustPython,.github/workflows/upgrade-pylib.md,6,2026-04-09T17:38:14Z,0,0,0,0,0,False,,False,False,382,False
641,151,RustPython/RustPython,.github/workflows/upgrade-pylib.md,7,2026-06-12T02:08:27Z,0,0,0,0,0,False,,False,False,382,False
642,152,wp-media/wp-rocket,.github/workflows/pr-release-doc-generator.md,1,2026-02-20T17:25:33Z,0,0,0,2,2,True,📋ℹ,False,False,1647,False
643,152,wp-media/wp-rocket,.github/workflows/pr-release-doc-generator.md,2,2026-02-20T21:22:01Z,0,0,0,0,0,False,,False,False,1429,False
644,152,wp-media/wp-rocket,.github/workflows/pr-release-doc-generator.md,3,2026-02-20T21:52:51Z,0,0,0,0,0,False,,False,False,1444,False
645,152,wp-media/wp-rocket,.github/workflows/pr-release-doc-generator.md,4,2026-02-20T22:18:30Z,0,0,0,0,0,False,,False,False,1444,False
646,153,pulumi/pulumi-github,.github/workflows/gh-aw-pr-rereview.md,1,2026-05-12T06:39:24Z,0,0,0,0,0,False,,False,False,6,True
647,154,pulumi/pulumi-github,.github/workflows/gh-aw-pr-review.md,1,2026-05-12T06:39:24Z,0,0,0,0,0,False,,False,False,5,True
648,155,elastic/elasticsearch-specification,.github/workflows/kibana-type-check-analysis.md,1,2026-05-22T18:30:50Z,0,0,0,0,0,False,,False,False,278,False
649,155,elastic/elasticsearch-specification,.github/workflows/kibana-type-check-analysis.md,2,2026-05-28T17:01:26Z,0,0,0,0,0,False,,False,False,361,False
650,155,elastic/elasticsearch-specification,.github/workflows/kibana-type-check-analysis.md,3,2026-05-29T14:12:26Z,0,0,0,0,0,False,,False,False,361,False
651,155,elastic/elasticsearch-specification,.github/workflows/kibana-type-check-analysis.md,4,2026-05-29T17:29:08Z,0,0,0,0,0,False,,False,False,349,False
652,155,elastic/elasticsearch-specification,.github/workflows/kibana-type-check-analysis.md,5,2026-06-16T12:48:18Z,0,0,0,0,0,False,,False,False,398,False
653,155,elastic/elasticsearch-specification,.github/workflows/kibana-type-check-analysis.md,6,2026-06-25T08:44:23Z,0,0,0,0,0,False,,False,False,398,False
654,156,elastic/elasticsearch-specification,.github/workflows/spec-drift.md,1,2026-05-21T08:32:38Z,0,0,0,0,0,False,,False,False,790,False
655,156,elastic/elasticsearch-specification,.github/workflows/spec-drift.md,2,2026-05-21T09:41:44Z,0,0,0,0,0,False,,False,False,790,False
656,156,elastic/elasticsearch-specification,.github/workflows/spec-drift.md,3,2026-05-27T09:47:01Z,0,0,0,0,0,False,,False,False,755,False
657,157,Azure/azure-sdk-for-go,.github/workflows/issue-triage.md,1,2026-04-21T00:08:02Z,1,0,6,8,15,True,⚠🏷👥📋🔎🎯,False,False,2674,False
658,158,Azure/azure-sdk-for-go,.github/workflows/mgmt-review.md,1,2026-04-20T21:02:57Z,6,0,0,3,9,True,⚡✅❌⛔,False,False,1106,False
659,158,Azure/azure-sdk-for-go,.github/workflows/mgmt-review.md,2,2026-05-16T00:36:55Z,6,0,0,5,11,True,⚡✅❌⏳⚠⛔,False,False,1411,False
660,159,SatelliteQE/broker,.github/workflows/wiki-sync.md,1,2026-04-17T20:58:13Z,0,0,0,0,0,False,,False,False,1002,False
661,160,sergey-tihon/Clippit,.github/workflows/clippy.md,1,2026-03-11T19:06:15Z,0,0,9,0,9,True,🤖💬🔧🏷📝🔄,False,False,2705,False
662,160,sergey-tihon/Clippit,.github/workflows/clippy.md,2,2026-04-01T17:48:13Z,0,0,9,0,9,True,🤖💬🔧🏷📝🔄,False,False,2674,False
663,160,sergey-tihon/Clippit,.github/workflows/clippy.md,3,2026-04-02T09:49:56Z,0,0,9,0,9,True,🤖💬🔧🏷📝🔄,False,False,2674,False
664,160,sergey-tihon/Clippit,.github/workflows/clippy.md,4,2026-04-15T12:42:51Z,0,0,9,0,9,True,🤖💬🔧🏷📝🔄,False,False,2674,False
665,160,sergey-tihon/Clippit,.github/workflows/clippy.md,5,2026-04-22T12:47:58Z,1,0,9,0,10,True,🌈🤖💬🔧🏷📝🔄,False,False,2674,False
666,160,sergey-tihon/Clippit,.github/workflows/clippy.md,6,2026-04-25T07:53:37Z,1,0,9,0,10,True,🌈🤖💬🔧🏷📝🔄,False,False,2674,False
667,160,sergey-tihon/Clippit,.github/workflows/clippy.md,7,2026-05-05T14:04:31Z,1,0,9,0,10,True,🌈🤖💬🔧🏷📝🔄,False,False,2886,False
668,160,sergey-tihon/Clippit,.github/workflows/clippy.md,8,2026-05-05T21:34:03Z,1,0,9,0,10,True,🌈🤖💬🔧🏷📝🔄,False,False,2886,False
669,160,sergey-tihon/Clippit,.github/workflows/clippy.md,9,2026-05-09T07:17:13Z,1,0,9,0,10,True,🌈🤖💬🔧🏷📝🔄,False,False,2886,False
670,160,sergey-tihon/Clippit,.github/workflows/clippy.md,10,2026-05-10T20:44:12Z,1,0,9,0,10,True,🌈🤖💬🔧🏷📝🔄,False,False,2892,False
671,160,sergey-tihon/Clippit,.github/workflows/clippy.md,11,2026-05-13T05:46:48Z,1,0,9,0,10,True,🌈🤖💬🔧🏷📝🔄,False,False,2904,False
672,160,sergey-tihon/Clippit,.github/workflows/clippy.md,12,2026-05-16T09:30:25Z,1,0,9,0,10,True,🌈🤖💬🔧🏷📝🔄,False,False,2904,False
673,160,sergey-tihon/Clippit,.github/workflows/clippy.md,13,2026-05-20T06:26:46Z,1,0,9,0,10,True,🌈🤖💬🔧🏷📝🔄,False,False,2904,False
674,160,sergey-tihon/Clippit,.github/workflows/clippy.md,14,2026-05-30T07:52:29Z,1,0,9,0,10,True,🌈🤖💬🔧🏷📝🔄,False,False,2904,False
675,160,sergey-tihon/Clippit,.github/workflows/clippy.md,15,2026-06-10T14:52:39Z,1,0,9,0,10,True,🌈🤖💬🔧🏷📝🔄,False,False,2904,False
676,160,sergey-tihon/Clippit,.github/workflows/clippy.md,16,2026-06-10T14:55:48Z,1,0,9,0,10,True,🌈🤖💬🔧🏷📝🔄,False,False,2904,False
677,160,sergey-tihon/Clippit,.github/workflows/clippy.md,17,2026-06-21T06:22:33Z,1,0,9,0,10,True,🌈🤖💬🔧🏷📝🔄,False,False,2904,False
678,160,sergey-tihon/Clippit,.github/workflows/clippy.md,18,2026-06-23T19:42:21Z,1,0,9,0,10,True,🌈🤖💬🔧🏷📝🔄,False,False,2904,False
679,161,microsoft/gctoolkit,.github/workflows/relevance-check.md,1,2026-02-26T14:16:58Z,0,0,3,0,3,True,✅🗄💬,False,False,371,False
680,161,microsoft/gctoolkit,.github/workflows/relevance-check.md,2,2026-02-26T14:38:07Z,0,0,3,0,3,True,✅🗄💬,False,False,371,False
681,161,microsoft/gctoolkit,.github/workflows/relevance-check.md,3,2026-02-26T15:50:07Z,0,0,3,0,3,True,✅🗄💬,False,False,371,False
682,162,microsoft/gctoolkit,.github/workflows/relevance-summary.md,1,2026-02-26T18:10:59Z,0,0,3,3,6,True,✅🗄💬,False,False,349,False
683,163,apolloconfig/apollo,.github/workflows/issue-triage.md,1,2026-02-10T13:59:22Z,0,0,0,0,0,False,,False,False,465,False
684,163,apolloconfig/apollo,.github/workflows/issue-triage.md,2,2026-02-13T08:31:15Z,0,0,0,0,0,False,,False,False,465,False
685,164,evcc-io/evcc,.github/workflows/triage-agent.md,1,2026-01-23T16:52:01Z,0,0,0,0,0,False,,False,False,155,False
686,164,evcc-io/evcc,.github/workflows/triage-agent.md,2,2026-01-25T11:20:11Z,0,0,0,0,0,False,,False,False,162,False
687,164,evcc-io/evcc,.github/workflows/triage-agent.md,3,2026-01-26T16:38:08Z,0,0,0,0,0,False,,False,False,162,False
688,165,pulumi/pulumi-keycloak,.github/workflows/gh-aw-pr-rereview.md,1,2026-05-12T06:46:45Z,0,0,0,0,0,False,,False,False,6,True
689,166,pulumi/pulumi-keycloak,.github/workflows/gh-aw-pr-review.md,1,2026-05-12T06:46:45Z,0,0,0,0,0,False,,False,False,5,True
690,167,pulumi/pulumi-aws-native,.github/workflows/gh-aw-pr-rereview.md,1,2026-05-12T06:38:30Z,0,0,0,0,0,False,,False,False,6,True
691,168,pulumi/pulumi-aws-native,.github/workflows/gh-aw-pr-review.md,1,2026-05-12T06:38:30Z,0,0,0,0,0,False,,False,False,5,True
692,169,adoptium/containers,.github/workflows/dockerfile-readiness.md,1,2026-04-24T09:28:42Z,0,0,0,8,8,True,✅⚠❌,False,False,1089,False
693,169,adoptium/containers,.github/workflows/dockerfile-readiness.md,2,2026-04-25T09:16:36Z,0,0,5,15,20,True,✅⏳⏭⚠❌,False,False,1756,False
694,169,adoptium/containers,.github/workflows/dockerfile-readiness.md,3,2026-04-29T08:51:12Z,0,0,7,19,26,True,✅⏳⏭⚠❌,False,False,2059,False
695,169,adoptium/containers,.github/workflows/dockerfile-readiness.md,4,2026-05-05T08:05:40Z,0,0,7,19,26,True,✅⏳⏭⚠❌,False,False,2059,False
696,169,adoptium/containers,.github/workflows/dockerfile-readiness.md,5,2026-05-05T08:42:28Z,0,0,7,19,26,True,✅⏳⏭⚠❌,False,False,2059,False
697,169,adoptium/containers,.github/workflows/dockerfile-readiness.md,6,2026-05-05T11:55:44Z,0,0,7,19,26,True,✅⏳⏭⚠❌,False,False,2311,False
698,169,adoptium/containers,.github/workflows/dockerfile-readiness.md,7,2026-06-14T22:09:26Z,0,0,7,19,26,True,✅⏳⏭⚠❌,False,False,2311,False
699,170,pulumi/pulumi-hcloud,.github/workflows/gh-aw-pr-rereview.md,1,2026-05-12T06:44:00Z,0,0,0,0,0,False,,False,False,6,True
700,171,pulumi/pulumi-hcloud,.github/workflows/gh-aw-pr-review.md,1,2026-05-12T06:44:00Z,0,0,0,0,0,False,,False,False,5,True
701,172,pulumi/pulumi-azuredevops,.github/workflows/gh-aw-pr-rereview.md,1,2026-05-12T06:20:43Z,0,0,0,0,0,False,,False,False,6,True
702,173,pulumi/pulumi-azuredevops,.github/workflows/gh-aw-pr-review.md,1,2026-05-12T06:20:43Z,0,0,0,0,0,False,,False,False,5,True
703,174,pulumi/pulumi-auth0,.github/workflows/gh-aw-pr-rereview.md,1,2026-05-12T06:12:28Z,0,0,0,0,0,False,,False,False,6,True
704,175,pulumi/pulumi-auth0,.github/workflows/gh-aw-pr-review.md,1,2026-05-12T06:12:28Z,0,0,0,0,0,False,,False,False,5,True
705,176,elastic/terraform-provider-elasticstack,.github/workflows/change-factory-issue.md,1,2026-04-26T04:13:36Z,0,0,0,0,0,False,,False,False,910,False
706,176,elastic/terraform-provider-elasticstack,.github/workflows/change-factory-issue.md,2,2026-04-27T02:05:50Z,0,0,0,0,0,False,,False,False,910,False
707,176,elastic/terraform-provider-elasticstack,.github/workflows/change-factory-issue.md,3,2026-04-27T03:42:26Z,0,0,0,0,0,False,,False,False,990,False
708,176,elastic/terraform-provider-elasticstack,.github/workflows/change-factory-issue.md,4,2026-05-04T07:55:37Z,0,0,0,0,0,False,,False,False,990,False
709,176,elastic/terraform-provider-elasticstack,.github/workflows/change-factory-issue.md,5,2026-05-04T07:59:58Z,0,0,0,0,0,False,,False,False,990,False
710,176,elastic/terraform-provider-elasticstack,.github/workflows/change-factory-issue.md,6,2026-05-05T03:46:38Z,0,0,0,0,0,False,,False,False,990,False
711,176,elastic/terraform-provider-elasticstack,.github/workflows/change-factory-issue.md,7,2026-05-05T07:56:32Z,0,0,0,0,0,False,,False,False,990,False
712,176,elastic/terraform-provider-elasticstack,.github/workflows/change-factory-issue.md,8,2026-05-08T12:38:15Z,0,0,0,0,0,False,,False,False,1223,False
713,176,elastic/terraform-provider-elasticstack,.github/workflows/change-factory-issue.md,9,2026-05-09T12:20:34Z,0,0,1,0,1,True,🤖,False,False,1313,False
714,176,elastic/terraform-provider-elasticstack,.github/workflows/change-factory-issue.md,10,2026-05-11T02:05:27Z,1,0,1,0,2,True,⚠🤖,False,False,1353,False
715,176,elastic/terraform-provider-elasticstack,.github/workflows/change-factory-issue.md,11,2026-05-11T05:07:52Z,1,0,1,0,2,True,⚠🤖,False,False,1353,False
716,176,elastic/terraform-provider-elasticstack,.github/workflows/change-factory-issue.md,12,2026-05-14T02:35:56Z,1,0,1,0,2,True,⚠🤖,False,False,1402,False
717,176,elastic/terraform-provider-elasticstack,.github/workflows/change-factory-issue.md,13,2026-05-14T05:23:14Z,1,0,1,0,2,True,⚠🤖,False,False,1402,False
718,176,elastic/terraform-provider-elasticstack,.github/workflows/change-factory-issue.md,14,2026-05-15T20:52:17Z,1,0,1,0,2,True,⚠🤖,False,False,1402,False
719,176,elastic/terraform-provider-elasticstack,.github/workflows/change-factory-issue.md,15,2026-05-16T11:20:32Z,1,0,1,0,2,True,⚠🤖,False,False,1402,False
720,176,elastic/terraform-provider-elasticstack,.github/workflows/change-factory-issue.md,16,2026-05-17T10:56:22Z,1,0,1,0,2,True,⚠🤖,False,False,1402,False
721,176,elastic/terraform-provider-elasticstack,.github/workflows/change-factory-issue.md,17,2026-05-18T03:08:06Z,1,0,1,0,2,True,⚠🤖,False,False,1402,False
722,176,elastic/terraform-provider-elasticstack,.github/workflows/change-factory-issue.md,18,2026-05-18T09:03:14Z,0,0,1,0,1,True,🤖,False,False,1402,False
723,176,elastic/terraform-provider-elasticstack,.github/workflows/change-factory-issue.md,19,2026-05-18T11:26:59Z,0,0,1,0,1,True,🤖,False,False,1402,False
724,176,elastic/terraform-provider-elasticstack,.github/workflows/change-factory-issue.md,20,2026-05-19T10:46:26Z,0,0,1,0,1,True,🤖,False,False,1402,False
725,176,elastic/terraform-provider-elasticstack,.github/workflows/change-factory-issue.md,21,2026-05-20T05:15:12Z,0,0,1,0,1,True,🤖,False,False,1402,False
726,176,elastic/terraform-provider-elasticstack,.github/workflows/change-factory-issue.md,22,2026-05-22T06:45:00Z,0,0,1,0,1,True,🤖,False,False,1402,False
727,176,elastic/terraform-provider-elasticstack,.github/workflows/change-factory-issue.md,23,2026-06-02T11:35:44Z,0,0,1,0,1,True,🤖,False,False,1402,False
728,177,elastic/terraform-provider-elasticstack,.github/workflows/ci-deadcode-removal-rotation.md,1,2026-05-16T11:58:01Z,0,0,0,0,0,False,,False,False,540,False
729,177,elastic/terraform-provider-elasticstack,.github/workflows/ci-deadcode-removal-rotation.md,2,2026-05-16T12:40:02Z,0,0,0,0,0,False,,False,False,540,False
730,177,elastic/terraform-provider-elasticstack,.github/workflows/ci-deadcode-removal-rotation.md,3,2026-05-16T22:16:10Z,0,0,0,0,0,False,,False,False,613,False
731,177,elastic/terraform-provider-elasticstack,.github/workflows/ci-deadcode-removal-rotation.md,4,2026-05-18T03:08:06Z,0,0,0,0,0,False,,False,False,613,False
732,177,elastic/terraform-provider-elasticstack,.github/workflows/ci-deadcode-removal-rotation.md,5,2026-05-18T09:03:14Z,0,0,0,0,0,False,,False,False,613,False
733,177,elastic/terraform-provider-elasticstack,.github/workflows/ci-deadcode-removal-rotation.md,6,2026-05-20T12:22:51Z,0,0,0,0,0,False,,False,False,622,False
734,177,elastic/terraform-provider-elasticstack,.github/workflows/ci-deadcode-removal-rotation.md,7,2026-05-22T06:45:00Z,0,0,0,0,0,False,,False,False,622,False
735,177,elastic/terraform-provider-elasticstack,.github/workflows/ci-deadcode-removal-rotation.md,8,2026-06-02T11:35:44Z,0,0,0,0,0,False,,False,False,622,False
736,177,elastic/terraform-provider-elasticstack,.github/workflows/ci-deadcode-removal-rotation.md,9,2026-06-03T04:55:17Z,0,0,0,0,0,False,,False,False,622,False
737,178,elastic/terraform-provider-elasticstack,.github/workflows/code-factory-issue.md,1,2026-04-23T23:36:05Z,0,0,0,0,0,False,,False,False,451,False
738,178,elastic/terraform-provider-elasticstack,.github/workflows/code-factory-issue.md,2,2026-04-24T00:01:04Z,0,0,0,0,0,False,,False,False,451,False
739,178,elastic/terraform-provider-elasticstack,.github/workflows/code-factory-issue.md,3,2026-04-24T11:36:27Z,0,0,0,0,0,False,,False,False,451,False
740,178,elastic/terraform-provider-elasticstack,.github/workflows/code-factory-issue.md,4,2026-04-26T04:13:36Z,0,0,0,0,0,False,,False,False,451,False
741,178,elastic/terraform-provider-elasticstack,.github/workflows/code-factory-issue.md,5,2026-04-27T02:05:50Z,0,0,0,0,0,False,,False,False,451,False
742,178,elastic/terraform-provider-elasticstack,.github/workflows/code-factory-issue.md,6,2026-04-27T03:42:26Z,0,0,0,0,0,False,,False,False,530,False
743,178,elastic/terraform-provider-elasticstack,.github/workflows/code-factory-issue.md,7,2026-05-04T07:55:37Z,0,0,0,0,0,False,,False,False,530,False
744,178,elastic/terraform-provider-elasticstack,.github/workflows/code-factory-issue.md,8,2026-05-04T07:59:58Z,0,0,0,0,0,False,,False,False,530,False
745,178,elastic/terraform-provider-elasticstack,.github/workflows/code-factory-issue.md,9,2026-05-05T03:46:38Z,0,0,0,0,0,False,,False,False,530,False
746,178,elastic/terraform-provider-elasticstack,.github/workflows/code-factory-issue.md,10,2026-05-05T07:56:32Z,0,0,0,0,0,False,,False,False,530,False
747,178,elastic/terraform-provider-elasticstack,.github/workflows/code-factory-issue.md,11,2026-05-06T04:15:33Z,0,0,0,0,0,False,,False,False,539,False
748,178,elastic/terraform-provider-elasticstack,.github/workflows/code-factory-issue.md,12,2026-05-09T01:52:21Z,0,0,0,0,0,False,,False,False,577,False
749,178,elastic/terraform-provider-elasticstack,.github/workflows/code-factory-issue.md,13,2026-05-09T12:20:34Z,0,0,0,0,0,False,,False,False,582,False
750,178,elastic/terraform-provider-elasticstack,.github/workflows/code-factory-issue.md,14,2026-05-11T02:05:27Z,0,0,0,0,0,False,,False,False,582,False
751,178,elastic/terraform-provider-elasticstack,.github/workflows/code-factory-issue.md,15,2026-05-11T05:07:52Z,0,0,0,0,0,False,,False,False,582,False
752,178,elastic/terraform-provider-elasticstack,.github/workflows/code-factory-issue.md,16,2026-05-14T02:35:56Z,0,0,0,0,0,False,,False,False,582,False
753,178,elastic/terraform-provider-elasticstack,.github/workflows/code-factory-issue.md,17,2026-05-14T05:23:14Z,0,0,0,0,0,False,,False,False,582,False
754,178,elastic/terraform-provider-elasticstack,.github/workflows/code-factory-issue.md,18,2026-05-16T11:20:32Z,0,0,0,0,0,False,,False,False,582,False
755,178,elastic/terraform-provider-elasticstack,.github/workflows/code-factory-issue.md,19,2026-05-17T06:39:37Z,0,0,0,0,0,False,,False,False,582,False
756,178,elastic/terraform-provider-elasticstack,.github/workflows/code-factory-issue.md,20,2026-05-17T10:30:58Z,0,0,0,0,0,False,,False,False,699,False
757,178,elastic/terraform-provider-elasticstack,.github/workflows/code-factory-issue.md,21,2026-05-17T10:56:22Z,0,0,0,0,0,False,,False,False,699,False
758,178,elastic/terraform-provider-elasticstack,.github/workflows/code-factory-issue.md,22,2026-05-17T11:04:35Z,0,0,0,0,0,False,,False,False,699,False
759,178,elastic/terraform-provider-elasticstack,.github/workflows/code-factory-issue.md,23,2026-05-18T03:08:06Z,0,0,0,0,0,False,,False,False,699,False
760,178,elastic/terraform-provider-elasticstack,.github/workflows/code-factory-issue.md,24,2026-05-18T09:03:14Z,0,0,0,0,0,False,,False,False,699,False
761,178,elastic/terraform-provider-elasticstack,.github/workflows/code-factory-issue.md,25,2026-05-18T11:26:59Z,0,0,0,0,0,False,,False,False,699,False
762,178,elastic/terraform-provider-elasticstack,.github/workflows/code-factory-issue.md,26,2026-05-19T01:47:03Z,0,0,0,0,0,False,,False,False,661,False
763,178,elastic/terraform-provider-elasticstack,.github/workflows/code-factory-issue.md,27,2026-05-19T10:46:26Z,0,0,0,0,0,False,,False,False,661,False
764,178,elastic/terraform-provider-elasticstack,.github/workflows/code-factory-issue.md,28,2026-05-22T06:45:00Z,0,0,0,0,0,False,,False,False,661,False
765,178,elastic/terraform-provider-elasticstack,.github/workflows/code-factory-issue.md,29,2026-05-31T02:04:32Z,0,0,0,0,0,False,,False,False,905,False
766,178,elastic/terraform-provider-elasticstack,.github/workflows/code-factory-issue.md,30,2026-06-02T11:35:44Z,0,0,0,0,0,False,,False,False,905,False
767,179,elastic/terraform-provider-elasticstack,.github/workflows/duplicate-code-detector.md,1,2026-04-23T04:06:45Z,0,0,0,1,1,True,🔍,False,False,1145,False
768,179,elastic/terraform-provider-elasticstack,.github/workflows/duplicate-code-detector.md,2,2026-04-23T04:16:05Z,0,0,0,1,1,True,🔍,False,False,1145,False
769,179,elastic/terraform-provider-elasticstack,.github/workflows/duplicate-code-detector.md,3,2026-04-23T06:13:04Z,0,0,0,1,1,True,🔍,False,False,1145,False
770,179,elastic/terraform-provider-elasticstack,.github/workflows/duplicate-code-detector.md,4,2026-04-24T07:51:55Z,0,0,0,1,1,True,🔍,False,False,1143,False
771,179,elastic/terraform-provider-elasticstack,.github/workflows/duplicate-code-detector.md,5,2026-05-04T07:55:37Z,0,0,0,1,1,True,🔍,False,False,1143,False
772,179,elastic/terraform-provider-elasticstack,.github/workflows/duplicate-code-detector.md,6,2026-05-04T07:59:58Z,0,0,0,1,1,True,🔍,False,False,1143,False
773,179,elastic/terraform-provider-elasticstack,.github/workflows/duplicate-code-detector.md,7,2026-05-05T03:46:38Z,0,0,0,1,1,True,🔍,False,False,1143,False
774,179,elastic/terraform-provider-elasticstack,.github/workflows/duplicate-code-detector.md,8,2026-05-05T10:11:47Z,0,0,0,1,1,True,🔍,False,False,1143,False
775,179,elastic/terraform-provider-elasticstack,.github/workflows/duplicate-code-detector.md,9,2026-05-16T12:09:11Z,0,0,0,1,1,True,🔍,False,False,1143,False
776,179,elastic/terraform-provider-elasticstack,.github/workflows/duplicate-code-detector.md,10,2026-05-18T09:03:14Z,0,0,0,1,1,True,🔍,False,False,1143,False
777,179,elastic/terraform-provider-elasticstack,.github/workflows/duplicate-code-detector.md,11,2026-05-18T11:26:59Z,0,0,0,1,1,True,🔍,False,False,1143,False
778,179,elastic/terraform-provider-elasticstack,.github/workflows/duplicate-code-detector.md,12,2026-05-22T12:20:13Z,0,0,0,1,1,True,🔍,False,False,1174,False
779,179,elastic/terraform-provider-elasticstack,.github/workflows/duplicate-code-detector.md,13,2026-06-02T11:35:44Z,0,0,0,1,1,True,🔍,False,False,1174,False
780,180,elastic/terraform-provider-elasticstack,.github/workflows/flaky-test-catcher.md,1,2026-05-05T10:47:45Z,0,0,0,0,0,False,,False,False,705,False
781,180,elastic/terraform-provider-elasticstack,.github/workflows/flaky-test-catcher.md,2,2026-05-06T04:15:33Z,0,0,0,0,0,False,,False,False,734,False
782,180,elastic/terraform-provider-elasticstack,.github/workflows/flaky-test-catcher.md,3,2026-05-16T12:09:11Z,0,0,0,0,0,False,,False,False,734,False
783,180,elastic/terraform-provider-elasticstack,.github/workflows/flaky-test-catcher.md,4,2026-05-18T09:03:14Z,0,0,0,0,0,False,,False,False,734,False
784,180,elastic/terraform-provider-elasticstack,.github/workflows/flaky-test-catcher.md,5,2026-05-18T11:26:59Z,0,0,0,0,0,False,,False,False,734,False
785,180,elastic/terraform-provider-elasticstack,.github/workflows/flaky-test-catcher.md,6,2026-05-22T12:20:13Z,0,0,0,0,0,False,,False,False,734,False
786,180,elastic/terraform-provider-elasticstack,.github/workflows/flaky-test-catcher.md,7,2026-06-02T11:35:44Z,0,0,0,0,0,False,,False,False,734,False
787,181,elastic/terraform-provider-elasticstack,.github/workflows/issue-classifier.md,1,2026-05-14T11:20:15Z,0,0,0,0,0,False,,False,False,1163,False
788,181,elastic/terraform-provider-elasticstack,.github/workflows/issue-classifier.md,2,2026-05-15T00:34:31Z,0,0,0,0,0,False,,False,False,1163,False
789,181,elastic/terraform-provider-elasticstack,.github/workflows/issue-classifier.md,3,2026-05-18T09:03:14Z,0,0,0,0,0,False,,False,False,1163,False
790,181,elastic/terraform-provider-elasticstack,.github/workflows/issue-classifier.md,4,2026-05-18T11:26:59Z,0,0,0,0,0,False,,False,False,1163,False
791,181,elastic/terraform-provider-elasticstack,.github/workflows/issue-classifier.md,5,2026-05-22T06:45:00Z,0,0,0,0,0,False,,False,False,1163,False
792,181,elastic/terraform-provider-elasticstack,.github/workflows/issue-classifier.md,6,2026-06-02T11:35:44Z,0,0,0,0,0,False,,False,False,1163,False
793,182,elastic/terraform-provider-elasticstack,.github/workflows/kibana-spec-impact.md,1,2026-04-17T07:52:22Z,0,0,0,0,0,False,,False,False,537,False
794,182,elastic/terraform-provider-elasticstack,.github/workflows/kibana-spec-impact.md,2,2026-04-22T00:43:20Z,0,0,0,0,0,False,,False,False,537,False
795,182,elastic/terraform-provider-elasticstack,.github/workflows/kibana-spec-impact.md,3,2026-04-23T23:27:59Z,0,0,0,0,0,False,,False,False,535,False
796,182,elastic/terraform-provider-elasticstack,.github/workflows/kibana-spec-impact.md,4,2026-04-30T06:32:20Z,0,0,0,0,0,False,,False,False,535,False
797,182,elastic/terraform-provider-elasticstack,.github/workflows/kibana-spec-impact.md,5,2026-05-04T07:55:37Z,0,0,0,0,0,False,,False,False,535,False
798,182,elastic/terraform-provider-elasticstack,.github/workflows/kibana-spec-impact.md,6,2026-05-04T07:59:58Z,0,0,0,0,0,False,,False,False,535,False
799,182,elastic/terraform-provider-elasticstack,.github/workflows/kibana-spec-impact.md,7,2026-05-05T03:46:38Z,0,0,0,0,0,False,,False,False,535,False
800,182,elastic/terraform-provider-elasticstack,.github/workflows/kibana-spec-impact.md,8,2026-05-18T03:08:06Z,0,0,0,0,0,False,,False,False,535,False
801,182,elastic/terraform-provider-elasticstack,.github/workflows/kibana-spec-impact.md,9,2026-05-18T09:03:14Z,0,0,0,0,0,False,,False,False,535,False
802,182,elastic/terraform-provider-elasticstack,.github/workflows/kibana-spec-impact.md,10,2026-05-22T06:45:00Z,0,0,0,0,0,False,,False,False,535,False
803,182,elastic/terraform-provider-elasticstack,.github/workflows/kibana-spec-impact.md,11,2026-06-02T11:35:44Z,0,0,0,0,0,False,,False,False,535,False
804,183,elastic/terraform-provider-elasticstack,.github/workflows/openspec-verify-label.md,1,2026-03-25T03:52:09Z,0,0,0,0,0,False,,False,False,685,False
805,183,elastic/terraform-provider-elasticstack,.github/workflows/openspec-verify-label.md,2,2026-03-26T07:01:31Z,0,0,0,0,0,False,,False,False,687,False
806,183,elastic/terraform-provider-elasticstack,.github/workflows/openspec-verify-label.md,3,2026-03-27T10:06:16Z,0,0,0,0,0,False,,False,False,756,False
807,183,elastic/terraform-provider-elasticstack,.github/workflows/openspec-verify-label.md,4,2026-03-29T10:09:57Z,0,0,0,0,0,False,,False,False,704,False
808,183,elastic/terraform-provider-elasticstack,.github/workflows/openspec-verify-label.md,5,2026-03-30T02:13:28Z,0,0,0,0,0,False,,False,False,453,False
809,183,elastic/terraform-provider-elasticstack,.github/workflows/openspec-verify-label.md,6,2026-03-30T03:24:21Z,0,0,0,0,0,False,,False,False,453,False
810,183,elastic/terraform-provider-elasticstack,.github/workflows/openspec-verify-label.md,7,2026-03-30T06:48:49Z,0,0,0,0,0,False,,False,False,555,False
811,183,elastic/terraform-provider-elasticstack,.github/workflows/openspec-verify-label.md,8,2026-04-04T09:38:38Z,0,0,0,0,0,False,,False,False,573,False
812,183,elastic/terraform-provider-elasticstack,.github/workflows/openspec-verify-label.md,9,2026-04-06T12:39:17Z,0,0,0,0,0,False,,False,False,780,False
813,183,elastic/terraform-provider-elasticstack,.github/workflows/openspec-verify-label.md,10,2026-04-06T21:39:11Z,0,0,0,0,0,False,,False,False,689,False
814,183,elastic/terraform-provider-elasticstack,.github/workflows/openspec-verify-label.md,11,2026-04-07T02:13:00Z,0,0,0,0,0,False,,False,False,866,False
815,183,elastic/terraform-provider-elasticstack,.github/workflows/openspec-verify-label.md,12,2026-04-07T02:21:23Z,0,0,0,0,0,False,,False,False,870,False
816,183,elastic/terraform-provider-elasticstack,.github/workflows/openspec-verify-label.md,13,2026-04-07T02:25:54Z,0,0,0,0,0,False,,False,False,828,False
817,183,elastic/terraform-provider-elasticstack,.github/workflows/openspec-verify-label.md,14,2026-04-07T07:20:55Z,0,0,0,0,0,False,,False,False,737,False
818,183,elastic/terraform-provider-elasticstack,.github/workflows/openspec-verify-label.md,15,2026-04-14T11:23:51Z,0,0,0,0,0,False,,False,False,737,False
819,183,elastic/terraform-provider-elasticstack,.github/workflows/openspec-verify-label.md,16,2026-04-14T11:47:39Z,0,0,0,0,0,False,,False,False,772,False
820,183,elastic/terraform-provider-elasticstack,.github/workflows/openspec-verify-label.md,17,2026-04-22T00:43:20Z,0,0,0,0,0,False,,False,False,772,False
821,183,elastic/terraform-provider-elasticstack,.github/workflows/openspec-verify-label.md,18,2026-04-27T02:05:50Z,0,0,0,0,0,False,,False,False,772,False
822,183,elastic/terraform-provider-elasticstack,.github/workflows/openspec-verify-label.md,19,2026-05-04T07:55:37Z,0,0,0,0,0,False,,False,False,772,False
823,183,elastic/terraform-provider-elasticstack,.github/workflows/openspec-verify-label.md,20,2026-05-04T07:59:58Z,0,0,0,0,0,False,,False,False,772,False
824,183,elastic/terraform-provider-elasticstack,.github/workflows/openspec-verify-label.md,21,2026-05-05T03:46:38Z,0,0,0,0,0,False,,False,False,772,False
825,183,elastic/terraform-provider-elasticstack,.github/workflows/openspec-verify-label.md,22,2026-05-06T05:32:28Z,0,0,0,0,0,False,,False,False,772,False
826,183,elastic/terraform-provider-elasticstack,.github/workflows/openspec-verify-label.md,23,2026-05-08T05:39:22Z,0,0,0,0,0,False,,False,False,1261,False
827,183,elastic/terraform-provider-elasticstack,.github/workflows/openspec-verify-label.md,24,2026-05-08T09:07:47Z,0,0,0,0,0,False,,False,False,772,False
828,183,elastic/terraform-provider-elasticstack,.github/workflows/openspec-verify-label.md,25,2026-05-18T03:08:06Z,0,0,0,0,0,False,,False,False,772,False
829,183,elastic/terraform-provider-elasticstack,.github/workflows/openspec-verify-label.md,26,2026-05-18T09:03:14Z,0,0,0,0,0,False,,False,False,772,False
830,183,elastic/terraform-provider-elasticstack,.github/workflows/openspec-verify-label.md,27,2026-05-18T11:18:56Z,0,0,0,0,0,False,,False,False,772,False
831,183,elastic/terraform-provider-elasticstack,.github/workflows/openspec-verify-label.md,28,2026-05-22T03:44:38Z,0,0,0,0,0,False,,False,False,772,False
832,183,elastic/terraform-provider-elasticstack,.github/workflows/openspec-verify-label.md,29,2026-05-22T06:45:00Z,0,0,0,0,0,False,,False,False,772,False
833,183,elastic/terraform-provider-elasticstack,.github/workflows/openspec-verify-label.md,30,2026-06-02T11:35:44Z,0,0,0,0,0,False,,False,False,772,False
834,184,elastic/terraform-provider-elasticstack,.github/workflows/reproducer-factory-issue.md,1,2026-05-14T02:35:56Z,0,0,1,0,1,True,🤖,False,False,1214,False
835,184,elastic/terraform-provider-elasticstack,.github/workflows/reproducer-factory-issue.md,2,2026-05-15T20:52:17Z,0,0,1,0,1,True,🤖,False,False,1214,False
836,184,elastic/terraform-provider-elasticstack,.github/workflows/reproducer-factory-issue.md,3,2026-05-16T11:20:32Z,0,0,1,0,1,True,🤖,False,False,1214,False
837,184,elastic/terraform-provider-elasticstack,.github/workflows/reproducer-factory-issue.md,4,2026-05-17T10:56:22Z,0,0,1,0,1,True,🤖,False,False,1214,False
838,184,elastic/terraform-provider-elasticstack,.github/workflows/reproducer-factory-issue.md,5,2026-05-18T03:08:06Z,0,0,1,0,1,True,🤖,False,False,1231,False
839,184,elastic/terraform-provider-elasticstack,.github/workflows/reproducer-factory-issue.md,6,2026-05-18T09:03:14Z,0,0,1,0,1,True,🤖,False,False,1231,False
840,184,elastic/terraform-provider-elasticstack,.github/workflows/reproducer-factory-issue.md,7,2026-05-18T11:26:59Z,0,0,1,0,1,True,🤖,False,False,1231,False
841,184,elastic/terraform-provider-elasticstack,.github/workflows/reproducer-factory-issue.md,8,2026-05-19T01:47:03Z,0,0,1,0,1,True,🤖,False,False,1212,False
842,184,elastic/terraform-provider-elasticstack,.github/workflows/reproducer-factory-issue.md,9,2026-05-19T01:50:29Z,0,0,1,0,1,True,🤖,False,False,1212,False
843,184,elastic/terraform-provider-elasticstack,.github/workflows/reproducer-factory-issue.md,10,2026-05-19T10:46:26Z,0,0,1,0,1,True,🤖,False,False,1212,False
844,184,elastic/terraform-provider-elasticstack,.github/workflows/reproducer-factory-issue.md,11,2026-05-20T05:15:12Z,0,0,1,0,1,True,🤖,False,False,1212,False
845,184,elastic/terraform-provider-elasticstack,.github/workflows/reproducer-factory-issue.md,12,2026-05-22T06:45:00Z,0,0,1,0,1,True,🤖,False,False,1212,False
846,184,elastic/terraform-provider-elasticstack,.github/workflows/reproducer-factory-issue.md,13,2026-06-02T11:35:44Z,0,0,1,0,1,True,🤖,False,False,1212,False
847,185,elastic/terraform-provider-elasticstack,.github/workflows/research-factory-issue.md,1,2026-05-08T12:38:15Z,0,0,0,0,0,False,,False,False,691,False
848,185,elastic/terraform-provider-elasticstack,.github/workflows/research-factory-issue.md,2,2026-05-08T12:53:22Z,0,0,0,0,0,False,,False,False,691,False
849,185,elastic/terraform-provider-elasticstack,.github/workflows/research-factory-issue.md,3,2026-05-09T12:20:34Z,0,0,1,0,1,True,🤖,False,False,762,False
850,185,elastic/terraform-provider-elasticstack,.github/workflows/research-factory-issue.md,4,2026-05-09T13:00:19Z,0,0,1,0,1,True,🤖,False,False,765,False
851,185,elastic/terraform-provider-elasticstack,.github/workflows/research-factory-issue.md,5,2026-05-09T13:17:12Z,0,0,1,0,1,True,🤖,False,False,765,False
852,185,elastic/terraform-provider-elasticstack,.github/workflows/research-factory-issue.md,6,2026-05-10T11:26:57Z,0,0,1,0,1,True,🤖,False,False,765,False
853,185,elastic/terraform-provider-elasticstack,.github/workflows/research-factory-issue.md,7,2026-05-11T02:05:27Z,0,0,1,0,1,True,🤖,False,False,765,False
854,185,elastic/terraform-provider-elasticstack,.github/workflows/research-factory-issue.md,8,2026-05-11T05:07:52Z,0,0,1,0,1,True,🤖,False,False,765,False
855,185,elastic/terraform-provider-elasticstack,.github/workflows/research-factory-issue.md,9,2026-05-14T02:35:56Z,0,0,1,0,1,True,🤖,False,False,765,False
856,185,elastic/terraform-provider-elasticstack,.github/workflows/research-factory-issue.md,10,2026-05-16T11:20:32Z,0,0,1,0,1,True,🤖,False,False,765,False
857,185,elastic/terraform-provider-elasticstack,.github/workflows/research-factory-issue.md,11,2026-05-17T10:56:22Z,0,0,1,0,1,True,🤖,False,False,765,False
858,185,elastic/terraform-provider-elasticstack,.github/workflows/research-factory-issue.md,12,2026-05-18T03:08:06Z,0,0,1,0,1,True,🤖,False,False,765,False
859,185,elastic/terraform-provider-elasticstack,.github/workflows/research-factory-issue.md,13,2026-05-18T09:03:14Z,0,0,1,0,1,True,🤖,False,False,765,False
860,185,elastic/terraform-provider-elasticstack,.github/workflows/research-factory-issue.md,14,2026-05-18T11:26:59Z,0,0,1,0,1,True,🤖,False,False,765,False
861,185,elastic/terraform-provider-elasticstack,.github/workflows/research-factory-issue.md,15,2026-05-19T01:47:03Z,0,0,1,0,1,True,🤖,False,False,765,False
862,185,elastic/terraform-provider-elasticstack,.github/workflows/research-factory-issue.md,16,2026-05-19T01:50:29Z,0,0,1,0,1,True,🤖,False,False,765,False
863,185,elastic/terraform-provider-elasticstack,.github/workflows/research-factory-issue.md,17,2026-05-19T10:46:26Z,0,0,1,0,1,True,🤖,False,False,765,False
864,185,elastic/terraform-provider-elasticstack,.github/workflows/research-factory-issue.md,18,2026-05-22T06:45:00Z,0,0,1,0,1,True,🤖,False,False,765,False
865,185,elastic/terraform-provider-elasticstack,.github/workflows/research-factory-issue.md,19,2026-06-02T11:35:44Z,0,0,1,0,1,True,🤖,False,False,765,False
866,186,elastic/terraform-provider-elasticstack,.github/workflows/schema-coverage-rotation.md,1,2026-03-05T00:38:50Z,0,0,0,0,0,False,,False,False,389,False
867,186,elastic/terraform-provider-elasticstack,.github/workflows/schema-coverage-rotation.md,2,2026-03-05T02:33:21Z,0,0,0,0,0,False,,False,False,389,False
868,186,elastic/terraform-provider-elasticstack,.github/workflows/schema-coverage-rotation.md,3,2026-03-05T02:56:53Z,0,0,0,0,0,False,,False,False,399,False
869,186,elastic/terraform-provider-elasticstack,.github/workflows/schema-coverage-rotation.md,4,2026-03-05T04:08:43Z,0,0,0,0,0,False,,False,False,494,False
870,186,elastic/terraform-provider-elasticstack,.github/workflows/schema-coverage-rotation.md,5,2026-03-05T05:34:02Z,0,0,0,0,0,False,,False,False,523,False
871,186,elastic/terraform-provider-elasticstack,.github/workflows/schema-coverage-rotation.md,6,2026-03-05T07:20:02Z,0,0,0,0,0,False,,False,False,523,False
872,186,elastic/terraform-provider-elasticstack,.github/workflows/schema-coverage-rotation.md,7,2026-03-13T02:10:52Z,0,0,0,0,0,False,,False,False,523,False
873,186,elastic/terraform-provider-elasticstack,.github/workflows/schema-coverage-rotation.md,8,2026-03-13T02:31:14Z,0,0,0,0,0,False,,False,False,523,False
874,186,elastic/terraform-provider-elasticstack,.github/workflows/schema-coverage-rotation.md,9,2026-03-24T01:44:19Z,0,0,0,0,0,False,,False,False,523,False
875,186,elastic/terraform-provider-elasticstack,.github/workflows/schema-coverage-rotation.md,10,2026-03-24T02:19:47Z,0,0,0,0,0,False,,False,False,526,False
876,186,elastic/terraform-provider-elasticstack,.github/workflows/schema-coverage-rotation.md,11,2026-04-09T11:33:09Z,0,0,0,0,0,False,,False,False,528,False
877,186,elastic/terraform-provider-elasticstack,.github/workflows/schema-coverage-rotation.md,12,2026-04-11T20:45:20Z,0,0,0,0,0,False,,False,False,526,False
878,186,elastic/terraform-provider-elasticstack,.github/workflows/schema-coverage-rotation.md,13,2026-04-12T12:40:58Z,0,0,0,0,0,False,,False,False,592,False
879,186,elastic/terraform-provider-elasticstack,.github/workflows/schema-coverage-rotation.md,14,2026-04-14T07:22:29Z,0,0,0,0,0,False,,False,False,540,False
880,186,elastic/terraform-provider-elasticstack,.github/workflows/schema-coverage-rotation.md,15,2026-04-14T23:03:12Z,0,0,0,0,0,False,,False,False,540,False
881,186,elastic/terraform-provider-elasticstack,.github/workflows/schema-coverage-rotation.md,16,2026-04-22T00:43:20Z,0,0,0,0,0,False,,False,False,540,False
882,186,elastic/terraform-provider-elasticstack,.github/workflows/schema-coverage-rotation.md,17,2026-04-23T04:06:45Z,0,0,0,0,0,False,,False,False,540,False
883,186,elastic/terraform-provider-elasticstack,.github/workflows/schema-coverage-rotation.md,18,2026-05-04T07:55:37Z,0,0,0,0,0,False,,False,False,540,False
884,186,elastic/terraform-provider-elasticstack,.github/workflows/schema-coverage-rotation.md,19,2026-05-04T07:59:58Z,0,0,0,0,0,False,,False,False,540,False
885,186,elastic/terraform-provider-elasticstack,.github/workflows/schema-coverage-rotation.md,20,2026-05-05T03:46:38Z,0,0,0,0,0,False,,False,False,486,False
886,186,elastic/terraform-provider-elasticstack,.github/workflows/schema-coverage-rotation.md,21,2026-05-06T04:15:33Z,0,0,0,0,0,False,,False,False,517,False
887,186,elastic/terraform-provider-elasticstack,.github/workflows/schema-coverage-rotation.md,22,2026-05-16T12:09:11Z,0,0,0,0,0,False,,False,False,517,False
888,186,elastic/terraform-provider-elasticstack,.github/workflows/schema-coverage-rotation.md,23,2026-05-18T03:08:06Z,0,0,0,0,0,False,,False,False,517,False
889,186,elastic/terraform-provider-elasticstack,.github/workflows/schema-coverage-rotation.md,24,2026-05-18T09:03:14Z,0,0,0,0,0,False,,False,False,517,False
890,186,elastic/terraform-provider-elasticstack,.github/workflows/schema-coverage-rotation.md,25,2026-05-18T11:26:59Z,0,0,0,0,0,False,,False,False,517,False
891,186,elastic/terraform-provider-elasticstack,.github/workflows/schema-coverage-rotation.md,26,2026-05-22T06:45:00Z,0,0,0,0,0,False,,False,False,517,False
892,186,elastic/terraform-provider-elasticstack,.github/workflows/schema-coverage-rotation.md,27,2026-05-22T12:20:13Z,0,0,0,0,0,False,,False,False,517,False
893,186,elastic/terraform-provider-elasticstack,.github/workflows/schema-coverage-rotation.md,28,2026-06-02T11:35:44Z,0,0,0,0,0,False,,False,False,517,False
894,187,elastic/terraform-provider-elasticstack,.github/workflows/security-role-docs-drift.md,1,2026-05-27T10:51:51Z,0,0,0,0,0,False,,False,False,190,False
895,187,elastic/terraform-provider-elasticstack,.github/workflows/security-role-docs-drift.md,2,2026-06-02T11:35:44Z,0,0,0,0,0,False,,False,False,190,False
896,188,elastic/terraform-provider-elasticstack,.github/workflows/semantic-function-refactor.md,1,2026-05-04T23:22:27Z,0,0,0,1,1,True,🔧,False,False,1605,False
897,188,elastic/terraform-provider-elasticstack,.github/workflows/semantic-function-refactor.md,2,2026-05-05T03:46:38Z,0,0,0,1,1,True,🔧,False,False,1605,False
898,188,elastic/terraform-provider-elasticstack,.github/workflows/semantic-function-refactor.md,3,2026-05-06T04:15:33Z,0,0,0,1,1,True,🔧,False,False,1636,False
899,188,elastic/terraform-provider-elasticstack,.github/workflows/semantic-function-refactor.md,4,2026-05-16T12:09:11Z,0,0,0,1,1,True,🔧,False,False,1636,False
900,188,elastic/terraform-provider-elasticstack,.github/workflows/semantic-function-refactor.md,5,2026-05-18T09:03:14Z,0,0,0,1,1,True,🔧,False,False,1636,False
901,188,elastic/terraform-provider-elasticstack,.github/workflows/semantic-function-refactor.md,6,2026-05-18T11:26:59Z,0,0,0,1,1,True,🔧,False,False,1636,False
902,188,elastic/terraform-provider-elasticstack,.github/workflows/semantic-function-refactor.md,7,2026-05-19T01:50:29Z,0,0,0,1,1,True,🔧,False,False,1636,False
903,188,elastic/terraform-provider-elasticstack,.github/workflows/semantic-function-refactor.md,8,2026-05-19T08:06:32Z,0,0,0,1,1,True,🔧,False,False,1639,False
904,188,elastic/terraform-provider-elasticstack,.github/workflows/semantic-function-refactor.md,9,2026-05-19T21:25:56Z,0,0,0,1,1,True,🔧,False,False,1639,False
905,188,elastic/terraform-provider-elasticstack,.github/workflows/semantic-function-refactor.md,10,2026-05-20T00:03:46Z,0,0,0,1,1,True,🔧,False,False,1639,False
906,188,elastic/terraform-provider-elasticstack,.github/workflows/semantic-function-refactor.md,11,2026-05-20T00:46:18Z,0,0,0,1,1,True,🔧,False,False,1639,False
907,188,elastic/terraform-provider-elasticstack,.github/workflows/semantic-function-refactor.md,12,2026-05-22T06:45:00Z,0,0,0,1,1,True,🔧,False,False,1628,False
908,188,elastic/terraform-provider-elasticstack,.github/workflows/semantic-function-refactor.md,13,2026-05-22T12:20:13Z,0,0,0,1,1,True,🔧,False,False,1628,False
909,188,elastic/terraform-provider-elasticstack,.github/workflows/semantic-function-refactor.md,14,2026-06-02T11:35:44Z,0,0,0,1,1,True,🔧,False,False,1628,False
910,189,pulumi/pulumi-azuread,.github/workflows/gh-aw-pr-rereview.md,1,2026-05-12T06:21:22Z,0,0,0,0,0,False,,False,False,6,True
911,190,pulumi/pulumi-azuread,.github/workflows/gh-aw-pr-review.md,1,2026-05-12T06:21:22Z,0,0,0,0,0,False,,False,False,5,True
912,191,pulumi/pulumi-gitlab,.github/workflows/gh-aw-pr-rereview.md,1,2026-05-12T06:42:27Z,0,0,0,0,0,False,,False,False,6,True
913,192,pulumi/pulumi-gitlab,.github/workflows/gh-aw-pr-review.md,1,2026-05-12T06:42:27Z,0,0,0,0,0,False,,False,False,5,True
914,193,pulumi/pulumi-datadog,.github/workflows/gh-aw-pr-rereview.md,1,2026-05-12T06:42:51Z,0,0,0,0,0,False,,False,False,6,True
915,194,pulumi/pulumi-datadog,.github/workflows/gh-aw-pr-review.md,1,2026-05-12T06:42:51Z,0,0,0,0,0,False,,False,False,5,True
916,195,advanced-security/advanced-security-material,.github/workflows/codeql-version-tracker.md,1,2026-04-21T19:12:16Z,0,0,0,0,0,False,,False,False,963,False
917,195,advanced-security/advanced-security-material,.github/workflows/codeql-version-tracker.md,2,2026-04-22T17:28:46Z,0,0,0,0,0,False,,False,False,1318,False
918,195,advanced-security/advanced-security-material,.github/workflows/codeql-version-tracker.md,3,2026-04-22T17:39:48Z,0,0,0,0,0,False,,False,False,1400,False
919,195,advanced-security/advanced-security-material,.github/workflows/codeql-version-tracker.md,4,2026-04-22T17:54:42Z,0,0,0,0,0,False,,False,False,1391,False
920,195,advanced-security/advanced-security-material,.github/workflows/codeql-version-tracker.md,5,2026-04-22T18:06:51Z,0,0,0,0,0,False,,False,False,1392,False
921,195,advanced-security/advanced-security-material,.github/workflows/codeql-version-tracker.md,6,2026-04-22T18:37:49Z,0,0,0,0,0,False,,False,False,1414,False
922,195,advanced-security/advanced-security-material,.github/workflows/codeql-version-tracker.md,7,2026-06-23T15:48:51Z,0,0,0,0,0,False,,False,False,1414,False
923,195,advanced-security/advanced-security-material,.github/workflows/codeql-version-tracker.md,8,2026-06-23T16:41:59Z,0,0,0,0,0,False,,False,False,1414,False
924,196,advanced-security/advanced-security-material,.github/workflows/update-ghas-matrix.md,1,2026-03-20T20:59:58Z,0,0,4,0,4,True,☑✅,False,False,590,False
925,196,advanced-security/advanced-security-material,.github/workflows/update-ghas-matrix.md,2,2026-03-20T21:03:24Z,0,0,4,0,4,True,☑✅,False,False,797,False
926,196,advanced-security/advanced-security-material,.github/workflows/update-ghas-matrix.md,3,2026-03-20T22:37:52Z,0,0,4,0,4,True,☑✅,False,False,797,False
927,196,advanced-security/advanced-security-material,.github/workflows/update-ghas-matrix.md,4,2026-03-21T02:34:06Z,0,0,4,0,4,True,☑✅,False,False,797,False
928,196,advanced-security/advanced-security-material,.github/workflows/update-ghas-matrix.md,5,2026-03-30T17:50:27Z,0,0,4,0,4,True,☑✅,False,False,912,False
929,196,advanced-security/advanced-security-material,.github/workflows/update-ghas-matrix.md,6,2026-03-30T18:18:54Z,0,0,4,0,4,True,☑✅,False,False,934,False
930,196,advanced-security/advanced-security-material,.github/workflows/update-ghas-matrix.md,7,2026-03-30T18:21:22Z,0,0,4,0,4,True,☑✅,False,False,939,False
931,196,advanced-security/advanced-security-material,.github/workflows/update-ghas-matrix.md,8,2026-04-22T18:06:51Z,0,0,4,0,4,True,☑✅,False,False,940,False
932,196,advanced-security/advanced-security-material,.github/workflows/update-ghas-matrix.md,9,2026-04-22T18:32:57Z,0,0,4,0,4,True,☑✅,False,False,947,False
933,196,advanced-security/advanced-security-material,.github/workflows/update-ghas-matrix.md,10,2026-06-23T15:37:45Z,0,0,4,0,4,True,☑✅,False,False,1502,False
934,196,advanced-security/advanced-security-material,.github/workflows/update-ghas-matrix.md,11,2026-06-23T15:48:35Z,0,0,4,0,4,True,☑✅,False,False,1502,False
935,197,pulumi/pulumi-command,.github/workflows/gh-aw-pr-rereview.md,1,2026-05-12T06:27:00Z,0,0,0,0,0,False,,False,False,6,True
936,198,pulumi/pulumi-command,.github/workflows/gh-aw-pr-review.md,1,2026-05-12T06:27:00Z,0,0,0,0,0,False,,False,False,5,True
937,199,anweiss/cddl,.github/workflows/ci-doctor.md,1,2026-04-06T18:55:50Z,5,0,2,1,8,True,🩺🏥💊✅❌,False,False,1221,False
938,200,r12f/rnp,.github/workflows/daily-repo-status.md,1,2026-02-03T01:18:33Z,0,0,1,0,1,True,🌟,False,True,105,False
939,201,guitarrapc/githubactions-lab,.github/workflows/monthly-oss-repo-status.md,1,2026-04-01T08:01:37Z,0,0,0,0,0,False,,False,False,105,False
940,201,guitarrapc/githubactions-lab,.github/workflows/monthly-oss-repo-status.md,2,2026-04-01T08:30:50Z,0,0,0,0,0,False,,False,False,105,False
941,201,guitarrapc/githubactions-lab,.github/workflows/monthly-oss-repo-status.md,3,2026-04-01T10:45:38Z,0,0,0,0,0,False,,False,False,105,False
942,202,Azure/azure-sdk-for-rust,.github/workflows/issue-triage.md,1,2026-03-10T03:21:00Z,0,0,1,0,1,True,🎯,False,False,876,False
943,202,Azure/azure-sdk-for-rust,.github/workflows/issue-triage.md,2,2026-03-13T00:25:09Z,0,0,1,0,1,True,🎯,False,False,604,False
944,202,Azure/azure-sdk-for-rust,.github/workflows/issue-triage.md,3,2026-03-16T23:16:13Z,0,0,1,0,1,True,🎯,False,False,604,False
945,202,Azure/azure-sdk-for-rust,.github/workflows/issue-triage.md,4,2026-03-20T01:42:35Z,0,0,1,0,1,True,🎯,False,False,604,False
946,202,Azure/azure-sdk-for-rust,.github/workflows/issue-triage.md,5,2026-03-24T21:55:00Z,0,0,1,0,1,True,🎯,False,False,604,False
947,202,Azure/azure-sdk-for-rust,.github/workflows/issue-triage.md,6,2026-03-25T23:09:23Z,0,0,1,0,1,True,🎯,False,False,604,False
948,202,Azure/azure-sdk-for-rust,.github/workflows/issue-triage.md,7,2026-03-26T20:54:26Z,0,0,1,0,1,True,🎯,False,False,604,False
949,202,Azure/azure-sdk-for-rust,.github/workflows/issue-triage.md,8,2026-04-22T00:17:42Z,0,0,1,0,1,True,🎯,False,False,617,False
950,202,Azure/azure-sdk-for-rust,.github/workflows/issue-triage.md,9,2026-04-23T00:17:21Z,0,0,1,0,1,True,🎯,False,False,656,False
951,202,Azure/azure-sdk-for-rust,.github/workflows/issue-triage.md,10,2026-05-18T19:22:49Z,0,0,0,8,8,True,🎯📋🔎🏷👥,False,False,1905,False
952,203,prowler-cloud/prowler,.github/workflows/issue-triage.md,1,2026-02-23T15:09:35Z,1,0,0,0,1,True,🤖,False,False,85,False
953,204,microsoft/vscode-pylint,.github/workflows/check-python-versions.md,1,2026-02-17T21:42:37Z,0,0,0,0,0,False,,False,False,543,False
954,204,microsoft/vscode-pylint,.github/workflows/check-python-versions.md,2,2026-02-24T01:14:11Z,0,0,0,0,0,False,,False,False,551,False
955,204,microsoft/vscode-pylint,.github/workflows/check-python-versions.md,3,2026-06-09T17:34:01Z,0,0,0,0,0,False,,False,False,551,False
956,204,microsoft/vscode-pylint,.github/workflows/check-python-versions.md,4,2026-06-23T19:22:55Z,0,0,0,0,0,False,,False,False,551,False
957,205,microsoft/vscode-pylint,.github/workflows/extension-template-sync.md,1,2026-02-25T18:46:09Z,0,0,0,2,2,True,🔄⚠,False,False,843,False
958,205,microsoft/vscode-pylint,.github/workflows/extension-template-sync.md,2,2026-02-27T17:32:43Z,0,0,0,3,3,True,🔄⚠🤖,False,False,865,False
959,205,microsoft/vscode-pylint,.github/workflows/extension-template-sync.md,3,2026-03-03T18:17:17Z,0,0,0,2,2,True,🔄🤖,False,False,735,False
960,205,microsoft/vscode-pylint,.github/workflows/extension-template-sync.md,4,2026-03-20T19:58:14Z,0,0,0,2,2,True,🔄🤖,False,False,800,False
961,205,microsoft/vscode-pylint,.github/workflows/extension-template-sync.md,5,2026-03-25T16:28:30Z,0,0,0,2,2,True,🔄🤖,False,False,819,False
962,205,microsoft/vscode-pylint,.github/workflows/extension-template-sync.md,6,2026-06-09T17:34:01Z,0,0,0,2,2,True,🔄🤖,False,False,819,False
963,205,microsoft/vscode-pylint,.github/workflows/extension-template-sync.md,7,2026-06-23T19:22:55Z,0,0,0,2,2,True,🔄🤖,False,False,819,False
964,206,microsoft/vscode-pylint,.github/workflows/issue-triage.md,1,2026-02-25T01:01:26Z,0,0,0,4,4,True,🔍✅ℹ⚠,False,False,1382,False
965,206,microsoft/vscode-pylint,.github/workflows/issue-triage.md,2,2026-02-25T01:21:59Z,0,0,0,4,4,True,🔍✅ℹ⚠,False,False,1382,False
966,206,microsoft/vscode-pylint,.github/workflows/issue-triage.md,3,2026-02-27T19:57:22Z,1,0,0,4,5,True,⏳🔍✅ℹ⚠,False,False,1501,False
967,206,microsoft/vscode-pylint,.github/workflows/issue-triage.md,4,2026-03-03T18:17:17Z,1,0,0,4,5,True,⏳🔍✅ℹ⚠,False,False,1475,False
968,206,microsoft/vscode-pylint,.github/workflows/issue-triage.md,5,2026-06-09T17:34:01Z,1,0,0,6,7,True,⏳🔍✅ℹ⚠,False,False,1852,False
969,206,microsoft/vscode-pylint,.github/workflows/issue-triage.md,6,2026-06-23T19:22:55Z,1,0,0,6,7,True,⏳🔍✅ℹ⚠,False,False,1852,False
970,207,adoptium/api.adoptium.net,.github/workflows/production-branch-checker.md,1,2026-05-29T15:25:37Z,0,3,8,11,22,True,🔴🟡🟢📦🧪📝✅🆕⚠⏭🚀,False,False,1975,False
971,207,adoptium/api.adoptium.net,.github/workflows/production-branch-checker.md,2,2026-06-01T10:55:32Z,0,3,8,11,22,True,🔴🟡🟢📦🧪📝✅🆕⚠⏭🚀,False,False,2014,False
972,208,pulumi/pulumi-vault,.github/workflows/gh-aw-pr-rereview.md,1,2026-05-12T07:25:42Z,0,0,0,0,0,False,,False,False,6,True
973,209,pulumi/pulumi-vault,.github/workflows/gh-aw-pr-review.md,1,2026-05-12T07:25:42Z,0,0,0,0,0,False,,False,False,5,True
974,210,pulumi/pulumi-cdk,.github/workflows/cdk-pr-rereview.md,1,2026-03-11T13:16:30Z,0,0,0,0,0,False,,False,False,183,False
975,211,pulumi/pulumi-cdk,.github/workflows/cdk-pr-review.md,1,2026-03-11T13:16:30Z,0,0,0,0,0,False,,False,False,190,False
976,212,microsoft/vscode-black-formatter,.github/workflows/check-python-versions.md,1,2026-02-20T22:33:27Z,0,0,0,0,0,False,,False,False,549,False
977,212,microsoft/vscode-black-formatter,.github/workflows/check-python-versions.md,2,2026-06-09T17:33:25Z,0,0,0,0,0,False,,False,False,549,False
978,212,microsoft/vscode-black-formatter,.github/workflows/check-python-versions.md,3,2026-06-23T19:17:50Z,0,0,0,0,0,False,,False,False,549,False
979,213,microsoft/vscode-black-formatter,.github/workflows/extension-template-sync.md,1,2026-02-25T18:46:34Z,0,0,0,2,2,True,🔄⚠,False,False,839,False
980,213,microsoft/vscode-black-formatter,.github/workflows/extension-template-sync.md,2,2026-02-27T17:33:09Z,0,0,0,3,3,True,🔄⚠🤖,False,False,861,False
981,213,microsoft/vscode-black-formatter,.github/workflows/extension-template-sync.md,3,2026-03-03T18:18:12Z,0,0,0,2,2,True,🔄🤖,False,False,731,False
982,213,microsoft/vscode-black-formatter,.github/workflows/extension-template-sync.md,4,2026-03-20T19:59:20Z,0,0,0,2,2,True,🔄🤖,False,False,796,False
983,213,microsoft/vscode-black-formatter,.github/workflows/extension-template-sync.md,5,2026-03-27T21:37:57Z,0,0,0,2,2,True,🔄🤖,False,False,815,False
984,213,microsoft/vscode-black-formatter,.github/workflows/extension-template-sync.md,6,2026-06-09T17:33:25Z,0,0,0,2,2,True,🔄🤖,False,False,815,False
985,213,microsoft/vscode-black-formatter,.github/workflows/extension-template-sync.md,7,2026-06-23T19:17:50Z,0,0,0,2,2,True,🔄🤖,False,False,815,False
986,214,microsoft/vscode-black-formatter,.github/workflows/issue-triage.md,1,2026-02-25T17:54:32Z,0,0,0,4,4,True,🔍✅ℹ⚠,False,False,1378,False
987,214,microsoft/vscode-black-formatter,.github/workflows/issue-triage.md,2,2026-02-27T19:57:03Z,1,0,0,4,5,True,⏳🔍✅ℹ⚠,False,False,1497,False
988,214,microsoft/vscode-black-formatter,.github/workflows/issue-triage.md,3,2026-03-03T18:18:12Z,1,0,0,4,5,True,⏳🔍✅ℹ⚠,False,False,1471,False
989,214,microsoft/vscode-black-formatter,.github/workflows/issue-triage.md,4,2026-06-09T17:33:25Z,1,0,0,6,7,True,⏳🔍✅ℹ⚠,False,False,1848,False
990,214,microsoft/vscode-black-formatter,.github/workflows/issue-triage.md,5,2026-06-23T19:17:50Z,1,0,0,6,7,True,⏳🔍✅ℹ⚠,False,False,1848,False
991,215,py-why/dowhy,.github/workflows/repo-assist.md,1,2026-03-18T16:54:27Z,0,0,9,0,9,True,🤖💬🔧🏷📝🔄,False,False,2694,False
992,215,py-why/dowhy,.github/workflows/repo-assist.md,2,2026-04-01T07:37:42Z,1,0,9,0,10,True,🌈🤖💬🔧🏷📝🔄,False,False,2694,False
993,215,py-why/dowhy,.github/workflows/repo-assist.md,3,2026-04-10T15:11:30Z,1,0,9,0,10,True,🌈🤖💬🔧🏷📝🔄,False,False,2694,False
994,215,py-why/dowhy,.github/workflows/repo-assist.md,4,2026-04-14T07:31:18Z,1,0,9,0,10,True,🌈🤖💬🔧🏷📝🔄,False,False,2694,False
995,216,microsoft/vscode-isort,.github/workflows/check-python-versions.md,1,2026-02-17T21:32:22Z,0,0,0,0,0,False,,False,False,543,False
996,216,microsoft/vscode-isort,.github/workflows/check-python-versions.md,2,2026-02-20T00:12:49Z,0,0,0,0,0,False,,False,False,551,False
997,216,microsoft/vscode-isort,.github/workflows/check-python-versions.md,3,2026-06-09T17:32:18Z,0,0,0,0,0,False,,False,False,551,False
998,216,microsoft/vscode-isort,.github/workflows/check-python-versions.md,4,2026-06-23T19:18:45Z,0,0,0,0,0,False,,False,False,551,False
999,217,microsoft/vscode-isort,.github/workflows/extension-template-sync.md,1,2026-02-25T18:46:40Z,0,0,0,2,2,True,🔄⚠,False,False,825,False
1000,217,microsoft/vscode-isort,.github/workflows/extension-template-sync.md,2,2026-02-27T17:32:53Z,0,0,0,3,3,True,🔄⚠🤖,False,False,847,False
1001,217,microsoft/vscode-isort,.github/workflows/extension-template-sync.md,3,2026-03-03T18:17:51Z,0,0,0,2,2,True,🔄🤖,False,False,717,False
1002,217,microsoft/vscode-isort,.github/workflows/extension-template-sync.md,4,2026-03-20T23:16:21Z,0,0,0,2,2,True,🔄🤖,False,False,782,False
1003,217,microsoft/vscode-isort,.github/workflows/extension-template-sync.md,5,2026-03-24T16:29:52Z,0,0,0,2,2,True,🔄🤖,False,False,801,False
1004,217,microsoft/vscode-isort,.github/workflows/extension-template-sync.md,6,2026-06-09T17:32:18Z,0,0,0,2,2,True,🔄🤖,False,False,801,False
1005,217,microsoft/vscode-isort,.github/workflows/extension-template-sync.md,7,2026-06-23T19:18:45Z,0,0,0,2,2,True,🔄🤖,False,False,801,False
1006,218,microsoft/vscode-isort,.github/workflows/issue-triage.md,1,2026-02-25T17:54:23Z,0,0,0,4,4,True,🔍✅ℹ⚠,False,False,1364,False
1007,218,microsoft/vscode-isort,.github/workflows/issue-triage.md,2,2026-02-27T19:57:18Z,1,0,0,4,5,True,⏳🔍✅ℹ⚠,False,False,1483,False
1008,218,microsoft/vscode-isort,.github/workflows/issue-triage.md,3,2026-03-03T18:17:51Z,1,0,0,4,5,True,⏳🔍✅ℹ⚠,False,False,1457,False
1009,218,microsoft/vscode-isort,.github/workflows/issue-triage.md,4,2026-06-09T17:32:18Z,1,0,0,6,7,True,⏳🔍✅ℹ⚠,False,False,1834,False
1010,218,microsoft/vscode-isort,.github/workflows/issue-triage.md,5,2026-06-23T19:18:45Z,1,0,0,6,7,True,⏳🔍✅ℹ⚠,False,False,1834,False
1011,219,pulumi/pulumi-oci,.github/workflows/gh-aw-pr-rereview.md,1,2026-05-12T07:23:48Z,0,0,0,0,0,False,,False,False,6,True
1012,220,pulumi/pulumi-oci,.github/workflows/gh-aw-pr-review.md,1,2026-05-12T07:23:48Z,0,0,0,0,0,False,,False,False,5,True
1013,221,NikiforovAll/keycloak-authorization-services-dotnet,.github/workflows/keybot.md,1,2026-03-29T13:12:27Z,1,0,2,4,7,True,🤖💬🔧🏷,False,False,1165,False
1014,221,NikiforovAll/keycloak-authorization-services-dotnet,.github/workflows/keybot.md,2,2026-03-29T13:39:45Z,1,0,2,4,7,True,🤖💬🔧🏷,False,False,1165,False
1015,221,NikiforovAll/keycloak-authorization-services-dotnet,.github/workflows/keybot.md,3,2026-03-29T14:00:18Z,1,0,2,4,7,True,🤖💬🔧🏷,False,False,1165,False
1016,221,NikiforovAll/keycloak-authorization-services-dotnet,.github/workflows/keybot.md,4,2026-04-13T05:57:56Z,3,0,2,4,9,True,🤖⛔✅💬🔧🏷,False,False,1217,False
1017,221,NikiforovAll/keycloak-authorization-services-dotnet,.github/workflows/keybot.md,5,2026-05-02T16:09:19Z,3,0,2,4,9,True,🤖⛔✅💬🔧🏷,False,False,1217,False
1018,222,getindata/kedro-vertexai,.github/workflows/dependabot-fix.md,1,2026-03-19T11:59:13Z,0,0,0,0,0,False,,False,False,673,False
1019,223,getindata/kedro-vertexai,.github/workflows/dependabot-review.md,1,2026-03-25T12:49:11Z,0,0,0,0,0,False,,False,False,380,False
1020,224,baizhiheizi/quill,.github/workflows/accessibility-review.md,1,2026-06-09T21:44:54Z,0,0,0,0,0,False,,False,False,382,False
1021,224,baizhiheizi/quill,.github/workflows/accessibility-review.md,2,2026-06-15T01:28:32Z,0,0,0,0,0,False,,False,False,382,False
1022,224,baizhiheizi/quill,.github/workflows/accessibility-review.md,3,2026-06-15T04:49:19Z,0,0,0,0,0,False,,False,False,195,False
1023,225,baizhiheizi/quill,.github/workflows/agentic-wiki-writer.md,1,2026-06-09T21:44:54Z,0,0,0,0,0,False,,False,False,4743,False
1024,225,baizhiheizi/quill,.github/workflows/agentic-wiki-writer.md,2,2026-06-15T01:28:32Z,0,0,0,0,0,False,,False,False,4743,False
1025,226,baizhiheizi/quill,.github/workflows/code-simplifier.md,1,2026-06-09T21:44:54Z,0,0,5,6,11,True,✅,False,False,1345,False
1026,226,baizhiheizi/quill,.github/workflows/code-simplifier.md,2,2026-06-15T01:28:32Z,0,0,5,6,11,True,✅,False,False,1345,False
1027,227,baizhiheizi/quill,.github/workflows/discussion-task-miner.md,1,2026-06-14T14:09:42Z,5,0,11,0,16,True,🔍✅📊⚠❌,False,False,907,False
1028,227,baizhiheizi/quill,.github/workflows/discussion-task-miner.md,2,2026-06-15T01:28:32Z,5,0,11,0,16,True,🔍✅📊⚠❌,False,False,907,False
1029,228,baizhiheizi/quill,.github/workflows/efficiency-improver.md,1,2026-06-09T21:44:54Z,0,0,10,0,10,True,🤖🔍🔧💬📊🌱🔄,False,False,2971,False
1030,228,baizhiheizi/quill,.github/workflows/efficiency-improver.md,2,2026-06-15T01:28:32Z,0,0,10,0,10,True,🤖🔍🔧💬📊🌱🔄,False,False,2971,False
1031,229,baizhiheizi/quill,.github/workflows/large-file-simplifier.md,1,2026-06-09T21:44:54Z,0,0,0,1,1,True,✅,False,False,874,False
1032,229,baizhiheizi/quill,.github/workflows/large-file-simplifier.md,2,2026-06-15T01:28:32Z,0,0,0,1,1,True,✅,False,False,874,False
1033,230,baizhiheizi/quill,.github/workflows/malicious-code-scan.md,1,2026-06-09T21:44:54Z,0,0,10,0,10,True,✅,False,False,1380,False
1034,230,baizhiheizi/quill,.github/workflows/malicious-code-scan.md,2,2026-06-15T01:28:32Z,0,0,10,0,10,True,✅,False,False,1380,False
1035,231,baizhiheizi/quill,.github/workflows/perf-improver.md,1,2026-05-30T13:46:11Z,0,0,9,0,9,True,🤖🔍🔧💬📊🔄,False,False,2289,False
1036,231,baizhiheizi/quill,.github/workflows/perf-improver.md,2,2026-05-30T13:50:07Z,0,0,9,0,9,True,🤖🔍🔧💬📊🔄,False,False,2289,False
1037,231,baizhiheizi/quill,.github/workflows/perf-improver.md,3,2026-06-06T01:07:06Z,0,0,9,0,9,True,🤖🔍🔧💬📊🔄,False,False,2289,False
1038,231,baizhiheizi/quill,.github/workflows/perf-improver.md,4,2026-06-08T01:51:27Z,0,0,9,0,9,True,🤖🔍🔧💬📊🔄,False,False,2289,False
1039,231,baizhiheizi/quill,.github/workflows/perf-improver.md,5,2026-06-09T21:44:54Z,0,0,9,0,9,True,🤖🔍🔧💬📊🔄,False,False,2289,False
1040,231,baizhiheizi/quill,.github/workflows/perf-improver.md,6,2026-06-15T01:28:32Z,0,0,9,0,9,True,🤖🔍🔧💬📊🔄,False,False,2289,False
1041,232,baizhiheizi/quill,.github/workflows/pr-fix.md,1,2026-06-09T22:14:23Z,0,0,0,0,0,False,,False,False,278,False
1042,232,baizhiheizi/quill,.github/workflows/pr-fix.md,2,2026-06-15T01:28:32Z,0,0,0,0,0,False,,False,False,278,False
1043,233,baizhiheizi/quill,.github/workflows/repo-assist.md,1,2026-06-08T01:51:27Z,1,0,9,0,10,True,🌈🤖💬🔧🏷📝🔄,False,False,2915,False
1044,233,baizhiheizi/quill,.github/workflows/repo-assist.md,2,2026-06-09T21:44:54Z,1,0,9,0,10,True,🌈🤖💬🔧🏷📝🔄,False,False,2915,False
1045,233,baizhiheizi/quill,.github/workflows/repo-assist.md,3,2026-06-15T01:28:32Z,1,0,9,0,10,True,🌈🤖💬🔧🏷📝🔄,False,False,2915,False
1046,234,baizhiheizi/quill,.github/workflows/repository-quality-improver.md,1,2026-06-09T21:44:54Z,0,0,7,12,19,True,✅❌🎯⚠🤖📊,False,False,1797,False
1047,234,baizhiheizi/quill,.github/workflows/repository-quality-improver.md,2,2026-06-15T01:28:32Z,0,0,7,12,19,True,✅❌🎯⚠🤖📊,False,False,1797,False
1048,235,baizhiheizi/quill,.github/workflows/sub-issue-closer.md,1,2026-06-09T21:44:54Z,0,1,1,6,8,True,🔒🎉🔍📋✅⏸,False,False,623,False
1049,235,baizhiheizi/quill,.github/workflows/sub-issue-closer.md,2,2026-06-15T01:28:32Z,0,1,1,6,8,True,🔒🎉🔍📋✅⏸,False,False,623,False
1050,236,baizhiheizi/quill,.github/workflows/test-improver.md,1,2026-06-01T07:14:08Z,0,0,10,0,10,True,🤖🔍🔧💬📊🔄⚠,False,False,2540,False
1051,236,baizhiheizi/quill,.github/workflows/test-improver.md,2,2026-06-01T10:17:21Z,0,0,10,0,10,True,🤖🔍🔧💬📊🔄⚠,False,False,2540,False
1052,236,baizhiheizi/quill,.github/workflows/test-improver.md,3,2026-06-06T01:07:06Z,0,0,10,0,10,True,🤖🔍🔧💬📊🔄⚠,False,False,2540,False
1053,236,baizhiheizi/quill,.github/workflows/test-improver.md,4,2026-06-08T01:51:27Z,0,0,10,0,10,True,🤖🔍🔧💬📊🔄⚠,False,False,2540,False
1054,236,baizhiheizi/quill,.github/workflows/test-improver.md,5,2026-06-09T21:44:54Z,0,0,10,0,10,True,🤖🔍🔧💬📊🔄⚠,False,False,2540,False
1055,236,baizhiheizi/quill,.github/workflows/test-improver.md,6,2026-06-15T01:28:32Z,0,0,10,0,10,True,🤖🔍🔧💬📊🔄⚠,False,False,2540,False
1056,237,baizhiheizi/quill,.github/workflows/unbloat-docs.md,1,2026-06-09T21:44:54Z,5,0,5,0,10,True,🗜📦💪✅,False,False,1133,False
1057,237,baizhiheizi/quill,.github/workflows/unbloat-docs.md,2,2026-06-15T01:28:32Z,5,0,5,0,10,True,🗜📦💪✅,False,False,1133,False
1058,238,baizhiheizi/quill,.github/workflows/weekly-research.md,1,2026-06-09T21:44:54Z,0,0,0,0,0,False,,False,False,147,False
1059,238,baizhiheizi/quill,.github/workflows/weekly-research.md,2,2026-06-15T01:28:32Z,0,0,0,0,0,False,,False,False,147,False
1060,239,microsoft/security-devops-action,.github/workflows/ci-doctor.md,1,2026-03-16T15:21:02Z,0,0,0,0,0,False,,False,False,315,False
1061,239,microsoft/security-devops-action,.github/workflows/ci-doctor.md,2,2026-03-16T18:07:21Z,0,0,0,0,0,False,,False,False,315,False
1062,239,microsoft/security-devops-action,.github/workflows/ci-doctor.md,3,2026-03-16T21:27:44Z,0,0,0,0,0,False,,False,False,315,False
1063,239,microsoft/security-devops-action,.github/workflows/ci-doctor.md,4,2026-03-21T09:52:34Z,0,0,0,0,0,False,,False,False,315,False
1064,239,microsoft/security-devops-action,.github/workflows/ci-doctor.md,5,2026-04-24T07:05:33Z,0,0,0,0,0,False,,False,False,315,False
1065,239,microsoft/security-devops-action,.github/workflows/ci-doctor.md,6,2026-04-24T07:46:07Z,0,0,0,0,0,False,,False,False,315,False
1066,240,microsoft/security-devops-action,.github/workflows/msdo-breach-monitor.md,1,2026-03-21T10:10:44Z,0,0,0,0,0,False,,False,False,554,False
1067,240,microsoft/security-devops-action,.github/workflows/msdo-breach-monitor.md,2,2026-03-22T14:45:51Z,0,0,0,0,0,False,,False,False,1135,False
1068,240,microsoft/security-devops-action,.github/workflows/msdo-breach-monitor.md,3,2026-03-23T07:43:58Z,0,0,0,0,0,False,,False,False,1135,False
1069,240,microsoft/security-devops-action,.github/workflows/msdo-breach-monitor.md,4,2026-03-23T16:41:18Z,0,0,0,0,0,False,,False,False,1148,False
1070,240,microsoft/security-devops-action,.github/workflows/msdo-breach-monitor.md,5,2026-04-24T07:05:33Z,0,0,0,0,0,False,,False,False,1148,False
1071,240,microsoft/security-devops-action,.github/workflows/msdo-breach-monitor.md,6,2026-04-24T07:46:07Z,0,0,0,0,0,False,,False,False,1148,False
1072,241,microsoft/security-devops-action,.github/workflows/msdo-issue-assistant.md,1,2026-02-19T06:00:48Z,0,0,0,0,0,False,,False,False,577,False
1073,241,microsoft/security-devops-action,.github/workflows/msdo-issue-assistant.md,2,2026-02-23T19:05:26Z,0,0,0,0,0,False,,False,False,577,False
1074,241,microsoft/security-devops-action,.github/workflows/msdo-issue-assistant.md,3,2026-02-23T20:07:42Z,0,0,0,0,0,False,,False,False,582,False
1075,241,microsoft/security-devops-action,.github/workflows/msdo-issue-assistant.md,4,2026-02-25T18:43:51Z,0,0,0,0,0,False,,False,False,582,False
1076,241,microsoft/security-devops-action,.github/workflows/msdo-issue-assistant.md,5,2026-03-03T16:54:37Z,0,0,0,0,0,False,,False,False,582,False
1077,241,microsoft/security-devops-action,.github/workflows/msdo-issue-assistant.md,6,2026-03-21T09:52:34Z,0,0,0,0,0,False,,False,False,582,False
1078,241,microsoft/security-devops-action,.github/workflows/msdo-issue-assistant.md,7,2026-04-13T06:20:21Z,0,0,0,0,0,False,,False,False,859,False
1079,241,microsoft/security-devops-action,.github/workflows/msdo-issue-assistant.md,8,2026-04-24T07:05:33Z,0,0,0,0,0,False,,False,False,924,False
1080,241,microsoft/security-devops-action,.github/workflows/msdo-issue-assistant.md,9,2026-04-24T07:39:57Z,0,0,0,0,0,False,,False,False,933,False
1081,241,microsoft/security-devops-action,.github/workflows/msdo-issue-assistant.md,10,2026-04-24T07:46:07Z,0,0,0,0,0,False,,False,False,931,False
1082,242,Azure/azure-dev,.github/workflows/extension-pr-labeler.md,1,2026-05-20T17:36:39Z,0,0,0,0,0,False,,False,False,362,False
1083,242,Azure/azure-dev,.github/workflows/extension-pr-labeler.md,2,2026-06-19T21:35:52Z,0,0,0,0,0,False,,False,False,339,False
1084,243,Azure/azure-dev,.github/workflows/update-instructions-from-pr-reviews.md,1,2026-06-17T20:00:51Z,0,0,0,0,0,False,,False,True,1313,False
1085,243,Azure/azure-dev,.github/workflows/update-instructions-from-pr-reviews.md,2,2026-06-19T21:35:52Z,0,0,0,0,0,False,,False,True,1313,False
1119,246,pulumi/pulumi-aiven,.github/workflows/gh-aw-pr-rereview.md,1,2026-05-12T06:06:38Z,0,0,0,0,0,False,,False,False,6,True
1120,247,pulumi/pulumi-aiven,.github/workflows/gh-aw-pr-review.md,1,2026-05-12T06:06:38Z,0,0,0,0,0,False,,False,False,5,True
1121,248,pulumi/pulumi-tailscale,.github/workflows/gh-aw-pr-rereview.md,1,2026-05-12T07:18:19Z,0,0,0,0,0,False,,False,False,6,True
1122,249,pulumi/pulumi-tailscale,.github/workflows/gh-aw-pr-review.md,1,2026-05-12T07:18:19Z,0,0,0,0,0,False,,False,False,5,True
1123,250,pulumi/pulumi-kubernetes-cert-manager,.github/workflows/gh-aw-pr-rereview.md,1,2026-05-12T06:50:00Z,0,0,0,0,0,False,,False,False,6,True
1124,251,pulumi/pulumi-kubernetes-cert-manager,.github/workflows/gh-aw-pr-review.md,1,2026-05-12T06:50:00Z,0,0,0,0,0,False,,False,False,5,True
1125,252,talk2MeGooseman/stream_closed_captioner_phoenix,.github/workflows/daily-test-improver.md,1,2026-01-19T00:55:04Z,0,0,0,0,0,False,,False,False,1659,False
1126,252,talk2MeGooseman/stream_closed_captioner_phoenix,.github/workflows/daily-test-improver.md,2,2026-01-19T01:06:32Z,0,0,0,0,0,False,,False,False,1659,False
1127,252,talk2MeGooseman/stream_closed_captioner_phoenix,.github/workflows/daily-test-improver.md,3,2026-01-19T01:08:24Z,0,0,0,0,0,False,,False,False,1659,False
1128,252,talk2MeGooseman/stream_closed_captioner_phoenix,.github/workflows/daily-test-improver.md,4,2026-01-19T07:37:43Z,0,0,0,0,0,False,,False,False,1659,False
1129,252,talk2MeGooseman/stream_closed_captioner_phoenix,.github/workflows/daily-test-improver.md,5,2026-01-19T15:51:33Z,0,0,0,0,0,False,,False,False,1659,False
1130,252,talk2MeGooseman/stream_closed_captioner_phoenix,.github/workflows/daily-test-improver.md,6,2026-02-28T19:05:57Z,0,0,10,0,10,True,🤖🔍🔧💬📊🔄⚠,False,False,2543,False
1131,252,talk2MeGooseman/stream_closed_captioner_phoenix,.github/workflows/daily-test-improver.md,7,2026-02-28T21:01:57Z,0,0,10,0,10,True,🤖🔍🔧💬📊🔄⚠,False,False,2543,False
1132,252,talk2MeGooseman/stream_closed_captioner_phoenix,.github/workflows/daily-test-improver.md,8,2026-04-12T03:11:17Z,0,0,10,0,10,True,🤖🔍🔧💬📊🔄⚠,False,False,2545,False
1133,253,talk2MeGooseman/stream_closed_captioner_phoenix,.github/workflows/repository-quality-improver.md,1,2026-04-12T03:11:17Z,0,0,7,12,19,True,✅❌🎯⚠🤖📊,False,False,1797,False
1134,254,pulumi/pulumi-mongodbatlas,.github/workflows/gh-aw-pr-rereview.md,1,2026-05-12T06:56:35Z,0,0,0,0,0,False,,False,False,6,True
1135,255,pulumi/pulumi-mongodbatlas,.github/workflows/gh-aw-pr-review.md,1,2026-05-12T06:56:35Z,0,0,0,0,0,False,,False,False,5,True
1136,256,pulumi/pulumi-kafka,.github/workflows/gh-aw-pr-rereview.md,1,2026-05-12T06:46:07Z,0,0,0,0,0,False,,False,False,6,True
1137,257,pulumi/pulumi-kafka,.github/workflows/gh-aw-pr-review.md,1,2026-05-12T06:46:07Z,0,0,0,0,0,False,,False,False,5,True
1138,258,pulumi/pulumi-newrelic,.github/workflows/gh-aw-pr-rereview.md,1,2026-05-12T06:58:37Z,0,0,0,0,0,False,,False,False,6,True
1139,259,pulumi/pulumi-newrelic,.github/workflows/gh-aw-pr-review.md,1,2026-05-12T06:58:37Z,0,0,0,0,0,False,,False,False,5,True
1140,260,microsoft/pylance-release,.github/workflows/issue-assignment.md,1,2026-02-13T21:49:25Z,0,0,0,0,0,False,,False,False,393,False
1141,261,pulumi/pulumi-pulumiservice,.github/workflows/gh-aw-pr-rereview.md,1,2026-05-28T07:34:19Z,0,0,0,0,0,False,,False,False,6,True
1142,262,pulumi/pulumi-pulumiservice,.github/workflows/gh-aw-pr-review.md,1,2026-05-28T07:34:19Z,0,0,0,0,0,False,,False,False,5,True
1143,263,microsoft/vscode-mypy,.github/workflows/check-python-versions.md,1,2026-02-17T21:37:12Z,0,0,0,0,0,False,,False,False,543,False
1144,263,microsoft/vscode-mypy,.github/workflows/check-python-versions.md,2,2026-02-24T00:41:51Z,0,0,0,0,0,False,,False,False,551,False
1145,263,microsoft/vscode-mypy,.github/workflows/check-python-versions.md,3,2026-06-09T17:33:54Z,0,0,0,0,0,False,,False,False,551,False
1146,263,microsoft/vscode-mypy,.github/workflows/check-python-versions.md,4,2026-06-23T19:22:12Z,0,0,0,0,0,False,,False,False,551,False
1147,264,microsoft/vscode-mypy,.github/workflows/extension-template-sync.md,1,2026-02-26T00:08:33Z,0,0,0,2,2,True,🔄⚠,False,False,821,False
1148,264,microsoft/vscode-mypy,.github/workflows/extension-template-sync.md,2,2026-02-27T17:32:49Z,0,0,0,3,3,True,🔄⚠🤖,False,False,843,False
1149,264,microsoft/vscode-mypy,.github/workflows/extension-template-sync.md,3,2026-03-03T18:17:37Z,0,0,0,2,2,True,🔄🤖,False,False,713,False
1150,264,microsoft/vscode-mypy,.github/workflows/extension-template-sync.md,4,2026-03-20T19:58:12Z,0,0,0,2,2,True,🔄🤖,False,False,778,False
1151,264,microsoft/vscode-mypy,.github/workflows/extension-template-sync.md,5,2026-03-25T00:41:14Z,0,0,0,2,2,True,🔄🤖,False,False,797,False
1152,264,microsoft/vscode-mypy,.github/workflows/extension-template-sync.md,6,2026-06-09T17:33:54Z,0,0,0,2,2,True,🔄🤖,False,False,797,False
1153,264,microsoft/vscode-mypy,.github/workflows/extension-template-sync.md,7,2026-06-23T19:22:12Z,0,0,0,2,2,True,🔄🤖,False,False,797,False
1154,265,microsoft/vscode-mypy,.github/workflows/issue-triage.md,1,2026-02-25T17:55:18Z,0,0,0,4,4,True,🔍✅ℹ⚠,False,False,1362,False
1155,265,microsoft/vscode-mypy,.github/workflows/issue-triage.md,2,2026-02-27T19:57:13Z,1,0,0,4,5,True,⏳🔍✅ℹ⚠,False,False,1481,False
1156,265,microsoft/vscode-mypy,.github/workflows/issue-triage.md,3,2026-03-03T18:17:37Z,1,0,0,4,5,True,⏳🔍✅ℹ⚠,False,False,1455,False
1157,265,microsoft/vscode-mypy,.github/workflows/issue-triage.md,4,2026-06-09T17:33:54Z,1,0,0,6,7,True,⏳🔍✅ℹ⚠,False,False,1832,False
1158,265,microsoft/vscode-mypy,.github/workflows/issue-triage.md,5,2026-06-23T19:22:12Z,1,0,0,6,7,True,⏳🔍✅ℹ⚠,False,False,1832,False
1159,266,Alfresco/alfresco-build-tools,.github/workflows/supply-chain-review.md,1,2026-05-28T13:55:52Z,0,0,0,0,0,False,,False,False,2365,False
1160,266,Alfresco/alfresco-build-tools,.github/workflows/supply-chain-review.md,2,2026-05-29T10:54:47Z,0,0,0,0,0,False,,False,False,2371,False
1161,266,Alfresco/alfresco-build-tools,.github/workflows/supply-chain-review.md,3,2026-05-29T13:21:33Z,0,0,0,0,0,False,,False,False,2372,False
1162,266,Alfresco/alfresco-build-tools,.github/workflows/supply-chain-review.md,4,2026-06-03T15:13:37Z,0,0,0,0,0,False,,False,False,2373,False
1163,266,Alfresco/alfresco-build-tools,.github/workflows/supply-chain-review.md,5,2026-06-10T11:29:33Z,0,0,0,0,0,False,,False,False,2484,False
1190,275,sytone/obsidian-queryallthethings,.github/workflows/code-simplifier.md,1,2026-02-27T00:23:49Z,0,0,13,6,19,True,✅,False,False,1726,False
1191,276,pulumi/pulumi-snowflake,.github/workflows/gh-aw-pr-rereview.md,1,2026-05-12T07:17:10Z,0,0,0,0,0,False,,False,False,6,True
1192,277,pulumi/pulumi-snowflake,.github/workflows/gh-aw-pr-review.md,1,2026-05-12T07:17:10Z,0,0,0,0,0,False,,False,False,5,True
1193,278,pulumi/pulumi-azure-native,.github/workflows/azure-native-pr-rereview.md,1,2026-03-12T17:27:35Z,0,0,0,0,0,False,,False,False,6,True
1194,279,pulumi/pulumi-azure-native,.github/workflows/azure-native-pr-review.md,1,2026-03-12T17:27:35Z,0,0,0,0,0,False,,False,False,5,True
1195,280,Azure/LogicAppsUX,.github/workflows/daily-repo-status.md,1,2026-02-24T15:56:19Z,0,0,1,0,1,True,🌟,False,True,105,False
1196,281,Azure/LogicAppsUX,.github/workflows/issue-triage-agent.md,1,2026-04-01T20:57:27Z,0,0,0,0,0,False,,False,False,1562,False
1197,281,Azure/LogicAppsUX,.github/workflows/issue-triage-agent.md,2,2026-04-02T02:49:52Z,0,0,0,0,0,False,,False,False,1562,False
1198,281,Azure/LogicAppsUX,.github/workflows/issue-triage-agent.md,3,2026-04-08T20:59:33Z,0,0,0,0,0,False,,False,False,2343,False
1199,282,Azure/LogicAppsUX,.github/workflows/issue-triage-feedback.md,1,2026-04-01T20:57:27Z,0,0,0,0,0,False,,False,False,766,False
1200,282,Azure/LogicAppsUX,.github/workflows/issue-triage-feedback.md,2,2026-04-08T20:59:33Z,0,0,0,0,0,False,,False,False,866,False
1201,283,microsoft/typespec,.github/workflows/bump-tcgc-csharp.md,1,2026-04-27T20:50:06Z,0,0,0,0,0,False,,False,False,492,False
1202,283,microsoft/typespec,.github/workflows/bump-tcgc-csharp.md,2,2026-04-28T14:43:26Z,0,0,0,0,0,False,,False,False,492,False
1203,283,microsoft/typespec,.github/workflows/bump-tcgc-csharp.md,3,2026-04-28T16:29:41Z,0,0,0,0,0,False,,False,False,492,False
1204,283,microsoft/typespec,.github/workflows/bump-tcgc-csharp.md,4,2026-06-24T21:30:57Z,0,0,0,0,0,False,,False,False,492,False
1205,284,microsoft/typespec,.github/workflows/issue-triage.md,1,2026-04-20T14:04:24Z,0,0,7,0,7,True,🎯🔁🔗⚠📋🔍📝,False,False,1049,False
1206,284,microsoft/typespec,.github/workflows/issue-triage.md,2,2026-04-21T22:44:53Z,0,0,7,0,7,True,🎯🔁🔗⚠📋🔍📝,False,False,1049,False
1207,284,microsoft/typespec,.github/workflows/issue-triage.md,3,2026-04-27T12:59:08Z,0,0,7,0,7,True,🎯🔁🔗⚠📋🔍📝,False,False,1053,False
1208,284,microsoft/typespec,.github/workflows/issue-triage.md,4,2026-04-27T13:45:49Z,0,0,7,0,7,True,🎯🔁🔗⚠📋🔍📝,False,False,1103,False
1209,284,microsoft/typespec,.github/workflows/issue-triage.md,5,2026-04-28T14:43:26Z,0,0,7,0,7,True,🎯🔁🔗⚠📋🔍📝,False,False,1103,False
1210,284,microsoft/typespec,.github/workflows/issue-triage.md,6,2026-05-01T11:20:36Z,0,0,7,0,7,True,🎯🔁🔗⚠📋🔍📝,False,False,1103,False
1211,284,microsoft/typespec,.github/workflows/issue-triage.md,7,2026-06-05T21:48:37Z,0,0,7,0,7,True,🎯🔁🔗⚠📋🔍📝,False,False,1103,False
1212,284,microsoft/typespec,.github/workflows/issue-triage.md,8,2026-06-24T21:30:57Z,0,0,7,0,7,True,🎯🔁🔗⚠📋🔍📝,False,False,1103,False
1213,285,Keboo/DotnetTemplates,.github/workflows/update-dependencies.md,1,2026-04-07T05:52:29Z,0,0,0,0,0,False,,False,False,504,False
1214,285,Keboo/DotnetTemplates,.github/workflows/update-dependencies.md,2,2026-04-15T23:26:02Z,0,0,0,0,0,False,,False,False,504,False
1215,285,Keboo/DotnetTemplates,.github/workflows/update-dependencies.md,3,2026-04-15T23:44:20Z,0,0,0,0,0,False,,False,False,537,False
1216,285,Keboo/DotnetTemplates,.github/workflows/update-dependencies.md,4,2026-05-08T17:26:43Z,0,0,0,0,0,False,,False,False,539,False
1217,285,Keboo/DotnetTemplates,.github/workflows/update-dependencies.md,5,2026-05-14T04:19:31Z,0,0,0,0,0,False,,False,False,539,False
1218,286,home-assistant/core,.github/workflows/check-requirements.md,1,2026-05-18T14:59:49Z,0,0,36,30,66,True,❌⚠✅📦,False,False,2681,False
1219,286,home-assistant/core,.github/workflows/check-requirements.md,2,2026-05-18T18:20:36Z,0,0,36,30,66,True,❌⚠✅📦,False,False,2681,False
1220,286,home-assistant/core,.github/workflows/check-requirements.md,3,2026-05-19T14:06:14Z,0,0,36,30,66,True,❌⚠✅📦,False,False,2726,False
1221,286,home-assistant/core,.github/workflows/check-requirements.md,4,2026-05-19T18:48:53Z,0,0,35,25,60,True,❌⚠✅📦,False,False,2709,False
1222,286,home-assistant/core,.github/workflows/check-requirements.md,5,2026-05-20T15:59:20Z,0,0,19,0,19,True,✅⚠❌,False,False,1160,False
1223,286,home-assistant/core,.github/workflows/check-requirements.md,6,2026-05-20T23:16:25Z,0,0,19,0,19,True,✅⚠❌,False,False,1164,False
1224,286,home-assistant/core,.github/workflows/check-requirements.md,7,2026-05-20T23:28:32Z,0,0,23,0,23,True,✅⚠❌,False,False,1884,False
1225,286,home-assistant/core,.github/workflows/check-requirements.md,8,2026-06-11T14:31:35Z,0,0,18,1,19,True,✅⚠❌,False,False,1055,False
1226,286,home-assistant/core,.github/workflows/check-requirements.md,9,2026-06-11T15:38:42Z,0,0,32,1,33,True,✅☑⚠❌,False,False,1924,False
1227,286,home-assistant/core,.github/workflows/check-requirements.md,10,2026-06-15T13:24:02Z,0,0,32,1,33,True,✅☑⚠❌,False,False,1949,False
1228,286,home-assistant/core,.github/workflows/check-requirements.md,11,2026-06-16T09:05:08Z,0,0,32,1,33,True,✅☑⚠❌,False,False,1924,False
1229,286,home-assistant/core,.github/workflows/check-requirements.md,12,2026-06-18T07:31:59Z,0,0,38,1,39,True,✅☑⚠❌,False,False,2013,False
1230,286,home-assistant/core,.github/workflows/check-requirements.md,13,2026-06-25T14:48:51Z,0,0,38,1,39,True,✅☑⚠❌,False,False,2013,False
1231,287,unipept/unipept,.github/workflows/dependency-update.md,1,2026-06-01T12:38:37Z,1,0,0,0,1,True,📦,True,False,267,False
1232,287,unipept/unipept,.github/workflows/dependency-update.md,2,2026-06-01T13:25:25Z,1,0,0,0,1,True,📦,True,False,268,False
1233,287,unipept/unipept,.github/workflows/dependency-update.md,3,2026-06-01T13:58:09Z,1,0,0,0,1,True,📦,True,False,268,False
1234,288,pulumi/pulumi-tls,.github/workflows/gh-aw-pr-rereview.md,1,2026-05-12T07:24:13Z,0,0,0,0,0,False,,False,False,6,True
1235,289,pulumi/pulumi-tls,.github/workflows/gh-aw-pr-review.md,1,2026-05-12T07:24:13Z,0,0,0,0,0,False,,False,False,5,True
1236,290,pulumi/pulumi-kubernetes-ingress-nginx,.github/workflows/gh-aw-pr-rereview.md,1,2026-05-12T06:52:57Z,0,0,0,0,0,False,,False,False,6,True
1237,291,pulumi/pulumi-kubernetes-ingress-nginx,.github/workflows/gh-aw-pr-review.md,1,2026-05-12T06:52:57Z,0,0,0,0,0,False,,False,False,5,True
1238,292,jonathanpeppers/dotnes,.github/workflows/dotnes-reviewer.md,1,2026-05-01T22:07:10Z,0,0,1,0,1,True,💡,False,False,334,False
1239,293,dotnet/maintenance-packages,.github/workflows/version-maintenance.md,1,2026-03-09T16:47:44Z,0,0,0,0,0,False,,False,False,777,False
1240,293,dotnet/maintenance-packages,.github/workflows/version-maintenance.md,2,2026-03-10T15:15:27Z,0,0,0,0,0,False,,False,False,1135,False
1241,293,dotnet/maintenance-packages,.github/workflows/version-maintenance.md,3,2026-03-18T17:10:25Z,0,0,0,0,0,False,,False,False,1135,False
1242,294,microsoft/aspire,.github/workflows/daily-repo-status.md,1,2026-02-17T17:52:26Z,0,0,1,0,1,True,🌟,False,True,105,False
1243,294,microsoft/aspire,.github/workflows/daily-repo-status.md,2,2026-02-19T01:41:00Z,0,0,9,0,9,True,📊📈✅🐛🚀👀💬📋🎉,False,True,819,False
1244,294,microsoft/aspire,.github/workflows/daily-repo-status.md,3,2026-02-20T20:49:44Z,0,0,9,0,9,True,📊📈✅🐛🚀👀💬📋🎉,False,True,785,False
1245,294,microsoft/aspire,.github/workflows/daily-repo-status.md,4,2026-02-25T19:06:14Z,0,0,9,0,9,True,📊📈✅🐛🚀👀💬📋🎉,False,True,939,False
1246,294,microsoft/aspire,.github/workflows/daily-repo-status.md,5,2026-04-29T17:52:10Z,0,0,9,0,9,True,📊📈✅🐛🚀👀💬📋🎉,False,True,939,False
1247,294,microsoft/aspire,.github/workflows/daily-repo-status.md,6,2026-06-17T23:19:15Z,0,0,9,0,9,True,📊📈✅🐛🚀👀💬📋🎉,False,True,939,False
1248,294,microsoft/aspire,.github/workflows/daily-repo-status.md,7,2026-06-18T02:43:47Z,0,0,9,0,9,True,📊📈✅🐛🚀👀💬📋🎉,False,True,939,False
1249,295,microsoft/aspire,.github/workflows/extension-changelog.md,1,2026-05-30T18:48:11Z,0,0,0,0,0,False,,False,False,1284,False
1250,295,microsoft/aspire,.github/workflows/extension-changelog.md,2,2026-05-31T22:51:31Z,0,0,0,0,0,False,,False,False,1284,False
1251,295,microsoft/aspire,.github/workflows/extension-changelog.md,3,2026-06-01T19:15:08Z,0,0,0,0,0,False,,False,False,1364,False
1252,295,microsoft/aspire,.github/workflows/extension-changelog.md,4,2026-06-02T22:01:29Z,0,0,0,0,0,False,,False,False,1430,False
1253,295,microsoft/aspire,.github/workflows/extension-changelog.md,5,2026-06-17T23:19:15Z,0,0,0,0,0,False,,False,False,1430,False
1254,295,microsoft/aspire,.github/workflows/extension-changelog.md,6,2026-06-18T02:43:47Z,0,0,0,0,0,False,,False,False,1430,False
1255,296,microsoft/aspire,.github/workflows/milestone-changelog.md,1,2026-04-23T13:38:35Z,0,0,0,0,0,False,,False,False,1166,False
1256,296,microsoft/aspire,.github/workflows/milestone-changelog.md,2,2026-05-01T15:29:33Z,0,0,21,31,52,True,🏠💻📊🔧🧩🔌🔍📄🧪📦⚠📝🌍🧭🚀🔒🌐📂🆕⚡🐛🎨✅❌⏳,False,True,4052,False
1257,296,microsoft/aspire,.github/workflows/milestone-changelog.md,3,2026-05-04T03:01:20Z,0,0,21,31,52,True,🏠💻📊🔧🧩🔌🔍📄🧪📦⚠📝🌍🧭🚀🔒🌐📂🆕⚡🐛🎨✅❌⏳,False,True,4518,False
1258,296,microsoft/aspire,.github/workflows/milestone-changelog.md,4,2026-05-05T04:47:44Z,0,0,21,31,52,True,🏠💻📊🔧🧩🔌🔍📄🧪📦⚠📝🌍🧭🚀🔒🌐📂🆕⚡🐛🎨✅❌⏳,False,True,4603,False
1259,296,microsoft/aspire,.github/workflows/milestone-changelog.md,5,2026-05-06T03:10:15Z,0,0,23,37,60,True,🏠💻📊🔧🧩🔌🔍📄🧪📦⚠📝🌍🧭🚀🔒🌐📂🆕⚡🐛🎨✅❌⏳,False,True,5642,False
1260,296,microsoft/aspire,.github/workflows/milestone-changelog.md,6,2026-05-11T09:22:02Z,0,0,23,39,62,True,🏠💻📊🔧🧩🔌🔍📄🧪📦⚠📝🌍🧭🚀🔒🌐📂🆕ℹ⚡🐛🎨✅❌⏳,False,True,6159,False
1261,296,microsoft/aspire,.github/workflows/milestone-changelog.md,7,2026-05-12T07:54:00Z,0,0,23,39,62,True,🏠💻📊🔧🧩🔌🔍📄🧪📦⚠📝🌍🧭🚀🔒🌐📂🆕ℹ⚡🐛🎨✅❌⏳,False,True,6159,False
1262,296,microsoft/aspire,.github/workflows/milestone-changelog.md,8,2026-05-14T14:18:17Z,0,0,23,39,62,True,🏠💻📊🔧🧩🔌🔍📄🧪📦⚠📝🌍🧭🚀🔒🌐📂🆕ℹ⚡🐛🎨✅❌⏳,False,True,6172,False
1263,296,microsoft/aspire,.github/workflows/milestone-changelog.md,9,2026-06-02T09:46:07Z,0,0,23,39,62,True,🏠💻📊🔧🧩🔌🔍📄🧪📦⚠📝🌍🧭🚀🔒🌐📂🆕ℹ⚡🐛🎨✅❌⏳,False,True,6172,False
1264,296,microsoft/aspire,.github/workflows/milestone-changelog.md,10,2026-06-02T22:01:29Z,0,0,23,39,62,True,🏠💻📊🔧🧩🔌🔍📄🧪📦⚠📝🌍🧭🚀🔒🌐📂🆕ℹ⚡🐛🎨✅❌⏳,False,True,6260,False
1265,296,microsoft/aspire,.github/workflows/milestone-changelog.md,11,2026-06-03T14:23:47Z,0,0,23,39,62,True,🏠💻📊🔧🧩🔌🔍📄🧪📦⚠📝🌍🧭🚀🔒🌐📂🆕ℹ⚡🐛🎨✅❌⏳,False,True,6274,False
1266,296,microsoft/aspire,.github/workflows/milestone-changelog.md,12,2026-06-17T23:19:15Z,0,0,23,39,62,True,🏠💻📊🔧🧩🔌🔍📄🧪📦⚠📝🌍🧭🚀🔒🌐📂🆕ℹ⚡🐛🎨✅❌⏳,False,True,6274,False
1267,296,microsoft/aspire,.github/workflows/milestone-changelog.md,13,2026-06-18T02:43:47Z,0,0,23,39,62,True,🏠💻📊🔧🧩🔌🔍📄🧪📦⚠📝🌍🧭🚀🔒🌐📂🆕ℹ⚡🐛🎨✅❌⏳,False,True,6274,False
1268,297,microsoft/aspire,.github/workflows/pr-docs-check.md,1,2026-04-07T02:38:38Z,0,0,0,0,0,False,,False,False,677,False
1269,297,microsoft/aspire,.github/workflows/pr-docs-check.md,2,2026-04-07T17:41:55Z,0,0,0,0,0,False,,False,False,769,False
1270,297,microsoft/aspire,.github/workflows/pr-docs-check.md,3,2026-04-07T19:09:23Z,0,0,0,0,0,False,,False,False,769,False
1271,297,microsoft/aspire,.github/workflows/pr-docs-check.md,4,2026-04-09T12:56:56Z,0,0,0,0,0,False,,False,False,769,False
1272,297,microsoft/aspire,.github/workflows/pr-docs-check.md,5,2026-04-14T04:08:22Z,0,0,0,0,0,False,,False,False,769,False
1273,297,microsoft/aspire,.github/workflows/pr-docs-check.md,6,2026-04-14T23:41:34Z,0,0,0,0,0,False,,False,False,1015,False
1274,297,microsoft/aspire,.github/workflows/pr-docs-check.md,7,2026-04-21T03:45:06Z,0,0,0,0,0,False,,False,False,1488,False
1275,297,microsoft/aspire,.github/workflows/pr-docs-check.md,8,2026-04-28T02:09:44Z,0,0,0,0,0,False,,False,False,1488,False
1276,297,microsoft/aspire,.github/workflows/pr-docs-check.md,9,2026-05-07T20:05:39Z,3,0,0,0,3,True,📝⚠✅,False,False,2110,False
1277,297,microsoft/aspire,.github/workflows/pr-docs-check.md,10,2026-05-12T01:35:51Z,3,0,0,0,3,True,📝⚠✅,False,False,2190,False
1278,297,microsoft/aspire,.github/workflows/pr-docs-check.md,11,2026-05-13T17:23:47Z,3,0,0,0,3,True,📝⚠✅,False,False,4270,False
1279,297,microsoft/aspire,.github/workflows/pr-docs-check.md,12,2026-05-27T10:55:36Z,3,0,0,0,3,True,📝⚠✅,False,False,4268,False
1280,297,microsoft/aspire,.github/workflows/pr-docs-check.md,13,2026-06-17T23:19:15Z,3,0,0,0,3,True,📝⚠✅,False,False,4268,False
1281,297,microsoft/aspire,.github/workflows/pr-docs-check.md,14,2026-06-18T02:43:47Z,3,0,0,0,3,True,📝⚠✅,False,False,4268,False
1282,297,microsoft/aspire,.github/workflows/pr-docs-check.md,15,2026-06-25T18:43:40Z,3,0,0,0,3,True,📝⚠✅,False,False,4259,False
1283,297,microsoft/aspire,.github/workflows/pr-docs-check.md,16,2026-06-26T22:49:41Z,5,0,1,0,6,True,📝⚠✅,False,False,3891,False
1284,298,microsoft/aspire,.github/workflows/release-notes-generate.md,1,2026-05-15T02:16:04Z,0,0,5,0,5,True,🐛🚀🧪🛠,False,True,1202,False
1285,298,microsoft/aspire,.github/workflows/release-notes-generate.md,2,2026-05-18T22:00:23Z,0,0,5,0,5,True,🐛🚀🧪🛠,False,True,1598,False
1286,298,microsoft/aspire,.github/workflows/release-notes-generate.md,3,2026-05-19T23:07:17Z,0,0,5,0,5,True,🐛🚀🧪🛠,False,True,1598,False
1287,298,microsoft/aspire,.github/workflows/release-notes-generate.md,4,2026-06-02T22:01:29Z,0,0,5,0,5,True,🐛🚀🧪🛠,False,True,1673,False
1288,298,microsoft/aspire,.github/workflows/release-notes-generate.md,5,2026-06-03T21:01:50Z,0,0,5,0,5,True,🐛🚀🧪🛠,False,True,1673,False
1289,298,microsoft/aspire,.github/workflows/release-notes-generate.md,6,2026-06-17T23:19:15Z,0,0,5,0,5,True,🐛🚀🧪🛠,False,True,1673,False
1290,298,microsoft/aspire,.github/workflows/release-notes-generate.md,7,2026-06-18T02:43:47Z,0,0,5,0,5,True,🐛🚀🧪🛠,False,True,1673,False
1291,299,microsoft/aspire,.github/workflows/release-update-support-mdx.md,1,2026-05-07T20:05:39Z,0,0,2,0,2,True,📆,False,False,1286,False
1292,299,microsoft/aspire,.github/workflows/release-update-support-mdx.md,2,2026-05-20T21:37:47Z,0,0,2,0,2,True,📆,False,False,1286,False
1293,299,microsoft/aspire,.github/workflows/release-update-support-mdx.md,3,2026-06-03T21:01:50Z,0,0,2,0,2,True,📆,False,False,1286,False
1294,299,microsoft/aspire,.github/workflows/release-update-support-mdx.md,4,2026-06-17T23:19:15Z,0,0,2,0,2,True,📆,False,False,1286,False
1295,299,microsoft/aspire,.github/workflows/release-update-support-mdx.md,5,2026-06-18T02:43:47Z,0,0,2,0,2,True,📆,False,False,1286,False
1296,300,microsoft/aspire,.github/workflows/repo-pulse.md,1,2026-04-23T22:34:09Z,0,0,13,2,15,True,⭐🔥🚧🐛👀💬⚠🤖,False,False,1386,False
1297,300,microsoft/aspire,.github/workflows/repo-pulse.md,2,2026-04-27T20:48:42Z,0,5,11,2,18,True,🔥🚧🐛👀💬⭐🤖⚠,False,False,1224,False
1298,300,microsoft/aspire,.github/workflows/repo-pulse.md,3,2026-06-17T23:19:15Z,0,5,11,2,18,True,🔥🚧🐛👀💬⭐🤖⚠,False,False,1224,False
1299,300,microsoft/aspire,.github/workflows/repo-pulse.md,4,2026-06-18T02:43:47Z,0,5,11,2,18,True,🔥🚧🐛👀💬⭐🤖⚠,False,False,1224,False
1300,301,stride3d/stride-community-toolkit,.github/workflows/daily-activity-report.md,1,2026-02-16T08:42:00Z,0,0,1,5,6,True,📊📋🔀🐛📝🏷,False,False,451,False
1301,301,stride3d/stride-community-toolkit,.github/workflows/daily-activity-report.md,2,2026-04-29T20:54:53Z,0,1,2,5,8,True,⚙📊📋🔀🐛📝🏷,False,False,605,False
1302,301,stride3d/stride-community-toolkit,.github/workflows/daily-activity-report.md,3,2026-05-24T23:20:52Z,0,1,2,5,8,True,⚙📊📋🔀🐛📝🏷,False,False,573,False
1303,302,clash-verge-rev/clash-verge-rev,.github/workflows/pr-ai-slop-review.md,1,2026-03-17T18:07:27Z,0,0,0,0,0,False,,False,False,648,False
1304,302,clash-verge-rev/clash-verge-rev,.github/workflows/pr-ai-slop-review.md,2,2026-03-23T16:19:59Z,0,0,0,0,0,False,,False,False,648,False
1305,302,clash-verge-rev/clash-verge-rev,.github/workflows/pr-ai-slop-review.md,3,2026-03-26T14:00:56Z,0,0,0,0,0,False,,False,False,909,False
1306,302,clash-verge-rev/clash-verge-rev,.github/workflows/pr-ai-slop-review.md,4,2026-04-14T09:46:21Z,0,0,0,0,0,False,,False,False,909,False
1307,302,clash-verge-rev/clash-verge-rev,.github/workflows/pr-ai-slop-review.md,5,2026-04-21T16:11:44Z,0,0,0,0,0,False,,False,False,996,False
1308,302,clash-verge-rev/clash-verge-rev,.github/workflows/pr-ai-slop-review.md,6,2026-05-10T09:17:43Z,0,0,0,0,0,False,,False,False,1050,False
1309,302,clash-verge-rev/clash-verge-rev,.github/workflows/pr-ai-slop-review.md,7,2026-05-21T09:01:58Z,0,0,0,0,0,False,,False,False,1050,False
1310,302,clash-verge-rev/clash-verge-rev,.github/workflows/pr-ai-slop-review.md,8,2026-05-21T10:35:59Z,0,0,0,0,0,False,,False,False,1050,False
1311,302,clash-verge-rev/clash-verge-rev,.github/workflows/pr-ai-slop-review.md,9,2026-05-22T11:00:42Z,0,0,0,0,0,False,,False,False,1269,False
1312,302,clash-verge-rev/clash-verge-rev,.github/workflows/pr-ai-slop-review.md,10,2026-05-22T11:08:40Z,0,0,0,0,0,False,,False,False,1269,False
1313,302,clash-verge-rev/clash-verge-rev,.github/workflows/pr-ai-slop-review.md,11,2026-05-23T04:50:15Z,0,0,0,0,0,False,,False,False,1269,False
1314,302,clash-verge-rev/clash-verge-rev,.github/workflows/pr-ai-slop-review.md,12,2026-05-26T08:46:44Z,0,0,0,0,0,False,,False,False,1387,False
1315,302,clash-verge-rev/clash-verge-rev,.github/workflows/pr-ai-slop-review.md,13,2026-06-02T13:18:17Z,0,0,0,0,0,False,,False,False,1842,False
1316,302,clash-verge-rev/clash-verge-rev,.github/workflows/pr-ai-slop-review.md,14,2026-06-19T16:23:48Z,0,0,0,0,0,False,,False,False,1842,False
1317,303,pulumi/pulumi-databricks,.github/workflows/gh-aw-pr-rereview.md,1,2026-05-12T06:29:34Z,0,0,0,0,0,False,,False,False,6,True
1318,304,pulumi/pulumi-databricks,.github/workflows/gh-aw-pr-review.md,1,2026-05-12T06:29:34Z,0,0,0,0,0,False,,False,False,5,True
1319,305,openvinotoolkit/openvino.genai,.github/workflows/ci-doctor.md,1,2026-02-25T14:55:17Z,0,0,0,1,1,True,🏥,False,False,1082,False
1320,305,openvinotoolkit/openvino.genai,.github/workflows/ci-doctor.md,2,2026-03-19T10:58:38Z,0,1,2,0,3,True,⚠✅❌,False,False,1552,False
1321,305,openvinotoolkit/openvino.genai,.github/workflows/ci-doctor.md,3,2026-03-30T15:58:54Z,0,1,2,0,3,True,⚠✅❌,False,False,1552,False
1322,305,openvinotoolkit/openvino.genai,.github/workflows/ci-doctor.md,4,2026-03-31T08:46:38Z,0,1,2,0,3,True,⚠✅❌,False,False,1552,False
1323,305,openvinotoolkit/openvino.genai,.github/workflows/ci-doctor.md,5,2026-04-07T15:50:15Z,0,1,2,0,3,True,⚠✅❌,False,False,1681,False
1324,305,openvinotoolkit/openvino.genai,.github/workflows/ci-doctor.md,6,2026-04-07T16:21:35Z,0,1,2,0,3,True,⚠✅❌,False,False,1666,False
1325,305,openvinotoolkit/openvino.genai,.github/workflows/ci-doctor.md,7,2026-04-14T07:00:50Z,0,1,2,0,3,True,⚠✅❌,False,False,1666,False
1326,305,openvinotoolkit/openvino.genai,.github/workflows/ci-doctor.md,8,2026-04-21T12:09:54Z,0,1,2,0,3,True,⚠✅❌,False,False,1916,False
1327,306,pulumi/pulumi-nomad,.github/workflows/gh-aw-pr-rereview.md,1,2026-05-12T06:57:17Z,0,0,0,0,0,False,,False,False,6,True
1328,307,pulumi/pulumi-nomad,.github/workflows/gh-aw-pr-review.md,1,2026-05-12T06:57:17Z,0,0,0,0,0,False,,False,False,5,True
1329,308,GuyKh/iec-custom-component,.github/workflows/issue-duplicate-finder.md,1,2026-02-15T16:01:23Z,0,0,0,0,0,False,,False,False,524,False
1330,309,CliMA/ClimaAtmos.jl,.github/workflows/pr-review.md,1,2026-05-18T19:44:29Z,0,0,0,0,0,False,,False,False,473,False
1331,309,CliMA/ClimaAtmos.jl,.github/workflows/pr-review.md,2,2026-05-18T22:15:32Z,0,0,0,0,0,False,,False,False,445,False
1332,309,CliMA/ClimaAtmos.jl,.github/workflows/pr-review.md,3,2026-05-28T00:13:40Z,0,0,0,0,0,False,,False,False,445,False
1333,310,KunalSin9h/meltcd,.github/workflows/daily-repo-status.md,1,2026-02-26T18:19:47Z,0,0,1,0,1,True,🌟,False,True,105,False
1334,310,KunalSin9h/meltcd,.github/workflows/daily-repo-status.md,2,2026-02-26T18:28:02Z,0,0,1,0,1,True,🌟,False,True,105,False
1335,311,KunalSin9h/meltcd,.github/workflows/new.md,1,2026-02-27T06:20:44Z,0,0,0,0,0,False,,False,False,19,True
1336,311,KunalSin9h/meltcd,.github/workflows/new.md,2,2026-02-27T06:34:23Z,0,0,0,0,0,False,,False,False,28,False
1337,312,KunalSin9h/meltcd,.github/workflows/safedep-on-pr.md,1,2026-02-26T18:45:35Z,0,0,0,0,0,False,,False,False,7,True
1338,312,KunalSin9h/meltcd,.github/workflows/safedep-on-pr.md,2,2026-02-26T18:57:33Z,0,0,0,0,0,False,,False,False,7,True
1339,312,KunalSin9h/meltcd,.github/workflows/safedep-on-pr.md,3,2026-02-26T18:59:34Z,0,0,0,0,0,False,,False,False,7,True
1340,312,KunalSin9h/meltcd,.github/workflows/safedep-on-pr.md,4,2026-02-27T06:20:44Z,0,0,0,0,0,False,,False,False,7,True
1341,313,rancher/dashboard,.github/workflows/daily-accessibility-review.md,1,2026-04-08T08:28:54Z,0,0,0,0,0,False,,False,False,295,False
1342,313,rancher/dashboard,.github/workflows/daily-accessibility-review.md,2,2026-04-09T15:49:35Z,0,0,0,0,0,False,,False,False,295,False
1343,313,rancher/dashboard,.github/workflows/daily-accessibility-review.md,3,2026-04-29T10:55:44Z,0,0,0,0,0,False,,False,False,295,False
1344,313,rancher/dashboard,.github/workflows/daily-accessibility-review.md,4,2026-05-11T08:37:38Z,0,0,0,0,0,False,,False,False,295,False
1345,313,rancher/dashboard,.github/workflows/daily-accessibility-review.md,5,2026-05-13T22:10:51Z,0,0,0,0,0,False,,False,False,295,False
1346,313,rancher/dashboard,.github/workflows/daily-accessibility-review.md,6,2026-05-14T18:03:46Z,0,0,0,0,0,False,,False,False,295,False
1347,313,rancher/dashboard,.github/workflows/daily-accessibility-review.md,7,2026-05-29T17:42:12Z,0,0,0,0,0,False,,False,False,295,False
1348,314,rancher/dashboard,.github/workflows/daily-issue-grooming.md,1,2026-03-05T23:10:30Z,0,0,4,0,4,True,🤖,False,False,900,False
1349,314,rancher/dashboard,.github/workflows/daily-issue-grooming.md,2,2026-03-11T21:43:03Z,0,0,4,0,4,True,🤖,False,False,900,False
1350,314,rancher/dashboard,.github/workflows/daily-issue-grooming.md,3,2026-03-11T22:22:47Z,0,0,4,0,4,True,🤖,False,False,900,False
1351,314,rancher/dashboard,.github/workflows/daily-issue-grooming.md,4,2026-03-11T22:35:48Z,0,0,4,0,4,True,🤖,False,False,900,False
1352,314,rancher/dashboard,.github/workflows/daily-issue-grooming.md,5,2026-03-12T15:21:27Z,0,0,4,0,4,True,🤖,False,False,900,False
1353,314,rancher/dashboard,.github/workflows/daily-issue-grooming.md,6,2026-03-24T20:08:04Z,0,0,4,0,4,True,🤖,False,False,1081,False
1354,314,rancher/dashboard,.github/workflows/daily-issue-grooming.md,7,2026-05-11T08:37:38Z,0,0,4,0,4,True,🤖,False,False,1081,False
1355,314,rancher/dashboard,.github/workflows/daily-issue-grooming.md,8,2026-05-14T18:03:46Z,0,0,4,0,4,True,🤖,False,False,1081,False
1356,314,rancher/dashboard,.github/workflows/daily-issue-grooming.md,9,2026-05-29T17:42:12Z,0,0,4,0,4,True,🤖,False,False,1081,False
1357,315,rancher/dashboard,.github/workflows/daily-repo-status.md,1,2026-04-08T08:28:54Z,0,0,1,0,1,True,🌟,False,True,105,False
1358,315,rancher/dashboard,.github/workflows/daily-repo-status.md,2,2026-05-11T08:37:38Z,0,0,1,0,1,True,🌟,False,True,105,False
1359,315,rancher/dashboard,.github/workflows/daily-repo-status.md,3,2026-05-14T18:03:46Z,0,0,1,0,1,True,🌟,False,True,105,False
1360,315,rancher/dashboard,.github/workflows/daily-repo-status.md,4,2026-05-29T17:42:12Z,0,0,1,0,1,True,🌟,False,True,105,False
1361,316,rancher/dashboard,.github/workflows/daily-test-improver.md,1,2026-04-08T08:28:54Z,0,0,10,0,10,True,🤖🔍🔧💬📊🔄⚠,False,False,2722,False
1362,316,rancher/dashboard,.github/workflows/daily-test-improver.md,2,2026-04-29T10:55:44Z,0,0,10,0,10,True,🤖🔍🔧💬📊🔄⚠,False,False,2723,False
1363,316,rancher/dashboard,.github/workflows/daily-test-improver.md,3,2026-05-11T08:37:38Z,0,0,10,0,10,True,🤖🔍🔧💬📊🔄⚠,False,False,2757,False
1364,316,rancher/dashboard,.github/workflows/daily-test-improver.md,4,2026-05-14T13:47:21Z,0,0,10,0,10,True,🤖🔍🔧💬📊🔄⚠,False,False,3073,False
1365,316,rancher/dashboard,.github/workflows/daily-test-improver.md,5,2026-05-14T18:03:46Z,0,0,10,0,10,True,🤖🔍🔧💬📊🔄⚠,False,False,3049,False
1366,316,rancher/dashboard,.github/workflows/daily-test-improver.md,6,2026-05-29T17:42:12Z,0,0,10,0,10,True,🤖🔍🔧💬📊🔄⚠,False,False,3053,False
1367,317,rancher/dashboard,.github/workflows/duplicate-code-detector.md,1,2026-04-08T08:28:54Z,0,0,0,1,1,True,🔍,False,False,1065,False
1368,317,rancher/dashboard,.github/workflows/duplicate-code-detector.md,2,2026-04-29T10:55:44Z,0,0,0,1,1,True,🔍,False,False,1065,False
1369,317,rancher/dashboard,.github/workflows/duplicate-code-detector.md,3,2026-05-11T08:37:38Z,0,0,0,1,1,True,🔍,False,False,1065,False
1370,317,rancher/dashboard,.github/workflows/duplicate-code-detector.md,4,2026-05-14T18:03:46Z,0,0,0,1,1,True,🔍,False,False,1065,False
1371,317,rancher/dashboard,.github/workflows/duplicate-code-detector.md,5,2026-05-29T17:42:12Z,0,0,0,1,1,True,🔍,False,False,1065,False
1372,318,rancher/dashboard,.github/workflows/issue-triage.md,1,2026-04-08T08:28:54Z,0,0,1,0,1,True,🎯,False,False,569,False
1373,318,rancher/dashboard,.github/workflows/issue-triage.md,2,2026-05-11T08:37:38Z,0,0,1,0,1,True,🎯,False,False,569,False
1374,318,rancher/dashboard,.github/workflows/issue-triage.md,3,2026-05-14T18:03:46Z,0,0,1,0,1,True,🎯,False,False,569,False
1375,318,rancher/dashboard,.github/workflows/issue-triage.md,4,2026-05-29T17:42:12Z,0,0,1,0,1,True,🎯,False,False,569,False
1376,319,rancher/dashboard,.github/workflows/pr-fix.md,1,2026-04-08T08:28:54Z,0,0,0,0,0,False,,False,False,431,False
1377,319,rancher/dashboard,.github/workflows/pr-fix.md,2,2026-05-11T08:37:38Z,0,0,0,0,0,False,,False,False,431,False
1378,319,rancher/dashboard,.github/workflows/pr-fix.md,3,2026-05-14T18:03:46Z,0,0,0,0,0,False,,False,False,431,False
1379,319,rancher/dashboard,.github/workflows/pr-fix.md,4,2026-05-29T17:42:12Z,0,0,0,0,0,False,,False,False,431,False
1380,320,rancher/dashboard,.github/workflows/weekly-stale-issue-manager.md,1,2026-06-07T01:41:30Z,0,0,0,0,0,False,,False,False,920,False
1381,321,microsoft/finnts,.github/workflows/repo-improver.md,1,2026-04-29T21:00:24Z,0,0,0,0,0,False,,False,False,838,False
1382,321,microsoft/finnts,.github/workflows/repo-improver.md,2,2026-04-29T21:04:07Z,0,0,0,0,0,False,,False,False,848,False
1383,321,microsoft/finnts,.github/workflows/repo-improver.md,3,2026-04-29T21:08:06Z,0,0,0,0,0,False,,False,False,897,False
1384,322,lrascao/rebar3_gpb_plugin,.github/workflows/daily-repo-status.md,1,2026-02-15T17:48:28Z,0,0,1,0,1,True,🌟,False,True,105,False
1385,322,lrascao/rebar3_gpb_plugin,.github/workflows/daily-repo-status.md,2,2026-02-15T18:05:18Z,0,0,1,0,1,True,🌟,False,True,105,False
1386,323,dotnet/fsharp,.github/workflows/agentic-state-machine.md,1,2026-05-12T09:03:57Z,0,0,9,0,9,True,👤🤖⚙⏰,False,False,342,False
1387,323,dotnet/fsharp,.github/workflows/agentic-state-machine.md,2,2026-05-12T12:46:39Z,0,0,9,0,9,True,👤🤖⚙⏰,False,False,342,False
1388,323,dotnet/fsharp,.github/workflows/agentic-state-machine.md,3,2026-05-21T09:32:08Z,0,0,9,0,9,True,👤🤖⚙⏰,False,False,336,False
1389,323,dotnet/fsharp,.github/workflows/agentic-state-machine.md,4,2026-05-28T16:43:16Z,0,0,9,0,9,True,👤🤖⚙⏰,False,False,336,False
1390,323,dotnet/fsharp,.github/workflows/agentic-state-machine.md,5,2026-06-16T09:00:03Z,0,0,93,0,93,True,❌⚙✅⏰👤⚠🤖,False,True,7949,False
1391,324,dotnet/fsharp,.github/workflows/aw-auto-update.md,1,2026-03-31T09:39:35Z,0,0,0,0,0,False,,False,False,212,False
1392,324,dotnet/fsharp,.github/workflows/aw-auto-update.md,2,2026-04-21T15:20:18Z,0,0,0,0,0,False,,False,False,300,False
1393,324,dotnet/fsharp,.github/workflows/aw-auto-update.md,3,2026-04-28T08:54:20Z,0,0,0,0,0,False,,False,False,300,False
1394,324,dotnet/fsharp,.github/workflows/aw-auto-update.md,4,2026-04-29T11:25:39Z,0,0,0,0,0,False,,False,False,300,False
1395,324,dotnet/fsharp,.github/workflows/aw-auto-update.md,5,2026-05-04T07:06:13Z,0,0,0,0,0,False,,False,False,300,False
1396,324,dotnet/fsharp,.github/workflows/aw-auto-update.md,6,2026-05-18T09:03:34Z,0,0,0,0,0,False,,False,False,330,False
1397,324,dotnet/fsharp,.github/workflows/aw-auto-update.md,7,2026-05-28T09:38:24Z,0,0,0,0,0,False,,False,False,330,False
1398,324,dotnet/fsharp,.github/workflows/aw-auto-update.md,8,2026-05-28T16:10:17Z,0,0,0,0,0,False,,False,False,804,False
1399,324,dotnet/fsharp,.github/workflows/aw-auto-update.md,9,2026-06-18T13:43:16Z,0,0,0,0,0,False,,False,False,804,False
1400,325,dotnet/fsharp,.github/workflows/labelops-flake-fix.md,1,2026-05-06T09:42:54Z,0,0,2,1,3,True,🤖,False,False,472,False
1401,326,dotnet/fsharp,.github/workflows/labelops-pr-maintenance.md,1,2026-05-06T09:42:54Z,0,0,1,0,1,True,🤖,False,False,590,False
1402,326,dotnet/fsharp,.github/workflows/labelops-pr-maintenance.md,2,2026-05-18T08:48:13Z,0,0,1,0,1,True,🤖,False,False,590,False
1403,326,dotnet/fsharp,.github/workflows/labelops-pr-maintenance.md,3,2026-05-28T08:54:00Z,0,0,1,0,1,True,🤖,False,False,596,False
1404,326,dotnet/fsharp,.github/workflows/labelops-pr-maintenance.md,4,2026-05-28T14:29:27Z,0,0,1,0,1,True,🤖,False,False,596,False
1405,326,dotnet/fsharp,.github/workflows/labelops-pr-maintenance.md,5,2026-06-18T13:43:16Z,0,0,1,0,1,True,🤖,False,False,596,False
1406,327,dotnet/fsharp,.github/workflows/labelops-pr-security-scan.md,1,2026-05-12T09:05:19Z,9,0,5,0,14,True,⚠🔍,False,False,1121,False
1407,327,dotnet/fsharp,.github/workflows/labelops-pr-security-scan.md,2,2026-05-12T09:11:42Z,9,0,5,0,14,True,⚠🔍,False,False,1153,False
1408,327,dotnet/fsharp,.github/workflows/labelops-pr-security-scan.md,3,2026-05-15T08:59:37Z,9,0,2,0,11,True,⚠🔍,False,False,1281,False
1409,327,dotnet/fsharp,.github/workflows/labelops-pr-security-scan.md,4,2026-05-29T09:43:40Z,9,0,2,0,11,True,⚠🔍,False,False,1281,False
1410,327,dotnet/fsharp,.github/workflows/labelops-pr-security-scan.md,5,2026-06-03T16:07:19Z,9,0,2,0,11,True,⚠🔍,False,False,1500,False
1411,327,dotnet/fsharp,.github/workflows/labelops-pr-security-scan.md,6,2026-06-18T13:43:16Z,9,0,2,0,11,True,⚠🔍,False,False,1500,False
1412,328,dotnet/fsharp,.github/workflows/msbuild-quality-review.md,1,2026-06-17T08:41:21Z,0,0,3,8,11,True,🔴🟡🔵✅🔧,False,False,1795,False
1413,329,dotnet/fsharp,.github/workflows/regression-pr-shepherd.md,1,2026-03-30T10:24:32Z,0,0,4,0,4,True,🤖,False,False,831,False
1414,329,dotnet/fsharp,.github/workflows/regression-pr-shepherd.md,2,2026-04-01T12:17:50Z,0,0,4,0,4,True,🤖,False,False,910,False
1415,329,dotnet/fsharp,.github/workflows/regression-pr-shepherd.md,3,2026-04-09T12:41:00Z,0,0,4,0,4,True,🤖,False,False,1165,False
1416,329,dotnet/fsharp,.github/workflows/regression-pr-shepherd.md,4,2026-04-16T08:32:21Z,0,0,4,0,4,True,🤖,False,False,1195,False
1417,329,dotnet/fsharp,.github/workflows/regression-pr-shepherd.md,5,2026-04-29T11:25:39Z,0,0,4,0,4,True,🤖,False,False,1195,False
1418,329,dotnet/fsharp,.github/workflows/regression-pr-shepherd.md,6,2026-06-18T13:43:16Z,0,0,4,0,4,True,🤖,False,False,1195,False
1419,330,dotnet/fsharp,.github/workflows/repo-assist.md,1,2026-03-16T13:32:21Z,0,0,9,0,9,True,🤖💬🔧🏷📝🔄,False,False,1766,False
1420,330,dotnet/fsharp,.github/workflows/repo-assist.md,2,2026-03-17T12:00:51Z,0,0,9,0,9,True,🤖💬🔧🏷📝🔄,False,False,1766,False
1421,330,dotnet/fsharp,.github/workflows/repo-assist.md,3,2026-03-23T11:30:47Z,0,0,9,0,9,True,🤖💬🔧🏷📝🔄,False,False,1964,False
1422,330,dotnet/fsharp,.github/workflows/repo-assist.md,4,2026-03-23T12:45:52Z,0,0,9,0,9,True,🤖💬🔧🏷📝🔄,False,False,1964,False
1423,330,dotnet/fsharp,.github/workflows/repo-assist.md,5,2026-03-27T18:28:39Z,0,0,9,0,9,True,🤖💬🔧🏷📝🔄,False,False,1964,False
1424,330,dotnet/fsharp,.github/workflows/repo-assist.md,6,2026-03-30T10:26:46Z,0,0,11,0,11,True,🤖💬🔧🏷📝🔄,False,False,3949,False
1425,330,dotnet/fsharp,.github/workflows/repo-assist.md,7,2026-03-31T09:23:48Z,0,0,11,0,11,True,🤖💬🔧🏷📝🔄,False,False,4275,False
1426,330,dotnet/fsharp,.github/workflows/repo-assist.md,8,2026-04-08T09:23:31Z,1,0,11,0,12,True,🌈🤖💬🔧🏷📝🔄,False,False,4275,False
1427,330,dotnet/fsharp,.github/workflows/repo-assist.md,9,2026-04-16T08:32:21Z,1,0,11,0,12,True,🌈🤖💬🔧🏷📝🔄,False,False,4336,False
1428,330,dotnet/fsharp,.github/workflows/repo-assist.md,10,2026-04-29T11:25:39Z,1,0,11,0,12,True,🌈🤖💬🔧🏷📝🔄,False,False,4336,False
1429,330,dotnet/fsharp,.github/workflows/repo-assist.md,11,2026-05-28T09:12:10Z,1,0,11,0,12,True,🌈🤖💬🔧🏷📝🔄,False,False,4336,False
1430,331,fable-compiler/Fable,.github/workflows/repo-assist.md,1,2026-03-14T21:22:52Z,0,0,9,0,9,True,🤖💬🔧🏷📝🔄,False,False,3215,False
1431,331,fable-compiler/Fable,.github/workflows/repo-assist.md,2,2026-03-21T20:14:32Z,0,0,9,0,9,True,🤖💬🔧🏷📝🔄,False,False,3215,False
1432,331,fable-compiler/Fable,.github/workflows/repo-assist.md,3,2026-04-04T12:20:49Z,0,0,9,0,9,True,🤖💬🔧🏷📝🔄,False,False,3215,False
1433,331,fable-compiler/Fable,.github/workflows/repo-assist.md,4,2026-04-06T06:17:06Z,0,0,9,0,9,True,🤖💬🔧🏷📝🔄,False,False,3215,False
1434,331,fable-compiler/Fable,.github/workflows/repo-assist.md,5,2026-04-17T15:18:22Z,1,0,9,0,10,True,🌈🤖💬🔧🏷📝🔄,False,False,3215,False
1435,331,fable-compiler/Fable,.github/workflows/repo-assist.md,6,2026-04-21T20:25:59Z,1,0,9,0,10,True,🌈🤖💬🔧🏷📝🔄,False,False,3235,False
1436,331,fable-compiler/Fable,.github/workflows/repo-assist.md,7,2026-04-25T10:05:25Z,1,0,9,0,10,True,🌈🤖💬🔧🏷📝🔄,False,False,3288,False
1437,331,fable-compiler/Fable,.github/workflows/repo-assist.md,8,2026-04-26T13:49:36Z,1,0,9,0,10,True,🌈🤖💬🔧🏷📝🔄,False,False,3330,False
1438,331,fable-compiler/Fable,.github/workflows/repo-assist.md,9,2026-05-03T07:48:30Z,1,0,9,0,10,True,🌈🤖💬🔧🏷📝🔄,False,False,3503,False
1439,331,fable-compiler/Fable,.github/workflows/repo-assist.md,10,2026-05-09T11:55:28Z,1,0,9,0,10,True,🌈🤖💬🔧🏷📝🔄,False,False,3503,False
1440,332,fslaborg/Deedle,.github/workflows/repo-assist.md,1,2026-03-08T21:59:09Z,0,0,9,0,9,True,🤖💬🔧🏷📝🔄,False,False,2694,False
1441,332,fslaborg/Deedle,.github/workflows/repo-assist.md,2,2026-03-14T19:48:27Z,0,0,9,0,9,True,🤖💬🔧🏷📝🔄,False,False,2694,False
1442,332,fslaborg/Deedle,.github/workflows/repo-assist.md,3,2026-03-22T23:11:41Z,0,0,9,0,9,True,🤖💬🔧🏷📝🔄,False,False,2694,False
1443,332,fslaborg/Deedle,.github/workflows/repo-assist.md,4,2026-03-23T19:15:49Z,0,0,9,0,9,True,🤖💬🔧🏷📝🔄,False,False,2694,False
1444,332,fslaborg/Deedle,.github/workflows/repo-assist.md,5,2026-03-26T23:23:31Z,1,0,9,0,10,True,🌈🤖💬🔧🏷📝🔄,False,False,2694,False
1445,332,fslaborg/Deedle,.github/workflows/repo-assist.md,6,2026-04-03T00:44:20Z,1,0,9,0,10,True,🌈🤖💬🔧🏷📝🔄,False,False,2694,False
1446,332,fslaborg/Deedle,.github/workflows/repo-assist.md,7,2026-04-04T14:51:55Z,1,0,9,0,10,True,🌈🤖💬🔧🏷📝🔄,False,False,2694,False
1447,332,fslaborg/Deedle,.github/workflows/repo-assist.md,8,2026-04-20T02:49:57Z,1,0,9,0,10,True,🌈🤖💬🔧🏷📝🔄,False,False,2694,False
1448,332,fslaborg/Deedle,.github/workflows/repo-assist.md,9,2026-05-06T12:30:52Z,1,0,9,0,10,True,🌈🤖💬🔧🏷📝🔄,False,False,2906,False
1449,332,fslaborg/Deedle,.github/workflows/repo-assist.md,10,2026-05-09T12:26:37Z,1,0,9,0,10,True,🌈🤖💬🔧🏷📝🔄,False,False,2915,False
1450,332,fslaborg/Deedle,.github/workflows/repo-assist.md,11,2026-06-03T14:37:34Z,1,0,9,0,10,True,🌈🤖💬🔧🏷📝🔄,False,False,2915,False
1451,332,fslaborg/Deedle,.github/workflows/repo-assist.md,12,2026-06-12T18:21:29Z,1,0,9,0,10,True,🌈🤖💬🔧🏷📝🔄,False,False,2915,False
1452,333,ionide/ionide-vscode-fsharp,.github/workflows/repo-assist.md,1,2026-02-22T17:47:10Z,0,0,9,0,9,True,🤖💬🔧🏷📝🔄,False,False,1789,False
1453,333,ionide/ionide-vscode-fsharp,.github/workflows/repo-assist.md,2,2026-02-22T18:23:20Z,0,0,9,0,9,True,🤖💬🔧🏷📝🔄,False,False,1789,False
1454,333,ionide/ionide-vscode-fsharp,.github/workflows/repo-assist.md,3,2026-02-22T18:35:00Z,0,0,9,0,9,True,🤖💬🔧🏷📝🔄,False,False,1982,False
1455,333,ionide/ionide-vscode-fsharp,.github/workflows/repo-assist.md,4,2026-02-22T18:54:35Z,0,0,9,0,9,True,🤖💬🔧🏷📝🔄,False,False,2000,False
1456,333,ionide/ionide-vscode-fsharp,.github/workflows/repo-assist.md,5,2026-02-22T22:44:18Z,0,0,9,0,9,True,🤖💬🔧🏷📝🔄,False,False,2143,False
1457,333,ionide/ionide-vscode-fsharp,.github/workflows/repo-assist.md,6,2026-02-24T04:18:37Z,0,0,9,0,9,True,🤖💬🔧🏷📝🔄,False,False,2286,False
1458,333,ionide/ionide-vscode-fsharp,.github/workflows/repo-assist.md,7,2026-02-24T19:09:53Z,0,0,9,0,9,True,🤖💬🔧🏷📝🔄,False,False,2286,False
1459,333,ionide/ionide-vscode-fsharp,.github/workflows/repo-assist.md,8,2026-02-25T19:22:00Z,0,0,9,0,9,True,🤖💬🔧🏷📝🔄,False,False,2414,False
1460,333,ionide/ionide-vscode-fsharp,.github/workflows/repo-assist.md,9,2026-02-26T11:35:54Z,0,0,9,0,9,True,🤖💬🔧🏷📝🔄,False,False,2822,False
1461,333,ionide/ionide-vscode-fsharp,.github/workflows/repo-assist.md,10,2026-02-26T13:41:33Z,0,0,9,0,9,True,🤖💬🔧🏷📝🔄,False,False,2914,False
1462,333,ionide/ionide-vscode-fsharp,.github/workflows/repo-assist.md,11,2026-03-01T01:27:58Z,0,0,9,0,9,True,🤖💬🔧🏷📝🔄,False,False,2914,False
1463,333,ionide/ionide-vscode-fsharp,.github/workflows/repo-assist.md,12,2026-03-03T23:38:59Z,0,0,9,0,9,True,🤖💬🔧🏷📝🔄,False,False,2914,False
1464,333,ionide/ionide-vscode-fsharp,.github/workflows/repo-assist.md,13,2026-03-07T00:17:20Z,0,0,9,0,9,True,🤖💬🔧🏷📝🔄,False,False,2656,False
1465,333,ionide/ionide-vscode-fsharp,.github/workflows/repo-assist.md,14,2026-03-07T00:18:06Z,0,0,9,0,9,True,🤖💬🔧🏷📝🔄,False,False,2656,False
1466,333,ionide/ionide-vscode-fsharp,.github/workflows/repo-assist.md,15,2026-03-07T00:35:54Z,0,0,9,0,9,True,🤖💬🔧🏷📝🔄,False,False,2656,False
1467,333,ionide/ionide-vscode-fsharp,.github/workflows/repo-assist.md,16,2026-03-08T22:34:12Z,0,0,9,0,9,True,🤖💬🔧🏷📝🔄,False,False,2694,False
1468,333,ionide/ionide-vscode-fsharp,.github/workflows/repo-assist.md,17,2026-03-19T02:17:02Z,0,0,9,0,9,True,🤖💬🔧🏷📝🔄,False,False,2694,False
1469,333,ionide/ionide-vscode-fsharp,.github/workflows/repo-assist.md,18,2026-03-19T03:28:19Z,0,0,9,0,9,True,🤖💬🔧🏷📝🔄,False,False,2694,False
1470,333,ionide/ionide-vscode-fsharp,.github/workflows/repo-assist.md,19,2026-03-23T19:14:28Z,0,0,9,0,9,True,🤖💬🔧🏷📝🔄,False,False,2694,False
1471,333,ionide/ionide-vscode-fsharp,.github/workflows/repo-assist.md,20,2026-03-26T23:23:09Z,1,0,9,0,10,True,🌈🤖💬🔧🏷📝🔄,False,False,2694,False
1472,333,ionide/ionide-vscode-fsharp,.github/workflows/repo-assist.md,21,2026-04-01T17:53:11Z,1,0,9,0,10,True,🌈🤖💬🔧🏷📝🔄,False,False,2694,False
1473,333,ionide/ionide-vscode-fsharp,.github/workflows/repo-assist.md,22,2026-04-03T00:43:18Z,1,0,9,0,10,True,🌈🤖💬🔧🏷📝🔄,False,False,2694,False
1474,333,ionide/ionide-vscode-fsharp,.github/workflows/repo-assist.md,23,2026-04-04T14:51:36Z,1,0,9,0,10,True,🌈🤖💬🔧🏷📝🔄,False,False,2694,False
1475,333,ionide/ionide-vscode-fsharp,.github/workflows/repo-assist.md,24,2026-04-12T04:46:16Z,1,0,9,0,10,True,🌈🤖💬🔧🏷📝🔄,False,False,2694,False
1476,333,ionide/ionide-vscode-fsharp,.github/workflows/repo-assist.md,25,2026-04-20T02:55:14Z,1,0,9,0,10,True,🌈🤖💬🔧🏷📝🔄,False,False,2694,False
1477,333,ionide/ionide-vscode-fsharp,.github/workflows/repo-assist.md,26,2026-05-06T12:30:21Z,1,0,9,0,10,True,🌈🤖💬🔧🏷📝🔄,False,False,2906,False
1478,333,ionide/ionide-vscode-fsharp,.github/workflows/repo-assist.md,27,2026-05-09T12:26:05Z,1,0,9,0,10,True,🌈🤖💬🔧🏷📝🔄,False,False,2915,False
1479,333,ionide/ionide-vscode-fsharp,.github/workflows/repo-assist.md,28,2026-06-03T14:36:56Z,1,0,9,0,10,True,🌈🤖💬🔧🏷📝🔄,False,False,2915,False
1480,333,ionide/ionide-vscode-fsharp,.github/workflows/repo-assist.md,29,2026-06-12T18:20:56Z,1,0,9,0,10,True,🌈🤖💬🔧🏷📝🔄,False,False,2915,False
1481,334,fsprojects/fantomas,.github/workflows/repo-assist.md,1,2026-02-23T13:53:02Z,0,0,9,0,9,True,🤖💬🔧🏷📝🔄,False,False,2143,False
1482,334,fsprojects/fantomas,.github/workflows/repo-assist.md,2,2026-02-23T14:03:17Z,0,0,9,0,9,True,🤖💬🔧🏷📝🔄,False,False,2403,False
1483,334,fsprojects/fantomas,.github/workflows/repo-assist.md,3,2026-02-23T14:27:38Z,0,0,9,0,9,True,🤖💬🔧🏷📝🔄,False,False,2586,False
1484,334,fsprojects/fantomas,.github/workflows/repo-assist.md,4,2026-02-26T11:35:17Z,0,0,9,0,9,True,🤖💬🔧🏷📝🔄,False,False,3235,False
1485,334,fsprojects/fantomas,.github/workflows/repo-assist.md,5,2026-02-26T13:41:04Z,0,0,9,0,9,True,🤖💬🔧🏷📝🔄,False,False,3620,False
1486,334,fsprojects/fantomas,.github/workflows/repo-assist.md,6,2026-03-01T01:26:15Z,0,0,9,0,9,True,🤖💬🔧🏷📝🔄,False,False,3620,False
1487,334,fsprojects/fantomas,.github/workflows/repo-assist.md,7,2026-03-03T23:37:18Z,0,0,9,0,9,True,🤖💬🔧🏷📝🔄,False,False,3620,False
1488,334,fsprojects/fantomas,.github/workflows/repo-assist.md,8,2026-03-07T00:06:44Z,0,0,9,0,9,True,🤖💬🔧🏷📝🔄,False,False,3793,False
1489,334,fsprojects/fantomas,.github/workflows/repo-assist.md,9,2026-03-07T00:09:32Z,0,0,9,0,9,True,🤖💬🔧🏷📝🔄,False,False,3121,False
1490,334,fsprojects/fantomas,.github/workflows/repo-assist.md,10,2026-03-07T00:34:48Z,0,0,9,0,9,True,🤖💬🔧🏷📝🔄,False,False,3121,False
1491,334,fsprojects/fantomas,.github/workflows/repo-assist.md,11,2026-03-07T13:00:00Z,0,0,9,0,9,True,🤖💬🔧🏷📝🔄,False,False,3781,False
1492,334,fsprojects/fantomas,.github/workflows/repo-assist.md,12,2026-03-08T22:31:02Z,0,0,9,0,9,True,🤖💬🔧🏷📝🔄,False,False,3819,False
1493,334,fsprojects/fantomas,.github/workflows/repo-assist.md,13,2026-03-09T08:10:06Z,0,0,9,0,9,True,🤖💬🔧🏷📝🔄,False,False,3819,False
1494,334,fsprojects/fantomas,.github/workflows/repo-assist.md,14,2026-03-19T02:09:18Z,0,0,9,0,9,True,🤖💬🔧🏷📝🔄,False,False,3819,False
1495,334,fsprojects/fantomas,.github/workflows/repo-assist.md,15,2026-03-19T03:22:33Z,0,0,9,0,9,True,🤖💬🔧🏷📝🔄,False,False,3819,False
1496,334,fsprojects/fantomas,.github/workflows/repo-assist.md,16,2026-03-19T03:25:20Z,0,0,9,0,9,True,🤖💬🔧🏷📝🔄,False,False,3819,False
1497,334,fsprojects/fantomas,.github/workflows/repo-assist.md,17,2026-03-23T19:09:53Z,0,0,9,0,9,True,🤖💬🔧🏷📝🔄,False,False,3819,False
1498,334,fsprojects/fantomas,.github/workflows/repo-assist.md,18,2026-03-26T23:21:26Z,1,0,9,0,10,True,🌈🤖💬🔧🏷📝🔄,False,False,3819,False
1499,334,fsprojects/fantomas,.github/workflows/repo-assist.md,19,2026-04-01T16:09:40Z,1,0,9,0,10,True,🌈🤖💬🔧🏷📝🔄,False,False,3819,False
1500,334,fsprojects/fantomas,.github/workflows/repo-assist.md,20,2026-04-01T17:51:02Z,1,0,9,0,10,True,🌈🤖💬🔧🏷📝🔄,False,False,3819,False
1501,334,fsprojects/fantomas,.github/workflows/repo-assist.md,21,2026-04-03T00:38:21Z,1,0,9,0,10,True,🌈🤖💬🔧🏷📝🔄,False,False,3819,False
1502,334,fsprojects/fantomas,.github/workflows/repo-assist.md,22,2026-04-04T14:49:53Z,1,0,9,0,10,True,🌈🤖💬🔧🏷📝🔄,False,False,3819,False
1503,334,fsprojects/fantomas,.github/workflows/repo-assist.md,23,2026-04-12T04:11:00Z,1,0,9,0,10,True,🌈🤖💬🔧🏷📝🔄,False,False,3819,False
1504,334,fsprojects/fantomas,.github/workflows/repo-assist.md,24,2026-04-20T02:51:27Z,1,0,9,0,10,True,🌈🤖💬🔧🏷📝🔄,False,False,3819,False
1505,334,fsprojects/fantomas,.github/workflows/repo-assist.md,25,2026-04-21T06:41:10Z,1,0,9,0,10,True,🌈🤖💬🔧🏷📝🔄,False,False,3819,False
1506,334,fsprojects/fantomas,.github/workflows/repo-assist.md,26,2026-05-06T12:24:29Z,1,0,9,0,10,True,🌈🤖💬🔧🏷📝🔄,False,False,4031,False
1507,334,fsprojects/fantomas,.github/workflows/repo-assist.md,27,2026-05-06T12:26:24Z,1,0,9,0,10,True,🌈🤖💬🔧🏷📝🔄,False,False,4031,False
1508,334,fsprojects/fantomas,.github/workflows/repo-assist.md,28,2026-05-09T12:22:42Z,1,0,9,0,10,True,🌈🤖💬🔧🏷📝🔄,False,False,4040,False
1509,334,fsprojects/fantomas,.github/workflows/repo-assist.md,29,2026-06-03T14:31:28Z,1,0,9,0,10,True,🌈🤖💬🔧🏷📝🔄,False,False,4040,False
1510,334,fsprojects/fantomas,.github/workflows/repo-assist.md,30,2026-06-12T18:17:24Z,1,0,9,0,10,True,🌈🤖💬🔧🏷📝🔄,False,False,4040,False
1511,335,fsprojects/FSharp.Formatting,.github/workflows/repo-assist.md,1,2026-02-21T23:57:10Z,0,0,20,0,20,True,🤖👋📖🤝💬🔧🏷📝🔄👀🔀✅❌🎯,False,True,3438,False
1512,335,fsprojects/FSharp.Formatting,.github/workflows/repo-assist.md,2,2026-02-21T23:58:28Z,0,0,20,0,20,True,🤖👋📖🤝💬🔧🏷📝🔄👀🔀✅❌🎯,False,True,3438,False
1513,335,fsprojects/FSharp.Formatting,.github/workflows/repo-assist.md,3,2026-02-22T00:16:32Z,0,0,15,0,15,True,🤖👋📖🤝💬🔧🏷📝🔄,False,True,3470,False
1514,335,fsprojects/FSharp.Formatting,.github/workflows/repo-assist.md,4,2026-02-22T08:17:07Z,0,0,9,0,9,True,🤖💬🔧🏷📝🔄,False,False,1721,False
1515,335,fsprojects/FSharp.Formatting,.github/workflows/repo-assist.md,5,2026-02-22T16:28:24Z,0,0,9,0,9,True,🤖💬🔧🏷📝🔄,False,False,1737,False
1516,335,fsprojects/FSharp.Formatting,.github/workflows/repo-assist.md,6,2026-02-22T17:57:30Z,0,0,9,0,9,True,🤖💬🔧🏷📝🔄,False,False,1789,False
1517,335,fsprojects/FSharp.Formatting,.github/workflows/repo-assist.md,7,2026-02-22T18:34:49Z,0,0,9,0,9,True,🤖💬🔧🏷📝🔄,False,False,1982,False
1518,335,fsprojects/FSharp.Formatting,.github/workflows/repo-assist.md,8,2026-02-22T18:54:25Z,0,0,9,0,9,True,🤖💬🔧🏷📝🔄,False,False,2000,False
1519,335,fsprojects/FSharp.Formatting,.github/workflows/repo-assist.md,9,2026-02-22T22:44:03Z,0,0,9,0,9,True,🤖💬🔧🏷📝🔄,False,False,2143,False
1520,335,fsprojects/FSharp.Formatting,.github/workflows/repo-assist.md,10,2026-02-24T04:17:52Z,0,0,9,0,9,True,🤖💬🔧🏷📝🔄,False,False,2286,False
1521,335,fsprojects/FSharp.Formatting,.github/workflows/repo-assist.md,11,2026-02-24T19:09:39Z,0,0,9,0,9,True,🤖💬🔧🏷📝🔄,False,False,2286,False
1522,335,fsprojects/FSharp.Formatting,.github/workflows/repo-assist.md,12,2026-02-25T19:21:48Z,0,0,9,0,9,True,🤖💬🔧🏷📝🔄,False,False,2414,False
1523,335,fsprojects/FSharp.Formatting,.github/workflows/repo-assist.md,13,2026-02-26T11:33:56Z,0,0,9,0,9,True,🤖💬🔧🏷📝🔄,False,False,2822,False
1524,335,fsprojects/FSharp.Formatting,.github/workflows/repo-assist.md,14,2026-02-26T13:41:18Z,0,0,9,0,9,True,🤖💬🔧🏷📝🔄,False,False,2914,False
1525,335,fsprojects/FSharp.Formatting,.github/workflows/repo-assist.md,15,2026-03-01T01:27:20Z,0,0,9,0,9,True,🤖💬🔧🏷📝🔄,False,False,2914,False
1526,335,fsprojects/FSharp.Formatting,.github/workflows/repo-assist.md,16,2026-03-03T23:38:13Z,0,0,9,0,9,True,🤖💬🔧🏷📝🔄,False,False,2914,False
1527,335,fsprojects/FSharp.Formatting,.github/workflows/repo-assist.md,17,2026-03-07T00:14:56Z,0,0,9,0,9,True,🤖💬🔧🏷📝🔄,False,False,2656,False
1528,335,fsprojects/FSharp.Formatting,.github/workflows/repo-assist.md,18,2026-03-07T00:15:40Z,0,0,9,0,9,True,🤖💬🔧🏷📝🔄,False,False,2656,False
1529,335,fsprojects/FSharp.Formatting,.github/workflows/repo-assist.md,19,2026-03-07T00:35:27Z,0,0,9,0,9,True,🤖💬🔧🏷📝🔄,False,False,2656,False
1530,335,fsprojects/FSharp.Formatting,.github/workflows/repo-assist.md,20,2026-03-08T22:33:34Z,0,0,9,0,9,True,🤖💬🔧🏷📝🔄,False,False,2694,False
1531,335,fsprojects/FSharp.Formatting,.github/workflows/repo-assist.md,21,2026-03-19T02:14:36Z,0,0,9,0,9,True,🤖💬🔧🏷📝🔄,False,False,2694,False
1532,335,fsprojects/FSharp.Formatting,.github/workflows/repo-assist.md,22,2026-03-19T03:27:43Z,0,0,9,0,9,True,🤖💬🔧🏷📝🔄,False,False,2694,False
1533,335,fsprojects/FSharp.Formatting,.github/workflows/repo-assist.md,23,2026-03-23T19:13:19Z,0,0,9,0,9,True,🤖💬🔧🏷📝🔄,False,False,2694,False
1534,335,fsprojects/FSharp.Formatting,.github/workflows/repo-assist.md,24,2026-03-26T23:22:31Z,1,0,9,0,10,True,🌈🤖💬🔧🏷📝🔄,False,False,2694,False
1535,335,fsprojects/FSharp.Formatting,.github/workflows/repo-assist.md,25,2026-04-01T17:52:33Z,1,0,9,0,10,True,🌈🤖💬🔧🏷📝🔄,False,False,2694,False
1536,335,fsprojects/FSharp.Formatting,.github/workflows/repo-assist.md,26,2026-04-12T04:45:44Z,1,0,9,0,10,True,🌈🤖💬🔧🏷📝🔄,False,False,2694,False
1537,335,fsprojects/FSharp.Formatting,.github/workflows/repo-assist.md,27,2026-04-20T02:53:57Z,1,0,9,0,10,True,🌈🤖💬🔧🏷📝🔄,False,False,2694,False
1538,335,fsprojects/FSharp.Formatting,.github/workflows/repo-assist.md,28,2026-05-01T07:57:14Z,1,0,9,0,10,True,🌈🤖💬🔧🏷📝🔄,False,False,2694,False
1539,335,fsprojects/FSharp.Formatting,.github/workflows/repo-assist.md,29,2026-05-06T12:29:25Z,1,0,9,0,10,True,🌈🤖💬🔧🏷📝🔄,False,False,2906,False
1540,335,fsprojects/FSharp.Formatting,.github/workflows/repo-assist.md,30,2026-05-09T12:24:56Z,1,0,9,0,10,True,🌈🤖💬🔧🏷📝🔄,False,False,2915,False
1541,335,fsprojects/FSharp.Formatting,.github/workflows/repo-assist.md,31,2026-06-03T14:34:53Z,1,0,9,0,10,True,🌈🤖💬🔧🏷📝🔄,False,False,2915,False
1542,335,fsprojects/FSharp.Formatting,.github/workflows/repo-assist.md,32,2026-06-12T18:19:58Z,1,0,9,0,10,True,🌈🤖💬🔧🏷📝🔄,False,False,2915,False
1543,336,fsprojects/FsHttp,.github/workflows/repo-assist.md,1,2026-03-09T12:42:22Z,0,0,9,0,9,True,🤖💬🔧🏷📝🔄,False,False,2694,False
1544,337,ionide/FsAutoComplete,.github/workflows/repo-assist.md,1,2026-02-22T17:12:14Z,0,0,9,0,9,True,🤖💬🔧🏷📝🔄,False,False,1737,False
1545,337,ionide/FsAutoComplete,.github/workflows/repo-assist.md,2,2026-02-22T17:32:35Z,0,0,9,0,9,True,🤖💬🔧🏷📝🔄,False,False,1789,False
1546,337,ionide/FsAutoComplete,.github/workflows/repo-assist.md,3,2026-02-22T18:34:55Z,0,0,9,0,9,True,🤖💬🔧🏷📝🔄,False,False,1982,False
1547,337,ionide/FsAutoComplete,.github/workflows/repo-assist.md,4,2026-02-22T18:54:30Z,0,0,9,0,9,True,🤖💬🔧🏷📝🔄,False,False,2000,False
1548,337,ionide/FsAutoComplete,.github/workflows/repo-assist.md,5,2026-02-22T22:44:12Z,0,0,9,0,9,True,🤖💬🔧🏷📝🔄,False,False,2143,False
1549,337,ionide/FsAutoComplete,.github/workflows/repo-assist.md,6,2026-02-23T20:25:15Z,0,0,9,0,9,True,🤖💬🔧🏷📝🔄,False,False,2143,False
1550,337,ionide/FsAutoComplete,.github/workflows/repo-assist.md,7,2026-02-24T04:18:25Z,0,0,9,0,9,True,🤖💬🔧🏷📝🔄,False,False,2286,False
1551,337,ionide/FsAutoComplete,.github/workflows/repo-assist.md,8,2026-02-24T19:09:46Z,0,0,9,0,9,True,🤖💬🔧🏷📝🔄,False,False,2286,False
1552,337,ionide/FsAutoComplete,.github/workflows/repo-assist.md,9,2026-02-25T19:21:55Z,0,0,9,0,9,True,🤖💬🔧🏷📝🔄,False,False,2414,False
1553,337,ionide/FsAutoComplete,.github/workflows/repo-assist.md,10,2026-02-26T11:35:48Z,0,0,9,0,9,True,🤖💬🔧🏷📝🔄,False,False,2822,False
1554,337,ionide/FsAutoComplete,.github/workflows/repo-assist.md,11,2026-02-26T13:41:28Z,0,0,9,0,9,True,🤖💬🔧🏷📝🔄,False,False,2914,False
1555,337,ionide/FsAutoComplete,.github/workflows/repo-assist.md,12,2026-03-01T01:27:44Z,0,0,9,0,9,True,🤖💬🔧🏷📝🔄,False,False,2914,False
1556,337,ionide/FsAutoComplete,.github/workflows/repo-assist.md,13,2026-03-03T23:38:48Z,0,0,9,0,9,True,🤖💬🔧🏷📝🔄,False,False,2914,False
1557,337,ionide/FsAutoComplete,.github/workflows/repo-assist.md,14,2026-03-07T00:17:07Z,0,0,9,0,9,True,🤖💬🔧🏷📝🔄,False,False,2656,False
1558,337,ionide/FsAutoComplete,.github/workflows/repo-assist.md,15,2026-03-07T00:18:45Z,0,0,9,0,9,True,🤖💬🔧🏷📝🔄,False,False,2656,False
1559,337,ionide/FsAutoComplete,.github/workflows/repo-assist.md,16,2026-03-07T00:19:02Z,0,0,9,0,9,True,🤖💬🔧🏷📝🔄,False,False,2656,False
1560,337,ionide/FsAutoComplete,.github/workflows/repo-assist.md,17,2026-03-07T00:35:41Z,0,0,9,0,9,True,🤖💬🔧🏷📝🔄,False,False,2656,False
1561,337,ionide/FsAutoComplete,.github/workflows/repo-assist.md,18,2026-03-08T22:33:59Z,0,0,9,0,9,True,🤖💬🔧🏷📝🔄,False,False,2694,False
1562,337,ionide/FsAutoComplete,.github/workflows/repo-assist.md,19,2026-03-19T02:16:17Z,0,0,9,0,9,True,🤖💬🔧🏷📝🔄,False,False,2694,False
1563,337,ionide/FsAutoComplete,.github/workflows/repo-assist.md,20,2026-03-19T03:28:07Z,0,0,9,0,9,True,🤖💬🔧🏷📝🔄,False,False,2694,False
1564,337,ionide/FsAutoComplete,.github/workflows/repo-assist.md,21,2026-03-23T19:14:12Z,0,0,9,0,9,True,🤖💬🔧🏷📝🔄,False,False,2694,False
1565,337,ionide/FsAutoComplete,.github/workflows/repo-assist.md,22,2026-03-26T23:22:57Z,1,0,9,0,10,True,🌈🤖💬🔧🏷📝🔄,False,False,2694,False
1566,337,ionide/FsAutoComplete,.github/workflows/repo-assist.md,23,2026-04-01T17:52:58Z,1,0,9,0,10,True,🌈🤖💬🔧🏷📝🔄,False,False,2694,False
1567,337,ionide/FsAutoComplete,.github/workflows/repo-assist.md,24,2026-04-03T00:42:44Z,1,0,9,0,10,True,🌈🤖💬🔧🏷📝🔄,False,False,2694,False
1568,337,ionide/FsAutoComplete,.github/workflows/repo-assist.md,25,2026-04-04T14:51:24Z,1,0,9,0,10,True,🌈🤖💬🔧🏷📝🔄,False,False,2694,False
1569,337,ionide/FsAutoComplete,.github/workflows/repo-assist.md,26,2026-04-12T04:46:00Z,1,0,9,0,10,True,🌈🤖💬🔧🏷📝🔄,False,False,2694,False
1570,337,ionide/FsAutoComplete,.github/workflows/repo-assist.md,27,2026-04-20T02:54:49Z,1,0,9,0,10,True,🌈🤖💬🔧🏷📝🔄,False,False,2694,False
1571,337,ionide/FsAutoComplete,.github/workflows/repo-assist.md,28,2026-05-06T12:30:02Z,1,0,9,0,10,True,🌈🤖💬🔧🏷📝🔄,False,False,2906,False
1572,337,ionide/FsAutoComplete,.github/workflows/repo-assist.md,29,2026-05-09T12:25:47Z,1,0,9,0,10,True,🌈🤖💬🔧🏷📝🔄,False,False,2915,False
1573,337,ionide/FsAutoComplete,.github/workflows/repo-assist.md,30,2026-06-12T18:20:36Z,1,0,9,0,10,True,🌈🤖💬🔧🏷📝🔄,False,False,2915,False
1574,338,MoiraeSoftware/Myriad,.github/workflows/q.md,1,2026-02-25T15:56:57Z,0,0,7,3,10,True,✅,False,False,1739,False
1575,339,fsprojects/FSharp.TypeProviders.SDK,.github/workflows/repo-assist.md,1,2026-02-24T21:32:42Z,0,0,9,0,9,True,🤖💬🔧🏷📝🔄,False,False,2286,False
1576,339,fsprojects/FSharp.TypeProviders.SDK,.github/workflows/repo-assist.md,2,2026-02-25T19:38:35Z,0,0,9,0,9,True,🤖💬🔧🏷📝🔄,False,False,2414,False
1577,339,fsprojects/FSharp.TypeProviders.SDK,.github/workflows/repo-assist.md,3,2026-02-26T11:34:02Z,0,0,9,0,9,True,🤖💬🔧🏷📝🔄,False,False,2822,False
1578,339,fsprojects/FSharp.TypeProviders.SDK,.github/workflows/repo-assist.md,4,2026-02-26T13:41:23Z,0,0,9,0,9,True,🤖💬🔧🏷📝🔄,False,False,2914,False
1579,339,fsprojects/FSharp.TypeProviders.SDK,.github/workflows/repo-assist.md,5,2026-03-01T01:27:28Z,0,0,9,0,9,True,🤖💬🔧🏷📝🔄,False,False,2914,False
1580,339,fsprojects/FSharp.TypeProviders.SDK,.github/workflows/repo-assist.md,6,2026-03-03T23:38:35Z,0,0,9,0,9,True,🤖💬🔧🏷📝🔄,False,False,2914,False
1581,339,fsprojects/FSharp.TypeProviders.SDK,.github/workflows/repo-assist.md,7,2026-03-07T00:16:00Z,0,0,9,0,9,True,🤖💬🔧🏷📝🔄,False,False,2656,False
1582,339,fsprojects/FSharp.TypeProviders.SDK,.github/workflows/repo-assist.md,8,2026-03-07T00:16:48Z,0,0,9,0,9,True,🤖💬🔧🏷📝🔄,False,False,2656,False
1583,339,fsprojects/FSharp.TypeProviders.SDK,.github/workflows/repo-assist.md,9,2026-03-07T00:34:28Z,0,0,9,0,9,True,🤖💬🔧🏷📝🔄,False,False,2656,False
1584,339,fsprojects/FSharp.TypeProviders.SDK,.github/workflows/repo-assist.md,10,2026-03-08T22:33:46Z,0,0,9,0,9,True,🤖💬🔧🏷📝🔄,False,False,2694,False
1585,339,fsprojects/FSharp.TypeProviders.SDK,.github/workflows/repo-assist.md,11,2026-03-19T02:15:30Z,0,0,9,0,9,True,🤖💬🔧🏷📝🔄,False,False,2694,False
1586,339,fsprojects/FSharp.TypeProviders.SDK,.github/workflows/repo-assist.md,12,2026-03-19T03:27:54Z,0,0,9,0,9,True,🤖💬🔧🏷📝🔄,False,False,2694,False
1587,339,fsprojects/FSharp.TypeProviders.SDK,.github/workflows/repo-assist.md,13,2026-03-23T19:13:44Z,0,0,9,0,9,True,🤖💬🔧🏷📝🔄,False,False,2694,False
1588,339,fsprojects/FSharp.TypeProviders.SDK,.github/workflows/repo-assist.md,14,2026-03-25T14:26:55Z,0,0,9,0,9,True,🤖💬🔧🏷📝🔄,False,False,2694,False
1589,339,fsprojects/FSharp.TypeProviders.SDK,.github/workflows/repo-assist.md,15,2026-03-25T14:30:41Z,1,0,9,0,10,True,🌈🤖💬🔧🏷📝🔄,False,False,2694,False
1590,339,fsprojects/FSharp.TypeProviders.SDK,.github/workflows/repo-assist.md,16,2026-03-26T23:22:44Z,1,0,9,0,10,True,🌈🤖💬🔧🏷📝🔄,False,False,2694,False
1591,339,fsprojects/FSharp.TypeProviders.SDK,.github/workflows/repo-assist.md,17,2026-04-01T17:52:45Z,1,0,9,0,10,True,🌈🤖💬🔧🏷📝🔄,False,False,2694,False
1592,339,fsprojects/FSharp.TypeProviders.SDK,.github/workflows/repo-assist.md,18,2026-04-03T00:42:13Z,1,0,9,0,10,True,🌈🤖💬🔧🏷📝🔄,False,False,2694,False
1593,339,fsprojects/FSharp.TypeProviders.SDK,.github/workflows/repo-assist.md,19,2026-04-04T14:51:13Z,1,0,9,0,10,True,🌈🤖💬🔧🏷📝🔄,False,False,2694,False
1594,339,fsprojects/FSharp.TypeProviders.SDK,.github/workflows/repo-assist.md,20,2026-04-12T04:45:29Z,1,0,9,0,10,True,🌈🤖💬🔧🏷📝🔄,False,False,2694,False
1595,339,fsprojects/FSharp.TypeProviders.SDK,.github/workflows/repo-assist.md,21,2026-04-20T02:54:23Z,1,0,9,0,10,True,🌈🤖💬🔧🏷📝🔄,False,False,2694,False
1596,339,fsprojects/FSharp.TypeProviders.SDK,.github/workflows/repo-assist.md,22,2026-05-01T07:55:17Z,1,0,9,0,10,True,🌈🤖💬🔧🏷📝🔄,False,False,2694,False
1597,339,fsprojects/FSharp.TypeProviders.SDK,.github/workflows/repo-assist.md,23,2026-05-06T12:29:45Z,1,0,9,0,10,True,🌈🤖💬🔧🏷📝🔄,False,False,2906,False
1598,339,fsprojects/FSharp.TypeProviders.SDK,.github/workflows/repo-assist.md,24,2026-05-09T12:25:09Z,1,0,9,0,10,True,🌈🤖💬🔧🏷📝🔄,False,False,2915,False
1599,339,fsprojects/FSharp.TypeProviders.SDK,.github/workflows/repo-assist.md,25,2026-06-03T14:36:11Z,1,0,9,0,10,True,🌈🤖💬🔧🏷📝🔄,False,False,2915,False
1600,339,fsprojects/FSharp.TypeProviders.SDK,.github/workflows/repo-assist.md,26,2026-06-12T18:20:16Z,1,0,9,0,10,True,🌈🤖💬🔧🏷📝🔄,False,False,2915,False
1601,340,fsprojects/SwaggerProvider,.github/workflows/repo-assist.md,1,2026-03-08T22:25:12Z,0,0,9,0,9,True,🤖💬🔧🏷📝🔄,False,False,2694,False
1602,340,fsprojects/SwaggerProvider,.github/workflows/repo-assist.md,2,2026-03-08T22:35:46Z,0,0,9,0,9,True,🤖💬🔧🏷📝🔄,False,False,2694,False
1603,340,fsprojects/SwaggerProvider,.github/workflows/repo-assist.md,3,2026-03-19T03:28:58Z,0,0,9,0,9,True,🤖💬🔧🏷📝🔄,False,False,2694,False
1604,340,fsprojects/SwaggerProvider,.github/workflows/repo-assist.md,4,2026-03-23T19:14:46Z,0,0,9,0,9,True,🤖💬🔧🏷📝🔄,False,False,2694,False
1605,340,fsprojects/SwaggerProvider,.github/workflows/repo-assist.md,5,2026-03-26T23:23:20Z,1,0,9,0,10,True,🌈🤖💬🔧🏷📝🔄,False,False,2694,False
1606,340,fsprojects/SwaggerProvider,.github/workflows/repo-assist.md,6,2026-04-01T17:53:43Z,1,0,9,0,10,True,🌈🤖💬🔧🏷📝🔄,False,False,2694,False
1607,340,fsprojects/SwaggerProvider,.github/workflows/repo-assist.md,7,2026-04-03T00:43:46Z,1,0,9,0,10,True,🌈🤖💬🔧🏷📝🔄,False,False,2694,False
1608,340,fsprojects/SwaggerProvider,.github/workflows/repo-assist.md,8,2026-04-04T14:51:45Z,1,0,9,0,10,True,🌈🤖💬🔧🏷📝🔄,False,False,2694,False
1609,340,fsprojects/SwaggerProvider,.github/workflows/repo-assist.md,9,2026-04-11T12:36:58Z,1,0,9,0,10,True,🌈🤖💬🔧🏷📝🔄,False,False,2694,False
1610,340,fsprojects/SwaggerProvider,.github/workflows/repo-assist.md,10,2026-04-12T04:46:29Z,1,0,9,0,10,True,🌈🤖💬🔧🏷📝🔄,False,False,2694,False
1611,340,fsprojects/SwaggerProvider,.github/workflows/repo-assist.md,11,2026-04-18T07:47:24Z,1,0,9,0,10,True,🌈🤖💬🔧🏷📝🔄,False,False,2694,False
1612,340,fsprojects/SwaggerProvider,.github/workflows/repo-assist.md,12,2026-04-25T07:56:05Z,1,0,9,0,10,True,🌈🤖💬🔧🏷📝🔄,False,False,2694,False
1613,340,fsprojects/SwaggerProvider,.github/workflows/repo-assist.md,13,2026-05-05T14:02:08Z,1,0,9,0,10,True,🌈🤖💬🔧🏷📝🔄,False,False,2906,False
1614,340,fsprojects/SwaggerProvider,.github/workflows/repo-assist.md,14,2026-05-05T21:34:32Z,1,0,9,0,10,True,🌈🤖💬🔧🏷📝🔄,False,False,2906,False
1615,340,fsprojects/SwaggerProvider,.github/workflows/repo-assist.md,15,2026-05-09T06:30:44Z,1,0,9,0,10,True,🌈🤖💬🔧🏷📝🔄,False,False,2903,False
1616,340,fsprojects/SwaggerProvider,.github/workflows/repo-assist.md,16,2026-05-09T12:26:20Z,1,0,9,0,10,True,🌈🤖💬🔧🏷📝🔄,False,False,2915,False
1617,340,fsprojects/SwaggerProvider,.github/workflows/repo-assist.md,17,2026-05-10T16:33:02Z,1,0,9,0,10,True,🌈🤖💬🔧🏷📝🔄,False,False,2915,False
1618,340,fsprojects/SwaggerProvider,.github/workflows/repo-assist.md,18,2026-05-13T06:14:38Z,1,0,9,0,10,True,🌈🤖💬🔧🏷📝🔄,False,False,2915,False
1619,340,fsprojects/SwaggerProvider,.github/workflows/repo-assist.md,19,2026-05-16T09:21:00Z,1,0,9,0,10,True,🌈🤖💬🔧🏷📝🔄,False,False,2915,False
1620,340,fsprojects/SwaggerProvider,.github/workflows/repo-assist.md,20,2026-05-20T06:27:50Z,1,0,9,0,10,True,🌈🤖💬🔧🏷📝🔄,False,False,2915,False
1621,340,fsprojects/SwaggerProvider,.github/workflows/repo-assist.md,21,2026-05-27T18:43:42Z,1,0,9,0,10,True,🌈🤖💬🔧🏷📝🔄,False,False,2915,False
1622,340,fsprojects/SwaggerProvider,.github/workflows/repo-assist.md,22,2026-05-27T21:03:33Z,1,0,9,0,10,True,🌈🤖💬🔧🏷📝🔄,False,False,2915,False
1623,340,fsprojects/SwaggerProvider,.github/workflows/repo-assist.md,23,2026-05-30T07:49:37Z,1,0,9,0,10,True,🌈🤖💬🔧🏷📝🔄,False,False,2915,False
1624,340,fsprojects/SwaggerProvider,.github/workflows/repo-assist.md,24,2026-06-12T18:21:12Z,1,0,9,0,10,True,🌈🤖💬🔧🏷📝🔄,False,False,2915,False
1625,341,fsprojects/FSharpx.Collections,.github/workflows/repo-assist.md,1,2026-03-08T17:16:35Z,0,0,9,0,9,True,🤖💬🔧🏷📝🔄,False,False,2694,False
1626,341,fsprojects/FSharpx.Collections,.github/workflows/repo-assist.md,2,2026-03-08T17:52:27Z,0,0,9,0,9,True,🤖💬🔧🏷📝🔄,False,False,2694,False
1627,341,fsprojects/FSharpx.Collections,.github/workflows/repo-assist.md,3,2026-03-08T17:58:01Z,0,0,9,0,9,True,🤖💬🔧🏷📝🔄,False,False,2694,False
1628,341,fsprojects/FSharpx.Collections,.github/workflows/repo-assist.md,4,2026-03-08T21:43:06Z,0,0,9,0,9,True,🤖💬🔧🏷📝🔄,False,False,2694,False
1629,341,fsprojects/FSharpx.Collections,.github/workflows/repo-assist.md,5,2026-03-08T22:33:04Z,0,0,9,0,9,True,🤖💬🔧🏷📝🔄,False,False,2694,False
1630,341,fsprojects/FSharpx.Collections,.github/workflows/repo-assist.md,6,2026-03-16T14:11:24Z,0,0,9,0,9,True,🤖💬🔧🏷📝🔄,False,False,2694,False
1631,341,fsprojects/FSharpx.Collections,.github/workflows/repo-assist.md,7,2026-03-19T02:13:12Z,0,0,9,0,9,True,🤖💬🔧🏷📝🔄,False,False,2694,False
1632,341,fsprojects/FSharpx.Collections,.github/workflows/repo-assist.md,8,2026-03-19T03:27:27Z,0,0,9,0,9,True,🤖💬🔧🏷📝🔄,False,False,2694,False
1633,341,fsprojects/FSharpx.Collections,.github/workflows/repo-assist.md,9,2026-03-23T19:11:29Z,0,0,9,0,9,True,🤖💬🔧🏷📝🔄,False,False,2694,False
1634,341,fsprojects/FSharpx.Collections,.github/workflows/repo-assist.md,10,2026-03-26T23:22:19Z,1,0,9,0,10,True,🌈🤖💬🔧🏷📝🔄,False,False,2694,False
1635,341,fsprojects/FSharpx.Collections,.github/workflows/repo-assist.md,11,2026-04-01T17:52:06Z,1,0,9,0,10,True,🌈🤖💬🔧🏷📝🔄,False,False,2694,False
1636,341,fsprojects/FSharpx.Collections,.github/workflows/repo-assist.md,12,2026-04-03T00:41:06Z,1,0,9,0,10,True,🌈🤖💬🔧🏷📝🔄,False,False,2694,False
1637,341,fsprojects/FSharpx.Collections,.github/workflows/repo-assist.md,13,2026-04-04T14:50:52Z,1,0,9,0,10,True,🌈🤖💬🔧🏷📝🔄,False,False,2694,False
1638,341,fsprojects/FSharpx.Collections,.github/workflows/repo-assist.md,14,2026-04-12T04:44:31Z,1,0,9,0,10,True,🌈🤖💬🔧🏷📝🔄,False,False,2694,False
1639,341,fsprojects/FSharpx.Collections,.github/workflows/repo-assist.md,15,2026-04-20T02:53:07Z,1,0,9,0,10,True,🌈🤖💬🔧🏷📝🔄,False,False,2694,False
1640,341,fsprojects/FSharpx.Collections,.github/workflows/repo-assist.md,16,2026-05-06T12:28:49Z,1,0,9,0,10,True,🌈🤖💬🔧🏷📝🔄,False,False,2906,False
1641,341,fsprojects/FSharpx.Collections,.github/workflows/repo-assist.md,17,2026-05-09T12:24:18Z,1,0,9,0,10,True,🌈🤖💬🔧🏷📝🔄,False,False,2915,False
1642,341,fsprojects/FSharpx.Collections,.github/workflows/repo-assist.md,18,2026-06-03T14:33:39Z,1,0,9,0,10,True,🌈🤖💬🔧🏷📝🔄,False,False,2915,False
1643,341,fsprojects/FSharpx.Collections,.github/workflows/repo-assist.md,19,2026-06-12T18:19:22Z,1,0,9,0,10,True,🌈🤖💬🔧🏷📝🔄,False,False,2915,False
1644,342,fsprojects/FSharp.Data.SqlClient,.github/workflows/repo-assist.md,1,2026-03-07T20:37:14Z,0,0,9,0,9,True,🤖💬🔧🏷📝🔄,False,False,2656,False
1645,342,fsprojects/FSharp.Data.SqlClient,.github/workflows/repo-assist.md,2,2026-03-08T00:04:58Z,0,0,9,0,9,True,🤖💬🔧🏷📝🔄,False,False,2666,False
1646,342,fsprojects/FSharp.Data.SqlClient,.github/workflows/repo-assist.md,3,2026-03-08T02:36:55Z,0,0,9,0,9,True,🤖💬🔧🏷📝🔄,False,False,2694,False
1647,342,fsprojects/FSharp.Data.SqlClient,.github/workflows/repo-assist.md,4,2026-03-08T22:33:20Z,0,0,9,0,9,True,🤖💬🔧🏷📝🔄,False,False,2694,False
1648,342,fsprojects/FSharp.Data.SqlClient,.github/workflows/repo-assist.md,5,2026-03-16T14:31:16Z,0,0,9,0,9,True,🤖💬🔧🏷📝🔄,False,False,2694,False
1649,342,fsprojects/FSharp.Data.SqlClient,.github/workflows/repo-assist.md,6,2026-03-23T19:12:45Z,0,0,9,0,9,True,🤖💬🔧🏷📝🔄,False,False,2694,False
1650,342,fsprojects/FSharp.Data.SqlClient,.github/workflows/repo-assist.md,7,2026-03-29T14:03:27Z,1,0,9,0,10,True,🌈🤖💬🔧🏷📝🔄,False,False,2694,False
1651,342,fsprojects/FSharp.Data.SqlClient,.github/workflows/repo-assist.md,8,2026-04-01T17:52:19Z,1,0,9,0,10,True,🌈🤖💬🔧🏷📝🔄,False,False,2694,False
1652,342,fsprojects/FSharp.Data.SqlClient,.github/workflows/repo-assist.md,9,2026-04-03T00:41:43Z,1,0,9,0,10,True,🌈🤖💬🔧🏷📝🔄,False,False,2694,False
1653,342,fsprojects/FSharp.Data.SqlClient,.github/workflows/repo-assist.md,10,2026-04-04T14:51:03Z,1,0,9,0,10,True,🌈🤖💬🔧🏷📝🔄,False,False,2694,False
1654,342,fsprojects/FSharp.Data.SqlClient,.github/workflows/repo-assist.md,11,2026-04-12T04:44:46Z,1,0,9,0,10,True,🌈🤖💬🔧🏷📝🔄,False,False,2694,False
1655,342,fsprojects/FSharp.Data.SqlClient,.github/workflows/repo-assist.md,12,2026-04-20T02:53:31Z,1,0,9,0,10,True,🌈🤖💬🔧🏷📝🔄,False,False,2694,False
1656,342,fsprojects/FSharp.Data.SqlClient,.github/workflows/repo-assist.md,13,2026-05-06T12:29:05Z,1,0,9,0,10,True,🌈🤖💬🔧🏷📝🔄,False,False,2906,False
1657,342,fsprojects/FSharp.Data.SqlClient,.github/workflows/repo-assist.md,14,2026-05-09T12:24:37Z,1,0,9,0,10,True,🌈🤖💬🔧🏷📝🔄,False,False,2915,False
1658,342,fsprojects/FSharp.Data.SqlClient,.github/workflows/repo-assist.md,15,2026-06-03T14:33:59Z,1,0,9,0,10,True,🌈🤖💬🔧🏷📝🔄,False,False,2915,False
1659,342,fsprojects/FSharp.Data.SqlClient,.github/workflows/repo-assist.md,16,2026-06-12T18:19:38Z,1,0,9,0,10,True,🌈🤖💬🔧🏷📝🔄,False,False,2915,False
1660,343,fslaborg/FSharp.Stats,.github/workflows/repo-assist.md,1,2026-03-22T23:31:44Z,0,0,9,0,9,True,🤖💬🔧🏷📝🔄,False,False,2694,False
1661,343,fslaborg/FSharp.Stats,.github/workflows/repo-assist.md,2,2026-03-23T19:17:09Z,0,0,9,0,9,True,🤖💬🔧🏷📝🔄,False,False,2694,False
1662,343,fslaborg/FSharp.Stats,.github/workflows/repo-assist.md,3,2026-03-26T23:23:38Z,1,0,9,0,10,True,🌈🤖💬🔧🏷📝🔄,False,False,2694,False
1663,343,fslaborg/FSharp.Stats,.github/workflows/repo-assist.md,4,2026-04-01T17:53:51Z,1,0,9,0,10,True,🌈🤖💬🔧🏷📝🔄,False,False,2694,False
1664,343,fslaborg/FSharp.Stats,.github/workflows/repo-assist.md,5,2026-04-03T00:44:44Z,1,0,9,0,10,True,🌈🤖💬🔧🏷📝🔄,False,False,2694,False
1665,343,fslaborg/FSharp.Stats,.github/workflows/repo-assist.md,6,2026-04-04T14:52:03Z,1,0,9,0,10,True,🌈🤖💬🔧🏷📝🔄,False,False,2694,False
1666,343,fslaborg/FSharp.Stats,.github/workflows/repo-assist.md,7,2026-04-12T04:46:40Z,1,0,9,0,10,True,🌈🤖💬🔧🏷📝🔄,False,False,2694,False
1667,343,fslaborg/FSharp.Stats,.github/workflows/repo-assist.md,8,2026-04-20T02:27:02Z,1,0,9,0,10,True,🌈🤖💬🔧🏷📝🔄,False,False,2694,False
1668,343,fslaborg/FSharp.Stats,.github/workflows/repo-assist.md,9,2026-04-20T02:56:07Z,1,0,9,0,10,True,🌈🤖💬🔧🏷📝🔄,False,False,2694,False
1669,343,fslaborg/FSharp.Stats,.github/workflows/repo-assist.md,10,2026-05-06T12:31:06Z,1,0,9,0,10,True,🌈🤖💬🔧🏷📝🔄,False,False,2906,False
1670,343,fslaborg/FSharp.Stats,.github/workflows/repo-assist.md,11,2026-05-09T12:26:49Z,1,0,9,0,10,True,🌈🤖💬🔧🏷📝🔄,False,False,2915,False
1671,343,fslaborg/FSharp.Stats,.github/workflows/repo-assist.md,12,2026-06-03T14:38:00Z,1,0,9,0,10,True,🌈🤖💬🔧🏷📝🔄,False,False,2915,False
1672,343,fslaborg/FSharp.Stats,.github/workflows/repo-assist.md,13,2026-06-12T18:21:45Z,1,0,9,0,10,True,🌈🤖💬🔧🏷📝🔄,False,False,2915,False
1673,344,fsprojects/FSharp.Control.AsyncSeq,.github/workflows/repo-assist.md,1,2026-02-21T13:56:20Z,0,0,19,0,19,True,🤖👋📖🤝💬🔧🏷📝🔄✅❌🔀🎯,False,True,3028,False
1674,344,fsprojects/FSharp.Control.AsyncSeq,.github/workflows/repo-assist.md,2,2026-02-21T14:31:35Z,0,0,19,0,19,True,🤖👋📖🤝💬🔧🏷📝🔄✅❌🔀🎯,False,True,3028,False
1675,344,fsprojects/FSharp.Control.AsyncSeq,.github/workflows/repo-assist.md,3,2026-02-21T15:42:31Z,0,0,20,0,20,True,🤖👋📖🤝💬🔧🏷📝🔄👀🔀✅❌🎯,False,True,3113,False
1676,344,fsprojects/FSharp.Control.AsyncSeq,.github/workflows/repo-assist.md,4,2026-02-21T23:49:34Z,0,0,20,0,20,True,🤖👋📖🤝💬🔧🏷📝🔄👀🔀✅❌🎯,False,True,3438,False
1677,344,fsprojects/FSharp.Control.AsyncSeq,.github/workflows/repo-assist.md,5,2026-02-22T00:16:24Z,0,0,15,0,15,True,🤖👋📖🤝💬🔧🏷📝🔄,False,True,3470,False
1678,344,fsprojects/FSharp.Control.AsyncSeq,.github/workflows/repo-assist.md,6,2026-02-22T08:16:58Z,0,0,9,0,9,True,🤖💬🔧🏷📝🔄,False,False,1721,False
1679,344,fsprojects/FSharp.Control.AsyncSeq,.github/workflows/repo-assist.md,7,2026-02-22T16:28:14Z,0,0,9,0,9,True,🤖💬🔧🏷📝🔄,False,False,1737,False
1680,344,fsprojects/FSharp.Control.AsyncSeq,.github/workflows/repo-assist.md,8,2026-02-22T17:57:25Z,0,0,9,0,9,True,🤖💬🔧🏷📝🔄,False,False,1789,False
1681,344,fsprojects/FSharp.Control.AsyncSeq,.github/workflows/repo-assist.md,9,2026-02-22T18:34:44Z,0,0,9,0,9,True,🤖💬🔧🏷📝🔄,False,False,1982,False
1682,344,fsprojects/FSharp.Control.AsyncSeq,.github/workflows/repo-assist.md,10,2026-02-22T18:54:20Z,0,0,9,0,9,True,🤖💬🔧🏷📝🔄,False,False,2000,False
1683,344,fsprojects/FSharp.Control.AsyncSeq,.github/workflows/repo-assist.md,11,2026-02-22T22:43:57Z,0,0,9,0,9,True,🤖💬🔧🏷📝🔄,False,False,2143,False
1684,344,fsprojects/FSharp.Control.AsyncSeq,.github/workflows/repo-assist.md,12,2026-02-23T19:47:53Z,0,0,9,0,9,True,🤖💬🔧🏷📝🔄,False,False,2286,False
1685,344,fsprojects/FSharp.Control.AsyncSeq,.github/workflows/repo-assist.md,13,2026-02-24T04:17:42Z,0,0,9,0,9,True,🤖💬🔧🏷📝🔄,False,False,2286,False
1686,344,fsprojects/FSharp.Control.AsyncSeq,.github/workflows/repo-assist.md,14,2026-02-24T19:09:32Z,0,0,9,0,9,True,🤖💬🔧🏷📝🔄,False,False,2286,False
1687,344,fsprojects/FSharp.Control.AsyncSeq,.github/workflows/repo-assist.md,15,2026-02-25T19:21:43Z,0,0,9,0,9,True,🤖💬🔧🏷📝🔄,False,False,2414,False
1688,344,fsprojects/FSharp.Control.AsyncSeq,.github/workflows/repo-assist.md,16,2026-02-26T11:33:50Z,0,0,9,0,9,True,🤖💬🔧🏷📝🔄,False,False,2822,False
1689,344,fsprojects/FSharp.Control.AsyncSeq,.github/workflows/repo-assist.md,17,2026-02-26T13:41:14Z,0,0,9,0,9,True,🤖💬🔧🏷📝🔄,False,False,2914,False
1690,344,fsprojects/FSharp.Control.AsyncSeq,.github/workflows/repo-assist.md,18,2026-03-01T01:27:02Z,0,0,9,0,9,True,🤖💬🔧🏷📝🔄,False,False,2914,False
1691,344,fsprojects/FSharp.Control.AsyncSeq,.github/workflows/repo-assist.md,19,2026-03-03T23:37:56Z,0,0,9,0,9,True,🤖💬🔧🏷📝🔄,False,False,2914,False
1692,344,fsprojects/FSharp.Control.AsyncSeq,.github/workflows/repo-assist.md,20,2026-03-07T00:13:33Z,0,0,9,0,9,True,🤖💬🔧🏷📝🔄,False,False,2656,False
1693,344,fsprojects/FSharp.Control.AsyncSeq,.github/workflows/repo-assist.md,21,2026-03-07T00:14:25Z,0,0,9,0,9,True,🤖💬🔧🏷📝🔄,False,False,2656,False
1694,344,fsprojects/FSharp.Control.AsyncSeq,.github/workflows/repo-assist.md,22,2026-03-07T00:35:13Z,0,0,9,0,9,True,🤖💬🔧🏷📝🔄,False,False,2656,False
1695,344,fsprojects/FSharp.Control.AsyncSeq,.github/workflows/repo-assist.md,23,2026-03-08T22:31:30Z,0,0,9,0,9,True,🤖💬🔧🏷📝🔄,False,False,2694,False
1696,344,fsprojects/FSharp.Control.AsyncSeq,.github/workflows/repo-assist.md,24,2026-03-19T02:11:22Z,0,0,9,0,9,True,🤖💬🔧🏷📝🔄,False,False,2694,False
1697,344,fsprojects/FSharp.Control.AsyncSeq,.github/workflows/repo-assist.md,25,2026-03-19T03:25:55Z,0,0,9,0,9,True,🤖💬🔧🏷📝🔄,False,False,2694,False
1698,344,fsprojects/FSharp.Control.AsyncSeq,.github/workflows/repo-assist.md,26,2026-03-23T19:10:49Z,0,0,9,0,9,True,🤖💬🔧🏷📝🔄,False,False,2694,False
1699,344,fsprojects/FSharp.Control.AsyncSeq,.github/workflows/repo-assist.md,27,2026-03-26T23:21:55Z,1,0,9,0,10,True,🌈🤖💬🔧🏷📝🔄,False,False,2694,False
1700,344,fsprojects/FSharp.Control.AsyncSeq,.github/workflows/repo-assist.md,28,2026-04-01T17:51:30Z,1,0,9,0,10,True,🌈🤖💬🔧🏷📝🔄,False,False,2694,False
1701,344,fsprojects/FSharp.Control.AsyncSeq,.github/workflows/repo-assist.md,29,2026-04-03T00:39:55Z,1,0,9,0,10,True,🌈🤖💬🔧🏷📝🔄,False,False,2694,False
1702,344,fsprojects/FSharp.Control.AsyncSeq,.github/workflows/repo-assist.md,30,2026-04-04T14:50:18Z,1,0,9,0,10,True,🌈🤖💬🔧🏷📝🔄,False,False,2694,False
1703,344,fsprojects/FSharp.Control.AsyncSeq,.github/workflows/repo-assist.md,31,2026-04-12T04:43:45Z,1,0,9,0,10,True,🌈🤖💬🔧🏷📝🔄,False,False,2694,False
1704,344,fsprojects/FSharp.Control.AsyncSeq,.github/workflows/repo-assist.md,32,2026-04-17T07:27:08Z,1,0,9,0,10,True,🌈🤖💬🔧🏷📝🔄,False,False,2694,False
1705,344,fsprojects/FSharp.Control.AsyncSeq,.github/workflows/repo-assist.md,33,2026-04-20T02:52:16Z,1,0,9,0,10,True,🌈🤖💬🔧🏷📝🔄,False,False,2694,False
1706,344,fsprojects/FSharp.Control.AsyncSeq,.github/workflows/repo-assist.md,34,2026-05-01T07:52:45Z,1,0,9,0,10,True,🌈🤖💬🔧🏷📝🔄,False,False,2694,False
1707,344,fsprojects/FSharp.Control.AsyncSeq,.github/workflows/repo-assist.md,35,2026-05-06T12:28:13Z,1,0,9,0,10,True,🌈🤖💬🔧🏷📝🔄,False,False,2906,False
1708,344,fsprojects/FSharp.Control.AsyncSeq,.github/workflows/repo-assist.md,36,2026-05-09T12:23:42Z,1,0,9,0,10,True,🌈🤖💬🔧🏷📝🔄,False,False,2915,False
1709,344,fsprojects/FSharp.Control.AsyncSeq,.github/workflows/repo-assist.md,37,2026-06-03T14:32:31Z,1,0,9,0,10,True,🌈🤖💬🔧🏷📝🔄,False,False,2915,False
1710,344,fsprojects/FSharp.Control.AsyncSeq,.github/workflows/repo-assist.md,38,2026-06-12T18:18:46Z,1,0,9,0,10,True,🌈🤖💬🔧🏷📝🔄,False,False,2915,False
1711,345,fable-compiler/Fable.Python,.github/workflows/repo-assist.md,1,2026-04-16T01:12:27Z,0,0,9,0,9,True,🤖💬🔧🏷📝🔄,False,False,3214,False
1712,345,fable-compiler/Fable.Python,.github/workflows/repo-assist.md,2,2026-05-09T11:16:40Z,0,0,9,0,9,True,🤖💬🔧🏷📝🔄,False,False,3214,False
1713,346,fsprojects/FSharp.Control.TaskSeq,.github/workflows/repo-assist.md,1,2026-03-07T19:08:31Z,0,0,9,0,9,True,🤖💬🔧🏷📝🔄,False,False,2656,False
1714,346,fsprojects/FSharp.Control.TaskSeq,.github/workflows/repo-assist.md,2,2026-03-08T00:35:43Z,0,0,9,0,9,True,🤖💬🔧🏷📝🔄,False,False,2666,False
1715,346,fsprojects/FSharp.Control.TaskSeq,.github/workflows/repo-assist.md,3,2026-03-08T02:35:06Z,0,0,9,0,9,True,🤖💬🔧🏷📝🔄,False,False,2694,False
1716,346,fsprojects/FSharp.Control.TaskSeq,.github/workflows/repo-assist.md,4,2026-03-08T22:31:51Z,0,0,9,0,9,True,🤖💬🔧🏷📝🔄,False,False,2694,False
1717,346,fsprojects/FSharp.Control.TaskSeq,.github/workflows/repo-assist.md,5,2026-03-12T02:41:38Z,0,0,9,0,9,True,🤖💬🔧🏷📝🔄,False,False,2694,False
1718,346,fsprojects/FSharp.Control.TaskSeq,.github/workflows/repo-assist.md,6,2026-03-19T02:12:20Z,0,0,9,0,9,True,🤖💬🔧🏷📝🔄,False,False,2694,False
1719,346,fsprojects/FSharp.Control.TaskSeq,.github/workflows/repo-assist.md,7,2026-03-19T03:26:37Z,0,0,9,0,9,True,🤖💬🔧🏷📝🔄,False,False,2694,False
1720,346,fsprojects/FSharp.Control.TaskSeq,.github/workflows/repo-assist.md,8,2026-03-23T19:11:03Z,0,0,9,0,9,True,🤖💬🔧🏷📝🔄,False,False,2694,False
1721,346,fsprojects/FSharp.Control.TaskSeq,.github/workflows/repo-assist.md,9,2026-03-26T23:22:08Z,1,0,9,0,10,True,🌈🤖💬🔧🏷📝🔄,False,False,2694,False
1722,346,fsprojects/FSharp.Control.TaskSeq,.github/workflows/repo-assist.md,10,2026-04-01T17:51:46Z,1,0,9,0,10,True,🌈🤖💬🔧🏷📝🔄,False,False,2694,False
1723,346,fsprojects/FSharp.Control.TaskSeq,.github/workflows/repo-assist.md,11,2026-04-03T00:40:33Z,1,0,9,0,10,True,🌈🤖💬🔧🏷📝🔄,False,False,2694,False
1724,346,fsprojects/FSharp.Control.TaskSeq,.github/workflows/repo-assist.md,12,2026-04-04T14:50:30Z,1,0,9,0,10,True,🌈🤖💬🔧🏷📝🔄,False,False,2694,False
1725,346,fsprojects/FSharp.Control.TaskSeq,.github/workflows/repo-assist.md,13,2026-04-12T04:43:59Z,1,0,9,0,10,True,🌈🤖💬🔧🏷📝🔄,False,False,2694,False
1726,346,fsprojects/FSharp.Control.TaskSeq,.github/workflows/repo-assist.md,14,2026-04-20T02:52:41Z,1,0,9,0,10,True,🌈🤖💬🔧🏷📝🔄,False,False,2694,False
1727,346,fsprojects/FSharp.Control.TaskSeq,.github/workflows/repo-assist.md,15,2026-05-01T07:54:35Z,1,0,9,0,10,True,🌈🤖💬🔧🏷📝🔄,False,False,2694,False
1728,346,fsprojects/FSharp.Control.TaskSeq,.github/workflows/repo-assist.md,16,2026-05-06T12:28:32Z,1,0,9,0,10,True,🌈🤖💬🔧🏷📝🔄,False,False,2906,False
1729,346,fsprojects/FSharp.Control.TaskSeq,.github/workflows/repo-assist.md,17,2026-05-09T12:23:59Z,1,0,9,0,10,True,🌈🤖💬🔧🏷📝🔄,False,False,2915,False
1730,346,fsprojects/FSharp.Control.TaskSeq,.github/workflows/repo-assist.md,18,2026-06-03T14:33:00Z,1,0,9,0,10,True,🌈🤖💬🔧🏷📝🔄,False,False,2915,False
1731,346,fsprojects/FSharp.Control.TaskSeq,.github/workflows/repo-assist.md,19,2026-06-12T18:19:04Z,1,0,9,0,10,True,🌈🤖💬🔧🏷📝🔄,False,False,2915,False
1732,347,opsmill/infrahub,.github/workflows/bug-agent-analyst.md,1,2026-04-24T06:38:07Z,0,0,0,0,0,False,,False,False,714,False
1733,347,opsmill/infrahub,.github/workflows/bug-agent-analyst.md,2,2026-05-05T13:51:27Z,0,0,0,0,0,False,,False,False,714,False
1734,347,opsmill/infrahub,.github/workflows/bug-agent-analyst.md,3,2026-05-05T13:57:43Z,0,0,0,0,0,False,,False,False,714,False
1735,347,opsmill/infrahub,.github/workflows/bug-agent-analyst.md,4,2026-05-05T15:25:03Z,0,0,0,0,0,False,,False,False,712,False
1736,347,opsmill/infrahub,.github/workflows/bug-agent-analyst.md,5,2026-05-05T15:37:05Z,0,0,0,0,0,False,,False,False,712,False
1737,347,opsmill/infrahub,.github/workflows/bug-agent-analyst.md,6,2026-05-05T21:09:41Z,0,0,0,0,0,False,,False,False,712,False
1738,347,opsmill/infrahub,.github/workflows/bug-agent-analyst.md,7,2026-05-05T21:10:18Z,0,0,0,0,0,False,,False,False,712,False
1739,347,opsmill/infrahub,.github/workflows/bug-agent-analyst.md,8,2026-05-05T21:10:57Z,0,0,0,0,0,False,,False,False,712,False
1740,347,opsmill/infrahub,.github/workflows/bug-agent-analyst.md,9,2026-05-05T21:13:13Z,0,0,0,0,0,False,,False,False,712,False
1741,347,opsmill/infrahub,.github/workflows/bug-agent-analyst.md,10,2026-05-21T08:48:57Z,0,0,0,0,0,False,,False,False,712,False
1742,347,opsmill/infrahub,.github/workflows/bug-agent-analyst.md,11,2026-05-22T18:32:02Z,0,0,0,0,0,False,,False,False,712,False
1743,347,opsmill/infrahub,.github/workflows/bug-agent-analyst.md,12,2026-05-26T17:59:11Z,0,0,0,0,0,False,,False,False,712,False
1744,347,opsmill/infrahub,.github/workflows/bug-agent-analyst.md,13,2026-06-03T08:01:44Z,0,0,0,0,0,False,,False,False,712,False
1745,348,opsmill/infrahub,.github/workflows/bug-agent-fix.md,1,2026-04-24T06:38:07Z,0,0,0,0,0,False,,False,False,1412,False
1746,348,opsmill/infrahub,.github/workflows/bug-agent-fix.md,2,2026-04-24T07:37:14Z,0,0,0,0,0,False,,False,False,1366,False
1747,348,opsmill/infrahub,.github/workflows/bug-agent-fix.md,3,2026-05-05T13:51:27Z,0,0,0,0,0,False,,False,False,1366,False
1748,348,opsmill/infrahub,.github/workflows/bug-agent-fix.md,4,2026-05-05T13:56:15Z,0,0,0,0,0,False,,False,False,1366,False
1749,348,opsmill/infrahub,.github/workflows/bug-agent-fix.md,5,2026-05-05T14:08:04Z,0,0,0,0,0,False,,False,False,1366,False
1750,348,opsmill/infrahub,.github/workflows/bug-agent-fix.md,6,2026-05-05T14:15:21Z,0,0,0,0,0,False,,False,False,1366,False
1751,348,opsmill/infrahub,.github/workflows/bug-agent-fix.md,7,2026-05-05T15:25:03Z,0,0,0,0,0,False,,False,False,1376,False
1752,348,opsmill/infrahub,.github/workflows/bug-agent-fix.md,8,2026-05-05T15:37:05Z,0,0,0,0,0,False,,False,False,1376,False
1753,348,opsmill/infrahub,.github/workflows/bug-agent-fix.md,9,2026-05-05T21:09:41Z,0,0,0,0,0,False,,False,False,1376,False
1754,348,opsmill/infrahub,.github/workflows/bug-agent-fix.md,10,2026-05-05T21:10:18Z,0,0,0,0,0,False,,False,False,1376,False
1755,348,opsmill/infrahub,.github/workflows/bug-agent-fix.md,11,2026-05-05T21:10:57Z,0,0,0,0,0,False,,False,False,1376,False
1756,348,opsmill/infrahub,.github/workflows/bug-agent-fix.md,12,2026-05-05T21:12:21Z,0,0,0,0,0,False,,False,False,1376,False
1757,348,opsmill/infrahub,.github/workflows/bug-agent-fix.md,13,2026-05-05T21:13:13Z,0,0,0,0,0,False,,False,False,1376,False
1758,348,opsmill/infrahub,.github/workflows/bug-agent-fix.md,14,2026-05-05T21:13:38Z,0,0,0,0,0,False,,False,False,1376,False
1759,348,opsmill/infrahub,.github/workflows/bug-agent-fix.md,15,2026-05-06T07:30:25Z,0,0,0,0,0,False,,False,False,1376,False
1760,348,opsmill/infrahub,.github/workflows/bug-agent-fix.md,16,2026-05-21T08:48:57Z,0,0,0,0,0,False,,False,False,1376,False
1761,348,opsmill/infrahub,.github/workflows/bug-agent-fix.md,17,2026-05-22T18:32:02Z,0,0,0,0,0,False,,False,False,1376,False
1762,348,opsmill/infrahub,.github/workflows/bug-agent-fix.md,18,2026-05-26T17:59:11Z,0,0,0,0,0,False,,False,False,1376,False
1763,348,opsmill/infrahub,.github/workflows/bug-agent-fix.md,19,2026-06-01T19:07:44Z,0,0,0,0,0,False,,False,False,1376,False
1764,348,opsmill/infrahub,.github/workflows/bug-agent-fix.md,20,2026-06-03T08:01:44Z,0,0,0,0,0,False,,False,False,1376,False
1765,349,opsmill/infrahub,.github/workflows/bug-agent-review.md,1,2026-04-24T06:38:07Z,0,0,0,0,0,False,,False,False,936,False
1766,349,opsmill/infrahub,.github/workflows/bug-agent-review.md,2,2026-05-05T13:51:27Z,0,0,0,0,0,False,,False,False,936,False
1767,349,opsmill/infrahub,.github/workflows/bug-agent-review.md,3,2026-05-05T15:25:03Z,0,0,0,0,0,False,,False,False,918,False
1768,349,opsmill/infrahub,.github/workflows/bug-agent-review.md,4,2026-05-05T15:41:28Z,0,0,0,0,0,False,,False,False,918,False
1769,349,opsmill/infrahub,.github/workflows/bug-agent-review.md,5,2026-05-05T18:48:33Z,0,0,0,0,0,False,,False,False,918,False
1770,349,opsmill/infrahub,.github/workflows/bug-agent-review.md,6,2026-05-05T21:09:41Z,0,0,0,0,0,False,,False,False,918,False
1771,349,opsmill/infrahub,.github/workflows/bug-agent-review.md,7,2026-05-05T21:10:18Z,0,0,0,0,0,False,,False,False,918,False
1772,349,opsmill/infrahub,.github/workflows/bug-agent-review.md,8,2026-05-05T21:10:57Z,0,0,0,0,0,False,,False,False,918,False
1773,349,opsmill/infrahub,.github/workflows/bug-agent-review.md,9,2026-05-05T21:11:54Z,0,0,0,0,0,False,,False,False,918,False
1774,349,opsmill/infrahub,.github/workflows/bug-agent-review.md,10,2026-05-05T21:13:13Z,0,0,0,0,0,False,,False,False,918,False
1775,349,opsmill/infrahub,.github/workflows/bug-agent-review.md,11,2026-05-21T08:48:57Z,0,0,0,0,0,False,,False,False,918,False
1776,349,opsmill/infrahub,.github/workflows/bug-agent-review.md,12,2026-05-22T18:32:02Z,0,0,0,0,0,False,,False,False,918,False
1777,349,opsmill/infrahub,.github/workflows/bug-agent-review.md,13,2026-05-26T17:59:11Z,0,0,0,0,0,False,,False,False,918,False
1778,349,opsmill/infrahub,.github/workflows/bug-agent-review.md,14,2026-06-03T08:01:44Z,0,0,0,0,0,False,,False,False,918,False
1779,349,opsmill/infrahub,.github/workflows/bug-agent-review.md,15,2026-06-03T09:28:24Z,0,0,0,0,0,False,,False,False,918,False
1780,350,opsmill/infrahub,.github/workflows/bug-agent-test.md,1,2026-04-24T06:38:07Z,0,0,0,0,0,False,,False,False,1450,False
1781,350,opsmill/infrahub,.github/workflows/bug-agent-test.md,2,2026-04-24T07:37:14Z,0,0,0,0,0,False,,False,False,1469,False
1782,350,opsmill/infrahub,.github/workflows/bug-agent-test.md,3,2026-05-05T13:51:27Z,0,0,0,0,0,False,,False,False,1469,False
1783,350,opsmill/infrahub,.github/workflows/bug-agent-test.md,4,2026-05-05T13:56:15Z,0,0,0,0,0,False,,False,False,1469,False
1784,350,opsmill/infrahub,.github/workflows/bug-agent-test.md,5,2026-05-05T14:08:04Z,0,0,0,0,0,False,,False,False,1469,False
1785,350,opsmill/infrahub,.github/workflows/bug-agent-test.md,6,2026-05-05T14:15:21Z,0,0,0,0,0,False,,False,False,1469,False
1786,350,opsmill/infrahub,.github/workflows/bug-agent-test.md,7,2026-05-05T14:56:13Z,0,0,0,0,0,False,,False,False,1469,False
1787,350,opsmill/infrahub,.github/workflows/bug-agent-test.md,8,2026-05-05T15:25:03Z,0,0,0,0,0,False,,False,False,1510,False
1788,350,opsmill/infrahub,.github/workflows/bug-agent-test.md,9,2026-05-05T15:37:05Z,0,0,0,0,0,False,,False,False,1510,False
1789,350,opsmill/infrahub,.github/workflows/bug-agent-test.md,10,2026-05-05T21:09:41Z,0,0,0,0,0,False,,False,False,1510,False
1790,350,opsmill/infrahub,.github/workflows/bug-agent-test.md,11,2026-05-05T21:10:18Z,0,0,0,0,0,False,,False,False,1510,False
1791,350,opsmill/infrahub,.github/workflows/bug-agent-test.md,12,2026-05-05T21:10:57Z,0,0,0,0,0,False,,False,False,1510,False
1792,350,opsmill/infrahub,.github/workflows/bug-agent-test.md,13,2026-05-05T21:12:21Z,0,0,0,0,0,False,,False,False,1510,False
1793,350,opsmill/infrahub,.github/workflows/bug-agent-test.md,14,2026-05-05T21:13:13Z,0,0,0,0,0,False,,False,False,1510,False
1794,350,opsmill/infrahub,.github/workflows/bug-agent-test.md,15,2026-05-05T21:13:38Z,0,0,0,0,0,False,,False,False,1510,False
1795,350,opsmill/infrahub,.github/workflows/bug-agent-test.md,16,2026-05-06T07:30:25Z,0,0,0,0,0,False,,False,False,1510,False
1796,350,opsmill/infrahub,.github/workflows/bug-agent-test.md,17,2026-05-21T08:48:57Z,0,0,0,0,0,False,,False,False,1510,False
1797,350,opsmill/infrahub,.github/workflows/bug-agent-test.md,18,2026-05-22T18:32:02Z,0,0,0,0,0,False,,False,False,1510,False
1798,350,opsmill/infrahub,.github/workflows/bug-agent-test.md,19,2026-05-26T17:59:11Z,0,0,0,0,0,False,,False,False,1510,False
1799,350,opsmill/infrahub,.github/workflows/bug-agent-test.md,20,2026-06-01T19:07:44Z,0,0,0,0,0,False,,False,False,1510,False
1800,350,opsmill/infrahub,.github/workflows/bug-agent-test.md,21,2026-06-03T08:01:44Z,0,0,0,0,0,False,,False,False,1510,False
1801,351,pulumi/pulumi-aws-apigateway,.github/workflows/gh-aw-pr-rereview.md,1,2026-05-12T06:22:35Z,0,0,0,0,0,False,,False,False,6,True
1802,352,pulumi/pulumi-aws-apigateway,.github/workflows/gh-aw-pr-review.md,1,2026-05-12T06:22:35Z,0,0,0,0,0,False,,False,False,5,True
1803,353,mongodb-js/devtools-shared,.github/workflows/security-quality-agent.md,1,2026-04-16T15:48:08Z,0,0,0,0,0,False,,False,False,470,False
1804,353,mongodb-js/devtools-shared,.github/workflows/security-quality-agent.md,2,2026-04-16T17:58:19Z,0,0,0,0,0,False,,False,False,523,False
1805,353,mongodb-js/devtools-shared,.github/workflows/security-quality-agent.md,3,2026-04-23T14:39:20Z,0,0,0,0,0,False,,False,False,523,False
1806,354,dotnet/java-interop,.github/workflows/java-interop-reviewer.md,1,2026-05-06T15:23:44Z,0,0,0,0,0,False,,False,False,239,False
1807,354,dotnet/java-interop,.github/workflows/java-interop-reviewer.md,2,2026-06-12T19:30:12Z,0,0,0,0,0,False,,False,False,239,False
1808,354,dotnet/java-interop,.github/workflows/java-interop-reviewer.md,3,2026-06-12T21:43:49Z,0,0,0,0,0,False,,False,False,239,False
1809,354,dotnet/java-interop,.github/workflows/java-interop-reviewer.md,4,2026-06-16T13:56:28Z,0,0,0,0,0,False,,False,False,239,False
1810,354,dotnet/java-interop,.github/workflows/java-interop-reviewer.md,5,2026-06-16T14:51:34Z,0,0,0,0,0,False,,False,False,239,False
1811,354,dotnet/java-interop,.github/workflows/java-interop-reviewer.md,6,2026-06-16T15:18:14Z,0,0,0,0,0,False,,False,False,239,False
1812,354,dotnet/java-interop,.github/workflows/java-interop-reviewer.md,7,2026-06-16T17:16:35Z,0,0,0,0,0,False,,False,False,239,False
1813,354,dotnet/java-interop,.github/workflows/java-interop-reviewer.md,8,2026-06-17T19:03:48Z,0,0,0,0,0,False,,False,False,239,False
1814,355,dotnet/android,.github/workflows/android-reviewer.md,1,2026-04-17T19:48:42Z,0,0,0,0,0,False,,False,False,230,False
1815,355,dotnet/android,.github/workflows/android-reviewer.md,2,2026-04-17T19:53:19Z,0,0,0,0,0,False,,False,False,230,False
1816,355,dotnet/android,.github/workflows/android-reviewer.md,3,2026-04-17T20:50:48Z,0,0,0,0,0,False,,False,False,230,False
1817,355,dotnet/android,.github/workflows/android-reviewer.md,4,2026-04-20T13:56:46Z,0,0,0,0,0,False,,False,False,230,False
1818,355,dotnet/android,.github/workflows/android-reviewer.md,5,2026-04-21T19:18:00Z,0,0,0,0,0,False,,False,False,230,False
1819,355,dotnet/android,.github/workflows/android-reviewer.md,6,2026-05-04T08:33:35Z,0,0,0,0,0,False,,False,False,222,False
1820,355,dotnet/android,.github/workflows/android-reviewer.md,7,2026-05-21T20:46:10Z,0,0,0,0,0,False,,False,False,249,False
1821,355,dotnet/android,.github/workflows/android-reviewer.md,8,2026-06-12T19:45:08Z,0,0,0,0,0,False,,False,False,249,False
1822,355,dotnet/android,.github/workflows/android-reviewer.md,9,2026-06-12T19:56:45Z,0,0,0,0,0,False,,False,False,249,False
1823,355,dotnet/android,.github/workflows/android-reviewer.md,10,2026-06-16T19:32:53Z,0,0,0,0,0,False,,False,False,249,False
1824,355,dotnet/android,.github/workflows/android-reviewer.md,11,2026-06-17T19:04:08Z,0,0,0,0,0,False,,False,False,249,False
1825,355,dotnet/android,.github/workflows/android-reviewer.md,12,2026-06-27T01:41:44Z,0,0,0,0,0,False,,False,False,253,False
1826,356,dotnet/android,.github/workflows/nightly-fix-finder.md,1,2026-05-19T21:27:49Z,1,0,0,0,1,True,✅,False,False,1207,False
1827,356,dotnet/android,.github/workflows/nightly-fix-finder.md,2,2026-05-21T20:46:10Z,1,0,0,0,1,True,✅,False,False,1207,False
1828,356,dotnet/android,.github/workflows/nightly-fix-finder.md,3,2026-05-27T07:43:16Z,3,0,0,0,3,True,❌✅,False,False,1263,False
1829,356,dotnet/android,.github/workflows/nightly-fix-finder.md,4,2026-06-12T19:45:08Z,3,0,0,0,3,True,❌✅,False,False,1263,False
1830,356,dotnet/android,.github/workflows/nightly-fix-finder.md,5,2026-06-12T19:56:45Z,3,0,0,0,3,True,❌✅,False,False,1263,False
1831,356,dotnet/android,.github/workflows/nightly-fix-finder.md,6,2026-06-16T19:32:53Z,3,0,0,0,3,True,❌✅,False,False,1263,False
1832,356,dotnet/android,.github/workflows/nightly-fix-finder.md,7,2026-06-17T19:04:08Z,3,0,0,0,3,True,❌✅,False,False,1263,False
1833,356,dotnet/android,.github/workflows/nightly-fix-finder.md,8,2026-06-26T09:08:51Z,3,0,0,0,3,True,❌✅,False,False,1263,False
1834,357,dotnet/android-tools,.github/workflows/android-tools-reviewer.md,1,2026-04-28T07:44:58Z,0,0,0,0,0,False,,False,False,231,False
1835,357,dotnet/android-tools,.github/workflows/android-tools-reviewer.md,2,2026-04-30T14:45:52Z,0,0,1,0,1,True,💡,False,False,268,False
1836,357,dotnet/android-tools,.github/workflows/android-tools-reviewer.md,3,2026-05-04T14:19:02Z,0,0,1,0,1,True,💡,False,False,256,False
1837,357,dotnet/android-tools,.github/workflows/android-tools-reviewer.md,4,2026-06-15T09:15:33Z,0,0,1,0,1,True,💡,False,False,256,False
1838,357,dotnet/android-tools,.github/workflows/android-tools-reviewer.md,5,2026-06-17T14:35:03Z,0,0,1,0,1,True,💡,False,False,256,False
1839,357,dotnet/android-tools,.github/workflows/android-tools-reviewer.md,6,2026-06-17T19:03:39Z,0,0,1,0,1,True,💡,False,False,256,False
1840,358,erigontech/erigon,.github/workflows/daily-repo-status.md,1,2026-02-16T13:57:58Z,0,0,1,0,1,True,🌟,False,True,105,False
1841,358,erigontech/erigon,.github/workflows/daily-repo-status.md,2,2026-03-20T16:02:14Z,0,0,1,0,1,True,🌟,False,True,115,False
1842,359,timrogers/iata-code-decoder-api,.github/workflows/daily-repo-status.md,1,2026-05-19T21:15:10Z,0,0,1,0,1,True,🌟,False,True,104,False
1843,360,carlkidcrypto/ezsnmp,.github/workflows/auto_change_log.md,1,2026-03-22T21:51:05Z,0,0,0,0,0,False,,False,False,362,False
1844,360,carlkidcrypto/ezsnmp,.github/workflows/auto_change_log.md,2,2026-03-24T14:21:04Z,0,0,0,0,0,False,,False,False,362,False
1845,360,carlkidcrypto/ezsnmp,.github/workflows/auto_change_log.md,3,2026-03-26T14:43:25Z,0,0,0,0,0,False,,False,False,640,False
1846,360,carlkidcrypto/ezsnmp,.github/workflows/auto_change_log.md,4,2026-04-09T18:05:14Z,0,0,0,0,0,False,,False,False,645,False
1847,360,carlkidcrypto/ezsnmp,.github/workflows/auto_change_log.md,5,2026-04-26T02:53:53Z,0,0,0,0,0,False,,False,False,645,False
1848,360,carlkidcrypto/ezsnmp,.github/workflows/auto_change_log.md,6,2026-05-02T16:05:56Z,0,0,0,0,0,False,,False,False,645,False
1849,360,carlkidcrypto/ezsnmp,.github/workflows/auto_change_log.md,7,2026-05-04T02:05:24Z,0,0,0,0,0,False,,False,False,645,False
1850,360,carlkidcrypto/ezsnmp,.github/workflows/auto_change_log.md,8,2026-05-04T02:29:33Z,0,0,0,0,0,False,,False,False,645,False
1851,360,carlkidcrypto/ezsnmp,.github/workflows/auto_change_log.md,9,2026-05-04T03:23:17Z,0,0,0,0,0,False,,False,False,645,False
1852,361,carlkidcrypto/ezsnmp,.github/workflows/auto_release_notes.md,1,2026-03-24T14:21:04Z,0,0,0,0,0,False,,False,False,918,False
1853,361,carlkidcrypto/ezsnmp,.github/workflows/auto_release_notes.md,2,2026-03-26T14:43:25Z,0,0,0,0,0,False,,False,False,1234,False
1854,361,carlkidcrypto/ezsnmp,.github/workflows/auto_release_notes.md,3,2026-05-02T16:05:56Z,0,0,0,0,0,False,,False,False,1234,False
1855,361,carlkidcrypto/ezsnmp,.github/workflows/auto_release_notes.md,4,2026-05-04T02:05:24Z,0,0,0,0,0,False,,False,False,1234,False
1856,361,carlkidcrypto/ezsnmp,.github/workflows/auto_release_notes.md,5,2026-05-04T02:29:33Z,0,0,0,0,0,False,,False,False,1234,False
1857,361,carlkidcrypto/ezsnmp,.github/workflows/auto_release_notes.md,6,2026-05-04T03:23:17Z,0,0,0,0,0,False,,False,False,1234,False
1858,361,carlkidcrypto/ezsnmp,.github/workflows/auto_release_notes.md,7,2026-05-04T04:31:21Z,0,0,0,0,0,False,,False,False,1234,False
1859,361,carlkidcrypto/ezsnmp,.github/workflows/auto_release_notes.md,8,2026-05-04T14:41:42Z,0,0,0,0,0,False,,False,False,1286,False
1860,362,carlkidcrypto/ezsnmp,.github/workflows/coverage_autofix_every_3_days.md,1,2026-03-21T21:31:27Z,0,0,0,0,0,False,,False,False,468,False
1861,362,carlkidcrypto/ezsnmp,.github/workflows/coverage_autofix_every_3_days.md,2,2026-03-22T21:51:05Z,0,0,0,0,0,False,,False,False,519,False
1862,362,carlkidcrypto/ezsnmp,.github/workflows/coverage_autofix_every_3_days.md,3,2026-04-07T15:08:43Z,0,0,0,0,0,False,,False,False,522,False
1863,362,carlkidcrypto/ezsnmp,.github/workflows/coverage_autofix_every_3_days.md,4,2026-04-19T14:16:18Z,0,0,0,0,0,False,,False,False,531,False
1864,362,carlkidcrypto/ezsnmp,.github/workflows/coverage_autofix_every_3_days.md,5,2026-04-26T03:29:32Z,0,0,0,0,0,False,,False,False,659,False
1865,362,carlkidcrypto/ezsnmp,.github/workflows/coverage_autofix_every_3_days.md,6,2026-05-02T16:05:56Z,0,0,0,0,0,False,,False,False,659,False
1866,362,carlkidcrypto/ezsnmp,.github/workflows/coverage_autofix_every_3_days.md,7,2026-05-04T02:05:24Z,0,0,0,0,0,False,,False,False,659,False
1867,362,carlkidcrypto/ezsnmp,.github/workflows/coverage_autofix_every_3_days.md,8,2026-05-04T02:29:33Z,0,0,0,0,0,False,,False,False,659,False
1868,362,carlkidcrypto/ezsnmp,.github/workflows/coverage_autofix_every_3_days.md,9,2026-05-04T03:23:17Z,0,0,0,0,0,False,,False,False,659,False
1869,362,carlkidcrypto/ezsnmp,.github/workflows/coverage_autofix_every_3_days.md,10,2026-06-08T04:41:35Z,0,0,0,0,0,False,,False,False,659,False
1870,362,carlkidcrypto/ezsnmp,.github/workflows/coverage_autofix_every_3_days.md,11,2026-06-11T04:17:21Z,0,0,0,0,0,False,,False,False,659,False
1871,363,carlkidcrypto/ezsnmp,.github/workflows/docs_continuous_improvement_every_3_days.md,1,2026-03-22T04:23:00Z,0,0,0,0,0,False,,False,False,162,False
1872,363,carlkidcrypto/ezsnmp,.github/workflows/docs_continuous_improvement_every_3_days.md,2,2026-05-02T16:05:56Z,0,0,0,0,0,False,,False,False,162,False
1873,363,carlkidcrypto/ezsnmp,.github/workflows/docs_continuous_improvement_every_3_days.md,3,2026-05-04T02:05:24Z,0,0,0,0,0,False,,False,False,162,False
1874,363,carlkidcrypto/ezsnmp,.github/workflows/docs_continuous_improvement_every_3_days.md,4,2026-05-04T02:29:33Z,0,0,0,0,0,False,,False,False,162,False
1875,363,carlkidcrypto/ezsnmp,.github/workflows/docs_continuous_improvement_every_3_days.md,5,2026-05-04T03:23:17Z,0,0,0,0,0,False,,False,False,162,False
1876,364,carlkidcrypto/ezsnmp,.github/workflows/python_version_watcher.md,1,2026-05-03T22:02:58Z,0,0,0,0,0,False,,False,False,930,False
1877,364,carlkidcrypto/ezsnmp,.github/workflows/python_version_watcher.md,2,2026-05-04T02:29:33Z,0,0,0,0,0,False,,False,False,930,False
1878,364,carlkidcrypto/ezsnmp,.github/workflows/python_version_watcher.md,3,2026-05-04T03:23:17Z,0,0,0,0,0,False,,False,False,930,False
1879,365,carlkidcrypto/ezsnmp,.github/workflows/sync_open_prs_with_main.md,1,2026-03-22T04:23:00Z,0,0,0,0,0,False,,False,False,165,False
1880,365,carlkidcrypto/ezsnmp,.github/workflows/sync_open_prs_with_main.md,2,2026-03-22T21:51:05Z,0,0,0,0,0,False,,False,False,183,False
1881,365,carlkidcrypto/ezsnmp,.github/workflows/sync_open_prs_with_main.md,3,2026-03-24T14:21:04Z,0,0,0,0,0,False,,False,False,210,False
1882,365,carlkidcrypto/ezsnmp,.github/workflows/sync_open_prs_with_main.md,4,2026-03-26T03:08:22Z,0,0,0,0,0,False,,False,False,210,False
1883,365,carlkidcrypto/ezsnmp,.github/workflows/sync_open_prs_with_main.md,5,2026-04-12T03:33:22Z,0,0,0,0,0,False,,False,False,256,False
1884,365,carlkidcrypto/ezsnmp,.github/workflows/sync_open_prs_with_main.md,6,2026-04-16T02:55:59Z,0,0,0,0,0,False,,False,False,340,False
1885,365,carlkidcrypto/ezsnmp,.github/workflows/sync_open_prs_with_main.md,7,2026-05-02T16:05:56Z,0,0,0,0,0,False,,False,False,340,False
1886,365,carlkidcrypto/ezsnmp,.github/workflows/sync_open_prs_with_main.md,8,2026-05-04T02:05:24Z,0,0,0,0,0,False,,False,False,340,False
1887,365,carlkidcrypto/ezsnmp,.github/workflows/sync_open_prs_with_main.md,9,2026-05-04T02:29:33Z,0,0,0,0,0,False,,False,False,340,False
1888,365,carlkidcrypto/ezsnmp,.github/workflows/sync_open_prs_with_main.md,10,2026-05-04T03:23:17Z,0,0,0,0,0,False,,False,False,340,False
1889,366,carlkidcrypto/ezsnmp,.github/workflows/triage_incoming_bug_reports.md,1,2026-03-22T21:51:05Z,0,0,0,0,0,False,,False,False,339,False
1890,366,carlkidcrypto/ezsnmp,.github/workflows/triage_incoming_bug_reports.md,2,2026-05-02T16:05:56Z,0,0,0,0,0,False,,False,False,339,False
1891,366,carlkidcrypto/ezsnmp,.github/workflows/triage_incoming_bug_reports.md,3,2026-05-04T02:05:24Z,0,0,0,0,0,False,,False,False,339,False
1892,366,carlkidcrypto/ezsnmp,.github/workflows/triage_incoming_bug_reports.md,4,2026-05-04T02:29:33Z,0,0,0,0,0,False,,False,False,339,False
1893,366,carlkidcrypto/ezsnmp,.github/workflows/triage_incoming_bug_reports.md,5,2026-05-04T03:23:17Z,0,0,0,0,0,False,,False,False,339,False
1894,367,carlkidcrypto/ezsnmp,.github/workflows/update_docker_netsnmp_versions.md,1,2026-03-22T21:51:05Z,0,0,0,0,0,False,,False,False,426,False
1895,367,carlkidcrypto/ezsnmp,.github/workflows/update_docker_netsnmp_versions.md,2,2026-04-12T03:27:36Z,0,0,0,0,0,False,,False,False,452,False
1896,367,carlkidcrypto/ezsnmp,.github/workflows/update_docker_netsnmp_versions.md,3,2026-05-02T16:05:56Z,0,0,0,0,0,False,,False,False,452,False
1897,367,carlkidcrypto/ezsnmp,.github/workflows/update_docker_netsnmp_versions.md,4,2026-05-04T02:05:24Z,0,0,0,0,0,False,,False,False,452,False
1898,367,carlkidcrypto/ezsnmp,.github/workflows/update_docker_netsnmp_versions.md,5,2026-05-04T02:29:33Z,0,0,0,0,0,False,,False,False,452,False
1899,367,carlkidcrypto/ezsnmp,.github/workflows/update_docker_netsnmp_versions.md,6,2026-05-04T03:23:17Z,0,0,0,0,0,False,,False,False,452,False
1900,368,carlkidcrypto/ezsnmp,.github/workflows/update_docker_python_versions.md,1,2026-03-21T21:31:27Z,0,0,0,0,0,False,,False,False,189,False
1901,368,carlkidcrypto/ezsnmp,.github/workflows/update_docker_python_versions.md,2,2026-05-02T16:05:56Z,0,0,0,0,0,False,,False,False,189,False
1902,368,carlkidcrypto/ezsnmp,.github/workflows/update_docker_python_versions.md,3,2026-05-04T02:05:24Z,0,0,0,0,0,False,,False,False,189,False
1903,368,carlkidcrypto/ezsnmp,.github/workflows/update_docker_python_versions.md,4,2026-05-04T02:29:33Z,0,0,0,0,0,False,,False,False,189,False
1904,368,carlkidcrypto/ezsnmp,.github/workflows/update_docker_python_versions.md,5,2026-05-04T03:23:17Z,0,0,0,0,0,False,,False,False,189,False
1905,369,Azure/typespec-azure,.github/workflows/doc-update.md,1,2026-03-30T07:52:19Z,0,0,0,0,0,False,,False,False,452,False
1906,369,Azure/typespec-azure,.github/workflows/doc-update.md,2,2026-03-31T14:16:49Z,0,0,0,0,0,False,,False,False,452,False
1907,369,Azure/typespec-azure,.github/workflows/doc-update.md,3,2026-04-02T09:01:08Z,0,0,0,0,0,False,,False,False,400,False
1908,369,Azure/typespec-azure,.github/workflows/doc-update.md,4,2026-04-08T02:02:44Z,0,0,0,0,0,False,,False,False,442,False
1909,369,Azure/typespec-azure,.github/workflows/doc-update.md,5,2026-04-13T07:19:20Z,0,0,0,0,0,False,,False,False,442,False
1910,369,Azure/typespec-azure,.github/workflows/doc-update.md,6,2026-04-14T08:23:05Z,0,0,0,0,0,False,,False,False,485,False
1911,369,Azure/typespec-azure,.github/workflows/doc-update.md,7,2026-04-15T03:58:48Z,0,0,0,0,0,False,,False,False,522,False
1912,369,Azure/typespec-azure,.github/workflows/doc-update.md,8,2026-04-16T09:10:40Z,0,0,0,0,0,False,,False,False,597,False
1913,369,Azure/typespec-azure,.github/workflows/doc-update.md,9,2026-04-17T05:15:58Z,0,0,0,0,0,False,,False,False,597,False
1914,369,Azure/typespec-azure,.github/workflows/doc-update.md,10,2026-06-25T02:41:01Z,0,0,0,0,0,False,,False,False,597,False
1915,369,Azure/typespec-azure,.github/workflows/doc-update.md,11,2026-06-25T03:57:50Z,0,0,0,0,0,False,,False,False,597,False
1916,370,Azure/typespec-azure,.github/workflows/docs-sync.md,1,2026-02-26T21:34:27Z,0,0,0,0,0,False,,False,False,439,False
1917,370,Azure/typespec-azure,.github/workflows/docs-sync.md,2,2026-06-25T02:41:01Z,0,0,0,0,0,False,,False,False,439,False
1918,371,fedixyz/fedi,.github/workflows/daily-e2e-coverage-check.md,1,2026-06-01T10:33:29Z,0,0,0,0,0,False,,False,False,1073,False
1919,371,fedixyz/fedi,.github/workflows/daily-e2e-coverage-check.md,2,2026-06-05T07:27:51Z,0,0,0,0,0,False,,False,False,1284,False
1920,371,fedixyz/fedi,.github/workflows/daily-e2e-coverage-check.md,3,2026-06-15T08:38:32Z,0,0,0,0,0,False,,False,False,1534,False
1921,372,fedixyz/fedi,.github/workflows/weekly-doc-updater.md,1,2026-06-01T10:33:41Z,0,0,0,0,0,False,,False,False,987,False
1922,372,fedixyz/fedi,.github/workflows/weekly-doc-updater.md,2,2026-06-09T20:21:24Z,0,0,0,0,0,False,,False,False,987,False
1923,372,fedixyz/fedi,.github/workflows/weekly-doc-updater.md,3,2026-06-16T09:23:02Z,0,0,0,0,0,False,,False,False,1103,False
1924,372,fedixyz/fedi,.github/workflows/weekly-doc-updater.md,4,2026-06-16T17:17:56Z,0,0,0,0,0,False,,False,False,1103,False
1925,373,meshery/schemas,.github/workflows/first-time-contributor.md,1,2026-05-12T12:09:46Z,0,0,2,0,2,True,🌟✅,False,False,447,False
1926,374,foxminchan/BookWorm,.github/workflows/contribution-guidelines-checker.md,1,2026-02-13T13:42:01Z,0,0,0,0,0,False,,False,False,399,False
1927,374,foxminchan/BookWorm,.github/workflows/contribution-guidelines-checker.md,2,2026-03-28T16:27:46Z,0,0,0,0,0,False,,False,False,477,False
1928,374,foxminchan/BookWorm,.github/workflows/contribution-guidelines-checker.md,3,2026-03-28T19:42:13Z,0,0,0,0,0,False,,False,False,477,False
1929,374,foxminchan/BookWorm,.github/workflows/contribution-guidelines-checker.md,4,2026-03-29T04:53:48Z,0,0,0,0,0,False,,False,False,477,False
1930,374,foxminchan/BookWorm,.github/workflows/contribution-guidelines-checker.md,5,2026-05-06T10:19:00Z,0,0,0,0,0,False,,False,False,477,False
1931,374,foxminchan/BookWorm,.github/workflows/contribution-guidelines-checker.md,6,2026-06-19T04:42:34Z,0,0,0,0,0,False,,False,False,477,False
1932,375,foxminchan/BookWorm,.github/workflows/daily-repo-status.md,1,2026-02-18T00:16:01Z,1,0,8,7,16,True,📊🟢🟡🔴🔄⏳🔀✅🐛🔧📈📋,False,True,790,False
1933,375,foxminchan/BookWorm,.github/workflows/daily-repo-status.md,2,2026-02-19T08:40:34Z,1,0,8,7,16,True,📊🟢🟡🔴🔄⏳🔀✅🐛🔧📈📋,False,True,798,False
1934,375,foxminchan/BookWorm,.github/workflows/daily-repo-status.md,3,2026-03-28T16:27:46Z,1,0,8,7,16,True,📊🟢🟡🔴🔄⏳🔀✅🐛🔧📈📋,False,True,799,False
1935,375,foxminchan/BookWorm,.github/workflows/daily-repo-status.md,4,2026-03-28T19:42:13Z,1,0,8,7,16,True,📊🟢🟡🔴🔄⏳🔀✅🐛🔧📈📋,False,True,759,False
1936,375,foxminchan/BookWorm,.github/workflows/daily-repo-status.md,5,2026-03-29T04:53:48Z,1,0,8,7,16,True,📊🟢🟡🔴🔄⏳🔀✅🐛🔧📈📋,False,True,759,False
1937,375,foxminchan/BookWorm,.github/workflows/daily-repo-status.md,6,2026-05-06T10:19:00Z,1,0,8,7,16,True,📊🟢🟡🔴🔄⏳🔀✅🐛🔧📈📋,False,True,759,False
1938,376,foxminchan/BookWorm,.github/workflows/issue-triage.md,1,2026-02-13T07:42:07Z,0,0,0,0,0,False,,False,False,550,False
1939,376,foxminchan/BookWorm,.github/workflows/issue-triage.md,2,2026-03-28T16:27:46Z,0,0,0,0,0,False,,False,False,600,False
1940,376,foxminchan/BookWorm,.github/workflows/issue-triage.md,3,2026-03-28T19:42:13Z,0,0,0,0,0,False,,False,False,397,False
1941,376,foxminchan/BookWorm,.github/workflows/issue-triage.md,4,2026-03-29T04:53:48Z,0,0,0,0,0,False,,False,False,397,False
1942,376,foxminchan/BookWorm,.github/workflows/issue-triage.md,5,2026-04-21T13:38:52Z,0,0,0,0,0,False,,False,False,397,False
1943,376,foxminchan/BookWorm,.github/workflows/issue-triage.md,6,2026-05-06T10:19:00Z,0,0,0,0,0,False,,False,False,397,False
1944,376,foxminchan/BookWorm,.github/workflows/issue-triage.md,7,2026-06-19T04:42:34Z,0,0,0,0,0,False,,False,False,397,False
1945,377,foxminchan/BookWorm,.github/workflows/pr-triage.md,1,2026-02-13T12:13:47Z,0,0,0,0,0,False,,False,False,780,False
1946,377,foxminchan/BookWorm,.github/workflows/pr-triage.md,2,2026-03-14T11:56:57Z,0,0,0,0,0,False,,False,False,808,False
1947,377,foxminchan/BookWorm,.github/workflows/pr-triage.md,3,2026-03-28T16:27:46Z,0,0,0,0,0,False,,False,False,858,False
1948,377,foxminchan/BookWorm,.github/workflows/pr-triage.md,4,2026-03-28T19:42:13Z,0,0,0,0,0,False,,False,False,637,False
1949,377,foxminchan/BookWorm,.github/workflows/pr-triage.md,5,2026-03-29T04:53:48Z,0,0,0,0,0,False,,False,False,637,False
1950,377,foxminchan/BookWorm,.github/workflows/pr-triage.md,6,2026-04-21T13:38:52Z,0,0,0,0,0,False,,False,False,637,False
1951,377,foxminchan/BookWorm,.github/workflows/pr-triage.md,7,2026-05-06T10:19:00Z,0,0,0,0,0,False,,False,False,637,False
1952,377,foxminchan/BookWorm,.github/workflows/pr-triage.md,8,2026-06-19T04:42:34Z,0,0,0,0,0,False,,False,False,637,False
1953,377,foxminchan/BookWorm,.github/workflows/pr-triage.md,9,2026-06-26T07:34:36Z,0,0,0,0,0,False,,False,False,637,False
1954,378,ohcnetwork/care_fe,.github/workflows/daily-playwright-improver.md,1,2026-02-07T22:12:14Z,0,0,0,0,0,False,,False,False,764,False
1955,379,ohcnetwork/care_fe,.github/workflows/thank-you-note.md,1,2026-02-07T22:32:19Z,0,0,0,3,3,True,🏥🚀🌍,False,True,911,False
1956,379,ohcnetwork/care_fe,.github/workflows/thank-you-note.md,2,2026-02-07T23:13:38Z,0,0,0,2,2,True,🏥🚀,False,True,324,False
1957,380,IgniteUI/igniteui-xplat-docs,.github/workflows/sync-jp-docs.md,1,2026-03-20T15:38:03Z,0,0,0,0,0,False,,False,False,873,False
1958,380,IgniteUI/igniteui-xplat-docs,.github/workflows/sync-jp-docs.md,2,2026-03-23T11:33:29Z,0,0,0,0,0,False,,False,False,873,False
1959,380,IgniteUI/igniteui-xplat-docs,.github/workflows/sync-jp-docs.md,3,2026-03-23T11:48:17Z,0,0,0,0,0,False,,False,False,919,False
1960,380,IgniteUI/igniteui-xplat-docs,.github/workflows/sync-jp-docs.md,4,2026-03-26T09:10:03Z,0,0,0,0,0,False,,False,False,1086,False
1961,380,IgniteUI/igniteui-xplat-docs,.github/workflows/sync-jp-docs.md,5,2026-03-26T12:38:50Z,0,0,0,0,0,False,,False,False,1086,False
1962,380,IgniteUI/igniteui-xplat-docs,.github/workflows/sync-jp-docs.md,6,2026-03-26T12:40:15Z,0,0,0,0,0,False,,False,False,1086,False
1963,380,IgniteUI/igniteui-xplat-docs,.github/workflows/sync-jp-docs.md,7,2026-03-26T13:46:47Z,0,0,0,0,0,False,,False,False,1085,False
1964,380,IgniteUI/igniteui-xplat-docs,.github/workflows/sync-jp-docs.md,8,2026-04-03T13:32:23Z,0,0,0,0,0,False,,False,False,1174,False
1965,381,alexandru/social-publish,.github/workflows/code-simplifier.md,1,2026-04-26T16:48:25Z,0,0,13,6,19,True,✅,False,False,1726,False
1966,382,pulumi/ci-mgmt,.github/workflows/gh-aw-pr-rereview.md,1,2026-05-11T17:38:59Z,0,0,0,0,0,False,,False,False,6,True
1967,383,pulumi/ci-mgmt,.github/workflows/gh-aw-pr-review.md,1,2026-05-11T17:38:59Z,0,0,0,0,0,False,,False,False,5,True
1968,384,CommunityToolkit/Aspire,.github/workflows/aspire-upgrade.md,1,2026-03-12T23:42:48Z,0,0,0,0,0,False,,False,False,241,False
1969,384,CommunityToolkit/Aspire,.github/workflows/aspire-upgrade.md,2,2026-03-18T05:53:36Z,0,0,0,0,0,False,,False,False,472,False
1970,384,CommunityToolkit/Aspire,.github/workflows/aspire-upgrade.md,3,2026-03-18T05:57:28Z,0,0,0,0,0,False,,False,False,356,False
1971,384,CommunityToolkit/Aspire,.github/workflows/aspire-upgrade.md,4,2026-05-14T05:14:06Z,0,0,0,0,0,False,,False,False,356,False
1972,384,CommunityToolkit/Aspire,.github/workflows/aspire-upgrade.md,5,2026-05-26T00:56:19Z,0,0,0,0,0,False,,False,False,429,False
1973,385,popey/slomore,.github/workflows/repo-assist.md,1,2026-06-02T16:08:18Z,1,0,9,0,10,True,🌈🤖💬🔧🏷📝🔄,False,False,2915,False
1974,385,popey/slomore,.github/workflows/repo-assist.md,2,2026-06-04T08:03:59Z,1,0,9,0,10,True,🌈🤖💬🔧🏷📝🔄,False,False,2915,False
1975,385,popey/slomore,.github/workflows/repo-assist.md,3,2026-06-04T20:34:29Z,1,0,9,0,10,True,🌈🤖💬🔧🏷📝🔄,False,False,2915,False
1976,386,pydantic/pydantic-ai,.github/workflows/pydantic-ai-bug-hunter.md,1,2026-05-22T21:20:41Z,1,0,0,0,1,True,🐛,True,False,3,True
1977,386,pydantic/pydantic-ai,.github/workflows/pydantic-ai-bug-hunter.md,2,2026-05-25T23:03:48Z,1,0,0,0,1,True,🐛,True,False,3,True
1978,386,pydantic/pydantic-ai,.github/workflows/pydantic-ai-bug-hunter.md,3,2026-05-27T00:49:04Z,1,0,0,0,1,True,🐛,True,False,3,True
1979,387,pydantic/pydantic-ai,.github/workflows/pydantic-ai-docs-drift.md,1,2026-05-22T21:20:41Z,1,0,0,0,1,True,📚,True,False,3,True
1980,387,pydantic/pydantic-ai,.github/workflows/pydantic-ai-docs-drift.md,2,2026-05-25T23:03:48Z,1,0,0,0,1,True,📚,True,False,3,True
1981,387,pydantic/pydantic-ai,.github/workflows/pydantic-ai-docs-drift.md,3,2026-05-27T00:49:04Z,1,0,0,0,1,True,📚,True,False,3,True
1982,388,pydantic/pydantic-ai,.github/workflows/pydantic-ai-pr-review.md,1,2026-05-22T21:20:41Z,1,0,0,0,1,True,🔎,True,False,3,True
1983,388,pydantic/pydantic-ai,.github/workflows/pydantic-ai-pr-review.md,2,2026-05-25T23:03:48Z,1,0,0,0,1,True,🔎,True,False,3,True
1984,388,pydantic/pydantic-ai,.github/workflows/pydantic-ai-pr-review.md,3,2026-05-27T00:49:04Z,1,0,0,0,1,True,🔎,True,False,3,True
1985,389,pydantic/pydantic-ai,.github/workflows/pydantic-ai-provider-mapping-sweep.md,1,2026-05-22T21:20:41Z,1,0,0,0,1,True,🔌,True,False,3,True
1986,389,pydantic/pydantic-ai,.github/workflows/pydantic-ai-provider-mapping-sweep.md,2,2026-05-25T23:03:48Z,1,0,0,0,1,True,🔌,True,False,3,True
1987,389,pydantic/pydantic-ai,.github/workflows/pydantic-ai-provider-mapping-sweep.md,3,2026-05-27T00:49:04Z,1,0,0,0,1,True,🔌,True,False,3,True
1988,390,pydantic/pydantic-ai,.github/workflows/pydantic-ai-provider-parity-explore.md,1,2026-05-22T21:20:41Z,1,0,0,0,1,True,🧭,True,False,3,True
1989,390,pydantic/pydantic-ai,.github/workflows/pydantic-ai-provider-parity-explore.md,2,2026-05-25T23:03:48Z,1,0,0,0,1,True,🧭,True,False,3,True
1990,390,pydantic/pydantic-ai,.github/workflows/pydantic-ai-provider-parity-explore.md,3,2026-05-27T00:49:04Z,1,0,0,0,1,True,🧭,True,False,3,True
1991,391,pydantic/pydantic-ai,.github/workflows/pydantic-ai-regression-detector.md,1,2026-05-22T21:20:41Z,1,0,0,0,1,True,⏪,True,False,3,True
1992,391,pydantic/pydantic-ai,.github/workflows/pydantic-ai-regression-detector.md,2,2026-05-25T23:03:48Z,1,0,0,0,1,True,⏪,True,False,3,True
1993,391,pydantic/pydantic-ai,.github/workflows/pydantic-ai-regression-detector.md,3,2026-05-27T00:49:04Z,1,0,0,0,1,True,⏪,True,False,3,True
1994,392,pydantic/pydantic-ai,.github/workflows/pydantic-ai-roundtrip-sweep.md,1,2026-05-22T21:20:41Z,1,0,0,0,1,True,♻,True,False,3,True
1995,392,pydantic/pydantic-ai,.github/workflows/pydantic-ai-roundtrip-sweep.md,2,2026-05-25T23:03:48Z,1,0,0,0,1,True,♻,True,False,3,True
1996,392,pydantic/pydantic-ai,.github/workflows/pydantic-ai-roundtrip-sweep.md,3,2026-05-27T00:49:04Z,1,0,0,0,1,True,♻,True,False,3,True
1997,393,pydantic/pydantic-ai,.github/workflows/pydantic-ai-stale-issues-finder.md,1,2026-05-25T23:03:48Z,1,0,0,0,1,True,🔍,True,False,3,True
1998,393,pydantic/pydantic-ai,.github/workflows/pydantic-ai-stale-issues-finder.md,2,2026-05-27T00:49:04Z,1,0,0,0,1,True,🔍,True,False,3,True
1999,394,pydantic/pydantic-ai,.github/workflows/pydantic-ai-streaming-resilience-sweep.md,1,2026-05-22T21:20:41Z,1,0,0,0,1,True,🌊,True,False,3,True
2000,394,pydantic/pydantic-ai,.github/workflows/pydantic-ai-streaming-resilience-sweep.md,2,2026-05-25T23:03:48Z,1,0,0,0,1,True,🌊,True,False,3,True
2001,394,pydantic/pydantic-ai,.github/workflows/pydantic-ai-streaming-resilience-sweep.md,3,2026-05-27T00:49:04Z,1,0,0,0,1,True,🌊,True,False,3,True
2002,395,pydantic/pydantic-ai,.github/workflows/pydantic-ai-ui-security-review.md,1,2026-05-22T23:53:59Z,1,0,0,0,1,True,🛡,True,False,3,True
2003,395,pydantic/pydantic-ai,.github/workflows/pydantic-ai-ui-security-review.md,2,2026-05-23T02:43:55Z,1,0,0,0,1,True,🛡,True,False,3,True
2004,395,pydantic/pydantic-ai,.github/workflows/pydantic-ai-ui-security-review.md,3,2026-05-25T23:03:48Z,1,0,0,0,1,True,🛡,True,False,3,True
2005,395,pydantic/pydantic-ai,.github/workflows/pydantic-ai-ui-security-review.md,4,2026-05-27T00:49:04Z,1,0,0,0,1,True,🛡,True,False,3,True
2006,395,pydantic/pydantic-ai,.github/workflows/pydantic-ai-ui-security-review.md,5,2026-06-23T15:06:59Z,1,0,0,0,1,True,🛡,True,False,3,True
2007,395,pydantic/pydantic-ai,.github/workflows/pydantic-ai-ui-security-review.md,6,2026-06-25T20:09:33Z,1,0,0,0,1,True,🛡,True,False,3,True
2008,395,pydantic/pydantic-ai,.github/workflows/pydantic-ai-ui-security-review.md,7,2026-06-26T22:35:50Z,1,0,0,0,1,True,🛡,True,False,3,True
2009,396,moeru-ai/airi,.github/workflows/pr-triage.md,1,2026-04-04T19:11:13Z,0,0,0,0,0,False,,False,False,802,False
2010,396,moeru-ai/airi,.github/workflows/pr-triage.md,2,2026-04-10T17:03:03Z,0,0,0,0,0,False,,False,False,795,False
2011,396,moeru-ai/airi,.github/workflows/pr-triage.md,3,2026-04-12T10:02:58Z,0,0,0,0,0,False,,False,False,795,False
2012,396,moeru-ai/airi,.github/workflows/pr-triage.md,4,2026-04-13T08:24:15Z,0,0,0,0,0,False,,False,False,958,False
2013,397,popey/grummage,.github/workflows/repo-assist.md,1,2026-06-02T15:50:55Z,1,0,9,0,10,True,🌈🤖💬🔧🏷📝🔄,False,False,2915,False
2014,397,popey/grummage,.github/workflows/repo-assist.md,2,2026-06-03T11:26:00Z,1,0,9,0,10,True,🌈🤖💬🔧🏷📝🔄,False,False,2915,False
2015,397,popey/grummage,.github/workflows/repo-assist.md,3,2026-06-03T15:02:22Z,1,0,9,0,10,True,🌈🤖💬🔧🏷📝🔄,False,False,2915,False
2016,397,popey/grummage,.github/workflows/repo-assist.md,4,2026-06-04T14:12:48Z,1,0,9,0,10,True,🌈🤖💬🔧🏷📝🔄,False,False,2915,False
2017,398,bob-collective/bob,.github/workflows/openapi-docs-sync.md,1,2026-03-20T17:29:39Z,0,0,0,0,0,False,,False,False,284,False
2018,399,dotnet/macios,.github/workflows/ci-postmortem.md,1,2026-05-20T13:40:11Z,0,0,0,0,0,False,,False,False,270,False
2019,399,dotnet/macios,.github/workflows/ci-postmortem.md,2,2026-06-04T16:06:18Z,0,0,0,0,0,False,,False,False,270,False
2020,399,dotnet/macios,.github/workflows/ci-postmortem.md,3,2026-06-22T15:43:38Z,0,0,0,0,0,False,,False,False,270,False
2021,399,dotnet/macios,.github/workflows/ci-postmortem.md,4,2026-06-25T09:42:41Z,0,0,0,0,0,False,,False,False,270,False
2022,400,dotnet/macios,.github/workflows/code-radiator.md,1,2026-05-07T06:08:21Z,0,0,3,0,3,True,🤖⏭,False,False,743,False
2023,400,dotnet/macios,.github/workflows/code-radiator.md,2,2026-05-11T02:47:30Z,0,0,3,0,3,True,🤖⏭,False,False,743,False
2024,400,dotnet/macios,.github/workflows/code-radiator.md,3,2026-05-13T12:19:19Z,1,0,3,0,4,True,🤖⏭,False,False,743,False
2025,400,dotnet/macios,.github/workflows/code-radiator.md,4,2026-05-14T11:10:59Z,1,0,3,0,4,True,🤖⏭,False,False,743,False
2026,400,dotnet/macios,.github/workflows/code-radiator.md,5,2026-05-27T11:19:42Z,1,0,3,0,4,True,🤖⏭,False,False,743,False
2027,400,dotnet/macios,.github/workflows/code-radiator.md,6,2026-05-28T16:01:43Z,1,0,3,0,4,True,🤖⏭,False,False,869,False
2028,400,dotnet/macios,.github/workflows/code-radiator.md,7,2026-06-01T11:24:32Z,1,0,3,0,4,True,🤖⏭,False,False,869,False
2029,400,dotnet/macios,.github/workflows/code-radiator.md,8,2026-06-03T07:33:56Z,1,0,3,0,4,True,🤖⏭,False,False,869,False
2030,400,dotnet/macios,.github/workflows/code-radiator.md,9,2026-06-04T16:05:37Z,1,0,3,0,4,True,🤖⏭,False,False,869,False
2031,400,dotnet/macios,.github/workflows/code-radiator.md,10,2026-06-22T14:50:19Z,1,0,4,0,5,True,🤖⏭🔄,False,False,1240,False
2032,400,dotnet/macios,.github/workflows/code-radiator.md,11,2026-06-22T15:43:38Z,1,0,4,0,5,True,🤖⏭🔄,False,False,1240,False
2033,400,dotnet/macios,.github/workflows/code-radiator.md,12,2026-06-24T13:26:13Z,1,0,4,0,5,True,🤖⏭🔄,False,False,1240,False
2034,400,dotnet/macios,.github/workflows/code-radiator.md,13,2026-06-25T09:42:41Z,1,0,4,0,5,True,🤖⏭🔄,False,False,1240,False
2035,400,dotnet/macios,.github/workflows/code-radiator.md,14,2026-06-25T21:08:16Z,1,0,5,0,6,True,🤖⏭🔄,False,False,1375,False
2036,401,dotnet/macios,.github/workflows/macios-reviewer.md,1,2026-04-23T06:11:53Z,0,0,0,0,0,False,,False,False,257,False
2037,401,dotnet/macios,.github/workflows/macios-reviewer.md,2,2026-05-07T05:52:32Z,0,0,1,0,1,True,❌,False,False,277,False
2038,401,dotnet/macios,.github/workflows/macios-reviewer.md,3,2026-05-11T02:47:30Z,0,0,1,0,1,True,❌,False,False,277,False
2039,401,dotnet/macios,.github/workflows/macios-reviewer.md,4,2026-06-21T11:54:02Z,0,0,0,0,0,False,,False,False,252,False
2040,401,dotnet/macios,.github/workflows/macios-reviewer.md,5,2026-06-22T15:43:38Z,0,0,0,0,0,False,,False,False,252,False
2041,401,dotnet/macios,.github/workflows/macios-reviewer.md,6,2026-06-25T09:42:41Z,0,0,0,0,0,False,,False,False,252,False
2042,402,ZSWatch/ZSWatch,.github/workflows/docs-pr-analyze.md,1,2026-02-18T12:36:14Z,0,0,0,0,0,False,,False,False,770,False
2043,402,ZSWatch/ZSWatch,.github/workflows/docs-pr-analyze.md,2,2026-03-02T21:34:12Z,0,0,0,0,0,False,,False,False,810,False
2044,403,pulumi/pulumi-okta,.github/workflows/gh-aw-pr-rereview.md,1,2026-05-12T07:05:34Z,0,0,0,0,0,False,,False,False,6,True
2045,404,pulumi/pulumi-okta,.github/workflows/gh-aw-pr-review.md,1,2026-05-12T07:05:34Z,0,0,0,0,0,False,,False,False,5,True
2046,405,elastic/opentelemetry-collector-components,.github/workflows/pr-review.md,1,2026-02-14T02:16:17Z,0,0,5,0,5,True,🔴🟠🟡⚪💬,False,False,906,False
2047,406,svenjacobs/lokksmith,.github/workflows/update-dependency-matrix.md,1,2026-03-20T08:22:36Z,0,0,0,0,0,False,,False,False,451,False
2048,406,svenjacobs/lokksmith,.github/workflows/update-dependency-matrix.md,2,2026-03-20T10:13:37Z,0,0,0,0,0,False,,False,False,488,False
2049,406,svenjacobs/lokksmith,.github/workflows/update-dependency-matrix.md,3,2026-06-09T13:36:33Z,0,0,0,0,0,False,,False,False,488,False
2050,407,czlonkowski/n8n-mcp,.github/workflows/issue-triage.md,1,2026-04-27T13:54:10Z,0,0,1,0,1,True,🎯,False,False,615,False
2051,407,czlonkowski/n8n-mcp,.github/workflows/issue-triage.md,2,2026-04-27T14:34:14Z,0,0,1,0,1,True,🎯,False,False,615,False
2052,408,github/awesome-copilot,.github/workflows/cli-for-beginners-sync.md,1,2026-03-25T22:03:21Z,0,0,0,0,0,False,,False,False,977,False
2053,408,github/awesome-copilot,.github/workflows/cli-for-beginners-sync.md,2,2026-04-09T00:22:38Z,0,0,0,0,0,False,,False,False,1008,False
2054,408,github/awesome-copilot,.github/workflows/cli-for-beginners-sync.md,3,2026-05-11T01:29:18Z,0,0,0,0,0,False,,False,False,1046,False
2055,408,github/awesome-copilot,.github/workflows/cli-for-beginners-sync.md,4,2026-06-25T04:36:53Z,0,0,0,0,0,False,,False,False,1037,False
2056,409,github/awesome-copilot,.github/workflows/codeowner-update.md,1,2026-03-03T23:22:10Z,0,0,0,0,0,False,,False,False,461,False
2057,409,github/awesome-copilot,.github/workflows/codeowner-update.md,2,2026-03-04T01:30:58Z,0,0,0,0,0,False,,False,False,461,False
2058,409,github/awesome-copilot,.github/workflows/codeowner-update.md,3,2026-03-04T02:21:41Z,0,0,0,0,0,False,,False,False,461,False
2059,409,github/awesome-copilot,.github/workflows/codeowner-update.md,4,2026-03-04T02:35:03Z,0,0,0,0,0,False,,False,False,461,False
2060,409,github/awesome-copilot,.github/workflows/codeowner-update.md,5,2026-04-15T22:57:55Z,0,0,0,0,0,False,,False,False,461,False
2061,409,github/awesome-copilot,.github/workflows/codeowner-update.md,6,2026-06-25T04:36:53Z,0,0,0,0,0,False,,False,False,461,False
2062,410,github/awesome-copilot,.github/workflows/duplicate-resource-detector.md,1,2026-02-19T04:43:54Z,0,0,1,0,1,True,🔍,False,False,712,False
2063,410,github/awesome-copilot,.github/workflows/duplicate-resource-detector.md,2,2026-02-26T23:20:13Z,0,0,1,0,1,True,🔍,False,False,708,False
2064,411,github/awesome-copilot,.github/workflows/learning-hub-updater.md,1,2026-03-17T03:18:58Z,0,0,0,0,0,False,,False,False,482,False
2065,411,github/awesome-copilot,.github/workflows/learning-hub-updater.md,2,2026-03-19T04:45:27Z,0,0,0,0,0,False,,False,False,504,False
2066,411,github/awesome-copilot,.github/workflows/learning-hub-updater.md,3,2026-03-27T04:46:56Z,0,0,0,0,0,False,,False,False,527,False
2067,411,github/awesome-copilot,.github/workflows/learning-hub-updater.md,4,2026-06-23T01:25:54Z,0,0,0,0,0,False,,False,False,527,False
2068,411,github/awesome-copilot,.github/workflows/learning-hub-updater.md,5,2026-06-25T04:36:53Z,0,0,0,0,0,False,,False,False,527,False
2069,412,github/awesome-copilot,.github/workflows/pr-duplicate-check.md,1,2026-03-12T22:42:56Z,0,0,0,2,2,True,🔍💡,False,False,714,False
2070,412,github/awesome-copilot,.github/workflows/pr-duplicate-check.md,2,2026-03-13T01:25:46Z,0,0,0,2,2,True,🔍💡,False,False,714,False
2071,412,github/awesome-copilot,.github/workflows/pr-duplicate-check.md,3,2026-03-23T04:29:43Z,0,0,0,2,2,True,🔍💡,False,False,714,False
2072,413,github/awesome-copilot,.github/workflows/resource-staleness-report.md,1,2026-02-18T23:19:17Z,0,0,4,2,6,True,🔴🟡📋✅,False,False,566,False
2073,413,github/awesome-copilot,.github/workflows/resource-staleness-report.md,2,2026-05-15T06:33:29Z,0,0,4,2,6,True,🔴🟡📋✅,False,False,889,False
2074,414,pulumi/pulumi-cloudinit,.github/workflows/gh-aw-pr-rereview.md,1,2026-05-12T06:22:12Z,0,0,0,0,0,False,,False,False,6,True
2075,415,pulumi/pulumi-cloudinit,.github/workflows/gh-aw-pr-review.md,1,2026-05-12T06:22:12Z,0,0,0,0,0,False,,False,False,5,True
2076,416,pulumi/pulumi-fastly,.github/workflows/gh-aw-pr-rereview.md,1,2026-05-12T06:37:05Z,0,0,0,0,0,False,,False,False,6,True
2077,417,pulumi/pulumi-fastly,.github/workflows/gh-aw-pr-review.md,1,2026-05-12T06:37:05Z,0,0,0,0,0,False,,False,False,5,True
2078,418,microsoft/wassette,.github/workflows/changelog-fragment.md,1,2025-11-02T18:06:05Z,0,0,0,0,0,False,,False,False,965,False
2079,418,microsoft/wassette,.github/workflows/changelog-fragment.md,2,2025-11-02T23:51:15Z,0,0,0,0,0,False,,False,False,965,False
2080,419,microsoft/wassette,.github/workflows/changelog-pr-link.md,1,2025-10-22T06:07:20Z,0,0,0,0,0,False,,False,False,603,False
2081,420,microsoft/wassette,.github/workflows/ci-doctor.md,1,2025-10-09T01:08:25Z,0,0,0,0,0,False,,False,False,850,False
2082,421,microsoft/wassette,.github/workflows/issue-triage.md,1,2025-10-03T20:05:08Z,0,0,0,0,0,False,,False,False,364,False
2083,421,microsoft/wassette,.github/workflows/issue-triage.md,2,2025-10-22T03:17:53Z,0,0,0,0,0,False,,False,False,348,False
2084,422,microsoft/wassette,.github/workflows/plan.md,1,2025-11-12T06:26:09Z,0,0,0,1,1,True,📋,False,False,997,False
2085,423,microsoft/wassette,.github/workflows/pr-triage.md,1,2025-10-22T06:06:27Z,0,0,0,0,0,False,,False,False,399,False
2086,423,microsoft/wassette,.github/workflows/pr-triage.md,2,2025-11-14T04:59:46Z,0,0,0,0,0,False,,False,False,399,False
2087,424,microsoft/wassette,.github/workflows/release-doctor.md,1,2025-11-02T23:53:32Z,0,0,0,10,10,True,✅❌,False,False,1377,False
2088,425,microsoft/wassette,.github/workflows/scout.md,1,2025-10-08T21:59:28Z,0,0,0,1,1,True,🔍,False,False,666,False
2089,426,kaito-project/aikit,.github/workflows/daily-test-improver.md,1,2025-10-24T21:55:28Z,0,0,0,0,0,False,,False,False,1557,False
2090,427,kaito-project/aikit,.github/workflows/issue-triage.md,1,2025-10-24T18:03:50Z,0,0,1,0,1,True,🎯,False,False,548,False
2091,427,kaito-project/aikit,.github/workflows/issue-triage.md,2,2025-10-24T20:22:33Z,0,0,1,0,1,True,🎯,False,False,552,False
2092,428,Azure/AppConfiguration-KubernetesProvider,.github/workflows/issue-triage.md,1,2026-03-05T06:35:15Z,0,0,0,0,0,False,,False,False,554,False
2093,429,githubnext/agentics,.github/workflows/daily-repo-goals.md,1,2026-02-13T01:55:08Z,0,0,0,0,0,False,,False,False,757,False
2094,429,githubnext/agentics,.github/workflows/daily-repo-goals.md,2,2026-02-13T03:28:32Z,0,0,0,0,0,False,,False,False,758,False
2095,429,githubnext/agentics,.github/workflows/daily-repo-goals.md,3,2026-02-17T22:19:51Z,0,0,0,0,0,False,,False,False,912,False
2096,429,githubnext/agentics,.github/workflows/daily-repo-goals.md,4,2026-02-18T00:01:06Z,0,0,0,0,0,False,,False,False,997,False
2097,429,githubnext/agentics,.github/workflows/daily-repo-goals.md,5,2026-02-24T03:48:05Z,0,0,0,0,0,False,,False,False,997,False
2098,429,githubnext/agentics,.github/workflows/daily-repo-goals.md,6,2026-02-24T04:16:22Z,0,0,0,0,0,False,,False,False,997,False
2099,429,githubnext/agentics,.github/workflows/daily-repo-goals.md,7,2026-03-08T22:30:44Z,0,0,0,0,0,False,,False,False,997,False
2100,429,githubnext/agentics,.github/workflows/daily-repo-goals.md,8,2026-05-08T20:56:58Z,0,0,0,0,0,False,,False,False,995,False
2101,429,githubnext/agentics,.github/workflows/daily-repo-goals.md,9,2026-06-26T05:45:50Z,0,0,0,0,0,False,,False,False,995,False
2102,430,githubnext/agentics,.github/workflows/daily-workflow-sync.md,1,2025-12-09T17:48:57Z,0,0,1,0,1,True,🔄,False,False,621,False
2103,430,githubnext/agentics,.github/workflows/daily-workflow-sync.md,2,2026-02-03T00:31:39Z,0,0,1,0,1,True,🔄,False,False,621,False
2104,430,githubnext/agentics,.github/workflows/daily-workflow-sync.md,3,2026-02-14T22:14:08Z,0,0,1,0,1,True,🔄,False,False,621,False
2105,430,githubnext/agentics,.github/workflows/daily-workflow-sync.md,4,2026-02-20T12:58:47Z,0,0,1,0,1,True,🔄,False,False,621,False
2106,430,githubnext/agentics,.github/workflows/daily-workflow-sync.md,5,2026-02-24T04:16:22Z,0,0,1,0,1,True,🔄,False,False,621,False
2107,430,githubnext/agentics,.github/workflows/daily-workflow-sync.md,6,2026-03-03T05:13:03Z,0,0,1,0,1,True,🔄,False,False,621,False
2108,430,githubnext/agentics,.github/workflows/daily-workflow-sync.md,7,2026-03-08T22:30:44Z,0,0,1,0,1,True,🔄,False,False,621,False
2109,430,githubnext/agentics,.github/workflows/daily-workflow-sync.md,8,2026-05-27T17:04:32Z,0,0,1,0,1,True,🔄,False,False,621,False
2110,430,githubnext/agentics,.github/workflows/daily-workflow-sync.md,9,2026-06-19T16:52:27Z,0,0,1,0,1,True,🔄,False,False,621,False
2111,430,githubnext/agentics,.github/workflows/daily-workflow-sync.md,10,2026-06-26T05:45:50Z,0,0,1,0,1,True,🔄,False,False,621,False
2112,431,githubnext/agentics,.github/workflows/import-workflow.md,1,2026-02-17T04:14:13Z,0,0,0,0,0,False,,False,True,865,False
2113,431,githubnext/agentics,.github/workflows/import-workflow.md,2,2026-02-17T04:17:30Z,0,0,0,0,0,False,,False,True,865,False
2114,431,githubnext/agentics,.github/workflows/import-workflow.md,3,2026-02-17T18:54:15Z,0,0,0,0,0,False,,False,True,851,False
2115,431,githubnext/agentics,.github/workflows/import-workflow.md,4,2026-02-17T22:12:56Z,0,0,0,0,0,False,,False,True,1016,False
2116,431,githubnext/agentics,.github/workflows/import-workflow.md,5,2026-02-24T03:48:05Z,0,0,0,0,0,False,,False,True,1016,False
2117,431,githubnext/agentics,.github/workflows/import-workflow.md,6,2026-03-08T22:30:44Z,0,0,0,0,0,False,,False,True,1016,False
2118,431,githubnext/agentics,.github/workflows/import-workflow.md,7,2026-06-26T05:45:50Z,0,0,0,0,0,False,,False,True,1016,False
2119,432,githubnext/agentics,.github/workflows/link-checker.md,1,2026-02-17T04:18:47Z,2,0,2,0,4,True,✅❌,False,False,697,False
2120,432,githubnext/agentics,.github/workflows/link-checker.md,2,2026-02-20T12:58:47Z,2,0,2,0,4,True,✅❌,False,False,697,False
2121,432,githubnext/agentics,.github/workflows/link-checker.md,3,2026-03-08T22:30:44Z,2,0,2,0,4,True,✅❌,False,False,697,False
2122,432,githubnext/agentics,.github/workflows/link-checker.md,4,2026-06-19T16:52:27Z,2,0,2,0,4,True,✅❌,False,False,697,False
2123,432,githubnext/agentics,.github/workflows/link-checker.md,5,2026-06-26T05:27:34Z,2,0,2,0,4,True,✅❌,False,False,697,False
2124,432,githubnext/agentics,.github/workflows/link-checker.md,6,2026-06-26T05:45:50Z,2,0,2,0,4,True,✅❌,False,False,697,False
2125,433,githubnext/agentics,.github/workflows/maintainer.md,1,2025-10-22T18:14:56Z,0,0,0,0,0,False,,False,False,375,False
2126,433,githubnext/agentics,.github/workflows/maintainer.md,2,2025-10-22T19:04:38Z,0,0,0,0,0,False,,False,False,375,False
2127,433,githubnext/agentics,.github/workflows/maintainer.md,3,2025-10-29T17:44:06Z,0,0,0,0,0,False,,False,False,375,False
2128,433,githubnext/agentics,.github/workflows/maintainer.md,4,2025-11-07T03:09:31Z,0,0,0,0,0,False,,False,False,375,False
2129,433,githubnext/agentics,.github/workflows/maintainer.md,5,2025-11-14T00:48:07Z,0,0,0,0,0,False,,False,False,375,False
2130,433,githubnext/agentics,.github/workflows/maintainer.md,6,2026-01-05T20:59:56Z,0,0,0,0,0,False,,False,False,455,False
2131,433,githubnext/agentics,.github/workflows/maintainer.md,7,2026-02-03T00:31:39Z,0,0,0,0,0,False,,False,False,455,False
2132,433,githubnext/agentics,.github/workflows/maintainer.md,8,2026-02-20T12:58:47Z,0,0,0,0,0,False,,False,False,455,False
2133,433,githubnext/agentics,.github/workflows/maintainer.md,9,2026-02-26T12:54:28Z,0,0,0,0,0,False,,False,False,455,False
2134,433,githubnext/agentics,.github/workflows/maintainer.md,10,2026-03-08T22:30:44Z,0,0,0,0,0,False,,False,False,455,False
2135,433,githubnext/agentics,.github/workflows/maintainer.md,11,2026-06-19T16:52:27Z,0,0,0,0,0,False,,False,False,455,False
2136,433,githubnext/agentics,.github/workflows/maintainer.md,12,2026-06-26T05:45:50Z,0,0,0,0,0,False,,False,False,455,False
2137,434,microsoft/mcp,.github/workflows/doc-gap-detector.md,1,2026-05-06T21:16:07Z,0,0,0,4,4,True,📐🧮💾🖥,False,False,1098,False
2138,434,microsoft/mcp,.github/workflows/doc-gap-detector.md,2,2026-05-19T20:57:49Z,0,0,0,4,4,True,📐🧮💾🖥,False,False,1100,False
2139,435,MiguelElGallo/mpzsql,.github/workflows/code-simplifier.md,1,2026-03-15T09:18:28Z,0,0,13,6,19,True,✅,False,False,1726,False
2140,435,MiguelElGallo/mpzsql,.github/workflows/code-simplifier.md,2,2026-04-14T05:36:19Z,0,0,13,6,19,True,✅,False,False,1726,False
2141,436,fideus-labs/ngff-zarr,.github/workflows/daily-doc-updater.md,1,2026-03-02T20:05:42Z,0,0,0,0,0,False,,False,False,1180,False
2142,436,fideus-labs/ngff-zarr,.github/workflows/daily-doc-updater.md,2,2026-03-02T20:50:25Z,0,0,0,0,0,False,,False,False,1180,False
2143,436,fideus-labs/ngff-zarr,.github/workflows/daily-doc-updater.md,3,2026-05-27T21:35:17Z,1,0,0,1,2,True,📝,True,False,2132,False
2144,436,fideus-labs/ngff-zarr,.github/workflows/daily-doc-updater.md,4,2026-06-02T17:27:40Z,1,0,0,1,2,True,📝,True,False,2132,False
2145,436,fideus-labs/ngff-zarr,.github/workflows/daily-doc-updater.md,5,2026-06-17T15:04:26Z,1,0,0,1,2,True,📝,True,False,2132,False
2146,437,fideus-labs/ngff-zarr,.github/workflows/daily-repo-status.md,1,2026-02-17T21:05:33Z,0,0,1,0,1,True,🌟,False,True,105,False
2147,437,fideus-labs/ngff-zarr,.github/workflows/daily-repo-status.md,2,2026-02-21T17:24:45Z,0,0,1,0,1,True,🌟,False,True,105,False
2148,437,fideus-labs/ngff-zarr,.github/workflows/daily-repo-status.md,3,2026-02-25T13:05:35Z,0,0,1,0,1,True,🌟,False,True,105,False
2149,437,fideus-labs/ngff-zarr,.github/workflows/daily-repo-status.md,4,2026-05-27T21:35:17Z,0,0,1,0,1,True,🌟,False,True,104,False
2150,437,fideus-labs/ngff-zarr,.github/workflows/daily-repo-status.md,5,2026-06-17T13:22:28Z,0,0,1,0,1,True,🌟,False,True,104,False
2151,437,fideus-labs/ngff-zarr,.github/workflows/daily-repo-status.md,6,2026-06-25T17:54:15Z,0,0,1,0,1,True,🌟,False,True,134,False
2152,438,tosin2013/mcp-adr-analysis-server,.github/workflows/ai-executor-integration.md,1,2026-02-16T16:07:01Z,0,0,0,0,0,False,,False,False,446,False
2153,438,tosin2013/mcp-adr-analysis-server,.github/workflows/ai-executor-integration.md,2,2026-02-17T14:33:13Z,0,0,0,4,4,True,⚠🔨,False,False,600,False
2154,438,tosin2013/mcp-adr-analysis-server,.github/workflows/ai-executor-integration.md,3,2026-03-16T17:48:59Z,0,0,0,4,4,True,⚠🔨,False,False,600,False
2155,439,tosin2013/mcp-adr-analysis-server,.github/workflows/ai-release-notes-agent.md,1,2026-02-16T16:07:01Z,0,0,0,0,0,False,,False,False,554,False
2156,440,tosin2013/mcp-adr-analysis-server,.github/workflows/ci-doctor.md,1,2026-02-16T16:07:01Z,0,0,0,0,0,False,,False,False,598,False
2157,441,tosin2013/mcp-adr-analysis-server,.github/workflows/dependabot-bundler.md,1,2026-02-16T16:07:01Z,0,0,0,0,0,False,,False,False,637,False
2158,441,tosin2013/mcp-adr-analysis-server,.github/workflows/dependabot-bundler.md,2,2026-02-20T00:13:55Z,0,0,0,0,0,False,,False,False,637,False
2159,442,tosin2013/mcp-adr-analysis-server,.github/workflows/deployment-pattern-validation.md,1,2026-02-16T16:07:01Z,0,0,0,0,0,False,,False,False,640,False
2160,442,tosin2013/mcp-adr-analysis-server,.github/workflows/deployment-pattern-validation.md,2,2026-02-16T18:29:58Z,0,0,0,4,4,True,⚠🔨,False,False,822,False
2161,442,tosin2013/mcp-adr-analysis-server,.github/workflows/deployment-pattern-validation.md,3,2026-03-16T17:48:59Z,0,0,0,4,4,True,⚠🔨,False,False,822,False
2162,443,tosin2013/mcp-adr-analysis-server,.github/workflows/docs-noob-tester.md,1,2026-02-16T16:07:01Z,0,0,0,0,0,False,,False,False,572,False
2163,443,tosin2013/mcp-adr-analysis-server,.github/workflows/docs-noob-tester.md,2,2026-02-20T00:13:55Z,0,0,0,0,0,False,,False,False,572,False
2164,443,tosin2013/mcp-adr-analysis-server,.github/workflows/docs-noob-tester.md,3,2026-02-20T19:15:56Z,0,0,0,0,0,False,,False,False,831,False
2165,443,tosin2013/mcp-adr-analysis-server,.github/workflows/docs-noob-tester.md,4,2026-03-16T17:28:09Z,0,0,0,0,0,False,,False,False,847,False
2166,443,tosin2013/mcp-adr-analysis-server,.github/workflows/docs-noob-tester.md,5,2026-03-16T17:48:59Z,0,0,0,0,0,False,,False,False,847,False
2167,444,tosin2013/mcp-adr-analysis-server,.github/workflows/docs-site-validator.md,1,2026-02-16T16:24:31Z,0,0,0,0,0,False,,False,False,899,False
2168,444,tosin2013/mcp-adr-analysis-server,.github/workflows/docs-site-validator.md,2,2026-02-20T00:13:55Z,0,0,0,0,0,False,,False,False,899,False
2169,444,tosin2013/mcp-adr-analysis-server,.github/workflows/docs-site-validator.md,3,2026-02-20T19:15:56Z,0,0,0,0,0,False,,False,False,1100,False
2170,444,tosin2013/mcp-adr-analysis-server,.github/workflows/docs-site-validator.md,4,2026-04-19T18:26:37Z,0,0,0,0,0,False,,False,False,1100,False
2171,445,tosin2013/mcp-adr-analysis-server,.github/workflows/esm-module-validation.md,1,2026-02-16T16:07:01Z,0,0,0,0,0,False,,False,False,761,False
2172,445,tosin2013/mcp-adr-analysis-server,.github/workflows/esm-module-validation.md,2,2026-03-16T17:48:59Z,0,0,0,0,0,False,,False,False,761,False
2173,446,tosin2013/mcp-adr-analysis-server,.github/workflows/knowledge-graph-validation.md,1,2026-02-16T16:07:01Z,0,0,0,0,0,False,,False,False,562,False
2174,446,tosin2013/mcp-adr-analysis-server,.github/workflows/knowledge-graph-validation.md,2,2026-02-16T18:44:11Z,0,0,0,4,4,True,⚠🔨,False,False,701,False
2175,446,tosin2013/mcp-adr-analysis-server,.github/workflows/knowledge-graph-validation.md,3,2026-03-16T17:48:59Z,0,0,0,4,4,True,⚠🔨,False,False,701,False
2176,447,tosin2013/mcp-adr-analysis-server,.github/workflows/mcp-server-validation.md,1,2026-02-16T16:07:01Z,0,0,0,0,0,False,,False,False,378,False
2177,447,tosin2013/mcp-adr-analysis-server,.github/workflows/mcp-server-validation.md,2,2026-02-16T18:44:11Z,0,0,0,4,4,True,⚠🔨,False,False,515,False
2178,447,tosin2013/mcp-adr-analysis-server,.github/workflows/mcp-server-validation.md,3,2026-02-20T14:57:45Z,0,0,0,4,4,True,⚠🔨,False,False,515,False
2179,447,tosin2013/mcp-adr-analysis-server,.github/workflows/mcp-server-validation.md,4,2026-03-16T17:48:59Z,0,0,0,4,4,True,⚠🔨,False,False,515,False
2180,448,tosin2013/mcp-adr-analysis-server,.github/workflows/mcp-tool-checker.md,1,2026-02-16T16:07:01Z,0,0,0,0,0,False,,False,False,625,False
2181,448,tosin2013/mcp-adr-analysis-server,.github/workflows/mcp-tool-checker.md,2,2026-02-20T00:13:55Z,0,0,0,0,0,False,,False,False,625,False
2182,448,tosin2013/mcp-adr-analysis-server,.github/workflows/mcp-tool-checker.md,3,2026-02-20T14:57:45Z,0,0,0,0,0,False,,False,False,625,False
2183,448,tosin2013/mcp-adr-analysis-server,.github/workflows/mcp-tool-checker.md,4,2026-03-16T17:48:59Z,0,0,0,0,0,False,,False,False,625,False
2184,449,pulumi/pulumi-rabbitmq,.github/workflows/gh-aw-pr-rereview.md,1,2026-05-12T07:07:44Z,0,0,0,0,0,False,,False,False,6,True
2185,450,pulumi/pulumi-rabbitmq,.github/workflows/gh-aw-pr-review.md,1,2026-05-12T07:07:44Z,0,0,0,0,0,False,,False,False,5,True
2186,451,kubestellar/docs,.github/workflows/daily-team-status.md,1,2025-12-03T19:22:35Z,0,0,1,0,1,True,🌟,False,True,94,False
2187,451,kubestellar/docs,.github/workflows/daily-team-status.md,2,2025-12-03T21:38:16Z,0,0,1,0,1,True,🌟,False,True,94,False
2188,451,kubestellar/docs,.github/workflows/daily-team-status.md,3,2025-12-05T09:21:52Z,0,0,1,0,1,True,🌟,False,True,94,False
2189,451,kubestellar/docs,.github/workflows/daily-team-status.md,4,2026-05-04T15:11:48Z,0,0,1,0,1,True,🌟,False,True,94,False
2190,451,kubestellar/docs,.github/workflows/daily-team-status.md,5,2026-06-16T15:51:04Z,0,0,1,0,1,True,🌟,False,True,94,False
2191,452,kubestellar/docs,.github/workflows/devstats.md,1,2025-12-16T19:44:32Z,0,0,1,0,1,True,🌟,False,True,94,False
2192,452,kubestellar/docs,.github/workflows/devstats.md,2,2026-05-04T15:11:48Z,0,0,1,0,1,True,🌟,False,True,94,False
2193,452,kubestellar/docs,.github/workflows/devstats.md,3,2026-06-16T15:51:04Z,0,0,1,0,1,True,🌟,False,True,94,False
2194,453,kubestellar/docs,.github/workflows/link-checker.md,1,2026-03-10T01:54:58Z,0,0,0,0,0,False,,False,False,559,False
2195,453,kubestellar/docs,.github/workflows/link-checker.md,2,2026-03-10T02:01:43Z,0,0,0,0,0,False,,False,False,602,False
2196,453,kubestellar/docs,.github/workflows/link-checker.md,3,2026-03-10T02:54:15Z,0,0,0,0,0,False,,False,False,602,False
2197,453,kubestellar/docs,.github/workflows/link-checker.md,4,2026-05-03T01:55:27Z,0,0,0,0,0,False,,False,False,602,False
2198,453,kubestellar/docs,.github/workflows/link-checker.md,5,2026-05-04T15:11:48Z,0,0,0,0,0,False,,False,False,602,False
2199,453,kubestellar/docs,.github/workflows/link-checker.md,6,2026-05-11T07:29:34Z,0,0,0,0,0,False,,False,False,602,False
2200,453,kubestellar/docs,.github/workflows/link-checker.md,7,2026-06-17T13:28:07Z,0,0,1,1,2,True,🔗✅,False,True,813,False
2201,454,kubestellar/docs,.github/workflows/maintainer-metrics.md,1,2025-12-10T01:16:31Z,1,0,15,19,35,True,✅⚠❌🚀🏷🔨👀🌍,False,False,1790,False
2202,454,kubestellar/docs,.github/workflows/maintainer-metrics.md,2,2025-12-20T17:47:19Z,1,0,15,19,35,True,✅⚠❌🚀🏷🔨👀🌍,False,False,1790,False
2203,454,kubestellar/docs,.github/workflows/maintainer-metrics.md,3,2026-02-09T18:34:31Z,1,0,15,19,35,True,✅⚠❌🚀🏷🔨👀🌍,False,False,1758,False
2204,454,kubestellar/docs,.github/workflows/maintainer-metrics.md,4,2026-04-01T00:47:52Z,1,0,15,19,35,True,✅⚠❌🚀🏷🔨👀🌍,False,False,1750,False
2205,454,kubestellar/docs,.github/workflows/maintainer-metrics.md,5,2026-04-01T00:52:10Z,1,0,15,19,35,True,✅⚠❌🚀🏷🔨👀🌍,False,False,1746,False
2206,454,kubestellar/docs,.github/workflows/maintainer-metrics.md,6,2026-04-01T00:54:20Z,1,0,15,19,35,True,✅⚠❌🚀🏷🔨👀🌍,False,False,1742,False
2207,454,kubestellar/docs,.github/workflows/maintainer-metrics.md,7,2026-05-11T07:29:34Z,1,0,15,19,35,True,✅⚠❌🚀🏷🔨👀🌍,False,False,1742,False
2208,454,kubestellar/docs,.github/workflows/maintainer-metrics.md,8,2026-05-28T07:53:27Z,1,0,15,19,35,True,✅⚠❌🚀🏷🔨👀🌍,False,False,1743,False
2209,455,kubestellar/docs,.github/workflows/technical-doc-writer.md,1,2025-12-16T19:44:32Z,0,0,4,0,4,True,✅📝⚠🔍,False,True,698,False
2210,455,kubestellar/docs,.github/workflows/technical-doc-writer.md,2,2025-12-16T19:46:22Z,0,0,4,0,4,True,✅📝⚠🔍,False,True,698,False
2211,455,kubestellar/docs,.github/workflows/technical-doc-writer.md,3,2025-12-16T20:10:27Z,0,0,4,0,4,True,✅📝⚠🔍,False,True,698,False
2212,455,kubestellar/docs,.github/workflows/technical-doc-writer.md,4,2025-12-16T20:24:11Z,0,0,4,0,4,True,✅📝⚠🔍,False,True,698,False
2213,455,kubestellar/docs,.github/workflows/technical-doc-writer.md,5,2025-12-16T20:33:17Z,0,0,4,0,4,True,✅📝⚠🔍,False,True,698,False
2214,455,kubestellar/docs,.github/workflows/technical-doc-writer.md,6,2025-12-16T20:34:00Z,0,0,4,0,4,True,✅📝⚠🔍,False,True,739,False
2215,455,kubestellar/docs,.github/workflows/technical-doc-writer.md,7,2025-12-20T17:47:19Z,0,0,4,0,4,True,✅📝⚠🔍,False,True,739,False
2216,455,kubestellar/docs,.github/workflows/technical-doc-writer.md,8,2026-05-04T15:11:48Z,0,0,4,0,4,True,✅📝⚠🔍,False,True,739,False
2217,456,kubestellar/docs,.github/workflows/typo-checker.md,1,2026-03-10T01:54:58Z,0,0,0,0,0,False,,False,False,612,False
2218,456,kubestellar/docs,.github/workflows/typo-checker.md,2,2026-03-10T02:01:43Z,0,0,0,0,0,False,,False,False,641,False
2219,456,kubestellar/docs,.github/workflows/typo-checker.md,3,2026-05-03T01:55:27Z,0,0,0,0,0,False,,False,False,641,False
2220,456,kubestellar/docs,.github/workflows/typo-checker.md,4,2026-05-04T15:11:48Z,0,0,0,0,0,False,,False,False,641,False
2221,456,kubestellar/docs,.github/workflows/typo-checker.md,5,2026-05-21T07:58:44Z,0,0,0,0,0,False,,False,False,691,False
2222,457,drehelis/gcp-emulator-ui,.github/workflows/check-emulator-updates.md,1,2026-02-20T13:17:53Z,0,0,0,0,0,False,,False,False,195,False
2223,457,drehelis/gcp-emulator-ui,.github/workflows/check-emulator-updates.md,2,2026-02-20T13:46:26Z,0,0,0,0,0,False,,False,False,195,False
2224,457,drehelis/gcp-emulator-ui,.github/workflows/check-emulator-updates.md,3,2026-02-20T13:59:43Z,0,0,0,0,0,False,,False,False,204,False
2225,457,drehelis/gcp-emulator-ui,.github/workflows/check-emulator-updates.md,4,2026-02-20T17:18:19Z,0,0,0,0,0,False,,False,False,223,False
2226,457,drehelis/gcp-emulator-ui,.github/workflows/check-emulator-updates.md,5,2026-02-20T21:29:06Z,0,0,0,0,0,False,,False,False,401,False
2227,457,drehelis/gcp-emulator-ui,.github/workflows/check-emulator-updates.md,6,2026-02-21T07:54:06Z,0,0,0,0,0,False,,False,False,405,False
2228,457,drehelis/gcp-emulator-ui,.github/workflows/check-emulator-updates.md,7,2026-02-22T20:55:02Z,0,0,0,0,0,False,,False,False,393,False
2229,457,drehelis/gcp-emulator-ui,.github/workflows/check-emulator-updates.md,8,2026-03-05T05:43:46Z,0,0,0,0,0,False,,False,False,390,False
2230,457,drehelis/gcp-emulator-ui,.github/workflows/check-emulator-updates.md,9,2026-03-08T21:12:31Z,0,0,0,0,0,False,,False,False,418,False
2231,457,drehelis/gcp-emulator-ui,.github/workflows/check-emulator-updates.md,10,2026-04-05T21:00:21Z,0,0,0,0,0,False,,False,False,418,False
2232,457,drehelis/gcp-emulator-ui,.github/workflows/check-emulator-updates.md,11,2026-04-05T21:12:47Z,0,0,0,0,0,False,,False,False,418,False
2233,457,drehelis/gcp-emulator-ui,.github/workflows/check-emulator-updates.md,12,2026-04-08T14:51:23Z,0,0,0,0,0,False,,False,False,418,False
2234,457,drehelis/gcp-emulator-ui,.github/workflows/check-emulator-updates.md,13,2026-04-11T13:04:55Z,0,0,0,0,0,False,,False,False,418,False
2235,457,drehelis/gcp-emulator-ui,.github/workflows/check-emulator-updates.md,14,2026-04-12T12:14:33Z,0,0,0,0,0,False,,False,False,418,False
2236,457,drehelis/gcp-emulator-ui,.github/workflows/check-emulator-updates.md,15,2026-06-05T20:29:31Z,0,0,0,0,0,False,,False,False,418,False
2237,457,drehelis/gcp-emulator-ui,.github/workflows/check-emulator-updates.md,16,2026-06-09T11:07:22Z,0,0,0,0,0,False,,False,False,418,False
2238,457,drehelis/gcp-emulator-ui,.github/workflows/check-emulator-updates.md,17,2026-06-13T05:58:12Z,0,0,0,0,0,False,,False,False,439,False
2239,457,drehelis/gcp-emulator-ui,.github/workflows/check-emulator-updates.md,18,2026-06-13T06:07:03Z,0,0,0,0,0,False,,False,False,439,False
2240,457,drehelis/gcp-emulator-ui,.github/workflows/check-emulator-updates.md,19,2026-06-13T06:23:27Z,0,0,0,0,0,False,,False,False,439,False
2241,457,drehelis/gcp-emulator-ui,.github/workflows/check-emulator-updates.md,20,2026-06-13T07:35:42Z,0,0,0,0,0,False,,False,False,473,False
2242,458,pulumi/pulumi-rancher2,.github/workflows/gh-aw-pr-rereview.md,1,2026-05-12T07:09:59Z,0,0,0,0,0,False,,False,False,6,True
2243,459,pulumi/pulumi-rancher2,.github/workflows/gh-aw-pr-review.md,1,2026-05-12T07:09:59Z,0,0,0,0,0,False,,False,False,5,True
2244,460,YousefHadder/markdown-plus.nvim,.github/workflows/code-simplifier.md,1,2026-03-07T05:54:54Z,0,0,13,6,19,True,✅,False,False,1817,False
2245,460,YousefHadder/markdown-plus.nvim,.github/workflows/code-simplifier.md,2,2026-03-07T06:56:49Z,0,0,13,6,19,True,✅,False,False,2193,False
2246,460,YousefHadder/markdown-plus.nvim,.github/workflows/code-simplifier.md,3,2026-03-07T18:08:16Z,0,0,14,6,20,True,✅,False,False,2828,False
2247,460,YousefHadder/markdown-plus.nvim,.github/workflows/code-simplifier.md,4,2026-03-23T20:54:05Z,0,0,14,6,20,True,✅,False,False,2828,False
2248,460,YousefHadder/markdown-plus.nvim,.github/workflows/code-simplifier.md,5,2026-05-12T17:16:31Z,0,0,14,6,20,True,✅,False,False,2830,False
2249,461,YousefHadder/markdown-plus.nvim,.github/workflows/config-sync-checker.md,1,2026-03-07T06:42:44Z,0,0,10,16,26,True,✅🔴🟠🟡🔵❌⚠,False,True,1263,False
2250,461,YousefHadder/markdown-plus.nvim,.github/workflows/config-sync-checker.md,2,2026-03-23T20:54:05Z,0,0,10,16,26,True,✅🔴🟠🟡🔵❌⚠,False,True,1263,False
2251,461,YousefHadder/markdown-plus.nvim,.github/workflows/config-sync-checker.md,3,2026-05-12T17:16:31Z,0,0,10,16,26,True,✅🔴🟠🟡🔵❌⚠,False,True,1314,False
2252,462,YousefHadder/markdown-plus.nvim,.github/workflows/contributor-recognition.md,1,2026-05-03T20:54:29Z,0,0,0,0,0,False,,False,False,1158,False
2253,462,YousefHadder/markdown-plus.nvim,.github/workflows/contributor-recognition.md,2,2026-05-03T21:07:01Z,0,0,0,0,0,False,,False,False,1466,False
2254,462,YousefHadder/markdown-plus.nvim,.github/workflows/contributor-recognition.md,3,2026-05-03T21:47:42Z,0,0,0,0,0,False,,False,False,1862,False
2255,462,YousefHadder/markdown-plus.nvim,.github/workflows/contributor-recognition.md,4,2026-05-12T17:16:31Z,0,0,0,0,0,False,,False,False,1919,False
2256,462,YousefHadder/markdown-plus.nvim,.github/workflows/contributor-recognition.md,5,2026-06-19T19:25:19Z,0,0,0,0,0,False,,False,False,1958,False
2257,463,YousefHadder/markdown-plus.nvim,.github/workflows/daily-doc-updater.md,1,2026-03-07T01:29:08Z,0,0,0,0,0,False,,False,False,951,False
2258,463,YousefHadder/markdown-plus.nvim,.github/workflows/daily-doc-updater.md,2,2026-03-07T02:56:47Z,0,0,0,0,0,False,,False,False,1216,False
2259,463,YousefHadder/markdown-plus.nvim,.github/workflows/daily-doc-updater.md,3,2026-03-23T20:54:05Z,0,0,0,0,0,False,,False,False,1216,False
2260,463,YousefHadder/markdown-plus.nvim,.github/workflows/daily-doc-updater.md,4,2026-05-12T17:16:31Z,0,0,0,1,1,True,📝,False,False,2306,False
2261,464,YousefHadder/markdown-plus.nvim,.github/workflows/daily-file-diet.md,1,2026-03-07T07:29:59Z,0,1,1,0,2,True,🏋✅,False,False,1337,False
2262,464,YousefHadder/markdown-plus.nvim,.github/workflows/daily-file-diet.md,2,2026-03-07T07:33:44Z,0,1,1,0,2,True,🏋✅,False,False,1337,False
2263,464,YousefHadder/markdown-plus.nvim,.github/workflows/daily-file-diet.md,3,2026-03-23T20:54:05Z,0,1,1,0,2,True,🏋✅,False,False,1337,False
2264,464,YousefHadder/markdown-plus.nvim,.github/workflows/daily-file-diet.md,4,2026-05-12T17:16:31Z,0,1,1,0,2,True,🏋✅,False,False,1339,False
2265,464,YousefHadder/markdown-plus.nvim,.github/workflows/daily-file-diet.md,5,2026-05-13T15:50:32Z,0,1,1,0,2,True,🏋✅,False,False,1339,False
2266,465,YousefHadder/markdown-plus.nvim,.github/workflows/wiki-updater.md,1,2026-06-04T14:56:27Z,0,0,0,0,0,False,,False,False,544,False
2267,465,YousefHadder/markdown-plus.nvim,.github/workflows/wiki-updater.md,2,2026-06-19T19:25:19Z,0,0,0,0,0,False,,False,False,687,False
2268,466,cncf/contribute-site,.github/workflows/link-checker.md,1,2026-03-12T21:23:41Z,0,0,1,0,1,True,⚠,False,False,967,False
2269,466,cncf/contribute-site,.github/workflows/link-checker.md,2,2026-03-13T21:10:11Z,0,0,1,0,1,True,⚠,False,False,1094,False
2270,466,cncf/contribute-site,.github/workflows/link-checker.md,3,2026-03-13T21:49:26Z,0,0,1,0,1,True,⚠,False,False,1107,False
2271,466,cncf/contribute-site,.github/workflows/link-checker.md,4,2026-03-16T15:33:34Z,0,0,1,0,1,True,⚠,False,False,1107,False
2272,466,cncf/contribute-site,.github/workflows/link-checker.md,5,2026-03-16T16:18:11Z,0,0,1,0,1,True,⚠,False,False,1136,False
2273,466,cncf/contribute-site,.github/workflows/link-checker.md,6,2026-03-16T16:58:42Z,0,0,1,0,1,True,🔗,False,False,1184,False
2274,466,cncf/contribute-site,.github/workflows/link-checker.md,7,2026-03-16T17:40:18Z,0,0,1,0,1,True,🔗,False,False,1184,False
2275,466,cncf/contribute-site,.github/workflows/link-checker.md,8,2026-03-16T18:03:53Z,0,0,1,0,1,True,🔗,False,False,1184,False
2276,466,cncf/contribute-site,.github/workflows/link-checker.md,9,2026-03-16T19:23:45Z,0,0,1,0,1,True,🔗,False,False,1184,False
2277,466,cncf/contribute-site,.github/workflows/link-checker.md,10,2026-03-16T22:21:41Z,0,0,2,0,2,True,✅🔗,False,False,1282,False
2278,467,cncf/contribute-site,.github/workflows/link-fixer.md,1,2026-03-16T19:23:45Z,0,0,2,1,3,True,✅⚠🔧,False,False,685,False
2279,467,cncf/contribute-site,.github/workflows/link-fixer.md,2,2026-03-16T20:02:33Z,0,0,2,1,3,True,✅⚠🔧,False,False,789,False
2280,467,cncf/contribute-site,.github/workflows/link-fixer.md,3,2026-03-16T22:21:41Z,0,0,2,1,3,True,✅⚠🔧,False,False,789,False
2281,467,cncf/contribute-site,.github/workflows/link-fixer.md,4,2026-03-16T22:42:30Z,0,0,2,1,3,True,✅⚠🔧,False,False,804,False
2282,467,cncf/contribute-site,.github/workflows/link-fixer.md,5,2026-03-16T22:59:14Z,0,0,2,1,3,True,✅⚠🔧,False,False,808,False
2283,467,cncf/contribute-site,.github/workflows/link-fixer.md,6,2026-03-16T23:20:49Z,0,0,2,1,3,True,✅⚠🔧,False,False,789,False
2284,467,cncf/contribute-site,.github/workflows/link-fixer.md,7,2026-03-17T00:36:56Z,0,0,2,1,3,True,✅⚠🔧,False,False,788,False
2285,467,cncf/contribute-site,.github/workflows/link-fixer.md,8,2026-03-17T00:45:00Z,0,0,2,1,3,True,✅⚠🔧,False,False,819,False
2286,468,kaito-tokyo/live-backgroundremoval-lite,.github/workflows/validate-pr.md,1,2026-04-13T21:07:16Z,0,0,2,0,2,True,✅🚫,False,False,280,False
2287,469,microsoft/apm,.github/workflows/cli-consistency-checker.md,1,2026-02-24T23:14:51Z,0,0,0,0,0,False,,False,False,911,False
2288,469,microsoft/apm,.github/workflows/cli-consistency-checker.md,2,2026-02-26T22:20:21Z,0,0,0,0,0,False,,False,False,918,False
2289,470,microsoft/apm,.github/workflows/daily-doc-updater.md,1,2026-02-24T23:14:51Z,0,0,0,0,0,False,,False,False,827,False
2290,470,microsoft/apm,.github/workflows/daily-doc-updater.md,2,2026-02-26T22:20:21Z,0,0,0,0,0,False,,False,False,827,False
2291,470,microsoft/apm,.github/workflows/daily-doc-updater.md,3,2026-03-03T21:58:37Z,0,0,0,0,0,False,,False,False,827,False
2292,471,microsoft/apm,.github/workflows/docs-sync.md,1,2026-05-11T19:39:48Z,0,0,0,0,0,False,,False,False,319,False
2293,472,microsoft/apm,.github/workflows/pr-review-panel.md,1,2026-04-21T23:31:50Z,0,0,0,0,0,False,,False,True,387,False
2294,472,microsoft/apm,.github/workflows/pr-review-panel.md,2,2026-04-21T23:42:50Z,0,0,0,0,0,False,,False,True,387,False
2295,472,microsoft/apm,.github/workflows/pr-review-panel.md,3,2026-04-22T08:53:41Z,0,0,0,0,0,False,,False,True,391,False
2296,472,microsoft/apm,.github/workflows/pr-review-panel.md,4,2026-04-22T09:12:55Z,0,0,0,0,0,False,,False,True,457,False
2297,472,microsoft/apm,.github/workflows/pr-review-panel.md,5,2026-04-24T09:30:55Z,0,0,0,0,0,False,,False,True,395,False
2298,472,microsoft/apm,.github/workflows/pr-review-panel.md,6,2026-04-24T15:19:39Z,0,0,0,0,0,False,,False,False,390,False
2299,472,microsoft/apm,.github/workflows/pr-review-panel.md,7,2026-04-24T15:59:27Z,0,0,0,0,0,False,,False,False,213,False
2300,472,microsoft/apm,.github/workflows/pr-review-panel.md,8,2026-04-26T08:24:04Z,0,0,0,0,0,False,,False,False,181,False
2301,472,microsoft/apm,.github/workflows/pr-review-panel.md,9,2026-04-28T20:59:32Z,0,0,0,0,0,False,,False,False,181,False
2302,472,microsoft/apm,.github/workflows/pr-review-panel.md,10,2026-04-29T09:11:37Z,0,0,0,0,0,False,,False,False,193,False
2303,472,microsoft/apm,.github/workflows/pr-review-panel.md,11,2026-05-01T19:12:40Z,0,0,0,0,0,False,,False,False,208,False
2304,472,microsoft/apm,.github/workflows/pr-review-panel.md,12,2026-05-07T18:15:50Z,0,0,0,0,0,False,,False,False,208,False
2305,473,microsoft/apm,.github/workflows/triage-panel.md,1,2026-04-26T15:30:42Z,0,0,0,0,0,False,,False,False,1491,False
2306,473,microsoft/apm,.github/workflows/triage-panel.md,2,2026-04-26T15:49:58Z,0,0,0,0,0,False,,False,False,1589,False
2307,473,microsoft/apm,.github/workflows/triage-panel.md,3,2026-04-26T15:59:04Z,0,0,0,0,0,False,,False,False,1619,False
2308,473,microsoft/apm,.github/workflows/triage-panel.md,4,2026-04-26T16:08:07Z,0,0,0,0,0,False,,False,False,1657,False
2309,473,microsoft/apm,.github/workflows/triage-panel.md,5,2026-04-26T20:22:12Z,0,0,0,0,0,False,,False,False,1820,False
2310,473,microsoft/apm,.github/workflows/triage-panel.md,6,2026-04-29T09:11:37Z,0,0,0,0,0,False,,False,False,1820,False
2311,473,microsoft/apm,.github/workflows/triage-panel.md,7,2026-05-07T18:15:50Z,0,0,0,0,0,False,,False,False,1820,False
2312,473,microsoft/apm,.github/workflows/triage-panel.md,8,2026-05-07T18:35:15Z,0,0,0,0,0,False,,False,False,1982,False
2313,473,microsoft/apm,.github/workflows/triage-panel.md,9,2026-05-07T19:58:42Z,0,0,0,0,0,False,,False,False,1965,False
2314,473,microsoft/apm,.github/workflows/triage-panel.md,10,2026-05-23T15:37:46Z,0,0,0,0,0,False,,False,False,2047,False
2315,473,microsoft/apm,.github/workflows/triage-panel.md,11,2026-05-26T21:26:44Z,0,0,0,0,0,False,,False,False,2046,False
2316,474,informedica/GenPRES,.github/workflows/repo-assist.md,1,2026-02-26T08:01:57Z,0,0,9,0,9,True,🤖💬🔧🏷📝🔄,False,False,2414,False
2317,474,informedica/GenPRES,.github/workflows/repo-assist.md,2,2026-05-18T06:04:43Z,0,0,9,0,9,True,🤖💬🔧🏷📝🔄,False,False,2414,False
2318,475,pikax/verter,.github/workflows/update-docs.md,1,2026-02-15T11:52:17Z,0,0,0,0,0,False,,False,False,500,False
2319,475,pikax/verter,.github/workflows/update-docs.md,2,2026-03-16T09:35:29Z,0,0,0,0,0,False,,False,False,642,False
2320,475,pikax/verter,.github/workflows/update-docs.md,3,2026-03-27T07:47:37Z,0,0,0,0,0,False,,False,False,642,False
2321,476,Kong/kongctl,.github/workflows/benchmark-regression-analysis.md,1,2026-05-03T15:49:39Z,0,0,0,0,0,False,,False,False,498,False
2322,476,Kong/kongctl,.github/workflows/benchmark-regression-analysis.md,2,2026-05-26T17:12:18Z,0,0,0,0,0,False,,False,False,527,False
2323,477,Kong/kongctl,.github/workflows/code-simplifier.md,1,2026-02-16T00:57:34Z,0,0,5,7,12,True,✅,False,False,1417,False
2324,477,Kong/kongctl,.github/workflows/code-simplifier.md,2,2026-02-16T01:14:21Z,0,0,5,7,12,True,✅,False,False,1417,False
2325,477,Kong/kongctl,.github/workflows/code-simplifier.md,3,2026-02-16T01:43:38Z,0,0,5,7,12,True,✅,False,False,1417,False
2326,477,Kong/kongctl,.github/workflows/code-simplifier.md,4,2026-02-16T02:38:39Z,0,0,2,7,9,True,✅,False,False,1297,False
2327,477,Kong/kongctl,.github/workflows/code-simplifier.md,5,2026-02-16T02:56:53Z,0,0,2,7,9,True,✅,False,False,1297,False
2328,477,Kong/kongctl,.github/workflows/code-simplifier.md,6,2026-02-16T03:37:39Z,0,0,2,7,9,True,✅,False,False,1297,False
2329,477,Kong/kongctl,.github/workflows/code-simplifier.md,7,2026-04-06T19:43:39Z,0,0,2,7,9,True,✅,False,False,1297,False
2330,477,Kong/kongctl,.github/workflows/code-simplifier.md,8,2026-04-10T13:55:31Z,0,0,2,5,7,True,✅,False,False,1409,False
2331,477,Kong/kongctl,.github/workflows/code-simplifier.md,9,2026-04-15T14:21:05Z,0,0,2,5,7,True,✅,False,False,1466,False
2332,478,Kong/kongctl,.github/workflows/e2e-coverage-scanner.md,1,2026-03-15T17:28:12Z,0,0,0,0,0,False,,False,False,1131,False
2333,478,Kong/kongctl,.github/workflows/e2e-coverage-scanner.md,2,2026-04-02T01:46:03Z,0,0,0,0,0,False,,False,False,1386,False
2334,478,Kong/kongctl,.github/workflows/e2e-coverage-scanner.md,3,2026-04-15T14:21:05Z,0,0,0,0,0,False,,False,False,1461,False
2335,478,Kong/kongctl,.github/workflows/e2e-coverage-scanner.md,4,2026-05-20T14:36:58Z,0,0,0,0,0,False,,False,False,1461,False
2336,478,Kong/kongctl,.github/workflows/e2e-coverage-scanner.md,5,2026-06-05T15:41:02Z,0,0,0,0,0,False,,False,False,1803,False
2337,479,Kong/kongctl,.github/workflows/kongctl-feature-user-agent.md,1,2026-05-16T15:25:04Z,0,0,0,0,0,False,,False,False,667,False
2338,479,Kong/kongctl,.github/workflows/kongctl-feature-user-agent.md,2,2026-05-19T14:58:12Z,0,0,0,0,0,False,,False,False,967,False
2339,479,Kong/kongctl,.github/workflows/kongctl-feature-user-agent.md,3,2026-05-19T15:32:22Z,0,0,0,0,0,False,,False,False,967,False
2340,479,Kong/kongctl,.github/workflows/kongctl-feature-user-agent.md,4,2026-05-19T16:38:15Z,0,0,0,0,0,False,,False,False,1264,False
2341,479,Kong/kongctl,.github/workflows/kongctl-feature-user-agent.md,5,2026-05-19T21:29:11Z,0,0,0,0,0,False,,False,False,1293,False
2342,479,Kong/kongctl,.github/workflows/kongctl-feature-user-agent.md,6,2026-06-05T20:28:33Z,0,0,0,0,0,False,,False,False,1979,False
2343,479,Kong/kongctl,.github/workflows/kongctl-feature-user-agent.md,7,2026-06-09T13:26:22Z,0,0,0,0,0,False,,False,False,2020,False
2344,479,Kong/kongctl,.github/workflows/kongctl-feature-user-agent.md,8,2026-06-09T15:33:03Z,0,0,0,0,0,False,,False,False,2399,False
2345,479,Kong/kongctl,.github/workflows/kongctl-feature-user-agent.md,9,2026-06-10T03:42:40Z,0,0,0,0,0,False,,False,False,2399,False
2346,479,Kong/kongctl,.github/workflows/kongctl-feature-user-agent.md,10,2026-06-24T22:07:17Z,0,0,0,0,0,False,,False,False,2728,False
2347,480,Kong/kongctl,.github/workflows/opened-issue-triage.md,1,2026-02-14T18:08:56Z,0,0,0,0,0,False,,False,False,2,True
2348,480,Kong/kongctl,.github/workflows/opened-issue-triage.md,2,2026-02-15T03:05:53Z,0,0,1,0,1,True,🎯,False,False,534,False
2349,480,Kong/kongctl,.github/workflows/opened-issue-triage.md,3,2026-02-15T03:29:19Z,0,0,1,0,1,True,🎯,False,False,535,False
2350,480,Kong/kongctl,.github/workflows/opened-issue-triage.md,4,2026-02-15T03:30:16Z,0,0,1,0,1,True,🎯,False,False,535,False
2351,480,Kong/kongctl,.github/workflows/opened-issue-triage.md,5,2026-02-15T04:14:24Z,0,0,1,0,1,True,🎯,False,False,587,False
2352,480,Kong/kongctl,.github/workflows/opened-issue-triage.md,6,2026-04-14T14:57:37Z,0,0,1,0,1,True,🎯,False,False,653,False
2353,480,Kong/kongctl,.github/workflows/opened-issue-triage.md,7,2026-04-28T05:39:59Z,0,0,1,0,1,True,🎯,False,False,653,False
2354,481,Kong/kongctl,.github/workflows/release.md,1,2026-02-24T20:57:39Z,0,0,4,1,5,True,⚠✨🐛📚🔗,False,False,669,False
2355,481,Kong/kongctl,.github/workflows/release.md,2,2026-02-24T21:30:42Z,0,0,4,1,5,True,⚠✨🐛📚🔗,False,False,674,False
2356,481,Kong/kongctl,.github/workflows/release.md,3,2026-02-24T22:00:15Z,0,0,4,1,5,True,⚠✨🐛📚🔗,False,False,674,False
2357,481,Kong/kongctl,.github/workflows/release.md,4,2026-02-25T16:05:53Z,0,0,4,1,5,True,⚠✨🐛📚🔗,False,False,664,False
2358,481,Kong/kongctl,.github/workflows/release.md,5,2026-02-25T16:06:53Z,0,0,4,1,5,True,⚠✨🐛📚🔗,False,False,661,False
2359,481,Kong/kongctl,.github/workflows/release.md,6,2026-02-26T17:44:46Z,0,0,4,1,5,True,⚠✨🐛📚🔗,False,False,661,False
2360,481,Kong/kongctl,.github/workflows/release.md,7,2026-02-26T22:40:10Z,0,0,4,1,5,True,⚠✨🐛📚🔗,False,False,661,False
2361,481,Kong/kongctl,.github/workflows/release.md,8,2026-02-27T21:27:52Z,0,0,4,1,5,True,⚠✨🐛📚🔗,False,False,661,False
2362,481,Kong/kongctl,.github/workflows/release.md,9,2026-03-04T02:44:00Z,0,0,4,1,5,True,⚠✨🐛📚🔗,False,False,661,False
2363,481,Kong/kongctl,.github/workflows/release.md,10,2026-04-15T14:21:05Z,0,0,4,1,5,True,⚠✨🐛📚🔗,False,False,734,False
2364,481,Kong/kongctl,.github/workflows/release.md,11,2026-04-21T15:53:25Z,0,0,4,1,5,True,⚠✨🐛📚🔗,False,False,739,False
2365,481,Kong/kongctl,.github/workflows/release.md,12,2026-04-28T14:35:41Z,0,0,4,1,5,True,⚠✨🐛📚🔗,False,False,739,False
2366,481,Kong/kongctl,.github/workflows/release.md,13,2026-05-20T14:35:41Z,0,0,4,1,5,True,⚠✨🐛📚🔗,False,False,739,False
2367,481,Kong/kongctl,.github/workflows/release.md,14,2026-05-20T16:13:01Z,0,0,4,1,5,True,⚠✨🐛📚🔗,False,False,739,False
2368,481,Kong/kongctl,.github/workflows/release.md,15,2026-06-02T20:14:00Z,0,0,4,1,5,True,⚠✨🐛📚🔗,False,False,756,False
2369,482,Kong/kongctl,.github/workflows/slash-cmd-issue-triage.md,1,2026-02-14T18:08:56Z,0,0,0,0,0,False,,False,False,2,True
2370,482,Kong/kongctl,.github/workflows/slash-cmd-issue-triage.md,2,2026-02-15T03:05:53Z,0,0,1,0,1,True,🎯,False,False,534,False
2371,482,Kong/kongctl,.github/workflows/slash-cmd-issue-triage.md,3,2026-02-15T03:29:19Z,0,0,1,0,1,True,🎯,False,False,535,False
2372,482,Kong/kongctl,.github/workflows/slash-cmd-issue-triage.md,4,2026-02-15T03:30:16Z,0,0,1,0,1,True,🎯,False,False,535,False
2373,482,Kong/kongctl,.github/workflows/slash-cmd-issue-triage.md,5,2026-02-15T04:14:24Z,0,0,1,0,1,True,🎯,False,False,575,False
2374,482,Kong/kongctl,.github/workflows/slash-cmd-issue-triage.md,6,2026-04-14T14:57:37Z,0,0,1,0,1,True,🎯,False,False,641,False
2375,482,Kong/kongctl,.github/workflows/slash-cmd-issue-triage.md,7,2026-04-28T05:39:59Z,0,0,1,0,1,True,🎯,False,False,641,False
2376,482,Kong/kongctl,.github/workflows/slash-cmd-issue-triage.md,8,2026-05-05T15:19:41Z,0,0,1,0,1,True,🎯,False,False,641,False
2377,482,Kong/kongctl,.github/workflows/slash-cmd-issue-triage.md,9,2026-05-05T21:53:31Z,0,0,1,0,1,True,🎯,False,False,641,False
2378,482,Kong/kongctl,.github/workflows/slash-cmd-issue-triage.md,10,2026-05-05T22:30:56Z,0,0,1,0,1,True,🎯,False,False,641,False
2379,482,Kong/kongctl,.github/workflows/slash-cmd-issue-triage.md,11,2026-05-05T23:31:41Z,0,0,1,0,1,True,🎯,False,False,641,False
2380,483,Kong/kongctl,.github/workflows/weekly-repo-status.md,1,2026-02-13T22:15:45Z,0,0,1,0,1,True,🌟,False,True,105,False
2381,483,Kong/kongctl,.github/workflows/weekly-repo-status.md,2,2026-02-17T16:10:42Z,0,0,1,0,1,True,🌟,False,True,105,False
2382,483,Kong/kongctl,.github/workflows/weekly-repo-status.md,3,2026-03-03T18:17:37Z,0,0,1,0,1,True,🌟,False,True,105,False
2383,483,Kong/kongctl,.github/workflows/weekly-repo-status.md,4,2026-04-10T17:29:12Z,0,0,1,0,1,True,🌟,False,True,155,False
2384,483,Kong/kongctl,.github/workflows/weekly-repo-status.md,5,2026-04-15T14:21:05Z,0,0,1,0,1,True,🌟,False,True,207,False
2385,484,shanselman/WindowsEdgeLight,.github/workflows/repo-assist.md,1,2026-04-14T02:26:42Z,0,0,9,0,9,True,🤖💬🔧🏷📝🔄,False,False,2694,False
2386,485,chrisreddington/trend-radar,.github/workflows/repo-assist.md,1,2026-03-20T07:43:20Z,0,0,9,0,9,True,🤖💬🔧🏷📝🔄,False,False,2694,False
2387,485,chrisreddington/trend-radar,.github/workflows/repo-assist.md,2,2026-04-17T09:10:42Z,1,0,9,0,10,True,🌈🤖💬🔧🏷📝🔄,False,False,2694,False
2388,486,mcpc-tech/dev-inspector-mcp,.github/workflows/daily-repo-status.md,1,2026-02-12T03:31:21Z,0,0,1,0,1,True,🌟,False,True,105,False
2389,487,hemanth/mcp-web-client,.github/workflows/daily-repo-status.md,1,2026-02-14T15:14:43Z,0,0,1,0,1,True,🌟,False,True,105,False
2390,488,meteostat/meteostat,.github/workflows/bug-reproducer.md,1,2026-02-14T18:09:57Z,0,0,0,2,2,True,🐛✅,False,False,911,False
2391,488,meteostat/meteostat,.github/workflows/bug-reproducer.md,2,2026-02-14T18:12:12Z,0,0,0,2,2,True,🐛✅,False,False,911,False
2392,489,meteostat/meteostat,.github/workflows/issue-triage-agent.md,1,2026-02-13T15:48:25Z,0,0,0,1,1,True,🏷,False,False,226,False
2393,489,meteostat/meteostat,.github/workflows/issue-triage-agent.md,2,2026-02-14T17:54:02Z,0,0,0,1,1,True,🏷,False,False,226,False
2394,490,navikt/copilot,.github/workflows/news-excerpts.md,1,2026-03-09T07:45:02Z,0,0,0,0,0,False,,False,False,226,False
2395,490,navikt/copilot,.github/workflows/news-excerpts.md,2,2026-03-09T07:55:23Z,0,0,0,0,0,False,,False,False,302,False
2396,490,navikt/copilot,.github/workflows/news-excerpts.md,3,2026-03-09T08:08:06Z,0,0,0,0,0,False,,False,False,621,False
2397,490,navikt/copilot,.github/workflows/news-excerpts.md,4,2026-03-09T09:22:49Z,0,0,0,0,0,False,,False,False,621,False
2398,490,navikt/copilot,.github/workflows/news-excerpts.md,5,2026-04-06T16:07:17Z,0,3,0,0,3,True,✅⚠🚫,False,False,1035,False
2399,490,navikt/copilot,.github/workflows/news-excerpts.md,6,2026-04-10T14:49:08Z,0,3,0,0,3,True,✅⚠🚫,False,False,1058,False
2400,490,navikt/copilot,.github/workflows/news-excerpts.md,7,2026-04-13T19:51:54Z,0,3,0,0,3,True,✅⚠🚫,False,False,1058,False
2401,490,navikt/copilot,.github/workflows/news-excerpts.md,8,2026-05-08T20:38:25Z,0,3,0,0,3,True,✅⚠🚫,False,False,1058,False
2402,491,BMayhew/awesome-sites-to-test-on,.github/workflows/issue-site-submission.md,1,2026-03-02T06:17:29Z,0,0,0,0,0,False,,False,False,1023,False
2403,491,BMayhew/awesome-sites-to-test-on,.github/workflows/issue-site-submission.md,2,2026-03-02T06:45:06Z,0,0,0,0,0,False,,False,False,1051,False
2404,492,github/copilot-sdk,.github/workflows/cross-repo-issue-analysis.md,1,2026-03-05T00:34:33Z,0,0,0,0,0,False,,False,False,652,False
2405,492,github/copilot-sdk,.github/workflows/cross-repo-issue-analysis.md,2,2026-03-05T00:40:32Z,0,0,0,0,0,False,,False,False,652,False
2406,492,github/copilot-sdk,.github/workflows/cross-repo-issue-analysis.md,3,2026-03-05T00:49:37Z,0,0,0,0,0,False,,False,False,652,False
2407,492,github/copilot-sdk,.github/workflows/cross-repo-issue-analysis.md,4,2026-03-05T00:53:06Z,0,0,0,0,0,False,,False,False,679,False
2408,492,github/copilot-sdk,.github/workflows/cross-repo-issue-analysis.md,5,2026-03-05T01:02:25Z,0,0,0,0,0,False,,False,False,683,False
2409,492,github/copilot-sdk,.github/workflows/cross-repo-issue-analysis.md,6,2026-03-05T01:33:08Z,0,0,0,0,0,False,,False,False,683,False
2410,492,github/copilot-sdk,.github/workflows/cross-repo-issue-analysis.md,7,2026-03-05T01:34:50Z,0,0,0,0,0,False,,False,False,647,False
2411,492,github/copilot-sdk,.github/workflows/cross-repo-issue-analysis.md,8,2026-03-05T01:35:15Z,0,0,0,0,0,False,,False,False,647,False
2412,492,github/copilot-sdk,.github/workflows/cross-repo-issue-analysis.md,9,2026-03-10T15:50:09Z,0,0,0,0,0,False,,False,False,572,False
2413,492,github/copilot-sdk,.github/workflows/cross-repo-issue-analysis.md,10,2026-05-21T17:29:30Z,0,0,0,0,0,False,,False,False,572,False
2414,493,github/copilot-sdk,.github/workflows/handle-bug.md,1,2026-04-02T17:49:33Z,0,0,0,0,0,False,,False,False,445,False
2415,493,github/copilot-sdk,.github/workflows/handle-bug.md,2,2026-04-03T01:35:11Z,0,0,0,0,0,False,,False,False,445,False
2416,494,github/copilot-sdk,.github/workflows/handle-documentation.md,1,2026-04-02T17:49:33Z,0,0,0,0,0,False,,False,False,116,False
2417,494,github/copilot-sdk,.github/workflows/handle-documentation.md,2,2026-04-03T01:35:11Z,0,0,0,0,0,False,,False,False,116,False
2418,495,github/copilot-sdk,.github/workflows/handle-enhancement.md,1,2026-04-02T17:49:33Z,0,0,0,0,0,False,,False,False,12,True
2419,495,github/copilot-sdk,.github/workflows/handle-enhancement.md,2,2026-04-03T01:35:11Z,0,0,0,0,0,False,,False,False,12,True
2420,496,github/copilot-sdk,.github/workflows/handle-question.md,1,2026-04-02T17:49:33Z,0,0,0,0,0,False,,False,False,12,True
2421,496,github/copilot-sdk,.github/workflows/handle-question.md,2,2026-04-03T01:35:11Z,0,0,0,0,0,False,,False,False,12,True
2422,497,github/copilot-sdk,.github/workflows/issue-classification.md,1,2026-04-02T17:49:33Z,0,0,0,0,0,False,,False,False,825,False
2423,498,github/copilot-sdk,.github/workflows/issue-triage.md,1,2026-01-14T22:01:55Z,0,0,0,0,0,False,,False,False,387,False
2424,498,github/copilot-sdk,.github/workflows/issue-triage.md,2,2026-01-14T23:56:27Z,0,0,0,0,0,False,,False,False,387,False
2425,498,github/copilot-sdk,.github/workflows/issue-triage.md,3,2026-01-20T14:08:14Z,0,0,0,0,0,False,,False,False,387,False
2426,498,github/copilot-sdk,.github/workflows/issue-triage.md,4,2026-04-02T10:03:46Z,0,0,0,0,0,False,,False,False,387,False
2427,498,github/copilot-sdk,.github/workflows/issue-triage.md,5,2026-06-04T23:50:06Z,0,0,0,0,0,False,,False,False,394,False
2428,499,github/copilot-sdk,.github/workflows/java-adapt-handwritten-code-to-accept-upgrade-changes.md,1,2026-06-04T21:53:03Z,0,0,6,0,6,True,❌✅,False,False,542,False
2429,499,github/copilot-sdk,.github/workflows/java-adapt-handwritten-code-to-accept-upgrade-changes.md,2,2026-06-06T19:43:49Z,0,0,6,0,6,True,❌✅,False,False,544,False
2430,500,github/copilot-sdk,.github/workflows/java-codegen-fix.md,1,2026-05-21T17:29:30Z,0,0,5,0,5,True,❌✅,False,False,1197,False
2431,500,github/copilot-sdk,.github/workflows/java-codegen-fix.md,2,2026-05-27T00:12:15Z,0,0,5,0,5,True,❌✅,False,False,1197,False
2432,501,github/copilot-sdk,.github/workflows/release-changelog.md,1,2026-03-03T16:32:51Z,0,0,0,0,0,False,,False,False,972,False
2433,501,github/copilot-sdk,.github/workflows/release-changelog.md,2,2026-03-03T17:19:55Z,0,0,0,0,0,False,,False,False,1122,False
2434,501,github/copilot-sdk,.github/workflows/release-changelog.md,3,2026-03-03T17:34:01Z,0,0,0,0,0,False,,False,False,1227,False
2435,501,github/copilot-sdk,.github/workflows/release-changelog.md,4,2026-04-10T11:24:43Z,0,0,0,0,0,False,,False,False,1344,False
2436,501,github/copilot-sdk,.github/workflows/release-changelog.md,5,2026-05-22T20:52:21Z,0,0,0,0,0,False,,False,False,1493,False
2437,501,github/copilot-sdk,.github/workflows/release-changelog.md,6,2026-05-30T00:09:22Z,0,0,0,0,0,False,,False,False,1620,False
2438,502,github/copilot-sdk,.github/workflows/sdk-consistency-review.md,1,2026-01-23T11:14:12Z,0,0,0,0,0,False,,False,False,611,False
2439,502,github/copilot-sdk,.github/workflows/sdk-consistency-review.md,2,2026-04-02T10:03:46Z,0,0,0,0,0,False,,False,False,611,False
2440,502,github/copilot-sdk,.github/workflows/sdk-consistency-review.md,3,2026-06-04T23:50:06Z,0,0,0,0,0,False,,False,False,647,False
2441,502,github/copilot-sdk,.github/workflows/sdk-consistency-review.md,4,2026-06-05T20:14:34Z,0,0,0,0,0,False,,False,False,647,False
2442,503,natnew/Awesome-Data-Science,.github/workflows/issue-triage-agent.md,1,2026-02-18T09:37:05Z,0,0,0,1,1,True,🏷,False,False,366,False
2443,503,natnew/Awesome-Data-Science,.github/workflows/issue-triage-agent.md,2,2026-02-18T09:48:39Z,0,0,0,1,1,True,🏷,False,False,366,False
2444,503,natnew/Awesome-Data-Science,.github/workflows/issue-triage-agent.md,3,2026-02-18T10:05:18Z,0,0,0,0,0,False,,False,False,103,False
2445,504,neverinfamous/memory-journal-mcp,.github/workflows/ci-health-monitor.md,1,2026-03-12T12:39:35Z,0,0,1,4,5,True,✅🏥🔴🟡🟢,False,False,354,False
2446,504,neverinfamous/memory-journal-mcp,.github/workflows/ci-health-monitor.md,2,2026-03-14T10:11:25Z,0,0,1,4,5,True,✅🏥🔴🟡🟢,False,False,354,False
2447,504,neverinfamous/memory-journal-mcp,.github/workflows/ci-health-monitor.md,3,2026-04-11T01:45:17Z,0,0,1,4,5,True,✅🏥🔴🟡🟢,False,False,354,False
2448,505,neverinfamous/memory-journal-mcp,.github/workflows/docs-drift-detector.md,1,2026-03-12T12:39:35Z,0,0,2,4,6,True,✅📋⚠🔄,False,False,544,False
2449,505,neverinfamous/memory-journal-mcp,.github/workflows/docs-drift-detector.md,2,2026-03-12T15:36:21Z,0,0,2,4,6,True,✅📋⚠🔄,False,False,535,False
2450,505,neverinfamous/memory-journal-mcp,.github/workflows/docs-drift-detector.md,3,2026-03-13T18:07:19Z,0,0,2,4,6,True,✅📋⚠🔄,False,False,530,False
2451,505,neverinfamous/memory-journal-mcp,.github/workflows/docs-drift-detector.md,4,2026-03-14T10:11:25Z,0,0,2,4,6,True,✅📋⚠🔄,False,False,530,False
2452,505,neverinfamous/memory-journal-mcp,.github/workflows/docs-drift-detector.md,5,2026-04-11T01:45:17Z,0,0,2,4,6,True,✅📋⚠🔄,False,False,530,False
2453,505,neverinfamous/memory-journal-mcp,.github/workflows/docs-drift-detector.md,6,2026-05-31T22:00:58Z,0,0,2,4,6,True,✅📋⚠🔄,False,False,547,False
2454,506,neverinfamous/memory-journal-mcp,.github/workflows/wiki-drift-detector.md,1,2026-03-23T20:49:27Z,0,0,2,4,6,True,✅📋⚠🔄,False,False,434,False
2455,506,neverinfamous/memory-journal-mcp,.github/workflows/wiki-drift-detector.md,2,2026-04-11T01:45:17Z,0,0,2,4,6,True,✅📋⚠🔄,False,False,434,False
2456,507,microsoft/skills,.github/workflows/update-llms-txt.md,1,2026-01-19T18:07:27Z,0,0,0,0,0,False,,False,False,166,False
2457,507,microsoft/skills,.github/workflows/update-llms-txt.md,2,2026-01-27T02:50:25Z,0,0,0,0,0,False,,False,False,166,False
2458,507,microsoft/skills,.github/workflows/update-llms-txt.md,3,2026-01-27T02:53:46Z,0,0,0,0,0,False,,False,False,166,False
2459,507,microsoft/skills,.github/workflows/update-llms-txt.md,4,2026-01-27T02:55:04Z,0,0,0,0,0,False,,False,False,166,False
2460,507,microsoft/skills,.github/workflows/update-llms-txt.md,5,2026-01-29T05:06:40Z,0,0,0,0,0,False,,False,False,166,False
2461,508,copilot-community-sdk/copilot-sdk-java,.github/workflows/weekly-upstream-sync.md,1,2026-02-09T21:54:12Z,0,0,0,0,0,False,,False,False,642,False
2462,508,copilot-community-sdk/copilot-sdk-java,.github/workflows/weekly-upstream-sync.md,2,2026-02-09T23:47:12Z,0,0,0,0,0,False,,False,False,642,False
2463,508,copilot-community-sdk/copilot-sdk-java,.github/workflows/weekly-upstream-sync.md,3,2026-02-10T00:37:22Z,0,0,0,0,0,False,,False,False,556,False
2464,508,copilot-community-sdk/copilot-sdk-java,.github/workflows/weekly-upstream-sync.md,4,2026-02-10T00:44:39Z,0,0,0,0,0,False,,False,False,556,False
2465,508,copilot-community-sdk/copilot-sdk-java,.github/workflows/weekly-upstream-sync.md,5,2026-02-10T02:44:18Z,0,0,0,0,0,False,,False,False,556,False
2466,508,copilot-community-sdk/copilot-sdk-java,.github/workflows/weekly-upstream-sync.md,6,2026-02-11T01:11:31Z,0,0,0,0,0,False,,False,False,556,False
2467,508,copilot-community-sdk/copilot-sdk-java,.github/workflows/weekly-upstream-sync.md,7,2026-02-11T03:16:23Z,0,0,0,0,0,False,,False,False,592,False
2468,508,copilot-community-sdk/copilot-sdk-java,.github/workflows/weekly-upstream-sync.md,8,2026-03-02T22:01:32Z,0,0,0,0,0,False,,False,False,592,False
2469,509,chrisreddington/flight-school,.github/workflows/daily-accessibility-review.md,1,2026-02-23T14:58:36Z,0,0,0,0,0,False,,False,False,318,False
2470,509,chrisreddington/flight-school,.github/workflows/daily-accessibility-review.md,2,2026-05-24T20:50:16Z,0,0,0,0,0,False,,False,False,321,False
2471,510,chrisreddington/flight-school,.github/workflows/daily-perf-improver.md,1,2026-02-23T14:58:36Z,0,0,0,0,0,False,,False,False,780,False
2472,510,chrisreddington/flight-school,.github/workflows/daily-perf-improver.md,2,2026-05-24T20:50:16Z,0,0,0,0,0,False,,False,False,780,False
2473,511,chrisreddington/flight-school,.github/workflows/daily-qa.md,1,2026-02-23T14:58:36Z,0,0,0,0,0,False,,False,False,275,False
2474,511,chrisreddington/flight-school,.github/workflows/daily-qa.md,2,2026-03-03T20:33:36Z,0,0,0,0,0,False,,False,False,275,False
2475,511,chrisreddington/flight-school,.github/workflows/daily-qa.md,3,2026-03-03T20:35:53Z,0,0,0,0,0,False,,False,False,275,False
2476,511,chrisreddington/flight-school,.github/workflows/daily-qa.md,4,2026-05-24T20:50:16Z,0,0,0,0,0,False,,False,False,278,False
2477,512,chrisreddington/flight-school,.github/workflows/daily-test-improver.md,1,2026-02-23T14:58:36Z,0,0,0,0,0,False,,False,False,403,False
2478,512,chrisreddington/flight-school,.github/workflows/daily-test-improver.md,2,2026-03-03T20:33:36Z,0,0,0,0,0,False,,False,False,403,False
2479,512,chrisreddington/flight-school,.github/workflows/daily-test-improver.md,3,2026-05-24T20:50:16Z,0,0,0,0,0,False,,False,False,406,False
2480,513,chrisreddington/flight-school,.github/workflows/issue-triage.md,1,2026-01-24T00:54:10Z,0,0,1,0,1,True,🎯,False,False,552,False
2481,514,f/prompts.chat,.github/workflows/spam-check.md,1,2026-02-18T17:29:04Z,0,0,0,5,5,True,👋⚠🚫,False,False,898,False
2482,515,microsoft/GitHub-Copilot-for-Azure,.github/workflows/analyze-test-run.md,1,2026-03-06T00:27:21Z,0,0,0,0,0,False,,False,False,9,True
2483,515,microsoft/GitHub-Copilot-for-Azure,.github/workflows/analyze-test-run.md,2,2026-03-12T17:55:06Z,0,0,0,0,0,False,,False,False,11,True
2484,515,microsoft/GitHub-Copilot-for-Azure,.github/workflows/analyze-test-run.md,3,2026-03-26T18:01:46Z,0,0,0,0,0,False,,False,False,11,True
2485,515,microsoft/GitHub-Copilot-for-Azure,.github/workflows/analyze-test-run.md,4,2026-04-08T20:31:52Z,0,0,0,0,0,False,,False,False,11,True
2486,515,microsoft/GitHub-Copilot-for-Azure,.github/workflows/analyze-test-run.md,5,2026-04-13T20:18:44Z,0,0,0,0,0,False,,False,False,11,True
2487,515,microsoft/GitHub-Copilot-for-Azure,.github/workflows/analyze-test-run.md,6,2026-04-20T20:51:29Z,0,0,0,0,0,False,,False,False,11,True
2488,515,microsoft/GitHub-Copilot-for-Azure,.github/workflows/analyze-test-run.md,7,2026-06-12T17:06:24Z,0,0,0,0,0,False,,False,False,11,True
2489,516,microsoft/GitHub-Copilot-for-Azure,.github/workflows/issue-triage.md,1,2026-02-20T23:28:32Z,0,0,0,0,0,False,,False,False,496,False
2490,516,microsoft/GitHub-Copilot-for-Azure,.github/workflows/issue-triage.md,2,2026-04-01T21:25:14Z,0,0,0,0,0,False,,False,False,496,False
2491,516,microsoft/GitHub-Copilot-for-Azure,.github/workflows/issue-triage.md,3,2026-04-13T20:18:44Z,0,0,0,0,0,False,,False,False,496,False
2492,516,microsoft/GitHub-Copilot-for-Azure,.github/workflows/issue-triage.md,4,2026-04-20T20:51:29Z,0,0,0,0,0,False,,False,False,496,False
2493,517,microsoft/GitHub-Copilot-for-Azure,.github/workflows/weekly-repo-status.md,1,2026-02-20T19:20:59Z,0,0,1,0,1,True,🌟,False,True,105,False
2494,517,microsoft/GitHub-Copilot-for-Azure,.github/workflows/weekly-repo-status.md,2,2026-02-20T21:04:32Z,0,0,1,0,1,True,🌟,False,True,267,False
2495,517,microsoft/GitHub-Copilot-for-Azure,.github/workflows/weekly-repo-status.md,3,2026-04-13T20:18:44Z,0,0,1,0,1,True,🌟,False,True,267,False
2496,517,microsoft/GitHub-Copilot-for-Azure,.github/workflows/weekly-repo-status.md,4,2026-04-20T20:51:29Z,0,0,1,0,1,True,🌟,False,True,267,False
2497,517,microsoft/GitHub-Copilot-for-Azure,.github/workflows/weekly-repo-status.md,5,2026-06-15T22:11:49Z,0,0,1,0,1,True,🌟,False,True,267,False
2498,517,microsoft/GitHub-Copilot-for-Azure,.github/workflows/weekly-repo-status.md,6,2026-06-18T18:57:04Z,0,0,1,0,1,True,🌟,False,True,267,False
2499,518,pulumi/pulumi-docker-build,.github/workflows/gh-aw-pr-rereview.md,1,2026-05-12T06:35:37Z,0,0,0,0,0,False,,False,False,6,True
2500,519,pulumi/pulumi-docker-build,.github/workflows/gh-aw-pr-review.md,1,2026-05-12T06:35:37Z,0,0,0,0,0,False,,False,False,5,True
2501,520,influxdata/docs-v2,.github/workflows/weekly-repo-status.md,1,2026-03-29T19:00:13Z,0,0,1,0,1,True,🌟,False,True,105,False
2502,521,Flare-Animate/Flare,.github/workflows/agentic-auto-fix.md,1,2026-03-05T08:24:42Z,0,0,0,0,0,False,,False,False,398,False
2503,522,vbuch/oboapp,.github/workflows/ci-failure-fix.md,1,2026-04-17T16:13:54Z,0,0,0,0,0,False,,False,False,221,False
2504,523,shanselman/winget-tui,.github/workflows/repo-assist.md,1,2026-03-17T06:08:31Z,0,0,9,0,9,True,🤖💬🔧🏷📝🔄,False,False,2694,False
2505,524,chimon2000/good_first_issue,.github/workflows/code-simplifier.md,1,2026-02-12T17:56:24Z,0,0,13,6,19,True,✅,False,False,1642,False
2506,524,chimon2000/good_first_issue,.github/workflows/code-simplifier.md,2,2026-02-12T18:49:29Z,0,0,13,6,19,True,✅,False,False,1642,False
2507,524,chimon2000/good_first_issue,.github/workflows/code-simplifier.md,3,2026-02-12T18:51:58Z,0,0,13,6,19,True,✅,False,False,1636,False
2508,525,chimon2000/good_first_issue,.github/workflows/duplicate-code-detector.md,1,2026-02-12T18:02:39Z,0,0,0,1,1,True,🔍,False,False,1232,False
2509,525,chimon2000/good_first_issue,.github/workflows/duplicate-code-detector.md,2,2026-02-12T18:36:25Z,0,0,0,1,1,True,🔍,False,False,1202,False
2510,525,chimon2000/good_first_issue,.github/workflows/duplicate-code-detector.md,3,2026-02-12T18:49:29Z,0,0,0,1,1,True,🔍,False,False,1232,False
2511,525,chimon2000/good_first_issue,.github/workflows/duplicate-code-detector.md,4,2026-02-12T20:01:24Z,0,0,0,1,1,True,🔍,False,False,1202,False
2512,526,intent-integrity-chain/kit,.github/workflows/review-anthropic.md,1,2026-05-22T16:45:51Z,0,0,0,0,0,False,,False,False,1178,False
2513,526,intent-integrity-chain/kit,.github/workflows/review-anthropic.md,2,2026-06-02T08:35:34Z,0,0,0,0,0,False,,False,False,1178,False
2514,527,intent-integrity-chain/kit,.github/workflows/review-openai.md,1,2026-05-22T16:45:51Z,0,0,0,0,0,False,,False,False,1473,False
2515,527,intent-integrity-chain/kit,.github/workflows/review-openai.md,2,2026-06-02T08:35:34Z,0,0,0,0,0,False,,False,False,1473,False
2516,528,doggy8088/Apptopia,.github/workflows/issue-auto-labeler.md,1,2026-02-17T08:17:56Z,0,0,0,0,0,False,,False,False,755,False
2517,528,doggy8088/Apptopia,.github/workflows/issue-auto-labeler.md,2,2026-02-17T08:23:56Z,0,0,0,0,0,False,,False,False,1141,False
2518,528,doggy8088/Apptopia,.github/workflows/issue-auto-labeler.md,3,2026-02-18T18:46:19Z,0,0,0,0,0,False,,False,False,1141,False
2519,529,PureWeen/PolyPilot,.github/workflows/agent-fix.md,1,2026-04-22T22:02:25Z,0,0,1,0,1,True,🚨,False,False,654,False
2520,529,PureWeen/PolyPilot,.github/workflows/agent-fix.md,2,2026-04-22T22:08:38Z,0,0,1,0,1,True,🚨,False,False,847,False
2521,529,PureWeen/PolyPilot,.github/workflows/agent-fix.md,3,2026-04-22T23:19:07Z,0,0,1,0,1,True,🚨,False,False,892,False
2522,529,PureWeen/PolyPilot,.github/workflows/agent-fix.md,4,2026-04-23T03:23:37Z,0,0,1,0,1,True,🚨,False,False,892,False
2523,529,PureWeen/PolyPilot,.github/workflows/agent-fix.md,5,2026-04-23T04:01:31Z,0,0,1,0,1,True,🚨,False,False,985,False
2524,529,PureWeen/PolyPilot,.github/workflows/agent-fix.md,6,2026-04-23T19:33:24Z,0,0,1,0,1,True,🚨,False,False,1036,False
2525,529,PureWeen/PolyPilot,.github/workflows/agent-fix.md,7,2026-04-28T11:12:13Z,0,0,1,0,1,True,🚨,False,False,1339,False
2526,529,PureWeen/PolyPilot,.github/workflows/agent-fix.md,8,2026-04-28T12:02:00Z,0,0,1,0,1,True,🚨,False,False,1288,False
2527,529,PureWeen/PolyPilot,.github/workflows/agent-fix.md,9,2026-04-28T16:58:41Z,0,0,1,0,1,True,🚨,False,False,1210,False
2528,529,PureWeen/PolyPilot,.github/workflows/agent-fix.md,10,2026-04-28T17:17:04Z,0,0,2,0,2,True,🚨,False,False,1237,False
2529,529,PureWeen/PolyPilot,.github/workflows/agent-fix.md,11,2026-04-28T20:12:12Z,0,0,2,0,2,True,🚨,False,False,1237,False
2530,530,PureWeen/PolyPilot,.github/workflows/dep-update.md,1,2026-04-18T21:05:49Z,0,0,0,0,0,False,,False,False,318,False
2531,530,PureWeen/PolyPilot,.github/workflows/dep-update.md,2,2026-04-18T21:11:14Z,0,0,0,0,0,False,,False,False,318,False
2532,530,PureWeen/PolyPilot,.github/workflows/dep-update.md,3,2026-04-18T22:41:00Z,0,0,0,0,0,False,,False,False,471,False
2533,530,PureWeen/PolyPilot,.github/workflows/dep-update.md,4,2026-04-19T04:31:49Z,0,0,0,0,0,False,,False,False,471,False
2534,530,PureWeen/PolyPilot,.github/workflows/dep-update.md,5,2026-04-19T04:40:54Z,0,0,0,0,0,False,,False,False,706,False
2535,530,PureWeen/PolyPilot,.github/workflows/dep-update.md,6,2026-04-19T04:59:05Z,0,0,0,0,0,False,,False,False,792,False
2536,530,PureWeen/PolyPilot,.github/workflows/dep-update.md,7,2026-04-19T05:24:32Z,0,0,0,0,0,False,,False,False,752,False
2537,530,PureWeen/PolyPilot,.github/workflows/dep-update.md,8,2026-04-19T05:43:24Z,0,0,0,0,0,False,,False,False,781,False
2538,530,PureWeen/PolyPilot,.github/workflows/dep-update.md,9,2026-04-19T12:24:35Z,0,0,0,0,0,False,,False,False,827,False
2539,530,PureWeen/PolyPilot,.github/workflows/dep-update.md,10,2026-04-19T12:41:36Z,0,0,0,0,0,False,,False,False,841,False
2540,530,PureWeen/PolyPilot,.github/workflows/dep-update.md,11,2026-04-19T14:05:01Z,0,0,0,0,0,False,,False,False,934,False
2541,530,PureWeen/PolyPilot,.github/workflows/dep-update.md,12,2026-04-19T14:11:55Z,0,0,0,0,0,False,,False,False,956,False
2542,530,PureWeen/PolyPilot,.github/workflows/dep-update.md,13,2026-04-21T18:54:21Z,0,0,0,0,0,False,,False,False,956,False
2543,530,PureWeen/PolyPilot,.github/workflows/dep-update.md,14,2026-04-21T19:44:00Z,0,0,0,0,0,False,,False,False,1046,False
2544,530,PureWeen/PolyPilot,.github/workflows/dep-update.md,15,2026-04-22T03:53:12Z,0,0,0,0,0,False,,False,False,1051,False
2545,530,PureWeen/PolyPilot,.github/workflows/dep-update.md,16,2026-04-22T04:06:24Z,0,0,0,0,0,False,,False,False,1020,False
2546,531,PureWeen/PolyPilot,.github/workflows/expert-review.md,1,2026-04-28T16:58:41Z,0,0,0,0,0,False,,False,False,7,True
2547,532,PureWeen/PolyPilot,.github/workflows/fix-review-findings.md,1,2026-04-28T16:58:41Z,0,0,8,2,10,True,🚨🔴🟡🟢✅⚠,False,False,622,False
2548,532,PureWeen/PolyPilot,.github/workflows/fix-review-findings.md,2,2026-04-28T18:25:26Z,0,0,9,2,11,True,🚨🔴🟡🟢✅⚠,False,False,721,False
2549,532,PureWeen/PolyPilot,.github/workflows/fix-review-findings.md,3,2026-04-28T18:52:18Z,0,0,10,2,12,True,🚨🔴🟡🟢✅⚠,False,False,748,False
2550,532,PureWeen/PolyPilot,.github/workflows/fix-review-findings.md,4,2026-04-28T20:12:12Z,0,0,10,3,13,True,🚨🔴🟡🟢✅⚠,False,False,886,False
2551,532,PureWeen/PolyPilot,.github/workflows/fix-review-findings.md,5,2026-04-30T20:30:32Z,0,0,9,3,12,True,🚨🔴🟡🟢✅⚠,False,False,813,False
2552,533,PureWeen/PolyPilot,.github/workflows/fix.agent.md,1,2026-04-22T03:16:04Z,0,0,0,0,0,False,,False,False,7,True
2553,534,PureWeen/PolyPilot,.github/workflows/instruction-drift.agent.md,1,2026-04-21T18:54:21Z,0,0,2,0,2,True,🚨,False,False,591,False
2554,534,PureWeen/PolyPilot,.github/workflows/instruction-drift.agent.md,2,2026-04-22T02:24:58Z,0,0,3,0,3,True,🚨,False,False,643,False
2555,534,PureWeen/PolyPilot,.github/workflows/instruction-drift.agent.md,3,2026-04-22T03:25:24Z,0,1,2,0,3,True,🚨,False,False,650,False
2556,534,PureWeen/PolyPilot,.github/workflows/instruction-drift.agent.md,4,2026-04-22T03:57:22Z,0,1,1,0,2,True,🚨,False,False,252,False
2557,534,PureWeen/PolyPilot,.github/workflows/instruction-drift.agent.md,5,2026-04-22T04:09:47Z,0,1,2,0,3,True,🚨,False,False,659,False
2558,534,PureWeen/PolyPilot,.github/workflows/instruction-drift.agent.md,6,2026-04-22T12:21:07Z,0,1,2,0,3,True,🚨,False,False,659,False
2559,534,PureWeen/PolyPilot,.github/workflows/instruction-drift.agent.md,7,2026-04-22T12:49:58Z,0,1,1,0,2,True,🚨,False,False,238,False
2560,534,PureWeen/PolyPilot,.github/workflows/instruction-drift.agent.md,8,2026-04-23T16:45:46Z,0,1,1,0,2,True,🚨,False,False,238,False
2561,534,PureWeen/PolyPilot,.github/workflows/instruction-drift.agent.md,9,2026-04-24T19:45:23Z,0,1,1,0,2,True,🚨,False,False,243,False
2562,534,PureWeen/PolyPilot,.github/workflows/instruction-drift.agent.md,10,2026-04-24T20:09:32Z,0,1,1,0,2,True,🚨,False,False,287,False
2563,534,PureWeen/PolyPilot,.github/workflows/instruction-drift.agent.md,11,2026-04-24T20:48:47Z,0,1,1,0,2,True,🚨,False,False,582,False
2564,535,PureWeen/PolyPilot,.github/workflows/review-on-open.agent.md,1,2026-04-18T18:21:36Z,0,0,0,0,0,False,,False,False,7,True
2565,535,PureWeen/PolyPilot,.github/workflows/review-on-open.agent.md,2,2026-04-20T01:46:05Z,0,0,0,0,0,False,,False,False,7,True
2566,535,PureWeen/PolyPilot,.github/workflows/review-on-open.agent.md,3,2026-04-21T18:54:21Z,0,0,0,0,0,False,,False,False,7,True
2567,535,PureWeen/PolyPilot,.github/workflows/review-on-open.agent.md,4,2026-04-22T02:24:58Z,0,0,0,0,0,False,,False,False,7,True
2568,535,PureWeen/PolyPilot,.github/workflows/review-on-open.agent.md,5,2026-04-28T16:58:41Z,0,0,0,0,0,False,,False,False,7,True
2569,536,PureWeen/PolyPilot,.github/workflows/review-retro.agent.md,1,2026-04-22T03:16:04Z,0,0,1,6,7,True,🚨✅❌⚠,False,False,809,False
2570,536,PureWeen/PolyPilot,.github/workflows/review-retro.agent.md,2,2026-04-28T16:58:41Z,0,0,1,6,7,True,🚨✅❌⚠,False,False,809,False
2571,537,jurre/huebar,.github/workflows/code-review.md,1,2026-02-15T20:51:58Z,0,0,0,0,0,False,,False,False,473,False
2572,538,jurre/huebar,.github/workflows/release-notes.md,1,2026-02-15T20:51:58Z,0,0,4,3,7,True,✨🐛⚡📚,False,False,299,False
2573,539,popey/sbom-vm,.github/workflows/repo-assist.md,1,2026-06-02T16:18:52Z,1,0,9,0,10,True,🌈🤖💬🔧🏷📝🔄,False,False,2915,False
2574,539,popey/sbom-vm,.github/workflows/repo-assist.md,2,2026-06-03T10:30:35Z,1,0,9,0,10,True,🌈🤖💬🔧🏷📝🔄,False,False,2915,False
2575,539,popey/sbom-vm,.github/workflows/repo-assist.md,3,2026-06-03T11:02:36Z,1,0,9,0,10,True,🌈🤖💬🔧🏷📝🔄,False,False,2915,False
2576,539,popey/sbom-vm,.github/workflows/repo-assist.md,4,2026-06-04T07:57:02Z,1,0,9,0,10,True,🌈🤖💬🔧🏷📝🔄,False,False,2915,False
2577,540,zircote/rlm-rs,.github/workflows/ci-doctor.md,1,2026-02-17T02:34:49Z,0,0,0,1,1,True,🏥,False,False,987,False
2578,540,zircote/rlm-rs,.github/workflows/ci-doctor.md,2,2026-02-27T18:58:05Z,0,0,0,1,1,True,🏥,False,False,987,False
2579,540,zircote/rlm-rs,.github/workflows/ci-doctor.md,3,2026-05-15T13:22:59Z,0,0,0,1,1,True,🏥,False,False,987,False
2580,541,zircote/rlm-rs,.github/workflows/daily-qa.md,1,2026-02-17T03:05:52Z,0,0,0,0,0,False,,False,False,475,False
2581,541,zircote/rlm-rs,.github/workflows/daily-qa.md,2,2026-02-27T18:58:05Z,0,0,0,0,0,False,,False,False,475,False
2582,542,zircote/rlm-rs,.github/workflows/docs-freshness.md,1,2026-02-26T21:36:38Z,0,0,0,0,0,False,,False,False,327,False
2583,543,zircote/rlm-rs,.github/workflows/issue-triage.md,1,2026-02-17T02:34:33Z,0,0,1,0,1,True,🎯,False,False,551,False
2584,544,brunoborges/jairosvg,.github/workflows/effort-labeler.md,1,2026-03-05T04:02:37Z,0,0,3,0,3,True,🟢🟡🔴,False,False,335,False
2585,544,brunoborges/jairosvg,.github/workflows/effort-labeler.md,2,2026-03-05T04:03:31Z,0,0,3,0,3,True,🟢🟡🔴,False,False,339,False
2586,544,brunoborges/jairosvg,.github/workflows/effort-labeler.md,3,2026-03-05T04:15:23Z,0,0,3,0,3,True,🟢🟡🔴,False,False,421,False
2587,544,brunoborges/jairosvg,.github/workflows/effort-labeler.md,4,2026-03-05T04:34:59Z,0,0,3,0,3,True,🟢🟡🔴,False,False,421,False
2588,544,brunoborges/jairosvg,.github/workflows/effort-labeler.md,5,2026-03-05T04:36:39Z,0,0,3,0,3,True,🟢🟡🔴,False,False,421,False
2589,544,brunoborges/jairosvg,.github/workflows/effort-labeler.md,6,2026-04-01T19:42:47Z,0,0,3,0,3,True,🟢🟡🔴,False,False,420,False
2590,545,microsoft/agentrc,.github/workflows/ci-doctor.md,1,2026-02-27T23:58:53Z,5,0,2,1,8,True,🩺🏥💊✅❌,False,False,1130,False
2591,545,microsoft/agentrc,.github/workflows/ci-doctor.md,2,2026-05-13T23:28:00Z,5,0,2,1,8,True,🩺🏥💊✅❌,False,False,1130,False
2592,546,microsoft/agentrc,.github/workflows/code-simplifier.md,1,2026-02-27T23:58:53Z,0,0,8,7,15,True,✅,False,False,1273,False
2593,546,microsoft/agentrc,.github/workflows/code-simplifier.md,2,2026-05-13T23:28:00Z,0,0,8,7,15,True,✅,False,False,1273,False
2594,547,microsoft/agentrc,.github/workflows/daily-doc-updater.md,1,2026-02-27T23:58:53Z,0,0,0,0,0,False,,False,False,903,False
2595,547,microsoft/agentrc,.github/workflows/daily-doc-updater.md,2,2026-03-17T04:45:08Z,0,0,0,0,0,False,,False,False,937,False
2596,547,microsoft/agentrc,.github/workflows/daily-doc-updater.md,3,2026-05-13T23:28:00Z,0,0,0,0,0,False,,False,False,937,False
2597,548,asizikov-demos/copilot-user-level-statistics-viewer,.github/workflows/code-duplication-scan.md,1,2026-05-02T13:30:10Z,0,0,0,0,0,False,,False,False,869,False
2598,548,asizikov-demos/copilot-user-level-statistics-viewer,.github/workflows/code-duplication-scan.md,2,2026-05-22T20:07:53Z,0,0,0,0,0,False,,False,False,869,False
2599,548,asizikov-demos/copilot-user-level-statistics-viewer,.github/workflows/code-duplication-scan.md,3,2026-05-22T20:19:44Z,0,0,0,0,0,False,,False,False,869,False
2600,548,asizikov-demos/copilot-user-level-statistics-viewer,.github/workflows/code-duplication-scan.md,4,2026-05-23T06:32:31Z,0,0,0,0,0,False,,False,False,869,False
2601,548,asizikov-demos/copilot-user-level-statistics-viewer,.github/workflows/code-duplication-scan.md,5,2026-05-23T07:07:43Z,0,0,0,0,0,False,,False,False,869,False
2602,548,asizikov-demos/copilot-user-level-statistics-viewer,.github/workflows/code-duplication-scan.md,6,2026-06-07T18:26:11Z,0,0,0,0,0,False,,False,False,867,False
2603,548,asizikov-demos/copilot-user-level-statistics-viewer,.github/workflows/code-duplication-scan.md,7,2026-06-19T13:32:43Z,0,0,0,0,0,False,,False,False,867,False
2604,549,asizikov-demos/copilot-user-level-statistics-viewer,.github/workflows/dependency-audit.md,1,2026-02-21T12:56:04Z,0,0,0,0,0,False,,False,False,478,False
2605,549,asizikov-demos/copilot-user-level-statistics-viewer,.github/workflows/dependency-audit.md,2,2026-02-21T13:37:41Z,0,0,0,0,0,False,,False,False,627,False
2606,549,asizikov-demos/copilot-user-level-statistics-viewer,.github/workflows/dependency-audit.md,3,2026-06-19T13:32:43Z,0,0,0,0,0,False,,False,False,627,False
2607,550,SonarSource/sonarqube-cli,.github/workflows/ci-failure-triage-agent.md,1,2026-05-27T17:47:51Z,0,0,0,0,0,False,,False,False,845,False
2608,550,SonarSource/sonarqube-cli,.github/workflows/ci-failure-triage-agent.md,2,2026-06-08T08:30:19Z,0,0,0,0,0,False,,False,False,5,True
2609,551,henrybravo/docker-sandbox-run-copilot,.github/workflows/check-copilot-version.md,1,2026-03-12T14:04:34Z,0,0,0,0,0,False,,False,False,362,False
2610,551,henrybravo/docker-sandbox-run-copilot,.github/workflows/check-copilot-version.md,2,2026-04-11T07:14:58Z,0,0,0,0,0,False,,False,False,368,False
2611,552,elastic/elastic-docs-skills,.github/workflows/skill-eval-test.md,1,2026-03-05T10:09:04Z,0,0,0,2,2,True,❌⚠,False,False,517,False
2612,552,elastic/elastic-docs-skills,.github/workflows/skill-eval-test.md,2,2026-03-05T10:30:34Z,0,0,0,2,2,True,❌⚠,False,False,560,False
2613,552,elastic/elastic-docs-skills,.github/workflows/skill-eval-test.md,3,2026-06-22T06:45:07Z,0,0,0,2,2,True,❌⚠,False,False,560,False
2614,553,elastic/elastic-docs-skills,.github/workflows/skill-freshness.md,1,2026-02-23T13:56:00Z,0,0,0,0,0,False,,False,False,119,False
2615,553,elastic/elastic-docs-skills,.github/workflows/skill-freshness.md,2,2026-02-23T17:13:17Z,0,0,0,0,0,False,,False,False,119,False
2616,553,elastic/elastic-docs-skills,.github/workflows/skill-freshness.md,3,2026-02-23T17:25:51Z,0,0,0,0,0,False,,False,False,141,False
2617,553,elastic/elastic-docs-skills,.github/workflows/skill-freshness.md,4,2026-03-04T10:31:07Z,0,0,0,0,0,False,,False,False,256,False
2618,553,elastic/elastic-docs-skills,.github/workflows/skill-freshness.md,5,2026-03-05T10:09:04Z,0,0,0,1,1,True,❌,False,False,464,False
2619,553,elastic/elastic-docs-skills,.github/workflows/skill-freshness.md,6,2026-03-05T10:24:01Z,0,0,0,0,0,False,,False,False,264,False
2620,553,elastic/elastic-docs-skills,.github/workflows/skill-freshness.md,7,2026-03-05T10:26:27Z,0,0,0,1,1,True,❌,False,False,472,False
2621,553,elastic/elastic-docs-skills,.github/workflows/skill-freshness.md,8,2026-03-05T10:30:34Z,0,0,0,1,1,True,❌,False,False,515,False
2622,553,elastic/elastic-docs-skills,.github/workflows/skill-freshness.md,9,2026-03-24T09:31:24Z,0,0,0,1,1,True,❌,False,False,531,False
2623,553,elastic/elastic-docs-skills,.github/workflows/skill-freshness.md,10,2026-05-26T10:54:10Z,0,0,0,1,1,True,❌,False,False,612,False
2624,553,elastic/elastic-docs-skills,.github/workflows/skill-freshness.md,11,2026-06-22T06:45:07Z,0,0,0,1,1,True,❌,False,False,612,False
2625,554,elastic/elastic-docs-skills,.github/workflows/skill-quality-review.md,1,2026-03-05T09:51:18Z,0,0,0,0,0,False,,False,False,642,False
2626,554,elastic/elastic-docs-skills,.github/workflows/skill-quality-review.md,2,2026-03-05T10:30:34Z,0,0,0,0,0,False,,False,False,688,False
2627,554,elastic/elastic-docs-skills,.github/workflows/skill-quality-review.md,3,2026-05-07T12:01:55Z,0,0,0,0,0,False,,False,False,700,False
2628,554,elastic/elastic-docs-skills,.github/workflows/skill-quality-review.md,4,2026-06-22T06:45:07Z,0,0,0,0,0,False,,False,False,700,False
2629,555,AndreaGriffiths11/IssueCrush,.github/workflows/daily-repo-status.md,1,2026-02-15T05:01:28Z,0,0,1,0,1,True,🌟,False,True,105,False
2630,556,AndreaGriffiths11/IssueCrush,.github/workflows/update-docs.md,1,2026-02-15T05:01:28Z,0,0,0,0,0,False,,False,False,500,False
2631,557,hatch3r/hatch3r,.github/workflows/generate-docusaurus-docs.md,1,2026-03-02T06:54:18Z,0,0,0,0,0,False,,False,False,1071,False
2632,558,pockebot/openpocket,.github/workflows/issue-fix.md,1,2026-02-23T01:29:41Z,0,0,0,0,0,False,,False,False,82,False
2633,558,pockebot/openpocket,.github/workflows/issue-fix.md,2,2026-02-23T01:53:40Z,0,0,0,0,0,False,,False,False,96,False
2634,559,pockebot/openpocket,.github/workflows/issue-plan.md,1,2026-02-23T01:29:41Z,0,0,0,0,0,False,,False,False,93,False
2635,560,FalkorDB/falkordb-rs-next-gen,.github/workflows/flaky-test-rca.md,1,2026-06-01T16:34:44Z,0,0,0,0,0,False,,False,False,758,False
2636,560,FalkorDB/falkordb-rs-next-gen,.github/workflows/flaky-test-rca.md,2,2026-06-04T08:16:08Z,0,0,0,0,0,False,,False,False,1097,False
2637,560,FalkorDB/falkordb-rs-next-gen,.github/workflows/flaky-test-rca.md,3,2026-06-04T08:43:13Z,0,0,0,0,0,False,,False,False,1141,False
2638,560,FalkorDB/falkordb-rs-next-gen,.github/workflows/flaky-test-rca.md,4,2026-06-04T09:08:43Z,0,0,0,0,0,False,,False,False,1375,False
2639,561,FalkorDB/falkordb-rs-next-gen,.github/workflows/flow-migration-rca.md,1,2026-06-04T15:31:29Z,0,0,0,0,0,False,,False,False,1836,False
2640,562,FalkorDB/falkordb-rs-next-gen,.github/workflows/flow-tests-migration.md,1,2026-06-01T17:21:42Z,0,0,0,0,0,False,,False,False,1121,False
2641,562,FalkorDB/falkordb-rs-next-gen,.github/workflows/flow-tests-migration.md,2,2026-06-01T17:41:36Z,0,0,0,0,0,False,,False,False,1540,False
2642,562,FalkorDB/falkordb-rs-next-gen,.github/workflows/flow-tests-migration.md,3,2026-06-04T15:31:29Z,0,0,0,0,0,False,,False,False,2305,False
2643,563,DevExpGbb/gh-devlake,.github/workflows/docs-sync.md,1,2026-03-11T22:30:31Z,0,0,0,0,0,False,,False,False,501,False
2644,564,dorlugasigal/TermBeam,.github/workflows/scorecard-monitor.md,1,2026-03-27T09:13:19Z,0,0,0,0,0,False,,False,False,238,False
2645,564,dorlugasigal/TermBeam,.github/workflows/scorecard-monitor.md,2,2026-03-27T10:06:46Z,0,0,0,0,0,False,,False,False,264,False
2646,565,inference-sh/shadcn-registry,.github/workflows/code-review.md,1,2026-05-19T08:11:17Z,0,0,0,0,0,False,,False,False,122,False
2647,565,inference-sh/shadcn-registry,.github/workflows/code-review.md,2,2026-05-19T08:13:55Z,0,0,0,0,0,False,,False,False,122,False
2648,566,microsoft/Microsoft-AI-Decision-Framework,.github/workflows/link-checker.md,1,2026-02-27T21:40:24Z,0,0,0,0,0,False,,False,False,212,False
2649,566,microsoft/Microsoft-AI-Decision-Framework,.github/workflows/link-checker.md,2,2026-02-27T22:02:49Z,0,0,0,0,0,False,,False,False,212,False
2650,566,microsoft/Microsoft-AI-Decision-Framework,.github/workflows/link-checker.md,3,2026-02-27T22:09:37Z,0,0,0,0,0,False,,False,False,212,False
2651,566,microsoft/Microsoft-AI-Decision-Framework,.github/workflows/link-checker.md,4,2026-05-11T17:23:26Z,0,0,0,0,0,False,,False,False,373,False
2652,566,microsoft/Microsoft-AI-Decision-Framework,.github/workflows/link-checker.md,5,2026-05-11T18:04:43Z,0,0,0,0,0,False,,False,False,461,False
2653,566,microsoft/Microsoft-AI-Decision-Framework,.github/workflows/link-checker.md,6,2026-05-11T18:12:59Z,0,0,0,0,0,False,,False,False,461,False
2654,566,microsoft/Microsoft-AI-Decision-Framework,.github/workflows/link-checker.md,7,2026-05-18T14:20:43Z,0,0,0,0,0,False,,False,False,726,False
2655,567,github/gh-aw-actions,.github/workflows/daily-runtime-threat-scan.md,1,2026-05-13T01:23:54Z,0,0,0,0,0,False,,False,False,751,False
2656,567,github/gh-aw-actions,.github/workflows/daily-runtime-threat-scan.md,2,2026-06-12T22:18:56Z,0,0,0,0,0,False,,False,False,751,False
2657,568,microsoft/physical-ai-toolchain,.github/workflows/aw-dependabot-pr-review.md,1,2026-04-20T16:15:27Z,0,0,1,0,1,True,⚠,False,False,327,False
2658,568,microsoft/physical-ai-toolchain,.github/workflows/aw-dependabot-pr-review.md,2,2026-04-27T12:08:53Z,0,0,1,0,1,True,⚠,False,False,327,False
2659,568,microsoft/physical-ai-toolchain,.github/workflows/aw-dependabot-pr-review.md,3,2026-04-27T12:42:52Z,0,0,1,0,1,True,⚠,False,False,327,False
2660,568,microsoft/physical-ai-toolchain,.github/workflows/aw-dependabot-pr-review.md,4,2026-04-28T07:49:19Z,0,0,1,0,1,True,⚠,False,False,586,False
2661,568,microsoft/physical-ai-toolchain,.github/workflows/aw-dependabot-pr-review.md,5,2026-04-28T09:12:09Z,0,0,1,0,1,True,⚠,False,False,586,False
2662,568,microsoft/physical-ai-toolchain,.github/workflows/aw-dependabot-pr-review.md,6,2026-04-28T10:05:17Z,0,0,1,0,1,True,⚠,False,False,586,False
2663,568,microsoft/physical-ai-toolchain,.github/workflows/aw-dependabot-pr-review.md,7,2026-04-28T13:20:44Z,0,0,1,0,1,True,⚠,False,False,625,False
2664,568,microsoft/physical-ai-toolchain,.github/workflows/aw-dependabot-pr-review.md,8,2026-05-13T05:03:39Z,0,0,1,0,1,True,⚠,False,False,824,False
2665,568,microsoft/physical-ai-toolchain,.github/workflows/aw-dependabot-pr-review.md,9,2026-06-15T07:05:41Z,0,0,1,0,1,True,⚠,False,False,800,False
2666,568,microsoft/physical-ai-toolchain,.github/workflows/aw-dependabot-pr-review.md,10,2026-06-17T17:54:13Z,0,0,1,0,1,True,⚠,False,False,835,False
2667,568,microsoft/physical-ai-toolchain,.github/workflows/aw-dependabot-pr-review.md,11,2026-06-23T07:26:13Z,0,0,1,0,1,True,⚠,False,False,835,False
2668,569,webmaxru/web-ai-agent-skills,.github/workflows/skill-update-worker.md,1,2026-03-15T18:31:31Z,0,0,0,0,0,False,,False,False,374,False
2669,569,webmaxru/web-ai-agent-skills,.github/workflows/skill-update-worker.md,2,2026-03-15T19:09:07Z,0,0,0,0,0,False,,False,False,350,False
2670,569,webmaxru/web-ai-agent-skills,.github/workflows/skill-update-worker.md,3,2026-03-16T10:51:13Z,0,0,0,0,0,False,,False,False,350,False
2671,569,webmaxru/web-ai-agent-skills,.github/workflows/skill-update-worker.md,4,2026-05-15T09:50:54Z,0,0,0,0,0,False,,False,False,350,False
2672,570,dotnet/maui-labs,.github/workflows/ai-docs-audit.md,1,2026-03-29T18:47:12Z,0,0,0,0,0,False,,False,False,492,False
2673,570,dotnet/maui-labs,.github/workflows/ai-docs-audit.md,2,2026-04-16T11:04:17Z,0,0,0,0,0,False,,False,False,517,False
2674,570,dotnet/maui-labs,.github/workflows/ai-docs-audit.md,3,2026-04-16T11:10:31Z,0,0,0,0,0,False,,False,False,517,False
2675,570,dotnet/maui-labs,.github/workflows/ai-docs-audit.md,4,2026-04-16T11:15:15Z,0,0,0,0,0,False,,False,False,941,False
2676,570,dotnet/maui-labs,.github/workflows/ai-docs-audit.md,5,2026-04-16T11:28:54Z,0,0,0,0,0,False,,False,False,1006,False
2677,570,dotnet/maui-labs,.github/workflows/ai-docs-audit.md,6,2026-05-08T07:52:42Z,0,0,0,0,0,False,,False,False,1373,False
2678,571,dotnet/maui-labs,.github/workflows/pr-docs-check.md,1,2026-04-16T09:15:21Z,0,0,0,0,0,False,,False,False,717,False
2679,571,dotnet/maui-labs,.github/workflows/pr-docs-check.md,2,2026-04-16T10:40:13Z,0,0,0,0,0,False,,False,False,910,False
2680,571,dotnet/maui-labs,.github/workflows/pr-docs-check.md,3,2026-04-16T14:26:03Z,0,0,0,0,0,False,,False,False,822,False
2681,571,dotnet/maui-labs,.github/workflows/pr-docs-check.md,4,2026-05-06T14:15:01Z,0,0,0,0,0,False,,False,False,971,False
2682,571,dotnet/maui-labs,.github/workflows/pr-docs-check.md,5,2026-05-06T14:36:33Z,0,0,0,0,0,False,,False,False,971,False
2683,571,dotnet/maui-labs,.github/workflows/pr-docs-check.md,6,2026-05-06T21:18:32Z,0,0,0,0,0,False,,False,False,679,False
2684,571,dotnet/maui-labs,.github/workflows/pr-docs-check.md,7,2026-05-08T11:50:31Z,0,0,0,0,0,False,,False,False,679,False
2685,572,dotnet/maui-labs,.github/workflows/review-on-open.agent.md,1,2026-04-22T13:56:23Z,0,0,0,0,0,False,,False,False,7,True
2686,572,dotnet/maui-labs,.github/workflows/review-on-open.agent.md,2,2026-04-28T21:54:03Z,0,0,0,0,0,False,,False,False,7,True
2687,573,dotnet/maui-labs,.github/workflows/review.agent.md,1,2026-04-22T13:56:23Z,0,0,0,0,0,False,,False,False,7,True
2688,573,dotnet/maui-labs,.github/workflows/review.agent.md,2,2026-04-28T21:54:03Z,0,0,0,0,0,False,,False,False,7,True
2689,574,dotnet/skills,.github/workflows/close-stale-prs.agent.md,1,2026-03-25T12:00:10Z,0,0,0,0,0,False,,False,False,675,False
2690,574,dotnet/skills,.github/workflows/close-stale-prs.agent.md,2,2026-03-30T12:45:24Z,0,0,0,0,0,False,,False,False,675,False
2691,574,dotnet/skills,.github/workflows/close-stale-prs.agent.md,3,2026-04-07T10:37:30Z,0,0,0,0,0,False,,False,False,675,False
2692,574,dotnet/skills,.github/workflows/close-stale-prs.agent.md,4,2026-05-08T07:33:08Z,0,0,0,0,0,False,,False,False,675,False
2693,574,dotnet/skills,.github/workflows/close-stale-prs.agent.md,5,2026-06-09T17:58:25Z,0,0,0,0,0,False,,False,False,675,False
2694,574,dotnet/skills,.github/workflows/close-stale-prs.agent.md,6,2026-06-10T08:20:09Z,0,0,0,0,0,False,,False,False,675,False
2695,574,dotnet/skills,.github/workflows/close-stale-prs.agent.md,7,2026-06-25T22:35:22Z,0,0,0,0,0,False,,False,False,675,False
2696,575,dotnet/skills,.github/workflows/devops-health-check.md,1,2026-03-02T20:59:28Z,0,0,62,22,84,True,🔴🟡🔵🟢⚪🆕📌✅🏥⚠🧩📊🤖📋⏳,False,False,2321,False
2697,575,dotnet/skills,.github/workflows/devops-health-check.md,2,2026-03-03T15:21:10Z,0,0,66,21,87,True,🔴🟡🔵🟢⚪🆕📌✅🏥⚠🧩📊🤖📋,False,False,2421,False
2698,575,dotnet/skills,.github/workflows/devops-health-check.md,3,2026-03-04T08:16:18Z,0,0,66,21,87,True,🔴🟡🔵🟢⚪🆕📌✅🏥⚠🧩📊🤖📋,False,False,2421,False
2699,575,dotnet/skills,.github/workflows/devops-health-check.md,4,2026-03-04T13:17:23Z,0,0,70,21,91,True,🔴🟡🔵🟢⚪🆕📌✅🏥⚠🧩📊🤖📋,False,False,2765,False
2700,575,dotnet/skills,.github/workflows/devops-health-check.md,5,2026-03-05T09:23:47Z,0,0,74,25,99,True,🔴🟡🔵🟢⚪🆕📌✅🏥⚠🔍🔄🧩📊🤖📋,False,False,2864,False
2701,575,dotnet/skills,.github/workflows/devops-health-check.md,6,2026-03-06T09:06:31Z,0,0,74,25,99,True,🔴🟡🔵🟢⚪🆕📌✅🏥⚠🔍🔄🧩📊🤖📋,False,False,2949,False
2702,575,dotnet/skills,.github/workflows/devops-health-check.md,7,2026-03-06T12:47:38Z,0,0,74,25,99,True,🔴🟡🔵🟢⚪🆕📌✅🏥⚠🔍🔄🧩📊🤖📋,False,False,3004,False
2703,575,dotnet/skills,.github/workflows/devops-health-check.md,8,2026-03-09T10:55:18Z,0,0,74,25,99,True,🔴🟡🔵🟢⚪🆕📌✅🏥⚠🔍🔄🧩📊🤖📋,False,False,3022,False
2704,575,dotnet/skills,.github/workflows/devops-health-check.md,9,2026-03-09T13:23:07Z,0,0,76,25,101,True,🔴🟡🔵🟢⚪🆕📌✅🏥⚠🔍🔄🧩📊🤖📋,False,False,3344,False
2705,575,dotnet/skills,.github/workflows/devops-health-check.md,10,2026-03-11T09:17:01Z,0,0,76,25,101,True,🔴🟡🔵🟢⚪🆕📌✅🏥⚠🔍🔄🧩📊🤖📋,False,False,3344,False
2706,575,dotnet/skills,.github/workflows/devops-health-check.md,11,2026-03-13T09:04:28Z,0,0,76,25,101,True,🔴🟡🔵🟢⚪🆕📌✅🏥⚠🔍🔄🧩📊🤖📋,False,False,3344,False
2707,575,dotnet/skills,.github/workflows/devops-health-check.md,12,2026-03-30T12:45:24Z,0,0,76,25,101,True,🔴🟡🔵🟢⚪🆕📌✅🏥⚠🔍🔄🧩📊🤖📋,False,False,3344,False
2708,575,dotnet/skills,.github/workflows/devops-health-check.md,13,2026-04-07T10:37:30Z,0,0,76,25,101,True,🔴🟡🔵🟢⚪🆕📌✅🏥⚠🔍🔄🧩📊🤖📋,False,False,3344,False
2709,575,dotnet/skills,.github/workflows/devops-health-check.md,14,2026-04-09T18:10:13Z,0,0,79,25,104,True,🔴🟡🔵🟢⚪🆕📌✅🏥⚠🔍🔄🧩📊🤖📋,False,False,3455,False
2710,575,dotnet/skills,.github/workflows/devops-health-check.md,15,2026-04-13T15:39:20Z,0,0,58,20,78,True,🔴🟡🔵🆕📌✅🏥⚠🔍🔄📊🤖📋,False,False,2655,False
2711,575,dotnet/skills,.github/workflows/devops-health-check.md,16,2026-05-11T18:31:24Z,0,0,55,19,74,True,🔴🟡🔵🆕📌✅🏥⚠🔍🔄⏳📊🤖📋,False,False,2725,False
2712,575,dotnet/skills,.github/workflows/devops-health-check.md,17,2026-06-09T17:47:06Z,0,0,58,20,78,True,🔴🟡🔵🆕📌✅🏥⚠🔍🔄⏳📊🤖📋,False,False,3209,False
2713,575,dotnet/skills,.github/workflows/devops-health-check.md,18,2026-06-09T17:58:25Z,0,0,58,20,78,True,🔴🟡🔵🆕📌✅🏥⚠🔍🔄⏳📊🤖📋,False,False,3209,False
2714,575,dotnet/skills,.github/workflows/devops-health-check.md,19,2026-06-10T08:20:09Z,0,0,58,20,78,True,🔴🟡🔵🆕📌✅🏥⚠🔍🔄⏳📊🤖📋,False,False,3209,False
2715,575,dotnet/skills,.github/workflows/devops-health-check.md,20,2026-06-24T09:00:39Z,0,0,58,20,78,True,🔴🟡🔵🆕📌✅🏥⚠🔍🔄⏳📊🤖📋,False,False,3338,False
2716,575,dotnet/skills,.github/workflows/devops-health-check.md,21,2026-06-25T22:35:22Z,0,0,58,20,78,True,🔴🟡🔵🆕📌✅🏥⚠🔍🔄⏳📊🤖📋,False,False,3338,False
2717,576,dotnet/skills,.github/workflows/devops-health-groom.md,1,2026-03-05T09:23:47Z,0,0,15,1,16,True,🔍📋🔄✅📌🆕,False,False,1260,False
2718,576,dotnet/skills,.github/workflows/devops-health-groom.md,2,2026-03-06T09:06:31Z,0,0,18,1,19,True,🔍📋🔄✅📌🆕,False,False,1319,False
2719,576,dotnet/skills,.github/workflows/devops-health-groom.md,3,2026-03-06T12:47:38Z,0,0,18,1,19,True,🔍📋🔄✅📌🆕,False,False,1548,False
2720,576,dotnet/skills,.github/workflows/devops-health-groom.md,4,2026-03-10T11:07:20Z,0,0,18,1,19,True,🔍📋🔄✅📌🆕,False,False,1613,False
2721,576,dotnet/skills,.github/workflows/devops-health-groom.md,5,2026-03-11T09:17:01Z,0,0,18,1,19,True,🔍📋🔄✅📌🆕,False,False,1613,False
2722,576,dotnet/skills,.github/workflows/devops-health-groom.md,6,2026-03-13T09:04:28Z,0,0,18,1,19,True,🔍📋🔄✅📌🆕,False,False,1613,False
2723,576,dotnet/skills,.github/workflows/devops-health-groom.md,7,2026-03-30T12:45:24Z,0,0,18,1,19,True,🔍📋🔄✅📌🆕,False,False,1613,False
2724,576,dotnet/skills,.github/workflows/devops-health-groom.md,8,2026-04-07T10:37:30Z,0,0,18,1,19,True,🔍📋🔄✅📌🆕,False,False,1613,False
2725,576,dotnet/skills,.github/workflows/devops-health-groom.md,9,2026-04-09T18:10:13Z,0,0,24,1,25,True,🔍📋🔄✅📌📊🆕,False,False,1846,False
2726,576,dotnet/skills,.github/workflows/devops-health-groom.md,10,2026-04-13T15:39:20Z,0,0,24,1,25,True,🔍📋🔄✅📌📊🆕,False,False,1846,False
2727,576,dotnet/skills,.github/workflows/devops-health-groom.md,11,2026-04-15T17:01:40Z,0,0,28,3,31,True,🔍📋🔄✅📌📊🆕,False,False,2153,False
2728,576,dotnet/skills,.github/workflows/devops-health-groom.md,12,2026-05-07T11:23:33Z,0,0,28,3,31,True,🔍📋🔄✅📌📊🆕,False,False,2251,False
2729,576,dotnet/skills,.github/workflows/devops-health-groom.md,13,2026-05-11T13:16:20Z,0,0,28,3,31,True,🔍📋🔄✅📌📊🆕,False,False,2248,False
2730,576,dotnet/skills,.github/workflows/devops-health-groom.md,14,2026-05-11T18:31:24Z,0,0,30,4,34,True,🔍📋🔄✅📌📊🆕⏳,False,False,2575,False
2731,576,dotnet/skills,.github/workflows/devops-health-groom.md,15,2026-06-09T17:58:25Z,0,0,30,4,34,True,🔍📋🔄✅📌📊🆕⏳,False,False,2575,False
2732,576,dotnet/skills,.github/workflows/devops-health-groom.md,16,2026-06-10T08:20:09Z,0,0,30,4,34,True,🔍📋🔄✅📌📊🆕⏳,False,False,2575,False
2733,576,dotnet/skills,.github/workflows/devops-health-groom.md,17,2026-06-24T09:00:39Z,0,0,30,4,34,True,🔍📋🔄✅📌📊🆕⏳,False,False,2805,False
2734,576,dotnet/skills,.github/workflows/devops-health-groom.md,18,2026-06-25T22:35:22Z,0,0,30,4,34,True,🔍📋🔄✅📌📊🆕⏳,False,False,2805,False
2735,577,dotnet/skills,.github/workflows/devops-health-investigate.md,1,2026-03-02T20:59:28Z,0,0,0,1,1,True,🔍,False,False,581,False
2736,577,dotnet/skills,.github/workflows/devops-health-investigate.md,2,2026-03-03T15:21:10Z,0,0,0,2,2,True,🔍,False,False,634,False
2737,577,dotnet/skills,.github/workflows/devops-health-investigate.md,3,2026-03-05T09:23:47Z,0,0,0,2,2,True,🔍,False,False,645,False
2738,577,dotnet/skills,.github/workflows/devops-health-investigate.md,4,2026-03-06T09:06:31Z,0,0,0,2,2,True,🔍,False,False,645,False
2739,577,dotnet/skills,.github/workflows/devops-health-investigate.md,5,2026-03-09T10:55:18Z,0,0,0,2,2,True,🔍,False,False,645,False
2740,577,dotnet/skills,.github/workflows/devops-health-investigate.md,6,2026-03-13T09:04:28Z,0,0,0,2,2,True,🔍,False,False,645,False
2741,577,dotnet/skills,.github/workflows/devops-health-investigate.md,7,2026-03-30T12:45:24Z,0,0,0,2,2,True,🔍,False,False,645,False
2742,577,dotnet/skills,.github/workflows/devops-health-investigate.md,8,2026-04-07T10:37:30Z,0,0,0,2,2,True,🔍,False,False,645,False
2743,577,dotnet/skills,.github/workflows/devops-health-investigate.md,9,2026-04-13T15:39:20Z,0,0,0,2,2,True,🔍,False,False,631,False
2744,577,dotnet/skills,.github/workflows/devops-health-investigate.md,10,2026-06-09T17:58:25Z,0,0,0,2,2,True,🔍,False,False,631,False
2745,577,dotnet/skills,.github/workflows/devops-health-investigate.md,11,2026-06-10T08:20:09Z,0,0,0,2,2,True,🔍,False,False,631,False
2746,577,dotnet/skills,.github/workflows/devops-health-investigate.md,12,2026-06-25T22:35:22Z,0,0,0,2,2,True,🔍,False,False,631,False
2747,578,dotnet/skills,.github/workflows/issue-investigate.md,1,2026-05-06T13:39:20Z,0,0,4,0,4,True,🔍📂🔗📋,False,False,1015,False
2748,578,dotnet/skills,.github/workflows/issue-investigate.md,2,2026-05-08T07:33:08Z,0,0,4,0,4,True,🔍📂🔗📋,False,False,1015,False
2749,578,dotnet/skills,.github/workflows/issue-investigate.md,3,2026-06-09T17:58:25Z,0,0,4,0,4,True,🔍📂🔗📋,False,False,1015,False
2750,578,dotnet/skills,.github/workflows/issue-investigate.md,4,2026-06-10T08:20:09Z,0,0,4,0,4,True,🔍📂🔗📋,False,False,1015,False
2751,578,dotnet/skills,.github/workflows/issue-investigate.md,5,2026-06-25T22:35:22Z,0,0,4,0,4,True,🔍📂🔗📋,False,False,1015,False
2752,579,dotnet/skills,.github/workflows/issue-triage.md,1,2026-05-06T13:39:20Z,0,0,1,0,1,True,🎯,False,False,940,False
2753,579,dotnet/skills,.github/workflows/issue-triage.md,2,2026-05-07T10:42:56Z,0,0,1,0,1,True,🎯,False,False,1045,False
2754,579,dotnet/skills,.github/workflows/issue-triage.md,3,2026-06-03T18:31:02Z,0,0,1,0,1,True,🎯,False,False,1045,False
2755,579,dotnet/skills,.github/workflows/issue-triage.md,4,2026-06-08T16:20:31Z,0,0,1,0,1,True,🎯,False,False,1045,False
2756,579,dotnet/skills,.github/workflows/issue-triage.md,5,2026-06-09T17:58:25Z,0,0,1,0,1,True,🎯,False,False,1045,False
2757,579,dotnet/skills,.github/workflows/issue-triage.md,6,2026-06-10T08:20:09Z,0,0,1,0,1,True,🎯,False,False,1045,False
2758,579,dotnet/skills,.github/workflows/issue-triage.md,7,2026-06-10T08:22:55Z,0,0,1,0,1,True,🎯,False,False,1186,False
2759,579,dotnet/skills,.github/workflows/issue-triage.md,8,2026-06-25T22:35:22Z,0,0,1,0,1,True,🎯,False,False,1186,False
2760,580,dotnet/skills,.github/workflows/markdown-linter.md,1,2026-04-23T13:57:45Z,0,0,0,6,6,True,🔍📊📁🎯📋🔗,False,False,347,False
2761,580,dotnet/skills,.github/workflows/markdown-linter.md,2,2026-06-09T17:58:25Z,0,0,0,6,6,True,🔍📊📁🎯📋🔗,False,False,347,False
2762,580,dotnet/skills,.github/workflows/markdown-linter.md,3,2026-06-10T08:20:09Z,0,0,0,6,6,True,🔍📊📁🎯📋🔗,False,False,347,False
2763,580,dotnet/skills,.github/workflows/markdown-linter.md,4,2026-06-25T22:35:22Z,0,0,0,6,6,True,🔍📊📁🎯📋🔗,False,False,347,False
2764,581,dotnet/skills,.github/workflows/pr-malicious-scan.agent.md,1,2026-06-03T20:01:19Z,0,0,3,0,3,True,⚠✅ℹ,False,False,1182,False
2765,581,dotnet/skills,.github/workflows/pr-malicious-scan.agent.md,2,2026-06-04T10:30:55Z,0,0,3,0,3,True,⚠✅ℹ,False,True,1353,False
2766,581,dotnet/skills,.github/workflows/pr-malicious-scan.agent.md,3,2026-06-09T17:58:25Z,0,0,3,0,3,True,⚠✅ℹ,False,True,1353,False
2767,581,dotnet/skills,.github/workflows/pr-malicious-scan.agent.md,4,2026-06-10T08:20:09Z,0,0,3,0,3,True,⚠✅ℹ,False,True,1353,False
2768,581,dotnet/skills,.github/workflows/pr-malicious-scan.agent.md,5,2026-06-25T22:35:22Z,0,0,3,0,3,True,⚠✅ℹ,False,True,1353,False
2769,582,iamnbutler/gpui-unofficial,.github/workflows/ci-fix.md,1,2026-04-03T01:30:15Z,0,0,0,0,0,False,,False,False,453,False
2770,582,iamnbutler/gpui-unofficial,.github/workflows/ci-fix.md,2,2026-04-03T02:01:16Z,0,0,0,0,0,False,,False,False,453,False
2771,582,iamnbutler/gpui-unofficial,.github/workflows/ci-fix.md,3,2026-04-17T14:18:05Z,0,0,0,0,0,False,,False,False,517,False
2772,583,githubnext/autoloop,.github/workflows/autoloop.md,1,2026-04-03T06:23:35Z,2,0,32,24,58,True,⚙🎯📚🚧🔭📊🤖✅❌⚠🎉🟢⏸📋,False,False,4792,False
2773,583,githubnext/autoloop,.github/workflows/autoloop.md,2,2026-04-03T17:22:07Z,2,0,32,19,53,True,⚙🎯📚🚧🔭📊🤖✅❌⚠🎉🟢⏸📋,False,False,4526,False
2774,583,githubnext/autoloop,.github/workflows/autoloop.md,3,2026-04-04T04:56:14Z,2,0,32,19,53,True,⚙🎯📚🚧🔭📊🤖✅❌⚠🎉🟢⏸📋,False,False,4631,False
2775,583,githubnext/autoloop,.github/workflows/autoloop.md,4,2026-04-22T22:26:27Z,0,0,32,19,51,True,⚙🎯📚🚧🔭📊🤖✅❌⚠🎉🟢⏸📋,False,False,4631,False
2776,583,githubnext/autoloop,.github/workflows/autoloop.md,5,2026-04-22T22:33:29Z,2,0,32,18,52,True,⚙🎯📚🚧🔭📊🤖✅❌⚠🎉🟢⏸📋,False,False,4857,False
2777,583,githubnext/autoloop,.github/workflows/autoloop.md,6,2026-04-23T00:40:44Z,0,0,32,18,50,True,⚙🎯📚🚧🔭📊🤖✅❌⚠🎉🟢⏸📋,False,False,4857,False
2778,583,githubnext/autoloop,.github/workflows/autoloop.md,7,2026-04-23T15:00:53Z,0,0,32,18,50,True,⚙🎯📚🚧🔭📊🤖✅❌⚠🎉🟢⏸📋,False,False,4833,False
2779,583,githubnext/autoloop,.github/workflows/autoloop.md,8,2026-04-25T14:55:20Z,0,0,32,18,50,True,⚙🎯📚🚧🔭📊🤖✅❌⚠🎉🟢⏸📋,False,False,4816,False
2780,584,UbiHome/UbiHome,.github/workflows/pr-documentation-check.md,1,2026-05-16T23:06:57Z,0,0,0,2,2,True,📋🤖,False,False,499,False
2781,584,UbiHome/UbiHome,.github/workflows/pr-documentation-check.md,2,2026-05-23T21:52:31Z,0,0,0,2,2,True,📋🤖,False,False,499,False
2782,585,Azure/git-ape,.github/workflows/daily-repo-status.md,1,2026-05-06T10:02:56Z,0,0,1,0,1,True,🌟,False,True,105,False
2783,585,Azure/git-ape,.github/workflows/daily-repo-status.md,2,2026-05-27T02:02:48Z,0,0,1,0,1,True,🌟,False,True,105,False
2784,586,Azure/git-ape,.github/workflows/git-ape-workshop-content-updater.md,1,2026-06-15T05:32:27Z,0,0,0,0,0,False,,False,False,1420,False
2785,586,Azure/git-ape,.github/workflows/git-ape-workshop-content-updater.md,2,2026-06-18T05:26:45Z,0,0,0,0,0,False,,False,False,1420,False
2786,587,Azure/git-ape,.github/workflows/issue-triage-agent.md,1,2026-05-06T10:49:25Z,0,0,0,1,1,True,🏷,False,False,366,False
2787,587,Azure/git-ape,.github/workflows/issue-triage-agent.md,2,2026-05-06T11:13:42Z,0,0,0,1,1,True,🏷,False,False,366,False
2788,587,Azure/git-ape,.github/workflows/issue-triage-agent.md,3,2026-05-25T02:52:05Z,0,0,0,1,1,True,🏷,False,False,366,False
2789,588,Azure-Samples/octocat-supply,.github/workflows/auto-analyze-failures.md,1,2026-03-05T23:41:27Z,3,0,2,0,5,True,🧪🚢🐳🔧,False,False,418,False
2790,589,Azure-Samples/octocat-supply,.github/workflows/daily-repo-activity-summary.md,1,2026-03-05T23:41:27Z,0,0,0,0,0,False,,False,False,251,False
2791,590,microsoft/apm-action,.github/workflows/apm-demo.md,1,2026-03-05T22:35:04Z,0,0,0,0,0,False,,False,False,86,False
2792,591,DanWahlin/github-azure-agentic-journeys,.github/workflows/journey-e2e-test.md,1,2026-04-11T23:27:32Z,0,0,0,0,0,False,,False,False,815,False
2793,591,DanWahlin/github-azure-agentic-journeys,.github/workflows/journey-e2e-test.md,2,2026-04-12T00:51:15Z,0,0,0,0,0,False,,False,False,1001,False
2794,591,DanWahlin/github-azure-agentic-journeys,.github/workflows/journey-e2e-test.md,3,2026-05-18T11:19:27Z,0,0,0,0,0,False,,False,False,1001,False
2795,591,DanWahlin/github-azure-agentic-journeys,.github/workflows/journey-e2e-test.md,4,2026-05-18T11:38:33Z,0,0,0,0,0,False,,False,False,1001,False
2796,591,DanWahlin/github-azure-agentic-journeys,.github/workflows/journey-e2e-test.md,5,2026-05-18T12:51:54Z,0,0,0,0,0,False,,False,False,1076,False
2797,591,DanWahlin/github-azure-agentic-journeys,.github/workflows/journey-e2e-test.md,6,2026-05-18T14:20:42Z,0,0,0,0,0,False,,False,False,1119,False
2798,591,DanWahlin/github-azure-agentic-journeys,.github/workflows/journey-e2e-test.md,7,2026-05-18T15:42:39Z,0,0,0,0,0,False,,False,False,1210,False
2799,592,oboapp/oboapp,.github/workflows/ci-failure-fix.md,1,2026-04-17T16:13:54Z,0,0,0,0,0,False,,False,False,221,False
2804,596,fqfqgo/clash-verge-rev,.github/workflows/pr-ai-slop-review.md,1,2026-03-17T18:07:27Z,0,0,0,0,0,False,,False,False,648,False
2805,596,fqfqgo/clash-verge-rev,.github/workflows/pr-ai-slop-review.md,2,2026-03-23T16:19:59Z,0,0,0,0,0,False,,False,False,648,False
2806,596,fqfqgo/clash-verge-rev,.github/workflows/pr-ai-slop-review.md,3,2026-03-26T14:00:56Z,0,0,0,0,0,False,,False,False,909,False
2807,596,fqfqgo/clash-verge-rev,.github/workflows/pr-ai-slop-review.md,4,2026-04-14T09:46:21Z,0,0,0,0,0,False,,False,False,909,False
2808,596,fqfqgo/clash-verge-rev,.github/workflows/pr-ai-slop-review.md,5,2026-04-21T16:11:44Z,0,0,0,0,0,False,,False,False,996,False
2809,596,fqfqgo/clash-verge-rev,.github/workflows/pr-ai-slop-review.md,6,2026-05-10T09:17:43Z,0,0,0,0,0,False,,False,False,1050,False
2810,597,microsoft/AI-Engineering-Coach,.github/workflows/issue-triage.md,1,2026-06-07T18:40:49Z,0,0,0,4,4,True,🎯📊🔗💡,False,False,986,False
2811,597,microsoft/AI-Engineering-Coach,.github/workflows/issue-triage.md,2,2026-06-10T15:43:43Z,0,0,0,4,4,True,🎯📊🔗💡,False,False,986,False
2812,597,microsoft/AI-Engineering-Coach,.github/workflows/issue-triage.md,3,2026-06-19T08:30:28Z,0,0,0,4,4,True,🎯📊🔗💡,False,False,986,False
2813,598,drasi-project/drasi-server,.github/workflows/pr-correctness-reviewer.md,1,2026-06-05T16:40:00Z,0,0,10,0,10,True,🔴🟡🔵✅,False,False,1464,False
2814,599,drasi-project/drasi-server,.github/workflows/pr-design-reviewer.md,1,2026-06-05T16:40:00Z,0,0,10,0,10,True,🔴🟡🔵🏗,False,False,1012,False
2815,600,drasi-project/drasi-server,.github/workflows/pr-docs-reviewer.md,1,2026-06-05T16:40:00Z,0,0,10,0,10,True,🔴🟡🔵📝,False,False,1116,False
2816,601,drasi-project/drasi-server,.github/workflows/pr-prior-art-reviewer.md,1,2026-06-05T16:40:00Z,0,0,10,0,10,True,🔴🟡🔵🔍,False,False,1083,False
2817,602,drasi-project/drasi-server,.github/workflows/pr-security-reviewer.md,1,2026-06-05T16:40:00Z,0,0,10,0,10,True,🔴🟡🔵🔒,False,False,1084,False
2818,603,drasi-project/drasi-server,.github/workflows/pr-testing-reviewer.md,1,2026-06-05T16:40:00Z,0,0,10,0,10,True,🔴🟡🔵🧪,False,False,1136,False
2819,604,drasi-project/drasi-server,.github/workflows/validate-yaml-snippets.md,1,2026-01-15T23:14:12Z,0,0,1,0,1,True,✅,False,False,303,False
2820,604,drasi-project/drasi-server,.github/workflows/validate-yaml-snippets.md,2,2026-06-16T21:32:02Z,0,0,1,0,1,True,✅,False,False,332,False
