template,repo,path,commit_sha,committed_at,revision,component,n_frontmatter,n_heading,n_prose,n_code,n_total,has_emoji,emojis,fm_emoji_field,mentions_emoji,body_words
Alfresco/alfresco-build-tools/.github/workflows/supply-chain-review.md,Alfresco/alfresco-build-tools,.github/workflows/supply-chain-review.md,500921b47ef517ff56a006f7422d5c229430f681,2026-05-28 13:55:52+00:00,1,False,0,0,0,0,0,False,,False,False,2365
Alfresco/alfresco-build-tools/.github/workflows/supply-chain-review.md,Alfresco/alfresco-build-tools,.github/workflows/supply-chain-review.md,ccf3ddbc10205c171ca84ad88d9a05b1c60069b2,2026-05-29 10:54:47+00:00,2,False,0,0,0,0,0,False,,False,False,2371
Alfresco/alfresco-build-tools/.github/workflows/supply-chain-review.md,Alfresco/alfresco-build-tools,.github/workflows/supply-chain-review.md,6a3b536ca5d2cf8f844abb810b4bbbc7b574f5fb,2026-05-29 13:21:33+00:00,3,False,0,0,0,0,0,False,,False,False,2372
Alfresco/alfresco-build-tools/.github/workflows/supply-chain-review.md,Alfresco/alfresco-build-tools,.github/workflows/supply-chain-review.md,b2070730e7482fb8d2791e97d7b288fdf3b106ef,2026-06-03 15:13:37+00:00,4,False,0,0,0,0,0,False,,False,False,2373
Alfresco/alfresco-build-tools/.github/workflows/supply-chain-review.md,Alfresco/alfresco-build-tools,.github/workflows/supply-chain-review.md,52467f0241079de71fe14591f97bdec7555ab545,2026-06-10 11:29:33+00:00,5,False,0,0,0,0,0,False,,False,False,2484
Alfresco/alfresco-build-tools/.github/workflows/supply-chain-review.md,Alfresco/alfresco-build-tools,.github/workflows/supply-chain-review.md,7479d99410acb8b63f78a5b17abb3b8ebec3a66d,2026-07-02 07:48:05+00:00,6,False,0,0,0,0,0,False,,False,False,2527
Alfresco/alfresco-build-tools/.github/workflows/supply-chain-review.md,Alfresco/alfresco-build-tools,.github/workflows/supply-chain-review.md,c4f057a4701036bcf10c2dca8145801692e3bc4f,2026-08-06 12:34:22+00:00,7,False,0,0,0,0,0,False,,False,False,2704
Alfresco/alfresco-build-tools/.github/workflows/supply-chain-review.md,Alfresco/alfresco-build-tools,.github/workflows/supply-chain-review.md,7bc0fc6f4f11df6c065b57d4a6aa90d7ea362b2f,2026-08-06 14:06:47+00:00,8,False,0,0,0,0,0,False,,False,False,2593
Alfresco/alfresco-build-tools/.github/workflows/supply-chain-review.md,Alfresco/alfresco-build-tools,.github/workflows/supply-chain-review.md,7c01fe5fa9d9b700b8c91abd8398ca7d4047d88a,2026-09-14 13:51:40+00:00,9,False,0,0,0,0,0,False,,False,False,2814
Alfresco/alfresco-build-tools/.github/workflows/supply-chain-review.md,Alfresco/alfresco-build-tools,.github/workflows/supply-chain-review.md,599eebd2a1b84e76d540e41036520df3a64c7cbd,2026-09-14 16:22:13+00:00,10,False,0,0,0,0,0,False,,False,False,3156
github/gh-aw/.github/workflows/ci-doctor.md,github/gh-aw,.github/workflows/ci-doctor.md,c68a1d46e96a36a061e2b5602a056836d135139e,2025-09-11 14:00:17+00:00,1,False,0,0,0,1,1,True,🏥,False,False,993
github/gh-aw/.github/workflows/ci-doctor.md,github/gh-aw,.github/workflows/ci-doctor.md,d9480fc17dda7c8ed29edb861cddf44b10ecf9d5,2025-10-05 03:51:59+00:00,2,False,0,0,0,1,1,True,🏥,False,False,987
github/gh-aw/.github/workflows/ci-doctor.md,github/gh-aw,.github/workflows/ci-doctor.md,65273f19f85386d543990303b2bda061f8d04b08,2025-10-09 03:43:27+00:00,3,False,0,0,0,1,1,True,🏥,False,False,987
github/gh-aw/.github/workflows/ci-doctor.md,github/gh-aw,.github/workflows/ci-doctor.md,b5d2eb63f66675548e04011b17f14ae296f27646,2025-11-14 07:06:16+00:00,4,False,0,0,0,1,1,True,🏥,False,False,987
github/gh-aw/.github/workflows/ci-doctor.md,github/gh-aw,.github/workflows/ci-doctor.md,196ba427880cbfdfe73b2d17783bdaa6006e7937,2026-01-31 16:05:56+00:00,5,False,5,0,0,1,6,True,🩺🏥💊,False,False,1036
github/gh-aw/.github/workflows/ci-doctor.md,github/gh-aw,.github/workflows/ci-doctor.md,c19426f87652906fd05ff08a91d4753f8a96bfe2,2026-02-07 17:28:29+00:00,6,False,5,0,0,1,6,True,🩺🏥💊,False,False,1170
github/gh-aw/.github/workflows/ci-doctor.md,github/gh-aw,.github/workflows/ci-doctor.md,ba963a873b547e3365debe87ae4ed84220cd3c1f,2026-02-12 11:47:31+00:00,7,False,5,0,2,1,8,True,🩺🏥💊✅❌,False,False,1221
github/gh-aw/.github/workflows/ci-doctor.md,github/gh-aw,.github/workflows/ci-doctor.md,65fe27bb0bf5393275e306b617549cb2864d7ae6,2026-02-20 12:23:50+00:00,8,False,5,1,2,1,9,True,🩺🏥💊⚠✅❌,False,False,1329
github/gh-aw/.github/workflows/ci-doctor.md,github/gh-aw,.github/workflows/ci-doctor.md,e1e884c1a2b5c87e12069909bb80090772930fcf,2026-02-21 03:18:06+00:00,9,False,5,1,2,0,8,True,🩺🏥💊⚠✅❌,False,False,1355
github/gh-aw/.github/workflows/ci-doctor.md,github/gh-aw,.github/workflows/ci-doctor.md,6221cdcfe20b5ff6d2427c63661ae160fb9be4f4,2026-02-22 13:56:24+00:00,10,False,6,1,2,0,9,True,🩺🏥💊✅⚠❌,False,False,1549
github/gh-aw/.github/workflows/ci-doctor.md,github/gh-aw,.github/workflows/ci-doctor.md,af7701aac244d773ba6b58a33fa5fa58968e053f,2026-03-23 18:54:16+00:00,11,False,7,1,2,1,11,True,🩺🏥💊✅⚠❌,False,False,1957
github/gh-aw/.github/workflows/ci-doctor.md,github/gh-aw,.github/workflows/ci-doctor.md,4cf9de0e682f0a41d06804a196bda0aaf057ad55,2026-03-26 13:24:04+00:00,12,False,7,1,2,1,11,True,🩺🏥💊✅⚠❌,False,False,2124
github/gh-aw/.github/workflows/ci-doctor.md,github/gh-aw,.github/workflows/ci-doctor.md,320bcb95444295569797ba1fb4ff4433139a96e8,2026-04-04 14:23:07+00:00,13,False,7,1,2,1,11,True,🩺🏥💊✅⚠❌,False,False,2124
github/gh-aw/.github/workflows/ci-doctor.md,github/gh-aw,.github/workflows/ci-doctor.md,506b3c471b3764eb69f507f20a133d641b6eac6f,2026-05-23 15:11:12+00:00,14,False,8,1,2,1,12,True,🏥🩺💊✅⚠❌,True,False,2124
github/gh-aw/.github/workflows/ci-doctor.md,github/gh-aw,.github/workflows/ci-doctor.md,247bb74f09008e5fe1455256c1d258584713d2d1,2026-06-13 13:15:53+00:00,15,False,8,1,2,1,12,True,🏥🩺💊✅⚠❌,True,False,2124
github/gh-aw/.github/workflows/code-simplifier.md,github/gh-aw,.github/workflows/code-simplifier.md,6f27e6d8218a5a3729f44ee5a6dbd68957ac0865,2026-01-11 16:03:53+00:00,1,False,0,0,0,0,0,False,,False,False,25
github/gh-aw/.github/workflows/code-simplifier.md,github/gh-aw,.github/workflows/code-simplifier.md,e60fefa59c2b1647d239dc30ba55163ac4e2d78f,2026-01-16 15:31:23+00:00,2,False,0,0,0,0,0,False,,False,False,26
github/gh-aw/.github/workflows/code-simplifier.md,github/gh-aw,.github/workflows/code-simplifier.md,eb1a0fbdc96efb8fa74c31bb700f24caa36d5f9e,2026-01-22 17:22:21+00:00,3,False,0,0,13,6,19,True,✅,False,False,1642
github/gh-aw/.github/workflows/code-simplifier.md,github/gh-aw,.github/workflows/code-simplifier.md,bb3a3b3c35105d86add624c48ddb68e1419f5cb5,2026-02-16 17:09:36+00:00,4,False,0,0,13,6,19,True,✅,False,False,1726
github/gh-aw/.github/workflows/code-simplifier.md,github/gh-aw,.github/workflows/code-simplifier.md,fe2713ba4bb447a2e38905f4a47920531bc59cdd,2026-02-24 04:25:20+00:00,5,False,0,0,13,6,19,True,✅,False,False,1777
github/gh-aw/.github/workflows/code-simplifier.md,github/gh-aw,.github/workflows/code-simplifier.md,25fed92bcba25c4a0eb7765a29d05bec8f81ec3b,2026-04-18 01:02:45+00:00,6,False,0,0,13,6,19,True,✅,False,False,1728
github/gh-aw/.github/workflows/code-simplifier.md,github/gh-aw,.github/workflows/code-simplifier.md,f3c24880af69f8e5c7d6b6c17ee116583137f979,2026-04-30 23:11:29+00:00,7,False,0,0,13,6,19,True,✅,False,False,1728
github/gh-aw/.github/workflows/code-simplifier.md,github/gh-aw,.github/workflows/code-simplifier.md,9f2186cd8169eff7ad5b8e6cd8145df311d9e3f2,2026-06-01 19:30:38+00:00,8,False,1,0,0,2,3,True,🔧✅,True,False,659
github/gh-aw/.github/workflows/code-simplifier.md,github/gh-aw,.github/workflows/code-simplifier.md,c84a2ec7f7c9d61371ea37ecb1e33f50124e2802,2026-06-04 13:15:47+00:00,9,False,1,0,0,2,3,True,🔧✅,True,False,711
github/gh-aw/.github/workflows/code-simplifier.md,github/gh-aw,.github/workflows/code-simplifier.md,db6d3cc115715f0b51ebbbe08185784946851ee7,2026-06-06 14:38:43+00:00,10,False,1,0,0,2,3,True,🔧✅,True,False,747
github/gh-aw/.github/workflows/code-simplifier.md,github/gh-aw,.github/workflows/code-simplifier.md,d5a4519fd2d89ffd6b08b79458b56a28db707e6a,2026-06-07 05:36:14+00:00,11,False,1,0,0,2,3,True,🔧✅,True,False,782
github/gh-aw/.github/workflows/code-simplifier.md,github/gh-aw,.github/workflows/code-simplifier.md,4d9c6acb07e73133ed39caf489e76a6c1a5e5b3f,2026-06-12 16:11:42+00:00,12,False,1,0,0,3,4,True,🔧✅⚠,True,False,866
github/gh-aw/.github/workflows/code-simplifier.md,github/gh-aw,.github/workflows/code-simplifier.md,1170fc484978ff65b6e026755866aea0af490710,2026-07-07 06:08:34+00:00,13,False,1,0,0,3,4,True,🔧✅⚠,True,False,864
github/gh-aw/.github/workflows/code-simplifier.md,github/gh-aw,.github/workflows/code-simplifier.md,74058183471b424ce264dcd057765ceafe8931c6,2026-07-19 07:39:33+00:00,14,False,1,0,0,3,4,True,🔧✅⚠,True,False,864
github/gh-aw/.github/workflows/daily-doc-updater.md,github/gh-aw,.github/workflows/daily-doc-updater.md,16ec75f8baa77859241f8eea0db7dbf535c92edd,2025-10-17 14:59:24+00:00,1,False,0,0,0,0,0,False,,False,False,899
github/gh-aw/.github/workflows/daily-doc-updater.md,github/gh-aw,.github/workflows/daily-doc-updater.md,ec47a730355c794af5ed2eec6468cbf617ec31a6,2025-11-13 22:20:45+00:00,2,False,0,0,0,0,0,False,,False,False,899
github/gh-aw/.github/workflows/daily-doc-updater.md,github/gh-aw,.github/workflows/daily-doc-updater.md,cae7b10e4794601f21df5da7917cf147f3657534,2025-12-11 03:42:39+00:00,3,False,0,0,0,0,0,False,,False,False,901
github/gh-aw/.github/workflows/daily-doc-updater.md,github/gh-aw,.github/workflows/daily-doc-updater.md,e3c9c8577f044a1e57d1ba42d7185d6d867846c0,2026-01-20 21:44:41+00:00,4,False,0,0,0,0,0,False,,False,False,960
github/gh-aw/.github/workflows/daily-doc-updater.md,github/gh-aw,.github/workflows/daily-doc-updater.md,83d14e39e312775d09002b98cb62d819af6d244f,2026-01-28 13:54:32+00:00,5,False,0,0,0,0,0,False,,False,False,970
github/gh-aw/.github/workflows/daily-doc-updater.md,github/gh-aw,.github/workflows/daily-doc-updater.md,fe2713ba4bb447a2e38905f4a47920531bc59cdd,2026-02-24 04:25:20+00:00,6,False,0,0,0,0,0,False,,False,False,1021
github/gh-aw/.github/workflows/daily-doc-updater.md,github/gh-aw,.github/workflows/daily-doc-updater.md,8b089d17e83805175b88a9ebf4bcc419595a307c,2026-02-26 20:31:29+00:00,7,False,0,0,0,0,0,False,,False,False,1180
github/gh-aw/.github/workflows/daily-doc-updater.md,github/gh-aw,.github/workflows/daily-doc-updater.md,1761033b239aafac483133af81eba1f3e2c2e283,2026-03-14 21:27:29+00:00,8,False,0,0,0,0,0,False,,False,False,1251
github/gh-aw/.github/workflows/daily-doc-updater.md,github/gh-aw,.github/workflows/daily-doc-updater.md,0e5c18c58f79775dfed1efe9ed5dad515f538cd4,2026-03-15 19:33:03+00:00,9,False,0,0,0,1,1,True,📝,False,False,1258
github/gh-aw/.github/workflows/daily-doc-updater.md,github/gh-aw,.github/workflows/daily-doc-updater.md,27c63b690634cd94d90e3fbc1c3f7b64921002d4,2026-03-17 19:55:54+00:00,10,False,0,0,0,1,1,True,📝,False,False,1384
github/gh-aw/.github/workflows/daily-doc-updater.md,github/gh-aw,.github/workflows/daily-doc-updater.md,00c8977ceb34a66b691cd5d8d4ff8f2e596fe990,2026-03-24 05:51:27+00:00,11,False,0,0,0,1,1,True,📝,False,False,1384
github/gh-aw/.github/workflows/daily-doc-updater.md,github/gh-aw,.github/workflows/daily-doc-updater.md,87c50019107927467d3420fb6387a40ff7ffadb6,2026-03-31 01:06:29+00:00,12,False,0,0,0,1,1,True,📝,False,False,1498
github/gh-aw/.github/workflows/daily-doc-updater.md,github/gh-aw,.github/workflows/daily-doc-updater.md,320bcb95444295569797ba1fb4ff4433139a96e8,2026-04-04 14:23:07+00:00,13,False,0,0,0,1,1,True,📝,False,False,1498
github/gh-aw/.github/workflows/daily-doc-updater.md,github/gh-aw,.github/workflows/daily-doc-updater.md,46962005857518a2ae566a86309389f59007cae5,2026-04-05 14:56:19+00:00,14,False,0,0,0,1,1,True,📝,False,False,1649
github/gh-aw/.github/workflows/daily-doc-updater.md,github/gh-aw,.github/workflows/daily-doc-updater.md,81811c5e30a0b454f36dce5b71b70328b0a7019a,2026-04-15 13:45:28+00:00,15,False,0,0,0,1,1,True,📝,False,False,1690
github/gh-aw/.github/workflows/daily-doc-updater.md,github/gh-aw,.github/workflows/daily-doc-updater.md,25fed92bcba25c4a0eb7765a29d05bec8f81ec3b,2026-04-18 01:02:45+00:00,16,False,0,0,0,1,1,True,📝,False,False,1641
github/gh-aw/.github/workflows/daily-doc-updater.md,github/gh-aw,.github/workflows/daily-doc-updater.md,ec5f39c2c81e0b365baa07eae51dc57c07dc1aec,2026-04-19 13:52:37+00:00,17,False,0,0,0,1,1,True,📝,False,False,1727
github/gh-aw/.github/workflows/daily-doc-updater.md,github/gh-aw,.github/workflows/daily-doc-updater.md,87f7d57f58dd8c0d5b8e68dcdd825938dae9706d,2026-04-23 14:02:26+00:00,18,False,0,0,0,1,1,True,📝,False,False,1800
github/gh-aw/.github/workflows/daily-doc-updater.md,github/gh-aw,.github/workflows/daily-doc-updater.md,f3c24880af69f8e5c7d6b6c17ee116583137f979,2026-04-30 23:11:29+00:00,19,False,0,0,0,1,1,True,📝,False,False,1800
github/gh-aw/.github/workflows/daily-doc-updater.md,github/gh-aw,.github/workflows/daily-doc-updater.md,f4c5ee6ef4557b7372bbe8848661a3cdc78f6e87,2026-05-05 22:07:23+00:00,20,False,0,0,0,1,1,True,📝,False,False,2041
github/gh-aw/.github/workflows/daily-doc-updater.md,github/gh-aw,.github/workflows/daily-doc-updater.md,208cf613bf269c470f1e646e831a8918a4c6afb0,2026-05-06 12:37:31+00:00,21,False,0,0,0,1,1,True,📝,False,False,2132
github/gh-aw/.github/workflows/daily-doc-updater.md,github/gh-aw,.github/workflows/daily-doc-updater.md,54e5cb4e031fcfbe9c136d96af69d482e63a6220,2026-05-30 00:23:19+00:00,22,False,1,0,0,1,2,True,📝,True,False,2390
github/gh-aw/.github/workflows/daily-doc-updater.md,github/gh-aw,.github/workflows/daily-doc-updater.md,55db7d773b7f1b46608ec377fb0bdd77ed6d3aac,2026-05-31 18:03:48+00:00,23,False,1,0,0,1,2,True,📝,True,False,2482
github/gh-aw/.github/workflows/daily-doc-updater.md,github/gh-aw,.github/workflows/daily-doc-updater.md,eaef881ecdb70de471a8f737fb13f7799032620a,2026-07-01 00:28:23+00:00,24,False,1,0,0,1,2,True,📝,True,False,2614
github/gh-aw/.github/workflows/daily-doc-updater.md,github/gh-aw,.github/workflows/daily-doc-updater.md,b4ba2d60d64b175e4423883dd56f2ecc9b839b02,2026-07-05 13:29:41+00:00,25,False,1,0,0,1,2,True,📝,True,False,2630
github/gh-aw/.github/workflows/daily-doc-updater.md,github/gh-aw,.github/workflows/daily-doc-updater.md,1170fc484978ff65b6e026755866aea0af490710,2026-07-07 06:08:34+00:00,26,False,1,0,0,1,2,True,📝,True,False,2628
github/gh-aw/.github/workflows/daily-doc-updater.md,github/gh-aw,.github/workflows/daily-doc-updater.md,cc2708368025905df0bc39544c1333a7a09d12de,2026-07-22 16:45:52+00:00,27,False,1,0,0,1,2,True,📝,True,False,2644
github/gh-aw/.github/workflows/daily-doc-updater.md,github/gh-aw,.github/workflows/daily-doc-updater.md,34045734ca3ba8593e8cf09eedb1687295122e2a,2026-07-31 05:33:23+00:00,28,False,1,0,0,1,2,True,📝,True,False,2740
github/gh-aw/.github/workflows/daily-doc-updater.md,github/gh-aw,.github/workflows/daily-doc-updater.md,17b1c3fb5f0ae8aa30c314c57b2ad4377c5a1a62,2026-08-25 13:55:43+00:00,29,False,1,0,0,1,2,True,📝,True,False,2789
github/gh-aw/.github/workflows/daily-file-diet.md,github/gh-aw,.github/workflows/daily-file-diet.md,1186030a620f4113f655c156bedf70cf2c164f79,2025-11-15 13:36:21+00:00,1,False,0,1,1,0,2,True,🏋✅,False,False,957
github/gh-aw/.github/workflows/daily-file-diet.md,github/gh-aw,.github/workflows/daily-file-diet.md,cae7b10e4794601f21df5da7917cf147f3657534,2025-12-11 03:42:39+00:00,2,False,0,1,1,0,2,True,🏋✅,False,False,959
github/gh-aw/.github/workflows/daily-file-diet.md,github/gh-aw,.github/workflows/daily-file-diet.md,cffae5c16c8da62790dd7e9b82c7243c013d3b63,2025-12-11 20:06:48+00:00,3,False,0,1,1,0,2,True,🏋✅,False,False,1583
github/gh-aw/.github/workflows/daily-file-diet.md,github/gh-aw,.github/workflows/daily-file-diet.md,9c55cedfa6a493259d84bd5a23ab073e086e501b,2025-12-14 12:43:11+00:00,4,False,0,1,1,0,2,True,🏋✅,False,False,1595
github/gh-aw/.github/workflows/daily-file-diet.md,github/gh-aw,.github/workflows/daily-file-diet.md,8fa8a6d9d069b077feba922add936394c014c800,2025-12-15 17:52:23+00:00,5,False,0,1,1,0,2,True,🏋✅,False,False,1595
github/gh-aw/.github/workflows/daily-file-diet.md,github/gh-aw,.github/workflows/daily-file-diet.md,be592248104ad8c6c5b28cf7a21ea628df44aa71,2025-12-18 08:20:26+00:00,6,False,0,1,1,0,2,True,🏋✅,False,False,1277
github/gh-aw/.github/workflows/daily-file-diet.md,github/gh-aw,.github/workflows/daily-file-diet.md,436cf714856571eb0e9d72047c96cae00b9346bd,2026-01-04 10:24:34+00:00,7,False,0,1,1,0,2,True,🏋✅,False,False,959
github/gh-aw/.github/workflows/daily-file-diet.md,github/gh-aw,.github/workflows/daily-file-diet.md,4b2a6bcccf8a0631ae803d65e36233a67ef538fa,2026-01-13 18:43:18+00:00,8,False,0,1,1,0,2,True,🏋✅,False,False,959
github/gh-aw/.github/workflows/daily-file-diet.md,github/gh-aw,.github/workflows/daily-file-diet.md,f97a5879ba52e6d3c9ffb565a2ea097b55981aa1,2026-01-24 13:20:38+00:00,9,False,0,1,1,0,2,True,🏋✅,False,False,1149
github/gh-aw/.github/workflows/daily-file-diet.md,github/gh-aw,.github/workflows/daily-file-diet.md,fe2713ba4bb447a2e38905f4a47920531bc59cdd,2026-02-24 04:25:20+00:00,10,False,0,1,1,0,2,True,🏋✅,False,False,1200
github/gh-aw/.github/workflows/daily-file-diet.md,github/gh-aw,.github/workflows/daily-file-diet.md,320bcb95444295569797ba1fb4ff4433139a96e8,2026-04-04 14:23:07+00:00,11,False,0,1,1,0,2,True,🏋✅,False,False,1200
github/gh-aw/.github/workflows/daily-file-diet.md,github/gh-aw,.github/workflows/daily-file-diet.md,25fed92bcba25c4a0eb7765a29d05bec8f81ec3b,2026-04-18 01:02:45+00:00,12,False,0,1,1,0,2,True,🏋✅,False,False,1151
github/gh-aw/.github/workflows/daily-file-diet.md,github/gh-aw,.github/workflows/daily-file-diet.md,f3c24880af69f8e5c7d6b6c17ee116583137f979,2026-04-30 23:11:29+00:00,13,False,0,1,1,0,2,True,🏋✅,False,False,1151
github/gh-aw/.github/workflows/daily-file-diet.md,github/gh-aw,.github/workflows/daily-file-diet.md,1170fc484978ff65b6e026755866aea0af490710,2026-07-07 06:08:34+00:00,14,False,1,1,1,0,3,True,🧹🏋✅,True,False,1149
github/gh-aw/.github/workflows/duplicate-code-detector.md,github/gh-aw,.github/workflows/duplicate-code-detector.md,c3c00d297e070cd7f766d2c87bb809301912e87b,2025-10-07 06:29:50+00:00,1,False,0,0,0,1,1,True,🔍,False,False,988
github/gh-aw/.github/workflows/duplicate-code-detector.md,github/gh-aw,.github/workflows/duplicate-code-detector.md,dd31b711daf98063a228743373c1dcee069098ce,2025-10-07 23:28:49+00:00,2,False,0,0,0,1,1,True,🔍,False,False,949
github/gh-aw/.github/workflows/duplicate-code-detector.md,github/gh-aw,.github/workflows/duplicate-code-detector.md,b407ac0be5e9fae570f06407b9f7154694e25e55,2025-10-09 23:55:17+00:00,3,False,0,0,0,1,1,True,🔍,False,False,1001
github/gh-aw/.github/workflows/duplicate-code-detector.md,github/gh-aw,.github/workflows/duplicate-code-detector.md,2c66b8ac032fef6693902de4cf60fc3c64a82adc,2025-10-14 13:27:45+00:00,4,False,0,0,0,1,1,True,🔍,False,False,1023
github/gh-aw/.github/workflows/duplicate-code-detector.md,github/gh-aw,.github/workflows/duplicate-code-detector.md,a9b996e9654b455a1232bbb717e6038400e18eac,2025-10-18 12:54:03+00:00,5,False,0,0,0,1,1,True,🔍,False,False,1081
github/gh-aw/.github/workflows/duplicate-code-detector.md,github/gh-aw,.github/workflows/duplicate-code-detector.md,b4dbc4ee9b5f8cb3561a44c88e575abaefd7401e,2025-10-22 23:12:36+00:00,6,False,0,0,0,1,1,True,🔍,False,False,1216
github/gh-aw/.github/workflows/duplicate-code-detector.md,github/gh-aw,.github/workflows/duplicate-code-detector.md,8adb0aec90a1468c771833103a1596ef7a3a0672,2025-10-28 01:37:37+00:00,7,False,0,0,0,1,1,True,🔍,False,False,1210
github/gh-aw/.github/workflows/duplicate-code-detector.md,github/gh-aw,.github/workflows/duplicate-code-detector.md,0707e55e2825130238e7055ce5f532d682d25e48,2025-10-29 18:13:20+00:00,8,False,0,0,0,1,1,True,🔍,False,False,1216
github/gh-aw/.github/workflows/duplicate-code-detector.md,github/gh-aw,.github/workflows/duplicate-code-detector.md,8530db38fded0b6c0e3b8d855d403b0dcf5e37a0,2025-11-03 14:55:10+00:00,9,False,0,0,0,1,1,True,🔍,False,False,1230
github/gh-aw/.github/workflows/duplicate-code-detector.md,github/gh-aw,.github/workflows/duplicate-code-detector.md,51163c67ad2476560f9410444709922fef9ef45d,2025-11-06 11:39:47+00:00,10,False,0,0,0,1,1,True,🔍,False,False,1232
github/gh-aw/.github/workflows/duplicate-code-detector.md,github/gh-aw,.github/workflows/duplicate-code-detector.md,bc1b728f9eed8d30510ab3de754c23bbca717c06,2026-02-23 06:14:54+00:00,11,False,0,0,0,2,2,True,✅🔍,False,False,1327
github/gh-aw/.github/workflows/duplicate-code-detector.md,github/gh-aw,.github/workflows/duplicate-code-detector.md,a147264e7a887b334d3b9c845875d3a2ad7d3d4a,2026-08-15 04:45:48+00:00,12,False,1,0,0,2,3,True,🔍✅,True,False,1344
github/gh-aw/.github/workflows/issue-triage-agent.md,github/gh-aw,.github/workflows/issue-triage-agent.md,b5d1b90b2e1ab16c567d0838ee8824a7aa5ba6dc,2025-11-25 05:59:16+00:00,1,False,0,0,0,0,0,False,,False,False,48
github/gh-aw/.github/workflows/issue-triage-agent.md,github/gh-aw,.github/workflows/issue-triage-agent.md,0754a3152f557ad3027087105ffa3953ee3e309f,2025-12-14 15:48:21+00:00,2,False,0,0,0,0,0,False,,False,False,59
github/gh-aw/.github/workflows/issue-triage-agent.md,github/gh-aw,.github/workflows/issue-triage-agent.md,793df3e3b3f78414a93c977b0370404b467f6e75,2025-12-15 15:58:16+00:00,3,False,0,0,0,0,0,False,,False,False,79
github/gh-aw/.github/workflows/issue-triage-agent.md,github/gh-aw,.github/workflows/issue-triage-agent.md,7393bb98bad11688c5bb99eed85f64d23cba42fa,2026-01-26 13:34:10+00:00,4,False,0,0,0,1,1,True,🏷,False,False,226
github/gh-aw/.github/workflows/issue-triage-agent.md,github/gh-aw,.github/workflows/issue-triage-agent.md,bc153047bde1afe62da5cd4bf03a9dc607d79c7d,2026-02-02 20:33:07+00:00,5,False,0,0,0,1,1,True,🏷,False,False,226
github/gh-aw/.github/workflows/issue-triage-agent.md,github/gh-aw,.github/workflows/issue-triage-agent.md,9d9dd04e99eb03313b8267c86c59d33a644b3ee0,2026-02-15 16:32:48+00:00,6,False,0,0,0,1,1,True,🏷,False,False,366
github/gh-aw/.github/workflows/issue-triage-agent.md,github/gh-aw,.github/workflows/issue-triage-agent.md,fe2713ba4bb447a2e38905f4a47920531bc59cdd,2026-02-24 04:25:20+00:00,7,False,0,0,0,1,1,True,🏷,False,False,417
github/gh-aw/.github/workflows/issue-triage-agent.md,github/gh-aw,.github/workflows/issue-triage-agent.md,320bcb95444295569797ba1fb4ff4433139a96e8,2026-04-04 14:23:07+00:00,8,False,0,0,0,1,1,True,🏷,False,False,417
github/gh-aw/.github/workflows/issue-triage-agent.md,github/gh-aw,.github/workflows/issue-triage-agent.md,25fed92bcba25c4a0eb7765a29d05bec8f81ec3b,2026-04-18 01:02:45+00:00,9,False,0,0,0,1,1,True,🏷,False,False,368
github/gh-aw/.github/workflows/issue-triage-agent.md,github/gh-aw,.github/workflows/issue-triage-agent.md,f3c24880af69f8e5c7d6b6c17ee116583137f979,2026-04-30 23:11:29+00:00,10,False,0,0,0,1,1,True,🏷,False,False,368
github/gh-aw/.github/workflows/issue-triage-agent.md,github/gh-aw,.github/workflows/issue-triage-agent.md,1170fc484978ff65b6e026755866aea0af490710,2026-07-07 06:08:34+00:00,11,False,1,0,0,1,2,True,🔧🏷,True,False,366
github/gh-aw/.github/workflows/shared/actions-ai-inference.md,github/gh-aw,.github/workflows/shared/actions-ai-inference.md,a982cdcd8df4e25155c2dba14506d360b2a720dc,2025-10-06 23:33:38+00:00,1,True,0,0,0,0,0,False,,False,False,29
github/gh-aw/.github/workflows/shared/actions-ai-inference.md,github/gh-aw,.github/workflows/shared/actions-ai-inference.md,18a0e249375fa8acf4c8b5c9a05e24f235b293e8,2025-10-07 02:20:32+00:00,2,True,0,0,0,0,0,False,,False,False,158
github/gh-aw/.github/workflows/shared/actions-ai-inference.md,github/gh-aw,.github/workflows/shared/actions-ai-inference.md,48e53da6682ab43c7f04190ddadf9d2a5186d8fd,2025-10-16 17:49:24+00:00,3,True,0,0,0,0,0,False,,False,False,158
github/gh-aw/.github/workflows/shared/activation-app.md,github/gh-aw,.github/workflows/shared/activation-app.md,85ba66cc59587ba1f0fe9c122bc4d672a645b3ff,2026-03-13 18:31:46+00:00,1,True,0,0,0,0,0,False,,False,False,269
github/gh-aw/.github/workflows/shared/ai-coding-dictionary.md,github/gh-aw,.github/workflows/shared/ai-coding-dictionary.md,cc2708368025905df0bc39544c1333a7a09d12de,2026-07-22 16:45:52+00:00,1,True,0,0,0,0,0,False,,False,False,158
github/gh-aw/.github/workflows/shared/aider.md,github/gh-aw,.github/workflows/shared/aider.md,0699202c88dcede28e9e9dc6359a2de2d130a0ef,2026-08-04 17:02:13+00:00,1,True,0,0,0,0,0,False,,False,False,124
github/gh-aw/.github/workflows/shared/aider.md,github/gh-aw,.github/workflows/shared/aider.md,838318882cfd49d4b6e1b83cdae34967de88a37d,2026-08-04 19:45:59+00:00,2,True,0,0,0,0,0,False,,False,False,121
github/gh-aw/.github/workflows/shared/aider.md,github/gh-aw,.github/workflows/shared/aider.md,964e554e0302803dceecfdc0a58cb9c4bd7d732d,2026-08-04 23:23:05+00:00,3,True,0,0,0,0,0,False,,False,False,126
github/gh-aw/.github/workflows/shared/aider.md,github/gh-aw,.github/workflows/shared/aider.md,921216d1cd84e3effa4e1eb247277f2b8d07b511,2026-08-05 01:07:38+00:00,4,True,0,0,0,0,0,False,,False,False,170
github/gh-aw/.github/workflows/shared/aider.md,github/gh-aw,.github/workflows/shared/aider.md,b8a04fbe6eb264532870d3514d4c1ee7a67f0963,2026-08-16 17:04:39+00:00,5,True,0,0,0,0,0,False,,False,False,325
github/gh-aw/.github/workflows/shared/aider.md,github/gh-aw,.github/workflows/shared/aider.md,63888795f08f2383ee5cc17810e4363a57b152dc,2026-08-17 03:20:01+00:00,6,True,0,0,0,0,0,False,,False,False,327
github/gh-aw/.github/workflows/shared/aider.md,github/gh-aw,.github/workflows/shared/aider.md,a92331e3cc76c5381c38ba4f63586583449b782d,2026-08-27 23:28:58+00:00,7,True,0,0,0,0,0,False,,False,False,325
github/gh-aw/.github/workflows/shared/aider.md,github/gh-aw,.github/workflows/shared/aider.md,45b360b879ff38f73e92bc2f9b887d8ac78d17ca,2026-09-22 23:08:16+00:00,8,True,0,0,0,0,0,False,,False,False,325
github/gh-aw/.github/workflows/shared/apm.md,github/gh-aw,.github/workflows/shared/apm.md,44f4072593b5a42829868652fc655a971e999520,2026-03-31 01:23:05+00:00,1,True,0,0,0,0,0,False,,False,False,111
github/gh-aw/.github/workflows/shared/apm.md,github/gh-aw,.github/workflows/shared/apm.md,fa70b5e5ecef225be7bd5b6cee0e1fe672b22bd0,2026-04-23 12:13:54+00:00,2,True,0,0,0,0,0,False,,False,False,111
github/gh-aw/.github/workflows/shared/apm.md,github/gh-aw,.github/workflows/shared/apm.md,6eef2183c8823f1af6e390a8f540de1170c6f48a,2026-04-24 21:20:22+00:00,3,True,0,0,0,0,0,False,,False,False,224
github/gh-aw/.github/workflows/shared/apm.md,github/gh-aw,.github/workflows/shared/apm.md,0fca386c39e3eca4c2508d68626cfe1905cb5868,2026-04-29 04:07:19+00:00,4,True,0,0,0,0,0,False,,False,False,240
github/gh-aw/.github/workflows/shared/app-config.md,github/gh-aw,.github/workflows/shared/app-config.md,b342ce687ea0d100f3a6eeb836ac4411c55fe04b,2025-11-21 20:00:14+00:00,1,True,0,0,0,0,0,False,,False,False,88
github/gh-aw/.github/workflows/shared/ast-grep.md,github/gh-aw,.github/workflows/shared/ast-grep.md,742dca538b56dc24942e25d5546de2abf91904ba,2025-10-07 13:01:17+00:00,1,True,0,0,0,0,0,False,,False,False,153
github/gh-aw/.github/workflows/shared/ast-grep.md,github/gh-aw,.github/workflows/shared/ast-grep.md,fff0c1500e189edd1f4a60de4e61735f0c99d01f,2025-10-08 19:21:54+00:00,2,True,0,0,0,0,0,False,,False,False,183
github/gh-aw/.github/workflows/shared/aw-logs-24h-fetch-prompt.md,github/gh-aw,.github/workflows/shared/aw-logs-24h-fetch-prompt.md,84ece230096b22ac4ff824eff1dda9b24ec7282a,2026-06-10 02:28:12+00:00,1,True,0,0,0,0,0,False,,False,False,84
github/gh-aw/.github/workflows/shared/aw-logs-24h-fetch-prompt.md,github/gh-aw,.github/workflows/shared/aw-logs-24h-fetch-prompt.md,d52203c4030be63c7560c2431d6cc00b0ff10fc6,2026-08-22 01:56:03+00:00,2,True,0,0,0,0,0,False,,False,False,157
github/gh-aw/.github/workflows/shared/aw-logs-24h-fetch.md,github/gh-aw,.github/workflows/shared/aw-logs-24h-fetch.md,1e56ecdeda2589b168f0935cf1ff5dfe87d3927e,2026-03-23 21:07:32+00:00,1,True,0,0,0,0,0,False,,False,False,84
github/gh-aw/.github/workflows/shared/aw-logs-24h-fetch.md,github/gh-aw,.github/workflows/shared/aw-logs-24h-fetch.md,d52203c4030be63c7560c2431d6cc00b0ff10fc6,2026-08-22 01:56:03+00:00,2,True,0,0,0,0,0,False,,False,False,157
github/gh-aw/.github/workflows/shared/aw-logs-24h-fetch.md,github/gh-aw,.github/workflows/shared/aw-logs-24h-fetch.md,b294887159a9a087db5dbe5dc1b8bd1611fae9c2,2026-09-07 21:25:16+00:00,3,True,0,0,0,0,0,False,,False,False,167
github/gh-aw/.github/workflows/shared/azure-auth.md,github/gh-aw,.github/workflows/shared/azure-auth.md,b94707abc6b4885629eca70192acdcd50768db2f,2026-07-28 14:36:05+00:00,1,True,0,0,0,0,0,False,,False,False,374
github/gh-aw/.github/workflows/shared/cache-memory-trending.md,github/gh-aw,.github/workflows/shared/cache-memory-trending.md,373d4da75e5a53dd6ee0b0dcd18180d919207a68,2026-05-21 20:05:28+00:00,1,True,0,0,0,1,1,True,📦,False,False,1099
github/gh-aw/.github/workflows/shared/campaign.md,github/gh-aw,.github/workflows/shared/campaign.md,4cf6cf78ac60b0c276dc083d68c7b891c43fdb2f,2026-01-29 21:11:32+00:00,1,True,0,0,0,0,0,False,,False,False,650
github/gh-aw/.github/workflows/shared/campaign.md,github/gh-aw,.github/workflows/shared/campaign.md,a0d2a9af4791943294485ea21e50ee4c2abd7646,2026-01-29 22:25:19+00:00,2,True,0,0,0,0,0,False,,False,False,643
github/gh-aw/.github/workflows/shared/campaign.md,github/gh-aw,.github/workflows/shared/campaign.md,7cfc43e6543dc3eb5654f7bb6b50949807a6a867,2026-01-31 14:31:49+00:00,3,True,0,0,0,0,0,False,,False,False,123
github/gh-aw/.github/workflows/shared/changeset-format.md,github/gh-aw,.github/workflows/shared/changeset-format.md,b409a0fda6c4e5844cc3f6d5a7f174a700db0631,2025-10-15 06:01:56+00:00,1,True,0,0,0,0,0,False,,False,False,114
github/gh-aw/.github/workflows/shared/changeset-format.md,github/gh-aw,.github/workflows/shared/changeset-format.md,c419e291af91ccf1a26f8eb6e68a8fcd5757267e,2025-11-05 04:01:37+00:00,2,True,0,0,0,0,0,False,,False,False,247
github/gh-aw/.github/workflows/shared/charts-with-trending.md,github/gh-aw,.github/workflows/shared/charts-with-trending.md,856a2c71d43e77f99b71774e9d6fc9289d346c55,2025-11-11 23:35:47+00:00,1,True,0,0,0,5,5,True,✅📊💾📈,False,False,1152
github/gh-aw/.github/workflows/shared/charts-with-trending.md,github/gh-aw,.github/workflows/shared/charts-with-trending.md,e9156e9df05429fd42cbe44e4d69554bbbf1725d,2025-11-21 16:05:54+00:00,2,True,0,0,0,5,5,True,✅📊💾📈,False,False,1208
github/gh-aw/.github/workflows/shared/charts-with-trending.md,github/gh-aw,.github/workflows/shared/charts-with-trending.md,afe25ec0e2826a3976e6ccff87368c2dfd3adbf4,2026-01-11 14:01:32+00:00,3,True,0,0,0,5,5,True,✅📊💾📈,False,False,1218
github/gh-aw/.github/workflows/shared/ci-data-analysis.md,github/gh-aw,.github/workflows/shared/ci-data-analysis.md,3d6c6448fa7c8eb8059ea90ae85ff3846753dfd3,2026-01-04 06:38:27+00:00,1,True,0,0,3,0,3,True,✅,False,False,362
github/gh-aw/.github/workflows/shared/ci-data-analysis.md,github/gh-aw,.github/workflows/shared/ci-data-analysis.md,b182c18da48363e986d39366db1a236217ed4cce,2026-01-07 12:55:03+00:00,2,True,0,0,3,0,3,True,✅,False,False,384
github/gh-aw/.github/workflows/shared/ci-data-analysis.md,github/gh-aw,.github/workflows/shared/ci-data-analysis.md,1f26fd9a0f761529a097ae3dd2391e6e78e4b46f,2026-04-20 19:07:36+00:00,3,True,0,0,3,0,3,True,✅,False,False,417
github/gh-aw/.github/workflows/shared/ci-data-analysis.md,github/gh-aw,.github/workflows/shared/ci-data-analysis.md,92c32893fb180da8d837ab6149d379b2d229d7f0,2026-04-25 23:04:18+00:00,4,True,0,0,3,0,3,True,✅,False,False,417
github/gh-aw/.github/workflows/shared/ci-data-analysis.md,github/gh-aw,.github/workflows/shared/ci-data-analysis.md,506b3c471b3764eb69f507f20a133d641b6eac6f,2026-05-23 15:11:12+00:00,5,True,0,0,3,0,3,True,✅,False,False,417
github/gh-aw/.github/workflows/shared/ci-data-analysis.md,github/gh-aw,.github/workflows/shared/ci-data-analysis.md,d171a821e4f9402ad6f880eb336292b03efcc51f,2026-06-08 22:23:57+00:00,6,True,0,0,0,0,0,False,,False,False,532
github/gh-aw/.github/workflows/shared/ci-optimization-strategies.md,github/gh-aw,.github/workflows/shared/ci-optimization-strategies.md,3d6c6448fa7c8eb8059ea90ae85ff3846753dfd3,2026-01-04 06:38:27+00:00,1,True,0,0,0,0,0,False,,False,False,901
github/gh-aw/.github/workflows/shared/ci-optimization-strategies.md,github/gh-aw,.github/workflows/shared/ci-optimization-strategies.md,1f26fd9a0f761529a097ae3dd2391e6e78e4b46f,2026-04-20 19:07:36+00:00,2,True,0,0,0,0,0,False,,False,False,741
github/gh-aw/.github/workflows/shared/ci-optimization-strategies.md,github/gh-aw,.github/workflows/shared/ci-optimization-strategies.md,506b3c471b3764eb69f507f20a133d641b6eac6f,2026-05-23 15:11:12+00:00,3,True,0,0,0,0,0,False,,False,False,741
github/gh-aw/.github/workflows/shared/community-attribution.md,github/gh-aw,.github/workflows/shared/community-attribution.md,229b2db2b450e814f826f865bf8d2ca6dbafaaf5,2026-03-21 16:46:50+00:00,1,True,0,0,1,2,3,True,⚠🌍,False,False,539
github/gh-aw/.github/workflows/shared/community-attribution.md,github/gh-aw,.github/workflows/shared/community-attribution.md,bbdb652e4184c4f228597a9e09f4b59d7f549743,2026-03-21 18:45:38+00:00,2,True,0,0,1,2,3,True,⚠🌍,False,False,765
github/gh-aw/.github/workflows/shared/community-attribution.md,github/gh-aw,.github/workflows/shared/community-attribution.md,1d5d1303cccb6fb79e942663bc1a2a2d1dfc4a26,2026-03-21 20:34:28+00:00,3,True,0,0,1,2,3,True,⚠🌍,False,False,795
github/gh-aw/.github/workflows/shared/community-attribution.md,github/gh-aw,.github/workflows/shared/community-attribution.md,07a0ca69f3d3605317c1b3fb4201e4dc53393a38,2026-04-25 12:13:40+00:00,4,True,0,0,1,2,3,True,⚠🌍,False,False,795
github/gh-aw/.github/workflows/shared/community-attribution.md,github/gh-aw,.github/workflows/shared/community-attribution.md,baac9502b000b1fe7f08ef41a1a99068935a289e,2026-05-07 05:34:19+00:00,5,True,0,0,1,2,3,True,⚠🌍,False,False,789
github/gh-aw/.github/workflows/shared/context7-mcp.md,github/gh-aw,.github/workflows/shared/context7-mcp.md,45b7679046b68dfc1647198718f47c0c7bafdf12,2025-10-08 19:15:34+00:00,1,True,0,0,0,0,0,False,,False,False,53
github/gh-aw/.github/workflows/shared/copilot-agent-analysis-history.md,github/gh-aw,.github/workflows/shared/copilot-agent-analysis-history.md,927a689cee61cfdc4a6787079dca356192b70bec,2026-07-05 22:11:39+00:00,1,True,0,0,0,0,0,False,,False,False,210
github/gh-aw/.github/workflows/shared/copilot-pr-analysis-base.md,github/gh-aw,.github/workflows/shared/copilot-pr-analysis-base.md,6c28d397e3642be6daa25a821b19eec628caeb4d,2026-02-23 01:30:16+00:00,1,True,0,0,0,0,0,False,,False,False,118
github/gh-aw/.github/workflows/shared/copilot-pr-analysis-base.md,github/gh-aw,.github/workflows/shared/copilot-pr-analysis-base.md,7acccb422334902f261aef5e5c42491285c9a3bb,2026-04-05 00:45:45+00:00,2,True,0,0,0,0,0,False,,False,False,160
github/gh-aw/.github/workflows/shared/copilot-pr-analysis-base.md,github/gh-aw,.github/workflows/shared/copilot-pr-analysis-base.md,506b3c471b3764eb69f507f20a133d641b6eac6f,2026-05-23 15:11:12+00:00,3,True,0,0,0,0,0,False,,False,False,160
github/gh-aw/.github/workflows/shared/copilot-pr-data-fetch.md,github/gh-aw,.github/workflows/shared/copilot-pr-data-fetch.md,66f05d744ff9852e19dfa0f072fbcfcad9c93521,2025-11-18 05:03:26+00:00,1,True,0,0,0,0,0,False,,False,False,247
github/gh-aw/.github/workflows/shared/copilot-pr-data-fetch.md,github/gh-aw,.github/workflows/shared/copilot-pr-data-fetch.md,54de45e8672314c1eae148efae24779db2d7111b,2025-11-18 06:01:04+00:00,2,True,1,0,0,0,1,True,⬇,False,False,436
github/gh-aw/.github/workflows/shared/copilot-pr-data-fetch.md,github/gh-aw,.github/workflows/shared/copilot-pr-data-fetch.md,a006fb00a4b31721aa1b8b06e38f12e13ea8c0ec,2026-02-17 20:03:00+00:00,3,True,1,0,0,0,1,True,⬇,False,False,437
github/gh-aw/.github/workflows/shared/copilot-pr-data-fetch.md,github/gh-aw,.github/workflows/shared/copilot-pr-data-fetch.md,0eac4d3726697bf54e93494457f53d149f6b68d9,2026-05-08 19:12:21+00:00,4,True,1,0,0,0,1,True,⬇,False,False,439
github/gh-aw/.github/workflows/shared/copilot-pr-data-fetch.md,github/gh-aw,.github/workflows/shared/copilot-pr-data-fetch.md,506b3c471b3764eb69f507f20a133d641b6eac6f,2026-05-23 15:11:12+00:00,5,True,1,0,0,0,1,True,⬇,False,False,439
github/gh-aw/.github/workflows/shared/copilot-pr-data-fetch.md,github/gh-aw,.github/workflows/shared/copilot-pr-data-fetch.md,d77d361a91bd65cf6dad4ade27a32aa0cf83ba77,2026-08-18 01:21:27+00:00,6,True,1,0,0,0,1,True,⬇,False,False,550
github/gh-aw/.github/workflows/shared/copilot-session-data-fetch.md,github/gh-aw,.github/workflows/shared/copilot-session-data-fetch.md,7fa76e6787c24dcda121986139018f03dadf467b,2025-12-03 15:20:33+00:00,1,True,1,0,0,0,1,True,⬇,False,False,537
github/gh-aw/.github/workflows/shared/copilot-session-data-fetch.md,github/gh-aw,.github/workflows/shared/copilot-session-data-fetch.md,8b492db15c10aa32bb6005221241546cbce20ce2,2025-12-24 16:47:05+00:00,2,True,1,0,0,0,1,True,⬇,False,False,560
github/gh-aw/.github/workflows/shared/copilot-session-data-fetch.md,github/gh-aw,.github/workflows/shared/copilot-session-data-fetch.md,b94330a9c6b16ae81895fdda2302281b1142dde8,2026-02-07 21:10:14+00:00,3,True,1,0,0,0,1,True,⬇,False,False,748
github/gh-aw/.github/workflows/shared/copilot-session-data-fetch.md,github/gh-aw,.github/workflows/shared/copilot-session-data-fetch.md,a006fb00a4b31721aa1b8b06e38f12e13ea8c0ec,2026-02-17 20:03:00+00:00,4,True,1,0,0,0,1,True,⬇,False,False,750
github/gh-aw/.github/workflows/shared/copilot-session-data-fetch.md,github/gh-aw,.github/workflows/shared/copilot-session-data-fetch.md,0eac4d3726697bf54e93494457f53d149f6b68d9,2026-05-08 19:12:21+00:00,5,True,1,0,0,0,1,True,⬇,False,False,754
github/gh-aw/.github/workflows/shared/copilot-session-data-fetch.md,github/gh-aw,.github/workflows/shared/copilot-session-data-fetch.md,506b3c471b3764eb69f507f20a133d641b6eac6f,2026-05-23 15:11:12+00:00,6,True,1,0,0,0,1,True,⬇,False,False,754
github/gh-aw/.github/workflows/shared/copilot-session-data-fetch.md,github/gh-aw,.github/workflows/shared/copilot-session-data-fetch.md,f5f221133a3385e627423116ef8f29a1e0bea3c8,2026-07-11 08:33:21+00:00,7,True,1,0,0,0,1,True,⬇,False,False,787
github/gh-aw/.github/workflows/shared/copilot-session-data-fetch.md,github/gh-aw,.github/workflows/shared/copilot-session-data-fetch.md,e4b0997a4d01f797a893f92416b64a56bb8fce60,2026-08-03 20:08:56+00:00,8,True,1,0,0,0,1,True,⬇,False,False,906
github/gh-aw/.github/workflows/shared/copilot-session-data-fetch.md,github/gh-aw,.github/workflows/shared/copilot-session-data-fetch.md,b06fc8fe949f95547708bc4760ac8f9931f561e0,2026-08-04 21:18:28+00:00,9,True,1,0,0,0,1,True,⬇,False,False,900
github/gh-aw/.github/workflows/shared/copilot-session-data-fetch.md,github/gh-aw,.github/workflows/shared/copilot-session-data-fetch.md,e1e298d64bfa9f0d6d2cfd8da3b70c0a2528e1a6,2026-08-07 22:40:46+00:00,10,True,1,0,0,0,1,True,⬇,False,False,1118
github/gh-aw/.github/workflows/shared/copilot-session-data-fetch.md,github/gh-aw,.github/workflows/shared/copilot-session-data-fetch.md,d77d361a91bd65cf6dad4ade27a32aa0cf83ba77,2026-08-18 01:21:27+00:00,11,True,1,0,0,0,1,True,⬇,False,False,1215
github/gh-aw/.github/workflows/shared/copilot-session-data-fetch.md,github/gh-aw,.github/workflows/shared/copilot-session-data-fetch.md,0f3869c23ecac705fc668360ec39e95e3e61e39c,2026-08-24 22:38:08+00:00,12,True,1,0,0,0,1,True,⬇,False,False,1291
github/gh-aw/.github/workflows/shared/crush.md,github/gh-aw,.github/workflows/shared/crush.md,0652e676d9303dd0a93e0e47166ec2c252bc5052,2026-08-05 01:05:19+00:00,1,True,0,0,0,0,0,False,,False,False,25
github/gh-aw/.github/workflows/shared/cursor.md,github/gh-aw,.github/workflows/shared/cursor.md,a3cd2e1fc2a54a80aaa4a672ccb527f591940661,2026-08-05 02:29:34+00:00,1,True,0,0,0,0,0,False,,False,False,67
github/gh-aw/.github/workflows/shared/cursor.md,github/gh-aw,.github/workflows/shared/cursor.md,edc7197f88d54ea87d1d8f398cc8b10952cfc137,2026-10-03 17:26:07+00:00,2,True,0,0,0,0,0,False,,False,False,177
github/gh-aw/.github/workflows/shared/cursor.md,github/gh-aw,.github/workflows/shared/cursor.md,cbad331aab3be8978536ec830292975195c40cbe,2026-10-03 17:54:09+00:00,3,True,0,0,0,0,0,False,,False,False,251
github/gh-aw/.github/workflows/shared/datadog.md,github/gh-aw,.github/workflows/shared/datadog.md,100551869b2759a1210b0cee2c96c1d510c4dfed,2026-05-19 05:05:59+00:00,1,True,0,0,0,0,0,False,,False,False,26
github/gh-aw/.github/workflows/shared/datadog.md,github/gh-aw,.github/workflows/shared/datadog.md,945b8fd76609e034b4f51cadda2603c64a63f1f2,2026-05-20 07:24:57+00:00,2,True,0,0,0,0,0,False,,False,False,28
github/gh-aw/.github/workflows/shared/deepseek-harness.md,github/gh-aw,.github/workflows/shared/deepseek-harness.md,16d4d9b080afb23768950f6932333b5da9df5577,2026-08-16 01:32:05+00:00,1,True,0,0,0,0,0,False,,False,False,123
github/gh-aw/.github/workflows/shared/deepseek-harness.md,github/gh-aw,.github/workflows/shared/deepseek-harness.md,45b360b879ff38f73e92bc2f9b887d8ac78d17ca,2026-09-22 23:08:16+00:00,2,True,0,0,0,0,0,False,,False,False,123
github/gh-aw/.github/workflows/shared/discussions-data-fetch.md,github/gh-aw,.github/workflows/shared/discussions-data-fetch.md,1880884d47d9007e606cac8f690eb87100987f16,2025-11-27 17:40:32+00:00,1,True,1,0,0,0,1,True,⬇,False,False,380
github/gh-aw/.github/workflows/shared/discussions-data-fetch.md,github/gh-aw,.github/workflows/shared/discussions-data-fetch.md,083bf1bc60803d30c1be694a6b23871ce9fbdf37,2025-11-28 16:12:07+00:00,2,True,1,0,0,0,1,True,⬇,False,False,392
github/gh-aw/.github/workflows/shared/discussions-data-fetch.md,github/gh-aw,.github/workflows/shared/discussions-data-fetch.md,0eac4d3726697bf54e93494457f53d149f6b68d9,2026-05-08 19:12:21+00:00,3,True,1,0,0,0,1,True,⬇,False,False,394
github/gh-aw/.github/workflows/shared/discussions-data-fetch.md,github/gh-aw,.github/workflows/shared/discussions-data-fetch.md,506b3c471b3764eb69f507f20a133d641b6eac6f,2026-05-23 15:11:12+00:00,4,True,1,0,0,0,1,True,⬇,False,False,394
github/gh-aw/.github/workflows/shared/discussions-data-fetch.md,github/gh-aw,.github/workflows/shared/discussions-data-fetch.md,ceca307644198eecb72d3f248c8f1c5c609ee578,2026-08-17 21:13:20+00:00,5,True,1,0,0,0,1,True,⬇,False,False,403
github/gh-aw/.github/workflows/shared/docs-server-lifecycle.md,github/gh-aw,.github/workflows/shared/docs-server-lifecycle.md,945c11eb8134540c3267f0e6c8c3ef2a1960e052,2026-01-19 19:54:35+00:00,1,True,0,0,0,0,0,False,,False,False,254
github/gh-aw/.github/workflows/shared/docs-server-lifecycle.md,github/gh-aw,.github/workflows/shared/docs-server-lifecycle.md,1282f8afda2527cefbfa4f080079de50295fae2e,2026-03-16 04:37:23+00:00,2,True,0,0,0,0,0,False,,False,False,498
github/gh-aw/.github/workflows/shared/docs-server-lifecycle.md,github/gh-aw,.github/workflows/shared/docs-server-lifecycle.md,3945fa58d588865039d888343facd8c05731d7f8,2026-03-17 03:28:56+00:00,3,True,0,0,0,0,0,False,,False,False,584
github/gh-aw/.github/workflows/shared/docs-server-lifecycle.md,github/gh-aw,.github/workflows/shared/docs-server-lifecycle.md,5131c8f611b42fdf7e8561ec169fad9247056537,2026-03-26 16:05:51+00:00,4,True,0,0,1,0,1,True,⚠,False,False,819
github/gh-aw/.github/workflows/shared/docs-server-lifecycle.md,github/gh-aw,.github/workflows/shared/docs-server-lifecycle.md,15b7dd5cf3fbd2e58e465c140bf0450a9659e95f,2026-05-03 03:45:17+00:00,5,True,0,0,0,0,0,False,,False,False,595
github/gh-aw/.github/workflows/shared/docs-server-lifecycle.md,github/gh-aw,.github/workflows/shared/docs-server-lifecycle.md,8fdbe89d9506b5a5049bf50b3a7bc886695f458e,2026-05-08 02:40:01+00:00,6,True,0,0,0,0,0,False,,False,False,663
github/gh-aw/.github/workflows/shared/docs-server-lifecycle.md,github/gh-aw,.github/workflows/shared/docs-server-lifecycle.md,506b3c471b3764eb69f507f20a133d641b6eac6f,2026-05-23 15:11:12+00:00,7,True,0,0,0,0,0,False,,False,False,663
github/gh-aw/.github/workflows/shared/docs-server-lifecycle.md,github/gh-aw,.github/workflows/shared/docs-server-lifecycle.md,37750b683aa1df5894d643bf1533f93cb676ece4,2026-09-02 23:31:02+00:00,8,True,0,0,0,0,0,False,,False,False,664
github/gh-aw/.github/workflows/shared/engine-conformance.md,github/gh-aw,.github/workflows/shared/engine-conformance.md,a4cd539c00675ff60b56934e9dc66153cb88aab1,2026-10-03 18:10:37+00:00,1,True,0,0,0,0,0,False,,False,False,185
github/gh-aw/.github/workflows/shared/ffmpeg.md,github/gh-aw,.github/workflows/shared/ffmpeg.md,58cfa230a9f06323ac1a7694e3b45fbe670f18ff,2025-10-18 12:57:14+00:00,1,True,0,0,0,0,0,False,,False,False,655
github/gh-aw/.github/workflows/shared/ffmpeg.md,github/gh-aw,.github/workflows/shared/ffmpeg.md,11b5033bce7afcbae5ba7320b7b6290fa0c56df6,2025-11-07 07:10:43+00:00,2,True,0,0,0,0,0,False,,False,False,655
github/gh-aw/.github/workflows/shared/ffmpeg.md,github/gh-aw,.github/workflows/shared/ffmpeg.md,506b3c471b3764eb69f507f20a133d641b6eac6f,2026-05-23 15:11:12+00:00,3,True,0,0,0,0,0,False,,False,False,655
github/gh-aw/.github/workflows/shared/firewall-policy-rule-attribution.md,github/gh-aw,.github/workflows/shared/firewall-policy-rule-attribution.md,2efbfd6910a7b574120a4c966efbc608bc00827d,2026-06-04 04:26:47+00:00,1,True,0,0,3,4,7,True,📋🟢🔴,False,False,340
github/gh-aw/.github/workflows/shared/genaiscript.md,github/gh-aw,.github/workflows/shared/genaiscript.md,05ba5cb7490c60c9c977bcd7da33365c0f4e1373,2025-10-08 16:41:59+00:00,1,True,0,0,0,0,0,False,,False,False,129
github/gh-aw/.github/workflows/shared/genaiscript.md,github/gh-aw,.github/workflows/shared/genaiscript.md,468cf78c2ab04694e65456d64558015d9182aad7,2025-10-20 17:50:36+00:00,2,True,0,0,0,0,0,False,,False,False,129
github/gh-aw/.github/workflows/shared/genaiscript.md,github/gh-aw,.github/workflows/shared/genaiscript.md,f9fda83f5fe9bcda6a032015a3b6a18dd08ce9e0,2025-10-22 13:47:28+00:00,3,True,0,0,0,0,0,False,,False,False,129
github/gh-aw/.github/workflows/shared/genaiscript.md,github/gh-aw,.github/workflows/shared/genaiscript.md,d7bca8106296b89902288e3191c3af8e2312ac78,2025-10-22 17:51:02+00:00,4,True,0,0,0,0,0,False,,False,False,157
github/gh-aw/.github/workflows/shared/genaiscript.md,github/gh-aw,.github/workflows/shared/genaiscript.md,51b7ace1741a877c4dc16099dd051c77d1f0c911,2025-10-22 17:51:02+00:00,5,True,0,0,0,0,0,False,,False,False,129
github/gh-aw/.github/workflows/shared/genaiscript.md,github/gh-aw,.github/workflows/shared/genaiscript.md,64a7abccfdccdfb3a438f0bf878cdb7b889d475f,2025-10-23 13:31:41+00:00,6,True,0,0,0,0,0,False,,False,False,157
github/gh-aw/.github/workflows/shared/gh.md,github/gh-aw,.github/workflows/shared/gh.md,d230e651dd4ee4a5f40253e060388d313af89922,2025-12-01 05:51:45+00:00,1,True,0,0,0,0,0,False,,False,False,83
github/gh-aw/.github/workflows/shared/gh.md,github/gh-aw,.github/workflows/shared/gh.md,8fa1966b551497219904bb012c62099ddd88a9ec,2025-12-08 01:44:52+00:00,2,True,0,0,0,2,2,True,❌,False,False,170
github/gh-aw/.github/workflows/shared/gh.md,github/gh-aw,.github/workflows/shared/gh.md,31b2bbb1909d1cafb1df67730ccaab335f3954f1,2025-12-08 13:51:10+00:00,3,True,0,0,0,3,3,True,❌,False,False,194
github/gh-aw/.github/workflows/shared/gh.md,github/gh-aw,.github/workflows/shared/gh.md,5bcf8f8ff9f1c5de07614de36178447de68d87d2,2026-03-09 00:15:08+00:00,4,True,0,0,0,3,3,True,❌,False,False,194
github/gh-aw/.github/workflows/shared/gh.md,github/gh-aw,.github/workflows/shared/gh.md,028baf59b57aa7a37c5e5249839e416a84d11894,2026-05-09 12:49:52+00:00,5,True,0,0,0,0,0,False,,False,False,51
github/gh-aw/.github/workflows/shared/gh.md,github/gh-aw,.github/workflows/shared/gh.md,63888795f08f2383ee5cc17810e4363a57b152dc,2026-08-17 03:20:01+00:00,6,True,0,0,0,0,0,False,,False,False,52
github/gh-aw/.github/workflows/shared/github-mcp-app.md,github/gh-aw,.github/workflows/shared/github-mcp-app.md,fd1a9e38185ac09893d18945c34f501430f7a897,2026-01-24 16:52:02+00:00,1,True,0,0,0,0,0,False,,False,False,301
github/gh-aw/.github/workflows/shared/github-mcp-pagination-wrappers.md,github/gh-aw,.github/workflows/shared/github-mcp-pagination-wrappers.md,c6e35c876c3f2fe665f1a6ebbabf8d9d1f72bffa,2026-05-21 18:17:05+00:00,1,True,0,0,0,0,0,False,,False,False,325
github/gh-aw/.github/workflows/shared/github-mcp-pagination-wrappers.md,github/gh-aw,.github/workflows/shared/github-mcp-pagination-wrappers.md,76b9fd52a454f8bd2d268b564c9e9ee17cbbb003,2026-07-29 16:40:29+00:00,2,True,0,0,0,0,0,False,,False,False,343
github/gh-aw/.github/workflows/shared/github-mcp-pagination-wrappers.md,github/gh-aw,.github/workflows/shared/github-mcp-pagination-wrappers.md,3987edaf2f50952a398965c23893ef1f25849e0f,2026-08-05 22:45:55+00:00,3,True,0,0,0,0,0,False,,False,False,394
github/gh-aw/.github/workflows/shared/github-queries-mcp-script.md,github/gh-aw,.github/workflows/shared/github-queries-mcp-script.md,5bcf8f8ff9f1c5de07614de36178447de68d87d2,2026-03-09 00:15:08+00:00,1,True,0,0,0,0,0,False,,False,False,459
github/gh-aw/.github/workflows/shared/github-queries-safe-input.md,github/gh-aw,.github/workflows/shared/github-queries-safe-input.md,a6c628fbb0648e7ce51377fd7dfc44938ff81e3e,2025-12-01 00:01:01+00:00,1,True,0,0,0,0,0,False,,False,False,459
github/gh-aw/.github/workflows/shared/go-make.md,github/gh-aw,.github/workflows/shared/go-make.md,5c608ac4096b61f64ba537a933dbda44b2c87165,2026-01-23 11:13:25+00:00,1,True,0,0,0,3,3,True,❌,False,False,410
github/gh-aw/.github/workflows/shared/go-make.md,github/gh-aw,.github/workflows/shared/go-make.md,5bcf8f8ff9f1c5de07614de36178447de68d87d2,2026-03-09 00:15:08+00:00,2,True,0,0,0,3,3,True,❌,False,False,410
github/gh-aw/.github/workflows/shared/go-make.md,github/gh-aw,.github/workflows/shared/go-make.md,61c6d2bbe4c43f96c0fb7fa7a6500a3177ccede8,2026-04-28 02:37:44+00:00,3,True,0,0,0,2,2,True,❌,False,False,489
github/gh-aw/.github/workflows/shared/go-source-analysis.md,github/gh-aw,.github/workflows/shared/go-source-analysis.md,1a3ceed78189b5c301d2dad54670268c17e46b7c,2026-04-02 12:32:38+00:00,1,True,0,0,0,0,0,False,,False,False,102
github/gh-aw/.github/workflows/shared/go-source-analysis.md,github/gh-aw,.github/workflows/shared/go-source-analysis.md,79d43a9e415e5a1adc7b7a3207ae41e3257ee216,2026-06-13 22:50:19+00:00,2,True,0,0,0,0,0,False,,False,False,44
github/gh-aw/.github/workflows/shared/goose.md,github/gh-aw,.github/workflows/shared/goose.md,57b002417b2f0be0cd5b86325af2d6121c53d314,2026-08-04 05:10:51+00:00,1,True,0,0,0,0,0,False,,False,False,25
github/gh-aw/.github/workflows/shared/graders.md,github/gh-aw,.github/workflows/shared/graders.md,832b5f3e35bcfb386cb66ff90dd314d4fe8b2cf0,2026-08-25 17:08:59+00:00,1,True,0,0,0,0,0,False,,False,False,27
github/gh-aw/.github/workflows/shared/graders/README.md,github/gh-aw,.github/workflows/shared/graders/README.md,823791083c9904c5cb3f14aff4139193e95aeb1a,2026-08-23 22:05:01+00:00,1,True,0,0,0,0,0,False,,False,False,998
github/gh-aw/.github/workflows/shared/graders/README.md,github/gh-aw,.github/workflows/shared/graders/README.md,d200cb6e21764060fac448c30de6f27608d5ea78,2026-08-24 04:02:34+00:00,2,True,0,0,0,0,0,False,,False,False,989
github/gh-aw/.github/workflows/shared/graders/README.md,github/gh-aw,.github/workflows/shared/graders/README.md,7ce72e1ba2a6b36353c6c5c33c588242e14472a5,2026-08-25 04:24:16+00:00,3,True,0,0,0,0,0,False,,False,False,988
github/gh-aw/.github/workflows/shared/graders/README.md,github/gh-aw,.github/workflows/shared/graders/README.md,b0aad33b2fa4774137a15fda8c06810556c76e2f,2026-08-25 05:38:19+00:00,4,True,0,0,0,0,0,False,,False,False,987
github/gh-aw/.github/workflows/shared/graders/README.md,github/gh-aw,.github/workflows/shared/graders/README.md,bc8cd28a0fae22ed5defc4234c67307c911d5712,2026-08-25 20:06:10+00:00,5,True,0,0,0,0,0,False,,False,False,986
github/gh-aw/.github/workflows/shared/graders/README.md,github/gh-aw,.github/workflows/shared/graders/README.md,efd888040684b37e5e1c48f19c53171ed0d8c6bc,2026-08-27 06:38:42+00:00,6,True,0,0,0,0,0,False,,False,False,985
github/gh-aw/.github/workflows/shared/graders/README.md,github/gh-aw,.github/workflows/shared/graders/README.md,dbfc2d583c1841b43c25ff4ce418f509a7aaac5d,2026-08-28 01:55:44+00:00,7,True,0,0,0,0,0,False,,False,False,984
github/gh-aw/.github/workflows/shared/graders/README.md,github/gh-aw,.github/workflows/shared/graders/README.md,58656a4ce22cafaecae76fb868cda7028155eb83,2026-08-29 21:48:17+00:00,8,True,0,0,0,0,0,False,,False,False,983
github/gh-aw/.github/workflows/shared/graders/README.md,github/gh-aw,.github/workflows/shared/graders/README.md,e48b8e34d0ac89528b5207f377e81cf8ec138ff3,2026-08-30 00:37:14+00:00,9,True,0,0,0,0,0,False,,False,False,982
github/gh-aw/.github/workflows/shared/graders/README.md,github/gh-aw,.github/workflows/shared/graders/README.md,7a60384e69381cc3947920a2e386e9f9aa3559c5,2026-08-30 05:21:14+00:00,10,True,0,0,0,0,0,False,,False,False,981
github/gh-aw/.github/workflows/shared/graders/README.md,github/gh-aw,.github/workflows/shared/graders/README.md,91d65dd4522252210127011dd53b8de44ad186e5,2026-08-30 06:28:17+00:00,11,True,0,0,0,0,0,False,,False,False,980
github/gh-aw/.github/workflows/shared/graders/README.md,github/gh-aw,.github/workflows/shared/graders/README.md,0ce1b53adc92050ac434b23dc857b0a1b5ff97fd,2026-08-30 14:06:26+00:00,12,True,0,0,0,0,0,False,,False,False,979
github/gh-aw/.github/workflows/shared/graders/README.md,github/gh-aw,.github/workflows/shared/graders/README.md,72ca10c4d1946ba171247dddbcadee0b4967f6d0,2026-08-30 23:46:50+00:00,13,True,0,0,0,0,0,False,,False,False,978
github/gh-aw/.github/workflows/shared/graders/README.md,github/gh-aw,.github/workflows/shared/graders/README.md,d534c311af32e1e3d26f2015d9b95d738633a2b5,2026-09-28 21:29:40+00:00,14,True,0,0,0,0,0,False,,False,False,1026
github/gh-aw/.github/workflows/shared/graders/action-provenance-coverage.md,github/gh-aw,.github/workflows/shared/graders/action-provenance-coverage.md,d534c311af32e1e3d26f2015d9b95d738633a2b5,2026-09-28 21:29:40+00:00,1,True,0,0,0,0,0,False,,False,False,52
github/gh-aw/.github/workflows/shared/graders/code-search-recall.md,github/gh-aw,.github/workflows/shared/graders/code-search-recall.md,d534c311af32e1e3d26f2015d9b95d738633a2b5,2026-09-28 21:29:40+00:00,1,True,0,0,0,0,0,False,,False,False,71
github/gh-aw/.github/workflows/shared/graders/dependency-order-violation-rate.md,github/gh-aw,.github/workflows/shared/graders/dependency-order-violation-rate.md,d534c311af32e1e3d26f2015d9b95d738633a2b5,2026-09-28 21:29:40+00:00,1,True,0,0,0,0,0,False,,False,False,53
github/gh-aw/.github/workflows/shared/graders/end-to-end-lineage-completeness.md,github/gh-aw,.github/workflows/shared/graders/end-to-end-lineage-completeness.md,d534c311af32e1e3d26f2015d9b95d738633a2b5,2026-09-28 21:29:40+00:00,1,True,0,0,0,0,0,False,,False,False,52
github/gh-aw/.github/workflows/shared/graders/event-entropy-rate.md,github/gh-aw,.github/workflows/shared/graders/event-entropy-rate.md,dbfc2d583c1841b43c25ff4ce418f509a7aaac5d,2026-08-28 01:55:44+00:00,1,True,0,0,0,0,0,False,,False,False,85
github/gh-aw/.github/workflows/shared/graders/evidence-saturation-stopping-lag.md,github/gh-aw,.github/workflows/shared/graders/evidence-saturation-stopping-lag.md,d534c311af32e1e3d26f2015d9b95d738633a2b5,2026-09-28 21:29:40+00:00,1,True,0,0,0,0,0,False,,False,False,37
github/gh-aw/.github/workflows/shared/graders/exploitation-error.md,github/gh-aw,.github/workflows/shared/graders/exploitation-error.md,0ce1b53adc92050ac434b23dc857b0a1b5ff97fd,2026-08-30 14:06:26+00:00,1,True,0,0,0,0,0,False,,False,False,194
github/gh-aw/.github/workflows/shared/graders/exploration-error.md,github/gh-aw,.github/workflows/shared/graders/exploration-error.md,91d65dd4522252210127011dd53b8de44ad186e5,2026-08-30 06:28:17+00:00,1,True,0,0,0,0,0,False,,False,False,152
github/gh-aw/.github/workflows/shared/graders/exploration-error.md,github/gh-aw,.github/workflows/shared/graders/exploration-error.md,0ce1b53adc92050ac434b23dc857b0a1b5ff97fd,2026-08-30 14:06:26+00:00,2,True,0,0,0,0,0,False,,False,False,148
github/gh-aw/.github/workflows/shared/graders/grounding-accuracy.md,github/gh-aw,.github/workflows/shared/graders/grounding-accuracy.md,d534c311af32e1e3d26f2015d9b95d738633a2b5,2026-09-28 21:29:40+00:00,1,True,0,0,0,0,0,False,,False,False,70
github/gh-aw/.github/workflows/shared/graders/lempel-ziv-trajectory-complexity.md,github/gh-aw,.github/workflows/shared/graders/lempel-ziv-trajectory-complexity.md,58656a4ce22cafaecae76fb868cda7028155eb83,2026-08-29 21:48:17+00:00,1,True,0,0,0,0,0,False,,False,False,78
github/gh-aw/.github/workflows/shared/graders/objective-coverage.md,github/gh-aw,.github/workflows/shared/graders/objective-coverage.md,d534c311af32e1e3d26f2015d9b95d738633a2b5,2026-09-28 21:29:40+00:00,1,True,0,0,0,0,0,False,,False,False,42
github/gh-aw/.github/workflows/shared/graders/policy-near-miss.md,github/gh-aw,.github/workflows/shared/graders/policy-near-miss.md,e48b8e34d0ac89528b5207f377e81cf8ec138ff3,2026-08-30 00:37:14+00:00,1,True,0,0,0,0,0,False,,False,False,88
github/gh-aw/.github/workflows/shared/graders/premature-termination-gap.md,github/gh-aw,.github/workflows/shared/graders/premature-termination-gap.md,d534c311af32e1e3d26f2015d9b95d738633a2b5,2026-09-28 21:29:40+00:00,1,True,0,0,0,0,0,False,,False,False,39
github/gh-aw/.github/workflows/shared/graders/recurrence-determinism.md,github/gh-aw,.github/workflows/shared/graders/recurrence-determinism.md,7ce72e1ba2a6b36353c6c5c33c588242e14472a5,2026-08-25 04:24:16+00:00,1,True,0,0,0,0,0,False,,False,False,77
github/gh-aw/.github/workflows/shared/graders/recurrence-laminarity.md,github/gh-aw,.github/workflows/shared/graders/recurrence-laminarity.md,b0aad33b2fa4774137a15fda8c06810556c76e2f,2026-08-25 05:38:19+00:00,1,True,0,0,0,0,0,False,,False,False,88
github/gh-aw/.github/workflows/shared/graders/recurrence-rate.md,github/gh-aw,.github/workflows/shared/graders/recurrence-rate.md,efd888040684b37e5e1c48f19c53171ed0d8c6bc,2026-08-27 06:38:42+00:00,1,True,0,0,0,0,0,False,,False,False,61
github/gh-aw/.github/workflows/shared/graders/recurrence-trapping-time.md,github/gh-aw,.github/workflows/shared/graders/recurrence-trapping-time.md,bc8cd28a0fae22ed5defc4234c67307c911d5712,2026-08-25 20:06:10+00:00,1,True,0,0,0,0,0,False,,False,False,65
github/gh-aw/.github/workflows/shared/graders/skill-constraint-coverage.md,github/gh-aw,.github/workflows/shared/graders/skill-constraint-coverage.md,7a60384e69381cc3947920a2e386e9f9aa3559c5,2026-08-30 05:21:14+00:00,1,True,0,0,0,0,0,False,,False,False,169
github/gh-aw/.github/workflows/shared/graders/skill-constraint-coverage.md,github/gh-aw,.github/workflows/shared/graders/skill-constraint-coverage.md,c4d3ff68479bb6cc529f3a35f5ab647bfa7cc37f,2026-09-17 05:58:41+00:00,2,True,0,0,0,0,0,False,,False,False,182
github/gh-aw/.github/workflows/shared/graders/state-revisit-probability-rep.md,github/gh-aw,.github/workflows/shared/graders/state-revisit-probability-rep.md,d200cb6e21764060fac448c30de6f27608d5ea78,2026-08-24 04:02:34+00:00,1,True,0,0,0,0,0,False,,False,False,40
github/gh-aw/.github/workflows/shared/graders/tool-output-consumption-rate.md,github/gh-aw,.github/workflows/shared/graders/tool-output-consumption-rate.md,72ca10c4d1946ba171247dddbcadee0b4967f6d0,2026-08-30 23:46:50+00:00,1,True,0,0,0,0,0,False,,False,False,82
github/gh-aw/.github/workflows/shared/graders/tool-wise-score.md,github/gh-aw,.github/workflows/shared/graders/tool-wise-score.md,d534c311af32e1e3d26f2015d9b95d738633a2b5,2026-09-28 21:29:40+00:00,1,True,0,0,0,0,0,False,,False,False,90
github/gh-aw/.github/workflows/shared/graders/trajectory-ir.md,github/gh-aw,.github/workflows/shared/graders/trajectory-ir.md,823791083c9904c5cb3f14aff4139193e95aeb1a,2026-08-23 22:05:01+00:00,1,True,0,0,0,0,0,False,,False,False,716
github/gh-aw/.github/workflows/shared/graders/trajectory-ir.md,github/gh-aw,.github/workflows/shared/graders/trajectory-ir.md,d534c311af32e1e3d26f2015d9b95d738633a2b5,2026-09-28 21:29:40+00:00,2,True,0,0,0,0,0,False,,False,False,905
github/gh-aw/.github/workflows/shared/graders/trajectory-ndtw.md,github/gh-aw,.github/workflows/shared/graders/trajectory-ndtw.md,d534c311af32e1e3d26f2015d9b95d738633a2b5,2026-09-28 21:29:40+00:00,1,True,0,0,0,0,0,False,,False,False,68
github/gh-aw/.github/workflows/shared/hippo-memory.md,github/gh-aw,.github/workflows/shared/hippo-memory.md,d624be5ad6a1243f1eeef94d721c158c03d58958,2026-04-13 23:47:45+00:00,1,True,5,0,0,0,5,True,🔗✅,False,False,224
github/gh-aw/.github/workflows/shared/hippo-memory.md,github/gh-aw,.github/workflows/shared/hippo-memory.md,ebe5b8e285a5fb400bd549154c2db8f49efc88c0,2026-06-28 10:07:16+00:00,2,True,6,0,0,0,6,True,🔗✅,False,False,239
github/gh-aw/.github/workflows/shared/issue-dedup.md,github/gh-aw,.github/workflows/shared/issue-dedup.md,eb75d7cbc778267dd829ff296f2dc3b4a405ac1c,2026-04-28 00:54:44+00:00,1,True,0,0,0,0,0,False,,False,False,217
github/gh-aw/.github/workflows/shared/issues-data-fetch.md,github/gh-aw,.github/workflows/shared/issues-data-fetch.md,2856811db9b18468fab048ba101007eaa3b6b498,2025-11-26 05:58:13+00:00,1,True,1,0,0,0,1,True,⬇,False,False,443
github/gh-aw/.github/workflows/shared/issues-data-fetch.md,github/gh-aw,.github/workflows/shared/issues-data-fetch.md,0eac4d3726697bf54e93494457f53d149f6b68d9,2026-05-08 19:12:21+00:00,2,True,1,0,0,0,1,True,⬇,False,False,445
github/gh-aw/.github/workflows/shared/issues-data-fetch.md,github/gh-aw,.github/workflows/shared/issues-data-fetch.md,506b3c471b3764eb69f507f20a133d641b6eac6f,2026-05-23 15:11:12+00:00,3,True,1,0,0,0,1,True,⬇,False,False,445
github/gh-aw/.github/workflows/shared/jqschema.md,github/gh-aw,.github/workflows/shared/jqschema.md,90dfff2e2c21a1ce6b3dd29b23746c268459b60e,2025-10-18 13:37:27+00:00,1,True,0,0,0,0,0,False,,False,False,381
github/gh-aw/.github/workflows/shared/kiro.md,github/gh-aw,.github/workflows/shared/kiro.md,55ba3ee7b617ca34a238ed51c65d4bb3f1a8a11b,2026-08-05 03:23:01+00:00,1,True,0,0,0,0,0,False,,False,False,65
github/gh-aw/.github/workflows/shared/long-horizon-memory.md,github/gh-aw,.github/workflows/shared/long-horizon-memory.md,552810b4f1dde72f835beff1babe39ba3c146b02,2026-08-22 21:03:22+00:00,1,True,0,0,0,0,0,False,,False,False,329
github/gh-aw/.github/workflows/shared/mcp-debug.md,github/gh-aw,.github/workflows/shared/mcp-debug.md,d8e947839bbcd6e929cd58e743b0b3a321dfb2f9,2025-10-18 23:22:09+00:00,1,True,0,0,0,0,0,False,,False,False,978
github/gh-aw/.github/workflows/shared/mcp-debug.md,github/gh-aw,.github/workflows/shared/mcp-debug.md,6369da1298e52bbe3b23b1f46c4b973317c4f92f,2025-10-19 03:45:39+00:00,2,True,3,0,0,0,3,True,🎭📝✅,False,False,623
github/gh-aw/.github/workflows/shared/mcp-debug.md,github/gh-aw,.github/workflows/shared/mcp-debug.md,e76ef4e246daab0176ecd2c6116454b0b1301562,2026-06-21 14:28:53+00:00,3,True,3,0,0,0,3,True,🎭📝✅,False,False,626
github/gh-aw/.github/workflows/shared/mcp-pagination.md,github/gh-aw,.github/workflows/shared/mcp-pagination.md,a0ab066ced7dffad19f14b1f923e3847a9a7e2b5,2025-11-06 00:15:24+00:00,1,True,0,0,0,0,0,False,,False,False,463
github/gh-aw/.github/workflows/shared/mcp-pagination.md,github/gh-aw,.github/workflows/shared/mcp-pagination.md,cd0b423cc66f05fbe79faac926c3358274f9c0be,2026-07-03 02:32:04+00:00,2,True,0,0,0,0,0,False,,False,False,496
github/gh-aw/.github/workflows/shared/mcp-pagination.md,github/gh-aw,.github/workflows/shared/mcp-pagination.md,6a26b34e4d3a39307ce2f40b57a26ac13f4fad41,2026-08-23 20:38:40+00:00,3,True,0,0,0,0,0,False,,False,False,528
github/gh-aw/.github/workflows/shared/mcp/agentdb.md,github/gh-aw,.github/workflows/shared/mcp/agentdb.md,27aefffc5e4bbf297cc5aabfa50024536611df64,2026-05-17 13:01:09+00:00,1,True,0,0,0,0,0,False,,False,False,42
github/gh-aw/.github/workflows/shared/mcp/arxiv.md,github/gh-aw,.github/workflows/shared/mcp/arxiv.md,7d18551162f3d4d80b52c9a2adcd1aaedb85fff6,2025-10-09 05:23:43+00:00,1,True,0,0,0,0,0,False,,False,False,72
github/gh-aw/.github/workflows/shared/mcp/ast-grep.md,github/gh-aw,.github/workflows/shared/mcp/ast-grep.md,fc7992627494253a869e177e5d1985d25f3bb316,2025-10-09 05:11:41+00:00,1,True,0,0,0,0,0,False,,False,False,183
github/gh-aw/.github/workflows/shared/mcp/ast-grep.md,github/gh-aw,.github/workflows/shared/mcp/ast-grep.md,56d4f3b07b1f04141b6d0b183a02ff094b795bc8,2026-08-10 10:05:19+00:00,2,True,0,0,0,0,0,False,,False,False,183
github/gh-aw/.github/workflows/shared/mcp/astro-docs.md,github/gh-aw,.github/workflows/shared/mcp/astro-docs.md,93eff6354c57da624156146be1d720ec833ee1b1,2025-10-14 06:59:49+00:00,1,True,0,0,0,0,0,False,,False,False,66
github/gh-aw/.github/workflows/shared/mcp/azure-devops.md,github/gh-aw,.github/workflows/shared/mcp/azure-devops.md,b94707abc6b4885629eca70192acdcd50768db2f,2026-07-28 14:36:05+00:00,1,True,0,0,0,0,0,False,,False,False,281
github/gh-aw/.github/workflows/shared/mcp/azure.md,github/gh-aw,.github/workflows/shared/mcp/azure.md,f4873587601c5a1d358ba7228fb1166fc44bd378,2025-10-14 00:44:30+00:00,1,True,0,0,10,0,10,True,🔐💾🗄🚌🎭📊🌐🖥🤖🏗,False,False,405
github/gh-aw/.github/workflows/shared/mcp/azure.md,github/gh-aw,.github/workflows/shared/mcp/azure.md,b94707abc6b4885629eca70192acdcd50768db2f,2026-07-28 14:36:05+00:00,2,True,0,0,0,0,0,False,,False,False,530
github/gh-aw/.github/workflows/shared/mcp/chroma.md,github/gh-aw,.github/workflows/shared/mcp/chroma.md,bd6c01f9857ec472266581602d8e60d00e95e95a,2026-01-23 12:00:41+00:00,1,True,0,0,0,0,0,False,,False,False,507
github/gh-aw/.github/workflows/shared/mcp/context7.md,github/gh-aw,.github/workflows/shared/mcp/context7.md,fc7992627494253a869e177e5d1985d25f3bb316,2025-10-09 05:11:41+00:00,1,True,0,0,0,0,0,False,,False,False,53
github/gh-aw/.github/workflows/shared/mcp/context7.md,github/gh-aw,.github/workflows/shared/mcp/context7.md,8e5b33901d7b181b2207545abbd47b24ef98c290,2026-01-26 03:53:52+00:00,2,True,0,0,0,0,0,False,,False,False,105
github/gh-aw/.github/workflows/shared/mcp/datadog.md,github/gh-aw,.github/workflows/shared/mcp/datadog.md,53088a02ac8e78bbd4439cf9ed8fce71e322db28,2025-10-13 23:07:35+00:00,1,True,0,0,0,0,0,False,,False,False,340
github/gh-aw/.github/workflows/shared/mcp/datadog.md,github/gh-aw,.github/workflows/shared/mcp/datadog.md,4f5dc7efc08f76d4311199f79b785074b0c902ab,2025-10-14 00:43:40+00:00,2,True,0,0,0,0,0,False,,False,False,347
github/gh-aw/.github/workflows/shared/mcp/datadog.md,github/gh-aw,.github/workflows/shared/mcp/datadog.md,e43523fd91e0c4f0cefe6281b726182b9230a27f,2025-10-16 00:35:39+00:00,3,True,0,0,0,0,0,False,,False,False,347
github/gh-aw/.github/workflows/shared/mcp/datadog.md,github/gh-aw,.github/workflows/shared/mcp/datadog.md,a5062fcb6a0a127cb378c2e76df6fd2f64b45786,2026-05-18 17:17:20+00:00,4,True,0,0,0,0,0,False,,False,False,280
github/gh-aw/.github/workflows/shared/mcp/datadog.md,github/gh-aw,.github/workflows/shared/mcp/datadog.md,5dbb41ad60769fa60ac9d540ceebf8f697c6b25b,2026-08-11 22:45:04+00:00,5,True,0,0,0,0,0,False,,False,False,320
github/gh-aw/.github/workflows/shared/mcp/drain3.md,github/gh-aw,.github/workflows/shared/mcp/drain3.md,64d7226142e79e9e187e0bd4fb970d8e7b9ca800,2025-10-17 20:03:51+00:00,1,True,0,0,0,0,0,False,,False,False,449
github/gh-aw/.github/workflows/shared/mcp/drain3.md,github/gh-aw,.github/workflows/shared/mcp/drain3.md,6369da1298e52bbe3b23b1f46c4b973317c4f92f,2025-10-19 03:45:39+00:00,2,True,0,0,0,0,0,False,,False,False,631
github/gh-aw/.github/workflows/shared/mcp/drain3.md,github/gh-aw,.github/workflows/shared/mcp/drain3.md,506b3c471b3764eb69f507f20a133d641b6eac6f,2026-05-23 15:11:12+00:00,3,True,0,0,0,0,0,False,,False,False,631
github/gh-aw/.github/workflows/shared/mcp/fabric-rti.md,github/gh-aw,.github/workflows/shared/mcp/fabric-rti.md,dc8989338c6fa38ae354163506baf550cabe59a0,2025-10-14 02:31:59+00:00,1,True,0,2,0,0,2,True,🔍🔑,False,False,699
github/gh-aw/.github/workflows/shared/mcp/fabric-rti.md,github/gh-aw,.github/workflows/shared/mcp/fabric-rti.md,ad411fd66ade8dc6407e1b874b86dbda58357911,2026-08-10 11:55:36+00:00,2,True,0,2,0,0,2,True,🔍🔑,False,False,752
github/gh-aw/.github/workflows/shared/mcp/grafana.md,github/gh-aw,.github/workflows/shared/mcp/grafana.md,c0fc6aae135534aa01be1edca61b1147970b0038,2026-05-15 10:32:47+00:00,1,True,0,0,0,0,0,False,,False,False,44
github/gh-aw/.github/workflows/shared/mcp/grafana.md,github/gh-aw,.github/workflows/shared/mcp/grafana.md,687653d5e0c49387dd6935441d94d759c1847181,2026-08-10 10:17:52+00:00,2,True,0,0,0,0,0,False,,False,False,86
github/gh-aw/.github/workflows/shared/mcp/grafana.md,github/gh-aw,.github/workflows/shared/mcp/grafana.md,6062cd2238b68226eb2bfd47607703ed7944330f,2026-08-15 16:39:06+00:00,3,True,0,0,0,0,0,False,,False,False,138
github/gh-aw/.github/workflows/shared/mcp/graft.md,github/gh-aw,.github/workflows/shared/mcp/graft.md,a5a84b69be33d7c3ba08459b4291d4c9670fcfbf,2026-07-29 13:08:59+00:00,1,True,0,0,0,0,0,False,,False,False,136
github/gh-aw/.github/workflows/shared/mcp/headroom.md,github/gh-aw,.github/workflows/shared/mcp/headroom.md,f6c05fab163388e3328870d34f5ef263fc8d2edd,2026-06-19 14:59:13+00:00,1,True,0,0,0,0,0,False,,False,False,154
github/gh-aw/.github/workflows/shared/mcp/jupyter.md,github/gh-aw,.github/workflows/shared/mcp/jupyter.md,2c51dd22eb84711441e9310beabe9bd5572bf56d,2025-10-18 23:20:34+00:00,1,True,0,0,0,0,0,False,,False,False,217
github/gh-aw/.github/workflows/shared/mcp/kreuzberg.md,github/gh-aw,.github/workflows/shared/mcp/kreuzberg.md,f187aa444497d7103cc94ef455bdf41a6d20a797,2026-04-25 03:57:17+00:00,1,True,0,0,0,0,0,False,,False,False,310
github/gh-aw/.github/workflows/shared/mcp/mempalace.md,github/gh-aw,.github/workflows/shared/mcp/mempalace.md,4fd4872c76c596ed68ab8b82e098a1e8942b856e,2026-04-13 23:48:34+00:00,1,True,0,0,0,0,0,False,,False,False,316
github/gh-aw/.github/workflows/shared/mcp/notion.md,github/gh-aw,.github/workflows/shared/mcp/notion.md,fc7992627494253a869e177e5d1985d25f3bb316,2025-10-09 05:11:41+00:00,1,True,0,0,0,0,0,False,,False,False,153
github/gh-aw/.github/workflows/shared/mcp/notion.md,github/gh-aw,.github/workflows/shared/mcp/notion.md,60519d7cacadf64907046db774f5ed79609080a3,2025-10-14 17:45:56+00:00,2,True,0,0,0,0,0,False,,False,False,95
github/gh-aw/.github/workflows/shared/mcp/notion.md,github/gh-aw,.github/workflows/shared/mcp/notion.md,72438a6c20ffb4fb4cb9d7569f91d603e32753f9,2025-10-14 21:49:01+00:00,3,True,3,0,0,0,3,True,🎭📝✅,False,False,140
github/gh-aw/.github/workflows/shared/mcp/open-ontologies.md,github/gh-aw,.github/workflows/shared/mcp/open-ontologies.md,c0232f0d4a245cc4452d5e930dfddd075a392ad8,2026-08-05 02:26:00+00:00,1,True,0,0,0,0,0,False,,False,False,159
github/gh-aw/.github/workflows/shared/mcp/qmd-docs.md,github/gh-aw,.github/workflows/shared/mcp/qmd-docs.md,edd81b6dff4a8f02c50d57243814173efd63f03b,2026-03-13 14:49:18+00:00,1,True,0,0,0,0,0,False,,False,False,407
github/gh-aw/.github/workflows/shared/mcp/qmd-docs.md,github/gh-aw,.github/workflows/shared/mcp/qmd-docs.md,e653498186e28e4f6b28ef50d525ec53c156f08e,2026-03-13 19:38:48+00:00,2,True,0,0,0,0,0,False,,False,False,444
github/gh-aw/.github/workflows/shared/mcp/qmd-docs.md,github/gh-aw,.github/workflows/shared/mcp/qmd-docs.md,fa061e89469ef007881d22d3af5a8c9e62363a0d,2026-03-13 21:48:46+00:00,3,True,0,0,0,0,0,False,,False,False,37
github/gh-aw/.github/workflows/shared/mcp/qmd-docs.md,github/gh-aw,.github/workflows/shared/mcp/qmd-docs.md,1761033b239aafac483133af81eba1f3e2c2e283,2026-03-14 21:27:29+00:00,4,True,0,0,0,0,0,False,,False,False,194
github/gh-aw/.github/workflows/shared/mcp/qmd-docs.md,github/gh-aw,.github/workflows/shared/mcp/qmd-docs.md,00c8977ceb34a66b691cd5d8d4ff8f2e596fe990,2026-03-24 05:51:27+00:00,5,True,0,0,0,0,0,False,,False,False,175
github/gh-aw/.github/workflows/shared/mcp/qmd.md,github/gh-aw,.github/workflows/shared/mcp/qmd.md,00c8977ceb34a66b691cd5d8d4ff8f2e596fe990,2026-03-24 05:51:27+00:00,1,True,0,0,0,0,0,False,,False,False,175
github/gh-aw/.github/workflows/shared/mcp/ruflo.md,github/gh-aw,.github/workflows/shared/mcp/ruflo.md,8104b66c3e9940d0df8a6ccdbdb1eb2c1dc37e85,2026-05-31 05:43:50+00:00,1,True,0,0,0,0,0,False,,False,False,101
github/gh-aw/.github/workflows/shared/mcp/semgrep.md,github/gh-aw,.github/workflows/shared/mcp/semgrep.md,649cd5a3ce34f3b5c5c185a7393bc5830fb9f964,2026-01-23 12:06:23+00:00,1,True,0,0,0,0,0,False,,False,False,261
github/gh-aw/.github/workflows/shared/mcp/semgrep.md,github/gh-aw,.github/workflows/shared/mcp/semgrep.md,611c26c10ddcdcdeebf381a9f065537dc13bd7f7,2026-04-24 13:29:04+00:00,2,True,0,0,0,0,0,False,,False,False,257
github/gh-aw/.github/workflows/shared/mcp/sentrux.md,github/gh-aw,.github/workflows/shared/mcp/sentrux.md,71630a6505b00d310c4a79d84ab19daa154cb466,2026-04-28 20:51:52+00:00,1,True,0,0,0,0,0,False,,False,False,200
github/gh-aw/.github/workflows/shared/mcp/sentrux.md,github/gh-aw,.github/workflows/shared/mcp/sentrux.md,f78d2496e7d1c5d16b93f7e7ba35ae9e808b4e81,2026-08-13 19:47:02+00:00,2,True,0,0,0,0,0,False,,False,False,199
github/gh-aw/.github/workflows/shared/mcp/sentry.md,github/gh-aw,.github/workflows/shared/mcp/sentry.md,ccf04e52fa10da947ee03e87a50cdb770423e234,2025-10-13 23:16:03+00:00,1,True,0,0,0,0,0,False,,False,False,35
github/gh-aw/.github/workflows/shared/mcp/sentry.md,github/gh-aw,.github/workflows/shared/mcp/sentry.md,96ef062d05c9941c981b85c318e8e2071f755cb9,2026-05-20 09:49:50+00:00,2,True,0,0,0,0,0,False,,False,False,192
github/gh-aw/.github/workflows/shared/mcp/sentry.md,github/gh-aw,.github/workflows/shared/mcp/sentry.md,53baccde5390bbd2f062b7528266e9dd8edfcda9,2026-08-03 23:40:47+00:00,3,True,0,0,0,0,0,False,,False,False,284
github/gh-aw/.github/workflows/shared/mcp/serena-go.md,github/gh-aw,.github/workflows/shared/mcp/serena-go.md,d744ebdd7fe84233e9aaa099c532d1faeb6636c2,2026-02-23 00:53:13+00:00,1,True,0,0,0,0,0,False,,False,False,94
github/gh-aw/.github/workflows/shared/mcp/serena-go.md,github/gh-aw,.github/workflows/shared/mcp/serena-go.md,4608d94890a16f21c473cd7f7cbf13feff2a0c0a,2026-06-04 22:33:30+00:00,2,True,0,0,0,0,0,False,,False,False,52
github/gh-aw/.github/workflows/shared/mcp/serena-go.md,github/gh-aw,.github/workflows/shared/mcp/serena-go.md,6847566fd2582204519d1c8fd9e48da4508bf862,2026-07-29 05:43:18+00:00,3,True,0,0,0,0,0,False,,False,False,22
github/gh-aw/.github/workflows/shared/mcp/serena.md,github/gh-aw,.github/workflows/shared/mcp/serena.md,fc7992627494253a869e177e5d1985d25f3bb316,2025-10-09 05:11:41+00:00,1,True,0,0,0,0,0,False,,False,False,25
github/gh-aw/.github/workflows/shared/mcp/serena.md,github/gh-aw,.github/workflows/shared/mcp/serena.md,3239a61ef60615fab86261b74ffbb014f5330ca3,2026-03-28 12:24:00+00:00,2,True,0,0,0,0,0,False,,False,False,157
github/gh-aw/.github/workflows/shared/mcp/serena.md,github/gh-aw,.github/workflows/shared/mcp/serena.md,79d43a9e415e5a1adc7b7a3207ae41e3257ee216,2026-06-13 22:50:19+00:00,3,True,0,0,0,0,0,False,,False,False,37
github/gh-aw/.github/workflows/shared/mcp/server-memory.md,github/gh-aw,.github/workflows/shared/mcp/server-memory.md,b2f93be10ffeb08075c875913133dd14523a9e96,2025-10-09 05:50:38+00:00,1,True,0,0,0,0,0,False,,False,False,119
github/gh-aw/.github/workflows/shared/mcp/slack.md,github/gh-aw,.github/workflows/shared/mcp/slack.md,a133c66aeec6d2876f0ba0f92353c9c39e9b66ea,2025-10-14 23:26:48+00:00,1,True,3,0,0,0,3,True,🎭📝✅,False,False,384
github/gh-aw/.github/workflows/shared/metrics-patterns.md,github/gh-aw,.github/workflows/shared/metrics-patterns.md,99d0655a2aef09fa00465ddbc4fc9b6c96f9a670,2026-01-20 11:45:52+00:00,1,True,0,0,2,13,15,True,✅❌⬆➡⬇,False,False,1723
github/gh-aw/.github/workflows/shared/metrics-patterns.md,github/gh-aw,.github/workflows/shared/metrics-patterns.md,418a16fbd50ac095922246be779a39681ddf84c2,2026-01-28 23:03:03+00:00,2,True,0,0,2,13,15,True,✅❌⬆➡⬇,False,False,1780
github/gh-aw/.github/workflows/shared/metrics-patterns.md,github/gh-aw,.github/workflows/shared/metrics-patterns.md,699243f4c9dc0a5cdf107c37e27d0b7995368c5a,2026-01-29 12:16:21+00:00,3,True,0,0,2,13,15,True,✅❌⬆➡⬇,False,False,1780
github/gh-aw/.github/workflows/shared/metrics-patterns.md,github/gh-aw,.github/workflows/shared/metrics-patterns.md,bb3a3b3c35105d86add624c48ddb68e1419f5cb5,2026-02-16 17:09:36+00:00,4,True,0,0,2,13,15,True,✅❌⬆➡⬇,False,False,1788
github/gh-aw/.github/workflows/shared/metrics-patterns.md,github/gh-aw,.github/workflows/shared/metrics-patterns.md,506b3c471b3764eb69f507f20a133d641b6eac6f,2026-05-23 15:11:12+00:00,5,True,0,0,2,13,15,True,✅❌⬆➡⬇,False,False,1788
github/gh-aw/.github/workflows/shared/metrics-patterns.md,github/gh-aw,.github/workflows/shared/metrics-patterns.md,2aa8fff494b58983e0aa1dd21d9591497f9a93bf,2026-08-25 03:08:40+00:00,6,True,0,0,2,13,15,True,✅❌⬆➡⬇,False,False,1879
github/gh-aw/.github/workflows/shared/mood.md,github/gh-aw,.github/workflows/shared/mood.md,5c597c7da6084492a1a1e6718630c0ee4494cc69,2026-02-07 15:56:30+00:00,1,True,0,0,0,0,0,False,,False,False,58
github/gh-aw/.github/workflows/shared/mood.md,github/gh-aw,.github/workflows/shared/mood.md,a528dd66fcf81b7dd9a118f7ddff17c9959b5fcb,2026-02-09 15:04:56+00:00,2,True,0,0,0,0,0,False,,False,False,87
github/gh-aw/.github/workflows/shared/noop-reminder.md,github/gh-aw,.github/workflows/shared/noop-reminder.md,25fed92bcba25c4a0eb7765a29d05bec8f81ec3b,2026-04-18 01:02:45+00:00,1,True,0,0,0,0,0,False,,False,False,51
github/gh-aw/.github/workflows/shared/noop-reminder.md,github/gh-aw,.github/workflows/shared/noop-reminder.md,9e6190bccccc0a26911e42cc6eacd1ff07828367,2026-06-05 23:18:29+00:00,2,True,0,0,0,0,0,False,,False,False,64
github/gh-aw/.github/workflows/shared/notion.md,github/gh-aw,.github/workflows/shared/notion.md,21eb5c2f339d7c5cd08e1f5f224979f45234b57f,2025-10-07 15:21:59+00:00,1,True,0,0,0,0,0,False,,False,False,153
github/gh-aw/.github/workflows/shared/observability-otlp.md,github/gh-aw,.github/workflows/shared/observability-otlp.md,6330fde19372f4b3a90fb7858af84bd029e6ba28,2026-05-02 04:59:12+00:00,1,True,0,0,0,0,0,False,,False,False,116
github/gh-aw/.github/workflows/shared/observability-otlp.md,github/gh-aw,.github/workflows/shared/observability-otlp.md,036492a19f45991e698c3c15ef3a9e2206beb0f5,2026-05-15 19:02:03+00:00,2,True,0,0,0,0,0,False,,False,False,21
github/gh-aw/.github/workflows/shared/ollama-threat-scan.md,github/gh-aw,.github/workflows/shared/ollama-threat-scan.md,0ab33b226f58ed1bc9b05072d536e8a56e25f1c0,2025-10-30 21:35:15+00:00,1,True,0,0,0,31,31,True,🚀📥📦✅⏳🔍📄📋🤖📊⚠📝❌,False,False,1648
github/gh-aw/.github/workflows/shared/ollama-threat-scan.md,github/gh-aw,.github/workflows/shared/ollama-threat-scan.md,ec4530098260409393041dff3b55fa97927d33c6,2025-11-05 00:43:00+00:00,2,True,0,0,0,31,31,True,🚀📥📦✅⏳🔍📄📋🤖📊⚠📝❌,False,False,1646
github/gh-aw/.github/workflows/shared/ollama-threat-scan.md,github/gh-aw,.github/workflows/shared/ollama-threat-scan.md,11b5033bce7afcbae5ba7320b7b6290fa0c56df6,2025-11-07 07:10:43+00:00,3,True,0,0,0,31,31,True,🚀📥📦✅⏳🔍📄📋🤖📊⚠📝❌,False,False,1646
github/gh-aw/.github/workflows/shared/ollama-threat-scan.md,github/gh-aw,.github/workflows/shared/ollama-threat-scan.md,1f5c20e52389cae9573001eff2ef326c37657e71,2026-01-04 14:47:49+00:00,4,True,0,0,0,31,31,True,🚀📥📦✅⏳🔍📄📋🤖📊⚠📝❌,False,False,1646
github/gh-aw/.github/workflows/shared/ollama-threat-scan.md,github/gh-aw,.github/workflows/shared/ollama-threat-scan.md,58873cf41af42923e6c7fcc53487f6c46a3cbc48,2026-01-08 02:59:59+00:00,5,True,0,0,0,31,31,True,🚀📥📦✅⏳🔍📄📋🤖📊⚠📝❌,False,False,1646
github/gh-aw/.github/workflows/shared/ollama-threat-scan.md,github/gh-aw,.github/workflows/shared/ollama-threat-scan.md,9cbca3cd9be433a23a38e4da332635097fd40251,2026-02-27 17:06:02+00:00,6,True,0,0,0,31,31,True,🚀📥📦✅⏳🔍📄📋🤖📊⚠📝❌,False,False,1646
github/gh-aw/.github/workflows/shared/ollama-threat-scan.md,github/gh-aw,.github/workflows/shared/ollama-threat-scan.md,29509170667f8ff5a44b5fb37170bca34191af08,2026-03-01 12:43:36+00:00,7,True,0,0,0,31,31,True,🚀📥📦✅⏳🔍📄📋🤖📊⚠📝❌,False,False,1646
github/gh-aw/.github/workflows/shared/ollama-threat-scan.md,github/gh-aw,.github/workflows/shared/ollama-threat-scan.md,be48a1a078383548c9a9e25dca50e4206c10179a,2026-03-11 17:51:46+00:00,8,True,0,0,0,31,31,True,🚀📥📦✅⏳🔍📄📋🤖📊⚠📝❌,False,False,1646
github/gh-aw/.github/workflows/shared/ollama-threat-scan.md,github/gh-aw,.github/workflows/shared/ollama-threat-scan.md,ea769e8438e854aff5990c870c84f2a34fa84198,2026-03-21 15:45:38+00:00,9,True,0,0,0,31,31,True,🚀📥📦✅⏳🔍📄📋🤖📊⚠📝❌,False,False,1646
github/gh-aw/.github/workflows/shared/ollama-threat-scan.md,github/gh-aw,.github/workflows/shared/ollama-threat-scan.md,3faa726505c13d48d52a8a0e74d87f8a243e4233,2026-04-10 01:38:39+00:00,10,True,0,0,0,31,31,True,🚀📥📦✅⏳🔍📄📋🤖📊⚠📝❌,False,False,1644
github/gh-aw/.github/workflows/shared/ollama-threat-scan.md,github/gh-aw,.github/workflows/shared/ollama-threat-scan.md,5ac3d9c4b75ee9aa17fb5f07d36c57408c138fbc,2026-04-15 23:11:43+00:00,11,True,0,0,0,31,31,True,🚀📥📦✅⏳🔍📄📋🤖📊⚠📝❌,False,False,1644
github/gh-aw/.github/workflows/shared/ollama-threat-scan.md,github/gh-aw,.github/workflows/shared/ollama-threat-scan.md,506b3c471b3764eb69f507f20a133d641b6eac6f,2026-05-23 15:11:12+00:00,12,True,0,0,0,31,31,True,🚀📥📦✅⏳🔍📄📋🤖📊⚠📝❌,False,False,1644
github/gh-aw/.github/workflows/shared/ollama-threat-scan.md,github/gh-aw,.github/workflows/shared/ollama-threat-scan.md,ebf0857033fcd1f683948c0ba45146983eadad3a,2026-06-08 18:15:25+00:00,13,True,0,0,0,31,31,True,🚀📥📦✅⏳🔍📄📋🤖📊⚠📝❌,False,False,1644
github/gh-aw/.github/workflows/shared/ollama-threat-scan.md,github/gh-aw,.github/workflows/shared/ollama-threat-scan.md,f21b0f701e55a77c738f2e295acfde0e9e423989,2026-08-03 00:33:36+00:00,14,True,0,0,0,31,31,True,🚀📥📦✅⏳🔍📄📋🤖📊⚠📝❌,False,False,1644
github/gh-aw/.github/workflows/shared/ollama-threat-scan.md,github/gh-aw,.github/workflows/shared/ollama-threat-scan.md,9c4703514b8f99867ae28dd8cb234faa5da91138,2026-08-03 00:59:12+00:00,15,True,0,0,0,31,31,True,🚀📥📦✅⏳🔍📄📋🤖📊⚠📝❌,False,False,1644
github/gh-aw/.github/workflows/shared/opencode.md,github/gh-aw,.github/workflows/shared/opencode.md,3c0ef754a2597c49a78d5dd50a17dab3049f594c,2025-10-12 14:43:27+00:00,1,True,0,0,0,0,0,False,,False,False,197
github/gh-aw/.github/workflows/shared/opencode.md,github/gh-aw,.github/workflows/shared/opencode.md,468cf78c2ab04694e65456d64558015d9182aad7,2025-10-20 17:50:36+00:00,2,True,0,0,0,0,0,False,,False,False,197
github/gh-aw/.github/workflows/shared/opencode.md,github/gh-aw,.github/workflows/shared/opencode.md,5d78c917cbdd8ba2908093fa14b545aa415636ad,2025-10-22 13:13:57+00:00,3,True,0,0,0,0,0,False,,False,False,198
github/gh-aw/.github/workflows/shared/opencode.md,github/gh-aw,.github/workflows/shared/opencode.md,5627ed663a51b08c09ab30a6927ed8a64e200245,2025-10-22 21:42:46+00:00,4,True,2,0,0,0,2,True,✅⚠,False,False,327
github/gh-aw/.github/workflows/shared/opencode.md,github/gh-aw,.github/workflows/shared/opencode.md,58914b13b70f2307907a56b1ea5c1ba6a383e777,2026-01-20 21:25:30+00:00,5,True,2,0,0,0,2,True,✅⚠,False,False,327
github/gh-aw/.github/workflows/shared/opencode.md,github/gh-aw,.github/workflows/shared/opencode.md,87b330ed76a605c67633931d9fa321a674fcf80e,2026-08-04 04:26:41+00:00,6,True,0,0,0,0,0,False,,False,False,49
github/gh-aw/.github/workflows/shared/opencode.md,github/gh-aw,.github/workflows/shared/opencode.md,45b360b879ff38f73e92bc2f9b887d8ac78d17ca,2026-09-22 23:08:16+00:00,7,True,0,0,0,0,0,False,,False,False,49
github/gh-aw/.github/workflows/shared/opencode.md,github/gh-aw,.github/workflows/shared/opencode.md,a489bbd47bce5bf47f83704f6099218c384bef2a,2026-10-03 04:59:43+00:00,8,True,0,0,0,0,0,False,,False,False,104
github/gh-aw/.github/workflows/shared/opencode.md,github/gh-aw,.github/workflows/shared/opencode.md,1a62fa28ef5d2339aa1d62c7dbf20e6767b8a8b6,2026-10-03 18:09:18+00:00,9,True,0,0,0,0,0,False,,False,False,358
github/gh-aw/.github/workflows/shared/orchestration.md,github/gh-aw,.github/workflows/shared/orchestration.md,77f96d712898a6997bc40b404987cb855a91f3cb,2026-02-04 08:09:28+00:00,1,True,0,0,0,0,0,False,,False,False,251
github/gh-aw/.github/workflows/shared/otel-queries.md,github/gh-aw,.github/workflows/shared/otel-queries.md,83e20bf389bd8cf7b4e16c3c5b01685320c9c4c3,2026-05-11 10:14:54+00:00,1,True,0,0,0,0,0,False,,False,False,40
github/gh-aw/.github/workflows/shared/otlp-backends.md,github/gh-aw,.github/workflows/shared/otlp-backends.md,a5062fcb6a0a127cb378c2e76df6fd2f64b45786,2026-05-18 17:17:20+00:00,1,True,0,0,0,0,0,False,,False,False,34
github/gh-aw/.github/workflows/shared/otlp.md,github/gh-aw,.github/workflows/shared/otlp.md,148e6173d21d6865e805b25e713cd2cb181bc6f0,2026-05-17 14:26:59+00:00,1,True,0,0,0,0,0,False,,False,False,21
github/gh-aw/.github/workflows/shared/otlp.md,github/gh-aw,.github/workflows/shared/otlp.md,945b8fd76609e034b4f51cadda2603c64a63f1f2,2026-05-20 07:24:57+00:00,2,True,0,0,0,0,0,False,,False,False,23
github/gh-aw/.github/workflows/shared/planning-ontology.md,github/gh-aw,.github/workflows/shared/planning-ontology.md,6374e860350cfebc5c587721e2e4515e2ff98ca0,2026-08-17 20:57:48+00:00,1,True,0,0,4,12,16,True,✅⏳❌⏭,False,False,2374
github/gh-aw/.github/workflows/shared/planning-policy.md,github/gh-aw,.github/workflows/shared/planning-policy.md,6374e860350cfebc5c587721e2e4515e2ff98ca0,2026-08-17 20:57:48+00:00,1,True,0,0,0,0,0,False,,False,False,520
github/gh-aw/.github/workflows/shared/playwright-title-test.md,github/gh-aw,.github/workflows/shared/playwright-title-test.md,078cb5703fc447f204b5e3adcbf46704e8ef4a38,2026-09-01 18:09:58+00:00,1,True,0,0,0,0,0,False,,False,False,55
github/gh-aw/.github/workflows/shared/pmg.md,github/gh-aw,.github/workflows/shared/pmg.md,329e8319884dc4586d4d5b7a1c8c854dff4f5e41,2026-05-25 15:55:50+00:00,1,True,0,0,0,0,0,False,,False,False,122
github/gh-aw/.github/workflows/shared/pr-code-review-config.md,github/gh-aw,.github/workflows/shared/pr-code-review-config.md,f750acf0d22f4e0345ce46e6fc07c890a5e9ba67,2026-03-23 20:07:59+00:00,1,True,0,0,0,0,0,False,,False,False,144
github/gh-aw/.github/workflows/shared/pr-code-review-config.md,github/gh-aw,.github/workflows/shared/pr-code-review-config.md,a82187a49eb0dbdcd64898955bf5637bb9b02020,2026-05-10 16:18:42+00:00,2,True,0,0,0,0,0,False,,False,False,106
github/gh-aw/.github/workflows/shared/pr-code-review-config.md,github/gh-aw,.github/workflows/shared/pr-code-review-config.md,4d5eda07944e0cfe89ed253477ba4c60d3c949d8,2026-05-22 14:19:01+00:00,3,True,0,0,0,0,0,False,,False,False,129
github/gh-aw/.github/workflows/shared/pr-code-review-config.md,github/gh-aw,.github/workflows/shared/pr-code-review-config.md,1fed9bf1cb901cfc873cac91240179b81ea4b988,2026-06-29 22:52:43+00:00,4,True,0,0,0,0,0,False,,False,False,81
github/gh-aw/.github/workflows/shared/pr-code-review-config.md,github/gh-aw,.github/workflows/shared/pr-code-review-config.md,53eb8db1cab5ae6d86c40d1d1a0d19b1a42cb383,2026-07-14 10:57:46+00:00,5,True,0,0,0,0,0,False,,False,False,99
github/gh-aw/.github/workflows/shared/pr-data-mcp-script.md,github/gh-aw,.github/workflows/shared/pr-data-mcp-script.md,5bcf8f8ff9f1c5de07614de36178447de68d87d2,2026-03-09 00:15:08+00:00,1,True,0,0,0,0,0,False,,False,False,183
github/gh-aw/.github/workflows/shared/pr-data-safe-input.md,github/gh-aw,.github/workflows/shared/pr-data-safe-input.md,d78af91ae9cc4808515d76c7d32f9cf26c712ad7,2025-11-30 14:59:19+00:00,1,True,0,0,0,0,0,False,,False,False,182
github/gh-aw/.github/workflows/shared/pr-data-safe-input.md,github/gh-aw,.github/workflows/shared/pr-data-safe-input.md,a006fb00a4b31721aa1b8b06e38f12e13ea8c0ec,2026-02-17 20:03:00+00:00,2,True,0,0,0,0,0,False,,False,False,183
github/gh-aw/.github/workflows/shared/pr-diff-data-fetch.md,github/gh-aw,.github/workflows/shared/pr-diff-data-fetch.md,ad6b7fd2bfe649d69621fc6f82905b061c78bf6f,2026-07-22 20:28:03+00:00,1,True,0,0,0,0,0,False,,False,False,206
github/gh-aw/.github/workflows/shared/pr-diff-data-fetch.md,github/gh-aw,.github/workflows/shared/pr-diff-data-fetch.md,a03acf3668e775f47d382940309fc816dcd447a3,2026-08-07 19:50:57+00:00,2,True,0,0,0,0,0,False,,False,False,206
github/gh-aw/.github/workflows/shared/pr-diff-data-fetch.md,github/gh-aw,.github/workflows/shared/pr-diff-data-fetch.md,3b826826f1f9d881d929f63b24ab2a88dafb9708,2026-09-26 23:16:05+00:00,3,True,0,0,0,0,0,False,,False,False,218
github/gh-aw/.github/workflows/shared/pr-diff-data-fetch.md,github/gh-aw,.github/workflows/shared/pr-diff-data-fetch.md,5cabe3c59b95f64da467cf288e7ed92db67f674d,2026-09-29 21:42:55+00:00,4,True,0,0,0,0,0,False,,False,False,218
github/gh-aw/.github/workflows/shared/projects.md,github/gh-aw,.github/workflows/shared/projects.md,77f96d712898a6997bc40b404987cb855a91f3cb,2026-02-04 08:09:28+00:00,1,True,0,0,0,0,0,False,,False,False,763
github/gh-aw/.github/workflows/shared/pydantic.md,github/gh-aw,.github/workflows/shared/pydantic.md,0e301e6777bef1d23305c8031dcd161a642836f5,2026-08-07 20:57:43+00:00,1,True,0,0,0,0,0,False,,False,False,82
github/gh-aw/.github/workflows/shared/pydantic.md,github/gh-aw,.github/workflows/shared/pydantic.md,393ba6e3201c8fa8e7f69db17381fb162f1395c2,2026-08-08 06:12:32+00:00,2,True,0,0,0,0,0,False,,False,False,255
github/gh-aw/.github/workflows/shared/pydantic.md,github/gh-aw,.github/workflows/shared/pydantic.md,db25fdfdb4ad50c5b0d10de9977b709401760378,2026-08-18 01:43:46+00:00,3,True,0,0,0,0,0,False,,False,False,411
github/gh-aw/.github/workflows/shared/python-dataviz.md,github/gh-aw,.github/workflows/shared/python-dataviz.md,9fc90d8fc4e9110ee3f18d9feff078acfa728fc2,2025-10-31 22:19:23+00:00,1,True,0,2,0,0,2,True,❌✅,False,False,742
github/gh-aw/.github/workflows/shared/python-dataviz.md,github/gh-aw,.github/workflows/shared/python-dataviz.md,08f9a1b988b08ae7d0ecbd8625c92e98f6eb73e2,2025-10-31 23:29:07+00:00,2,True,0,2,0,0,2,True,❌✅,False,False,852
github/gh-aw/.github/workflows/shared/python-dataviz.md,github/gh-aw,.github/workflows/shared/python-dataviz.md,0e580494fc86e32419e0d23060369af70a9b905e,2026-04-12 18:12:06+00:00,3,True,0,2,0,0,2,True,❌✅,False,False,1029
github/gh-aw/.github/workflows/shared/python-dataviz.md,github/gh-aw,.github/workflows/shared/python-dataviz.md,e817bc946216cde6131043c0c337c8c028cf4326,2026-04-13 18:42:33+00:00,4,True,0,2,0,0,2,True,❌✅,False,False,1072
github/gh-aw/.github/workflows/shared/python-dataviz.md,github/gh-aw,.github/workflows/shared/python-dataviz.md,de04f88006862bc345f16a8801aad547c9578979,2026-04-13 19:01:21+00:00,5,True,0,2,0,0,2,True,❌✅,False,False,981
github/gh-aw/.github/workflows/shared/python-dataviz.md,github/gh-aw,.github/workflows/shared/python-dataviz.md,f35999cfd32c9b88add98420adc3e522d06d2cc4,2026-04-15 23:42:40+00:00,6,True,0,2,0,0,2,True,❌✅,False,False,938
github/gh-aw/.github/workflows/shared/python-dataviz.md,github/gh-aw,.github/workflows/shared/python-dataviz.md,4608d94890a16f21c473cd7f7cbf13feff2a0c0a,2026-06-04 22:33:30+00:00,7,True,0,2,0,0,2,True,❌✅,False,False,944
github/gh-aw/.github/workflows/shared/python-dataviz.md,github/gh-aw,.github/workflows/shared/python-dataviz.md,88ed87a0113ff4257f0b3e2b256429b3deea9abf,2026-06-22 22:33:24+00:00,8,True,0,2,0,0,2,True,❌✅,False,False,789
github/gh-aw/.github/workflows/shared/python-dataviz.md,github/gh-aw,.github/workflows/shared/python-dataviz.md,22ea5029a45d014f7646e20db899fbf994971367,2026-06-24 21:43:56+00:00,9,True,0,2,0,0,2,True,❌✅,False,False,598
github/gh-aw/.github/workflows/shared/python-dataviz.md,github/gh-aw,.github/workflows/shared/python-dataviz.md,8765472ca7433ebdb8dea34af46d6bec72a9b963,2026-06-26 22:05:33+00:00,10,True,0,0,0,0,0,False,,False,False,194
github/gh-aw/.github/workflows/shared/python-dataviz.md,github/gh-aw,.github/workflows/shared/python-dataviz.md,18fe8a91c33fe1613b22cb7cd56a0ed18d093caa,2026-06-28 20:57:00+00:00,11,True,0,0,0,0,0,False,,False,False,127
github/gh-aw/.github/workflows/shared/python-dataviz.md,github/gh-aw,.github/workflows/shared/python-dataviz.md,1170fc484978ff65b6e026755866aea0af490710,2026-07-07 06:08:34+00:00,12,True,0,0,0,0,0,False,,False,False,65
github/gh-aw/.github/workflows/shared/python-nlp.md,github/gh-aw,.github/workflows/shared/python-nlp.md,202a4f52b36f63b978729c16abef9cacd340bbbb,2026-03-15 19:33:33+00:00,1,True,0,0,0,0,0,False,,False,False,274
github/gh-aw/.github/workflows/shared/qmd.md,github/gh-aw,.github/workflows/shared/qmd.md,eb5fe1d577dece8eeda6ff257bcf831e1b11d365,2026-03-29 10:32:58+00:00,1,True,0,0,0,0,0,False,,False,False,161
github/gh-aw/.github/workflows/shared/quality-gate.md,github/gh-aw,.github/workflows/shared/quality-gate.md,52160df09a084bbf2964019e77037b45803ad852,2026-07-05 13:28:36+00:00,1,True,0,0,0,0,0,False,,False,False,153
github/gh-aw/.github/workflows/shared/reporting.md,github/gh-aw,.github/workflows/shared/reporting.md,04891080592fdd0494d1c1c79ba48185c443ce62,2025-10-22 15:46:56+00:00,1,True,0,0,0,0,0,False,,False,False,23
github/gh-aw/.github/workflows/shared/reporting.md,github/gh-aw,.github/workflows/shared/reporting.md,675e5ab617f6e14c1baeb729ccc8622ba7304cf3,2025-10-22 15:46:56+00:00,2,True,0,0,6,8,14,True,📊📈⚠✅🔍📝,False,True,375
github/gh-aw/.github/workflows/shared/reporting.md,github/gh-aw,.github/workflows/shared/reporting.md,961c8dcd119e1b923e30473e500726ef4cf4703d,2025-10-22 16:09:53+00:00,3,True,0,0,0,0,0,False,,False,False,127
github/gh-aw/.github/workflows/shared/reporting.md,github/gh-aw,.github/workflows/shared/reporting.md,c34c95e1536c743cda5d68df3c4b950349dbb513,2025-10-26 17:37:20+00:00,4,True,0,0,0,0,0,False,,False,False,306
github/gh-aw/.github/workflows/shared/reporting.md,github/gh-aw,.github/workflows/shared/reporting.md,2ae5010b7889573830ba48158e7465e7edc26a61,2025-11-02 14:51:52+00:00,5,True,0,0,0,0,0,False,,False,False,319
github/gh-aw/.github/workflows/shared/reporting.md,github/gh-aw,.github/workflows/shared/reporting.md,cb6aa52294435fa2041963778d1324a7ef29cca2,2025-11-05 14:07:22+00:00,6,True,0,0,0,0,0,False,,False,False,346
github/gh-aw/.github/workflows/shared/reporting.md,github/gh-aw,.github/workflows/shared/reporting.md,831c03e972f7a84f5a3af9c2eccf80ba13f1470a,2025-11-14 14:23:34+00:00,7,True,0,0,0,0,0,False,,False,False,346
github/gh-aw/.github/workflows/shared/reporting.md,github/gh-aw,.github/workflows/shared/reporting.md,8884a0128c54708e81fe40923627d6c86d55065e,2025-12-20 21:47:28+00:00,8,True,0,0,0,0,0,False,,False,False,51
github/gh-aw/.github/workflows/shared/reporting.md,github/gh-aw,.github/workflows/shared/reporting.md,bf92090c5da14b4014469a562bc7bb4b6488a248,2026-01-20 15:05:03+00:00,9,True,0,0,0,3,3,True,✅⚠❌,False,False,293
github/gh-aw/.github/workflows/shared/reporting.md,github/gh-aw,.github/workflows/shared/reporting.md,320bcb95444295569797ba1fb4ff4433139a96e8,2026-04-04 14:23:07+00:00,10,True,0,0,0,3,3,True,✅⚠❌,False,False,293
github/gh-aw/.github/workflows/shared/reporting.md,github/gh-aw,.github/workflows/shared/reporting.md,79d43a9e415e5a1adc7b7a3207ae41e3257ee216,2026-06-13 22:50:19+00:00,11,True,0,0,0,0,0,False,,False,False,71
github/gh-aw/.github/workflows/shared/reporting.md,github/gh-aw,.github/workflows/shared/reporting.md,6847566fd2582204519d1c8fd9e48da4508bf862,2026-07-29 05:43:18+00:00,12,True,0,0,0,0,0,False,,False,False,66
github/gh-aw/.github/workflows/shared/reporting.md,github/gh-aw,.github/workflows/shared/reporting.md,08f602fe085f0aa9e23f7b9324dd7d881ffb6251,2026-08-09 11:03:38+00:00,13,True,0,0,0,0,0,False,,False,False,103
github/gh-aw/.github/workflows/shared/repository-quality-report-template.md,github/gh-aw,.github/workflows/shared/repository-quality-report-template.md,bb6faea5f21b252a3900f81e5ac5e875041cccf6,2026-05-01 00:15:19+00:00,1,True,0,0,0,11,11,True,🎯✅⚠❌🤖📊📈,False,False,384
github/gh-aw/.github/workflows/shared/safe-output-app.md,github/gh-aw,.github/workflows/shared/safe-output-app.md,1c784e9f014ac1dd4980f391338ac51c0eefb805,2025-11-22 01:11:24+00:00,1,True,0,0,0,0,0,False,,False,False,107
github/gh-aw/.github/workflows/shared/safe-output-app.md,github/gh-aw,.github/workflows/shared/safe-output-app.md,750c10b3726f7ffb568c5c9d46acd2b5355e1137,2025-11-25 01:33:13+00:00,2,True,0,0,0,0,0,False,,False,False,109
github/gh-aw/.github/workflows/shared/safe-output-upload-artifact.md,github/gh-aw,.github/workflows/shared/safe-output-upload-artifact.md,6f097816e52edc9d360abd0da7cb46a7eb492fe7,2026-04-08 00:40:37+00:00,1,True,0,0,0,0,0,False,,False,False,198
github/gh-aw/.github/workflows/shared/safe-output-upload-artifact.md,github/gh-aw,.github/workflows/shared/safe-output-upload-artifact.md,a10e1e25513d78630f83adf599669875f9547213,2026-04-08 19:48:55+00:00,2,True,0,0,0,0,0,False,,False,False,199
github/gh-aw/.github/workflows/shared/safe-output-upload-artifact.md,github/gh-aw,.github/workflows/shared/safe-output-upload-artifact.md,aa9902477bbb0c5ff09413d655dd31e934510335,2026-04-12 01:50:45+00:00,3,True,0,0,0,0,0,False,,False,False,199
github/gh-aw/.github/workflows/shared/safe-output-upload-artifact.md,github/gh-aw,.github/workflows/shared/safe-output-upload-artifact.md,0e580494fc86e32419e0d23060369af70a9b905e,2026-04-12 18:12:06+00:00,4,True,0,0,0,0,0,False,,False,False,286
github/gh-aw/.github/workflows/shared/safe-output-upload-artifact.md,github/gh-aw,.github/workflows/shared/safe-output-upload-artifact.md,f35999cfd32c9b88add98420adc3e522d06d2cc4,2026-04-15 23:42:40+00:00,5,True,0,0,0,0,0,False,,False,False,285
github/gh-aw/.github/workflows/shared/security-analysis-base.md,github/gh-aw,.github/workflows/shared/security-analysis-base.md,efde1b5dd2c7c9a7767fa88e334c4cec2d14c337,2026-04-09 12:58:42+00:00,1,True,0,0,0,0,0,False,,False,False,109
github/gh-aw/.github/workflows/shared/sentry.md,github/gh-aw,.github/workflows/shared/sentry.md,96ef062d05c9941c981b85c318e8e2071f755cb9,2026-05-20 09:49:50+00:00,1,True,0,0,0,0,0,False,,False,False,185
github/gh-aw/.github/workflows/shared/serena-mcp.md,github/gh-aw,.github/workflows/shared/serena-mcp.md,68163b3a468515d57d17cb09f56c0c455e18e47e,2025-10-08 16:29:14+00:00,1,True,0,0,0,0,0,False,,False,False,25
github/gh-aw/.github/workflows/shared/serena-mcp.md,github/gh-aw,.github/workflows/shared/serena-mcp.md,65273f19f85386d543990303b2bda061f8d04b08,2025-10-09 03:43:27+00:00,2,True,0,0,0,0,0,False,,False,False,25
github/gh-aw/.github/workflows/shared/session-analysis-charts.md,github/gh-aw,.github/workflows/shared/session-analysis-charts.md,3d6c6448fa7c8eb8059ea90ae85ff3846753dfd3,2026-01-04 06:38:27+00:00,1,True,0,1,0,1,2,True,📊📈,False,False,494
github/gh-aw/.github/workflows/shared/session-analysis-charts.md,github/gh-aw,.github/workflows/shared/session-analysis-charts.md,a006fb00a4b31721aa1b8b06e38f12e13ea8c0ec,2026-02-17 20:03:00+00:00,2,True,0,1,0,1,2,True,📊📈,False,False,496
github/gh-aw/.github/workflows/shared/session-analysis-strategies.md,github/gh-aw,.github/workflows/shared/session-analysis-strategies.md,3d6c6448fa7c8eb8059ea90ae85ff3846753dfd3,2026-01-04 06:38:27+00:00,1,True,0,0,0,0,0,False,,False,False,922
github/gh-aw/.github/workflows/shared/session-analysis-strategies.md,github/gh-aw,.github/workflows/shared/session-analysis-strategies.md,a006fb00a4b31721aa1b8b06e38f12e13ea8c0ec,2026-02-17 20:03:00+00:00,2,True,0,0,0,0,0,False,,False,False,923
github/gh-aw/.github/workflows/shared/simonw-llm.md,github/gh-aw,.github/workflows/shared/simonw-llm.md,99bba6e4cc16efdb4ea0bed9d47a45dae033809b,2025-10-10 21:03:18+00:00,1,True,1,0,0,0,1,True,ℹ,False,False,191
github/gh-aw/.github/workflows/shared/simonw-llm.md,github/gh-aw,.github/workflows/shared/simonw-llm.md,d789284faaefc8ac35f4b7a7689ab754094208b0,2025-10-10 22:10:54+00:00,2,True,5,0,0,0,5,True,📋🔧⚠ℹ🚀,False,False,396
github/gh-aw/.github/workflows/shared/slack.md,github/gh-aw,.github/workflows/shared/slack.md,df43b46c8213f715effcb2b0e0851da81a1cf9de,2025-10-12 14:33:12+00:00,1,True,1,0,0,0,1,True,✅,False,False,337
github/gh-aw/.github/workflows/shared/slack.md,github/gh-aw,.github/workflows/shared/slack.md,347da8f4a9a029750abb7411071da076e81d8cb9,2025-10-12 14:57:01+00:00,2,True,1,0,0,0,1,True,✅,False,False,357
github/gh-aw/.github/workflows/shared/smoke-test-brevity.md,github/gh-aw,.github/workflows/shared/smoke-test-brevity.md,0137e494bf2ed8b2f741058315976fd2936fca76,2026-08-13 19:47:33+00:00,1,True,0,0,0,0,0,False,,False,False,54
github/gh-aw/.github/workflows/shared/sq.md,github/gh-aw,.github/workflows/shared/sq.md,f903495e38e6f5c63252240e0f94b5141fb5b8e3,2025-11-21 21:36:12+00:00,1,True,0,0,0,0,0,False,,False,False,524
github/gh-aw/.github/workflows/shared/sq.md,github/gh-aw,.github/workflows/shared/sq.md,27fece814501b675635a7e33fe0604a3ae559ef4,2026-01-31 15:21:24+00:00,2,True,0,0,0,0,0,False,,False,False,526
github/gh-aw/.github/workflows/shared/squad.md,github/gh-aw,.github/workflows/shared/squad.md,57d128a0ed79e84db54fc4e0540752897aca6dd9,2026-08-03 21:32:43+00:00,1,True,0,0,0,0,0,False,,False,False,215
github/gh-aw/.github/workflows/shared/squad.md,github/gh-aw,.github/workflows/shared/squad.md,c1ce18478c6aec356fdeb71e5b515827b750b449,2026-08-04 00:21:21+00:00,2,True,0,0,0,0,0,False,,False,False,207
github/gh-aw/.github/workflows/shared/squad.md,github/gh-aw,.github/workflows/shared/squad.md,1b7563098ec33212c69da3f2ef4063e8e46e10c0,2026-08-04 01:37:53+00:00,3,True,0,0,0,0,0,False,,False,False,207
github/gh-aw/.github/workflows/shared/squad.md,github/gh-aw,.github/workflows/shared/squad.md,5ae447c56e72cfe2f58bbbeba744b6e0a75f6536,2026-08-04 04:05:46+00:00,4,True,0,0,0,0,0,False,,False,False,207
github/gh-aw/.github/workflows/shared/squad.md,github/gh-aw,.github/workflows/shared/squad.md,918a49bd8c546648e99e71943e01ebd22418b7ef,2026-08-04 17:31:08+00:00,5,True,0,0,0,0,0,False,,False,False,225
github/gh-aw/.github/workflows/shared/squad.md,github/gh-aw,.github/workflows/shared/squad.md,00ae9cc602bf9f0cc234ab2d231207ac00d324b5,2026-08-04 19:24:58+00:00,6,True,0,0,0,0,0,False,,False,False,225
github/gh-aw/.github/workflows/shared/token-cost-analysis.md,github/gh-aw,.github/workflows/shared/token-cost-analysis.md,3d6c6448fa7c8eb8059ea90ae85ff3846753dfd3,2026-01-04 06:38:27+00:00,1,True,0,0,0,6,6,True,✅📈💰🔄,False,False,902
github/gh-aw/.github/workflows/shared/token-logs-24h.md,github/gh-aw,.github/workflows/shared/token-logs-24h.md,10a01a891907d3f5ddf085217adb175b3243d5c5,2026-04-04 01:15:37+00:00,1,True,5,0,0,0,5,True,✅ℹ📥,False,False,126
github/gh-aw/.github/workflows/shared/token-telemetry-check.md,github/gh-aw,.github/workflows/shared/token-telemetry-check.md,e40c8df51f77714d6bc240d2814e1cec53e2db32,2026-07-05 04:08:04+00:00,1,True,0,0,0,0,0,False,,False,False,131
github/gh-aw/.github/workflows/shared/token-telemetry-check.md,github/gh-aw,.github/workflows/shared/token-telemetry-check.md,b1324bb6385dad4abfc8d5529dcd80ed8001b9f9,2026-10-03 23:11:38+00:00,2,True,0,0,0,0,0,False,,False,False,167
github/gh-aw/.github/workflows/shared/trending-charts-simple.md,github/gh-aw,.github/workflows/shared/trending-charts-simple.md,e9156e9df05429fd42cbe44e4d69554bbbf1725d,2025-11-21 16:05:54+00:00,1,True,0,0,0,3,3,True,✅,False,False,726
github/gh-aw/.github/workflows/shared/trending-charts-simple.md,github/gh-aw,.github/workflows/shared/trending-charts-simple.md,8884a0128c54708e81fe40923627d6c86d55065e,2025-12-20 21:47:28+00:00,2,True,0,0,0,0,0,False,,False,False,120
github/gh-aw/.github/workflows/shared/trending-charts-simple.md,github/gh-aw,.github/workflows/shared/trending-charts-simple.md,e817bc946216cde6131043c0c337c8c028cf4326,2026-04-13 18:42:33+00:00,3,True,0,0,0,0,0,False,,False,False,243
github/gh-aw/.github/workflows/shared/trending-charts-simple.md,github/gh-aw,.github/workflows/shared/trending-charts-simple.md,f35999cfd32c9b88add98420adc3e522d06d2cc4,2026-04-15 23:42:40+00:00,4,True,0,0,0,0,0,False,,False,False,222
github/gh-aw/.github/workflows/shared/trending-charts-simple.md,github/gh-aw,.github/workflows/shared/trending-charts-simple.md,36375714dd89ca927463bf841bc3d16e9132640a,2026-08-21 12:28:49+00:00,5,True,0,0,0,0,0,False,,False,False,255
github/gh-aw/.github/workflows/shared/trends.md,github/gh-aw,.github/workflows/shared/trends.md,904456a7bbd365bd61ff96d1ed27aa9e7e653340,2025-11-02 14:51:08+00:00,1,True,0,0,0,0,0,False,,False,False,633
github/gh-aw/.github/workflows/shared/trends.md,github/gh-aw,.github/workflows/shared/trends.md,88ed87a0113ff4257f0b3e2b256429b3deea9abf,2026-06-22 22:33:24+00:00,2,True,0,0,0,0,0,False,,False,False,448
github/gh-aw/.github/workflows/shared/trends.md,github/gh-aw,.github/workflows/shared/trends.md,8765472ca7433ebdb8dea34af46d6bec72a9b963,2026-06-26 22:05:33+00:00,3,True,0,0,2,0,2,True,⬆⬇,False,True,254
github/gh-aw/.github/workflows/shared/trends.md,github/gh-aw,.github/workflows/shared/trends.md,18fe8a91c33fe1613b22cb7cd56a0ed18d093caa,2026-06-28 20:57:00+00:00,4,True,0,0,2,0,2,True,⬆⬇,False,True,201
github/gh-aw/.github/workflows/shared/trends.md,github/gh-aw,.github/workflows/shared/trends.md,4bddf5fdfbe0a377ea57dd700771f7dc3b5b9517,2026-07-05 05:07:14+00:00,5,True,0,0,2,0,2,True,⬆⬇,False,True,205
github/gh-aw/.github/workflows/shared/trufflehog.md,github/gh-aw,.github/workflows/shared/trufflehog.md,a4873952268de9b402dc4bcc57e4003575bb05b7,2026-05-01 11:23:09+00:00,1,True,4,0,1,0,5,True,🔍✅🔐,False,False,237
github/gh-aw/.github/workflows/shared/trufflehog.md,github/gh-aw,.github/workflows/shared/trufflehog.md,506b3c471b3764eb69f507f20a133d641b6eac6f,2026-05-23 15:11:12+00:00,2,True,4,0,1,0,5,True,🔍✅🔐,False,False,237
github/gh-aw/.github/workflows/shared/weekly-issues-data-fetch.md,github/gh-aw,.github/workflows/shared/weekly-issues-data-fetch.md,7a431a296ac201b9597cfaa30bc2313aa24fb172,2025-11-26 12:26:51+00:00,1,True,1,0,0,0,1,True,⬇,False,False,543
github/gh-aw/.github/workflows/shared/weekly-issues-data-fetch.md,github/gh-aw,.github/workflows/shared/weekly-issues-data-fetch.md,0eac4d3726697bf54e93494457f53d149f6b68d9,2026-05-08 19:12:21+00:00,2,True,1,0,0,0,1,True,⬇,False,False,545
github/gh-aw/.github/workflows/shared/weekly-issues-data-fetch.md,github/gh-aw,.github/workflows/shared/weekly-issues-data-fetch.md,506b3c471b3764eb69f507f20a133d641b6eac6f,2026-05-23 15:11:12+00:00,3,True,1,0,0,0,1,True,⬇,False,False,545
github/gh-aw/.github/workflows/shared/weekly-issues-data-fetch.md,github/gh-aw,.github/workflows/shared/weekly-issues-data-fetch.md,ceca307644198eecb72d3f248c8f1c5c609ee578,2026-08-17 21:13:20+00:00,4,True,1,0,0,0,1,True,⬇,False,False,554
githubnext/agentics/workflows/accessibility-review.md,githubnext/agentics,workflows/accessibility-review.md,497230d3867fe453aae74b15d06178d45a39fcce,2026-05-08 20:56:58+00:00,1,False,0,0,0,0,0,False,,False,False,382
githubnext/agentics/workflows/accessibility-review.md,githubnext/agentics,workflows/accessibility-review.md,6aede1b80ba5848e58573bb1bf54bbdff2ec7dc0,2026-06-18 14:36:53+00:00,2,False,0,0,0,0,0,False,,False,False,382
githubnext/agentics/workflows/adhoc-qa.md,githubnext/agentics,workflows/adhoc-qa.md,497230d3867fe453aae74b15d06178d45a39fcce,2026-05-08 20:56:58+00:00,1,False,0,0,0,0,0,False,,False,False,469
githubnext/agentics/workflows/agentic-code-reviewer.md,githubnext/agentics,workflows/agentic-code-reviewer.md,475d83d3511afb28a9c911834bd24f517763a14f,2025-07-30 11:04:28+00:00,1,False,0,0,0,0,0,False,,False,False,372
githubnext/agentics/workflows/agentic-code-smell-detector.md,githubnext/agentics,workflows/agentic-code-smell-detector.md,475d83d3511afb28a9c911834bd24f517763a14f,2025-07-30 11:04:28+00:00,1,False,0,0,0,0,0,False,,False,False,544
githubnext/agentics/workflows/agentic-coder.md,githubnext/agentics,workflows/agentic-coder.md,7171610fe2b63173e94df27ef705cc03aa7ebe0f,2025-07-24 22:39:41+00:00,1,False,0,0,0,0,0,False,,False,False,823
githubnext/agentics/workflows/agentic-coder.md,githubnext/agentics,workflows/agentic-coder.md,b7fd99b847fb8066fec19de4e244d1ef0cb890f5,2025-07-29 19:21:29+00:00,2,False,0,0,0,0,0,False,,False,False,734
githubnext/agentics/workflows/agentic-coder.md,githubnext/agentics,workflows/agentic-coder.md,ffa53c458739e73028a175fc831cf3dc72b523c9,2025-07-31 09:45:09+00:00,3,False,0,0,0,0,0,False,,False,False,734
githubnext/agentics/workflows/agentic-containerization.md,githubnext/agentics,workflows/agentic-containerization.md,3630c0020def25a8f34676a94877d38dc9e8889b,2025-07-30 11:05:05+00:00,1,False,0,0,0,0,0,False,,False,False,300
githubnext/agentics/workflows/agentic-continuous-integration.md,githubnext/agentics,workflows/agentic-continuous-integration.md,3630c0020def25a8f34676a94877d38dc9e8889b,2025-07-30 11:05:05+00:00,1,False,0,0,0,0,0,False,,False,False,365
githubnext/agentics/workflows/agentic-dependency-updater.md,githubnext/agentics,workflows/agentic-dependency-updater.md,3ef9ccd7e4e85b3ca1e0a50f53b49e7760ffed77,2025-07-28 21:44:25+00:00,1,False,0,0,0,0,0,False,,False,False,387
githubnext/agentics/workflows/agentic-dependency-updater.md,githubnext/agentics,workflows/agentic-dependency-updater.md,aa6756e2d77e422f5acdc27c134a3696b9c70ab7,2025-07-28 21:48:00+00:00,2,False,0,0,0,0,0,False,,False,False,412
githubnext/agentics/workflows/agentic-dependency-updater.md,githubnext/agentics,workflows/agentic-dependency-updater.md,88e8353b59ca6ab4594211acb4ad3dea8d45f6fb,2025-07-28 22:12:39+00:00,3,False,0,0,0,0,0,False,,False,False,538
githubnext/agentics/workflows/agentic-dependency-updater.md,githubnext/agentics,workflows/agentic-dependency-updater.md,b7fd99b847fb8066fec19de4e244d1ef0cb890f5,2025-07-29 19:21:29+00:00,4,False,0,0,0,0,0,False,,False,False,449
githubnext/agentics/workflows/agentic-deployment-tester.md,githubnext/agentics,workflows/agentic-deployment-tester.md,3630c0020def25a8f34676a94877d38dc9e8889b,2025-07-30 11:05:05+00:00,1,False,0,0,0,0,0,False,,False,False,304
githubnext/agentics/workflows/agentic-devops-engineer.md,githubnext/agentics,workflows/agentic-devops-engineer.md,3630c0020def25a8f34676a94877d38dc9e8889b,2025-07-30 11:05:05+00:00,1,False,0,0,0,0,0,False,,False,False,340
githubnext/agentics/workflows/agentic-documentation-reviewer.md,githubnext/agentics,workflows/agentic-documentation-reviewer.md,475d83d3511afb28a9c911834bd24f517763a14f,2025-07-30 11:04:28+00:00,1,False,0,0,0,0,0,False,,False,False,554
githubnext/agentics/workflows/agentic-environment-configurator.md,githubnext/agentics,workflows/agentic-environment-configurator.md,3630c0020def25a8f34676a94877d38dc9e8889b,2025-07-30 11:05:05+00:00,1,False,0,0,0,0,0,False,,False,False,293
githubnext/agentics/workflows/agentic-infrastructure-provisioner.md,githubnext/agentics,workflows/agentic-infrastructure-provisioner.md,3630c0020def25a8f34676a94877d38dc9e8889b,2025-07-30 11:05:05+00:00,1,False,0,0,0,0,0,False,,False,False,299
githubnext/agentics/workflows/agentic-mentor-peer-reviewer.md,githubnext/agentics,workflows/agentic-mentor-peer-reviewer.md,475d83d3511afb28a9c911834bd24f517763a14f,2025-07-30 11:04:28+00:00,1,False,0,0,0,0,0,False,,False,False,647
githubnext/agentics/workflows/agentic-performance-auditor.md,githubnext/agentics,workflows/agentic-performance-auditor.md,475d83d3511afb28a9c911834bd24f517763a14f,2025-07-30 11:04:28+00:00,1,False,0,0,0,0,0,False,,False,False,429
githubnext/agentics/workflows/agentic-performance-tuning.md,githubnext/agentics,workflows/agentic-performance-tuning.md,3630c0020def25a8f34676a94877d38dc9e8889b,2025-07-30 11:05:05+00:00,1,False,0,0,0,0,0,False,,False,False,301
githubnext/agentics/workflows/agentic-planner.md,githubnext/agentics,workflows/agentic-planner.md,7171610fe2b63173e94df27ef705cc03aa7ebe0f,2025-07-24 22:39:41+00:00,1,False,0,0,0,0,0,False,,False,False,575
githubnext/agentics/workflows/agentic-planner.md,githubnext/agentics,workflows/agentic-planner.md,b7fd99b847fb8066fec19de4e244d1ef0cb890f5,2025-07-29 19:21:29+00:00,2,False,0,0,0,0,0,False,,False,False,497
githubnext/agentics/workflows/agentic-planner.md,githubnext/agentics,workflows/agentic-planner.md,ffa53c458739e73028a175fc831cf3dc72b523c9,2025-07-31 09:45:09+00:00,3,False,0,0,0,0,0,False,,False,False,448
githubnext/agentics/workflows/agentic-planner.md,githubnext/agentics,workflows/agentic-planner.md,91e75fd923d8ad84c716dedf189231efd59318bb,2025-07-31 09:54:05+00:00,4,False,0,0,0,0,0,False,,False,False,469
githubnext/agentics/workflows/agentic-qa.md,githubnext/agentics,workflows/agentic-qa.md,7171610fe2b63173e94df27ef705cc03aa7ebe0f,2025-07-24 22:39:41+00:00,1,False,0,0,0,0,0,False,,False,False,623
githubnext/agentics/workflows/agentic-qa.md,githubnext/agentics,workflows/agentic-qa.md,b7fd99b847fb8066fec19de4e244d1ef0cb890f5,2025-07-29 19:21:29+00:00,2,False,0,0,0,0,0,False,,False,False,409
githubnext/agentics/workflows/agentic-release-manager.md,githubnext/agentics,workflows/agentic-release-manager.md,3630c0020def25a8f34676a94877d38dc9e8889b,2025-07-30 11:05:05+00:00,1,False,0,0,0,0,0,False,,False,False,304
githubnext/agentics/workflows/agentic-requirements-validator.md,githubnext/agentics,workflows/agentic-requirements-validator.md,475d83d3511afb28a9c911834bd24f517763a14f,2025-07-30 11:04:28+00:00,1,False,0,0,0,0,0,False,,False,False,543
githubnext/agentics/workflows/agentic-researcher.md,githubnext/agentics,workflows/agentic-researcher.md,7171610fe2b63173e94df27ef705cc03aa7ebe0f,2025-07-24 22:39:41+00:00,1,False,0,0,0,0,0,False,,False,False,143
githubnext/agentics/workflows/agentic-researcher.md,githubnext/agentics,workflows/agentic-researcher.md,1b18060def133eff23cd45fa3e4a33cbef0f67d4,2025-07-28 16:13:02+00:00,2,False,0,0,0,0,0,False,,False,False,135
githubnext/agentics/workflows/agentic-rollback-manager.md,githubnext/agentics,workflows/agentic-rollback-manager.md,3630c0020def25a8f34676a94877d38dc9e8889b,2025-07-30 11:05:05+00:00,1,False,0,0,0,0,0,False,,False,False,306
githubnext/agentics/workflows/agentic-security-auditor.md,githubnext/agentics,workflows/agentic-security-auditor.md,475d83d3511afb28a9c911834bd24f517763a14f,2025-07-30 11:04:28+00:00,1,False,0,0,0,0,0,False,,False,False,431
githubnext/agentics/workflows/agentic-security-ops.md,githubnext/agentics,workflows/agentic-security-ops.md,3630c0020def25a8f34676a94877d38dc9e8889b,2025-07-30 11:05:05+00:00,1,False,0,0,0,0,0,False,,False,False,325
githubnext/agentics/workflows/agentic-standards-compliance.md,githubnext/agentics,workflows/agentic-standards-compliance.md,475d83d3511afb28a9c911834bd24f517763a14f,2025-07-30 11:04:28+00:00,1,False,0,0,0,0,0,False,,False,False,517
githubnext/agentics/workflows/agentic-test-result-reviewer.md,githubnext/agentics,workflows/agentic-test-result-reviewer.md,475d83d3511afb28a9c911834bd24f517763a14f,2025-07-30 11:04:28+00:00,1,False,0,0,0,0,0,False,,False,False,569
githubnext/agentics/workflows/agentic-triage.md,githubnext/agentics,workflows/agentic-triage.md,7171610fe2b63173e94df27ef705cc03aa7ebe0f,2025-07-24 22:39:41+00:00,1,False,0,0,1,0,1,True,🎯,False,False,653
githubnext/agentics/workflows/agentic-triage.md,githubnext/agentics,workflows/agentic-triage.md,1b18060def133eff23cd45fa3e4a33cbef0f67d4,2025-07-28 16:13:02+00:00,2,False,0,0,1,0,1,True,🎯,False,False,646
githubnext/agentics/workflows/agentic-triage.md,githubnext/agentics,workflows/agentic-triage.md,b7fd99b847fb8066fec19de4e244d1ef0cb890f5,2025-07-29 19:21:29+00:00,3,False,0,0,1,0,1,True,🎯,False,False,567
githubnext/agentics/workflows/agentic-ux-reviewer.md,githubnext/agentics,workflows/agentic-ux-reviewer.md,475d83d3511afb28a9c911834bd24f517763a14f,2025-07-30 11:04:28+00:00,1,False,0,0,0,0,0,False,,False,False,521
githubnext/agentics/workflows/agentic-wiki-coder.md,githubnext/agentics,workflows/agentic-wiki-coder.md,75d87ba672827b9ceef5b324cdb76f5a054cd117,2026-03-03 02:19:06+00:00,1,False,0,0,0,0,0,False,,False,False,1795
githubnext/agentics/workflows/agentic-wiki-coder.md,githubnext/agentics,workflows/agentic-wiki-coder.md,80cc9655c58cf986237af32982d19230cb2d83c3,2026-03-10 20:44:29+00:00,2,False,0,0,0,0,0,False,,False,False,2121
githubnext/agentics/workflows/agentic-wiki-writer.md,githubnext/agentics,workflows/agentic-wiki-writer.md,75d87ba672827b9ceef5b324cdb76f5a054cd117,2026-03-03 02:19:06+00:00,1,False,0,0,0,0,0,False,,False,False,4066
githubnext/agentics/workflows/agentic-wiki-writer.md,githubnext/agentics,workflows/agentic-wiki-writer.md,398f7d95ef5bd2329e422df142569a8833f91a1f,2026-03-08 02:28:41+00:00,2,False,0,0,0,0,0,False,,False,False,4062
githubnext/agentics/workflows/agentic-wiki-writer.md,githubnext/agentics,workflows/agentic-wiki-writer.md,b40c14a1946ab25ab7b061fb67435c112015e978,2026-03-15 21:16:15+00:00,3,False,0,0,0,0,0,False,,False,False,4117
githubnext/agentics/workflows/agentic-wiki-writer.md,githubnext/agentics,workflows/agentic-wiki-writer.md,da1686f4801c26c9e77cb738da368f4d43e5baba,2026-03-16 04:25:10+00:00,4,False,0,0,0,0,0,False,,False,False,4328
githubnext/agentics/workflows/agentic-wiki-writer.md,githubnext/agentics,workflows/agentic-wiki-writer.md,fe3b21f00e1d85d4d1a5764cb219a373e55b52b2,2026-03-17 18:05:03+00:00,5,False,0,0,0,0,0,False,,False,False,4708
githubnext/agentics/workflows/agentic-wiki-writer.md,githubnext/agentics,workflows/agentic-wiki-writer.md,c7e154261230e4048e62a3343e265e9db92cdd58,2026-03-19 00:44:28+00:00,6,False,0,0,0,0,0,False,,False,False,4743
githubnext/agentics/workflows/agentic-wiki-writer.md,githubnext/agentics,workflows/agentic-wiki-writer.md,3f3c615fcaba9182c12c97407e5df6dec596f550,2026-09-08 08:44:46+00:00,7,False,0,0,0,0,0,False,,False,False,4535
githubnext/agentics/workflows/agentics/shared/gh-extra-pr-tools.md,githubnext/agentics,workflows/agentics/shared/gh-extra-pr-tools.md,776c61d12ae61942726673cffb9b8b667193d76b,2025-09-01 12:06:54+00:00,1,True,0,0,0,0,0,False,,False,False,85
githubnext/agentics/workflows/agentics/shared/gh-extra-pr-tools.md,githubnext/agentics,workflows/agentics/shared/gh-extra-pr-tools.md,7b6c83199d231dd6c16974f7994bb578b5c39855,2025-09-04 02:58:48+00:00,2,True,0,0,0,0,0,False,,False,False,59
githubnext/agentics/workflows/agentics/shared/gh-extra-pr-tools.md,githubnext/agentics,workflows/agentics/shared/gh-extra-pr-tools.md,179fccc6c8dc3177025d3820ba92c92304c76b93,2025-09-04 03:07:37+00:00,3,True,0,0,0,0,0,False,,False,False,61
githubnext/agentics/workflows/agentics/shared/gh-extra-read-tools.md,githubnext/agentics,workflows/agentics/shared/gh-extra-read-tools.md,776c61d12ae61942726673cffb9b8b667193d76b,2025-09-01 12:06:54+00:00,1,True,0,0,0,0,0,False,,False,False,88
githubnext/agentics/workflows/agentics/shared/gh-extra-read-tools.md,githubnext/agentics,workflows/agentics/shared/gh-extra-read-tools.md,7b6c83199d231dd6c16974f7994bb578b5c39855,2025-09-04 02:58:48+00:00,2,True,0,0,0,0,0,False,,False,False,42
githubnext/agentics/workflows/agentics/shared/gh-extra-tools.md,githubnext/agentics,workflows/agentics/shared/gh-extra-tools.md,9c20bd34ca554d3226d956780caddfcbb88c72a1,2025-08-12 19:58:02+00:00,1,True,0,0,0,0,0,False,,False,False,49
githubnext/agentics/workflows/agentics/shared/gh-extra-tools.md,githubnext/agentics,workflows/agentics/shared/gh-extra-tools.md,be6a37c412c86ad535aae2f0d1e6307915e4c61b,2025-08-31 22:31:11+00:00,2,True,0,0,0,0,0,False,,False,False,85
githubnext/agentics/workflows/agentics/shared/gh-extra-tools.md,githubnext/agentics,workflows/agentics/shared/gh-extra-tools.md,ee01c75d92e441a80ab1cf9bc3a17ce483330a16,2025-08-31 22:33:25+00:00,3,True,0,0,0,0,0,False,,False,False,85
githubnext/agentics/workflows/agentics/shared/include-link.md,githubnext/agentics,workflows/agentics/shared/include-link.md,9c20bd34ca554d3226d956780caddfcbb88c72a1,2025-08-12 19:58:02+00:00,1,True,0,0,0,0,0,False,,False,False,51
githubnext/agentics/workflows/agentics/shared/include-link.md,githubnext/agentics,workflows/agentics/shared/include-link.md,4dd9446636402d097c9dbb4c0b54e7baf38cfe6d,2025-08-31 17:09:55+00:00,2,True,0,0,0,0,0,False,,False,False,74
githubnext/agentics/workflows/agentics/shared/job-summary.md,githubnext/agentics,workflows/agentics/shared/job-summary.md,9c20bd34ca554d3226d956780caddfcbb88c72a1,2025-08-12 19:58:02+00:00,1,True,0,0,0,0,0,False,,False,True,188
githubnext/agentics/workflows/agentics/shared/no-push-to-main.md,githubnext/agentics,workflows/agentics/shared/no-push-to-main.md,9c20bd34ca554d3226d956780caddfcbb88c72a1,2025-08-12 19:58:02+00:00,1,True,0,0,0,0,0,False,,False,False,32
githubnext/agentics/workflows/agentics/shared/tool-refused.md,githubnext/agentics,workflows/agentics/shared/tool-refused.md,9c20bd34ca554d3226d956780caddfcbb88c72a1,2025-08-12 19:58:02+00:00,1,True,0,0,0,0,0,False,,False,False,58
githubnext/agentics/workflows/agentics/shared/workflow-changes.md,githubnext/agentics,workflows/agentics/shared/workflow-changes.md,9c20bd34ca554d3226d956780caddfcbb88c72a1,2025-08-12 19:58:02+00:00,1,True,0,0,0,0,0,False,,False,False,53
githubnext/agentics/workflows/agentics/shared/xpia.md,githubnext/agentics,workflows/agentics/shared/xpia.md,9c20bd34ca554d3226d956780caddfcbb88c72a1,2025-08-12 19:58:02+00:00,1,True,0,0,0,0,0,False,,False,False,229
githubnext/agentics/workflows/agentics/shared/xpia.md,githubnext/agentics,workflows/agentics/shared/xpia.md,3dad04b2a1bec536ecfa2b12239e692a83eb0095,2025-08-25 15:29:17+00:00,2,True,0,0,0,0,0,False,,False,False,250
githubnext/agentics/workflows/ai-moderator.md,githubnext/agentics,workflows/ai-moderator.md,11f9246094b761e75c91953c6648813df1245cb1,2026-02-17 04:35:46+00:00,1,False,0,0,0,0,0,False,,False,True,736
githubnext/agentics/workflows/ai-moderator.md,githubnext/agentics,workflows/ai-moderator.md,aacd04cc82ac4f0438e4e34a7bc9ac2a28e59220,2026-02-24 03:48:05+00:00,2,False,0,0,0,0,0,False,,False,True,738
githubnext/agentics/workflows/alert-manager-agent.md,githubnext/agentics,workflows/alert-manager-agent.md,9ffa12caab49d0485616ef94777305fe3c1f4581,2025-07-30 11:06:06+00:00,1,False,0,0,0,0,0,False,,False,False,389
githubnext/agentics/workflows/analytics-agent.md,githubnext/agentics,workflows/analytics-agent.md,9ffa12caab49d0485616ef94777305fe3c1f4581,2025-07-30 11:06:06+00:00,1,False,0,0,0,0,0,False,,False,False,462
githubnext/agentics/workflows/archie.md,githubnext/agentics,workflows/archie.md,ec7d342403c9912c87320110f8822a8fbb817a0c,2026-03-07 18:42:33+00:00,1,False,5,0,5,2,12,True,📊📐🎨✅💡,False,False,828
githubnext/agentics/workflows/archie.md,githubnext/agentics,workflows/archie.md,67b4ef59a6057df03b57083b342de5326a125746,2026-09-08 06:18:18+00:00,2,False,5,0,5,2,12,True,📊📐🎨✅💡,False,False,828
githubnext/agentics/workflows/ask.md,githubnext/agentics,workflows/ask.md,8ce4f8087e340a9c042663e5c6d952f1159c656f,2025-09-16 22:18:20+00:00,1,False,0,0,0,0,0,False,,False,False,168
githubnext/agentics/workflows/audit-trail-manager-agent.md,githubnext/agentics,workflows/audit-trail-manager-agent.md,282b6d6a919a14c6ce2a4b68f9713a5e51b82f3b,2025-07-30 11:06:18+00:00,1,False,0,0,0,0,0,False,,False,False,449
githubnext/agentics/workflows/autoloop.md,githubnext/agentics,workflows/autoloop.md,b0de86aa38b9836e172be84df24815a2d8d19f03,2026-03-17 01:15:39+00:00,1,False,0,0,2,5,7,True,🤖✅❌⚠,False,False,1912
githubnext/agentics/workflows/autoloop.md,githubnext/agentics,workflows/autoloop.md,ee86d0ffcb1705d4ee4146e92125227bf9136aae,2026-03-19 19:37:03+00:00,2,False,0,0,2,5,7,True,🤖✅❌⚠,False,False,2060
githubnext/agentics/workflows/autoloop/programs/example.md,githubnext/agentics,workflows/autoloop/programs/example.md,b0de86aa38b9836e172be84df24815a2d8d19f03,2026-03-17 01:15:39+00:00,1,False,0,0,1,0,1,True,⚠,False,False,566
githubnext/agentics/workflows/build-manager-agent.md,githubnext/agentics,workflows/build-manager-agent.md,2bbf9fdcd6d58d3714581677a2afa401ef2b3671,2025-07-30 11:03:34+00:00,1,False,0,0,0,0,0,False,,False,False,554
githubnext/agentics/workflows/business-analyst.md,githubnext/agentics,workflows/business-analyst.md,9a576eb0ffd9286e527a923a5abc795a65014747,2025-07-30 11:01:37+00:00,1,False,0,0,0,0,0,False,,False,False,397
githubnext/agentics/workflows/ci-coach.md,githubnext/agentics,workflows/ci-coach.md,eb55a4e82cfb763fccd31b17836e904d8334cdf7,2026-02-19 06:06:10+00:00,1,False,0,0,8,0,8,True,❌✅,False,False,804
githubnext/agentics/workflows/ci-coach.md,githubnext/agentics,workflows/ci-coach.md,3a74730dbaddf484a9002a4bf34cd588cace7767,2026-02-20 12:58:47+00:00,2,False,0,0,8,0,8,True,❌✅,False,False,787
githubnext/agentics/workflows/ci-coach.md,githubnext/agentics,workflows/ci-coach.md,4957663821dbb3260348084fa2f1659701950fef,2026-03-23 00:38:53+00:00,3,False,0,0,9,0,9,True,❌✅,False,False,863
githubnext/agentics/workflows/ci-doctor.md,githubnext/agentics,workflows/ci-doctor.md,3dad04b2a1bec536ecfa2b12239e692a83eb0095,2025-08-25 15:29:17+00:00,1,False,0,0,0,1,1,True,🏥,False,False,938
githubnext/agentics/workflows/ci-doctor.md,githubnext/agentics,workflows/ci-doctor.md,fc9600c3b9d4f522b2ade3ca7a80700da5f6c69c,2025-08-25 15:56:08+00:00,2,False,0,0,0,1,1,True,🏥,False,False,967
githubnext/agentics/workflows/ci-doctor.md,githubnext/agentics,workflows/ci-doctor.md,06fd18d30abfe496b31cf548307cfbf6383ae730,2025-08-25 15:59:17+00:00,3,False,0,0,0,1,1,True,🏥,False,False,995
githubnext/agentics/workflows/ci-doctor.md,githubnext/agentics,workflows/ci-doctor.md,42f367152761942e22a3b48b17f57c8cfbe0ed79,2025-08-31 16:30:56+00:00,4,False,0,0,0,1,1,True,🏥,False,False,993
githubnext/agentics/workflows/ci-doctor.md,githubnext/agentics,workflows/ci-doctor.md,6dfbc5802d14e472c6fe56de6c4a0ebc2187a116,2025-09-02 21:21:00+00:00,5,False,0,0,0,1,1,True,🏥,False,False,993
githubnext/agentics/workflows/ci-doctor.md,githubnext/agentics,workflows/ci-doctor.md,ab5c853602725b2ed1000ab1ccf033746628f194,2025-10-02 19:01:20+00:00,6,False,0,0,0,1,1,True,🏥,False,False,991
githubnext/agentics/workflows/ci-doctor.md,githubnext/agentics,workflows/ci-doctor.md,ff5a15f9ea7788a7539badc51ff88e899d576b72,2025-10-03 00:16:15+00:00,7,False,0,0,0,1,1,True,🏥,False,False,989
githubnext/agentics/workflows/ci-doctor.md,githubnext/agentics,workflows/ci-doctor.md,6afdc34917decdb97130473704c3f2f9206ca1f5,2025-10-03 01:47:36+00:00,8,False,0,0,0,1,1,True,🏥,False,False,987
githubnext/agentics/workflows/ci-doctor.md,githubnext/agentics,workflows/ci-doctor.md,c11f94d8744b4d5ec3f2afe8a3c0cca787add16d,2026-01-24 10:49:13+00:00,9,False,0,0,0,1,1,True,🏥,False,False,987
githubnext/agentics/workflows/ci-doctor.md,githubnext/agentics,workflows/ci-doctor.md,d3ff5177d6a49a123cceed203dc271e132a585e4,2026-02-09 22:27:55+00:00,10,False,0,0,0,1,1,True,🏥,False,False,987
githubnext/agentics/workflows/ci-doctor.md,githubnext/agentics,workflows/ci-doctor.md,4957663821dbb3260348084fa2f1659701950fef,2026-03-23 00:38:53+00:00,11,False,0,0,0,1,1,True,🏥,False,False,1090
githubnext/agentics/workflows/ci-doctor.md,githubnext/agentics,workflows/ci-doctor.md,6aede1b80ba5848e58573bb1bf54bbdff2ec7dc0,2026-06-18 14:36:53+00:00,12,False,0,0,0,1,1,True,🏥,False,False,1090
githubnext/agentics/workflows/ci-doctor.md,githubnext/agentics,workflows/ci-doctor.md,578e0e0ea6291fed42a36d3fd46cec6a0e86afd8,2026-08-27 17:44:46+00:00,13,False,0,0,0,0,0,False,,False,False,491
githubnext/agentics/workflows/code-scanning-fixer.md,githubnext/agentics,workflows/code-scanning-fixer.md,70c804ee0353234916eeac158f473f6abc959267,2026-03-17 01:19:29+00:00,1,False,0,0,0,0,0,False,,False,False,860
githubnext/agentics/workflows/code-simplifier.md,githubnext/agentics,workflows/code-simplifier.md,6e25aedbb43fbb2a0f4666917682728a58a9b2b7,2026-02-13 03:25:44+00:00,1,False,0,0,5,6,11,True,✅,False,False,1345
githubnext/agentics/workflows/code-simplifier.md,githubnext/agentics,workflows/code-simplifier.md,7647ef36ccd815ba6fd641c1227d5380b9bbc086,2026-02-20 11:59:02+00:00,2,False,0,0,5,6,11,True,✅,False,False,1315
githubnext/agentics/workflows/code-simplifier.md,githubnext/agentics,workflows/code-simplifier.md,98be3c5cf88361052fd83a0527e249928ec1be24,2026-02-21 00:23:28+00:00,3,False,0,0,5,6,11,True,✅,False,False,1345
githubnext/agentics/workflows/code-simplifier.md,githubnext/agentics,workflows/code-simplifier.md,899b885494293202a03b67147ebf4ff419d08498,2026-06-26 05:31:45+00:00,4,False,0,0,5,6,11,True,✅,False,False,1340
githubnext/agentics/workflows/code-style-enforcer-agent.md,githubnext/agentics,workflows/code-style-enforcer-agent.md,2bbf9fdcd6d58d3714581677a2afa401ef2b3671,2025-07-30 11:03:34+00:00,1,False,0,0,0,0,0,False,,False,False,528
githubnext/agentics/workflows/codebase-gardener-agent.md,githubnext/agentics,workflows/codebase-gardener-agent.md,2bbf9fdcd6d58d3714581677a2afa401ef2b3671,2025-07-30 11:03:34+00:00,1,False,0,0,0,0,0,False,,False,False,477
githubnext/agentics/workflows/communication-liaison.md,githubnext/agentics,workflows/communication-liaison.md,abbad643bb58184ad7e19d4435bb7c995f90494f,2025-07-30 10:58:19+00:00,1,False,0,0,0,0,0,False,,False,False,415
githubnext/agentics/workflows/compatibility-maintainer-agent.md,githubnext/agentics,workflows/compatibility-maintainer-agent.md,2bbf9fdcd6d58d3714581677a2afa401ef2b3671,2025-07-30 11:03:34+00:00,1,False,0,0,0,0,0,False,,False,False,456
githubnext/agentics/workflows/competitive-analyst.md,githubnext/agentics,workflows/competitive-analyst.md,9a576eb0ffd9286e527a923a5abc795a65014747,2025-07-30 11:01:37+00:00,1,False,0,0,0,0,0,False,,False,False,686
githubnext/agentics/workflows/compliance-officer-agent.md,githubnext/agentics,workflows/compliance-officer-agent.md,5cf028da1d8f467af53b3521111f4bdb122d1712,2025-07-30 11:02:42+00:00,1,False,0,0,0,0,0,False,,False,False,424
githubnext/agentics/workflows/configuration-monitor-agent.md,githubnext/agentics,workflows/configuration-monitor-agent.md,9ffa12caab49d0485616ef94777305fe3c1f4581,2025-07-30 11:06:06+00:00,1,False,0,0,0,0,0,False,,False,False,488
githubnext/agentics/workflows/context-provider.md,githubnext/agentics,workflows/context-provider.md,8405f866d4c0156a61f743989725315f57de9c8f,2025-07-30 11:07:44+00:00,1,False,0,0,0,0,0,False,,False,False,613
githubnext/agentics/workflows/contribution-check.md,githubnext/agentics,workflows/contribution-check.md,b5a984dc86cca89e05c23f9f157117642aed6f22,2026-02-17 04:46:00+00:00,1,False,3,0,6,4,13,True,✅⏭🔍❓🟢🟡⚠🔴✨,False,True,915
githubnext/agentics/workflows/contribution-check.md,githubnext/agentics,workflows/contribution-check.md,42d5a50bca89dfba883981429036469ab90a4758,2026-02-18 17:44:33+00:00,2,False,0,0,6,4,10,True,❓🟢🟡⚠🔴✨,False,True,1042
githubnext/agentics/workflows/contribution-check.md,githubnext/agentics,workflows/contribution-check.md,aacd04cc82ac4f0438e4e34a7bc9ac2a28e59220,2026-02-24 03:48:05+00:00,3,False,0,0,6,4,10,True,❓🟢🟡⚠🔴✨,False,True,1042
githubnext/agentics/workflows/contribution-guidelines-checker.md,githubnext/agentics,workflows/contribution-guidelines-checker.md,ce666569727b3b361b87c801927c6081733ee1aa,2026-02-09 13:23:00+00:00,1,False,0,0,0,0,0,False,,False,False,399
githubnext/agentics/workflows/contribution-guidelines-checker.md,githubnext/agentics,workflows/contribution-guidelines-checker.md,6035e2b45ff968b3ccc1945a0858d98bf87826e5,2026-02-19 06:02:06+00:00,2,False,0,0,0,0,0,False,,False,False,399
githubnext/agentics/workflows/cost-tracker.md,githubnext/agentics,workflows/cost-tracker.md,e8a4d8a2217966474ef08cedff70c92d65a7a1a5,2026-05-01 16:13:42+00:00,1,False,0,0,0,0,0,False,,False,False,750
githubnext/agentics/workflows/cost-tracker.md,githubnext/agentics,workflows/cost-tracker.md,a2f2c6e6c0377eb913939efc7879cbac3d6c23a4,2026-05-05 14:56:56+00:00,2,False,0,0,0,0,0,False,,False,False,735
githubnext/agentics/workflows/cost-tracker.md,githubnext/agentics,workflows/cost-tracker.md,6aede1b80ba5848e58573bb1bf54bbdff2ec7dc0,2026-06-18 14:36:53+00:00,3,False,0,0,0,0,0,False,,False,False,735
githubnext/agentics/workflows/cost-tracker.md,githubnext/agentics,workflows/cost-tracker.md,5f0a9fcdecf5e7b53d1a6c82a31e7275fbcb19ac,2026-10-02 05:41:24+00:00,4,False,0,0,0,0,0,False,,False,False,735
githubnext/agentics/workflows/coverage-analyst-agent.md,githubnext/agentics,workflows/coverage-analyst-agent.md,dd76f0689bab6dae6998fc0d6e69b810e141320c,2025-07-30 11:03:06+00:00,1,False,0,0,0,0,0,False,,False,False,604
githubnext/agentics/workflows/daily-accessibility-review.md,githubnext/agentics,workflows/daily-accessibility-review.md,7e4d9d30235535509823415c0559e20b9085d125,2025-08-11 00:40:01+00:00,1,False,0,0,0,0,0,False,,False,False,172
githubnext/agentics/workflows/daily-accessibility-review.md,githubnext/agentics,workflows/daily-accessibility-review.md,e6dab1f351f9b6a15cb1857512147722e1ea46a3,2025-08-14 23:31:55+00:00,2,False,0,0,0,0,0,False,,False,False,390
githubnext/agentics/workflows/daily-accessibility-review.md,githubnext/agentics,workflows/daily-accessibility-review.md,d085d1a08021014fe4ea74a637761c5e0434ab01,2025-08-15 16:15:24+00:00,3,False,0,0,0,0,0,False,,False,False,392
githubnext/agentics/workflows/daily-accessibility-review.md,githubnext/agentics,workflows/daily-accessibility-review.md,42f367152761942e22a3b48b17f57c8cfbe0ed79,2025-08-31 16:30:56+00:00,4,False,0,0,0,0,0,False,,False,False,390
githubnext/agentics/workflows/daily-accessibility-review.md,githubnext/agentics,workflows/daily-accessibility-review.md,ab5c853602725b2ed1000ab1ccf033746628f194,2025-10-02 19:01:20+00:00,5,False,0,0,0,0,0,False,,False,False,388
githubnext/agentics/workflows/daily-accessibility-review.md,githubnext/agentics,workflows/daily-accessibility-review.md,ff5a15f9ea7788a7539badc51ff88e899d576b72,2025-10-03 00:16:15+00:00,6,False,0,0,0,0,0,False,,False,False,386
githubnext/agentics/workflows/daily-accessibility-review.md,githubnext/agentics,workflows/daily-accessibility-review.md,6afdc34917decdb97130473704c3f2f9206ca1f5,2025-10-03 01:47:36+00:00,7,False,0,0,0,0,0,False,,False,False,384
githubnext/agentics/workflows/daily-accessibility-review.md,githubnext/agentics,workflows/daily-accessibility-review.md,e2770974a7eaccb58ddafd5606c38a05ba52c631,2025-10-10 19:52:11+00:00,8,False,0,0,0,0,0,False,,False,False,384
githubnext/agentics/workflows/daily-accessibility-review.md,githubnext/agentics,workflows/daily-accessibility-review.md,ddae9d4feaac4bc8cc3f11e688f5316465a857f9,2026-02-03 00:31:39+00:00,9,False,0,0,0,0,0,False,,False,False,384
githubnext/agentics/workflows/daily-backlog-burner.md,githubnext/agentics,workflows/daily-backlog-burner.md,4a67f1519233f30fc3d7a24f15806eefceb61147,2025-09-17 01:19:48+00:00,1,False,0,0,0,0,0,False,,False,False,910
githubnext/agentics/workflows/daily-backlog-burner.md,githubnext/agentics,workflows/daily-backlog-burner.md,83c9100c930720ba0ccf90dee141692b7c67a882,2025-09-17 09:59:32+00:00,2,False,0,0,0,0,0,False,,False,False,901
githubnext/agentics/workflows/daily-backlog-burner.md,githubnext/agentics,workflows/daily-backlog-burner.md,ab5c853602725b2ed1000ab1ccf033746628f194,2025-10-02 19:01:20+00:00,3,False,0,0,0,0,0,False,,False,False,895
githubnext/agentics/workflows/daily-backlog-burner.md,githubnext/agentics,workflows/daily-backlog-burner.md,ff5a15f9ea7788a7539badc51ff88e899d576b72,2025-10-03 00:16:15+00:00,4,False,0,0,0,0,0,False,,False,False,893
githubnext/agentics/workflows/daily-backlog-burner.md,githubnext/agentics,workflows/daily-backlog-burner.md,6afdc34917decdb97130473704c3f2f9206ca1f5,2025-10-03 01:47:36+00:00,5,False,0,0,0,0,0,False,,False,False,891
githubnext/agentics/workflows/daily-backlog-burner.md,githubnext/agentics,workflows/daily-backlog-burner.md,ddd497457c64b021c3f5b1bed38325ce9e8862b0,2025-10-06 16:43:50+00:00,6,False,0,0,0,0,0,False,,False,False,880
githubnext/agentics/workflows/daily-backlog-burner.md,githubnext/agentics,workflows/daily-backlog-burner.md,e8e20aa163d56af33e7bd8dac4cbc70821a4a745,2025-10-10 18:59:32+00:00,7,False,0,0,0,0,0,False,,False,False,880
githubnext/agentics/workflows/daily-backlog-burner.md,githubnext/agentics,workflows/daily-backlog-burner.md,e2770974a7eaccb58ddafd5606c38a05ba52c631,2025-10-10 19:52:11+00:00,8,False,0,0,0,0,0,False,,False,False,857
githubnext/agentics/workflows/daily-backlog-burner.md,githubnext/agentics,workflows/daily-backlog-burner.md,8c0f92d1818cc6fdc84a36d5935aa4568f14dfc6,2025-10-11 18:49:32+00:00,9,False,0,0,0,0,0,False,,False,False,857
githubnext/agentics/workflows/daily-backlog-burner.md,githubnext/agentics,workflows/daily-backlog-burner.md,eb489a0b6cb3bd7c7f94d5d3362237641c22cd31,2025-10-11 18:52:59+00:00,10,False,0,0,0,0,0,False,,False,False,845
githubnext/agentics/workflows/daily-backlog-burner.md,githubnext/agentics,workflows/daily-backlog-burner.md,fedb218f36641dcb301c812149aeb94907f777f9,2025-10-12 13:26:32+00:00,11,False,0,0,0,0,0,False,,False,False,857
githubnext/agentics/workflows/daily-backlog-burner.md,githubnext/agentics,workflows/daily-backlog-burner.md,48413acd2e8b7857b2a0ff9d17bc0d0bb1848427,2025-11-15 01:01:56+00:00,12,False,0,0,0,0,0,False,,False,False,986
githubnext/agentics/workflows/daily-backlog-burner.md,githubnext/agentics,workflows/daily-backlog-burner.md,c11f94d8744b4d5ec3f2afe8a3c0cca787add16d,2026-01-24 10:49:13+00:00,13,False,0,0,0,0,0,False,,False,False,986
githubnext/agentics/workflows/daily-backlog-burner.md,githubnext/agentics,workflows/daily-backlog-burner.md,047310bb37b271eda9fe363763c4b698d63980f2,2026-02-22 06:44:15+00:00,14,False,0,0,0,0,0,False,,False,False,1139
githubnext/agentics/workflows/daily-backlog-burner.md,githubnext/agentics,workflows/daily-backlog-burner.md,2f03fdaafb8c1ae62dfde7e0be762a822a201aeb,2026-02-23 19:47:18+00:00,15,False,0,0,0,0,0,False,,False,False,986
githubnext/agentics/workflows/daily-backlog.md,githubnext/agentics,workflows/daily-backlog.md,27d1414267761afee1505823c3160c102637aa77,2025-09-17 01:02:15+00:00,1,False,0,0,0,0,0,False,,False,False,744
githubnext/agentics/workflows/daily-backlog.md,githubnext/agentics,workflows/daily-backlog.md,4a4983611a5adc3c1a3131264a6f32c2870c5cfe,2025-09-17 01:18:42+00:00,2,False,0,0,0,0,0,False,,False,False,910
githubnext/agentics/workflows/daily-dependency-updates.md,githubnext/agentics,workflows/daily-dependency-updates.md,6631cad64db5fe8e80fb307d045af948340ef361,2025-07-31 15:45:45+00:00,1,False,0,0,0,0,0,False,,False,False,274
githubnext/agentics/workflows/daily-dependency-updates.md,githubnext/agentics,workflows/daily-dependency-updates.md,10587bfb0168f8bac9e2baec8d144f1c147cfcf0,2025-07-31 18:08:18+00:00,2,False,0,0,0,0,0,False,,False,False,276
githubnext/agentics/workflows/daily-dependency-updates.md,githubnext/agentics,workflows/daily-dependency-updates.md,91efef7a6296b18637116b4215ee746151acaafb,2025-08-01 16:01:42+00:00,3,False,0,0,0,0,0,False,,False,False,307
githubnext/agentics/workflows/daily-dependency-updates.md,githubnext/agentics,workflows/daily-dependency-updates.md,eeaac18c61d943e13cf2367c8689a892486f2869,2025-08-02 01:16:27+00:00,4,False,0,0,0,0,0,False,,False,False,307
githubnext/agentics/workflows/daily-dependency-updates.md,githubnext/agentics,workflows/daily-dependency-updates.md,a371b734efabc3c2ff136fb05f03f0b868ee2f0e,2025-08-12 19:49:30+00:00,5,False,0,0,0,0,0,False,,False,False,303
githubnext/agentics/workflows/daily-dependency-updates.md,githubnext/agentics,workflows/daily-dependency-updates.md,9c20bd34ca554d3226d956780caddfcbb88c72a1,2025-08-12 19:58:02+00:00,6,False,0,0,0,0,0,False,,False,False,303
githubnext/agentics/workflows/daily-dependency-updates.md,githubnext/agentics,workflows/daily-dependency-updates.md,3bc8d8ebe620a132ee91bbf126cc253c865c2b69,2025-08-13 20:44:24+00:00,7,False,0,0,0,0,0,False,,False,False,303
githubnext/agentics/workflows/daily-dependency-updates.md,githubnext/agentics,workflows/daily-dependency-updates.md,0125b7683216c4123cb803621a01b54492c49c84,2025-08-23 14:14:13+00:00,8,False,0,0,0,0,0,False,,False,False,333
githubnext/agentics/workflows/daily-dependency-updates.md,githubnext/agentics,workflows/daily-dependency-updates.md,00f09e47b058e9767bb2e8ca0d17e2a41f135ec6,2025-08-23 14:37:59+00:00,9,False,0,0,0,0,0,False,,False,False,303
githubnext/agentics/workflows/daily-dependency-updates.md,githubnext/agentics,workflows/daily-dependency-updates.md,fafe3bec1ef628096ac34cb8e0dbc99f96341f67,2025-08-25 22:36:48+00:00,10,False,0,0,0,0,0,False,,False,False,308
githubnext/agentics/workflows/daily-dependency-updates.md,githubnext/agentics,workflows/daily-dependency-updates.md,68143d2f2ec0621b4a3b1b537aa3ae3656831678,2025-08-25 23:07:08+00:00,11,False,0,0,0,0,0,False,,False,False,309
githubnext/agentics/workflows/daily-dependency-updates.md,githubnext/agentics,workflows/daily-dependency-updates.md,c0d2dfc74e69254c64924003dcf6b14cdb67e28e,2025-08-26 19:37:57+00:00,12,False,0,0,0,0,0,False,,False,False,303
githubnext/agentics/workflows/daily-dependency-updates.md,githubnext/agentics,workflows/daily-dependency-updates.md,42f367152761942e22a3b48b17f57c8cfbe0ed79,2025-08-31 16:30:56+00:00,13,False,0,0,0,0,0,False,,False,False,301
githubnext/agentics/workflows/daily-dependency-updates.md,githubnext/agentics,workflows/daily-dependency-updates.md,776c61d12ae61942726673cffb9b8b667193d76b,2025-09-01 12:06:54+00:00,14,False,0,0,0,0,0,False,,False,False,269
githubnext/agentics/workflows/daily-dependency-updates.md,githubnext/agentics,workflows/daily-dependency-updates.md,5f9f082f28084fcbd3ca2add3468f99bb2a3ab2d,2025-09-03 01:23:58+00:00,15,False,0,0,0,0,0,False,,False,False,231
githubnext/agentics/workflows/daily-dependency-updates.md,githubnext/agentics,workflows/daily-dependency-updates.md,e755e200c12b0ddebb3e89588d77710a249abde5,2025-09-04 03:07:01+00:00,16,False,0,0,0,0,0,False,,False,False,229
githubnext/agentics/workflows/daily-dependency-updates.md,githubnext/agentics,workflows/daily-dependency-updates.md,ab5c853602725b2ed1000ab1ccf033746628f194,2025-10-02 19:01:20+00:00,17,False,0,0,0,0,0,False,,False,False,223
githubnext/agentics/workflows/daily-dependency-updates.md,githubnext/agentics,workflows/daily-dependency-updates.md,ff5a15f9ea7788a7539badc51ff88e899d576b72,2025-10-03 00:16:15+00:00,18,False,0,0,0,0,0,False,,False,False,221
githubnext/agentics/workflows/daily-dependency-updates.md,githubnext/agentics,workflows/daily-dependency-updates.md,6afdc34917decdb97130473704c3f2f9206ca1f5,2025-10-03 01:47:36+00:00,19,False,0,0,0,0,0,False,,False,False,219
githubnext/agentics/workflows/daily-dependency-updates.md,githubnext/agentics,workflows/daily-dependency-updates.md,ddd497457c64b021c3f5b1bed38325ce9e8862b0,2025-10-06 16:43:50+00:00,20,False,0,0,0,0,0,False,,False,False,208
githubnext/agentics/workflows/daily-dependency-updates.md,githubnext/agentics,workflows/daily-dependency-updates.md,e8e20aa163d56af33e7bd8dac4cbc70821a4a745,2025-10-10 18:59:32+00:00,21,False,0,0,0,0,0,False,,False,False,208
githubnext/agentics/workflows/daily-dependency-updates.md,githubnext/agentics,workflows/daily-dependency-updates.md,e2770974a7eaccb58ddafd5606c38a05ba52c631,2025-10-10 19:52:11+00:00,22,False,0,0,0,0,0,False,,False,False,208
githubnext/agentics/workflows/daily-dependency-updates.md,githubnext/agentics,workflows/daily-dependency-updates.md,eb489a0b6cb3bd7c7f94d5d3362237641c22cd31,2025-10-11 18:52:59+00:00,23,False,0,0,0,0,0,False,,False,False,196
githubnext/agentics/workflows/daily-doc-updater.md,githubnext/agentics,workflows/daily-doc-updater.md,d10d12c3bfd79ae6baa99194e1c41de17ad0b8e6,2026-02-16 20:21:36+00:00,1,False,0,0,0,0,0,False,,False,False,827
githubnext/agentics/workflows/daily-efficiency-improver.md,githubnext/agentics,workflows/daily-efficiency-improver.md,11c9a2c442e519ff2b427bf58679f5a525353f76,2026-04-13 20:42:58+00:00,1,False,0,0,10,0,10,True,🤖🔍🔧💬📊🌱🔄,False,False,2985
githubnext/agentics/workflows/daily-file-diet.md,githubnext/agentics,workflows/daily-file-diet.md,b87234850bf9664d198f28a02df0f937d0447295,2026-02-24 17:56:56+00:00,1,False,0,1,0,1,2,True,🏋✅,False,False,779
githubnext/agentics/workflows/daily-file-diet.md,githubnext/agentics,workflows/daily-file-diet.md,fed4a494d205a0611f2045d4488a1fe13956ba25,2026-03-19 00:46:06+00:00,2,False,0,1,0,1,2,True,🏋✅,False,False,736
githubnext/agentics/workflows/daily-file-diet.md,githubnext/agentics,workflows/daily-file-diet.md,1591361a690358c7b85d8b759f3121fc33840113,2026-03-19 03:06:45+00:00,3,False,0,1,0,1,2,True,🏋✅,False,False,779
githubnext/agentics/workflows/daily-issue-triage.md,githubnext/agentics,workflows/daily-issue-triage.md,d7c1dc4b72b00607a67caaffdcc216cb64379cf9,2026-05-29 16:23:59+00:00,1,False,0,0,1,4,5,True,🎯📊🔗💡,False,False,896
githubnext/agentics/workflows/daily-malicious-code-scan.md,githubnext/agentics,workflows/daily-malicious-code-scan.md,6e3afce4db3e30c6d8e7201c37ea1efb130f6427,2026-02-21 03:44:06+00:00,1,False,0,0,10,0,10,True,✅,False,False,1380
githubnext/agentics/workflows/daily-malicious-code-scan.md,githubnext/agentics,workflows/daily-malicious-code-scan.md,aacd04cc82ac4f0438e4e34a7bc9ac2a28e59220,2026-02-24 03:48:05+00:00,2,False,0,0,10,0,10,True,✅,False,False,1380
githubnext/agentics/workflows/daily-multi-device-docs-tester.md,githubnext/agentics,workflows/daily-multi-device-docs-tester.md,d7317c7a60bd542d2158308044748d30e18d265e,2026-03-03 23:40:47+00:00,1,False,0,0,5,3,8,True,📱🔴🟡🟢,False,False,890
githubnext/agentics/workflows/daily-multi-device-docs-tester.md,githubnext/agentics,workflows/daily-multi-device-docs-tester.md,6b96e5c28f962ba409ca68ae8abb4603a4e986eb,2026-03-03 23:53:04+00:00,2,False,0,0,5,3,8,True,📱🔴🟡🟢,False,False,857
githubnext/agentics/workflows/daily-perf-improver.md,githubnext/agentics,workflows/daily-perf-improver.md,0125b7683216c4123cb803621a01b54492c49c84,2025-08-23 14:14:13+00:00,1,False,0,0,0,0,0,False,,False,False,1005
githubnext/agentics/workflows/daily-perf-improver.md,githubnext/agentics,workflows/daily-perf-improver.md,9dad8c5e9bdc278a99358434c7d4e4454607242a,2025-08-23 23:02:01+00:00,2,False,0,0,0,0,0,False,,False,False,1124
githubnext/agentics/workflows/daily-perf-improver.md,githubnext/agentics,workflows/daily-perf-improver.md,c0c9c8b5079876a358c357fb09c00757d736f7e8,2025-08-23 23:20:00+00:00,3,False,0,0,0,0,0,False,,False,False,1150
githubnext/agentics/workflows/daily-perf-improver.md,githubnext/agentics,workflows/daily-perf-improver.md,96650dae52d0cb4bf49ef7ea31f1eeea3a98cd57,2025-08-23 23:35:31+00:00,4,False,0,0,0,0,0,False,,False,False,1215
githubnext/agentics/workflows/daily-perf-improver.md,githubnext/agentics,workflows/daily-perf-improver.md,3e04c35d1121dad02d7b967ebecd05df1e69b526,2025-08-23 23:41:00+00:00,5,False,0,0,0,0,0,False,,False,False,1225
githubnext/agentics/workflows/daily-perf-improver.md,githubnext/agentics,workflows/daily-perf-improver.md,abbd1fd9d71fe22102f8b0e87d71243347a1a55f,2025-08-23 23:56:36+00:00,6,False,0,0,0,0,0,False,,False,False,1235
githubnext/agentics/workflows/daily-perf-improver.md,githubnext/agentics,workflows/daily-perf-improver.md,f0d83ed411cef18faed527aa44ccb7f375b344bd,2025-08-25 11:06:58+00:00,7,False,0,0,0,0,0,False,,False,False,1375
githubnext/agentics/workflows/daily-perf-improver.md,githubnext/agentics,workflows/daily-perf-improver.md,d0c6eb78286269e614efecbb9bd3a235525c3cad,2025-08-25 13:33:24+00:00,8,False,0,0,0,0,0,False,,False,False,1347
githubnext/agentics/workflows/daily-perf-improver.md,githubnext/agentics,workflows/daily-perf-improver.md,c9fd3a06556c9462a404e57eed82efafcddedb14,2025-08-25 14:39:16+00:00,9,False,0,0,0,0,0,False,,False,False,1491
githubnext/agentics/workflows/daily-perf-improver.md,githubnext/agentics,workflows/daily-perf-improver.md,488b924f722a4554d45145821b2ef092221417f9,2025-08-25 16:42:01+00:00,10,False,0,0,0,0,0,False,,False,False,1505
githubnext/agentics/workflows/daily-perf-improver.md,githubnext/agentics,workflows/daily-perf-improver.md,fafe3bec1ef628096ac34cb8e0dbc99f96341f67,2025-08-25 22:36:48+00:00,11,False,0,0,0,0,0,False,,False,False,1529
githubnext/agentics/workflows/daily-perf-improver.md,githubnext/agentics,workflows/daily-perf-improver.md,68143d2f2ec0621b4a3b1b537aa3ae3656831678,2025-08-25 23:07:08+00:00,12,False,0,0,0,0,0,False,,False,False,1592
githubnext/agentics/workflows/daily-perf-improver.md,githubnext/agentics,workflows/daily-perf-improver.md,99ff98358e1e041aa3427b97ca8913947a08d349,2025-08-26 19:26:32+00:00,13,False,0,0,0,0,0,False,,False,False,1592
githubnext/agentics/workflows/daily-perf-improver.md,githubnext/agentics,workflows/daily-perf-improver.md,c0d2dfc74e69254c64924003dcf6b14cdb67e28e,2025-08-26 19:37:57+00:00,14,False,0,0,0,0,0,False,,False,False,1586
githubnext/agentics/workflows/daily-perf-improver.md,githubnext/agentics,workflows/daily-perf-improver.md,22a926ca0846737cd2d3bb364859f32c54420e0f,2025-08-26 20:00:31+00:00,15,False,0,0,0,0,0,False,,False,False,1637
githubnext/agentics/workflows/daily-perf-improver.md,githubnext/agentics,workflows/daily-perf-improver.md,f0c38864325917ff7c033ca93409378f8c8e4792,2025-08-30 17:40:34+00:00,16,False,0,0,0,0,0,False,,False,False,1665
githubnext/agentics/workflows/daily-perf-improver.md,githubnext/agentics,workflows/daily-perf-improver.md,42f367152761942e22a3b48b17f57c8cfbe0ed79,2025-08-31 16:30:56+00:00,17,False,0,0,0,0,0,False,,False,False,1663
githubnext/agentics/workflows/daily-perf-improver.md,githubnext/agentics,workflows/daily-perf-improver.md,ff73c3e32676267b8cb629f3242c10641c2ab89e,2025-08-31 16:50:41+00:00,18,False,0,0,0,0,0,False,,False,False,1721
githubnext/agentics/workflows/daily-perf-improver.md,githubnext/agentics,workflows/daily-perf-improver.md,ebc08ba9255691b86f2d9301402d876ebb2926af,2025-08-31 21:31:49+00:00,19,False,0,0,0,0,0,False,,False,False,1822
githubnext/agentics/workflows/daily-perf-improver.md,githubnext/agentics,workflows/daily-perf-improver.md,94c10826abe36f84c44a108232e97e0e3517d868,2025-08-31 21:58:04+00:00,20,False,0,0,0,0,0,False,,False,False,1835
githubnext/agentics/workflows/daily-perf-improver.md,githubnext/agentics,workflows/daily-perf-improver.md,776c61d12ae61942726673cffb9b8b667193d76b,2025-09-01 12:06:54+00:00,21,False,0,0,0,0,0,False,,False,False,1798
githubnext/agentics/workflows/daily-perf-improver.md,githubnext/agentics,workflows/daily-perf-improver.md,d4cc5ec11fbfe47e84a530d31c8db2cd3ea459b3,2025-09-02 22:38:40+00:00,22,False,0,0,0,0,0,False,,False,False,1747
githubnext/agentics/workflows/daily-perf-improver.md,githubnext/agentics,workflows/daily-perf-improver.md,5f9f082f28084fcbd3ca2add3468f99bb2a3ab2d,2025-09-03 01:23:58+00:00,23,False,0,0,0,0,0,False,,False,False,1750
githubnext/agentics/workflows/daily-perf-improver.md,githubnext/agentics,workflows/daily-perf-improver.md,7b6c83199d231dd6c16974f7994bb578b5c39855,2025-09-04 02:58:48+00:00,24,False,0,0,0,0,0,False,,False,False,1750
githubnext/agentics/workflows/daily-perf-improver.md,githubnext/agentics,workflows/daily-perf-improver.md,e755e200c12b0ddebb3e89588d77710a249abde5,2025-09-04 03:07:01+00:00,25,False,0,0,0,0,0,False,,False,False,1748
githubnext/agentics/workflows/daily-perf-improver.md,githubnext/agentics,workflows/daily-perf-improver.md,29ac4f36565e71c13c80765421586d46a3b7eb3c,2025-09-09 23:04:43+00:00,26,False,0,0,0,0,0,False,,False,False,1743
githubnext/agentics/workflows/daily-perf-improver.md,githubnext/agentics,workflows/daily-perf-improver.md,4e975c46f36253e251e92249d72d1e7b602f8f85,2025-09-09 23:25:24+00:00,27,False,0,0,0,0,0,False,,False,False,1821
githubnext/agentics/workflows/daily-perf-improver.md,githubnext/agentics,workflows/daily-perf-improver.md,a3f39024ff5ba5f4de3e43d8a5bfb2b3618faf1b,2025-09-09 23:42:55+00:00,28,False,0,0,0,0,0,False,,False,False,1874
githubnext/agentics/workflows/daily-perf-improver.md,githubnext/agentics,workflows/daily-perf-improver.md,a084ee2bf328bd327602c3c3c8d5f7742bbe274d,2025-09-09 23:52:12+00:00,29,False,0,0,0,0,0,False,,False,False,1866
githubnext/agentics/workflows/daily-perf-improver.md,githubnext/agentics,workflows/daily-perf-improver.md,3699bc9d39fa200bfbb652cdffe48a376532bbe6,2025-09-09 23:53:48+00:00,30,False,0,0,0,0,0,False,,False,False,1847
githubnext/agentics/workflows/daily-perf-improver.md,githubnext/agentics,workflows/daily-perf-improver.md,0008c6666ab978726da06b24a1064e03f076ee41,2025-09-16 12:09:41+00:00,31,False,0,0,0,0,0,False,,False,False,1846
githubnext/agentics/workflows/daily-perf-improver.md,githubnext/agentics,workflows/daily-perf-improver.md,600145940a960cc9d5518f12d84dfd58bb726c7c,2025-09-16 22:05:27+00:00,32,False,0,0,0,0,0,False,,False,False,1927
githubnext/agentics/workflows/daily-perf-improver.md,githubnext/agentics,workflows/daily-perf-improver.md,27d1414267761afee1505823c3160c102637aa77,2025-09-17 01:02:15+00:00,33,False,0,0,0,0,0,False,,False,False,1929
githubnext/agentics/workflows/daily-perf-improver.md,githubnext/agentics,workflows/daily-perf-improver.md,83c9100c930720ba0ccf90dee141692b7c67a882,2025-09-17 09:59:32+00:00,34,False,0,0,0,0,0,False,,False,False,1811
githubnext/agentics/workflows/daily-perf-improver.md,githubnext/agentics,workflows/daily-perf-improver.md,ab5c853602725b2ed1000ab1ccf033746628f194,2025-10-02 19:01:20+00:00,35,False,0,0,0,0,0,False,,False,False,1805
githubnext/agentics/workflows/daily-perf-improver.md,githubnext/agentics,workflows/daily-perf-improver.md,ff5a15f9ea7788a7539badc51ff88e899d576b72,2025-10-03 00:16:15+00:00,36,False,0,0,0,0,0,False,,False,False,1803
githubnext/agentics/workflows/daily-perf-improver.md,githubnext/agentics,workflows/daily-perf-improver.md,6afdc34917decdb97130473704c3f2f9206ca1f5,2025-10-03 01:47:36+00:00,37,False,0,0,0,0,0,False,,False,False,1801
githubnext/agentics/workflows/daily-perf-improver.md,githubnext/agentics,workflows/daily-perf-improver.md,ddd497457c64b021c3f5b1bed38325ce9e8862b0,2025-10-06 16:43:50+00:00,38,False,0,0,0,0,0,False,,False,False,1790
githubnext/agentics/workflows/daily-perf-improver.md,githubnext/agentics,workflows/daily-perf-improver.md,e8e20aa163d56af33e7bd8dac4cbc70821a4a745,2025-10-10 18:59:32+00:00,39,False,0,0,0,0,0,False,,False,False,1790
githubnext/agentics/workflows/daily-perf-improver.md,githubnext/agentics,workflows/daily-perf-improver.md,e2770974a7eaccb58ddafd5606c38a05ba52c631,2025-10-10 19:52:11+00:00,40,False,0,0,0,0,0,False,,False,False,1767
githubnext/agentics/workflows/daily-perf-improver.md,githubnext/agentics,workflows/daily-perf-improver.md,8c0f92d1818cc6fdc84a36d5935aa4568f14dfc6,2025-10-11 18:49:32+00:00,41,False,0,0,0,0,0,False,,False,False,1767
githubnext/agentics/workflows/daily-perf-improver.md,githubnext/agentics,workflows/daily-perf-improver.md,eb489a0b6cb3bd7c7f94d5d3362237641c22cd31,2025-10-11 18:52:59+00:00,42,False,0,0,0,0,0,False,,False,False,1755
githubnext/agentics/workflows/daily-perf-improver.md,githubnext/agentics,workflows/daily-perf-improver.md,fedb218f36641dcb301c812149aeb94907f777f9,2025-10-12 13:26:32+00:00,43,False,0,0,0,0,0,False,,False,False,1767
githubnext/agentics/workflows/daily-perf-improver.md,githubnext/agentics,workflows/daily-perf-improver.md,507c3319cc34d91e31de67b25509d21f6cc0c0ae,2025-10-14 22:38:43+00:00,44,False,0,0,0,0,0,False,,False,False,1035
githubnext/agentics/workflows/daily-perf-improver.md,githubnext/agentics,workflows/daily-perf-improver.md,2fafbd9ad538f48fb0217ccfce3e73d6cb65104b,2025-10-15 01:04:12+00:00,45,False,0,0,0,0,0,False,,False,False,1047
githubnext/agentics/workflows/daily-perf-improver.md,githubnext/agentics,workflows/daily-perf-improver.md,603d24639d667e02ff6230f27db3246cbee0542d,2025-10-15 01:23:47+00:00,46,False,0,0,0,0,0,False,,False,False,1154
githubnext/agentics/workflows/daily-perf-improver.md,githubnext/agentics,workflows/daily-perf-improver.md,4fbe16e31ffcb5018c78a4de62b10c052825a4b5,2025-10-15 17:28:19+00:00,47,False,0,0,0,0,0,False,,False,False,1171
githubnext/agentics/workflows/daily-perf-improver.md,githubnext/agentics,workflows/daily-perf-improver.md,86cab46a45a6155984d70327e3ec452e7f7ae2b5,2025-10-24 18:09:06+00:00,48,False,0,0,0,0,0,False,,False,False,1209
githubnext/agentics/workflows/daily-perf-improver.md,githubnext/agentics,workflows/daily-perf-improver.md,0837fb7b24c3b84ee77fb7c8cfa8735c48be347a,2025-10-24 23:06:57+00:00,49,False,0,0,0,0,0,False,,False,False,1228
githubnext/agentics/workflows/daily-perf-improver.md,githubnext/agentics,workflows/daily-perf-improver.md,48413acd2e8b7857b2a0ff9d17bc0d0bb1848427,2025-11-15 01:01:56+00:00,50,False,0,0,0,0,0,False,,False,False,1508
githubnext/agentics/workflows/daily-perf-improver.md,githubnext/agentics,workflows/daily-perf-improver.md,b770edc74653770a2afd3c164383c98246cd9c4a,2026-01-13 15:41:00+00:00,51,False,0,0,0,0,0,False,,False,False,1520
githubnext/agentics/workflows/daily-perf-improver.md,githubnext/agentics,workflows/daily-perf-improver.md,c11f94d8744b4d5ec3f2afe8a3c0cca787add16d,2026-01-24 10:49:13+00:00,52,False,0,0,0,0,0,False,,False,False,1520
githubnext/agentics/workflows/daily-perf-improver.md,githubnext/agentics,workflows/daily-perf-improver.md,6e25aedbb43fbb2a0f4666917682728a58a9b2b7,2026-02-13 03:25:44+00:00,53,False,0,0,0,0,0,False,,False,False,1520
githubnext/agentics/workflows/daily-perf-improver.md,githubnext/agentics,workflows/daily-perf-improver.md,5dab7fde62c6627250587b0a7c3a2f8dce816358,2026-02-17 12:52:39+00:00,54,False,0,0,0,0,0,False,,False,False,1520
githubnext/agentics/workflows/daily-perf-improver.md,githubnext/agentics,workflows/daily-perf-improver.md,047310bb37b271eda9fe363763c4b698d63980f2,2026-02-22 06:44:15+00:00,55,False,0,0,0,0,0,False,,False,False,1650
githubnext/agentics/workflows/daily-perf-improver.md,githubnext/agentics,workflows/daily-perf-improver.md,2f03fdaafb8c1ae62dfde7e0be762a822a201aeb,2026-02-23 19:47:18+00:00,56,False,0,0,0,0,0,False,,False,False,1520
githubnext/agentics/workflows/daily-perf-improver.md,githubnext/agentics,workflows/daily-perf-improver.md,aacd04cc82ac4f0438e4e34a7bc9ac2a28e59220,2026-02-24 03:48:05+00:00,57,False,0,0,0,0,0,False,,False,False,1409
githubnext/agentics/workflows/daily-perf-improver.md,githubnext/agentics,workflows/daily-perf-improver.md,b0e9cfd3a20372ce7fe0462bb7bbca2272df4a88,2026-02-24 04:16:22+00:00,58,False,0,0,9,0,9,True,🤖🔍🔧💬📊🔄,False,False,2292
githubnext/agentics/workflows/daily-perf-improver.md,githubnext/agentics,workflows/daily-perf-improver.md,d975fee907421105562226072b27345545862e92,2026-03-07 18:15:29+00:00,59,False,0,0,9,0,9,True,🤖🔍🔧💬📊🔄,False,False,2306
githubnext/agentics/workflows/daily-perf-improver.md,githubnext/agentics,workflows/daily-perf-improver.md,398f7d95ef5bd2329e422df142569a8833f91a1f,2026-03-08 02:28:41+00:00,60,False,0,0,9,0,9,True,🤖🔍🔧💬📊🔄,False,False,2294
githubnext/agentics/workflows/daily-plan.md,githubnext/agentics,workflows/daily-plan.md,6631cad64db5fe8e80fb307d045af948340ef361,2025-07-31 15:45:45+00:00,1,False,0,0,0,0,0,False,,False,False,463
githubnext/agentics/workflows/daily-plan.md,githubnext/agentics,workflows/daily-plan.md,076280149103573bcb4c214fd85844f933da874e,2025-07-31 16:47:12+00:00,2,False,0,0,0,0,0,False,,False,False,274
githubnext/agentics/workflows/daily-plan.md,githubnext/agentics,workflows/daily-plan.md,10587bfb0168f8bac9e2baec8d144f1c147cfcf0,2025-07-31 18:08:18+00:00,3,False,0,0,0,0,0,False,,False,False,276
githubnext/agentics/workflows/daily-plan.md,githubnext/agentics,workflows/daily-plan.md,91efef7a6296b18637116b4215ee746151acaafb,2025-08-01 16:01:42+00:00,4,False,0,0,0,0,0,False,,False,False,276
githubnext/agentics/workflows/daily-plan.md,githubnext/agentics,workflows/daily-plan.md,a34e6a2cfc27bcb28c6f4ace6301ef005df60aed,2025-08-02 00:27:54+00:00,5,False,0,0,0,0,0,False,,False,False,296
githubnext/agentics/workflows/daily-plan.md,githubnext/agentics,workflows/daily-plan.md,eeaac18c61d943e13cf2367c8689a892486f2869,2025-08-02 01:16:27+00:00,6,False,0,0,0,0,0,False,,False,False,298
githubnext/agentics/workflows/daily-plan.md,githubnext/agentics,workflows/daily-plan.md,9c20bd34ca554d3226d956780caddfcbb88c72a1,2025-08-12 19:58:02+00:00,7,False,0,0,0,0,0,False,,False,False,298
githubnext/agentics/workflows/daily-plan.md,githubnext/agentics,workflows/daily-plan.md,3bc8d8ebe620a132ee91bbf126cc253c865c2b69,2025-08-13 20:44:24+00:00,8,False,0,0,0,0,0,False,,False,False,298
githubnext/agentics/workflows/daily-plan.md,githubnext/agentics,workflows/daily-plan.md,0125b7683216c4123cb803621a01b54492c49c84,2025-08-23 14:14:13+00:00,9,False,0,0,0,0,0,False,,False,False,334
githubnext/agentics/workflows/daily-plan.md,githubnext/agentics,workflows/daily-plan.md,71ee1d268c3c61d1b5781ba6686828b1f7dc3f7c,2025-08-23 14:27:58+00:00,10,False,0,0,0,0,0,False,,False,False,298
githubnext/agentics/workflows/daily-plan.md,githubnext/agentics,workflows/daily-plan.md,c0d2dfc74e69254c64924003dcf6b14cdb67e28e,2025-08-26 19:37:57+00:00,11,False,0,0,0,0,0,False,,False,False,310
githubnext/agentics/workflows/daily-plan.md,githubnext/agentics,workflows/daily-plan.md,42f367152761942e22a3b48b17f57c8cfbe0ed79,2025-08-31 16:30:56+00:00,12,False,0,0,0,0,0,False,,False,False,308
githubnext/agentics/workflows/daily-plan.md,githubnext/agentics,workflows/daily-plan.md,776c61d12ae61942726673cffb9b8b667193d76b,2025-09-01 12:06:54+00:00,13,False,0,0,0,0,0,False,,False,False,308
githubnext/agentics/workflows/daily-plan.md,githubnext/agentics,workflows/daily-plan.md,d4cc5ec11fbfe47e84a530d31c8db2cd3ea459b3,2025-09-02 22:38:40+00:00,14,False,0,0,0,0,0,False,,False,False,338
githubnext/agentics/workflows/daily-plan.md,githubnext/agentics,workflows/daily-plan.md,e755e200c12b0ddebb3e89588d77710a249abde5,2025-09-04 03:07:01+00:00,15,False,0,0,0,0,0,False,,False,False,336
githubnext/agentics/workflows/daily-plan.md,githubnext/agentics,workflows/daily-plan.md,ab5c853602725b2ed1000ab1ccf033746628f194,2025-10-02 19:01:20+00:00,16,False,0,0,0,0,0,False,,False,False,334
githubnext/agentics/workflows/daily-plan.md,githubnext/agentics,workflows/daily-plan.md,ff5a15f9ea7788a7539badc51ff88e899d576b72,2025-10-03 00:16:15+00:00,17,False,0,0,0,0,0,False,,False,False,332
githubnext/agentics/workflows/daily-plan.md,githubnext/agentics,workflows/daily-plan.md,6afdc34917decdb97130473704c3f2f9206ca1f5,2025-10-03 01:47:36+00:00,18,False,0,0,0,0,0,False,,False,False,330
githubnext/agentics/workflows/daily-plan.md,githubnext/agentics,workflows/daily-plan.md,e8e20aa163d56af33e7bd8dac4cbc70821a4a745,2025-10-10 18:59:32+00:00,19,False,0,0,0,0,0,False,,False,False,330
githubnext/agentics/workflows/daily-plan.md,githubnext/agentics,workflows/daily-plan.md,e2770974a7eaccb58ddafd5606c38a05ba52c631,2025-10-10 19:52:11+00:00,20,False,0,0,0,0,0,False,,False,False,303
githubnext/agentics/workflows/daily-plan.md,githubnext/agentics,workflows/daily-plan.md,eb489a0b6cb3bd7c7f94d5d3362237641c22cd31,2025-10-11 18:52:59+00:00,21,False,0,0,0,0,0,False,,False,False,291
githubnext/agentics/workflows/daily-progress.md,githubnext/agentics,workflows/daily-progress.md,776c61d12ae61942726673cffb9b8b667193d76b,2025-09-01 12:06:54+00:00,1,False,0,0,0,0,0,False,,False,False,1130
githubnext/agentics/workflows/daily-progress.md,githubnext/agentics,workflows/daily-progress.md,d4cc5ec11fbfe47e84a530d31c8db2cd3ea459b3,2025-09-02 22:38:40+00:00,2,False,0,0,0,0,0,False,,False,False,1079
githubnext/agentics/workflows/daily-progress.md,githubnext/agentics,workflows/daily-progress.md,e755e200c12b0ddebb3e89588d77710a249abde5,2025-09-04 03:07:01+00:00,3,False,0,0,0,0,0,False,,False,False,1077
githubnext/agentics/workflows/daily-progress.md,githubnext/agentics,workflows/daily-progress.md,a084ee2bf328bd327602c3c3c8d5f7742bbe274d,2025-09-09 23:52:12+00:00,4,False,0,0,0,0,0,False,,False,False,1068
githubnext/agentics/workflows/daily-progress.md,githubnext/agentics,workflows/daily-progress.md,3699bc9d39fa200bfbb652cdffe48a376532bbe6,2025-09-09 23:53:48+00:00,5,False,0,0,0,0,0,False,,False,False,1049
githubnext/agentics/workflows/daily-progress.md,githubnext/agentics,workflows/daily-progress.md,27d1414267761afee1505823c3160c102637aa77,2025-09-17 01:02:15+00:00,6,False,0,0,0,0,0,False,,False,False,809
githubnext/agentics/workflows/daily-progress.md,githubnext/agentics,workflows/daily-progress.md,83c9100c930720ba0ccf90dee141692b7c67a882,2025-09-17 09:59:32+00:00,7,False,0,0,0,0,0,False,,False,False,800
githubnext/agentics/workflows/daily-progress.md,githubnext/agentics,workflows/daily-progress.md,ab5c853602725b2ed1000ab1ccf033746628f194,2025-10-02 19:01:20+00:00,8,False,0,0,0,0,0,False,,False,False,794
githubnext/agentics/workflows/daily-progress.md,githubnext/agentics,workflows/daily-progress.md,ff5a15f9ea7788a7539badc51ff88e899d576b72,2025-10-03 00:16:15+00:00,9,False,0,0,0,0,0,False,,False,False,792
githubnext/agentics/workflows/daily-progress.md,githubnext/agentics,workflows/daily-progress.md,6afdc34917decdb97130473704c3f2f9206ca1f5,2025-10-03 01:47:36+00:00,10,False,0,0,0,0,0,False,,False,False,790
githubnext/agentics/workflows/daily-progress.md,githubnext/agentics,workflows/daily-progress.md,ddd497457c64b021c3f5b1bed38325ce9e8862b0,2025-10-06 16:43:50+00:00,11,False,0,0,0,0,0,False,,False,False,779
githubnext/agentics/workflows/daily-progress.md,githubnext/agentics,workflows/daily-progress.md,e8e20aa163d56af33e7bd8dac4cbc70821a4a745,2025-10-10 18:59:32+00:00,12,False,0,0,0,0,0,False,,False,False,779
githubnext/agentics/workflows/daily-progress.md,githubnext/agentics,workflows/daily-progress.md,e2770974a7eaccb58ddafd5606c38a05ba52c631,2025-10-10 19:52:11+00:00,13,False,0,0,0,0,0,False,,False,False,756
githubnext/agentics/workflows/daily-progress.md,githubnext/agentics,workflows/daily-progress.md,8c0f92d1818cc6fdc84a36d5935aa4568f14dfc6,2025-10-11 18:49:32+00:00,14,False,0,0,0,0,0,False,,False,False,756
githubnext/agentics/workflows/daily-progress.md,githubnext/agentics,workflows/daily-progress.md,eb489a0b6cb3bd7c7f94d5d3362237641c22cd31,2025-10-11 18:52:59+00:00,15,False,0,0,0,0,0,False,,False,False,744
githubnext/agentics/workflows/daily-progress.md,githubnext/agentics,workflows/daily-progress.md,fedb218f36641dcb301c812149aeb94907f777f9,2025-10-12 13:26:32+00:00,16,False,0,0,0,0,0,False,,False,False,756
githubnext/agentics/workflows/daily-progress.md,githubnext/agentics,workflows/daily-progress.md,48413acd2e8b7857b2a0ff9d17bc0d0bb1848427,2025-11-15 01:01:56+00:00,17,False,0,0,0,0,0,False,,False,False,911
githubnext/agentics/workflows/daily-progress.md,githubnext/agentics,workflows/daily-progress.md,c11f94d8744b4d5ec3f2afe8a3c0cca787add16d,2026-01-24 10:49:13+00:00,18,False,0,0,0,0,0,False,,False,False,911
githubnext/agentics/workflows/daily-progress.md,githubnext/agentics,workflows/daily-progress.md,6e25aedbb43fbb2a0f4666917682728a58a9b2b7,2026-02-13 03:25:44+00:00,19,False,0,0,0,0,0,False,,False,False,893
githubnext/agentics/workflows/daily-qa.md,githubnext/agentics,workflows/daily-qa.md,6631cad64db5fe8e80fb307d045af948340ef361,2025-07-31 15:45:45+00:00,1,False,0,0,0,0,0,False,,False,False,385
githubnext/agentics/workflows/daily-qa.md,githubnext/agentics,workflows/daily-qa.md,10587bfb0168f8bac9e2baec8d144f1c147cfcf0,2025-07-31 18:08:18+00:00,2,False,0,0,0,0,0,False,,False,False,387
githubnext/agentics/workflows/daily-qa.md,githubnext/agentics,workflows/daily-qa.md,91efef7a6296b18637116b4215ee746151acaafb,2025-08-01 16:01:42+00:00,3,False,0,0,0,0,0,False,,False,False,417
githubnext/agentics/workflows/daily-qa.md,githubnext/agentics,workflows/daily-qa.md,a34e6a2cfc27bcb28c6f4ace6301ef005df60aed,2025-08-02 00:27:54+00:00,4,False,0,0,0,0,0,False,,False,False,436
githubnext/agentics/workflows/daily-qa.md,githubnext/agentics,workflows/daily-qa.md,e4e9a56ec7a326a83200221d93c40c898dc9dd45,2025-08-02 01:12:10+00:00,5,False,0,0,0,0,0,False,,False,False,452
githubnext/agentics/workflows/daily-qa.md,githubnext/agentics,workflows/daily-qa.md,eeaac18c61d943e13cf2367c8689a892486f2869,2025-08-02 01:16:27+00:00,6,False,0,0,0,0,0,False,,False,False,454
githubnext/agentics/workflows/daily-qa.md,githubnext/agentics,workflows/daily-qa.md,a371b734efabc3c2ff136fb05f03f0b868ee2f0e,2025-08-12 19:49:30+00:00,7,False,0,0,0,0,0,False,,False,False,514
githubnext/agentics/workflows/daily-qa.md,githubnext/agentics,workflows/daily-qa.md,9c20bd34ca554d3226d956780caddfcbb88c72a1,2025-08-12 19:58:02+00:00,8,False,0,0,0,0,0,False,,False,False,514
githubnext/agentics/workflows/daily-qa.md,githubnext/agentics,workflows/daily-qa.md,3bc8d8ebe620a132ee91bbf126cc253c865c2b69,2025-08-13 20:44:24+00:00,9,False,0,0,0,0,0,False,,False,False,514
githubnext/agentics/workflows/daily-qa.md,githubnext/agentics,workflows/daily-qa.md,0125b7683216c4123cb803621a01b54492c49c84,2025-08-23 14:14:13+00:00,10,False,0,0,0,0,0,False,,False,False,549
githubnext/agentics/workflows/daily-qa.md,githubnext/agentics,workflows/daily-qa.md,00f09e47b058e9767bb2e8ca0d17e2a41f135ec6,2025-08-23 14:37:59+00:00,11,False,0,0,0,0,0,False,,False,False,514
githubnext/agentics/workflows/daily-qa.md,githubnext/agentics,workflows/daily-qa.md,c0d2dfc74e69254c64924003dcf6b14cdb67e28e,2025-08-26 19:37:57+00:00,12,False,0,0,0,0,0,False,,False,False,508
githubnext/agentics/workflows/daily-qa.md,githubnext/agentics,workflows/daily-qa.md,42f367152761942e22a3b48b17f57c8cfbe0ed79,2025-08-31 16:30:56+00:00,13,False,0,0,0,0,0,False,,False,False,506
githubnext/agentics/workflows/daily-qa.md,githubnext/agentics,workflows/daily-qa.md,776c61d12ae61942726673cffb9b8b667193d76b,2025-09-01 12:06:54+00:00,14,False,0,0,0,0,0,False,,False,False,508
githubnext/agentics/workflows/daily-qa.md,githubnext/agentics,workflows/daily-qa.md,d4cc5ec11fbfe47e84a530d31c8db2cd3ea459b3,2025-09-02 22:38:40+00:00,15,False,0,0,0,0,0,False,,False,False,508
githubnext/agentics/workflows/daily-qa.md,githubnext/agentics,workflows/daily-qa.md,7b6c83199d231dd6c16974f7994bb578b5c39855,2025-09-04 02:58:48+00:00,16,False,0,0,0,0,0,False,,False,False,527
githubnext/agentics/workflows/daily-qa.md,githubnext/agentics,workflows/daily-qa.md,e755e200c12b0ddebb3e89588d77710a249abde5,2025-09-04 03:07:01+00:00,17,False,0,0,0,0,0,False,,False,False,525
githubnext/agentics/workflows/daily-qa.md,githubnext/agentics,workflows/daily-qa.md,3699bc9d39fa200bfbb652cdffe48a376532bbe6,2025-09-09 23:53:48+00:00,18,False,0,0,0,0,0,False,,False,False,506
githubnext/agentics/workflows/daily-qa.md,githubnext/agentics,workflows/daily-qa.md,ab5c853602725b2ed1000ab1ccf033746628f194,2025-10-02 19:01:20+00:00,19,False,0,0,0,0,0,False,,False,False,502
githubnext/agentics/workflows/daily-qa.md,githubnext/agentics,workflows/daily-qa.md,ff5a15f9ea7788a7539badc51ff88e899d576b72,2025-10-03 00:16:15+00:00,20,False,0,0,0,0,0,False,,False,False,500
githubnext/agentics/workflows/daily-qa.md,githubnext/agentics,workflows/daily-qa.md,6afdc34917decdb97130473704c3f2f9206ca1f5,2025-10-03 01:47:36+00:00,21,False,0,0,0,0,0,False,,False,False,498
githubnext/agentics/workflows/daily-qa.md,githubnext/agentics,workflows/daily-qa.md,ddd497457c64b021c3f5b1bed38325ce9e8862b0,2025-10-06 16:43:50+00:00,22,False,0,0,0,0,0,False,,False,False,487
githubnext/agentics/workflows/daily-qa.md,githubnext/agentics,workflows/daily-qa.md,e8e20aa163d56af33e7bd8dac4cbc70821a4a745,2025-10-10 18:59:32+00:00,23,False,0,0,0,0,0,False,,False,False,487
githubnext/agentics/workflows/daily-qa.md,githubnext/agentics,workflows/daily-qa.md,e2770974a7eaccb58ddafd5606c38a05ba52c631,2025-10-10 19:52:11+00:00,24,False,0,0,0,0,0,False,,False,False,487
githubnext/agentics/workflows/daily-qa.md,githubnext/agentics,workflows/daily-qa.md,eb489a0b6cb3bd7c7f94d5d3362237641c22cd31,2025-10-11 18:52:59+00:00,25,False,0,0,0,0,0,False,,False,False,475
githubnext/agentics/workflows/daily-qa.md,githubnext/agentics,workflows/daily-qa.md,047310bb37b271eda9fe363763c4b698d63980f2,2026-02-22 06:44:15+00:00,26,False,0,0,0,0,0,False,,False,False,582
githubnext/agentics/workflows/daily-qa.md,githubnext/agentics,workflows/daily-qa.md,2f03fdaafb8c1ae62dfde7e0be762a822a201aeb,2026-02-23 19:47:18+00:00,27,False,0,0,0,0,0,False,,False,False,475
githubnext/agentics/workflows/daily-repo-chronicle.md,githubnext/agentics,workflows/daily-repo-chronicle.md,c3c849b52f10de58e23d318ba3f4b9dd0de75461,2026-03-06 23:52:14+00:00,1,False,1,1,5,1,8,True,📰📊🗞🔥💻📈,False,False,1264
githubnext/agentics/workflows/daily-repo-chronicle.md,githubnext/agentics,workflows/daily-repo-chronicle.md,398f7d95ef5bd2329e422df142569a8833f91a1f,2026-03-08 02:28:41+00:00,2,False,1,1,5,1,8,True,📰📊🗞🔥💻📈,False,False,1266
githubnext/agentics/workflows/daily-repo-status.md,githubnext/agentics,workflows/daily-repo-status.md,3eae9b88d024036be45d668e3404f8662f94d878,2026-01-26 19:57:42+00:00,1,False,0,0,1,0,1,True,🌟,False,True,105
githubnext/agentics/workflows/daily-roadmap-progress.md,githubnext/agentics,workflows/daily-roadmap-progress.md,2881b4df0598d1708446a101168c4cd691c94e50,2025-08-31 21:04:19+00:00,1,False,0,0,0,0,0,False,,False,False,1155
githubnext/agentics/workflows/daily-roadmap-progress.md,githubnext/agentics,workflows/daily-roadmap-progress.md,94c10826abe36f84c44a108232e97e0e3517d868,2025-08-31 21:58:04+00:00,2,False,0,0,0,0,0,False,,False,False,1167
githubnext/agentics/workflows/daily-security-issues.md,githubnext/agentics,workflows/daily-security-issues.md,6631cad64db5fe8e80fb307d045af948340ef361,2025-07-31 15:45:45+00:00,1,False,0,0,0,0,0,False,,False,False,201
githubnext/agentics/workflows/daily-security-issues.md,githubnext/agentics,workflows/daily-security-issues.md,10587bfb0168f8bac9e2baec8d144f1c147cfcf0,2025-07-31 18:08:18+00:00,2,False,0,0,0,0,0,False,,False,False,203
githubnext/agentics/workflows/daily-team-status.md,githubnext/agentics,workflows/daily-team-status.md,6631cad64db5fe8e80fb307d045af948340ef361,2025-07-31 15:45:45+00:00,1,False,0,0,0,0,0,False,,False,False,253
githubnext/agentics/workflows/daily-team-status.md,githubnext/agentics,workflows/daily-team-status.md,10587bfb0168f8bac9e2baec8d144f1c147cfcf0,2025-07-31 18:08:18+00:00,2,False,0,0,0,0,0,False,,False,False,255
githubnext/agentics/workflows/daily-team-status.md,githubnext/agentics,workflows/daily-team-status.md,741ab2f273abfb6ef04f66f76b1d6a85d88a085f,2025-07-31 18:31:05+00:00,3,False,0,0,0,0,0,False,,False,False,251
githubnext/agentics/workflows/daily-team-status.md,githubnext/agentics,workflows/daily-team-status.md,e4e9a56ec7a326a83200221d93c40c898dc9dd45,2025-08-02 01:12:10+00:00,4,False,0,0,0,0,0,False,,False,True,288
githubnext/agentics/workflows/daily-team-status.md,githubnext/agentics,workflows/daily-team-status.md,eeaac18c61d943e13cf2367c8689a892486f2869,2025-08-02 01:16:27+00:00,5,False,0,0,0,0,0,False,,False,True,290
githubnext/agentics/workflows/daily-team-status.md,githubnext/agentics,workflows/daily-team-status.md,9c20bd34ca554d3226d956780caddfcbb88c72a1,2025-08-12 19:58:02+00:00,6,False,0,0,0,0,0,False,,False,True,290
githubnext/agentics/workflows/daily-team-status.md,githubnext/agentics,workflows/daily-team-status.md,0125b7683216c4123cb803621a01b54492c49c84,2025-08-23 14:14:13+00:00,7,False,0,0,0,0,0,False,,False,True,321
githubnext/agentics/workflows/daily-team-status.md,githubnext/agentics,workflows/daily-team-status.md,00f09e47b058e9767bb2e8ca0d17e2a41f135ec6,2025-08-23 14:37:59+00:00,8,False,0,0,0,0,0,False,,False,True,290
githubnext/agentics/workflows/daily-team-status.md,githubnext/agentics,workflows/daily-team-status.md,c0d2dfc74e69254c64924003dcf6b14cdb67e28e,2025-08-26 19:37:57+00:00,9,False,0,0,0,0,0,False,,False,True,302
githubnext/agentics/workflows/daily-team-status.md,githubnext/agentics,workflows/daily-team-status.md,42f367152761942e22a3b48b17f57c8cfbe0ed79,2025-08-31 16:30:56+00:00,10,False,0,0,0,0,0,False,,False,True,300
githubnext/agentics/workflows/daily-team-status.md,githubnext/agentics,workflows/daily-team-status.md,776c61d12ae61942726673cffb9b8b667193d76b,2025-09-01 12:06:54+00:00,11,False,0,0,0,0,0,False,,False,True,313
githubnext/agentics/workflows/daily-team-status.md,githubnext/agentics,workflows/daily-team-status.md,d4cc5ec11fbfe47e84a530d31c8db2cd3ea459b3,2025-09-02 22:38:40+00:00,12,False,0,0,0,0,0,False,,False,True,313
githubnext/agentics/workflows/daily-team-status.md,githubnext/agentics,workflows/daily-team-status.md,7b6c83199d231dd6c16974f7994bb578b5c39855,2025-09-04 02:58:48+00:00,13,False,0,0,0,0,0,False,,False,True,315
githubnext/agentics/workflows/daily-team-status.md,githubnext/agentics,workflows/daily-team-status.md,e755e200c12b0ddebb3e89588d77710a249abde5,2025-09-04 03:07:01+00:00,14,False,0,0,0,0,0,False,,False,True,313
githubnext/agentics/workflows/daily-team-status.md,githubnext/agentics,workflows/daily-team-status.md,ff5a15f9ea7788a7539badc51ff88e899d576b72,2025-10-03 00:16:15+00:00,15,False,0,0,0,0,0,False,,False,True,311
githubnext/agentics/workflows/daily-team-status.md,githubnext/agentics,workflows/daily-team-status.md,6afdc34917decdb97130473704c3f2f9206ca1f5,2025-10-03 01:47:36+00:00,16,False,0,0,0,0,0,False,,False,True,309
githubnext/agentics/workflows/daily-team-status.md,githubnext/agentics,workflows/daily-team-status.md,e8e20aa163d56af33e7bd8dac4cbc70821a4a745,2025-10-10 18:59:32+00:00,17,False,0,0,0,0,0,False,,False,True,309
githubnext/agentics/workflows/daily-team-status.md,githubnext/agentics,workflows/daily-team-status.md,e2770974a7eaccb58ddafd5606c38a05ba52c631,2025-10-10 19:52:11+00:00,18,False,0,0,0,0,0,False,,False,True,309
githubnext/agentics/workflows/daily-team-status.md,githubnext/agentics,workflows/daily-team-status.md,eb489a0b6cb3bd7c7f94d5d3362237641c22cd31,2025-10-11 18:52:59+00:00,19,False,0,0,0,0,0,False,,False,True,297
githubnext/agentics/workflows/daily-team-status.md,githubnext/agentics,workflows/daily-team-status.md,a9694364f9aed4a0b67a0617d354b109542c1b80,2025-11-14 06:51:25+00:00,20,False,0,0,0,0,0,False,,False,True,290
githubnext/agentics/workflows/daily-team-status.md,githubnext/agentics,workflows/daily-team-status.md,b5fb135be7758297abb29f7c773e9035b1777989,2025-11-14 07:02:32+00:00,21,False,0,0,1,0,1,True,🌟,False,True,103
githubnext/agentics/workflows/daily-team-status.md,githubnext/agentics,workflows/daily-team-status.md,1e366aa4518cf83d25defd84e454b9a41e87cf7c,2025-11-14 07:03:20+00:00,22,False,0,0,1,0,1,True,🌟,False,True,94
githubnext/agentics/workflows/daily-team-status.md,githubnext/agentics,workflows/daily-team-status.md,c5da0cdbfae2a3cba74f330ca34424a4aea929f5,2026-01-11 18:58:12+00:00,23,False,0,0,1,0,1,True,🌟,False,True,94
githubnext/agentics/workflows/daily-test-improver.md,githubnext/agentics,workflows/daily-test-improver.md,0125b7683216c4123cb803621a01b54492c49c84,2025-08-23 14:14:13+00:00,1,False,0,0,0,0,0,False,,False,False,856
githubnext/agentics/workflows/daily-test-improver.md,githubnext/agentics,workflows/daily-test-improver.md,0fc147f9da4c0b006989e83ed0a2146fe6822e9d,2025-08-23 22:32:23+00:00,2,False,0,0,0,0,0,False,,False,False,863
githubnext/agentics/workflows/daily-test-improver.md,githubnext/agentics,workflows/daily-test-improver.md,abbd1fd9d71fe22102f8b0e87d71243347a1a55f,2025-08-23 23:56:36+00:00,3,False,0,0,0,0,0,False,,False,False,880
githubnext/agentics/workflows/daily-test-improver.md,githubnext/agentics,workflows/daily-test-improver.md,cea4351c70cc5e78121ef1e0d2f08d3a99031132,2025-08-25 11:45:26+00:00,4,False,0,0,0,0,0,False,,False,False,900
githubnext/agentics/workflows/daily-test-improver.md,githubnext/agentics,workflows/daily-test-improver.md,8ba3b3c4776e060613dc886792cda0b9d8c3d9c3,2025-08-25 11:49:50+00:00,5,False,0,0,0,0,0,False,,False,False,975
githubnext/agentics/workflows/daily-test-improver.md,githubnext/agentics,workflows/daily-test-improver.md,d0c6eb78286269e614efecbb9bd3a235525c3cad,2025-08-25 13:33:24+00:00,6,False,0,0,0,0,0,False,,False,False,980
githubnext/agentics/workflows/daily-test-improver.md,githubnext/agentics,workflows/daily-test-improver.md,c9fd3a06556c9462a404e57eed82efafcddedb14,2025-08-25 14:39:16+00:00,7,False,0,0,0,0,0,False,,False,False,995
githubnext/agentics/workflows/daily-test-improver.md,githubnext/agentics,workflows/daily-test-improver.md,488b924f722a4554d45145821b2ef092221417f9,2025-08-25 16:42:01+00:00,8,False,0,0,0,0,0,False,,False,False,1029
githubnext/agentics/workflows/daily-test-improver.md,githubnext/agentics,workflows/daily-test-improver.md,fafe3bec1ef628096ac34cb8e0dbc99f96341f67,2025-08-25 22:36:48+00:00,9,False,0,0,0,0,0,False,,False,False,1067
githubnext/agentics/workflows/daily-test-improver.md,githubnext/agentics,workflows/daily-test-improver.md,68143d2f2ec0621b4a3b1b537aa3ae3656831678,2025-08-25 23:07:08+00:00,10,False,0,0,0,0,0,False,,False,False,1089
githubnext/agentics/workflows/daily-test-improver.md,githubnext/agentics,workflows/daily-test-improver.md,99ff98358e1e041aa3427b97ca8913947a08d349,2025-08-26 19:26:32+00:00,11,False,0,0,0,0,0,False,,False,False,1300
githubnext/agentics/workflows/daily-test-improver.md,githubnext/agentics,workflows/daily-test-improver.md,c0d2dfc74e69254c64924003dcf6b14cdb67e28e,2025-08-26 19:37:57+00:00,12,False,0,0,0,0,0,False,,False,False,1294
githubnext/agentics/workflows/daily-test-improver.md,githubnext/agentics,workflows/daily-test-improver.md,2a57789b0049f42aa68b482f1231cbba226eec96,2025-08-26 19:56:52+00:00,13,False,0,0,0,0,0,False,,False,False,1328
githubnext/agentics/workflows/daily-test-improver.md,githubnext/agentics,workflows/daily-test-improver.md,22a926ca0846737cd2d3bb364859f32c54420e0f,2025-08-26 20:00:31+00:00,14,False,0,0,0,0,0,False,,False,False,1379
githubnext/agentics/workflows/daily-test-improver.md,githubnext/agentics,workflows/daily-test-improver.md,42f367152761942e22a3b48b17f57c8cfbe0ed79,2025-08-31 16:30:56+00:00,15,False,0,0,0,0,0,False,,False,False,1377
githubnext/agentics/workflows/daily-test-improver.md,githubnext/agentics,workflows/daily-test-improver.md,ebc08ba9255691b86f2d9301402d876ebb2926af,2025-08-31 21:31:49+00:00,16,False,0,0,0,0,0,False,,False,False,1378
githubnext/agentics/workflows/daily-test-improver.md,githubnext/agentics,workflows/daily-test-improver.md,94c10826abe36f84c44a108232e97e0e3517d868,2025-08-31 21:58:04+00:00,17,False,0,0,0,0,0,False,,False,False,1391
githubnext/agentics/workflows/daily-test-improver.md,githubnext/agentics,workflows/daily-test-improver.md,b766d991f30d45c1b0f91b97b7fbb9520075dba2,2025-08-31 23:08:13+00:00,18,False,0,0,0,0,0,False,,False,False,1401
githubnext/agentics/workflows/daily-test-improver.md,githubnext/agentics,workflows/daily-test-improver.md,776c61d12ae61942726673cffb9b8b667193d76b,2025-09-01 12:06:54+00:00,19,False,0,0,0,0,0,False,,False,False,1412
githubnext/agentics/workflows/daily-test-improver.md,githubnext/agentics,workflows/daily-test-improver.md,d4cc5ec11fbfe47e84a530d31c8db2cd3ea459b3,2025-09-02 22:38:40+00:00,20,False,0,0,0,0,0,False,,False,False,1357
githubnext/agentics/workflows/daily-test-improver.md,githubnext/agentics,workflows/daily-test-improver.md,e755e200c12b0ddebb3e89588d77710a249abde5,2025-09-04 03:07:01+00:00,21,False,0,0,0,0,0,False,,False,False,1355
githubnext/agentics/workflows/daily-test-improver.md,githubnext/agentics,workflows/daily-test-improver.md,4e975c46f36253e251e92249d72d1e7b602f8f85,2025-09-09 23:25:24+00:00,22,False,0,0,0,0,0,False,,False,False,1527
githubnext/agentics/workflows/daily-test-improver.md,githubnext/agentics,workflows/daily-test-improver.md,a3f39024ff5ba5f4de3e43d8a5bfb2b3618faf1b,2025-09-09 23:42:55+00:00,23,False,0,0,0,0,0,False,,False,False,1574
githubnext/agentics/workflows/daily-test-improver.md,githubnext/agentics,workflows/daily-test-improver.md,a084ee2bf328bd327602c3c3c8d5f7742bbe274d,2025-09-09 23:52:12+00:00,24,False,0,0,0,0,0,False,,False,False,1545
githubnext/agentics/workflows/daily-test-improver.md,githubnext/agentics,workflows/daily-test-improver.md,3699bc9d39fa200bfbb652cdffe48a376532bbe6,2025-09-09 23:53:48+00:00,25,False,0,0,0,0,0,False,,False,False,1526
githubnext/agentics/workflows/daily-test-improver.md,githubnext/agentics,workflows/daily-test-improver.md,0008c6666ab978726da06b24a1064e03f076ee41,2025-09-16 12:09:41+00:00,26,False,0,0,0,0,0,False,,False,False,1525
githubnext/agentics/workflows/daily-test-improver.md,githubnext/agentics,workflows/daily-test-improver.md,600145940a960cc9d5518f12d84dfd58bb726c7c,2025-09-16 22:05:27+00:00,27,False,0,0,0,0,0,False,,False,False,1584
githubnext/agentics/workflows/daily-test-improver.md,githubnext/agentics,workflows/daily-test-improver.md,27d1414267761afee1505823c3160c102637aa77,2025-09-17 01:02:15+00:00,28,False,0,0,0,0,0,False,,False,False,1586
githubnext/agentics/workflows/daily-test-improver.md,githubnext/agentics,workflows/daily-test-improver.md,83c9100c930720ba0ccf90dee141692b7c67a882,2025-09-17 09:59:32+00:00,29,False,0,0,0,0,0,False,,False,False,1524
githubnext/agentics/workflows/daily-test-improver.md,githubnext/agentics,workflows/daily-test-improver.md,ab5c853602725b2ed1000ab1ccf033746628f194,2025-10-02 19:01:20+00:00,30,False,0,0,0,0,0,False,,False,False,1518
githubnext/agentics/workflows/daily-test-improver.md,githubnext/agentics,workflows/daily-test-improver.md,ff5a15f9ea7788a7539badc51ff88e899d576b72,2025-10-03 00:16:15+00:00,31,False,0,0,0,0,0,False,,False,False,1516
githubnext/agentics/workflows/daily-test-improver.md,githubnext/agentics,workflows/daily-test-improver.md,6afdc34917decdb97130473704c3f2f9206ca1f5,2025-10-03 01:47:36+00:00,32,False,0,0,0,0,0,False,,False,False,1514
githubnext/agentics/workflows/daily-test-improver.md,githubnext/agentics,workflows/daily-test-improver.md,ddd497457c64b021c3f5b1bed38325ce9e8862b0,2025-10-06 16:43:50+00:00,33,False,0,0,0,0,0,False,,False,False,1503
githubnext/agentics/workflows/daily-test-improver.md,githubnext/agentics,workflows/daily-test-improver.md,e8e20aa163d56af33e7bd8dac4cbc70821a4a745,2025-10-10 18:59:32+00:00,34,False,0,0,0,0,0,False,,False,False,1503
githubnext/agentics/workflows/daily-test-improver.md,githubnext/agentics,workflows/daily-test-improver.md,e2770974a7eaccb58ddafd5606c38a05ba52c631,2025-10-10 19:52:11+00:00,35,False,0,0,0,0,0,False,,False,False,1480
githubnext/agentics/workflows/daily-test-improver.md,githubnext/agentics,workflows/daily-test-improver.md,8c0f92d1818cc6fdc84a36d5935aa4568f14dfc6,2025-10-11 18:49:32+00:00,36,False,0,0,0,0,0,False,,False,False,1480
githubnext/agentics/workflows/daily-test-improver.md,githubnext/agentics,workflows/daily-test-improver.md,eb489a0b6cb3bd7c7f94d5d3362237641c22cd31,2025-10-11 18:52:59+00:00,37,False,0,0,0,0,0,False,,False,False,1468
githubnext/agentics/workflows/daily-test-improver.md,githubnext/agentics,workflows/daily-test-improver.md,fedb218f36641dcb301c812149aeb94907f777f9,2025-10-12 13:26:32+00:00,38,False,0,0,0,0,0,False,,False,False,1480
githubnext/agentics/workflows/daily-test-improver.md,githubnext/agentics,workflows/daily-test-improver.md,bfb2c395a966cf6138d7f519494592f72980aba7,2025-10-21 22:45:53+00:00,39,False,0,0,0,0,0,False,,False,False,1542
githubnext/agentics/workflows/daily-test-improver.md,githubnext/agentics,workflows/daily-test-improver.md,0411daab19a9eeab6d16f854dce532585b8ef0eb,2025-10-22 00:05:13+00:00,40,False,0,0,0,0,0,False,,False,False,1557
githubnext/agentics/workflows/daily-test-improver.md,githubnext/agentics,workflows/daily-test-improver.md,4c82403503053a51d884a01b28e83d00b8f6ceed,2025-10-24 22:27:52+00:00,41,False,0,0,0,0,0,False,,False,False,1557
githubnext/agentics/workflows/daily-test-improver.md,githubnext/agentics,workflows/daily-test-improver.md,0837fb7b24c3b84ee77fb7c8cfa8735c48be347a,2025-10-24 23:06:57+00:00,42,False,0,0,0,0,0,False,,False,False,1576
githubnext/agentics/workflows/daily-test-improver.md,githubnext/agentics,workflows/daily-test-improver.md,48413acd2e8b7857b2a0ff9d17bc0d0bb1848427,2025-11-15 01:01:56+00:00,43,False,0,0,0,0,0,False,,False,False,1659
githubnext/agentics/workflows/daily-test-improver.md,githubnext/agentics,workflows/daily-test-improver.md,c11f94d8744b4d5ec3f2afe8a3c0cca787add16d,2026-01-24 10:49:13+00:00,44,False,0,0,0,0,0,False,,False,False,1659
githubnext/agentics/workflows/daily-test-improver.md,githubnext/agentics,workflows/daily-test-improver.md,6e25aedbb43fbb2a0f4666917682728a58a9b2b7,2026-02-13 03:25:44+00:00,45,False,0,0,0,0,0,False,,False,False,1655
githubnext/agentics/workflows/daily-test-improver.md,githubnext/agentics,workflows/daily-test-improver.md,23e13c05577379414448095dac016862931b802f,2026-02-21 03:39:58+00:00,46,False,0,0,0,0,0,False,,False,False,1310
githubnext/agentics/workflows/daily-test-improver.md,githubnext/agentics,workflows/daily-test-improver.md,b0e9cfd3a20372ce7fe0462bb7bbca2272df4a88,2026-02-24 04:16:22+00:00,47,False,0,0,9,0,9,True,🤖🔍🔧💬📊🔄,False,False,2370
githubnext/agentics/workflows/daily-test-improver.md,githubnext/agentics,workflows/daily-test-improver.md,76b334c67e69e4fd9a9f44c3a751d729539c9da6,2026-02-26 13:15:18+00:00,48,False,0,0,10,0,10,True,🤖🔍🔧💬📊🔄⚠,False,False,2543
githubnext/agentics/workflows/daily-test-improver.md,githubnext/agentics,workflows/daily-test-improver.md,d975fee907421105562226072b27345545862e92,2026-03-07 18:15:29+00:00,49,False,0,0,10,0,10,True,🤖🔍🔧💬📊🔄⚠,False,False,2557
githubnext/agentics/workflows/daily-test-improver.md,githubnext/agentics,workflows/daily-test-improver.md,398f7d95ef5bd2329e422df142569a8833f91a1f,2026-03-08 02:28:41+00:00,50,False,0,0,10,0,10,True,🤖🔍🔧💬📊🔄⚠,False,False,2545
githubnext/agentics/workflows/daily-test-improver.md,githubnext/agentics,workflows/daily-test-improver.md,5029c9574c7bd2baa70aab6c8de9ea09edf11803,2026-03-08 02:29:34+00:00,51,False,0,0,10,0,10,True,🤖🔍🔧💬📊🔄⚠,False,False,2545
githubnext/agentics/workflows/data-architect.md,githubnext/agentics,workflows/data-architect.md,9a576eb0ffd9286e527a923a5abc795a65014747,2025-07-30 11:01:37+00:00,1,False,0,0,0,0,0,False,,False,False,622
githubnext/agentics/workflows/data-engineer.md,githubnext/agentics,workflows/data-engineer.md,8405f866d4c0156a61f743989725315f57de9c8f,2025-07-30 11:07:44+00:00,1,False,0,0,0,0,0,False,,False,False,642
githubnext/agentics/workflows/data-privacy-agent.md,githubnext/agentics,workflows/data-privacy-agent.md,8405f866d4c0156a61f743989725315f57de9c8f,2025-07-30 11:07:44+00:00,1,False,0,0,0,0,0,False,,False,False,740
githubnext/agentics/workflows/dependabot-issue-bundler.md,githubnext/agentics,workflows/dependabot-issue-bundler.md,1a12f3205fd1d7ac097b3cd2e25d15f38b8c9fdc,2026-02-13 01:11:24+00:00,1,False,0,0,0,0,0,False,,False,False,127
githubnext/agentics/workflows/dependabot-pr-bundler.md,githubnext/agentics,workflows/dependabot-pr-bundler.md,1a12f3205fd1d7ac097b3cd2e25d15f38b8c9fdc,2026-02-13 01:11:24+00:00,1,False,0,0,0,0,0,False,,False,False,196
githubnext/agentics/workflows/dependabot-pr-bundler.md,githubnext/agentics,workflows/dependabot-pr-bundler.md,497230d3867fe453aae74b15d06178d45a39fcce,2026-05-08 20:56:58+00:00,2,False,0,0,0,0,0,False,,False,False,194
githubnext/agentics/workflows/dependency-manager-agent.md,githubnext/agentics,workflows/dependency-manager-agent.md,2bbf9fdcd6d58d3714581677a2afa401ef2b3671,2025-07-30 11:03:34+00:00,1,False,0,0,0,0,0,False,,False,False,505
githubnext/agentics/workflows/dictation-prompt.md,githubnext/agentics,workflows/dictation-prompt.md,54a577907f5edaf99734b7199b9c4df079f5cb58,2026-05-05 14:56:25+00:00,1,False,0,0,7,0,7,True,✅,False,False,642
githubnext/agentics/workflows/discussion-task-miner.md,githubnext/agentics,workflows/discussion-task-miner.md,45c34b8695fcb34d99cb23849e4a395a5c7f0d95,2026-03-03 05:15:42+00:00,1,False,5,0,11,0,16,True,🔍✅📊⚠❌,False,False,907
githubnext/agentics/workflows/doc-updater.md,githubnext/agentics,workflows/doc-updater.md,497230d3867fe453aae74b15d06178d45a39fcce,2026-05-08 20:56:58+00:00,1,False,0,0,0,0,0,False,,False,False,826
githubnext/agentics/workflows/documentation-maintainer-agent.md,githubnext/agentics,workflows/documentation-maintainer-agent.md,2bbf9fdcd6d58d3714581677a2afa401ef2b3671,2025-07-30 11:03:34+00:00,1,False,0,0,0,0,0,False,,False,False,529
githubnext/agentics/workflows/domain-expert.md,githubnext/agentics,workflows/domain-expert.md,9a576eb0ffd9286e527a923a5abc795a65014747,2025-07-30 11:01:37+00:00,1,False,0,0,6,0,6,True,✅,False,False,506
githubnext/agentics/workflows/draft-pr-cleanup.md,githubnext/agentics,workflows/draft-pr-cleanup.md,d7a0e9dd01a53f64fb5d7bd776c17615e4eae701,2026-02-17 21:09:07+00:00,1,False,0,1,0,4,5,True,🧹👋🙏,False,False,1147
githubnext/agentics/workflows/duplicate-code-detector.md,githubnext/agentics,workflows/duplicate-code-detector.md,d19056381ba48cb1f7c78510c23069701fa7ae87,2026-02-18 02:39:55+00:00,1,False,0,0,0,1,1,True,🔍,False,False,1065
githubnext/agentics/workflows/efficiency-improver.md,githubnext/agentics,workflows/efficiency-improver.md,497230d3867fe453aae74b15d06178d45a39fcce,2026-05-08 20:56:58+00:00,1,False,0,0,10,0,10,True,🤖🔍🔧💬📊🌱🔄,False,False,2971
githubnext/agentics/workflows/ethics-bias-auditor-agent.md,githubnext/agentics,workflows/ethics-bias-auditor-agent.md,5cf028da1d8f467af53b3521111f4bdb122d1712,2025-07-30 11:02:42+00:00,1,False,0,0,0,0,0,False,,False,False,381
githubnext/agentics/workflows/experimentation-analyst.md,githubnext/agentics,workflows/experimentation-analyst.md,8405f866d4c0156a61f743989725315f57de9c8f,2025-07-30 11:07:44+00:00,1,False,0,0,0,0,0,False,,False,False,756
githubnext/agentics/workflows/failsafe-coordinator-agent.md,githubnext/agentics,workflows/failsafe-coordinator-agent.md,282b6d6a919a14c6ce2a4b68f9713a5e51b82f3b,2025-07-30 11:06:18+00:00,1,False,0,0,0,0,0,False,,False,False,452
githubnext/agentics/workflows/feedback-analyst-agent.md,githubnext/agentics,workflows/feedback-analyst-agent.md,9ffa12caab49d0485616ef94777305fe3c1f4581,2025-07-30 11:06:06+00:00,1,False,0,0,0,0,0,False,,False,False,485
githubnext/agentics/workflows/fuzz-testing-agent.md,githubnext/agentics,workflows/fuzz-testing-agent.md,dd76f0689bab6dae6998fc0d6e69b810e141320c,2025-07-30 11:03:06+00:00,1,False,0,0,0,0,0,False,,False,False,582
githubnext/agentics/workflows/glossary-maintainer.md,githubnext/agentics,workflows/glossary-maintainer.md,ebf240fb0d46f2cd7d654ab228f5c4aa50e29356,2026-02-18 00:03:17+00:00,1,False,0,0,0,0,0,False,,False,False,1067
githubnext/agentics/workflows/governance-agent.md,githubnext/agentics,workflows/governance-agent.md,5cf028da1d8f467af53b3521111f4bdb122d1712,2025-07-30 11:02:42+00:00,1,False,0,0,0,0,0,False,,False,False,410
githubnext/agentics/workflows/grumpy-reviewer.md,githubnext/agentics,workflows/grumpy-reviewer.md,708d7fec2aaa340dee91826f8357063bf4d14969,2026-02-22 06:49:21+00:00,1,False,5,1,1,0,7,True,😤🙄🔥,False,False,869
githubnext/agentics/workflows/grumpy-reviewer.md,githubnext/agentics,workflows/grumpy-reviewer.md,4957663821dbb3260348084fa2f1659701950fef,2026-03-23 00:38:53+00:00,2,False,5,1,1,0,7,True,😤🙄🔥,False,False,907
githubnext/agentics/workflows/incident-responder-agent.md,githubnext/agentics,workflows/incident-responder-agent.md,9ffa12caab49d0485616ef94777305fe3c1f4581,2025-07-30 11:06:06+00:00,1,False,0,0,0,0,0,False,,False,False,452
githubnext/agentics/workflows/integration-coordinator.md,githubnext/agentics,workflows/integration-coordinator.md,abbad643bb58184ad7e19d4435bb7c995f90494f,2025-07-30 10:58:19+00:00,1,False,0,0,0,0,0,False,,False,False,497
githubnext/agentics/workflows/integration-test-engineer.md,githubnext/agentics,workflows/integration-test-engineer.md,dd76f0689bab6dae6998fc0d6e69b810e141320c,2025-07-30 11:03:06+00:00,1,False,0,0,0,0,0,False,,False,False,470
githubnext/agentics/workflows/issue-arborist.md,githubnext/agentics,workflows/issue-arborist.md,0ba6a385137bb07558ddcf346127f5f11101f5b8,2026-02-22 06:59:03+00:00,1,False,1,1,0,1,3,True,⬇🌳,False,False,870
githubnext/agentics/workflows/issue-arborist.md,githubnext/agentics,workflows/issue-arborist.md,9646d0870492f62bd9a67b4d38ddfbb731f7e0a4,2026-03-03 19:04:12+00:00,2,False,1,1,0,0,2,True,⬇🌳,False,False,743
githubnext/agentics/workflows/issue-arborist.md,githubnext/agentics,workflows/issue-arborist.md,497230d3867fe453aae74b15d06178d45a39fcce,2026-05-08 20:56:58+00:00,3,False,1,1,0,0,2,True,⬇🌳,False,False,743
githubnext/agentics/workflows/issue-monster.md,githubnext/agentics,workflows/issue-monster.md,5d1811880f4e924f367e64502f3c5870742892a3,2026-06-26 06:21:47+00:00,1,False,12,1,29,2,44,True,👾🛑⚠🛡🍽🍪😋😢✅❌,True,False,2174
githubnext/agentics/workflows/issue-triage.md,githubnext/agentics,workflows/issue-triage.md,6631cad64db5fe8e80fb307d045af948340ef361,2025-07-31 15:45:45+00:00,1,False,0,0,1,0,1,True,🎯,False,False,569
githubnext/agentics/workflows/issue-triage.md,githubnext/agentics,workflows/issue-triage.md,10587bfb0168f8bac9e2baec8d144f1c147cfcf0,2025-07-31 18:08:18+00:00,2,False,0,0,1,0,1,True,🎯,False,False,571
githubnext/agentics/workflows/issue-triage.md,githubnext/agentics,workflows/issue-triage.md,91efef7a6296b18637116b4215ee746151acaafb,2025-08-01 16:01:42+00:00,3,False,0,0,1,0,1,True,🎯,False,False,571
githubnext/agentics/workflows/issue-triage.md,githubnext/agentics,workflows/issue-triage.md,7514e6968dd8d0da53a0b55384e76dc1d36fd48b,2025-08-01 23:51:00+00:00,4,False,0,0,1,0,1,True,🎯,False,False,556
githubnext/agentics/workflows/issue-triage.md,githubnext/agentics,workflows/issue-triage.md,eeaac18c61d943e13cf2367c8689a892486f2869,2025-08-02 01:16:27+00:00,5,False,0,0,1,0,1,True,🎯,False,False,558
githubnext/agentics/workflows/issue-triage.md,githubnext/agentics,workflows/issue-triage.md,9c20bd34ca554d3226d956780caddfcbb88c72a1,2025-08-12 19:58:02+00:00,6,False,0,0,1,0,1,True,🎯,False,False,558
githubnext/agentics/workflows/issue-triage.md,githubnext/agentics,workflows/issue-triage.md,0125b7683216c4123cb803621a01b54492c49c84,2025-08-23 14:14:13+00:00,7,False,0,0,1,0,1,True,🎯,False,False,597
githubnext/agentics/workflows/issue-triage.md,githubnext/agentics,workflows/issue-triage.md,00f09e47b058e9767bb2e8ca0d17e2a41f135ec6,2025-08-23 14:37:59+00:00,8,False,0,0,1,0,1,True,🎯,False,False,558
githubnext/agentics/workflows/issue-triage.md,githubnext/agentics,workflows/issue-triage.md,c0d2dfc74e69254c64924003dcf6b14cdb67e28e,2025-08-26 19:37:57+00:00,9,False,0,0,1,0,1,True,🎯,False,False,570
githubnext/agentics/workflows/issue-triage.md,githubnext/agentics,workflows/issue-triage.md,42f367152761942e22a3b48b17f57c8cfbe0ed79,2025-08-31 16:30:56+00:00,10,False,0,0,1,0,1,True,🎯,False,False,568
githubnext/agentics/workflows/issue-triage.md,githubnext/agentics,workflows/issue-triage.md,2881b4df0598d1708446a101168c4cd691c94e50,2025-08-31 21:04:19+00:00,11,False,0,0,1,0,1,True,🎯,False,False,568
githubnext/agentics/workflows/issue-triage.md,githubnext/agentics,workflows/issue-triage.md,776c61d12ae61942726673cffb9b8b667193d76b,2025-09-01 12:06:54+00:00,12,False,0,0,1,0,1,True,🎯,False,False,568
githubnext/agentics/workflows/issue-triage.md,githubnext/agentics,workflows/issue-triage.md,e755e200c12b0ddebb3e89588d77710a249abde5,2025-09-04 03:07:01+00:00,13,False,0,0,1,0,1,True,🎯,False,False,566
githubnext/agentics/workflows/issue-triage.md,githubnext/agentics,workflows/issue-triage.md,ab5c853602725b2ed1000ab1ccf033746628f194,2025-10-02 19:01:20+00:00,14,False,0,0,1,0,1,True,🎯,False,False,564
githubnext/agentics/workflows/issue-triage.md,githubnext/agentics,workflows/issue-triage.md,ff5a15f9ea7788a7539badc51ff88e899d576b72,2025-10-03 00:16:15+00:00,15,False,0,0,1,0,1,True,🎯,False,False,562
githubnext/agentics/workflows/issue-triage.md,githubnext/agentics,workflows/issue-triage.md,6afdc34917decdb97130473704c3f2f9206ca1f5,2025-10-03 01:47:36+00:00,16,False,0,0,1,0,1,True,🎯,False,False,560
githubnext/agentics/workflows/issue-triage.md,githubnext/agentics,workflows/issue-triage.md,e8e20aa163d56af33e7bd8dac4cbc70821a4a745,2025-10-10 18:59:32+00:00,17,False,0,0,1,0,1,True,🎯,False,False,560
githubnext/agentics/workflows/issue-triage.md,githubnext/agentics,workflows/issue-triage.md,eb489a0b6cb3bd7c7f94d5d3362237641c22cd31,2025-10-11 18:52:59+00:00,18,False,0,0,1,0,1,True,🎯,False,False,548
githubnext/agentics/workflows/issue-triage.md,githubnext/agentics,workflows/issue-triage.md,d5c4d948c7ff2f13d43ba2ab3aadfc5ab141d63a,2025-10-24 18:58:07+00:00,19,False,0,0,1,0,1,True,🎯,False,False,542
githubnext/agentics/workflows/issue-triage.md,githubnext/agentics,workflows/issue-triage.md,bf8d330e628f2c235cd9304310156bdbbfa61123,2025-10-24 19:03:24+00:00,20,False,0,0,1,0,1,True,🎯,False,False,552
githubnext/agentics/workflows/issue-triage.md,githubnext/agentics,workflows/issue-triage.md,6e25aedbb43fbb2a0f4666917682728a58a9b2b7,2026-02-13 03:25:44+00:00,21,False,0,0,1,0,1,True,🎯,False,False,551
githubnext/agentics/workflows/issue-triage.md,githubnext/agentics,workflows/issue-triage.md,497230d3867fe453aae74b15d06178d45a39fcce,2026-05-08 20:56:58+00:00,22,False,0,0,1,0,1,True,🎯,False,False,554
githubnext/agentics/workflows/issue-triage.md,githubnext/agentics,workflows/issue-triage.md,e59994b330d765823202927b3fb26e909fbc72ab,2026-05-12 13:58:09+00:00,23,False,0,0,0,4,4,True,🎯📊🔗💡,False,False,811
githubnext/agentics/workflows/issue-triage.md,githubnext/agentics,workflows/issue-triage.md,578e0e0ea6291fed42a36d3fd46cec6a0e86afd8,2026-08-27 17:44:46+00:00,24,False,0,0,0,0,0,False,,False,False,555
githubnext/agentics/workflows/knowledge-base-curator.md,githubnext/agentics,workflows/knowledge-base-curator.md,8405f866d4c0156a61f743989725315f57de9c8f,2025-07-30 11:07:44+00:00,1,False,0,0,0,0,0,False,,False,False,561
githubnext/agentics/workflows/knowledge-manager.md,githubnext/agentics,workflows/knowledge-manager.md,abbad643bb58184ad7e19d4435bb7c995f90494f,2025-07-30 10:58:19+00:00,1,False,0,0,0,0,0,False,,False,False,465
githubnext/agentics/workflows/large-file-simplifier.md,githubnext/agentics,workflows/large-file-simplifier.md,fc4ab36dedc44e2a1cdc195cecce262f06c81230,2026-05-05 14:57:37+00:00,1,False,0,0,0,1,1,True,✅,False,False,874
githubnext/agentics/workflows/lean-squad.md,githubnext/agentics,workflows/lean-squad.md,9a76aba267225767b9b2e1623188d11ed9b58f11,2026-03-18 19:53:52+00:00,1,False,0,0,2,8,10,True,🔬✅🔄⬜📋🐛📝,False,False,2301
githubnext/agentics/workflows/lean-squad.md,githubnext/agentics,workflows/lean-squad.md,8f677a45bd5c5174d7bef4188993b1cbe49673fc,2026-03-18 20:26:56+00:00,2,False,0,0,2,8,10,True,🔬✅🔄⬜📋🐛📝,False,False,2495
githubnext/agentics/workflows/lean-squad.md,githubnext/agentics,workflows/lean-squad.md,770e00d5350b0f2edcb3cd6bbecc1cdcbb8fb7df,2026-03-26 13:53:59+00:00,3,False,3,0,3,12,18,True,📐🔬⚠✅🔄❌⬜📋🐛📝,False,False,5744
githubnext/agentics/workflows/lean-squad.md,githubnext/agentics,workflows/lean-squad.md,1f672aef974f4246124860fc532f82fe8a93a57e,2026-03-26 17:17:44+00:00,4,False,3,0,3,12,18,True,📐🔬⚠✅🔄❌⬜📋🐛📝,False,False,5812
githubnext/agentics/workflows/lean-squad.md,githubnext/agentics,workflows/lean-squad.md,bea5b7ec0b8c16c45d49650730c5e49e93436f20,2026-04-04 13:03:44+00:00,5,False,1,0,3,12,16,True,📐🔬⚠✅🔄❌⬜📋🐛📝,False,False,5838
githubnext/agentics/workflows/lean-squad.md,githubnext/agentics,workflows/lean-squad.md,7c7feb61a52b662eb2089aa2945588b7a200d404,2026-04-04 18:34:47+00:00,6,False,1,0,7,15,23,True,📐🔬✅⚠❌🔄⬜📋🐛📝,False,False,6836
githubnext/agentics/workflows/lean-squad.md,githubnext/agentics,workflows/lean-squad.md,8f2d44f5d624e31c4af7cdbd948c6f5eba875a85,2026-04-17 07:59:27+00:00,7,False,1,0,7,18,26,True,📐🔬✅⚠❌🔄⬜📋🐛📝,False,False,8061
githubnext/agentics/workflows/lean-squad.md,githubnext/agentics,workflows/lean-squad.md,04429ef32d97c6290ebb240876453fb80b6f5eb6,2026-04-17 11:08:43+00:00,8,False,1,0,7,18,26,True,📐🔬✅⚠❌🔄⬜📋🐛📝,False,False,8061
githubnext/agentics/workflows/lean-squad.md,githubnext/agentics,workflows/lean-squad.md,e887c9f1ec9aefaee2b66b11faab5bf6e5b8ef5e,2026-04-17 11:15:11+00:00,9,False,1,0,7,15,23,True,📐🔬✅⚠❌🔄⬜📋🐛📝,False,False,8285
githubnext/agentics/workflows/lean-squad.md,githubnext/agentics,workflows/lean-squad.md,5d9d9077eaeab8c3ca0476e62fcf3140526a1985,2026-04-21 00:15:54+00:00,10,False,1,0,7,15,23,True,📐🔬✅⚠❌🔄⬜📋🐛📝,False,False,8944
githubnext/agentics/workflows/lean-squad.md,githubnext/agentics,workflows/lean-squad.md,38aba80e98bfaa7541df6d839cbaf8d121451499,2026-04-21 03:00:36+00:00,11,False,1,0,7,15,23,True,📐🔬✅⚠❌🔄⬜📋🐛📝,False,False,8997
githubnext/agentics/workflows/lean-squad.md,githubnext/agentics,workflows/lean-squad.md,3de4e604a36b5190a1c7dc4719c7341500ba8a95,2026-04-24 08:23:21+00:00,12,False,1,0,7,15,23,True,📐🔬✅⚠❌🔄⬜📋🐛📝,False,False,8993
githubnext/agentics/workflows/lean-squad.md,githubnext/agentics,workflows/lean-squad.md,dcc45f7b7a2c54d652fa242c0d3964f8b15ac4bf,2026-04-29 16:57:00+00:00,13,False,1,0,7,15,23,True,📐🔬✅⚠❌🔄⬜📋🐛📝,False,False,9625
githubnext/agentics/workflows/lean-squad.md,githubnext/agentics,workflows/lean-squad.md,f2cfb4fb924dbd58ea9b4235d18e905c9040b0ca,2026-04-30 09:16:02+00:00,14,False,1,0,7,15,23,True,📐🔬✅⚠❌🔄⬜📋🐛📝,False,False,9189
githubnext/agentics/workflows/lean-squad.md,githubnext/agentics,workflows/lean-squad.md,497230d3867fe453aae74b15d06178d45a39fcce,2026-05-08 20:56:58+00:00,15,False,1,0,7,15,23,True,📐🔬✅⚠❌🔄⬜📋🐛📝,False,False,9177
githubnext/agentics/workflows/lean-squad.md,githubnext/agentics,workflows/lean-squad.md,054f7e0bbd8746b147fc60baf2df35a5dead710a,2026-06-06 12:32:28+00:00,16,False,1,0,7,15,23,True,📐🔬✅⚠❌🔄⬜📋🐛📝,False,False,9195
githubnext/agentics/workflows/legal-advisor-agent.md,githubnext/agentics,workflows/legal-advisor-agent.md,282b6d6a919a14c6ce2a4b68f9713a5e51b82f3b,2025-07-30 11:06:18+00:00,1,False,0,0,0,0,0,False,,False,False,460
githubnext/agentics/workflows/library-knowledge-agent.md,githubnext/agentics,workflows/library-knowledge-agent.md,8405f866d4c0156a61f743989725315f57de9c8f,2025-07-30 11:07:44+00:00,1,False,0,0,0,0,0,False,,False,False,729
githubnext/agentics/workflows/link-checker.md,githubnext/agentics,workflows/link-checker.md,ebf240fb0d46f2cd7d654ab228f5c4aa50e29356,2026-02-18 00:03:17+00:00,1,False,2,0,2,0,4,True,✅❌,False,False,697
githubnext/agentics/workflows/link-checker.md,githubnext/agentics,workflows/link-checker.md,054f7e0bbd8746b147fc60baf2df35a5dead710a,2026-06-06 12:32:28+00:00,2,False,2,0,2,0,4,True,✅❌,False,False,697
githubnext/agentics/workflows/logging-analyst-agent.md,githubnext/agentics,workflows/logging-analyst-agent.md,9ffa12caab49d0485616ef94777305fe3c1f4581,2025-07-30 11:06:06+00:00,1,False,0,0,0,0,0,False,,False,False,439
githubnext/agentics/workflows/maintainer.md,githubnext/agentics,workflows/maintainer.md,7fd31902e2252188bc7dfd0f9c603cad2b1b8b10,2025-10-22 17:41:11+00:00,1,False,0,0,0,0,0,False,,False,False,375
githubnext/agentics/workflows/malicious-code-scan.md,githubnext/agentics,workflows/malicious-code-scan.md,497230d3867fe453aae74b15d06178d45a39fcce,2026-05-08 20:56:58+00:00,1,False,0,0,10,0,10,True,✅,False,False,1377
githubnext/agentics/workflows/malicious-code-scan.md,githubnext/agentics,workflows/malicious-code-scan.md,054f7e0bbd8746b147fc60baf2df35a5dead710a,2026-06-06 12:32:28+00:00,2,False,0,0,10,0,10,True,✅,False,False,1380
githubnext/agentics/workflows/markdown-linter.md,githubnext/agentics,workflows/markdown-linter.md,e9d60822329eb50a32fcfc54ebd68078e4f5133e,2026-03-07 20:32:43+00:00,1,False,0,0,0,6,6,True,🔍📊📁🎯📋🔗,False,False,347
githubnext/agentics/workflows/memory-management-agent.md,githubnext/agentics,workflows/memory-management-agent.md,2bbf9fdcd6d58d3714581677a2afa401ef2b3671,2025-07-30 11:03:34+00:00,1,False,0,0,0,0,0,False,,False,False,420
githubnext/agentics/workflows/merge-conflict-resolver-agent.md,githubnext/agentics,workflows/merge-conflict-resolver-agent.md,2bbf9fdcd6d58d3714581677a2afa401ef2b3671,2025-07-30 11:03:34+00:00,1,False,0,0,0,0,0,False,,False,False,588
githubnext/agentics/workflows/model-update-agent.md,githubnext/agentics,workflows/model-update-agent.md,8405f866d4c0156a61f743989725315f57de9c8f,2025-07-30 11:07:44+00:00,1,False,0,0,0,0,0,False,,False,False,692
githubnext/agentics/workflows/monitoring-agent.md,githubnext/agentics,workflows/monitoring-agent.md,9ffa12caab49d0485616ef94777305fe3c1f4581,2025-07-30 11:06:06+00:00,1,False,0,0,0,0,0,False,,False,False,352
githubnext/agentics/workflows/multi-device-docs-tester.md,githubnext/agentics,workflows/multi-device-docs-tester.md,497230d3867fe453aae74b15d06178d45a39fcce,2026-05-08 20:56:58+00:00,1,False,0,0,5,3,8,True,📱🔴🟡🟢,False,False,847
githubnext/agentics/workflows/multi-device-docs-tester.md,githubnext/agentics,workflows/multi-device-docs-tester.md,054f7e0bbd8746b147fc60baf2df35a5dead710a,2026-06-06 12:32:28+00:00,2,False,0,0,5,3,8,True,📱🔴🟡🟢,False,False,850
githubnext/agentics/workflows/outputs/issue-comment.md,githubnext/agentics,workflows/outputs/issue-comment.md,7171610fe2b63173e94df27ef705cc03aa7ebe0f,2025-07-24 22:39:41+00:00,1,False,0,0,0,0,0,False,,False,False,259
githubnext/agentics/workflows/outputs/job-summary.md,githubnext/agentics,workflows/outputs/job-summary.md,7171610fe2b63173e94df27ef705cc03aa7ebe0f,2025-07-24 22:39:41+00:00,1,False,0,0,0,0,0,False,,False,False,123
githubnext/agentics/workflows/outputs/shared-team-issue.md,githubnext/agentics,workflows/outputs/shared-team-issue.md,7171610fe2b63173e94df27ef705cc03aa7ebe0f,2025-07-24 22:39:41+00:00,1,False,0,0,0,0,0,False,,False,False,272
githubnext/agentics/workflows/perf-improver.md,githubnext/agentics,workflows/perf-improver.md,497230d3867fe453aae74b15d06178d45a39fcce,2026-05-08 20:56:58+00:00,1,False,0,0,9,0,9,True,🤖🔍🔧💬📊🔄,False,False,2289
githubnext/agentics/workflows/performance-optimizer-agent.md,githubnext/agentics,workflows/performance-optimizer-agent.md,2bbf9fdcd6d58d3714581677a2afa401ef2b3671,2025-07-30 11:03:34+00:00,1,False,0,0,0,0,0,False,,False,False,367
githubnext/agentics/workflows/performance-overseer-agent.md,githubnext/agentics,workflows/performance-overseer-agent.md,282b6d6a919a14c6ce2a4b68f9713a5e51b82f3b,2025-07-30 11:06:18+00:00,1,False,0,0,0,0,0,False,,False,False,404
githubnext/agentics/workflows/performance-tester-agent.md,githubnext/agentics,workflows/performance-tester-agent.md,dd76f0689bab6dae6998fc0d6e69b810e141320c,2025-07-30 11:03:06+00:00,1,False,0,0,0,0,0,False,,False,False,497
githubnext/agentics/workflows/plan.md,githubnext/agentics,workflows/plan.md,569f7da2684d34bd6a0f662fa8f340348bbdbcbf,2025-11-21 14:48:10+00:00,1,False,0,0,0,0,0,False,,False,False,681
githubnext/agentics/workflows/plan.md,githubnext/agentics,workflows/plan.md,6035e2b45ff968b3ccc1945a0858d98bf87826e5,2026-02-19 06:02:06+00:00,2,False,0,0,0,0,0,False,,False,False,681
githubnext/agentics/workflows/plan.md,githubnext/agentics,workflows/plan.md,497230d3867fe453aae74b15d06178d45a39fcce,2026-05-08 20:56:58+00:00,3,False,0,0,0,0,0,False,,False,False,285
githubnext/agentics/workflows/post-mortem-analyst-agent.md,githubnext/agentics,workflows/post-mortem-analyst-agent.md,9ffa12caab49d0485616ef94777305fe3c1f4581,2025-07-30 11:06:06+00:00,1,False,0,0,0,0,0,False,,False,False,560
githubnext/agentics/workflows/pr-fix.md,githubnext/agentics,workflows/pr-fix.md,04524616918f7d0110489e9686cc74b8192e0da8,2025-08-25 23:24:57+00:00,1,False,0,0,0,0,0,False,,False,False,274
githubnext/agentics/workflows/pr-fix.md,githubnext/agentics,workflows/pr-fix.md,04865f87adad98dc83566d9b10ecbb644d27ac46,2025-08-25 23:30:21+00:00,2,False,0,0,0,0,0,False,,False,False,286
githubnext/agentics/workflows/pr-fix.md,githubnext/agentics,workflows/pr-fix.md,b0cfbcbd6be03e4e7ad56b83a8d588ca6aa3b220,2025-08-26 00:22:12+00:00,3,False,0,0,0,0,0,False,,False,False,286
githubnext/agentics/workflows/pr-fix.md,githubnext/agentics,workflows/pr-fix.md,c0d2dfc74e69254c64924003dcf6b14cdb67e28e,2025-08-26 19:37:57+00:00,4,False,0,0,0,0,0,False,,False,False,280
githubnext/agentics/workflows/pr-fix.md,githubnext/agentics,workflows/pr-fix.md,42f367152761942e22a3b48b17f57c8cfbe0ed79,2025-08-31 16:30:56+00:00,5,False,0,0,0,0,0,False,,False,False,276
githubnext/agentics/workflows/pr-fix.md,githubnext/agentics,workflows/pr-fix.md,776c61d12ae61942726673cffb9b8b667193d76b,2025-09-01 12:06:54+00:00,6,False,0,0,0,0,0,False,,False,False,278
githubnext/agentics/workflows/pr-fix.md,githubnext/agentics,workflows/pr-fix.md,e755e200c12b0ddebb3e89588d77710a249abde5,2025-09-04 03:07:01+00:00,7,False,0,0,0,0,0,False,,False,False,276
githubnext/agentics/workflows/pr-fix.md,githubnext/agentics,workflows/pr-fix.md,4701590d832ca27440428c84b5ac5904bc0d4eec,2025-09-17 18:37:48+00:00,8,False,0,0,0,0,0,False,,False,False,310
githubnext/agentics/workflows/pr-fix.md,githubnext/agentics,workflows/pr-fix.md,ab5c853602725b2ed1000ab1ccf033746628f194,2025-10-02 19:01:20+00:00,9,False,0,0,0,0,0,False,,False,False,304
githubnext/agentics/workflows/pr-fix.md,githubnext/agentics,workflows/pr-fix.md,ff5a15f9ea7788a7539badc51ff88e899d576b72,2025-10-03 00:16:15+00:00,10,False,0,0,0,0,0,False,,False,False,302
githubnext/agentics/workflows/pr-fix.md,githubnext/agentics,workflows/pr-fix.md,6afdc34917decdb97130473704c3f2f9206ca1f5,2025-10-03 01:47:36+00:00,11,False,0,0,0,0,0,False,,False,False,300
githubnext/agentics/workflows/pr-fix.md,githubnext/agentics,workflows/pr-fix.md,ddd497457c64b021c3f5b1bed38325ce9e8862b0,2025-10-06 16:43:50+00:00,12,False,0,0,0,0,0,False,,False,False,289
githubnext/agentics/workflows/pr-fix.md,githubnext/agentics,workflows/pr-fix.md,e8e20aa163d56af33e7bd8dac4cbc70821a4a745,2025-10-10 18:59:32+00:00,13,False,0,0,0,0,0,False,,False,False,289
githubnext/agentics/workflows/pr-fix.md,githubnext/agentics,workflows/pr-fix.md,eb489a0b6cb3bd7c7f94d5d3362237641c22cd31,2025-10-11 18:52:59+00:00,14,False,0,0,0,0,0,False,,False,False,277
githubnext/agentics/workflows/pr-fix.md,githubnext/agentics,workflows/pr-fix.md,ebedab5169a6ed038d5382fd8b329b7bd0042fc0,2025-10-11 22:46:39+00:00,15,False,0,0,0,0,0,False,,False,False,277
githubnext/agentics/workflows/pr-fix.md,githubnext/agentics,workflows/pr-fix.md,d3422bf940923ef1d43db5559652b8e1e71869f3,2025-11-17 14:53:34+00:00,16,False,0,0,0,0,0,False,,False,False,277
githubnext/agentics/workflows/pr-fix.md,githubnext/agentics,workflows/pr-fix.md,b770edc74653770a2afd3c164383c98246cd9c4a,2026-01-13 15:41:00+00:00,17,False,0,0,0,0,0,False,,False,False,277
githubnext/agentics/workflows/pr-fix.md,githubnext/agentics,workflows/pr-fix.md,adea00ee5830135f24022f1000d706c7f5fa24c4,2026-02-16 20:30:45+00:00,18,False,0,0,0,0,0,False,,False,False,278
githubnext/agentics/workflows/pr-fix.md,githubnext/agentics,workflows/pr-fix.md,6035e2b45ff968b3ccc1945a0858d98bf87826e5,2026-02-19 06:02:06+00:00,19,False,0,0,0,0,0,False,,False,False,278
githubnext/agentics/workflows/pr-fix.md,githubnext/agentics,workflows/pr-fix.md,dc39bb218d10d507ea4ee2f0656aedd5425b8fbd,2026-02-22 06:38:48+00:00,20,False,0,0,0,0,0,False,,False,False,278
githubnext/agentics/workflows/pr-nitpick-reviewer.md,githubnext/agentics,workflows/pr-nitpick-reviewer.md,7a08986d9cb131c775c4b2408a9988b8e6b14fa5,2026-03-03 02:23:22+00:00,1,False,5,1,6,0,12,True,🔍🔬✅❌,False,False,1001
githubnext/agentics/workflows/pr-nitpick-reviewer.md,githubnext/agentics,workflows/pr-nitpick-reviewer.md,4957663821dbb3260348084fa2f1659701950fef,2026-03-23 00:38:53+00:00,2,False,5,1,7,0,13,True,🔍🔬✅❌,False,False,1083
githubnext/agentics/workflows/product-manager.md,githubnext/agentics,workflows/product-manager.md,9a576eb0ffd9286e527a923a5abc795a65014747,2025-07-30 11:01:37+00:00,1,False,0,0,0,0,0,False,,False,False,385
githubnext/agentics/workflows/product-owner.md,githubnext/agentics,workflows/product-owner.md,abbad643bb58184ad7e19d4435bb7c995f90494f,2025-07-30 10:58:19+00:00,1,False,0,0,0,0,0,False,,False,False,361
githubnext/agentics/workflows/project-manager.md,githubnext/agentics,workflows/project-manager.md,abbad643bb58184ad7e19d4435bb7c995f90494f,2025-07-30 10:58:19+00:00,1,False,0,0,0,0,0,False,,False,False,365
githubnext/agentics/workflows/prompt-optimizer.md,githubnext/agentics,workflows/prompt-optimizer.md,8405f866d4c0156a61f743989725315f57de9c8f,2025-07-30 11:07:44+00:00,1,False,0,0,0,0,0,False,,False,False,658
githubnext/agentics/workflows/q.md,githubnext/agentics,workflows/q.md,4fc8331d896dd576fa883899f80c5d6482b2be2e,2025-11-21 14:47:53+00:00,1,False,0,0,7,3,10,True,✅,False,False,1749
githubnext/agentics/workflows/q.md,githubnext/agentics,workflows/q.md,cd6e5e42ec6ae7cb01337ef2ffb9f7eeaca30cb0,2026-01-22 16:19:28+00:00,2,False,0,0,7,3,10,True,✅,False,False,1748
githubnext/agentics/workflows/q.md,githubnext/agentics,workflows/q.md,c11f94d8744b4d5ec3f2afe8a3c0cca787add16d,2026-01-24 10:49:13+00:00,3,False,0,0,7,3,10,True,✅,False,False,1736
githubnext/agentics/workflows/q.md,githubnext/agentics,workflows/q.md,f0c1b6f17fdecffbb417c77f1e5ee0e4e5d55adf,2026-02-09 13:23:37+00:00,4,False,0,0,7,3,10,True,✅,False,False,1737
githubnext/agentics/workflows/q.md,githubnext/agentics,workflows/q.md,1a12f3205fd1d7ac097b3cd2e25d15f38b8c9fdc,2026-02-13 01:11:24+00:00,5,False,0,0,7,3,10,True,✅,False,False,1737
githubnext/agentics/workflows/q.md,githubnext/agentics,workflows/q.md,6035e2b45ff968b3ccc1945a0858d98bf87826e5,2026-02-19 06:02:06+00:00,6,False,0,0,7,3,10,True,✅,False,False,1737
githubnext/agentics/workflows/q.md,githubnext/agentics,workflows/q.md,85c48f228c416bc140cd0f808f026027e5d1138d,2026-02-21 13:05:48+00:00,7,False,0,0,7,3,10,True,✅,False,False,1739
githubnext/agentics/workflows/qa-analyst-agent.md,githubnext/agentics,workflows/qa-analyst-agent.md,dd76f0689bab6dae6998fc0d6e69b810e141320c,2025-07-30 11:03:06+00:00,1,False,0,0,0,0,0,False,,False,False,521
githubnext/agentics/workflows/quality-assurance-lead.md,githubnext/agentics,workflows/quality-assurance-lead.md,abbad643bb58184ad7e19d4435bb7c995f90494f,2025-07-30 10:58:19+00:00,1,False,0,0,0,0,0,False,,False,False,510
githubnext/agentics/workflows/quality-gatekeeper-agent.md,githubnext/agentics,workflows/quality-gatekeeper-agent.md,5cf028da1d8f467af53b3521111f4bdb122d1712,2025-07-30 11:02:42+00:00,1,False,0,0,0,0,0,False,,False,False,453
githubnext/agentics/workflows/refactoring-agent.md,githubnext/agentics,workflows/refactoring-agent.md,2bbf9fdcd6d58d3714581677a2afa401ef2b3671,2025-07-30 11:03:34+00:00,1,False,0,0,0,0,0,False,,False,False,372
githubnext/agentics/workflows/regression-test-agent.md,githubnext/agentics,workflows/regression-test-agent.md,dd76f0689bab6dae6998fc0d6e69b810e141320c,2025-07-30 11:03:06+00:00,1,False,0,0,0,0,0,False,,False,False,605
githubnext/agentics/workflows/regular-docs.md,githubnext/agentics,workflows/regular-docs.md,6631cad64db5fe8e80fb307d045af948340ef361,2025-07-31 15:45:45+00:00,1,False,0,0,0,0,0,False,,False,False,637
githubnext/agentics/workflows/regular-solve-issue.md,githubnext/agentics,workflows/regular-solve-issue.md,6631cad64db5fe8e80fb307d045af948340ef361,2025-07-31 15:45:45+00:00,1,False,0,0,0,0,0,False,,False,False,585
githubnext/agentics/workflows/repo-ask.md,githubnext/agentics,workflows/repo-ask.md,63480dfa6c04d67adf08475ea4458601ce1ebae0,2025-09-16 23:13:46+00:00,1,False,0,0,0,0,0,False,,False,False,168
githubnext/agentics/workflows/repo-ask.md,githubnext/agentics,workflows/repo-ask.md,ab5c853602725b2ed1000ab1ccf033746628f194,2025-10-02 19:01:20+00:00,2,False,0,0,0,0,0,False,,False,False,162
githubnext/agentics/workflows/repo-ask.md,githubnext/agentics,workflows/repo-ask.md,ff5a15f9ea7788a7539badc51ff88e899d576b72,2025-10-03 00:16:15+00:00,3,False,0,0,0,0,0,False,,False,False,160
githubnext/agentics/workflows/repo-ask.md,githubnext/agentics,workflows/repo-ask.md,6afdc34917decdb97130473704c3f2f9206ca1f5,2025-10-03 01:47:36+00:00,4,False,0,0,0,0,0,False,,False,False,158
githubnext/agentics/workflows/repo-ask.md,githubnext/agentics,workflows/repo-ask.md,ddd497457c64b021c3f5b1bed38325ce9e8862b0,2025-10-06 16:43:50+00:00,5,False,0,0,0,0,0,False,,False,False,147
githubnext/agentics/workflows/repo-ask.md,githubnext/agentics,workflows/repo-ask.md,e8e20aa163d56af33e7bd8dac4cbc70821a4a745,2025-10-10 18:59:32+00:00,6,False,0,0,0,0,0,False,,False,False,147
githubnext/agentics/workflows/repo-ask.md,githubnext/agentics,workflows/repo-ask.md,eb489a0b6cb3bd7c7f94d5d3362237641c22cd31,2025-10-11 18:52:59+00:00,7,False,0,0,0,0,0,False,,False,False,135
githubnext/agentics/workflows/repo-ask.md,githubnext/agentics,workflows/repo-ask.md,ebedab5169a6ed038d5382fd8b329b7bd0042fc0,2025-10-11 22:46:39+00:00,8,False,0,0,0,0,0,False,,False,False,135
githubnext/agentics/workflows/repo-ask.md,githubnext/agentics,workflows/repo-ask.md,6035e2b45ff968b3ccc1945a0858d98bf87826e5,2026-02-19 06:02:06+00:00,9,False,0,0,0,0,0,False,,False,False,135
githubnext/agentics/workflows/repo-assist.md,githubnext/agentics,workflows/repo-assist.md,ac4f63941a40c804d1fe02b2b7cbe10e39bbe58a,2026-02-21 13:36:20+00:00,1,False,0,0,19,0,19,True,🤖👋📖🤝💬🔧🏷📝🔄✅❌🔀🎯,False,True,3017
githubnext/agentics/workflows/repo-assist.md,githubnext/agentics,workflows/repo-assist.md,897b5c62f2e8c6fc729c6d385157de0b39a02d70,2026-02-21 13:44:06+00:00,2,False,0,0,19,0,19,True,🤖👋📖🤝💬🔧🏷📝🔄✅❌🔀🎯,False,True,3028
githubnext/agentics/workflows/repo-assist.md,githubnext/agentics,workflows/repo-assist.md,b6889159077cab6c0e585a31dcda5808c6a06aed,2026-02-21 14:43:04+00:00,3,False,0,0,20,0,20,True,🤖👋📖🤝💬🔧🏷📝🔄👀🔀✅❌🎯,False,True,3113
githubnext/agentics/workflows/repo-assist.md,githubnext/agentics,workflows/repo-assist.md,4cb6855f0b3c0a719d7d5c3af44d1646450e63e9,2026-02-21 18:46:49+00:00,4,False,0,0,20,0,20,True,🤖👋📖🤝💬🔧🏷📝🔄👀🔀✅❌🎯,False,True,3438
githubnext/agentics/workflows/repo-assist.md,githubnext/agentics,workflows/repo-assist.md,08abb3ea9353c4cf4d0360c639203c7aed2aa493,2026-02-22 00:15:53+00:00,5,False,0,0,15,0,15,True,🤖👋📖🤝💬🔧🏷📝🔄,False,True,3145
githubnext/agentics/workflows/repo-assist.md,githubnext/agentics,workflows/repo-assist.md,077cdbca7864e820e3425e9598cf1269d3dce05a,2026-02-22 08:11:47+00:00,6,False,0,0,9,0,9,True,🤖💬🔧🏷📝🔄,False,False,1721
githubnext/agentics/workflows/repo-assist.md,githubnext/agentics,workflows/repo-assist.md,0d6e8cf9db90470cd5477c6a40b350fd9f9e1422,2026-02-22 16:26:08+00:00,7,False,0,0,9,0,9,True,🤖💬🔧🏷📝🔄,False,False,1737
githubnext/agentics/workflows/repo-assist.md,githubnext/agentics,workflows/repo-assist.md,595b7a9c567ba4dce05ca824aec6e74b4dc545b8,2026-02-22 17:27:19+00:00,8,False,0,0,9,0,9,True,🤖💬🔧🏷📝🔄,False,False,1789
githubnext/agentics/workflows/repo-assist.md,githubnext/agentics,workflows/repo-assist.md,4b713cfa311ddd0da84d7428da66e8c13012c146,2026-02-22 17:56:33+00:00,9,False,0,0,9,0,9,True,🤖💬🔧🏷📝🔄,False,False,1890
githubnext/agentics/workflows/repo-assist.md,githubnext/agentics,workflows/repo-assist.md,d98fcc9353a970c674d6a2514e1b85d094bce4d7,2026-02-22 18:32:22+00:00,10,False,0,0,9,0,9,True,🤖💬🔧🏷📝🔄,False,False,1930
githubnext/agentics/workflows/repo-assist.md,githubnext/agentics,workflows/repo-assist.md,de40494d3f62516449f458c4f8d8d2fe370708fe,2026-02-22 18:34:24+00:00,11,False,0,0,9,0,9,True,🤖💬🔧🏷📝🔄,False,False,1982
githubnext/agentics/workflows/repo-assist.md,githubnext/agentics,workflows/repo-assist.md,ee50a3b7d1d3eb4a8c409ac9409fd61c9a66b0f5,2026-02-22 18:54:03+00:00,12,False,0,0,9,0,9,True,🤖💬🔧🏷📝🔄,False,False,2000
githubnext/agentics/workflows/repo-assist.md,githubnext/agentics,workflows/repo-assist.md,828ac109efb43990f59475cbfce90ede5546586c,2026-02-22 22:43:36+00:00,13,False,0,0,9,0,9,True,🤖💬🔧🏷📝🔄,False,False,2143
githubnext/agentics/workflows/repo-assist.md,githubnext/agentics,workflows/repo-assist.md,2f03fdaafb8c1ae62dfde7e0be762a822a201aeb,2026-02-23 19:47:18+00:00,14,False,0,0,9,0,9,True,🤖💬🔧🏷📝🔄,False,False,2286
githubnext/agentics/workflows/repo-assist.md,githubnext/agentics,workflows/repo-assist.md,aacd04cc82ac4f0438e4e34a7bc9ac2a28e59220,2026-02-24 03:48:05+00:00,15,False,0,0,9,0,9,True,🤖💬🔧🏷📝🔄,False,False,2286
githubnext/agentics/workflows/repo-assist.md,githubnext/agentics,workflows/repo-assist.md,dcdcfd1fff79a8908465335200473a87fdee86f4,2026-02-25 19:20:49+00:00,16,False,0,0,9,0,9,True,🤖💬🔧🏷📝🔄,False,False,2414
githubnext/agentics/workflows/repo-assist.md,githubnext/agentics,workflows/repo-assist.md,69c1ee19e39e6aaba35519aafefb5cbf314de323,2026-02-26 11:32:52+00:00,17,False,0,0,9,0,9,True,🤖💬🔧🏷📝🔄,False,False,2822
githubnext/agentics/workflows/repo-assist.md,githubnext/agentics,workflows/repo-assist.md,afb00b92a9514fee9a14c583f059a03d05738f70,2026-02-26 13:40:39+00:00,18,False,0,0,9,0,9,True,🤖💬🔧🏷📝🔄,False,False,2914
githubnext/agentics/workflows/repo-assist.md,githubnext/agentics,workflows/repo-assist.md,69dc52f93e6abaaeb199c24e22b401f5bb1bac6f,2026-03-07 00:06:02+00:00,19,False,0,0,9,0,9,True,🤖💬🔧🏷📝🔄,False,False,2656
githubnext/agentics/workflows/repo-assist.md,githubnext/agentics,workflows/repo-assist.md,d975fee907421105562226072b27345545862e92,2026-03-07 18:15:29+00:00,20,False,0,0,9,0,9,True,🤖💬🔧🏷📝🔄,False,False,2684
githubnext/agentics/workflows/repo-assist.md,githubnext/agentics,workflows/repo-assist.md,30e497915b16f1f81b9a5e3afdf89f98228f8e3f,2026-03-08 00:03:03+00:00,21,False,0,0,9,0,9,True,🤖💬🔧🏷📝🔄,False,False,2666
githubnext/agentics/workflows/repo-assist.md,githubnext/agentics,workflows/repo-assist.md,0ae10905c47f310d0ed58a020a4e611c0f890442,2026-03-08 00:31:06+00:00,22,False,0,0,9,0,9,True,🤖💬🔧🏷📝🔄,False,False,2694
githubnext/agentics/workflows/repo-assist.md,githubnext/agentics,workflows/repo-assist.md,f2cfb4fb924dbd58ea9b4235d18e905c9040b0ca,2026-04-30 09:16:02+00:00,23,False,1,0,9,0,10,True,🌈🤖💬🔧🏷📝🔄,False,False,2906
githubnext/agentics/workflows/repo-assist.md,githubnext/agentics,workflows/repo-assist.md,497230d3867fe453aae74b15d06178d45a39fcce,2026-05-08 20:56:58+00:00,24,False,1,0,9,0,10,True,🌈🤖💬🔧🏷📝🔄,False,False,2903
githubnext/agentics/workflows/repo-assist.md,githubnext/agentics,workflows/repo-assist.md,c7d030cd6d4607b90d9ac3ffc8b24aff4f251632,2026-05-09 12:20:41+00:00,25,False,1,0,9,0,10,True,🌈🤖💬🔧🏷📝🔄,False,False,2915
githubnext/agentics/workflows/repo-assist.md,githubnext/agentics,workflows/repo-assist.md,4bc8419fad05e6b032741cbfd189986700bcf71c,2026-09-08 09:21:10+00:00,26,False,1,0,9,0,10,True,🌈🤖💬🔧🏷📝🔄,False,False,3222
githubnext/agentics/workflows/repo-chronicle.md,githubnext/agentics,workflows/repo-chronicle.md,497230d3867fe453aae74b15d06178d45a39fcce,2026-05-08 20:56:58+00:00,1,False,1,1,5,1,8,True,📰📊🗞🔥💻📈,False,False,1265
githubnext/agentics/workflows/repo-status.md,githubnext/agentics,workflows/repo-status.md,497230d3867fe453aae74b15d06178d45a39fcce,2026-05-08 20:56:58+00:00,1,False,0,0,1,0,1,True,🌟,False,True,104
githubnext/agentics/workflows/repository-quality-improver.md,githubnext/agentics,workflows/repository-quality-improver.md,4c38dd19cf6bd04950dc2f98c91caba3d2acfcd6,2026-03-03 12:45:06+00:00,1,False,0,0,7,12,19,True,✅❌🎯⚠🤖📊,False,False,1797
githubnext/agentics/workflows/repository-quality-improver.md,githubnext/agentics,workflows/repository-quality-improver.md,899b885494293202a03b67147ebf4ff419d08498,2026-06-26 05:31:45+00:00,2,False,0,0,7,12,19,True,✅❌🎯⚠🤖📊,False,False,1791
githubnext/agentics/workflows/repository-quality-improver.md,githubnext/agentics,workflows/repository-quality-improver.md,81c7fc3067c6907b3674b03be40435c3f1db89dd,2026-06-26 05:32:29+00:00,3,False,0,0,7,12,19,True,✅❌🎯⚠🤖📊,False,False,1791
githubnext/agentics/workflows/requirements-analyst.md,githubnext/agentics,workflows/requirements-analyst.md,9a576eb0ffd9286e527a923a5abc795a65014747,2025-07-30 11:01:37+00:00,1,False,0,0,10,0,10,True,✅,False,False,666
githubnext/agentics/workflows/resource-manager.md,githubnext/agentics,workflows/resource-manager.md,abbad643bb58184ad7e19d4435bb7c995f90494f,2025-07-30 10:58:19+00:00,1,False,0,0,0,0,0,False,,False,False,412
githubnext/agentics/workflows/risk-analyst.md,githubnext/agentics,workflows/risk-analyst.md,abbad643bb58184ad7e19d4435bb7c995f90494f,2025-07-30 10:58:19+00:00,1,False,0,0,0,0,0,False,,False,False,430
githubnext/agentics/workflows/sample-generator.md,githubnext/agentics,workflows/sample-generator.md,8405f866d4c0156a61f743989725315f57de9c8f,2025-07-30 11:07:44+00:00,1,False,0,0,0,0,0,False,,False,False,749
githubnext/agentics/workflows/scrum-master.md,githubnext/agentics,workflows/scrum-master.md,abbad643bb58184ad7e19d4435bb7c995f90494f,2025-07-30 10:58:19+00:00,1,False,0,0,0,0,0,False,,False,False,392
githubnext/agentics/workflows/security-monitor-agent.md,githubnext/agentics,workflows/security-monitor-agent.md,5cf028da1d8f467af53b3521111f4bdb122d1712,2025-07-30 11:02:42+00:00,1,False,0,0,0,0,0,False,,False,False,411
githubnext/agentics/workflows/security-testing-agent.md,githubnext/agentics,workflows/security-testing-agent.md,dd76f0689bab6dae6998fc0d6e69b810e141320c,2025-07-30 11:03:06+00:00,1,False,0,0,0,0,0,False,,False,False,539
githubnext/agentics/workflows/shared/arxiv.md,githubnext/agentics,workflows/shared/arxiv.md,5791ed997f23fafeb1b9f90433ac6e4f44bdebc2,2026-02-27 05:14:37+00:00,1,True,0,0,0,0,0,False,,False,False,72
githubnext/agentics/workflows/shared/bash-refused.md,githubnext/agentics,workflows/shared/bash-refused.md,b7fd99b847fb8066fec19de4e244d1ef0cb890f5,2025-07-29 19:21:29+00:00,1,True,0,0,0,0,0,False,,False,False,59
githubnext/agentics/workflows/shared/bash-refused.md,githubnext/agentics,workflows/shared/bash-refused.md,076280149103573bcb4c214fd85844f933da874e,2025-07-31 16:47:12+00:00,2,True,0,0,0,0,0,False,,False,False,48
githubnext/agentics/workflows/shared/ffmpeg.md,githubnext/agentics,workflows/shared/ffmpeg.md,98177685bac3ab5f6c76f52c61a61ad52bca9d57,2026-02-27 06:07:06+00:00,1,True,0,0,0,0,0,False,,False,False,655
githubnext/agentics/workflows/shared/formatting.md,githubnext/agentics,workflows/shared/formatting.md,6c7124b8574c3f601cbf700505ffd4d77fbfe98e,2026-02-18 12:48:52+00:00,1,True,0,0,0,0,0,False,,False,False,167
githubnext/agentics/workflows/shared/gh-extra-tools.md,githubnext/agentics,workflows/shared/gh-extra-tools.md,eeaac18c61d943e13cf2367c8689a892486f2869,2025-08-02 01:16:27+00:00,1,True,0,0,0,0,0,False,,False,False,49
githubnext/agentics/workflows/shared/gh-read-tools.md,githubnext/agentics,workflows/shared/gh-read-tools.md,697665a8ba161a033277593fc366b20c1785148e,2025-08-01 16:43:44+00:00,1,True,0,0,0,0,0,False,,False,False,131
githubnext/agentics/workflows/shared/gh-read-tools.md,githubnext/agentics,workflows/shared/gh-read-tools.md,4208204b23b2e44a14c4492ed85666b0e52bc7b5,2025-08-02 00:41:11+00:00,2,True,0,0,0,0,0,False,,False,False,49
githubnext/agentics/workflows/shared/include-link.md,githubnext/agentics,workflows/shared/include-link.md,b7fd99b847fb8066fec19de4e244d1ef0cb890f5,2025-07-29 19:21:29+00:00,1,True,0,0,0,0,0,False,,False,False,51
githubnext/agentics/workflows/shared/issue-comment.md,githubnext/agentics,workflows/shared/issue-comment.md,b7fd99b847fb8066fec19de4e244d1ef0cb890f5,2025-07-29 19:21:29+00:00,1,True,0,0,0,0,0,False,,False,False,259
githubnext/agentics/workflows/shared/job-summary.md,githubnext/agentics,workflows/shared/job-summary.md,b7fd99b847fb8066fec19de4e244d1ef0cb890f5,2025-07-29 19:21:29+00:00,1,True,0,0,0,0,0,False,,False,False,123
githubnext/agentics/workflows/shared/job-summary.md,githubnext/agentics,workflows/shared/job-summary.md,ffa53c458739e73028a175fc831cf3dc72b523c9,2025-07-31 09:45:09+00:00,2,True,0,0,0,0,0,False,,False,False,122
githubnext/agentics/workflows/shared/job-summary.md,githubnext/agentics,workflows/shared/job-summary.md,91efef7a6296b18637116b4215ee746151acaafb,2025-08-01 16:01:42+00:00,3,True,0,0,0,0,0,False,,False,False,142
githubnext/agentics/workflows/shared/job-summary.md,githubnext/agentics,workflows/shared/job-summary.md,79d20b105e3c208062f51954082777b373f2f9e8,2025-08-01 18:18:24+00:00,4,True,0,0,0,0,0,False,,False,False,176
githubnext/agentics/workflows/shared/job-summary.md,githubnext/agentics,workflows/shared/job-summary.md,86a75822bf7a244a4ccad0cb8a0edc689d39c057,2025-08-01 20:42:46+00:00,5,True,0,0,0,0,0,False,,False,False,180
githubnext/agentics/workflows/shared/job-summary.md,githubnext/agentics,workflows/shared/job-summary.md,7514e6968dd8d0da53a0b55384e76dc1d36fd48b,2025-08-01 23:51:00+00:00,6,True,0,0,0,0,0,False,,False,True,178
githubnext/agentics/workflows/shared/job-summary.md,githubnext/agentics,workflows/shared/job-summary.md,28ca0a02a9ca238eadcd8dba309f8f71448b12b5,2025-08-02 00:57:42+00:00,7,True,0,0,0,0,0,False,,False,True,188
githubnext/agentics/workflows/shared/markitdown.md,githubnext/agentics,workflows/shared/markitdown.md,5791ed997f23fafeb1b9f90433ac6e4f44bdebc2,2026-02-27 05:14:37+00:00,1,True,0,0,0,0,0,False,,False,False,83
githubnext/agentics/workflows/shared/mcp/serena-go.md,githubnext/agentics,workflows/shared/mcp/serena-go.md,3b492db0dc693b4ae491e290d35bc0c9be34a85e,2026-03-31 12:49:59+00:00,1,True,0,0,0,0,0,False,,False,False,94
githubnext/agentics/workflows/shared/mcp/serena-go.md,githubnext/agentics,workflows/shared/mcp/serena-go.md,d75bbb027d1b4ebef6a1728786c5e9bbea97f780,2026-03-31 12:50:50+00:00,2,True,0,0,0,0,0,False,,False,False,76
githubnext/agentics/workflows/shared/mcp/serena.md,githubnext/agentics,workflows/shared/mcp/serena.md,45f0155226a6f845b007d736551ce3b093a2445e,2026-03-30 04:30:38+00:00,1,True,0,0,0,0,0,False,,False,False,157
githubnext/agentics/workflows/shared/mcp/serena.md,githubnext/agentics,workflows/shared/mcp/serena.md,3b492db0dc693b4ae491e290d35bc0c9be34a85e,2026-03-31 12:49:59+00:00,2,True,0,0,0,0,0,False,,False,False,157
githubnext/agentics/workflows/shared/no-push-to-main.md,githubnext/agentics,workflows/shared/no-push-to-main.md,6631cad64db5fe8e80fb307d045af948340ef361,2025-07-31 15:45:45+00:00,1,True,0,0,0,0,0,False,,False,False,32
githubnext/agentics/workflows/shared/qmd.md,githubnext/agentics,workflows/shared/qmd.md,68fbce99ecd4b0d0c0f90b7b18dabed450d43ec5,2026-03-31 12:46:44+00:00,1,True,0,0,0,0,0,False,,False,False,161
githubnext/agentics/workflows/shared/reporting.md,githubnext/agentics,workflows/shared/reporting.md,5d9f7e2a19e3c3e499a94a7e0a97b1f3fc60c141,2025-11-14 07:20:02+00:00,1,True,0,0,0,0,0,False,,False,False,346
githubnext/agentics/workflows/shared/reporting.md,githubnext/agentics,workflows/shared/reporting.md,ddae9d4feaac4bc8cc3f11e688f5316465a857f9,2026-02-03 00:31:39+00:00,2,True,0,0,0,0,0,False,,False,False,346
githubnext/agentics/workflows/shared/reporting.md,githubnext/agentics,workflows/shared/reporting.md,6c7124b8574c3f601cbf700505ffd4d77fbfe98e,2026-02-18 12:48:52+00:00,3,True,0,0,0,0,0,False,,False,False,195
githubnext/agentics/workflows/shared/reporting.md,githubnext/agentics,workflows/shared/reporting.md,85c48f228c416bc140cd0f808f026027e5d1138d,2026-02-21 13:05:48+00:00,4,True,0,0,0,0,0,False,,False,False,74
githubnext/agentics/workflows/shared/reporting.md,githubnext/agentics,workflows/shared/reporting.md,6160ffc89905200f072147f518ab4b16334b600a,2026-02-21 13:37:06+00:00,5,True,0,0,0,0,0,False,,False,False,195
githubnext/agentics/workflows/shared/shared-team-issue.md,githubnext/agentics,workflows/shared/shared-team-issue.md,b7fd99b847fb8066fec19de4e244d1ef0cb890f5,2025-07-29 19:21:29+00:00,1,True,0,0,0,0,0,False,,False,False,272
githubnext/agentics/workflows/shared/sq.md,githubnext/agentics,workflows/shared/sq.md,0a49b25fa1d64f3310b617dbcca466db373d0772,2026-02-27 05:56:56+00:00,1,True,0,0,0,0,0,False,,False,False,526
githubnext/agentics/workflows/shared/tool-refused.md,githubnext/agentics,workflows/shared/tool-refused.md,91efef7a6296b18637116b4215ee746151acaafb,2025-08-01 16:01:42+00:00,1,True,0,0,0,0,0,False,,False,False,61
githubnext/agentics/workflows/shared/tool-refused.md,githubnext/agentics,workflows/shared/tool-refused.md,7514e6968dd8d0da53a0b55384e76dc1d36fd48b,2025-08-01 23:51:00+00:00,2,True,0,0,0,0,0,False,,False,False,60
githubnext/agentics/workflows/shared/tool-refused.md,githubnext/agentics,workflows/shared/tool-refused.md,a371b734efabc3c2ff136fb05f03f0b868ee2f0e,2025-08-12 19:49:30+00:00,3,True,0,0,0,0,0,False,,False,False,58
githubnext/agentics/workflows/shared/workflow-changes.md,githubnext/agentics,workflows/shared/workflow-changes.md,6631cad64db5fe8e80fb307d045af948340ef361,2025-07-31 15:45:45+00:00,1,True,0,0,0,0,0,False,,False,False,53
githubnext/agentics/workflows/shared/xpia.md,githubnext/agentics,workflows/shared/xpia.md,10587bfb0168f8bac9e2baec8d144f1c147cfcf0,2025-07-31 18:08:18+00:00,1,True,0,0,0,0,0,False,,False,False,229
githubnext/agentics/workflows/sla-slo-manager-agent.md,githubnext/agentics,workflows/sla-slo-manager-agent.md,9ffa12caab49d0485616ef94777305fe3c1f4581,2025-07-30 11:06:06+00:00,1,False,0,0,0,0,0,False,,False,False,497
githubnext/agentics/workflows/solve-issues.md,githubnext/agentics,workflows/solve-issues.md,076280149103573bcb4c214fd85844f933da874e,2025-07-31 16:47:12+00:00,1,False,0,0,0,0,0,False,,False,False,585
githubnext/agentics/workflows/solve-issues.md,githubnext/agentics,workflows/solve-issues.md,10587bfb0168f8bac9e2baec8d144f1c147cfcf0,2025-07-31 18:08:18+00:00,2,False,0,0,0,0,0,False,,False,False,587
githubnext/agentics/workflows/starlight-scribe.md,githubnext/agentics,workflows/starlight-scribe.md,2ed7ba06faf428a106304da0174f14991a442f57,2025-07-25 12:43:47+00:00,1,False,0,0,0,0,0,False,,False,False,729
githubnext/agentics/workflows/starlight-scribe.md,githubnext/agentics,workflows/starlight-scribe.md,b7fd99b847fb8066fec19de4e244d1ef0cb890f5,2025-07-29 19:21:29+00:00,2,False,0,0,0,0,0,False,,False,False,643
githubnext/agentics/workflows/sub-issue-closer.md,githubnext/agentics,workflows/sub-issue-closer.md,ed0bb658cc2fceacc495277f8eb7827f40505e55,2026-02-26 12:05:25+00:00,1,False,0,1,1,6,8,True,🔒🎉🔍📋✅⏸,False,False,620
githubnext/agentics/workflows/sub-issue-closer.md,githubnext/agentics,workflows/sub-issue-closer.md,497230d3867fe453aae74b15d06178d45a39fcce,2026-05-08 20:56:58+00:00,2,False,0,1,1,6,8,True,🔒🎉🔍📋✅⏸,False,False,623
githubnext/agentics/workflows/supply-chain-security-specialist.md,githubnext/agentics,workflows/supply-chain-security-specialist.md,8cdaeeffe67ca40ba56eeabcaa173a565274a34d,2025-07-29 08:46:19+00:00,1,False,0,0,0,0,0,False,,False,False,885
githubnext/agentics/workflows/supply-chain-security-specialist.md,githubnext/agentics,workflows/supply-chain-security-specialist.md,062d037e121ad7d5fa76f2a6aea2b30db3ce09bd,2025-07-30 15:25:50+00:00,2,False,0,0,0,0,0,False,,False,False,926
githubnext/agentics/workflows/system-architect.md,githubnext/agentics,workflows/system-architect.md,9a576eb0ffd9286e527a923a5abc795a65014747,2025-07-30 11:01:37+00:00,1,False,0,0,0,0,0,False,,False,False,541
githubnext/agentics/workflows/task-decomposer.md,githubnext/agentics,workflows/task-decomposer.md,abbad643bb58184ad7e19d4435bb7c995f90494f,2025-07-30 10:58:19+00:00,1,False,0,0,0,0,0,False,,False,False,396
githubnext/agentics/workflows/team-status.md,githubnext/agentics,workflows/team-status.md,497230d3867fe453aae74b15d06178d45a39fcce,2026-05-08 20:56:58+00:00,1,False,0,0,1,0,1,True,🌟,False,True,93
githubnext/agentics/workflows/tech-content-editorial-board.md,githubnext/agentics,workflows/tech-content-editorial-board.md,8f9734b7e64b80cc29497af03eaf1e0d9e7625da,2026-03-19 00:47:42+00:00,1,False,0,0,0,1,1,True,✅,False,False,6284
githubnext/agentics/workflows/test-data-manager-agent.md,githubnext/agentics,workflows/test-data-manager-agent.md,dd76f0689bab6dae6998fc0d6e69b810e141320c,2025-07-30 11:03:06+00:00,1,False,0,0,0,0,0,False,,False,False,582
githubnext/agentics/workflows/test-execution-agent.md,githubnext/agentics,workflows/test-execution-agent.md,dd76f0689bab6dae6998fc0d6e69b810e141320c,2025-07-30 11:03:06+00:00,1,False,0,0,0,0,0,False,,False,False,497
githubnext/agentics/workflows/test-improver.md,githubnext/agentics,workflows/test-improver.md,497230d3867fe453aae74b15d06178d45a39fcce,2026-05-08 20:56:58+00:00,1,False,0,0,10,0,10,True,🤖🔍🔧💬📊🔄⚠,False,False,2540
githubnext/agentics/workflows/ui-prototyper.md,githubnext/agentics,workflows/ui-prototyper.md,9a576eb0ffd9286e527a923a5abc795a65014747,2025-07-30 11:01:37+00:00,1,False,0,0,0,0,0,False,,False,False,457
githubnext/agentics/workflows/unbloat-docs.md,githubnext/agentics,workflows/unbloat-docs.md,52d345ea47b3338175a42432a7c4a9b092ae356c,2026-02-18 17:30:40+00:00,1,False,5,0,5,0,10,True,🗜📦💪✅,False,False,1133
githubnext/agentics/workflows/unit-test-developer.md,githubnext/agentics,workflows/unit-test-developer.md,dd76f0689bab6dae6998fc0d6e69b810e141320c,2025-07-30 11:03:06+00:00,1,False,0,0,0,0,0,False,,False,False,437
githubnext/agentics/workflows/update-docs.md,githubnext/agentics,workflows/update-docs.md,076280149103573bcb4c214fd85844f933da874e,2025-07-31 16:47:12+00:00,1,False,0,0,0,0,0,False,,False,False,637
githubnext/agentics/workflows/update-docs.md,githubnext/agentics,workflows/update-docs.md,10587bfb0168f8bac9e2baec8d144f1c147cfcf0,2025-07-31 18:08:18+00:00,2,False,0,0,0,0,0,False,,False,False,639
githubnext/agentics/workflows/update-docs.md,githubnext/agentics,workflows/update-docs.md,91efef7a6296b18637116b4215ee746151acaafb,2025-08-01 16:01:42+00:00,3,False,0,0,0,0,0,False,,False,False,582
githubnext/agentics/workflows/update-docs.md,githubnext/agentics,workflows/update-docs.md,eeaac18c61d943e13cf2367c8689a892486f2869,2025-08-02 01:16:27+00:00,4,False,0,0,0,0,0,False,,False,False,584
githubnext/agentics/workflows/update-docs.md,githubnext/agentics,workflows/update-docs.md,a371b734efabc3c2ff136fb05f03f0b868ee2f0e,2025-08-12 19:49:30+00:00,5,False,0,0,0,0,0,False,,False,False,586
githubnext/agentics/workflows/update-docs.md,githubnext/agentics,workflows/update-docs.md,9c20bd34ca554d3226d956780caddfcbb88c72a1,2025-08-12 19:58:02+00:00,6,False,0,0,0,0,0,False,,False,False,586
githubnext/agentics/workflows/update-docs.md,githubnext/agentics,workflows/update-docs.md,3bc8d8ebe620a132ee91bbf126cc253c865c2b69,2025-08-13 20:44:24+00:00,7,False,0,0,0,0,0,False,,False,False,586
githubnext/agentics/workflows/update-docs.md,githubnext/agentics,workflows/update-docs.md,0125b7683216c4123cb803621a01b54492c49c84,2025-08-23 14:14:13+00:00,8,False,0,0,0,0,0,False,,False,False,620
githubnext/agentics/workflows/update-docs.md,githubnext/agentics,workflows/update-docs.md,00f09e47b058e9767bb2e8ca0d17e2a41f135ec6,2025-08-23 14:37:59+00:00,9,False,0,0,0,0,0,False,,False,False,586
githubnext/agentics/workflows/update-docs.md,githubnext/agentics,workflows/update-docs.md,c0d2dfc74e69254c64924003dcf6b14cdb67e28e,2025-08-26 19:37:57+00:00,10,False,0,0,0,0,0,False,,False,False,598
githubnext/agentics/workflows/update-docs.md,githubnext/agentics,workflows/update-docs.md,42f367152761942e22a3b48b17f57c8cfbe0ed79,2025-08-31 16:30:56+00:00,11,False,0,0,0,0,0,False,,False,False,596
githubnext/agentics/workflows/update-docs.md,githubnext/agentics,workflows/update-docs.md,2881b4df0598d1708446a101168c4cd691c94e50,2025-08-31 21:04:19+00:00,12,False,0,0,0,0,0,False,,False,False,520
githubnext/agentics/workflows/update-docs.md,githubnext/agentics,workflows/update-docs.md,776c61d12ae61942726673cffb9b8b667193d76b,2025-09-01 12:06:54+00:00,13,False,0,0,0,0,0,False,,False,False,522
githubnext/agentics/workflows/update-docs.md,githubnext/agentics,workflows/update-docs.md,e755e200c12b0ddebb3e89588d77710a249abde5,2025-09-04 03:07:01+00:00,14,False,0,0,0,0,0,False,,False,False,520
githubnext/agentics/workflows/update-docs.md,githubnext/agentics,workflows/update-docs.md,ab5c853602725b2ed1000ab1ccf033746628f194,2025-10-02 19:01:20+00:00,15,False,0,0,0,0,0,False,,False,False,516
githubnext/agentics/workflows/update-docs.md,githubnext/agentics,workflows/update-docs.md,ff5a15f9ea7788a7539badc51ff88e899d576b72,2025-10-03 00:16:15+00:00,16,False,0,0,0,0,0,False,,False,False,514
githubnext/agentics/workflows/update-docs.md,githubnext/agentics,workflows/update-docs.md,6afdc34917decdb97130473704c3f2f9206ca1f5,2025-10-03 01:47:36+00:00,17,False,0,0,0,0,0,False,,False,False,512
githubnext/agentics/workflows/update-docs.md,githubnext/agentics,workflows/update-docs.md,e8e20aa163d56af33e7bd8dac4cbc70821a4a745,2025-10-10 18:59:32+00:00,18,False,0,0,0,0,0,False,,False,False,512
githubnext/agentics/workflows/update-docs.md,githubnext/agentics,workflows/update-docs.md,eb489a0b6cb3bd7c7f94d5d3362237641c22cd31,2025-10-11 18:52:59+00:00,19,False,0,0,0,0,0,False,,False,False,500
githubnext/agentics/workflows/update-docs.md,githubnext/agentics,workflows/update-docs.md,398f7d95ef5bd2329e422df142569a8833f91a1f,2026-03-08 02:28:41+00:00,20,False,0,0,0,0,0,False,,False,False,501
githubnext/agentics/workflows/update-docs.md,githubnext/agentics,workflows/update-docs.md,5029c9574c7bd2baa70aab6c8de9ea09edf11803,2026-03-08 02:29:34+00:00,21,False,0,0,0,0,0,False,,False,False,501
githubnext/agentics/workflows/update-docs.md,githubnext/agentics,workflows/update-docs.md,497230d3867fe453aae74b15d06178d45a39fcce,2026-05-08 20:56:58+00:00,22,False,0,0,0,0,0,False,,False,False,500
githubnext/agentics/workflows/user-advocate.md,githubnext/agentics,workflows/user-advocate.md,9a576eb0ffd9286e527a923a5abc795a65014747,2025-07-30 11:01:37+00:00,1,False,0,0,8,0,8,True,✅,False,False,832
githubnext/agentics/workflows/user-experience-monitor-agent.md,githubnext/agentics,workflows/user-experience-monitor-agent.md,9ffa12caab49d0485616ef94777305fe3c1f4581,2025-07-30 11:06:06+00:00,1,False,0,0,0,0,0,False,,False,False,535
githubnext/agentics/workflows/user-privacy-guard-agent.md,githubnext/agentics,workflows/user-privacy-guard-agent.md,282b6d6a919a14c6ce2a4b68f9713a5e51b82f3b,2025-07-30 11:06:18+00:00,1,False,0,0,0,0,0,False,,False,False,466
githubnext/agentics/workflows/ux-designer.md,githubnext/agentics,workflows/ux-designer.md,9a576eb0ffd9286e527a923a5abc795a65014747,2025-07-30 11:01:37+00:00,1,False,0,0,0,0,0,False,,False,False,446
githubnext/agentics/workflows/vector-database-manager.md,githubnext/agentics,workflows/vector-database-manager.md,8405f866d4c0156a61f743989725315f57de9c8f,2025-07-30 11:07:44+00:00,1,False,0,0,0,0,0,False,,False,False,662
githubnext/agentics/workflows/vex-generator.md,githubnext/agentics,workflows/vex-generator.md,d88ca0e8ee2b080fcba4490ac5b657c98a0eb26b,2026-03-20 20:56:57+00:00,1,False,0,0,0,0,0,False,,False,False,659
githubnext/agentics/workflows/weekly-issue-activity.md,githubnext/agentics,workflows/weekly-issue-activity.md,497230d3867fe453aae74b15d06178d45a39fcce,2026-05-08 20:56:58+00:00,1,False,0,0,0,5,5,True,📊📈🔑📋💡,False,False,649
githubnext/agentics/workflows/weekly-issue-activity.md,githubnext/agentics,workflows/weekly-issue-activity.md,298f992955146a6731d380a9de808e17861708e5,2026-05-27 17:04:32+00:00,2,False,0,0,0,5,5,True,📊📈🔑📋💡,False,False,649
githubnext/agentics/workflows/weekly-issue-summary.md,githubnext/agentics,workflows/weekly-issue-summary.md,f5b68b7f7d7a09577e77d43487729f44f2d47739,2026-02-22 06:32:21+00:00,1,False,0,0,0,5,5,True,📊📈🔑📋💡,False,False,649
githubnext/agentics/workflows/weekly-issue-summary.md,githubnext/agentics,workflows/weekly-issue-summary.md,aacd04cc82ac4f0438e4e34a7bc9ac2a28e59220,2026-02-24 03:48:05+00:00,2,False,0,0,0,5,5,True,📊📈🔑📋💡,False,False,649
githubnext/agentics/workflows/weekly-issue-summary.md,githubnext/agentics,workflows/weekly-issue-summary.md,b0e9cfd3a20372ce7fe0462bb7bbca2272df4a88,2026-02-24 04:16:22+00:00,3,False,0,0,0,5,5,True,📊📈🔑📋💡,False,False,649
githubnext/agentics/workflows/weekly-repo-map.md,githubnext/agentics,workflows/weekly-repo-map.md,c77600120f965fea287162d7b504a65d071a212b,2026-03-07 18:12:10+00:00,1,False,0,0,5,0,5,True,📁📄🔧📚🧪,False,True,747
githubnext/agentics/workflows/weekly-research-report.md,githubnext/agentics,workflows/weekly-research-report.md,6631cad64db5fe8e80fb307d045af948340ef361,2025-07-31 15:45:45+00:00,1,False,0,0,0,0,0,False,,False,False,135
githubnext/agentics/workflows/weekly-research.md,githubnext/agentics,workflows/weekly-research.md,6574db2b21ad886e40fa1fb05a4f92f7a7c66d30,2025-07-31 17:10:48+00:00,1,False,0,0,0,0,0,False,,False,False,135
githubnext/agentics/workflows/weekly-research.md,githubnext/agentics,workflows/weekly-research.md,10587bfb0168f8bac9e2baec8d144f1c147cfcf0,2025-07-31 18:08:18+00:00,2,False,0,0,0,0,0,False,,False,False,112
githubnext/agentics/workflows/weekly-research.md,githubnext/agentics,workflows/weekly-research.md,01c0f68a5ca7048ad26a5b5314f5f2fbe4f04dc0,2025-07-31 20:00:53+00:00,3,False,0,0,0,0,0,False,,False,False,112
githubnext/agentics/workflows/weekly-research.md,githubnext/agentics,workflows/weekly-research.md,19b67cf9b1de99cc8b0103430f6293e62f312338,2025-08-01 16:41:40+00:00,4,False,0,0,0,0,0,False,,False,False,116
githubnext/agentics/workflows/weekly-research.md,githubnext/agentics,workflows/weekly-research.md,668c77a03a189b2a3abd5dce4783fec18b364c5e,2025-08-01 17:07:11+00:00,5,False,0,0,0,0,0,False,,False,False,152
githubnext/agentics/workflows/weekly-research.md,githubnext/agentics,workflows/weekly-research.md,86a75822bf7a244a4ccad0cb8a0edc689d39c057,2025-08-01 20:42:46+00:00,6,False,0,0,0,0,0,False,,False,False,154
githubnext/agentics/workflows/weekly-research.md,githubnext/agentics,workflows/weekly-research.md,e4e9a56ec7a326a83200221d93c40c898dc9dd45,2025-08-02 01:12:10+00:00,7,False,0,0,0,0,0,False,,False,False,176
githubnext/agentics/workflows/weekly-research.md,githubnext/agentics,workflows/weekly-research.md,cb15f8bb1a8a723903fc9cb6079f139381f32dd4,2025-08-02 01:12:33+00:00,8,False,0,0,0,0,0,False,,False,False,161
githubnext/agentics/workflows/weekly-research.md,githubnext/agentics,workflows/weekly-research.md,eeaac18c61d943e13cf2367c8689a892486f2869,2025-08-02 01:16:27+00:00,9,False,0,0,0,0,0,False,,False,False,159
githubnext/agentics/workflows/weekly-research.md,githubnext/agentics,workflows/weekly-research.md,9c20bd34ca554d3226d956780caddfcbb88c72a1,2025-08-12 19:58:02+00:00,10,False,0,0,0,0,0,False,,False,False,159
githubnext/agentics/workflows/weekly-research.md,githubnext/agentics,workflows/weekly-research.md,3bc8d8ebe620a132ee91bbf126cc253c865c2b69,2025-08-13 20:44:24+00:00,11,False,0,0,0,0,0,False,,False,False,159
githubnext/agentics/workflows/weekly-research.md,githubnext/agentics,workflows/weekly-research.md,0125b7683216c4123cb803621a01b54492c49c84,2025-08-23 14:14:13+00:00,12,False,0,0,0,0,0,False,,False,False,193
githubnext/agentics/workflows/weekly-research.md,githubnext/agentics,workflows/weekly-research.md,00f09e47b058e9767bb2e8ca0d17e2a41f135ec6,2025-08-23 14:37:59+00:00,13,False,0,0,0,0,0,False,,False,False,159
githubnext/agentics/workflows/weekly-research.md,githubnext/agentics,workflows/weekly-research.md,c0d2dfc74e69254c64924003dcf6b14cdb67e28e,2025-08-26 19:37:57+00:00,14,False,0,0,0,0,0,False,,False,False,171
githubnext/agentics/workflows/weekly-research.md,githubnext/agentics,workflows/weekly-research.md,42f367152761942e22a3b48b17f57c8cfbe0ed79,2025-08-31 16:30:56+00:00,15,False,0,0,0,0,0,False,,False,False,169
githubnext/agentics/workflows/weekly-research.md,githubnext/agentics,workflows/weekly-research.md,776c61d12ae61942726673cffb9b8b667193d76b,2025-09-01 12:06:54+00:00,16,False,0,0,0,0,0,False,,False,False,169
githubnext/agentics/workflows/weekly-research.md,githubnext/agentics,workflows/weekly-research.md,d4cc5ec11fbfe47e84a530d31c8db2cd3ea459b3,2025-09-02 22:38:40+00:00,17,False,0,0,0,0,0,False,,False,False,169
githubnext/agentics/workflows/weekly-research.md,githubnext/agentics,workflows/weekly-research.md,e755e200c12b0ddebb3e89588d77710a249abde5,2025-09-04 03:07:01+00:00,18,False,0,0,0,0,0,False,,False,False,167
githubnext/agentics/workflows/weekly-research.md,githubnext/agentics,workflows/weekly-research.md,ab5c853602725b2ed1000ab1ccf033746628f194,2025-10-02 19:01:20+00:00,19,False,0,0,0,0,0,False,,False,False,165
githubnext/agentics/workflows/weekly-research.md,githubnext/agentics,workflows/weekly-research.md,ff5a15f9ea7788a7539badc51ff88e899d576b72,2025-10-03 00:16:15+00:00,20,False,0,0,0,0,0,False,,False,False,163
githubnext/agentics/workflows/weekly-research.md,githubnext/agentics,workflows/weekly-research.md,6afdc34917decdb97130473704c3f2f9206ca1f5,2025-10-03 01:47:36+00:00,21,False,0,0,0,0,0,False,,False,False,161
githubnext/agentics/workflows/weekly-research.md,githubnext/agentics,workflows/weekly-research.md,e8e20aa163d56af33e7bd8dac4cbc70821a4a745,2025-10-10 18:59:32+00:00,22,False,0,0,0,0,0,False,,False,False,161
githubnext/agentics/workflows/weekly-research.md,githubnext/agentics,workflows/weekly-research.md,e2770974a7eaccb58ddafd5606c38a05ba52c631,2025-10-10 19:52:11+00:00,23,False,0,0,0,0,0,False,,False,False,161
githubnext/agentics/workflows/weekly-research.md,githubnext/agentics,workflows/weekly-research.md,eb489a0b6cb3bd7c7f94d5d3362237641c22cd31,2025-10-11 18:52:59+00:00,24,False,0,0,0,0,0,False,,False,False,149
githubnext/agentics/workflows/weekly-research.md,githubnext/agentics,workflows/weekly-research.md,497230d3867fe453aae74b15d06178d45a39fcce,2026-05-08 20:56:58+00:00,25,False,0,0,0,0,0,False,,False,False,147
pulumi-labs/gh-aw-internal/.github/snippets/code-review.md,pulumi-labs/gh-aw-internal,.github/snippets/code-review.md,278c44bdc608f6d7f6f5c1edfa01320f60345ae6,2026-03-04 15:27:07+00:00,1,True,0,0,0,0,0,False,,False,False,174
pulumi-labs/gh-aw-internal/.github/snippets/code-review.md,pulumi-labs/gh-aw-internal,.github/snippets/code-review.md,43b3a0eda6d8dc7d8a35019f8c317813131ed939,2026-03-05 10:51:14+00:00,2,True,0,0,0,0,0,False,,False,False,179
pulumi-labs/gh-aw-internal/.github/workflows/gh-aw-pr-rereview.md,pulumi-labs/gh-aw-internal,.github/workflows/gh-aw-pr-rereview.md,278c44bdc608f6d7f6f5c1edfa01320f60345ae6,2026-03-04 15:27:07+00:00,1,False,0,0,0,0,0,False,,False,False,172
pulumi-labs/gh-aw-internal/.github/workflows/gh-aw-pr-rereview.md,pulumi-labs/gh-aw-internal,.github/workflows/gh-aw-pr-rereview.md,a91379f7af34693fbdb0f83b1252e4bb945d09bf,2026-03-04 15:33:15+00:00,2,False,0,0,0,0,0,False,,False,False,172
pulumi-labs/gh-aw-internal/.github/workflows/gh-aw-pr-rereview.md,pulumi-labs/gh-aw-internal,.github/workflows/gh-aw-pr-rereview.md,4b188de43c2252676aa5ec8aaf69847eef66bbac,2026-03-04 15:37:41+00:00,3,False,0,0,0,0,0,False,,False,False,172
pulumi-labs/gh-aw-internal/.github/workflows/gh-aw-pr-rereview.md,pulumi-labs/gh-aw-internal,.github/workflows/gh-aw-pr-rereview.md,99a309bf18258dbae98c8176ea10657e0b08deca,2026-03-06 11:10:35+00:00,4,False,0,0,0,0,0,False,,False,False,183
pulumi-labs/gh-aw-internal/.github/workflows/gh-aw-pr-rereview.md,pulumi-labs/gh-aw-internal,.github/workflows/gh-aw-pr-rereview.md,242988150273951aad5f67b008256266bdff6112,2026-05-28 15:56:48+00:00,5,False,0,0,0,0,0,False,,False,False,38
pulumi-labs/gh-aw-internal/.github/workflows/gh-aw-pr-review.md,pulumi-labs/gh-aw-internal,.github/workflows/gh-aw-pr-review.md,278c44bdc608f6d7f6f5c1edfa01320f60345ae6,2026-03-04 15:27:07+00:00,1,False,0,0,0,0,0,False,,False,False,179
pulumi-labs/gh-aw-internal/.github/workflows/gh-aw-pr-review.md,pulumi-labs/gh-aw-internal,.github/workflows/gh-aw-pr-review.md,a91379f7af34693fbdb0f83b1252e4bb945d09bf,2026-03-04 15:33:15+00:00,2,False,0,0,0,0,0,False,,False,False,179
pulumi-labs/gh-aw-internal/.github/workflows/gh-aw-pr-review.md,pulumi-labs/gh-aw-internal,.github/workflows/gh-aw-pr-review.md,4b188de43c2252676aa5ec8aaf69847eef66bbac,2026-03-04 15:37:41+00:00,3,False,0,0,0,0,0,False,,False,False,179
pulumi-labs/gh-aw-internal/.github/workflows/gh-aw-pr-review.md,pulumi-labs/gh-aw-internal,.github/workflows/gh-aw-pr-review.md,43b3a0eda6d8dc7d8a35019f8c317813131ed939,2026-03-05 10:51:14+00:00,4,False,0,0,0,0,0,False,,False,False,190
pulumi-labs/gh-aw-internal/.github/workflows/gh-aw-pr-review.md,pulumi-labs/gh-aw-internal,.github/workflows/gh-aw-pr-review.md,242988150273951aad5f67b008256266bdff6112,2026-05-28 15:56:48+00:00,5,False,0,0,0,0,0,False,,False,False,33
pulumi-labs/gh-aw-internal/.github/workflows/shared/plugins/code-review/README.md,pulumi-labs/gh-aw-internal,.github/workflows/shared/plugins/code-review/README.md,d445d69ed16d1a67ee2737dfd71e74d40f1bbd28,2026-03-12 10:11:34+00:00,1,True,0,0,0,0,0,False,,False,False,1120
pulumi-labs/gh-aw-internal/.github/workflows/shared/plugins/code-review/README.md,pulumi-labs/gh-aw-internal,.github/workflows/shared/plugins/code-review/README.md,8a1d8d06210d302ab28217525d570752e77ea0bb,2026-03-12 12:42:15+00:00,2,True,0,0,0,0,0,False,,False,False,352
pulumi-labs/gh-aw-internal/.github/workflows/shared/plugins/code-review/README.md,pulumi-labs/gh-aw-internal,.github/workflows/shared/plugins/code-review/README.md,9a981e07d7134a447fac35073f0857f8512f16c4,2026-04-03 17:36:23+00:00,3,True,0,0,0,0,0,False,,False,False,381
pulumi-labs/gh-aw-internal/.github/workflows/shared/plugins/code-review/README.md,pulumi-labs/gh-aw-internal,.github/workflows/shared/plugins/code-review/README.md,242988150273951aad5f67b008256266bdff6112,2026-05-28 15:56:48+00:00,4,True,0,0,0,0,0,False,,False,True,736
pulumi-labs/gh-aw-internal/.github/workflows/shared/plugins/code-review/README.md,pulumi-labs/gh-aw-internal,.github/workflows/shared/plugins/code-review/README.md,fccb0509de811cdc59bfe4e77504af0d4b5ebaa1,2026-06-04 14:18:40+00:00,5,True,0,0,0,0,0,False,,False,True,760
pulumi-labs/gh-aw-internal/.github/workflows/shared/plugins/code-review/code-review.md,pulumi-labs/gh-aw-internal,.github/workflows/shared/plugins/code-review/code-review.md,3e83632847339a9f65b1932efd1471f9238c8e06,2026-03-12 12:34:51+00:00,1,True,0,0,0,0,0,False,,False,False,1549
pulumi-labs/gh-aw-internal/.github/workflows/shared/plugins/code-review/code-review.md,pulumi-labs/gh-aw-internal,.github/workflows/shared/plugins/code-review/code-review.md,9ba254ca77173b2ebc2e6dfe470b5cb3d7af25c9,2026-03-12 13:57:27+00:00,2,True,0,0,0,0,0,False,,False,False,1610
pulumi-labs/gh-aw-internal/.github/workflows/shared/plugins/code-review/code-review.md,pulumi-labs/gh-aw-internal,.github/workflows/shared/plugins/code-review/code-review.md,d0818ff576b2db07efcadedb0c37526b978844fe,2026-03-12 13:58:22+00:00,3,True,0,0,0,0,0,False,,False,False,1612
pulumi-labs/gh-aw-internal/.github/workflows/shared/plugins/code-review/code-review.md,pulumi-labs/gh-aw-internal,.github/workflows/shared/plugins/code-review/code-review.md,9a981e07d7134a447fac35073f0857f8512f16c4,2026-04-03 17:36:23+00:00,4,True,0,0,0,0,0,False,,False,False,1988
pulumi-labs/gh-aw-internal/.github/workflows/shared/plugins/code-review/code-review.md,pulumi-labs/gh-aw-internal,.github/workflows/shared/plugins/code-review/code-review.md,242988150273951aad5f67b008256266bdff6112,2026-05-28 15:56:48+00:00,5,True,0,0,0,0,0,False,,False,True,2984
pulumi-labs/gh-aw-internal/.github/workflows/shared/plugins/code-review/code-review.md,pulumi-labs/gh-aw-internal,.github/workflows/shared/plugins/code-review/code-review.md,fccb0509de811cdc59bfe4e77504af0d4b5ebaa1,2026-06-04 14:18:40+00:00,6,True,0,0,0,0,0,False,,False,True,3174
pulumi-labs/gh-aw-internal/.github/workflows/shared/plugins/code-review/commands/code-review.md,pulumi-labs/gh-aw-internal,.github/workflows/shared/plugins/code-review/commands/code-review.md,d445d69ed16d1a67ee2737dfd71e74d40f1bbd28,2026-03-12 10:11:34+00:00,1,True,0,0,0,0,0,False,,False,False,1147
pulumi-labs/gh-aw-internal/.github/workflows/shared/plugins/code-review/commands/code-review.md,pulumi-labs/gh-aw-internal,.github/workflows/shared/plugins/code-review/commands/code-review.md,27c5d3509dc23c83f0c731513996953b5c4c7152,2026-03-12 10:21:22+00:00,2,True,0,0,0,0,0,False,,False,False,1299
pulumi-labs/gh-aw-internal/.github/workflows/shared/review.md,pulumi-labs/gh-aw-internal,.github/workflows/shared/review.md,3e83632847339a9f65b1932efd1471f9238c8e06,2026-03-12 12:34:51+00:00,1,True,0,0,0,0,0,False,,False,False,164
pulumi-labs/gh-aw-internal/.github/workflows/shared/review.md,pulumi-labs/gh-aw-internal,.github/workflows/shared/review.md,9ee0c51c65787a826ec95a53e3f38b46c4f2ce9d,2026-03-12 13:56:18+00:00,2,True,0,0,0,0,0,False,,False,False,166
pulumi-labs/gh-aw-internal/.github/workflows/shared/review.md,pulumi-labs/gh-aw-internal,.github/workflows/shared/review.md,9a981e07d7134a447fac35073f0857f8512f16c4,2026-04-03 17:36:23+00:00,3,True,0,0,0,0,0,False,,False,False,180
pulumi-labs/gh-aw-internal/.github/workflows/shared/review.md,pulumi-labs/gh-aw-internal,.github/workflows/shared/review.md,242988150273951aad5f67b008256266bdff6112,2026-05-28 15:56:48+00:00,4,True,0,0,0,0,0,False,,False,False,102
