version_id,history_id,repo,owner,filename,rank,committed_at,stub,source,declared_status,declared_template,parent_template,parent_family,parent_component,parent_commit,parent_committed_at,parent_revision,parent_latest_revision_then,parent_cos,declared_cos
1,1,apache/cloudstack,apache,daily-issue-triage.md,1,2026-06-17 18:15:03+00:00,False,githubnext/agentics/workflows/daily-issue-triage.md@d7c1dc4b72b00607a67caaffdcc216cb64379cf9,ok,githubnext/agentics/workflows/daily-issue-triage.md,githubnext/agentics/workflows/daily-issue-triage.md,githubnext/agentics/workflows/daily-issue-triage.md,False,d7c1dc4b72b00607a67caaffdcc216cb64379cf9,2026-05-29 16:23:59+00:00,1.0,1.0,0.6687,0.6687
2,2,apache/cloudstack,apache,daily-repo-status.md,1,2026-02-17 15:11:01+00:00,False,githubnext/agentics/workflows/daily-repo-status.md@eb7950f37d350af6fa09d19827c4883e72947221,ok,githubnext/agentics/workflows/daily-repo-status.md,githubnext/agentics/workflows/daily-repo-status.md,githubnext/agentics/workflows/daily-repo-status.md,False,3eae9b88d024036be45d668e3404f8662f94d878,2026-01-26 19:57:42+00:00,1.0,1.0,1.0,1.0
3,2,apache/cloudstack,apache,daily-repo-status.md,2,2026-02-18 08:35:17+00:00,False,githubnext/agentics/workflows/daily-repo-status.md@d19056381ba48cb1f7c78510c23069701fa7ae87,ok,githubnext/agentics/workflows/daily-repo-status.md,githubnext/agentics/workflows/daily-repo-status.md,githubnext/agentics/workflows/daily-repo-status.md,False,3eae9b88d024036be45d668e3404f8662f94d878,2026-01-26 19:57:42+00:00,1.0,1.0,1.0,1.0
4,2,apache/cloudstack,apache,daily-repo-status.md,3,2026-05-29 09:15:49+00:00,False,githubnext/agentics/workflows/repo-status.md@main,ok,githubnext/agentics/workflows/repo-status.md,githubnext/agentics/workflows/repo-status.md,githubnext/agentics/workflows/daily-repo-status.md,False,497230d3867fe453aae74b15d06178d45a39fcce,2026-05-08 20:56:58+00:00,1.0,1.0,1.0,1.0
5,2,apache/cloudstack,apache,daily-repo-status.md,4,2026-06-17 18:15:03+00:00,False,githubnext/agentics/workflows/repo-status.md@main,ok,githubnext/agentics/workflows/repo-status.md,githubnext/agentics/workflows/repo-status.md,githubnext/agentics/workflows/daily-repo-status.md,False,497230d3867fe453aae74b15d06178d45a39fcce,2026-05-08 20:56:58+00:00,1.0,1.0,1.0,1.0
6,3,brunoborges/fx2048,brunoborges,create-sample-issue.md,1,2026-02-09 22:57:17+00:00,False,,,,github/gh-aw/.github/workflows/code-simplifier.md,github/gh-aw/.github/workflows/code-simplifier.md,False,6f27e6d8218a5a3729f44ee5a6dbd68957ac0865,2026-01-11 16:03:53+00:00,1.0,3.0,0.0849,
7,3,brunoborges/fx2048,brunoborges,create-sample-issue.md,2,2026-02-09 23:09:51+00:00,False,,,,github/gh-aw/.github/workflows/code-simplifier.md,github/gh-aw/.github/workflows/code-simplifier.md,False,6f27e6d8218a5a3729f44ee5a6dbd68957ac0865,2026-01-11 16:03:53+00:00,1.0,3.0,0.098,
8,3,brunoborges/fx2048,brunoborges,create-sample-issue.md,3,2026-02-09 23:27:44+00:00,False,,,,github/gh-aw/.github/workflows/code-simplifier.md,github/gh-aw/.github/workflows/code-simplifier.md,False,6f27e6d8218a5a3729f44ee5a6dbd68957ac0865,2026-01-11 16:03:53+00:00,1.0,3.0,0.0937,
9,4,vaadin/flow,vaadin,doc-bot.md,1,2026-06-04 08:47:29+00:00,False,,,,github/gh-aw/.github/workflows/daily-doc-updater.md,github/gh-aw/.github/workflows/daily-doc-updater.md,False,00c8977ceb34a66b691cd5d8d4ff8f2e596fe990,2026-03-24 05:51:27+00:00,11.0,23.0,0.1066,
10,4,vaadin/flow,vaadin,doc-bot.md,2,2026-06-04 11:15:04+00:00,False,,,,github/gh-aw/.github/workflows/daily-doc-updater.md,github/gh-aw/.github/workflows/daily-doc-updater.md,False,00c8977ceb34a66b691cd5d8d4ff8f2e596fe990,2026-03-24 05:51:27+00:00,11.0,23.0,0.1066,
11,5,Activiti/activiti-cloud,Activiti,supply-chain-review.md,1,2026-05-29 14:47:20+00:00,False,Alfresco/alfresco-build-tools/.github/workflows/supply-chain-review.md@ccf3ddbc10205c171ca84ad88d9a05b1c60069b2,ok,Alfresco/alfresco-build-tools/.github/workflows/supply-chain-review.md,Alfresco/alfresco-build-tools/.github/workflows/supply-chain-review.md,Alfresco/alfresco-build-tools/.github/workflows/supply-chain-review.md,False,500921b47ef517ff56a006f7422d5c229430f681,2026-05-28 13:55:52+00:00,1.0,3.0,1.0,1.0
12,5,Activiti/activiti-cloud,Activiti,supply-chain-review.md,2,2026-06-04 09:15:03+00:00,False,Alfresco/alfresco-build-tools/.github/workflows/supply-chain-review.md@b2070730e7482fb8d2791e97d7b288fdf3b106ef,ok,Alfresco/alfresco-build-tools/.github/workflows/supply-chain-review.md,Alfresco/alfresco-build-tools/.github/workflows/supply-chain-review.md,Alfresco/alfresco-build-tools/.github/workflows/supply-chain-review.md,False,b2070730e7482fb8d2791e97d7b288fdf3b106ef,2026-06-03 15:13:37+00:00,4.0,4.0,1.0,1.0
13,5,Activiti/activiti-cloud,Activiti,supply-chain-review.md,3,2026-06-11 10:25:36+00:00,False,Alfresco/alfresco-build-tools/.github/workflows/supply-chain-review.md@52467f0241079de71fe14591f97bdec7555ab545,ok,Alfresco/alfresco-build-tools/.github/workflows/supply-chain-review.md,Alfresco/alfresco-build-tools/.github/workflows/supply-chain-review.md,Alfresco/alfresco-build-tools/.github/workflows/supply-chain-review.md,False,52467f0241079de71fe14591f97bdec7555ab545,2026-06-10 11:29:33+00:00,5.0,5.0,1.0,1.0
14,6,duckduckgo/Android,duckduckgo,android-maintenance-worker.md,1,2026-03-31 20:48:50+00:00,False,,,,githubnext/agentics/workflows/repo-assist.md,githubnext/agentics/workflows/repo-assist.md,False,dcdcfd1fff79a8908465335200473a87fdee86f4,2026-02-25 19:20:49+00:00,16.0,22.0,0.1139,
15,6,duckduckgo/Android,duckduckgo,android-maintenance-worker.md,2,2026-04-21 20:35:13+00:00,False,,,,githubnext/agentics/workflows/repo-assist.md,githubnext/agentics/workflows/repo-assist.md,False,828ac109efb43990f59475cbfce90ede5546586c,2026-02-22 22:43:36+00:00,13.0,22.0,0.1103,
16,6,duckduckgo/Android,duckduckgo,android-maintenance-worker.md,3,2026-04-29 14:12:46+00:00,False,,,,githubnext/agentics/workflows/repo-assist.md,githubnext/agentics/workflows/repo-assist.md,False,dcdcfd1fff79a8908465335200473a87fdee86f4,2026-02-25 19:20:49+00:00,16.0,22.0,0.0938,
17,7,duckduckgo/Android,duckduckgo,daily-repo-status.md,1,2026-03-04 08:35:31+00:00,False,githubnext/agentics/workflows/daily-repo-status.md@b466f28f0f65b68d6f2b10b15b44f51d787b93be,ok,githubnext/agentics/workflows/daily-repo-status.md,githubnext/agentics/workflows/daily-repo-status.md,githubnext/agentics/workflows/daily-repo-status.md,False,3eae9b88d024036be45d668e3404f8662f94d878,2026-01-26 19:57:42+00:00,1.0,1.0,1.0,1.0
18,8,duckduckgo/Android,duckduckgo,drift-audit.md,1,2026-06-16 20:42:59+00:00,False,,,,githubnext/agentics/workflows/repo-assist.md,githubnext/agentics/workflows/repo-assist.md,False,0ae10905c47f310d0ed58a020a4e611c0f890442,2026-03-08 00:31:06+00:00,22.0,25.0,0.0605,
19,9,executeautomation/ExecuteAutomationWebApp,executeautomation,daily-repo-status.md,1,2026-03-03 02:01:05+00:00,False,githubnext/agentics/workflows/daily-repo-status.md@da02dddebe71d9a937665abdcd1f5214dab852a7,ok,githubnext/agentics/workflows/daily-repo-status.md,githubnext/agentics/workflows/daily-repo-status.md,githubnext/agentics/workflows/daily-repo-status.md,False,3eae9b88d024036be45d668e3404f8662f94d878,2026-01-26 19:57:42+00:00,1.0,1.0,1.0,1.0
20,10,Dedac/Beam,Dedac,fix-top-improvement.md,1,2026-04-22 14:47:40+00:00,False,,,,githubnext/agentics/workflows/repo-assist.md,githubnext/agentics/workflows/repo-assist.md,False,ac4f63941a40c804d1fe02b2b7cbe10e39bbe58a,2026-02-21 13:36:20+00:00,1.0,22.0,0.0719,
21,10,Dedac/Beam,Dedac,fix-top-improvement.md,2,2026-04-22 15:31:15+00:00,False,,,,githubnext/agentics/workflows/repo-assist.md,githubnext/agentics/workflows/repo-assist.md,False,ac4f63941a40c804d1fe02b2b7cbe10e39bbe58a,2026-02-21 13:36:20+00:00,1.0,22.0,0.0759,
22,11,Dedac/Beam,Dedac,weekly-improvements.md,1,2026-04-22 14:44:20+00:00,False,,,,githubnext/agentics/workflows/repository-quality-improver.md,githubnext/agentics/workflows/repository-quality-improver.md,False,4c38dd19cf6bd04950dc2f98c91caba3d2acfcd6,2026-03-03 12:45:06+00:00,1.0,1.0,0.0637,
23,12,mono/SkiaSharp,mono,auto-skia-sync.md,1,2026-05-08 19:55:22+00:00,False,,,,githubnext/agentics/workflows/repo-assist.md,githubnext/agentics/workflows/repo-assist.md,False,30e497915b16f1f81b9a5e3afdf89f98228f8e3f,2026-03-08 00:03:03+00:00,21.0,23.0,0.0533,
24,12,mono/SkiaSharp,mono,auto-skia-sync.md,2,2026-05-11 21:23:40+00:00,False,,,,githubnext/agentics/workflows/repo-assist.md,githubnext/agentics/workflows/repo-assist.md,False,30e497915b16f1f81b9a5e3afdf89f98228f8e3f,2026-03-08 00:03:03+00:00,21.0,25.0,0.0533,
25,12,mono/SkiaSharp,mono,auto-skia-sync.md,3,2026-05-15 09:06:22+00:00,False,,,,githubnext/agentics/workflows/repo-assist.md,githubnext/agentics/workflows/repo-assist.md,False,30e497915b16f1f81b9a5e3afdf89f98228f8e3f,2026-03-08 00:03:03+00:00,21.0,25.0,0.0514,
26,12,mono/SkiaSharp,mono,auto-skia-sync.md,4,2026-05-20 17:18:19+00:00,False,,,,githubnext/agentics/workflows/repo-assist.md,githubnext/agentics/workflows/repo-assist.md,False,30e497915b16f1f81b9a5e3afdf89f98228f8e3f,2026-03-08 00:03:03+00:00,21.0,25.0,0.0514,
27,12,mono/SkiaSharp,mono,auto-skia-sync.md,5,2026-05-20 21:12:27+00:00,False,,,,githubnext/agentics/workflows/repo-assist.md,githubnext/agentics/workflows/repo-assist.md,False,30e497915b16f1f81b9a5e3afdf89f98228f8e3f,2026-03-08 00:03:03+00:00,21.0,25.0,0.0514,
28,12,mono/SkiaSharp,mono,auto-skia-sync.md,6,2026-06-25 23:26:02+00:00,False,,,,githubnext/agentics/workflows/repo-assist.md,githubnext/agentics/workflows/repo-assist.md,False,69dc52f93e6abaaeb199c24e22b401f5bb1bac6f,2026-03-07 00:06:02+00:00,19.0,25.0,0.053,
29,12,mono/SkiaSharp,mono,auto-skia-sync.md,7,2026-06-26 18:13:59+00:00,False,,,,githubnext/agentics/workflows/repo-assist.md,githubnext/agentics/workflows/repo-assist.md,False,afb00b92a9514fee9a14c583f059a03d05738f70,2026-02-26 13:40:39+00:00,18.0,25.0,0.0526,
30,12,mono/SkiaSharp,mono,auto-skia-sync.md,8,2026-06-26 21:41:56+00:00,False,,,,githubnext/agentics/workflows/repo-assist.md,githubnext/agentics/workflows/repo-assist.md,False,afb00b92a9514fee9a14c583f059a03d05738f70,2026-02-26 13:40:39+00:00,18.0,25.0,0.0526,
31,13,mono/SkiaSharp,mono,auto-triage.md,1,2026-04-21 00:24:36+00:00,False,,,,githubnext/agentics/workflows/issue-triage.md,githubnext/agentics/workflows/agentic-triage.md,False,6afdc34917decdb97130473704c3f2f9206ca1f5,2025-10-03 01:47:36+00:00,16.0,21.0,0.0559,
32,13,mono/SkiaSharp,mono,auto-triage.md,2,2026-04-21 00:43:46+00:00,False,,,,githubnext/agentics/workflows/issue-triage.md,githubnext/agentics/workflows/agentic-triage.md,False,6afdc34917decdb97130473704c3f2f9206ca1f5,2025-10-03 01:47:36+00:00,16.0,21.0,0.0559,
33,13,mono/SkiaSharp,mono,auto-triage.md,3,2026-04-21 03:34:48+00:00,False,,,,github/gh-aw/.github/workflows/issue-triage-agent.md,github/gh-aw/.github/workflows/issue-triage-agent.md,False,bc153047bde1afe62da5cd4bf03a9dc607d79c7d,2026-02-02 20:33:07+00:00,5.0,9.0,0.0531,
34,13,mono/SkiaSharp,mono,auto-triage.md,4,2026-04-21 04:01:59+00:00,False,,,,github/gh-aw/.github/workflows/issue-triage-agent.md,github/gh-aw/.github/workflows/issue-triage-agent.md,False,bc153047bde1afe62da5cd4bf03a9dc607d79c7d,2026-02-02 20:33:07+00:00,5.0,9.0,0.0531,
35,13,mono/SkiaSharp,mono,auto-triage.md,5,2026-04-21 17:28:34+00:00,False,,,,githubnext/agentics/workflows/issue-triage.md,githubnext/agentics/workflows/agentic-triage.md,False,6631cad64db5fe8e80fb307d045af948340ef361,2025-07-31 15:45:45+00:00,1.0,21.0,0.0553,
36,13,mono/SkiaSharp,mono,auto-triage.md,6,2026-04-24 03:58:47+00:00,False,,,,githubnext/agentics/workflows/issue-triage.md,githubnext/agentics/workflows/agentic-triage.md,False,6631cad64db5fe8e80fb307d045af948340ef361,2025-07-31 15:45:45+00:00,1.0,21.0,0.0547,
37,13,mono/SkiaSharp,mono,auto-triage.md,7,2026-05-08 19:26:00+00:00,False,,,,githubnext/agentics/workflows/issue-triage.md,githubnext/agentics/workflows/agentic-triage.md,False,6631cad64db5fe8e80fb307d045af948340ef361,2025-07-31 15:45:45+00:00,1.0,21.0,0.056,
38,13,mono/SkiaSharp,mono,auto-triage.md,8,2026-06-26 21:41:56+00:00,False,,,,githubnext/agentics/workflows/issue-triage.md,githubnext/agentics/workflows/agentic-triage.md,False,6631cad64db5fe8e80fb307d045af948340ef361,2025-07-31 15:45:45+00:00,1.0,23.0,0.0561,
39,14,mono/SkiaSharp,mono,update-release-notes.md,1,2026-04-28 02:39:23+00:00,False,,,,githubnext/agentics/workflows/agentic-release-manager.md,githubnext/agentics/workflows/agentic-release-manager.md,False,3630c0020def25a8f34676a94877d38dc9e8889b,2025-07-30 11:05:05+00:00,1.0,1.0,0.0587,
40,14,mono/SkiaSharp,mono,update-release-notes.md,2,2026-04-28 13:09:20+00:00,False,,,,githubnext/agentics/workflows/agentic-release-manager.md,githubnext/agentics/workflows/agentic-release-manager.md,False,3630c0020def25a8f34676a94877d38dc9e8889b,2025-07-30 11:05:05+00:00,1.0,1.0,0.06,
41,14,mono/SkiaSharp,mono,update-release-notes.md,3,2026-04-28 20:53:55+00:00,False,,,,githubnext/agentics/workflows/agentic-release-manager.md,githubnext/agentics/workflows/agentic-release-manager.md,False,3630c0020def25a8f34676a94877d38dc9e8889b,2025-07-30 11:05:05+00:00,1.0,1.0,0.0492,
42,14,mono/SkiaSharp,mono,update-release-notes.md,4,2026-04-29 23:32:51+00:00,False,,,,githubnext/agentics/workflows/agentic-release-manager.md,githubnext/agentics/workflows/agentic-release-manager.md,False,3630c0020def25a8f34676a94877d38dc9e8889b,2025-07-30 11:05:05+00:00,1.0,1.0,0.0492,
43,14,mono/SkiaSharp,mono,update-release-notes.md,5,2026-04-30 14:10:26+00:00,False,,,,githubnext/agentics/workflows/agentic-release-manager.md,githubnext/agentics/workflows/agentic-release-manager.md,False,3630c0020def25a8f34676a94877d38dc9e8889b,2025-07-30 11:05:05+00:00,1.0,1.0,0.0492,
44,14,mono/SkiaSharp,mono,update-release-notes.md,6,2026-04-30 17:18:30+00:00,False,,,,githubnext/agentics/workflows/agentic-release-manager.md,githubnext/agentics/workflows/agentic-release-manager.md,False,3630c0020def25a8f34676a94877d38dc9e8889b,2025-07-30 11:05:05+00:00,1.0,1.0,0.0492,
45,14,mono/SkiaSharp,mono,update-release-notes.md,7,2026-05-04 21:34:43+00:00,False,,,,githubnext/agentics/workflows/agentic-release-manager.md,githubnext/agentics/workflows/agentic-release-manager.md,False,3630c0020def25a8f34676a94877d38dc9e8889b,2025-07-30 11:05:05+00:00,1.0,1.0,0.0492,
46,14,mono/SkiaSharp,mono,update-release-notes.md,8,2026-05-04 22:32:28+00:00,False,,,,githubnext/agentics/workflows/agentic-release-manager.md,githubnext/agentics/workflows/agentic-release-manager.md,False,3630c0020def25a8f34676a94877d38dc9e8889b,2025-07-30 11:05:05+00:00,1.0,1.0,0.0492,
47,14,mono/SkiaSharp,mono,update-release-notes.md,9,2026-05-24 21:20:03+00:00,False,,,,githubnext/agentics/workflows/agentic-release-manager.md,githubnext/agentics/workflows/agentic-release-manager.md,False,3630c0020def25a8f34676a94877d38dc9e8889b,2025-07-30 11:05:05+00:00,1.0,1.0,0.0473,
48,14,mono/SkiaSharp,mono,update-release-notes.md,10,2026-06-16 17:25:02+00:00,False,,,,githubnext/agentics/workflows/daily-test-improver.md,githubnext/agentics/workflows/daily-test-improver.md,False,68143d2f2ec0621b4a3b1b537aa3ae3656831678,2025-08-25 23:07:08+00:00,10.0,51.0,0.0469,
49,14,mono/SkiaSharp,mono,update-release-notes.md,11,2026-06-18 14:47:55+00:00,False,,,,githubnext/agentics/workflows/agentic-wiki-writer.md,githubnext/agentics/workflows/agentic-wiki-writer.md,False,75d87ba672827b9ceef5b324cdb76f5a054cd117,2026-03-03 02:19:06+00:00,1.0,6.0,0.0552,
50,14,mono/SkiaSharp,mono,update-release-notes.md,12,2026-06-18 17:50:13+00:00,False,,,,githubnext/agentics/workflows/agentic-wiki-writer.md,githubnext/agentics/workflows/agentic-wiki-writer.md,False,75d87ba672827b9ceef5b324cdb76f5a054cd117,2026-03-03 02:19:06+00:00,1.0,6.0,0.0538,
51,14,mono/SkiaSharp,mono,update-release-notes.md,13,2026-06-22 20:07:50+00:00,False,,,,githubnext/agentics/workflows/agentic-wiki-writer.md,githubnext/agentics/workflows/agentic-wiki-writer.md,False,75d87ba672827b9ceef5b324cdb76f5a054cd117,2026-03-03 02:19:06+00:00,1.0,6.0,0.0545,
52,14,mono/SkiaSharp,mono,update-release-notes.md,14,2026-06-23 16:46:51+00:00,False,,,,githubnext/agentics/workflows/agentic-wiki-writer.md,githubnext/agentics/workflows/agentic-wiki-writer.md,False,75d87ba672827b9ceef5b324cdb76f5a054cd117,2026-03-03 02:19:06+00:00,1.0,6.0,0.0535,
53,14,mono/SkiaSharp,mono,update-release-notes.md,15,2026-06-26 21:41:56+00:00,False,,,,githubnext/agentics/workflows/agentic-wiki-writer.md,githubnext/agentics/workflows/agentic-wiki-writer.md,False,75d87ba672827b9ceef5b324cdb76f5a054cd117,2026-03-03 02:19:06+00:00,1.0,6.0,0.0534,
54,15,uxsoft/AppleWirelessKeyboard,uxsoft,repo-assist.md,1,2026-04-22 19:02:05+00:00,False,githubnext/agentics/workflows/repo-assist.md@51c8f6ad4357d2ecc06e47120031b3d75e80227d,ok,githubnext/agentics/workflows/repo-assist.md,githubnext/agentics/workflows/repo-assist.md,githubnext/agentics/workflows/repo-assist.md,False,0ae10905c47f310d0ed58a020a4e611c0f890442,2026-03-08 00:31:06+00:00,22.0,22.0,1.0,1.0
55,16,dotnet/maui,dotnet,agentic-labeler.md,1,2026-05-15 15:33:58+00:00,False,,,,githubnext/agentics/workflows/issue-triage.md,githubnext/agentics/workflows/agentic-triage.md,False,bf8d330e628f2c235cd9304310156bdbbfa61123,2025-10-24 19:03:24+00:00,20.0,23.0,0.0936,
56,16,dotnet/maui,dotnet,agentic-labeler.md,2,2026-05-15 16:26:46+00:00,False,,,,githubnext/agentics/workflows/issue-triage.md,githubnext/agentics/workflows/agentic-triage.md,False,bf8d330e628f2c235cd9304310156bdbbfa61123,2025-10-24 19:03:24+00:00,20.0,23.0,0.0936,
57,16,dotnet/maui,dotnet,agentic-labeler.md,3,2026-05-18 20:06:04+00:00,False,,,,githubnext/agentics/workflows/issue-triage.md,githubnext/agentics/workflows/agentic-triage.md,False,bf8d330e628f2c235cd9304310156bdbbfa61123,2025-10-24 19:03:24+00:00,20.0,23.0,0.0936,
58,16,dotnet/maui,dotnet,agentic-labeler.md,4,2026-05-20 14:34:36+00:00,False,,,,githubnext/agentics/workflows/issue-triage.md,githubnext/agentics/workflows/agentic-triage.md,False,bf8d330e628f2c235cd9304310156bdbbfa61123,2025-10-24 19:03:24+00:00,20.0,23.0,0.0936,
59,16,dotnet/maui,dotnet,agentic-labeler.md,5,2026-05-21 21:57:13+00:00,False,,,,githubnext/agentics/workflows/issue-triage.md,githubnext/agentics/workflows/agentic-triage.md,False,bf8d330e628f2c235cd9304310156bdbbfa61123,2025-10-24 19:03:24+00:00,20.0,23.0,0.0946,
60,16,dotnet/maui,dotnet,agentic-labeler.md,6,2026-06-17 20:38:43+00:00,False,,,,githubnext/agentics/workflows/issue-triage.md,githubnext/agentics/workflows/agentic-triage.md,False,bf8d330e628f2c235cd9304310156bdbbfa61123,2025-10-24 19:03:24+00:00,20.0,23.0,0.0946,
61,17,dotnet/maui,dotnet,ci-status-fix-net11.md,1,2026-06-23 14:21:08+00:00,False,,,,githubnext/agentics/workflows/repo-assist.md,githubnext/agentics/workflows/repo-assist.md,False,30e497915b16f1f81b9a5e3afdf89f98228f8e3f,2026-03-08 00:03:03+00:00,21.0,25.0,0.0726,
62,18,dotnet/maui,dotnet,ci-status-fix.md,1,2026-06-23 14:21:08+00:00,False,,,,githubnext/agentics/workflows/repo-assist.md,githubnext/agentics/workflows/repo-assist.md,False,30e497915b16f1f81b9a5e3afdf89f98228f8e3f,2026-03-08 00:03:03+00:00,21.0,25.0,0.0731,
63,19,dotnet/maui,dotnet,ci-status-main.md,1,2026-06-08 19:52:50+00:00,False,,,,github/gh-aw/.github/workflows/ci-doctor.md,githubnext/agentics/workflows/ci-doctor.md,False,506b3c471b3764eb69f507f20a133d641b6eac6f,2026-05-23 15:11:12+00:00,14.0,14.0,0.0659,
64,19,dotnet/maui,dotnet,ci-status-main.md,2,2026-06-09 18:54:16+00:00,False,,,,github/gh-aw/.github/workflows/ci-doctor.md,githubnext/agentics/workflows/ci-doctor.md,False,506b3c471b3764eb69f507f20a133d641b6eac6f,2026-05-23 15:11:12+00:00,14.0,14.0,0.0659,
65,19,dotnet/maui,dotnet,ci-status-main.md,3,2026-06-17 20:00:11+00:00,False,,,,github/gh-aw/.github/workflows/ci-doctor.md,githubnext/agentics/workflows/ci-doctor.md,False,506b3c471b3764eb69f507f20a133d641b6eac6f,2026-05-23 15:11:12+00:00,14.0,15.0,0.0659,
66,19,dotnet/maui,dotnet,ci-status-main.md,4,2026-06-23 14:21:08+00:00,False,,,,github/gh-aw/.github/workflows/ci-doctor.md,githubnext/agentics/workflows/ci-doctor.md,False,506b3c471b3764eb69f507f20a133d641b6eac6f,2026-05-23 15:11:12+00:00,14.0,15.0,0.067,
67,19,dotnet/maui,dotnet,ci-status-main.md,5,2026-06-25 16:27:53+00:00,False,,,,github/gh-aw/.github/workflows/ci-doctor.md,githubnext/agentics/workflows/ci-doctor.md,False,506b3c471b3764eb69f507f20a133d641b6eac6f,2026-05-23 15:11:12+00:00,14.0,15.0,0.0665,
68,20,dotnet/maui,dotnet,ci-status-net11.md,1,2026-06-08 19:52:50+00:00,False,,,,github/gh-aw/.github/workflows/ci-doctor.md,githubnext/agentics/workflows/ci-doctor.md,False,506b3c471b3764eb69f507f20a133d641b6eac6f,2026-05-23 15:11:12+00:00,14.0,14.0,0.0654,
69,20,dotnet/maui,dotnet,ci-status-net11.md,2,2026-06-09 18:54:16+00:00,False,,,,github/gh-aw/.github/workflows/ci-doctor.md,githubnext/agentics/workflows/ci-doctor.md,False,506b3c471b3764eb69f507f20a133d641b6eac6f,2026-05-23 15:11:12+00:00,14.0,14.0,0.0654,
70,20,dotnet/maui,dotnet,ci-status-net11.md,3,2026-06-17 20:00:11+00:00,False,,,,github/gh-aw/.github/workflows/ci-doctor.md,githubnext/agentics/workflows/ci-doctor.md,False,506b3c471b3764eb69f507f20a133d641b6eac6f,2026-05-23 15:11:12+00:00,14.0,15.0,0.0654,
71,20,dotnet/maui,dotnet,ci-status-net11.md,4,2026-06-23 14:21:08+00:00,False,,,,github/gh-aw/.github/workflows/ci-doctor.md,githubnext/agentics/workflows/ci-doctor.md,False,506b3c471b3764eb69f507f20a133d641b6eac6f,2026-05-23 15:11:12+00:00,14.0,15.0,0.0665,
72,20,dotnet/maui,dotnet,ci-status-net11.md,5,2026-06-25 16:27:53+00:00,False,,,,github/gh-aw/.github/workflows/ci-doctor.md,githubnext/agentics/workflows/ci-doctor.md,False,506b3c471b3764eb69f507f20a133d641b6eac6f,2026-05-23 15:11:12+00:00,14.0,15.0,0.0661,
73,21,dotnet/maui,dotnet,copilot-evaluate-tests.md,1,2026-03-25 14:44:35+00:00,False,,,,pulumi-labs/gh-aw-internal/.github/workflows/gh-aw-pr-review.md,pulumi-labs/gh-aw-internal/.github/workflows/gh-aw-pr-review.md,False,a91379f7af34693fbdb0f83b1252e4bb945d09bf,2026-03-04 15:33:15+00:00,2.0,4.0,0.0603,
74,21,dotnet/maui,dotnet,copilot-evaluate-tests.md,2,2026-03-25 21:05:33+00:00,False,,,,pulumi-labs/gh-aw-internal/.github/workflows/gh-aw-pr-review.md,pulumi-labs/gh-aw-internal/.github/workflows/gh-aw-pr-review.md,False,a91379f7af34693fbdb0f83b1252e4bb945d09bf,2026-03-04 15:33:15+00:00,2.0,4.0,0.0603,
75,21,dotnet/maui,dotnet,copilot-evaluate-tests.md,3,2026-04-15 17:21:02+00:00,False,,,,github/gh-aw/.github/workflows/ci-doctor.md,githubnext/agentics/workflows/ci-doctor.md,False,4cf9de0e682f0a41d06804a196bda0aaf057ad55,2026-03-26 13:24:04+00:00,12.0,13.0,0.0635,
76,21,dotnet/maui,dotnet,copilot-evaluate-tests.md,4,2026-04-30 13:44:37+00:00,False,,,,github/gh-aw/.github/workflows/shared/noop-reminder.md,github/gh-aw/.github/workflows/shared/noop-reminder.md,True,25fed92bcba25c4a0eb7765a29d05bec8f81ec3b,2026-04-18 01:02:45+00:00,1.0,1.0,0.0897,
77,21,dotnet/maui,dotnet,copilot-evaluate-tests.md,5,2026-06-17 20:00:11+00:00,False,,,,github/gh-aw/.github/workflows/shared/noop-reminder.md,github/gh-aw/.github/workflows/shared/noop-reminder.md,True,25fed92bcba25c4a0eb7765a29d05bec8f81ec3b,2026-04-18 01:02:45+00:00,1.0,2.0,0.0897,
78,21,dotnet/maui,dotnet,copilot-evaluate-tests.md,6,2026-06-17 20:38:43+00:00,False,,,,github/gh-aw/.github/workflows/shared/noop-reminder.md,github/gh-aw/.github/workflows/shared/noop-reminder.md,True,25fed92bcba25c4a0eb7765a29d05bec8f81ec3b,2026-04-18 01:02:45+00:00,1.0,2.0,0.0897,
79,22,dotnet/maui,dotnet,copilot-review-tests.md,1,2026-06-08 21:58:57+00:00,False,,,,pulumi-labs/gh-aw-internal/.github/workflows/shared/review.md,pulumi-labs/gh-aw-internal/.github/workflows/shared/review.md,True,242988150273951aad5f67b008256266bdff6112,2026-05-28 15:56:48+00:00,4.0,4.0,0.0658,
80,22,dotnet/maui,dotnet,copilot-review-tests.md,2,2026-06-09 18:54:46+00:00,False,,,,pulumi-labs/gh-aw-internal/.github/workflows/shared/review.md,pulumi-labs/gh-aw-internal/.github/workflows/shared/review.md,True,242988150273951aad5f67b008256266bdff6112,2026-05-28 15:56:48+00:00,4.0,4.0,0.067,
81,22,dotnet/maui,dotnet,copilot-review-tests.md,3,2026-06-10 21:40:36+00:00,False,,,,pulumi-labs/gh-aw-internal/.github/workflows/shared/review.md,pulumi-labs/gh-aw-internal/.github/workflows/shared/review.md,True,242988150273951aad5f67b008256266bdff6112,2026-05-28 15:56:48+00:00,4.0,4.0,0.0705,
82,22,dotnet/maui,dotnet,copilot-review-tests.md,4,2026-06-17 20:38:43+00:00,False,,,,pulumi-labs/gh-aw-internal/.github/workflows/shared/review.md,pulumi-labs/gh-aw-internal/.github/workflows/shared/review.md,True,242988150273951aad5f67b008256266bdff6112,2026-05-28 15:56:48+00:00,4.0,4.0,0.0705,
83,22,dotnet/maui,dotnet,copilot-review-tests.md,5,2026-06-18 14:45:10+00:00,False,,,,pulumi-labs/gh-aw-internal/.github/workflows/shared/review.md,pulumi-labs/gh-aw-internal/.github/workflows/shared/review.md,True,242988150273951aad5f67b008256266bdff6112,2026-05-28 15:56:48+00:00,4.0,4.0,0.0705,
84,22,dotnet/maui,dotnet,copilot-review-tests.md,6,2026-06-19 19:46:15+00:00,False,,,,pulumi-labs/gh-aw-internal/.github/workflows/shared/review.md,pulumi-labs/gh-aw-internal/.github/workflows/shared/review.md,True,242988150273951aad5f67b008256266bdff6112,2026-05-28 15:56:48+00:00,4.0,4.0,0.0705,
85,22,dotnet/maui,dotnet,copilot-review-tests.md,7,2026-06-25 16:27:53+00:00,False,,,,github/gh-aw/.github/workflows/ci-doctor.md,githubnext/agentics/workflows/ci-doctor.md,False,af7701aac244d773ba6b58a33fa5fa58968e053f,2026-03-23 18:54:16+00:00,11.0,15.0,0.0534,
86,23,dotnet/maui,dotnet,daily-repo-status.md,1,2026-02-13 16:15:34+00:00,False,githubnext/agentics/workflows/daily-repo-status.md@69b5e3ae5fa7f35fa555b0a22aee14c36ab57ebb,ok,githubnext/agentics/workflows/daily-repo-status.md,githubnext/agentics/workflows/daily-repo-status.md,githubnext/agentics/workflows/daily-repo-status.md,False,3eae9b88d024036be45d668e3404f8662f94d878,2026-01-26 19:57:42+00:00,1.0,1.0,1.0,1.0
87,23,dotnet/maui,dotnet,daily-repo-status.md,2,2026-02-18 13:07:52+00:00,False,githubnext/agentics/workflows/daily-repo-status.md@69b5e3ae5fa7f35fa555b0a22aee14c36ab57ebb,ok,githubnext/agentics/workflows/daily-repo-status.md,githubnext/agentics/workflows/daily-repo-status.md,githubnext/agentics/workflows/daily-repo-status.md,False,3eae9b88d024036be45d668e3404f8662f94d878,2026-01-26 19:57:42+00:00,1.0,1.0,1.0,1.0
88,23,dotnet/maui,dotnet,daily-repo-status.md,3,2026-06-17 20:00:11+00:00,False,githubnext/agentics/workflows/daily-repo-status.md@69b5e3ae5fa7f35fa555b0a22aee14c36ab57ebb,ok,githubnext/agentics/workflows/daily-repo-status.md,githubnext/agentics/workflows/daily-repo-status.md,githubnext/agentics/workflows/daily-repo-status.md,False,3eae9b88d024036be45d668e3404f8662f94d878,2026-01-26 19:57:42+00:00,1.0,1.0,1.0,1.0
89,24,dotnet/maui,dotnet,rerun-review-scanner.md,1,2026-06-08 21:10:53+00:00,False,,,,githubnext/agentics/workflows/repo-assist.md,githubnext/agentics/workflows/repo-assist.md,False,0ae10905c47f310d0ed58a020a4e611c0f890442,2026-03-08 00:31:06+00:00,22.0,25.0,0.0545,
90,24,dotnet/maui,dotnet,rerun-review-scanner.md,2,2026-06-15 20:46:44+00:00,False,,,,githubnext/agentics/workflows/repo-assist.md,githubnext/agentics/workflows/repo-assist.md,False,0ae10905c47f310d0ed58a020a4e611c0f890442,2026-03-08 00:31:06+00:00,22.0,25.0,0.0543,
91,24,dotnet/maui,dotnet,rerun-review-scanner.md,3,2026-06-17 20:00:11+00:00,False,,,,githubnext/agentics/workflows/repo-assist.md,githubnext/agentics/workflows/repo-assist.md,False,0ae10905c47f310d0ed58a020a4e611c0f890442,2026-03-08 00:31:06+00:00,22.0,25.0,0.0543,
92,24,dotnet/maui,dotnet,rerun-review-scanner.md,4,2026-06-22 15:00:50+00:00,False,,,,githubnext/agentics/workflows/repo-assist.md,githubnext/agentics/workflows/repo-assist.md,False,828ac109efb43990f59475cbfce90ede5546586c,2026-02-22 22:43:36+00:00,13.0,25.0,0.0534,
93,24,dotnet/maui,dotnet,rerun-review-scanner.md,5,2026-06-25 15:39:22+00:00,False,,,,githubnext/agentics/workflows/repo-assist.md,githubnext/agentics/workflows/repo-assist.md,False,d975fee907421105562226072b27345545862e92,2026-03-07 18:15:29+00:00,20.0,25.0,0.0527,
94,25,dotnet/machinelearning,dotnet,ci-scan-feedback.agent.md,1,2026-06-08 07:52:26+00:00,False,,,,github/gh-aw/.github/workflows/daily-doc-updater.md,github/gh-aw/.github/workflows/daily-doc-updater.md,False,208cf613bf269c470f1e646e831a8918a4c6afb0,2026-05-06 12:37:31+00:00,21.0,23.0,0.0661,
95,25,dotnet/machinelearning,dotnet,ci-scan-feedback.agent.md,2,2026-06-09 09:31:33+00:00,False,,,,github/gh-aw/.github/workflows/daily-doc-updater.md,github/gh-aw/.github/workflows/daily-doc-updater.md,False,208cf613bf269c470f1e646e831a8918a4c6afb0,2026-05-06 12:37:31+00:00,21.0,23.0,0.0661,
96,26,dotnet/machinelearning,dotnet,ci-scan.agent.md,1,2026-06-08 07:52:26+00:00,False,,,,github/gh-aw/.github/workflows/ci-doctor.md,githubnext/agentics/workflows/ci-doctor.md,False,506b3c471b3764eb69f507f20a133d641b6eac6f,2026-05-23 15:11:12+00:00,14.0,14.0,0.0522,
97,27,dotnet/machinelearning,dotnet,issue-triage.agent.md,1,2026-03-20 19:22:44+00:00,False,,,,githubnext/agentics/workflows/issue-triage.md,githubnext/agentics/workflows/agentic-triage.md,False,bf8d330e628f2c235cd9304310156bdbbfa61123,2025-10-24 19:03:24+00:00,20.0,21.0,0.0574,
98,28,dotnet/machinelearning,dotnet,repo-health-check.md,1,2026-03-06 19:18:46+00:00,False,,,,github/gh-aw/.github/workflows/shared/issues-data-fetch.md,github/gh-aw/.github/workflows/shared/issues-data-fetch.md,True,2856811db9b18468fab048ba101007eaa3b6b498,2025-11-26 05:58:13+00:00,1.0,1.0,0.08,
99,28,dotnet/machinelearning,dotnet,repo-health-check.md,2,2026-03-10 11:24:47+00:00,False,,,,github/gh-aw/.github/workflows/shared/issues-data-fetch.md,github/gh-aw/.github/workflows/shared/issues-data-fetch.md,True,2856811db9b18468fab048ba101007eaa3b6b498,2025-11-26 05:58:13+00:00,1.0,1.0,0.08,
100,29,dotnet/machinelearning,dotnet,repo-health-groom.md,1,2026-03-06 19:18:46+00:00,False,,,,github/gh-aw/.github/workflows/ci-doctor.md,githubnext/agentics/workflows/ci-doctor.md,False,e1e884c1a2b5c87e12069909bb80090772930fcf,2026-02-21 03:18:06+00:00,9.0,10.0,0.0499,
101,29,dotnet/machinelearning,dotnet,repo-health-groom.md,2,2026-03-10 11:24:47+00:00,False,,,,github/gh-aw/.github/workflows/ci-doctor.md,githubnext/agentics/workflows/ci-doctor.md,False,e1e884c1a2b5c87e12069909bb80090772930fcf,2026-02-21 03:18:06+00:00,9.0,10.0,0.0499,
102,30,dotnet/machinelearning,dotnet,repo-health-investigate.md,1,2026-03-06 19:18:46+00:00,False,,,,github/gh-aw/.github/workflows/ci-doctor.md,githubnext/agentics/workflows/ci-doctor.md,False,c19426f87652906fd05ff08a91d4753f8a96bfe2,2026-02-07 17:28:29+00:00,6.0,10.0,0.0603,
103,30,dotnet/machinelearning,dotnet,repo-health-investigate.md,2,2026-03-10 11:24:47+00:00,False,,,,github/gh-aw/.github/workflows/ci-doctor.md,githubnext/agentics/workflows/ci-doctor.md,False,c19426f87652906fd05ff08a91d4753f8a96bfe2,2026-02-07 17:28:29+00:00,6.0,10.0,0.0603,
104,31,npgsql/efcore.pg,npgsql,sync-to-latest-ef.md,1,2026-02-16 09:27:59+00:00,False,,,,githubnext/agentics/workflows/daily-test-improver.md,githubnext/agentics/workflows/daily-test-improver.md,False,0125b7683216c4123cb803621a01b54492c49c84,2025-08-23 14:14:13+00:00,1.0,45.0,0.0673,
105,31,npgsql/efcore.pg,npgsql,sync-to-latest-ef.md,2,2026-03-05 09:50:15+00:00,False,,,,githubnext/agentics/workflows/daily-test-improver.md,githubnext/agentics/workflows/daily-test-improver.md,False,0125b7683216c4123cb803621a01b54492c49c84,2025-08-23 14:14:13+00:00,1.0,48.0,0.0693,
106,31,npgsql/efcore.pg,npgsql,sync-to-latest-ef.md,3,2026-03-26 10:16:08+00:00,True,,,,,,,,,,,,
107,32,microsoft/vstest,microsoft,build-failure-analysis-command.md,1,2026-06-19 12:08:15+00:00,True,,,,,,,,,,,,
108,33,microsoft/vstest,microsoft,build-failure-analysis.md,1,2026-06-19 12:08:15+00:00,False,,,,githubnext/agentics/workflows/pr-fix.md,githubnext/agentics/workflows/pr-fix.md,False,b0cfbcbd6be03e4e7ad56b83a8d588ca6aa3b220,2025-08-26 00:22:12+00:00,3.0,20.0,0.039,
109,34,microsoft/vstest,microsoft,code-simplifier.md,1,2026-06-19 12:08:15+00:00,False,,,,githubnext/agentics/workflows/code-simplifier.md,githubnext/agentics/workflows/code-simplifier.md,False,6e25aedbb43fbb2a0f4666917682728a58a9b2b7,2026-02-13 03:25:44+00:00,1.0,3.0,0.9974,
110,35,microsoft/vstest,microsoft,daily-file-diet.md,1,2026-06-19 12:08:15+00:00,False,,,,githubnext/agentics/workflows/daily-file-diet.md,githubnext/agentics/workflows/daily-file-diet.md,False,fed4a494d205a0611f2045d4488a1fe13956ba25,2026-03-19 00:46:06+00:00,2.0,3.0,0.8389,
111,36,microsoft/vstest,microsoft,daily-qa.md,1,2026-05-12 10:14:48+00:00,False,,,,githubnext/agentics/workflows/repo-assist.md,githubnext/agentics/workflows/repo-assist.md,False,afb00b92a9514fee9a14c583f059a03d05738f70,2026-02-26 13:40:39+00:00,18.0,25.0,0.088,
112,36,microsoft/vstest,microsoft,daily-qa.md,2,2026-05-12 11:09:52+00:00,False,,,,githubnext/agentics/workflows/repo-assist.md,githubnext/agentics/workflows/repo-assist.md,False,afb00b92a9514fee9a14c583f059a03d05738f70,2026-02-26 13:40:39+00:00,18.0,25.0,0.088,
113,36,microsoft/vstest,microsoft,daily-qa.md,3,2026-05-13 09:41:03+00:00,False,,,,githubnext/agentics/workflows/repo-assist.md,githubnext/agentics/workflows/repo-assist.md,False,afb00b92a9514fee9a14c583f059a03d05738f70,2026-02-26 13:40:39+00:00,18.0,25.0,0.0885,
114,36,microsoft/vstest,microsoft,daily-qa.md,4,2026-05-13 12:45:32+00:00,False,,,,githubnext/agentics/workflows/repo-assist.md,githubnext/agentics/workflows/repo-assist.md,False,69c1ee19e39e6aaba35519aafefb5cbf314de323,2026-02-26 11:32:52+00:00,17.0,25.0,0.0907,
115,36,microsoft/vstest,microsoft,daily-qa.md,5,2026-05-14 08:26:54+00:00,False,,,,githubnext/agentics/workflows/repo-assist.md,githubnext/agentics/workflows/repo-assist.md,False,69c1ee19e39e6aaba35519aafefb5cbf314de323,2026-02-26 11:32:52+00:00,17.0,25.0,0.0937,
116,36,microsoft/vstest,microsoft,daily-qa.md,6,2026-05-14 08:35:21+00:00,False,,,,githubnext/agentics/workflows/repo-assist.md,githubnext/agentics/workflows/repo-assist.md,False,69c1ee19e39e6aaba35519aafefb5cbf314de323,2026-02-26 11:32:52+00:00,17.0,25.0,0.0937,
117,36,microsoft/vstest,microsoft,daily-qa.md,7,2026-05-18 08:39:31+00:00,False,,,,githubnext/agentics/workflows/repo-assist.md,githubnext/agentics/workflows/repo-assist.md,False,69c1ee19e39e6aaba35519aafefb5cbf314de323,2026-02-26 11:32:52+00:00,17.0,25.0,0.0944,
118,37,microsoft/vstest,microsoft,efficiency-improver.md,1,2026-06-19 12:08:15+00:00,False,,,,githubnext/agentics/workflows/efficiency-improver.md,githubnext/agentics/workflows/daily-efficiency-improver.md,False,497230d3867fe453aae74b15d06178d45a39fcce,2026-05-08 20:56:58+00:00,1.0,1.0,0.9713,
119,38,microsoft/vstest,microsoft,http-link-checker.md,1,2026-06-10 13:26:11+00:00,False,,,,githubnext/agentics/workflows/link-checker.md,githubnext/agentics/workflows/link-checker.md,False,054f7e0bbd8746b147fc60baf2df35a5dead710a,2026-06-06 12:32:28+00:00,2.0,2.0,0.9454,
120,38,microsoft/vstest,microsoft,http-link-checker.md,2,2026-06-12 11:31:28+00:00,False,,,,githubnext/agentics/workflows/link-checker.md,githubnext/agentics/workflows/link-checker.md,False,054f7e0bbd8746b147fc60baf2df35a5dead710a,2026-06-06 12:32:28+00:00,2.0,2.0,0.9454,
121,39,microsoft/vstest,microsoft,issue-repro-triage.md,1,2026-05-12 10:14:48+00:00,False,,,,githubnext/agentics/workflows/repo-assist.md,githubnext/agentics/workflows/repo-assist.md,False,0ae10905c47f310d0ed58a020a4e611c0f890442,2026-03-08 00:31:06+00:00,22.0,25.0,0.0881,
122,39,microsoft/vstest,microsoft,issue-repro-triage.md,2,2026-05-12 15:02:20+00:00,False,,,,githubnext/agentics/workflows/repo-assist.md,githubnext/agentics/workflows/repo-assist.md,False,0ae10905c47f310d0ed58a020a4e611c0f890442,2026-03-08 00:31:06+00:00,22.0,25.0,0.0887,
123,39,microsoft/vstest,microsoft,issue-repro-triage.md,3,2026-05-13 09:41:03+00:00,False,,,,githubnext/agentics/workflows/repo-assist.md,githubnext/agentics/workflows/repo-assist.md,False,0ae10905c47f310d0ed58a020a4e611c0f890442,2026-03-08 00:31:06+00:00,22.0,25.0,0.0924,
124,39,microsoft/vstest,microsoft,issue-repro-triage.md,4,2026-05-13 12:45:32+00:00,False,,,,githubnext/agentics/workflows/repo-assist.md,githubnext/agentics/workflows/repo-assist.md,False,0ae10905c47f310d0ed58a020a4e611c0f890442,2026-03-08 00:31:06+00:00,22.0,25.0,0.0999,
125,39,microsoft/vstest,microsoft,issue-repro-triage.md,5,2026-05-13 14:42:46+00:00,False,,,,githubnext/agentics/workflows/repo-assist.md,githubnext/agentics/workflows/repo-assist.md,False,0ae10905c47f310d0ed58a020a4e611c0f890442,2026-03-08 00:31:06+00:00,22.0,25.0,0.0999,
126,39,microsoft/vstest,microsoft,issue-repro-triage.md,6,2026-05-14 08:26:54+00:00,False,,,,githubnext/agentics/workflows/repo-assist.md,githubnext/agentics/workflows/repo-assist.md,False,69c1ee19e39e6aaba35519aafefb5cbf314de323,2026-02-26 11:32:52+00:00,17.0,25.0,0.1063,
127,39,microsoft/vstest,microsoft,issue-repro-triage.md,7,2026-05-14 11:12:11+00:00,False,,,,githubnext/agentics/workflows/repo-assist.md,githubnext/agentics/workflows/repo-assist.md,False,69c1ee19e39e6aaba35519aafefb5cbf314de323,2026-02-26 11:32:52+00:00,17.0,25.0,0.1063,
128,39,microsoft/vstest,microsoft,issue-repro-triage.md,8,2026-05-15 07:28:18+00:00,False,,,,githubnext/agentics/workflows/repo-assist.md,githubnext/agentics/workflows/repo-assist.md,False,69c1ee19e39e6aaba35519aafefb5cbf314de323,2026-02-26 11:32:52+00:00,17.0,25.0,0.113,
129,39,microsoft/vstest,microsoft,issue-repro-triage.md,9,2026-05-18 08:35:30+00:00,False,,,,githubnext/agentics/workflows/repo-assist.md,githubnext/agentics/workflows/repo-assist.md,False,69c1ee19e39e6aaba35519aafefb5cbf314de323,2026-02-26 11:32:52+00:00,17.0,25.0,0.1097,
130,39,microsoft/vstest,microsoft,issue-repro-triage.md,10,2026-05-18 08:39:31+00:00,False,,,,githubnext/agentics/workflows/repo-assist.md,githubnext/agentics/workflows/repo-assist.md,False,69c1ee19e39e6aaba35519aafefb5cbf314de323,2026-02-26 11:32:52+00:00,17.0,25.0,0.1098,
131,39,microsoft/vstest,microsoft,issue-repro-triage.md,11,2026-05-18 09:19:29+00:00,False,,,,githubnext/agentics/workflows/repo-assist.md,githubnext/agentics/workflows/repo-assist.md,False,69c1ee19e39e6aaba35519aafefb5cbf314de323,2026-02-26 11:32:52+00:00,17.0,25.0,0.1014,
132,40,microsoft/vstest,microsoft,malicious-code-scan.md,1,2026-06-19 12:08:15+00:00,False,,,,githubnext/agentics/workflows/malicious-code-scan.md,githubnext/agentics/workflows/daily-malicious-code-scan.md,False,054f7e0bbd8746b147fc60baf2df35a5dead710a,2026-06-06 12:32:28+00:00,2.0,2.0,0.9988,
133,41,microsoft/vstest,microsoft,markdown-linter.md,1,2026-06-19 12:08:15+00:00,False,,,,githubnext/agentics/workflows/markdown-linter.md,githubnext/agentics/workflows/markdown-linter.md,False,e9d60822329eb50a32fcfc54ebd68078e4f5133e,2026-03-07 20:32:43+00:00,1.0,1.0,1.0,
134,42,microsoft/vstest,microsoft,md-link-checker.md,1,2026-06-10 13:26:11+00:00,False,,,,githubnext/agentics/workflows/link-checker.md,githubnext/agentics/workflows/link-checker.md,False,054f7e0bbd8746b147fc60baf2df35a5dead710a,2026-06-06 12:32:28+00:00,2.0,2.0,0.5827,
135,42,microsoft/vstest,microsoft,md-link-checker.md,2,2026-06-10 18:34:35+00:00,False,,,,githubnext/agentics/workflows/link-checker.md,githubnext/agentics/workflows/link-checker.md,False,054f7e0bbd8746b147fc60baf2df35a5dead710a,2026-06-06 12:32:28+00:00,2.0,2.0,0.5827,
136,42,microsoft/vstest,microsoft,md-link-checker.md,3,2026-06-19 13:54:17+00:00,False,,,,githubnext/agentics/workflows/link-checker.md,githubnext/agentics/workflows/link-checker.md,False,054f7e0bbd8746b147fc60baf2df35a5dead710a,2026-06-06 12:32:28+00:00,2.0,2.0,0.5398,
137,43,microsoft/vstest,microsoft,msbuild-quality-review.md,1,2026-06-19 12:08:15+00:00,True,,,,,,,,,,,,
138,44,microsoft/vstest,microsoft,pr-expert-reviewer.md,1,2026-05-12 10:14:48+00:00,False,,,,githubnext/agentics/workflows/pr-nitpick-reviewer.md,githubnext/agentics/workflows/pr-nitpick-reviewer.md,False,4957663821dbb3260348084fa2f1659701950fef,2026-03-23 00:38:53+00:00,2.0,2.0,0.1423,
139,44,microsoft/vstest,microsoft,pr-expert-reviewer.md,2,2026-05-12 11:09:52+00:00,False,,,,githubnext/agentics/workflows/pr-nitpick-reviewer.md,githubnext/agentics/workflows/pr-nitpick-reviewer.md,False,4957663821dbb3260348084fa2f1659701950fef,2026-03-23 00:38:53+00:00,2.0,2.0,0.1423,
140,44,microsoft/vstest,microsoft,pr-expert-reviewer.md,3,2026-05-14 08:26:54+00:00,False,,,,githubnext/agentics/workflows/pr-nitpick-reviewer.md,githubnext/agentics/workflows/pr-nitpick-reviewer.md,False,4957663821dbb3260348084fa2f1659701950fef,2026-03-23 00:38:53+00:00,2.0,2.0,0.1422,
141,44,microsoft/vstest,microsoft,pr-expert-reviewer.md,4,2026-05-14 10:54:06+00:00,False,,,,githubnext/agentics/workflows/pr-nitpick-reviewer.md,githubnext/agentics/workflows/pr-nitpick-reviewer.md,False,4957663821dbb3260348084fa2f1659701950fef,2026-03-23 00:38:53+00:00,2.0,2.0,0.132,
142,44,microsoft/vstest,microsoft,pr-expert-reviewer.md,5,2026-05-18 08:39:31+00:00,False,,,,githubnext/agentics/workflows/pr-nitpick-reviewer.md,githubnext/agentics/workflows/pr-nitpick-reviewer.md,False,4957663821dbb3260348084fa2f1659701950fef,2026-03-23 00:38:53+00:00,2.0,2.0,0.1315,
143,44,microsoft/vstest,microsoft,pr-expert-reviewer.md,6,2026-05-25 15:15:19+00:00,False,,,,githubnext/agentics/workflows/pr-nitpick-reviewer.md,githubnext/agentics/workflows/pr-nitpick-reviewer.md,False,4957663821dbb3260348084fa2f1659701950fef,2026-03-23 00:38:53+00:00,2.0,2.0,0.13,
144,45,microsoft/vstest,microsoft,pr-iteration.md,1,2026-05-12 15:02:20+00:00,False,,,,githubnext/agentics/workflows/repo-assist.md,githubnext/agentics/workflows/repo-assist.md,False,69dc52f93e6abaaeb199c24e22b401f5bb1bac6f,2026-03-07 00:06:02+00:00,19.0,25.0,0.0924,
145,45,microsoft/vstest,microsoft,pr-iteration.md,2,2026-05-13 07:55:56+00:00,False,,,,githubnext/agentics/workflows/repo-assist.md,githubnext/agentics/workflows/repo-assist.md,False,69dc52f93e6abaaeb199c24e22b401f5bb1bac6f,2026-03-07 00:06:02+00:00,19.0,25.0,0.0924,
146,45,microsoft/vstest,microsoft,pr-iteration.md,3,2026-05-13 09:41:03+00:00,False,,,,githubnext/agentics/workflows/repo-assist.md,githubnext/agentics/workflows/repo-assist.md,False,08abb3ea9353c4cf4d0360c639203c7aed2aa493,2026-02-22 00:15:53+00:00,5.0,25.0,0.0918,
147,45,microsoft/vstest,microsoft,pr-iteration.md,4,2026-05-13 10:44:19+00:00,False,,,,githubnext/agentics/workflows/repo-assist.md,githubnext/agentics/workflows/repo-assist.md,False,08abb3ea9353c4cf4d0360c639203c7aed2aa493,2026-02-22 00:15:53+00:00,5.0,25.0,0.0918,
148,45,microsoft/vstest,microsoft,pr-iteration.md,5,2026-05-14 08:26:54+00:00,False,,,,githubnext/agentics/workflows/repo-assist.md,githubnext/agentics/workflows/repo-assist.md,False,828ac109efb43990f59475cbfce90ede5546586c,2026-02-22 22:43:36+00:00,13.0,25.0,0.0914,
149,45,microsoft/vstest,microsoft,pr-iteration.md,6,2026-05-14 08:35:21+00:00,False,,,,githubnext/agentics/workflows/repo-assist.md,githubnext/agentics/workflows/repo-assist.md,False,08abb3ea9353c4cf4d0360c639203c7aed2aa493,2026-02-22 00:15:53+00:00,5.0,25.0,0.0921,
150,45,microsoft/vstest,microsoft,pr-iteration.md,7,2026-05-14 11:25:49+00:00,False,,,,githubnext/agentics/workflows/repo-assist.md,githubnext/agentics/workflows/repo-assist.md,False,828ac109efb43990f59475cbfce90ede5546586c,2026-02-22 22:43:36+00:00,13.0,25.0,0.0917,
151,45,microsoft/vstest,microsoft,pr-iteration.md,8,2026-05-14 11:32:44+00:00,False,,,,githubnext/agentics/workflows/repo-assist.md,githubnext/agentics/workflows/repo-assist.md,False,08abb3ea9353c4cf4d0360c639203c7aed2aa493,2026-02-22 00:15:53+00:00,5.0,25.0,0.0924,
152,45,microsoft/vstest,microsoft,pr-iteration.md,9,2026-05-18 08:39:31+00:00,False,,,,githubnext/agentics/workflows/repo-assist.md,githubnext/agentics/workflows/repo-assist.md,False,08abb3ea9353c4cf4d0360c639203c7aed2aa493,2026-02-22 00:15:53+00:00,5.0,25.0,0.0929,
153,46,microsoft/vstest,microsoft,repository-quality-improver.md,1,2026-06-19 12:08:15+00:00,False,,,,githubnext/agentics/workflows/repository-quality-improver.md,githubnext/agentics/workflows/repository-quality-improver.md,False,4c38dd19cf6bd04950dc2f98c91caba3d2acfcd6,2026-03-03 12:45:06+00:00,1.0,1.0,0.9984,
154,47,dotnet/SqlClient,dotnet,issue-triage.md,1,2026-05-12 21:12:23+00:00,False,,,,githubnext/agentics/workflows/issue-triage.md,githubnext/agentics/workflows/agentic-triage.md,False,e59994b330d765823202927b3fb26e909fbc72ab,2026-05-12 13:58:09+00:00,23.0,23.0,0.0952,
155,47,dotnet/SqlClient,dotnet,issue-triage.md,2,2026-05-13 07:21:37+00:00,False,,,,githubnext/agentics/workflows/issue-triage.md,githubnext/agentics/workflows/agentic-triage.md,False,e59994b330d765823202927b3fb26e909fbc72ab,2026-05-12 13:58:09+00:00,23.0,23.0,0.0928,
156,47,dotnet/SqlClient,dotnet,issue-triage.md,3,2026-05-19 07:46:56+00:00,False,,,,githubnext/agentics/workflows/issue-triage.md,githubnext/agentics/workflows/agentic-triage.md,False,e59994b330d765823202927b3fb26e909fbc72ab,2026-05-12 13:58:09+00:00,23.0,23.0,0.0879,
157,47,dotnet/SqlClient,dotnet,issue-triage.md,4,2026-06-11 07:53:35+00:00,False,,,,githubnext/agentics/workflows/issue-triage.md,githubnext/agentics/workflows/agentic-triage.md,False,e59994b330d765823202927b3fb26e909fbc72ab,2026-05-12 13:58:09+00:00,23.0,23.0,0.0741,
158,47,dotnet/SqlClient,dotnet,issue-triage.md,5,2026-06-15 17:21:09+00:00,False,,,,githubnext/agentics/workflows/issue-triage.md,githubnext/agentics/workflows/agentic-triage.md,False,e59994b330d765823202927b3fb26e909fbc72ab,2026-05-12 13:58:09+00:00,23.0,23.0,0.0741,
159,48,Shazwazza/Articulate,Shazwazza,efficiency-improver.md,1,2026-05-25 19:05:39+00:00,False,githubnext/agentics/workflows/efficiency-improver.md@dcdf09723d42ef9b6c75335e4612fd145d4ccdaa,ok,githubnext/agentics/workflows/efficiency-improver.md,githubnext/agentics/workflows/efficiency-improver.md,githubnext/agentics/workflows/daily-efficiency-improver.md,False,497230d3867fe453aae74b15d06178d45a39fcce,2026-05-08 20:56:58+00:00,1.0,1.0,1.0,1.0
160,48,Shazwazza/Articulate,Shazwazza,efficiency-improver.md,2,2026-06-01 15:38:06+00:00,False,githubnext/agentics/workflows/efficiency-improver.md@dcdf09723d42ef9b6c75335e4612fd145d4ccdaa,ok,githubnext/agentics/workflows/efficiency-improver.md,githubnext/agentics/workflows/efficiency-improver.md,githubnext/agentics/workflows/daily-efficiency-improver.md,False,497230d3867fe453aae74b15d06178d45a39fcce,2026-05-08 20:56:58+00:00,1.0,1.0,1.0,1.0
161,49,dotnet/msbuild,dotnet,close-stale-prs.agent.md,1,2026-03-17 11:02:00+00:00,False,,,,githubnext/agentics/workflows/draft-pr-cleanup.md,githubnext/agentics/workflows/draft-pr-cleanup.md,False,d7a0e9dd01a53f64fb5d7bd776c17615e4eae701,2026-02-17 21:09:07+00:00,1.0,1.0,0.0804,
162,49,dotnet/msbuild,dotnet,close-stale-prs.agent.md,2,2026-03-17 12:51:25+00:00,False,,,,githubnext/agentics/workflows/draft-pr-cleanup.md,githubnext/agentics/workflows/draft-pr-cleanup.md,False,d7a0e9dd01a53f64fb5d7bd776c17615e4eae701,2026-02-17 21:09:07+00:00,1.0,1.0,0.1247,
163,49,dotnet/msbuild,dotnet,close-stale-prs.agent.md,3,2026-04-07 10:33:45+00:00,False,,,,githubnext/agentics/workflows/draft-pr-cleanup.md,githubnext/agentics/workflows/draft-pr-cleanup.md,False,d7a0e9dd01a53f64fb5d7bd776c17615e4eae701,2026-02-17 21:09:07+00:00,1.0,1.0,0.1247,
164,49,dotnet/msbuild,dotnet,close-stale-prs.agent.md,4,2026-06-02 13:27:13+00:00,False,,,,githubnext/agentics/workflows/draft-pr-cleanup.md,githubnext/agentics/workflows/draft-pr-cleanup.md,False,d7a0e9dd01a53f64fb5d7bd776c17615e4eae701,2026-02-17 21:09:07+00:00,1.0,1.0,0.1247,
165,49,dotnet/msbuild,dotnet,close-stale-prs.agent.md,5,2026-06-10 09:02:03+00:00,False,,,,githubnext/agentics/workflows/draft-pr-cleanup.md,githubnext/agentics/workflows/draft-pr-cleanup.md,False,d7a0e9dd01a53f64fb5d7bd776c17615e4eae701,2026-02-17 21:09:07+00:00,1.0,1.0,0.1247,
166,49,dotnet/msbuild,dotnet,close-stale-prs.agent.md,6,2026-06-25 10:58:39+00:00,False,,,,githubnext/agentics/workflows/draft-pr-cleanup.md,githubnext/agentics/workflows/draft-pr-cleanup.md,False,d7a0e9dd01a53f64fb5d7bd776c17615e4eae701,2026-02-17 21:09:07+00:00,1.0,1.0,0.1247,
167,50,dotnet/msbuild,dotnet,flaky-test-detector.agent.md,1,2026-06-02 10:25:29+00:00,False,,,,githubnext/agentics/workflows/repo-assist.md,githubnext/agentics/workflows/repo-assist.md,False,69dc52f93e6abaaeb199c24e22b401f5bb1bac6f,2026-03-07 00:06:02+00:00,19.0,25.0,0.0773,
168,50,dotnet/msbuild,dotnet,flaky-test-detector.agent.md,2,2026-06-02 13:27:13+00:00,False,,,,githubnext/agentics/workflows/repo-assist.md,githubnext/agentics/workflows/repo-assist.md,False,69dc52f93e6abaaeb199c24e22b401f5bb1bac6f,2026-03-07 00:06:02+00:00,19.0,25.0,0.0783,
169,50,dotnet/msbuild,dotnet,flaky-test-detector.agent.md,3,2026-06-03 09:51:05+00:00,False,,,,githubnext/agentics/workflows/repo-assist.md,githubnext/agentics/workflows/repo-assist.md,False,69dc52f93e6abaaeb199c24e22b401f5bb1bac6f,2026-03-07 00:06:02+00:00,19.0,25.0,0.0806,
170,50,dotnet/msbuild,dotnet,flaky-test-detector.agent.md,4,2026-06-03 11:53:24+00:00,False,,,,githubnext/agentics/workflows/repo-assist.md,githubnext/agentics/workflows/repo-assist.md,False,69dc52f93e6abaaeb199c24e22b401f5bb1bac6f,2026-03-07 00:06:02+00:00,19.0,25.0,0.0804,
171,50,dotnet/msbuild,dotnet,flaky-test-detector.agent.md,5,2026-06-05 12:02:21+00:00,False,,,,githubnext/agentics/workflows/repo-assist.md,githubnext/agentics/workflows/repo-assist.md,False,0ae10905c47f310d0ed58a020a4e611c0f890442,2026-03-08 00:31:06+00:00,22.0,25.0,0.0819,
172,50,dotnet/msbuild,dotnet,flaky-test-detector.agent.md,6,2026-06-05 13:26:06+00:00,False,,,,githubnext/agentics/workflows/repo-assist.md,githubnext/agentics/workflows/repo-assist.md,False,69c1ee19e39e6aaba35519aafefb5cbf314de323,2026-02-26 11:32:52+00:00,17.0,25.0,0.0817,
173,50,dotnet/msbuild,dotnet,flaky-test-detector.agent.md,7,2026-06-05 15:53:42+00:00,False,,,,githubnext/agentics/workflows/repo-assist.md,githubnext/agentics/workflows/repo-assist.md,False,69c1ee19e39e6aaba35519aafefb5cbf314de323,2026-02-26 11:32:52+00:00,17.0,25.0,0.0814,
174,50,dotnet/msbuild,dotnet,flaky-test-detector.agent.md,8,2026-06-09 17:48:58+00:00,False,,,,githubnext/agentics/workflows/repo-assist.md,githubnext/agentics/workflows/repo-assist.md,False,0ae10905c47f310d0ed58a020a4e611c0f890442,2026-03-08 00:31:06+00:00,22.0,25.0,0.081,
175,50,dotnet/msbuild,dotnet,flaky-test-detector.agent.md,9,2026-06-10 09:02:03+00:00,False,,,,githubnext/agentics/workflows/repo-assist.md,githubnext/agentics/workflows/repo-assist.md,False,0ae10905c47f310d0ed58a020a4e611c0f890442,2026-03-08 00:31:06+00:00,22.0,25.0,0.081,
176,50,dotnet/msbuild,dotnet,flaky-test-detector.agent.md,10,2026-06-25 10:58:39+00:00,False,,,,githubnext/agentics/workflows/repo-assist.md,githubnext/agentics/workflows/repo-assist.md,False,0ae10905c47f310d0ed58a020a4e611c0f890442,2026-03-08 00:31:06+00:00,22.0,25.0,0.081,
177,51,dotnet/msbuild,dotnet,flaky-test-fixer.agent.md,1,2026-06-05 12:02:21+00:00,False,,,,githubnext/agentics/workflows/repo-assist.md,githubnext/agentics/workflows/repo-assist.md,False,0ae10905c47f310d0ed58a020a4e611c0f890442,2026-03-08 00:31:06+00:00,22.0,25.0,0.075,
178,51,dotnet/msbuild,dotnet,flaky-test-fixer.agent.md,2,2026-06-05 13:26:06+00:00,False,,,,githubnext/agentics/workflows/repo-assist.md,githubnext/agentics/workflows/repo-assist.md,False,0ae10905c47f310d0ed58a020a4e611c0f890442,2026-03-08 00:31:06+00:00,22.0,25.0,0.0746,
179,51,dotnet/msbuild,dotnet,flaky-test-fixer.agent.md,3,2026-06-05 15:53:42+00:00,False,,,,pulumi-labs/gh-aw-internal/.github/workflows/shared/plugins/code-review/code-review.md,pulumi-labs/gh-aw-internal/.github/workflows/shared/plugins/code-review/code-review.md,True,fccb0509de811cdc59bfe4e77504af0d4b5ebaa1,2026-06-04 14:18:40+00:00,6.0,6.0,0.0765,
180,51,dotnet/msbuild,dotnet,flaky-test-fixer.agent.md,4,2026-06-10 09:02:03+00:00,False,,,,pulumi-labs/gh-aw-internal/.github/workflows/shared/plugins/code-review/code-review.md,pulumi-labs/gh-aw-internal/.github/workflows/shared/plugins/code-review/code-review.md,True,fccb0509de811cdc59bfe4e77504af0d4b5ebaa1,2026-06-04 14:18:40+00:00,6.0,6.0,0.0765,
181,51,dotnet/msbuild,dotnet,flaky-test-fixer.agent.md,5,2026-06-25 10:58:39+00:00,False,,,,pulumi-labs/gh-aw-internal/.github/workflows/shared/plugins/code-review/code-review.md,pulumi-labs/gh-aw-internal/.github/workflows/shared/plugins/code-review/code-review.md,True,fccb0509de811cdc59bfe4e77504af0d4b5ebaa1,2026-06-04 14:18:40+00:00,6.0,6.0,0.0765,
182,52,dotnet/msbuild,dotnet,review-on-open.agent.md,1,2026-04-08 10:47:10+00:00,True,,,,,,,,,,,,
183,52,dotnet/msbuild,dotnet,review-on-open.agent.md,2,2026-04-08 12:10:12+00:00,True,,,,,,,,,,,,
184,52,dotnet/msbuild,dotnet,review-on-open.agent.md,3,2026-04-09 05:28:36+00:00,True,,,,,,,,,,,,
185,52,dotnet/msbuild,dotnet,review-on-open.agent.md,4,2026-04-09 05:58:07+00:00,True,,,,,,,,,,,,
186,52,dotnet/msbuild,dotnet,review-on-open.agent.md,5,2026-04-09 07:35:02+00:00,True,,,,,,,,,,,,
187,52,dotnet/msbuild,dotnet,review-on-open.agent.md,6,2026-06-02 13:15:42+00:00,True,,,,,,,,,,,,
188,52,dotnet/msbuild,dotnet,review-on-open.agent.md,7,2026-06-02 13:21:30+00:00,True,,,,,,,,,,,,
189,52,dotnet/msbuild,dotnet,review-on-open.agent.md,8,2026-06-02 13:27:13+00:00,True,,,,,,,,,,,,
190,52,dotnet/msbuild,dotnet,review-on-open.agent.md,9,2026-06-02 13:28:34+00:00,True,,,,,,,,,,,,
191,52,dotnet/msbuild,dotnet,review-on-open.agent.md,10,2026-06-10 09:02:03+00:00,True,,,,,,,,,,,,
192,52,dotnet/msbuild,dotnet,review-on-open.agent.md,11,2026-06-10 11:44:44+00:00,True,,,,,,,,,,,,
193,52,dotnet/msbuild,dotnet,review-on-open.agent.md,12,2026-06-25 10:58:39+00:00,True,,,,,,,,,,,,
194,53,dotnet/msbuild,dotnet,review.agent.md,1,2026-04-08 10:47:10+00:00,True,,,,,,,,,,,,
195,53,dotnet/msbuild,dotnet,review.agent.md,2,2026-04-08 12:10:12+00:00,True,,,,,,,,,,,,
196,53,dotnet/msbuild,dotnet,review.agent.md,3,2026-04-09 05:28:36+00:00,True,,,,,,,,,,,,
197,53,dotnet/msbuild,dotnet,review.agent.md,4,2026-06-02 13:27:13+00:00,True,,,,,,,,,,,,
198,53,dotnet/msbuild,dotnet,review.agent.md,5,2026-06-10 09:02:03+00:00,True,,,,,,,,,,,,
199,53,dotnet/msbuild,dotnet,review.agent.md,6,2026-06-25 10:58:39+00:00,True,,,,,,,,,,,,
200,54,Azure/azure-sdk-for-net,Azure,issue-triage.md,1,2026-03-10 16:56:29+00:00,False,,,,githubnext/agentics/workflows/issue-triage.md,githubnext/agentics/workflows/agentic-triage.md,False,bf8d330e628f2c235cd9304310156bdbbfa61123,2025-10-24 19:03:24+00:00,20.0,21.0,0.5981,
201,54,Azure/azure-sdk-for-net,Azure,issue-triage.md,2,2026-03-13 20:40:02+00:00,False,,,,githubnext/agentics/workflows/issue-triage.md,githubnext/agentics/workflows/agentic-triage.md,False,eb489a0b6cb3bd7c7f94d5d3362237641c22cd31,2025-10-11 18:52:59+00:00,18.0,21.0,0.1316,
202,54,Azure/azure-sdk-for-net,Azure,issue-triage.md,3,2026-03-16 19:08:49+00:00,False,,,,githubnext/agentics/workflows/issue-triage.md,githubnext/agentics/workflows/agentic-triage.md,False,eb489a0b6cb3bd7c7f94d5d3362237641c22cd31,2025-10-11 18:52:59+00:00,18.0,21.0,0.1281,
203,54,Azure/azure-sdk-for-net,Azure,issue-triage.md,4,2026-03-17 23:12:41+00:00,False,,,,githubnext/agentics/workflows/issue-triage.md,githubnext/agentics/workflows/agentic-triage.md,False,eb489a0b6cb3bd7c7f94d5d3362237641c22cd31,2025-10-11 18:52:59+00:00,18.0,21.0,0.1302,
204,54,Azure/azure-sdk-for-net,Azure,issue-triage.md,5,2026-03-21 01:06:52+00:00,False,,,,githubnext/agentics/workflows/issue-triage.md,githubnext/agentics/workflows/agentic-triage.md,False,eb489a0b6cb3bd7c7f94d5d3362237641c22cd31,2025-10-11 18:52:59+00:00,18.0,21.0,0.1316,
205,54,Azure/azure-sdk-for-net,Azure,issue-triage.md,6,2026-03-23 21:54:00+00:00,False,,,,githubnext/agentics/workflows/issue-triage.md,githubnext/agentics/workflows/agentic-triage.md,False,eb489a0b6cb3bd7c7f94d5d3362237641c22cd31,2025-10-11 18:52:59+00:00,18.0,21.0,0.1305,
206,54,Azure/azure-sdk-for-net,Azure,issue-triage.md,7,2026-03-24 23:59:11+00:00,False,,,,githubnext/agentics/workflows/issue-triage.md,githubnext/agentics/workflows/agentic-triage.md,False,eb489a0b6cb3bd7c7f94d5d3362237641c22cd31,2025-10-11 18:52:59+00:00,18.0,21.0,0.1304,
207,54,Azure/azure-sdk-for-net,Azure,issue-triage.md,8,2026-03-25 18:45:31+00:00,False,,,,githubnext/agentics/workflows/issue-triage.md,githubnext/agentics/workflows/agentic-triage.md,False,eb489a0b6cb3bd7c7f94d5d3362237641c22cd31,2025-10-11 18:52:59+00:00,18.0,21.0,0.129,
208,54,Azure/azure-sdk-for-net,Azure,issue-triage.md,9,2026-04-02 16:45:32+00:00,False,,,,githubnext/agentics/workflows/issue-triage.md,githubnext/agentics/workflows/agentic-triage.md,False,eb489a0b6cb3bd7c7f94d5d3362237641c22cd31,2025-10-11 18:52:59+00:00,18.0,21.0,0.1,
209,54,Azure/azure-sdk-for-net,Azure,issue-triage.md,10,2026-04-03 23:29:47+00:00,False,,,,githubnext/agentics/workflows/issue-triage.md,githubnext/agentics/workflows/agentic-triage.md,False,eb489a0b6cb3bd7c7f94d5d3362237641c22cd31,2025-10-11 18:52:59+00:00,18.0,21.0,0.0954,
210,54,Azure/azure-sdk-for-net,Azure,issue-triage.md,11,2026-04-04 19:49:07+00:00,False,,,,githubnext/agentics/workflows/issue-triage.md,githubnext/agentics/workflows/agentic-triage.md,False,eb489a0b6cb3bd7c7f94d5d3362237641c22cd31,2025-10-11 18:52:59+00:00,18.0,21.0,0.0961,
211,54,Azure/azure-sdk-for-net,Azure,issue-triage.md,12,2026-04-06 20:00:43+00:00,False,,,,githubnext/agentics/workflows/issue-triage.md,githubnext/agentics/workflows/agentic-triage.md,False,eb489a0b6cb3bd7c7f94d5d3362237641c22cd31,2025-10-11 18:52:59+00:00,18.0,21.0,0.0958,
212,54,Azure/azure-sdk-for-net,Azure,issue-triage.md,13,2026-04-06 23:46:24+00:00,False,,,,githubnext/agentics/workflows/issue-triage.md,githubnext/agentics/workflows/agentic-triage.md,False,eb489a0b6cb3bd7c7f94d5d3362237641c22cd31,2025-10-11 18:52:59+00:00,18.0,21.0,0.0972,
213,54,Azure/azure-sdk-for-net,Azure,issue-triage.md,14,2026-04-08 16:34:34+00:00,False,,,,githubnext/agentics/workflows/issue-triage.md,githubnext/agentics/workflows/agentic-triage.md,False,eb489a0b6cb3bd7c7f94d5d3362237641c22cd31,2025-10-11 18:52:59+00:00,18.0,21.0,0.0962,
214,54,Azure/azure-sdk-for-net,Azure,issue-triage.md,15,2026-04-13 17:30:14+00:00,False,,,,githubnext/agentics/workflows/issue-triage.md,githubnext/agentics/workflows/agentic-triage.md,False,eb489a0b6cb3bd7c7f94d5d3362237641c22cd31,2025-10-11 18:52:59+00:00,18.0,21.0,0.0963,
215,54,Azure/azure-sdk-for-net,Azure,issue-triage.md,16,2026-04-18 00:28:59+00:00,False,,,,githubnext/agentics/workflows/issue-triage.md,githubnext/agentics/workflows/agentic-triage.md,False,eb489a0b6cb3bd7c7f94d5d3362237641c22cd31,2025-10-11 18:52:59+00:00,18.0,21.0,0.0949,
216,54,Azure/azure-sdk-for-net,Azure,issue-triage.md,17,2026-04-21 23:42:38+00:00,False,,,,githubnext/agentics/workflows/issue-triage.md,githubnext/agentics/workflows/agentic-triage.md,False,eb489a0b6cb3bd7c7f94d5d3362237641c22cd31,2025-10-11 18:52:59+00:00,18.0,21.0,0.0964,
217,54,Azure/azure-sdk-for-net,Azure,issue-triage.md,18,2026-04-23 18:50:22+00:00,False,,,,githubnext/agentics/workflows/issue-triage.md,githubnext/agentics/workflows/agentic-triage.md,False,eb489a0b6cb3bd7c7f94d5d3362237641c22cd31,2025-10-11 18:52:59+00:00,18.0,21.0,0.0964,
218,54,Azure/azure-sdk-for-net,Azure,issue-triage.md,19,2026-06-25 22:02:51+00:00,False,,,,githubnext/agentics/workflows/issue-triage.md,githubnext/agentics/workflows/agentic-triage.md,False,eb489a0b6cb3bd7c7f94d5d3362237641c22cd31,2025-10-11 18:52:59+00:00,18.0,23.0,0.0964,
219,54,Azure/azure-sdk-for-net,Azure,issue-triage.md,20,2026-06-26 21:59:51+00:00,False,,,,githubnext/agentics/workflows/issue-triage.md,githubnext/agentics/workflows/agentic-triage.md,False,eb489a0b6cb3bd7c7f94d5d3362237641c22cd31,2025-10-11 18:52:59+00:00,18.0,23.0,0.0964,
220,55,Azure/azure-sdk-for-net,Azure,mgmt-review.md,1,2026-05-27 03:38:03+00:00,False,,,,pulumi-labs/gh-aw-internal/.github/workflows/shared/plugins/code-review/code-review.md,pulumi-labs/gh-aw-internal/.github/workflows/shared/plugins/code-review/code-review.md,True,d0818ff576b2db07efcadedb0c37526b978844fe,2026-03-12 13:58:22+00:00,3.0,4.0,0.0778,
221,55,Azure/azure-sdk-for-net,Azure,mgmt-review.md,2,2026-05-29 04:04:36+00:00,False,,,,pulumi-labs/gh-aw-internal/.github/workflows/shared/plugins/code-review/code-review.md,pulumi-labs/gh-aw-internal/.github/workflows/shared/plugins/code-review/code-review.md,True,d0818ff576b2db07efcadedb0c37526b978844fe,2026-03-12 13:58:22+00:00,3.0,5.0,0.0813,
222,55,Azure/azure-sdk-for-net,Azure,mgmt-review.md,3,2026-06-02 07:00:42+00:00,False,,,,pulumi-labs/gh-aw-internal/.github/workflows/shared/plugins/code-review/code-review.md,pulumi-labs/gh-aw-internal/.github/workflows/shared/plugins/code-review/code-review.md,True,d0818ff576b2db07efcadedb0c37526b978844fe,2026-03-12 13:58:22+00:00,3.0,5.0,0.0848,
223,55,Azure/azure-sdk-for-net,Azure,mgmt-review.md,4,2026-06-04 03:01:36+00:00,False,,,,pulumi-labs/gh-aw-internal/.github/workflows/shared/plugins/code-review/code-review.md,pulumi-labs/gh-aw-internal/.github/workflows/shared/plugins/code-review/code-review.md,True,242988150273951aad5f67b008256266bdff6112,2026-05-28 15:56:48+00:00,5.0,5.0,0.0912,
224,55,Azure/azure-sdk-for-net,Azure,mgmt-review.md,5,2026-06-11 06:09:32+00:00,False,,,,pulumi-labs/gh-aw-internal/.github/workflows/shared/plugins/code-review/code-review.md,pulumi-labs/gh-aw-internal/.github/workflows/shared/plugins/code-review/code-review.md,True,fccb0509de811cdc59bfe4e77504af0d4b5ebaa1,2026-06-04 14:18:40+00:00,6.0,6.0,0.0976,
225,55,Azure/azure-sdk-for-net,Azure,mgmt-review.md,6,2026-06-11 07:14:07+00:00,False,,,,pulumi-labs/gh-aw-internal/.github/workflows/shared/plugins/code-review/code-review.md,pulumi-labs/gh-aw-internal/.github/workflows/shared/plugins/code-review/code-review.md,True,fccb0509de811cdc59bfe4e77504af0d4b5ebaa1,2026-06-04 14:18:40+00:00,6.0,6.0,0.0985,
226,55,Azure/azure-sdk-for-net,Azure,mgmt-review.md,7,2026-06-25 22:24:15+00:00,False,,,,pulumi-labs/gh-aw-internal/.github/workflows/shared/plugins/code-review/code-review.md,pulumi-labs/gh-aw-internal/.github/workflows/shared/plugins/code-review/code-review.md,True,fccb0509de811cdc59bfe4e77504af0d4b5ebaa1,2026-06-04 14:18:40+00:00,6.0,6.0,0.0985,
227,55,Azure/azure-sdk-for-net,Azure,mgmt-review.md,8,2026-06-26 21:59:51+00:00,False,,,,pulumi-labs/gh-aw-internal/.github/workflows/shared/plugins/code-review/code-review.md,pulumi-labs/gh-aw-internal/.github/workflows/shared/plugins/code-review/code-review.md,True,fccb0509de811cdc59bfe4e77504af0d4b5ebaa1,2026-06-04 14:18:40+00:00,6.0,6.0,0.0985,
228,56,OpenMS/OpenMS,OpenMS,changelog-sync.md,1,2026-03-16 14:33:14+00:00,False,,,,githubnext/agentics/workflows/daily-doc-updater.md,githubnext/agentics/workflows/daily-doc-updater.md,False,d10d12c3bfd79ae6baa99194e1c41de17ad0b8e6,2026-02-16 20:21:36+00:00,1.0,1.0,0.0701,
229,57,OpenMS/OpenMS,OpenMS,doc-sync.md,1,2026-03-04 10:15:43+00:00,False,,,,githubnext/agentics/workflows/daily-doc-updater.md,githubnext/agentics/workflows/daily-doc-updater.md,False,d10d12c3bfd79ae6baa99194e1c41de17ad0b8e6,2026-02-16 20:21:36+00:00,1.0,1.0,0.1014,
230,57,OpenMS/OpenMS,OpenMS,doc-sync.md,2,2026-03-06 07:56:50+00:00,False,,,,githubnext/agentics/workflows/daily-doc-updater.md,githubnext/agentics/workflows/daily-doc-updater.md,False,d10d12c3bfd79ae6baa99194e1c41de17ad0b8e6,2026-02-16 20:21:36+00:00,1.0,1.0,0.1005,
231,57,OpenMS/OpenMS,OpenMS,doc-sync.md,3,2026-03-06 12:31:18+00:00,False,,,,githubnext/agentics/workflows/daily-doc-updater.md,githubnext/agentics/workflows/daily-doc-updater.md,False,d10d12c3bfd79ae6baa99194e1c41de17ad0b8e6,2026-02-16 20:21:36+00:00,1.0,1.0,0.1005,
232,57,OpenMS/OpenMS,OpenMS,doc-sync.md,4,2026-03-09 12:06:12+00:00,False,,,,githubnext/agentics/workflows/daily-doc-updater.md,githubnext/agentics/workflows/daily-doc-updater.md,False,d10d12c3bfd79ae6baa99194e1c41de17ad0b8e6,2026-02-16 20:21:36+00:00,1.0,1.0,0.1005,
233,58,ReactiveX/RxPY,ReactiveX,repo-assist.md,1,2026-04-17 15:48:15+00:00,False,,,,githubnext/agentics/workflows/repo-assist.md,githubnext/agentics/workflows/repo-assist.md,False,0ae10905c47f310d0ed58a020a4e611c0f890442,2026-03-08 00:31:06+00:00,22.0,22.0,0.655,
234,58,ReactiveX/RxPY,ReactiveX,repo-assist.md,2,2026-05-09 09:16:47+00:00,False,,,,githubnext/agentics/workflows/repo-assist.md,githubnext/agentics/workflows/repo-assist.md,False,0ae10905c47f310d0ed58a020a4e611c0f890442,2026-03-08 00:31:06+00:00,22.0,24.0,0.655,
235,59,pulumi/pulumi-vsphere,pulumi,gh-aw-pr-rereview.md,1,2026-05-12 07:24:45+00:00,True,pulumi-labs/gh-aw-internal/.github/workflows/gh-aw-pr-rereview.md@8a92f53fac170563f7727cacab2dbedb5d5b9e29,ok,pulumi-labs/gh-aw-internal/.github/workflows/gh-aw-pr-rereview.md,,,,,,,,,
236,60,pulumi/pulumi-vsphere,pulumi,gh-aw-pr-review.md,1,2026-05-12 07:24:45+00:00,True,pulumi-labs/gh-aw-internal/.github/workflows/gh-aw-pr-review.md@8a92f53fac170563f7727cacab2dbedb5d5b9e29,ok,pulumi-labs/gh-aw-internal/.github/workflows/gh-aw-pr-review.md,,,,,,,,,
237,61,pulumi/pulumi-openstack,pulumi,gh-aw-pr-rereview.md,1,2026-05-12 07:03:29+00:00,True,pulumi-labs/gh-aw-internal/.github/workflows/gh-aw-pr-rereview.md@8a92f53fac170563f7727cacab2dbedb5d5b9e29,ok,pulumi-labs/gh-aw-internal/.github/workflows/gh-aw-pr-rereview.md,,,,,,,,,
238,62,pulumi/pulumi-openstack,pulumi,gh-aw-pr-review.md,1,2026-05-12 07:03:29+00:00,True,pulumi-labs/gh-aw-internal/.github/workflows/gh-aw-pr-review.md@8a92f53fac170563f7727cacab2dbedb5d5b9e29,ok,pulumi-labs/gh-aw-internal/.github/workflows/gh-aw-pr-review.md,,,,,,,,,
239,63,pulumi/pulumi-eks,pulumi,gh-aw-pr-rereview.md,1,2026-05-13 07:51:09+00:00,True,pulumi-labs/gh-aw-internal/.github/workflows/gh-aw-pr-rereview.md@8a92f53fac170563f7727cacab2dbedb5d5b9e29,ok,pulumi-labs/gh-aw-internal/.github/workflows/gh-aw-pr-rereview.md,,,,,,,,,
240,64,pulumi/pulumi-eks,pulumi,gh-aw-pr-review.md,1,2026-05-13 07:51:09+00:00,True,pulumi-labs/gh-aw-internal/.github/workflows/gh-aw-pr-review.md@8a92f53fac170563f7727cacab2dbedb5d5b9e29,ok,pulumi-labs/gh-aw-internal/.github/workflows/gh-aw-pr-review.md,,,,,,,,,
241,65,Azure/azure-sdk-for-python,Azure,doc-consistency-check.md,1,2026-04-27 23:39:28+00:00,False,,,,github/gh-aw/.github/workflows/daily-doc-updater.md,github/gh-aw/.github/workflows/daily-doc-updater.md,False,8b089d17e83805175b88a9ebf4bcc419595a307c,2026-02-26 20:31:29+00:00,7.0,18.0,0.0754,
242,66,taosdata/TDengine,taosdata,issue-triage.md,1,2026-02-24 10:10:48+00:00,False,githubnext/agentics/workflows/issue-triage.md@b0e9cfd3a20372ce7fe0462bb7bbca2272df4a88,ok,githubnext/agentics/workflows/issue-triage.md,githubnext/agentics/workflows/issue-triage.md,githubnext/agentics/workflows/agentic-triage.md,False,bf8d330e628f2c235cd9304310156bdbbfa61123,2025-10-24 19:03:24+00:00,20.0,21.0,1.0,1.0
243,66,taosdata/TDengine,taosdata,issue-triage.md,2,2026-02-24 10:14:27+00:00,False,githubnext/agentics/workflows/issue-triage.md@b0e9cfd3a20372ce7fe0462bb7bbca2272df4a88,ok,githubnext/agentics/workflows/issue-triage.md,githubnext/agentics/workflows/issue-triage.md,githubnext/agentics/workflows/agentic-triage.md,False,bf8d330e628f2c235cd9304310156bdbbfa61123,2025-10-24 19:03:24+00:00,20.0,21.0,1.0,1.0
244,67,taosdata/TDengine,taosdata,weekly-report.md,1,2026-03-08 06:59:17+00:00,False,,,,githubnext/agentics/workflows/repo-assist.md,githubnext/agentics/workflows/repo-assist.md,False,2f03fdaafb8c1ae62dfde7e0be762a822a201aeb,2026-02-23 19:47:18+00:00,14.0,22.0,0.0583,
245,68,openvinotoolkit/openvino,openvinotoolkit,ci-doctor-mq.md,1,2026-05-19 13:49:39+00:00,False,githubnext/agentics/workflows/ci-doctor.md@0aa94a6e40aeaf131118476bc6a07e55c4ceb147,ok,githubnext/agentics/workflows/ci-doctor.md,github/gh-aw/.github/workflows/ci-doctor.md,githubnext/agentics/workflows/ci-doctor.md,False,65fe27bb0bf5393275e306b617549cb2864d7ae6,2026-02-20 12:23:50+00:00,8.0,13.0,0.3896,0.3568
246,68,openvinotoolkit/openvino,openvinotoolkit,ci-doctor-mq.md,2,2026-06-05 12:00:44+00:00,False,githubnext/agentics/workflows/ci-doctor.md@0aa94a6e40aeaf131118476bc6a07e55c4ceb147,ok,githubnext/agentics/workflows/ci-doctor.md,github/gh-aw/.github/workflows/ci-doctor.md,githubnext/agentics/workflows/ci-doctor.md,False,65fe27bb0bf5393275e306b617549cb2864d7ae6,2026-02-20 12:23:50+00:00,8.0,14.0,0.3896,0.3568
247,68,openvinotoolkit/openvino,openvinotoolkit,ci-doctor-mq.md,3,2026-06-09 14:17:12+00:00,False,githubnext/agentics/workflows/ci-doctor.md@0aa94a6e40aeaf131118476bc6a07e55c4ceb147,ok,githubnext/agentics/workflows/ci-doctor.md,github/gh-aw/.github/workflows/ci-doctor.md,githubnext/agentics/workflows/ci-doctor.md,False,65fe27bb0bf5393275e306b617549cb2864d7ae6,2026-02-20 12:23:50+00:00,8.0,14.0,0.3896,0.3568
248,68,openvinotoolkit/openvino,openvinotoolkit,ci-doctor-mq.md,4,2026-06-10 12:48:55+00:00,False,,,,github/gh-aw/.github/workflows/ci-doctor.md,githubnext/agentics/workflows/ci-doctor.md,False,65fe27bb0bf5393275e306b617549cb2864d7ae6,2026-02-20 12:23:50+00:00,8.0,14.0,0.3791,
249,68,openvinotoolkit/openvino,openvinotoolkit,ci-doctor-mq.md,5,2026-06-12 06:38:02+00:00,False,,,,github/gh-aw/.github/workflows/ci-doctor.md,githubnext/agentics/workflows/ci-doctor.md,False,65fe27bb0bf5393275e306b617549cb2864d7ae6,2026-02-20 12:23:50+00:00,8.0,14.0,0.3754,
250,68,openvinotoolkit/openvino,openvinotoolkit,ci-doctor-mq.md,6,2026-06-17 10:39:19+00:00,False,,,,github/gh-aw/.github/workflows/ci-doctor.md,githubnext/agentics/workflows/ci-doctor.md,False,65fe27bb0bf5393275e306b617549cb2864d7ae6,2026-02-20 12:23:50+00:00,8.0,15.0,0.3571,
251,68,openvinotoolkit/openvino,openvinotoolkit,ci-doctor-mq.md,7,2026-06-19 10:43:34+00:00,False,,,,github/gh-aw/.github/workflows/ci-doctor.md,githubnext/agentics/workflows/ci-doctor.md,False,65fe27bb0bf5393275e306b617549cb2864d7ae6,2026-02-20 12:23:50+00:00,8.0,15.0,0.3571,
252,68,openvinotoolkit/openvino,openvinotoolkit,ci-doctor-mq.md,8,2026-06-22 10:15:39+00:00,False,,,,github/gh-aw/.github/workflows/ci-doctor.md,githubnext/agentics/workflows/ci-doctor.md,False,65fe27bb0bf5393275e306b617549cb2864d7ae6,2026-02-20 12:23:50+00:00,8.0,15.0,0.3571,
253,68,openvinotoolkit/openvino,openvinotoolkit,ci-doctor-mq.md,9,2026-06-24 09:30:54+00:00,False,,,,github/gh-aw/.github/workflows/ci-doctor.md,githubnext/agentics/workflows/ci-doctor.md,False,65fe27bb0bf5393275e306b617549cb2864d7ae6,2026-02-20 12:23:50+00:00,8.0,15.0,0.3571,
254,68,openvinotoolkit/openvino,openvinotoolkit,ci-doctor-mq.md,10,2026-06-25 14:46:46+00:00,False,,,,github/gh-aw/.github/workflows/ci-doctor.md,githubnext/agentics/workflows/ci-doctor.md,False,65fe27bb0bf5393275e306b617549cb2864d7ae6,2026-02-20 12:23:50+00:00,8.0,15.0,0.3468,
255,69,openvinotoolkit/openvino,openvinotoolkit,ci-doctor.md,1,2026-04-20 10:39:52+00:00,False,githubnext/agentics/workflows/ci-doctor.md@0aa94a6e40aeaf131118476bc6a07e55c4ceb147,ok,githubnext/agentics/workflows/ci-doctor.md,github/gh-aw/.github/workflows/ci-doctor.md,githubnext/agentics/workflows/ci-doctor.md,False,e1e884c1a2b5c87e12069909bb80090772930fcf,2026-02-21 03:18:06+00:00,9.0,13.0,0.8554,0.7453
256,69,openvinotoolkit/openvino,openvinotoolkit,ci-doctor.md,2,2026-04-27 13:20:07+00:00,False,githubnext/agentics/workflows/ci-doctor.md@0aa94a6e40aeaf131118476bc6a07e55c4ceb147,ok,githubnext/agentics/workflows/ci-doctor.md,github/gh-aw/.github/workflows/ci-doctor.md,githubnext/agentics/workflows/ci-doctor.md,False,e1e884c1a2b5c87e12069909bb80090772930fcf,2026-02-21 03:18:06+00:00,9.0,13.0,0.7067,0.6161
257,69,openvinotoolkit/openvino,openvinotoolkit,ci-doctor.md,3,2026-04-29 07:14:43+00:00,False,githubnext/agentics/workflows/ci-doctor.md@0aa94a6e40aeaf131118476bc6a07e55c4ceb147,ok,githubnext/agentics/workflows/ci-doctor.md,github/gh-aw/.github/workflows/ci-doctor.md,githubnext/agentics/workflows/ci-doctor.md,False,e1e884c1a2b5c87e12069909bb80090772930fcf,2026-02-21 03:18:06+00:00,9.0,13.0,0.7067,0.6161
258,69,openvinotoolkit/openvino,openvinotoolkit,ci-doctor.md,4,2026-06-12 06:38:02+00:00,False,githubnext/agentics/workflows/ci-doctor.md@0aa94a6e40aeaf131118476bc6a07e55c4ceb147,ok,githubnext/agentics/workflows/ci-doctor.md,github/gh-aw/.github/workflows/ci-doctor.md,githubnext/agentics/workflows/ci-doctor.md,False,e1e884c1a2b5c87e12069909bb80090772930fcf,2026-02-21 03:18:06+00:00,9.0,14.0,0.7067,0.6161
259,69,openvinotoolkit/openvino,openvinotoolkit,ci-doctor.md,5,2026-06-22 10:15:39+00:00,False,githubnext/agentics/workflows/ci-doctor.md@0aa94a6e40aeaf131118476bc6a07e55c4ceb147,ok,githubnext/agentics/workflows/ci-doctor.md,github/gh-aw/.github/workflows/ci-doctor.md,githubnext/agentics/workflows/ci-doctor.md,False,e1e884c1a2b5c87e12069909bb80090772930fcf,2026-02-21 03:18:06+00:00,9.0,15.0,0.7067,0.6161
260,70,internetarchive/openlibrary,internetarchive,issue_refinement.md,1,2026-02-28 03:03:53+00:00,False,,,,githubnext/agentics/workflows/issue-triage.md,githubnext/agentics/workflows/agentic-triage.md,False,bf8d330e628f2c235cd9304310156bdbbfa61123,2025-10-24 19:03:24+00:00,20.0,21.0,0.0707,
261,70,internetarchive/openlibrary,internetarchive,issue_refinement.md,2,2026-03-04 20:45:37+00:00,False,,,,githubnext/agentics/workflows/issue-triage.md,githubnext/agentics/workflows/agentic-triage.md,False,bf8d330e628f2c235cd9304310156bdbbfa61123,2025-10-24 19:03:24+00:00,20.0,21.0,0.0709,
262,70,internetarchive/openlibrary,internetarchive,issue_refinement.md,3,2026-03-06 17:19:43+00:00,False,,,,githubnext/agentics/workflows/issue-triage.md,githubnext/agentics/workflows/agentic-triage.md,False,bf8d330e628f2c235cd9304310156bdbbfa61123,2025-10-24 19:03:24+00:00,20.0,21.0,0.0692,
263,70,internetarchive/openlibrary,internetarchive,issue_refinement.md,4,2026-03-06 17:22:50+00:00,False,,,,githubnext/agentics/workflows/issue-triage.md,githubnext/agentics/workflows/agentic-triage.md,False,bf8d330e628f2c235cd9304310156bdbbfa61123,2025-10-24 19:03:24+00:00,20.0,21.0,0.0643,
264,70,internetarchive/openlibrary,internetarchive,issue_refinement.md,5,2026-03-07 00:30:51+00:00,False,,,,githubnext/agentics/workflows/issue-triage.md,githubnext/agentics/workflows/agentic-triage.md,False,bf8d330e628f2c235cd9304310156bdbbfa61123,2025-10-24 19:03:24+00:00,20.0,21.0,0.0645,
265,71,dotnet/runtime,dotnet,breaking-change-doc.md,1,2026-04-04 00:41:47+00:00,False,,,,pulumi-labs/gh-aw-internal/.github/workflows/gh-aw-pr-review.md,pulumi-labs/gh-aw-internal/.github/workflows/gh-aw-pr-review.md,False,a91379f7af34693fbdb0f83b1252e4bb945d09bf,2026-03-04 15:33:15+00:00,2.0,4.0,0.0841,
266,71,dotnet/runtime,dotnet,breaking-change-doc.md,2,2026-05-08 19:26:42+00:00,False,,,,github/gh-aw/.github/workflows/shared/noop-reminder.md,github/gh-aw/.github/workflows/shared/noop-reminder.md,True,25fed92bcba25c4a0eb7765a29d05bec8f81ec3b,2026-04-18 01:02:45+00:00,1.0,1.0,0.1487,
267,72,dotnet/runtime,dotnet,ci-failure-fix.md,1,2026-06-09 09:37:11+00:00,False,,,,githubnext/agentics/workflows/repo-assist.md,githubnext/agentics/workflows/repo-assist.md,False,69dc52f93e6abaaeb199c24e22b401f5bb1bac6f,2026-03-07 00:06:02+00:00,19.0,25.0,0.082,
268,72,dotnet/runtime,dotnet,ci-failure-fix.md,2,2026-06-16 13:08:31+00:00,False,,,,githubnext/agentics/workflows/repo-assist.md,githubnext/agentics/workflows/repo-assist.md,False,69dc52f93e6abaaeb199c24e22b401f5bb1bac6f,2026-03-07 00:06:02+00:00,19.0,25.0,0.0826,
269,73,dotnet/runtime,dotnet,ci-failure-scan-feedback.md,1,2026-05-28 10:59:24+00:00,False,,,,github/gh-aw/.github/workflows/daily-doc-updater.md,github/gh-aw/.github/workflows/daily-doc-updater.md,False,208cf613bf269c470f1e646e831a8918a4c6afb0,2026-05-06 12:37:31+00:00,21.0,21.0,0.0674,
270,73,dotnet/runtime,dotnet,ci-failure-scan-feedback.md,2,2026-05-29 15:44:26+00:00,False,,,,githubnext/agentics/workflows/repo-assist.md,githubnext/agentics/workflows/repo-assist.md,False,69dc52f93e6abaaeb199c24e22b401f5bb1bac6f,2026-03-07 00:06:02+00:00,19.0,25.0,0.0663,
271,73,dotnet/runtime,dotnet,ci-failure-scan-feedback.md,3,2026-06-01 12:20:54+00:00,False,,,,github/gh-aw/.github/workflows/daily-doc-updater.md,github/gh-aw/.github/workflows/daily-doc-updater.md,False,54e5cb4e031fcfbe9c136d96af69d482e63a6220,2026-05-30 00:23:19+00:00,22.0,23.0,0.0723,
272,73,dotnet/runtime,dotnet,ci-failure-scan-feedback.md,4,2026-06-08 11:16:03+00:00,False,,,,github/gh-aw/.github/workflows/daily-doc-updater.md,github/gh-aw/.github/workflows/daily-doc-updater.md,False,54e5cb4e031fcfbe9c136d96af69d482e63a6220,2026-05-30 00:23:19+00:00,22.0,23.0,0.0734,
273,73,dotnet/runtime,dotnet,ci-failure-scan-feedback.md,5,2026-06-09 09:37:11+00:00,False,,,,githubnext/agentics/workflows/repo-assist.md,githubnext/agentics/workflows/repo-assist.md,False,69c1ee19e39e6aaba35519aafefb5cbf314de323,2026-02-26 11:32:52+00:00,17.0,25.0,0.0695,
274,73,dotnet/runtime,dotnet,ci-failure-scan-feedback.md,6,2026-06-09 09:51:24+00:00,False,,,,githubnext/agentics/workflows/repo-assist.md,githubnext/agentics/workflows/repo-assist.md,False,69c1ee19e39e6aaba35519aafefb5cbf314de323,2026-02-26 11:32:52+00:00,17.0,25.0,0.0695,
275,73,dotnet/runtime,dotnet,ci-failure-scan-feedback.md,7,2026-06-11 07:37:48+00:00,False,,,,githubnext/agentics/workflows/repo-assist.md,githubnext/agentics/workflows/repo-assist.md,False,69c1ee19e39e6aaba35519aafefb5cbf314de323,2026-02-26 11:32:52+00:00,17.0,25.0,0.0701,
276,74,dotnet/runtime,dotnet,ci-failure-scan.md,1,2026-05-06 16:36:33+00:00,False,,,,githubnext/agentics/workflows/repo-assist.md,githubnext/agentics/workflows/repo-assist.md,False,69dc52f93e6abaaeb199c24e22b401f5bb1bac6f,2026-03-07 00:06:02+00:00,19.0,23.0,0.0724,
277,74,dotnet/runtime,dotnet,ci-failure-scan.md,2,2026-05-08 10:25:29+00:00,False,,,,githubnext/agentics/workflows/repo-assist.md,githubnext/agentics/workflows/repo-assist.md,False,69dc52f93e6abaaeb199c24e22b401f5bb1bac6f,2026-03-07 00:06:02+00:00,19.0,23.0,0.0724,
278,74,dotnet/runtime,dotnet,ci-failure-scan.md,3,2026-05-08 19:26:42+00:00,False,,,,githubnext/agentics/workflows/repo-assist.md,githubnext/agentics/workflows/repo-assist.md,False,69dc52f93e6abaaeb199c24e22b401f5bb1bac6f,2026-03-07 00:06:02+00:00,19.0,23.0,0.0724,
279,74,dotnet/runtime,dotnet,ci-failure-scan.md,4,2026-05-08 20:10:09+00:00,False,,,,githubnext/agentics/workflows/repo-assist.md,githubnext/agentics/workflows/repo-assist.md,False,0ae10905c47f310d0ed58a020a4e611c0f890442,2026-03-08 00:31:06+00:00,22.0,23.0,0.0714,
280,74,dotnet/runtime,dotnet,ci-failure-scan.md,5,2026-05-14 09:20:07+00:00,False,,,,githubnext/agentics/workflows/repo-assist.md,githubnext/agentics/workflows/repo-assist.md,False,0ae10905c47f310d0ed58a020a4e611c0f890442,2026-03-08 00:31:06+00:00,22.0,25.0,0.0679,
281,74,dotnet/runtime,dotnet,ci-failure-scan.md,6,2026-05-18 13:06:36+00:00,False,,,,githubnext/agentics/workflows/repo-assist.md,githubnext/agentics/workflows/repo-assist.md,False,0ae10905c47f310d0ed58a020a4e611c0f890442,2026-03-08 00:31:06+00:00,22.0,25.0,0.0685,
282,74,dotnet/runtime,dotnet,ci-failure-scan.md,7,2026-05-28 10:59:24+00:00,False,,,,githubnext/agentics/workflows/lean-squad.md,githubnext/agentics/workflows/lean-squad.md,False,7c7feb61a52b662eb2089aa2945588b7a200d404,2026-04-04 18:34:47+00:00,6.0,15.0,0.0687,
283,74,dotnet/runtime,dotnet,ci-failure-scan.md,8,2026-05-28 15:37:42+00:00,False,,,,githubnext/agentics/workflows/repo-assist.md,githubnext/agentics/workflows/repo-assist.md,False,69dc52f93e6abaaeb199c24e22b401f5bb1bac6f,2026-03-07 00:06:02+00:00,19.0,25.0,0.0727,
284,74,dotnet/runtime,dotnet,ci-failure-scan.md,9,2026-06-01 09:38:59+00:00,False,,,,githubnext/agentics/workflows/repo-assist.md,githubnext/agentics/workflows/repo-assist.md,False,69dc52f93e6abaaeb199c24e22b401f5bb1bac6f,2026-03-07 00:06:02+00:00,19.0,25.0,0.0731,
285,74,dotnet/runtime,dotnet,ci-failure-scan.md,10,2026-06-01 10:24:39+00:00,False,,,,githubnext/agentics/workflows/repo-assist.md,githubnext/agentics/workflows/repo-assist.md,False,69dc52f93e6abaaeb199c24e22b401f5bb1bac6f,2026-03-07 00:06:02+00:00,19.0,25.0,0.075,
286,74,dotnet/runtime,dotnet,ci-failure-scan.md,11,2026-06-01 12:27:45+00:00,False,,,,githubnext/agentics/workflows/repo-assist.md,githubnext/agentics/workflows/repo-assist.md,False,69dc52f93e6abaaeb199c24e22b401f5bb1bac6f,2026-03-07 00:06:02+00:00,19.0,25.0,0.0766,
287,74,dotnet/runtime,dotnet,ci-failure-scan.md,12,2026-06-01 14:31:02+00:00,False,,,,githubnext/agentics/workflows/repo-assist.md,githubnext/agentics/workflows/repo-assist.md,False,69dc52f93e6abaaeb199c24e22b401f5bb1bac6f,2026-03-07 00:06:02+00:00,19.0,25.0,0.0767,
288,74,dotnet/runtime,dotnet,ci-failure-scan.md,13,2026-06-01 19:53:04+00:00,False,,,,githubnext/agentics/workflows/repo-assist.md,githubnext/agentics/workflows/repo-assist.md,False,69dc52f93e6abaaeb199c24e22b401f5bb1bac6f,2026-03-07 00:06:02+00:00,19.0,25.0,0.0764,
289,74,dotnet/runtime,dotnet,ci-failure-scan.md,14,2026-06-02 08:10:43+00:00,False,,,,githubnext/agentics/workflows/repo-assist.md,githubnext/agentics/workflows/repo-assist.md,False,69dc52f93e6abaaeb199c24e22b401f5bb1bac6f,2026-03-07 00:06:02+00:00,19.0,25.0,0.0769,
290,74,dotnet/runtime,dotnet,ci-failure-scan.md,15,2026-06-09 09:26:39+00:00,False,,,,githubnext/agentics/workflows/repo-assist.md,githubnext/agentics/workflows/repo-assist.md,False,69dc52f93e6abaaeb199c24e22b401f5bb1bac6f,2026-03-07 00:06:02+00:00,19.0,25.0,0.0761,
291,74,dotnet/runtime,dotnet,ci-failure-scan.md,16,2026-06-09 09:37:11+00:00,False,,,,githubnext/agentics/workflows/repo-assist.md,githubnext/agentics/workflows/repo-assist.md,False,0ae10905c47f310d0ed58a020a4e611c0f890442,2026-03-08 00:31:06+00:00,22.0,25.0,0.0666,
292,74,dotnet/runtime,dotnet,ci-failure-scan.md,17,2026-06-11 07:37:48+00:00,False,,,,githubnext/agentics/workflows/repo-assist.md,githubnext/agentics/workflows/repo-assist.md,False,69dc52f93e6abaaeb199c24e22b401f5bb1bac6f,2026-03-07 00:06:02+00:00,19.0,25.0,0.0669,
293,74,dotnet/runtime,dotnet,ci-failure-scan.md,18,2026-06-18 12:45:45+00:00,False,,,,githubnext/agentics/workflows/repo-assist.md,githubnext/agentics/workflows/repo-assist.md,False,0ae10905c47f310d0ed58a020a4e611c0f890442,2026-03-08 00:31:06+00:00,22.0,25.0,0.0653,
294,75,dotnet/runtime,dotnet,code-review.md,1,2026-03-25 01:40:14+00:00,False,,,,pulumi-labs/gh-aw-internal/.github/workflows/gh-aw-pr-review.md,pulumi-labs/gh-aw-internal/.github/workflows/gh-aw-pr-review.md,False,a91379f7af34693fbdb0f83b1252e4bb945d09bf,2026-03-04 15:33:15+00:00,2.0,4.0,0.0961,
295,75,dotnet/runtime,dotnet,code-review.md,2,2026-05-08 19:26:42+00:00,False,,,,pulumi-labs/gh-aw-internal/.github/workflows/gh-aw-pr-review.md,pulumi-labs/gh-aw-internal/.github/workflows/gh-aw-pr-review.md,False,a91379f7af34693fbdb0f83b1252e4bb945d09bf,2026-03-04 15:33:15+00:00,2.0,4.0,0.0961,
296,75,dotnet/runtime,dotnet,code-review.md,3,2026-06-15 11:36:55+00:00,False,,,,pulumi-labs/gh-aw-internal/.github/workflows/shared/review.md,pulumi-labs/gh-aw-internal/.github/workflows/shared/review.md,True,242988150273951aad5f67b008256266bdff6112,2026-05-28 15:56:48+00:00,4.0,4.0,0.1382,
297,76,dotnet/runtime,dotnet,copilot-echo.md,1,2026-03-25 00:53:09+00:00,False,,,,githubnext/agentics/workflows/repo-ask.md,githubnext/agentics/workflows/ask.md,False,eb489a0b6cb3bd7c7f94d5d3362237641c22cd31,2025-10-11 18:52:59+00:00,7.0,9.0,0.0454,
298,76,dotnet/runtime,dotnet,copilot-echo.md,2,2026-05-08 19:26:42+00:00,False,,,,githubnext/agentics/workflows/repo-ask.md,githubnext/agentics/workflows/ask.md,False,eb489a0b6cb3bd7c7f94d5d3362237641c22cd31,2025-10-11 18:52:59+00:00,7.0,9.0,0.0454,
299,77,dgreif/ring,dgreif,issue-triage.md,1,2026-06-06 11:44:57+00:00,False,,,,githubnext/agentics/workflows/daily-issue-triage.md,githubnext/agentics/workflows/daily-issue-triage.md,False,d7c1dc4b72b00607a67caaffdcc216cb64379cf9,2026-05-29 16:23:59+00:00,1.0,1.0,0.0782,
300,77,dgreif/ring,dgreif,issue-triage.md,2,2026-06-25 12:46:56+00:00,False,,,,githubnext/agentics/workflows/daily-issue-triage.md,githubnext/agentics/workflows/daily-issue-triage.md,False,d7c1dc4b72b00607a67caaffdcc216cb64379cf9,2026-05-29 16:23:59+00:00,1.0,1.0,0.0782,
301,78,pulumi/pulumi-random,pulumi,gh-aw-pr-rereview.md,1,2026-05-12 07:11:26+00:00,True,pulumi-labs/gh-aw-internal/.github/workflows/gh-aw-pr-rereview.md@8a92f53fac170563f7727cacab2dbedb5d5b9e29,ok,pulumi-labs/gh-aw-internal/.github/workflows/gh-aw-pr-rereview.md,,,,,,,,,
302,79,pulumi/pulumi-random,pulumi,gh-aw-pr-review.md,1,2026-05-12 07:11:26+00:00,True,pulumi-labs/gh-aw-internal/.github/workflows/gh-aw-pr-review.md@8a92f53fac170563f7727cacab2dbedb5d5b9e29,ok,pulumi-labs/gh-aw-internal/.github/workflows/gh-aw-pr-review.md,,,,,,,,,
303,80,microsoft/pxt-arcade,microsoft,documentation.md,1,2025-12-10 19:16:53+00:00,False,,,,github/gh-aw/.github/workflows/daily-doc-updater.md,github/gh-aw/.github/workflows/daily-doc-updater.md,False,ec47a730355c794af5ed2eec6468cbf617ec31a6,2025-11-13 22:20:45+00:00,2.0,2.0,0.1068,
304,80,microsoft/pxt-arcade,microsoft,documentation.md,2,2025-12-10 23:23:12+00:00,False,,,,github/gh-aw/.github/workflows/daily-doc-updater.md,github/gh-aw/.github/workflows/daily-doc-updater.md,False,ec47a730355c794af5ed2eec6468cbf617ec31a6,2025-11-13 22:20:45+00:00,2.0,2.0,0.1081,
305,80,microsoft/pxt-arcade,microsoft,documentation.md,3,2026-02-12 23:22:51+00:00,False,,,,github/gh-aw/.github/workflows/daily-doc-updater.md,github/gh-aw/.github/workflows/daily-doc-updater.md,False,e3c9c8577f044a1e57d1ba42d7185d6d867846c0,2026-01-20 21:44:41+00:00,4.0,5.0,0.1084,
306,81,microsoft/pxt-arcade,microsoft,triage.md,1,2025-12-03 17:56:51+00:00,False,,,,githubnext/agentics/workflows/issue-triage.md,githubnext/agentics/workflows/agentic-triage.md,False,0125b7683216c4123cb803621a01b54492c49c84,2025-08-23 14:14:13+00:00,7.0,20.0,0.0864,
307,81,microsoft/pxt-arcade,microsoft,triage.md,2,2025-12-03 19:11:04+00:00,False,,,,githubnext/agentics/workflows/issue-triage.md,githubnext/agentics/workflows/agentic-triage.md,False,0125b7683216c4123cb803621a01b54492c49c84,2025-08-23 14:14:13+00:00,7.0,20.0,0.0873,
308,81,microsoft/pxt-arcade,microsoft,triage.md,3,2025-12-03 19:48:11+00:00,False,,,,githubnext/agentics/workflows/issue-triage.md,githubnext/agentics/workflows/agentic-triage.md,False,0125b7683216c4123cb803621a01b54492c49c84,2025-08-23 14:14:13+00:00,7.0,20.0,0.0831,
309,81,microsoft/pxt-arcade,microsoft,triage.md,4,2025-12-03 23:23:39+00:00,False,,,,githubnext/agentics/workflows/issue-triage.md,githubnext/agentics/workflows/agentic-triage.md,False,0125b7683216c4123cb803621a01b54492c49c84,2025-08-23 14:14:13+00:00,7.0,20.0,0.0818,
310,81,microsoft/pxt-arcade,microsoft,triage.md,5,2025-12-04 18:52:55+00:00,False,,,,githubnext/agentics/workflows/issue-triage.md,githubnext/agentics/workflows/agentic-triage.md,False,0125b7683216c4123cb803621a01b54492c49c84,2025-08-23 14:14:13+00:00,7.0,20.0,0.0825,
311,81,microsoft/pxt-arcade,microsoft,triage.md,6,2025-12-04 21:51:28+00:00,False,,,,githubnext/agentics/workflows/issue-triage.md,githubnext/agentics/workflows/agentic-triage.md,False,0125b7683216c4123cb803621a01b54492c49c84,2025-08-23 14:14:13+00:00,7.0,20.0,0.0825,
312,81,microsoft/pxt-arcade,microsoft,triage.md,7,2025-12-04 22:25:17+00:00,False,,,,githubnext/agentics/workflows/issue-triage.md,githubnext/agentics/workflows/agentic-triage.md,False,0125b7683216c4123cb803621a01b54492c49c84,2025-08-23 14:14:13+00:00,7.0,20.0,0.0825,
313,81,microsoft/pxt-arcade,microsoft,triage.md,8,2025-12-04 22:51:18+00:00,False,,,,githubnext/agentics/workflows/issue-triage.md,githubnext/agentics/workflows/agentic-triage.md,False,0125b7683216c4123cb803621a01b54492c49c84,2025-08-23 14:14:13+00:00,7.0,20.0,0.0821,
314,81,microsoft/pxt-arcade,microsoft,triage.md,9,2025-12-08 17:22:19+00:00,False,,,,githubnext/agentics/workflows/issue-triage.md,githubnext/agentics/workflows/agentic-triage.md,False,0125b7683216c4123cb803621a01b54492c49c84,2025-08-23 14:14:13+00:00,7.0,20.0,0.0802,
315,81,microsoft/pxt-arcade,microsoft,triage.md,10,2025-12-09 19:22:04+00:00,True,,,,,,,,,,,,
316,81,microsoft/pxt-arcade,microsoft,triage.md,11,2026-01-06 19:33:04+00:00,True,,,,,,,,,,,,
317,81,microsoft/pxt-arcade,microsoft,triage.md,12,2026-02-12 23:22:51+00:00,True,,,,,,,,,,,,
318,82,Alfresco/alfresco-ng2-components,Alfresco,supply-chain-review.md,1,2026-05-29 13:55:51+00:00,False,Alfresco/alfresco-build-tools/.github/workflows/supply-chain-review.md@ccf3ddbc10205c171ca84ad88d9a05b1c60069b2,ok,Alfresco/alfresco-build-tools/.github/workflows/supply-chain-review.md,Alfresco/alfresco-build-tools/.github/workflows/supply-chain-review.md,Alfresco/alfresco-build-tools/.github/workflows/supply-chain-review.md,False,500921b47ef517ff56a006f7422d5c229430f681,2026-05-28 13:55:52+00:00,1.0,3.0,1.0,1.0
319,82,Alfresco/alfresco-ng2-components,Alfresco,supply-chain-review.md,2,2026-06-04 08:25:49+00:00,False,Alfresco/alfresco-build-tools/.github/workflows/supply-chain-review.md@b2070730e7482fb8d2791e97d7b288fdf3b106ef,ok,Alfresco/alfresco-build-tools/.github/workflows/supply-chain-review.md,Alfresco/alfresco-build-tools/.github/workflows/supply-chain-review.md,Alfresco/alfresco-build-tools/.github/workflows/supply-chain-review.md,False,b2070730e7482fb8d2791e97d7b288fdf3b106ef,2026-06-03 15:13:37+00:00,4.0,4.0,1.0,1.0
320,82,Alfresco/alfresco-ng2-components,Alfresco,supply-chain-review.md,3,2026-06-11 10:26:12+00:00,False,Alfresco/alfresco-build-tools/.github/workflows/supply-chain-review.md@52467f0241079de71fe14591f97bdec7555ab545,ok,Alfresco/alfresco-build-tools/.github/workflows/supply-chain-review.md,Alfresco/alfresco-build-tools/.github/workflows/supply-chain-review.md,Alfresco/alfresco-build-tools/.github/workflows/supply-chain-review.md,False,52467f0241079de71fe14591f97bdec7555ab545,2026-06-10 11:29:33+00:00,5.0,5.0,1.0,1.0
321,83,storybookjs/storybook,storybookjs,code-simplifier.md,1,2026-03-07 19:25:50+00:00,False,github/gh-aw/.github/workflows/code-simplifier.md@852cb06ad52958b402ed982b69957ffc57ca0619,ok,github/gh-aw/.github/workflows/code-simplifier.md,github/gh-aw/.github/workflows/code-simplifier.md,github/gh-aw/.github/workflows/code-simplifier.md,False,bb3a3b3c35105d86add624c48ddb68e1419f5cb5,2026-02-16 17:09:36+00:00,4.0,5.0,1.0,1.0
322,83,storybookjs/storybook,storybookjs,code-simplifier.md,2,2026-03-07 19:34:44+00:00,False,github/gh-aw/.github/workflows/code-simplifier.md@852cb06ad52958b402ed982b69957ffc57ca0619,ok,github/gh-aw/.github/workflows/code-simplifier.md,github/gh-aw/.github/workflows/code-simplifier.md,github/gh-aw/.github/workflows/code-simplifier.md,False,eb1a0fbdc96efb8fa74c31bb700f24caa36d5f9e,2026-01-22 17:22:21+00:00,3.0,5.0,0.9308,0.9148
323,84,storybookjs/storybook,storybookjs,duplicate-code-detector.md,1,2026-03-07 19:57:09+00:00,False,github/gh-aw/.github/workflows/duplicate-code-detector.md@852cb06ad52958b402ed982b69957ffc57ca0619,ok,github/gh-aw/.github/workflows/duplicate-code-detector.md,github/gh-aw/.github/workflows/duplicate-code-detector.md,github/gh-aw/.github/workflows/duplicate-code-detector.md,False,51163c67ad2476560f9410444709922fef9ef45d,2025-11-06 11:39:47+00:00,10.0,11.0,1.0,1.0
324,84,storybookjs/storybook,storybookjs,duplicate-code-detector.md,2,2026-03-07 20:23:28+00:00,False,github/gh-aw/.github/workflows/duplicate-code-detector.md@852cb06ad52958b402ed982b69957ffc57ca0619,ok,github/gh-aw/.github/workflows/duplicate-code-detector.md,github/gh-aw/.github/workflows/duplicate-code-detector.md,github/gh-aw/.github/workflows/duplicate-code-detector.md,False,b4dbc4ee9b5f8cb3561a44c88e575abaefd7401e,2025-10-22 23:12:36+00:00,6.0,11.0,0.939,0.9326
325,85,microsoft/pxt,microsoft,documentation.md,1,2025-12-10 19:41:01+00:00,False,,,,github/gh-aw/.github/workflows/daily-doc-updater.md,github/gh-aw/.github/workflows/daily-doc-updater.md,False,ec47a730355c794af5ed2eec6468cbf617ec31a6,2025-11-13 22:20:45+00:00,2.0,2.0,0.1111,
326,85,microsoft/pxt,microsoft,documentation.md,2,2025-12-10 20:15:46+00:00,False,,,,github/gh-aw/.github/workflows/daily-doc-updater.md,github/gh-aw/.github/workflows/daily-doc-updater.md,False,ec47a730355c794af5ed2eec6468cbf617ec31a6,2025-11-13 22:20:45+00:00,2.0,2.0,0.108,
327,85,microsoft/pxt,microsoft,documentation.md,3,2025-12-10 22:43:49+00:00,False,,,,github/gh-aw/.github/workflows/daily-doc-updater.md,github/gh-aw/.github/workflows/daily-doc-updater.md,False,ec47a730355c794af5ed2eec6468cbf617ec31a6,2025-11-13 22:20:45+00:00,2.0,2.0,0.1098,
328,86,PowerShell/vscode-powershell,PowerShell,issue-comment-handler.md,1,2026-06-18 17:23:52+00:00,False,githubnext/agentics/workflows/issue-comment-handler.md@2f03fdaafb8c1ae62dfde7e0be762a822a201aeb,path not found at ref,githubnext/agentics/workflows/issue-comment-handler.md,githubnext/agentics/workflows/repo-assist.md,githubnext/agentics/workflows/repo-assist.md,False,afb00b92a9514fee9a14c583f059a03d05738f70,2026-02-26 13:40:39+00:00,18.0,25.0,0.0718,0.0
329,87,PowerShell/vscode-powershell,PowerShell,issue-triage.md,1,2026-02-23 22:08:47+00:00,False,githubnext/agentics/workflows/issue-triage.md@2f03fdaafb8c1ae62dfde7e0be762a822a201aeb,ok,githubnext/agentics/workflows/issue-triage.md,githubnext/agentics/workflows/issue-triage.md,githubnext/agentics/workflows/agentic-triage.md,False,bf8d330e628f2c235cd9304310156bdbbfa61123,2025-10-24 19:03:24+00:00,20.0,21.0,1.0,1.0
330,87,PowerShell/vscode-powershell,PowerShell,issue-triage.md,2,2026-06-18 17:23:52+00:00,False,githubnext/agentics/workflows/issue-triage.md@2f03fdaafb8c1ae62dfde7e0be762a822a201aeb,ok,githubnext/agentics/workflows/issue-triage.md,githubnext/agentics/workflows/issue-triage.md,githubnext/agentics/workflows/agentic-triage.md,False,e59994b330d765823202927b3fb26e909fbc72ab,2026-05-12 13:58:09+00:00,23.0,23.0,0.1024,0.0927
331,88,PowerShell/vscode-powershell,PowerShell,stale-closer.md,1,2026-06-18 17:23:52+00:00,False,githubnext/agentics/workflows/stale-closer.md@2f03fdaafb8c1ae62dfde7e0be762a822a201aeb,path not found at ref,githubnext/agentics/workflows/stale-closer.md,githubnext/agentics/workflows/repo-assist.md,githubnext/agentics/workflows/repo-assist.md,False,08abb3ea9353c4cf4d0360c639203c7aed2aa493,2026-02-22 00:15:53+00:00,5.0,25.0,0.0777,0.0
332,89,Azure/azure-sdk-for-js,Azure,agent-observability.md,1,2026-06-15 18:51:55+00:00,False,,,,githubnext/agentics/workflows/repo-assist.md,githubnext/agentics/workflows/repo-assist.md,False,69dc52f93e6abaaeb199c24e22b401f5bb1bac6f,2026-03-07 00:06:02+00:00,19.0,25.0,0.0504,
333,89,Azure/azure-sdk-for-js,Azure,agent-observability.md,2,2026-06-24 22:56:27+00:00,False,,,,githubnext/agentics/workflows/repo-assist.md,githubnext/agentics/workflows/repo-assist.md,False,69dc52f93e6abaaeb199c24e22b401f5bb1bac6f,2026-03-07 00:06:02+00:00,19.0,25.0,0.0504,
334,89,Azure/azure-sdk-for-js,Azure,agent-observability.md,3,2026-06-24 23:27:22+00:00,False,,,,githubnext/agentics/workflows/repo-assist.md,githubnext/agentics/workflows/repo-assist.md,False,69dc52f93e6abaaeb199c24e22b401f5bb1bac6f,2026-03-07 00:06:02+00:00,19.0,25.0,0.0504,
335,89,Azure/azure-sdk-for-js,Azure,agent-observability.md,4,2026-06-25 20:11:44+00:00,False,,,,githubnext/agentics/workflows/repo-assist.md,githubnext/agentics/workflows/repo-assist.md,False,69dc52f93e6abaaeb199c24e22b401f5bb1bac6f,2026-03-07 00:06:02+00:00,19.0,25.0,0.0504,
336,90,Azure/azure-sdk-for-js,Azure,archie.md,1,2026-03-24 21:46:48+00:00,False,,,,pulumi-labs/gh-aw-internal/.github/workflows/shared/plugins/code-review/code-review.md,pulumi-labs/gh-aw-internal/.github/workflows/shared/plugins/code-review/code-review.md,True,d0818ff576b2db07efcadedb0c37526b978844fe,2026-03-12 13:58:22+00:00,3.0,3.0,0.0915,
337,90,Azure/azure-sdk-for-js,Azure,archie.md,2,2026-03-25 17:51:05+00:00,False,,,,pulumi-labs/gh-aw-internal/.github/workflows/shared/plugins/code-review/code-review.md,pulumi-labs/gh-aw-internal/.github/workflows/shared/plugins/code-review/code-review.md,True,d0818ff576b2db07efcadedb0c37526b978844fe,2026-03-12 13:58:22+00:00,3.0,3.0,0.0915,
338,90,Azure/azure-sdk-for-js,Azure,archie.md,3,2026-03-25 21:44:00+00:00,False,,,,pulumi-labs/gh-aw-internal/.github/workflows/shared/plugins/code-review/code-review.md,pulumi-labs/gh-aw-internal/.github/workflows/shared/plugins/code-review/code-review.md,True,d0818ff576b2db07efcadedb0c37526b978844fe,2026-03-12 13:58:22+00:00,3.0,3.0,0.0915,
339,90,Azure/azure-sdk-for-js,Azure,archie.md,4,2026-03-26 03:15:21+00:00,False,,,,pulumi-labs/gh-aw-internal/.github/workflows/shared/plugins/code-review/code-review.md,pulumi-labs/gh-aw-internal/.github/workflows/shared/plugins/code-review/code-review.md,True,d0818ff576b2db07efcadedb0c37526b978844fe,2026-03-12 13:58:22+00:00,3.0,3.0,0.0893,
340,90,Azure/azure-sdk-for-js,Azure,archie.md,5,2026-03-27 17:03:04+00:00,False,,,,pulumi-labs/gh-aw-internal/.github/workflows/shared/plugins/code-review/code-review.md,pulumi-labs/gh-aw-internal/.github/workflows/shared/plugins/code-review/code-review.md,True,d0818ff576b2db07efcadedb0c37526b978844fe,2026-03-12 13:58:22+00:00,3.0,3.0,0.0893,
341,90,Azure/azure-sdk-for-js,Azure,archie.md,6,2026-04-01 20:42:22+00:00,False,,,,pulumi-labs/gh-aw-internal/.github/workflows/shared/plugins/code-review/code-review.md,pulumi-labs/gh-aw-internal/.github/workflows/shared/plugins/code-review/code-review.md,True,d0818ff576b2db07efcadedb0c37526b978844fe,2026-03-12 13:58:22+00:00,3.0,3.0,0.0893,
342,90,Azure/azure-sdk-for-js,Azure,archie.md,7,2026-04-08 17:09:15+00:00,False,,,,pulumi-labs/gh-aw-internal/.github/workflows/shared/plugins/code-review/code-review.md,pulumi-labs/gh-aw-internal/.github/workflows/shared/plugins/code-review/code-review.md,True,d0818ff576b2db07efcadedb0c37526b978844fe,2026-03-12 13:58:22+00:00,3.0,4.0,0.0893,
343,90,Azure/azure-sdk-for-js,Azure,archie.md,8,2026-04-10 18:30:16+00:00,False,,,,pulumi-labs/gh-aw-internal/.github/workflows/shared/plugins/code-review/code-review.md,pulumi-labs/gh-aw-internal/.github/workflows/shared/plugins/code-review/code-review.md,True,d0818ff576b2db07efcadedb0c37526b978844fe,2026-03-12 13:58:22+00:00,3.0,4.0,0.0893,
344,90,Azure/azure-sdk-for-js,Azure,archie.md,9,2026-04-13 16:14:29+00:00,False,,,,pulumi-labs/gh-aw-internal/.github/workflows/shared/plugins/code-review/code-review.md,pulumi-labs/gh-aw-internal/.github/workflows/shared/plugins/code-review/code-review.md,True,d0818ff576b2db07efcadedb0c37526b978844fe,2026-03-12 13:58:22+00:00,3.0,4.0,0.0893,
345,90,Azure/azure-sdk-for-js,Azure,archie.md,10,2026-05-06 17:52:09+00:00,False,,,,pulumi-labs/gh-aw-internal/.github/workflows/shared/plugins/code-review/code-review.md,pulumi-labs/gh-aw-internal/.github/workflows/shared/plugins/code-review/code-review.md,True,d0818ff576b2db07efcadedb0c37526b978844fe,2026-03-12 13:58:22+00:00,3.0,4.0,0.0891,
346,90,Azure/azure-sdk-for-js,Azure,archie.md,11,2026-05-18 20:19:39+00:00,False,,,,pulumi-labs/gh-aw-internal/.github/workflows/shared/plugins/code-review/code-review.md,pulumi-labs/gh-aw-internal/.github/workflows/shared/plugins/code-review/code-review.md,True,d0818ff576b2db07efcadedb0c37526b978844fe,2026-03-12 13:58:22+00:00,3.0,4.0,0.0891,
347,90,Azure/azure-sdk-for-js,Azure,archie.md,12,2026-06-12 20:56:59+00:00,False,,,,pulumi-labs/gh-aw-internal/.github/workflows/shared/plugins/code-review/code-review.md,pulumi-labs/gh-aw-internal/.github/workflows/shared/plugins/code-review/code-review.md,True,d0818ff576b2db07efcadedb0c37526b978844fe,2026-03-12 13:58:22+00:00,3.0,6.0,0.0891,
348,90,Azure/azure-sdk-for-js,Azure,archie.md,13,2026-06-12 22:50:20+00:00,False,,,,pulumi-labs/gh-aw-internal/.github/workflows/shared/plugins/code-review/code-review.md,pulumi-labs/gh-aw-internal/.github/workflows/shared/plugins/code-review/code-review.md,True,d0818ff576b2db07efcadedb0c37526b978844fe,2026-03-12 13:58:22+00:00,3.0,6.0,0.0891,
349,90,Azure/azure-sdk-for-js,Azure,archie.md,14,2026-06-24 22:56:27+00:00,False,,,,pulumi-labs/gh-aw-internal/.github/workflows/shared/plugins/code-review/code-review.md,pulumi-labs/gh-aw-internal/.github/workflows/shared/plugins/code-review/code-review.md,True,d0818ff576b2db07efcadedb0c37526b978844fe,2026-03-12 13:58:22+00:00,3.0,6.0,0.0891,
350,90,Azure/azure-sdk-for-js,Azure,archie.md,15,2026-06-24 23:27:22+00:00,False,,,,pulumi-labs/gh-aw-internal/.github/workflows/shared/plugins/code-review/code-review.md,pulumi-labs/gh-aw-internal/.github/workflows/shared/plugins/code-review/code-review.md,True,d0818ff576b2db07efcadedb0c37526b978844fe,2026-03-12 13:58:22+00:00,3.0,6.0,0.0891,
351,90,Azure/azure-sdk-for-js,Azure,archie.md,16,2026-06-25 20:11:44+00:00,False,,,,pulumi-labs/gh-aw-internal/.github/workflows/shared/plugins/code-review/code-review.md,pulumi-labs/gh-aw-internal/.github/workflows/shared/plugins/code-review/code-review.md,True,d0818ff576b2db07efcadedb0c37526b978844fe,2026-03-12 13:58:22+00:00,3.0,6.0,0.0891,
352,91,Azure/azure-sdk-for-js,Azure,dash.md,1,2026-03-24 18:51:23+00:00,False,,,,pulumi-labs/gh-aw-internal/.github/workflows/shared/plugins/code-review/code-review.md,pulumi-labs/gh-aw-internal/.github/workflows/shared/plugins/code-review/code-review.md,True,3e83632847339a9f65b1932efd1471f9238c8e06,2026-03-12 12:34:51+00:00,1.0,3.0,0.0913,
353,91,Azure/azure-sdk-for-js,Azure,dash.md,2,2026-03-25 17:51:05+00:00,False,,,,pulumi-labs/gh-aw-internal/.github/workflows/shared/plugins/code-review/code-review.md,pulumi-labs/gh-aw-internal/.github/workflows/shared/plugins/code-review/code-review.md,True,3e83632847339a9f65b1932efd1471f9238c8e06,2026-03-12 12:34:51+00:00,1.0,3.0,0.0913,
354,91,Azure/azure-sdk-for-js,Azure,dash.md,3,2026-03-25 21:44:00+00:00,False,,,,pulumi-labs/gh-aw-internal/.github/workflows/shared/plugins/code-review/code-review.md,pulumi-labs/gh-aw-internal/.github/workflows/shared/plugins/code-review/code-review.md,True,3e83632847339a9f65b1932efd1471f9238c8e06,2026-03-12 12:34:51+00:00,1.0,3.0,0.0913,
355,91,Azure/azure-sdk-for-js,Azure,dash.md,4,2026-03-27 17:03:04+00:00,False,,,,pulumi-labs/gh-aw-internal/.github/workflows/shared/plugins/code-review/code-review.md,pulumi-labs/gh-aw-internal/.github/workflows/shared/plugins/code-review/code-review.md,True,3e83632847339a9f65b1932efd1471f9238c8e06,2026-03-12 12:34:51+00:00,1.0,3.0,0.0913,
356,91,Azure/azure-sdk-for-js,Azure,dash.md,5,2026-03-30 18:27:39+00:00,False,,,,pulumi-labs/gh-aw-internal/.github/workflows/shared/plugins/code-review/code-review.md,pulumi-labs/gh-aw-internal/.github/workflows/shared/plugins/code-review/code-review.md,True,3e83632847339a9f65b1932efd1471f9238c8e06,2026-03-12 12:34:51+00:00,1.0,3.0,0.0818,
357,91,Azure/azure-sdk-for-js,Azure,dash.md,6,2026-04-08 17:09:15+00:00,False,,,,pulumi-labs/gh-aw-internal/.github/workflows/shared/plugins/code-review/code-review.md,pulumi-labs/gh-aw-internal/.github/workflows/shared/plugins/code-review/code-review.md,True,3e83632847339a9f65b1932efd1471f9238c8e06,2026-03-12 12:34:51+00:00,1.0,4.0,0.0818,
358,91,Azure/azure-sdk-for-js,Azure,dash.md,7,2026-04-10 18:30:16+00:00,False,,,,pulumi-labs/gh-aw-internal/.github/workflows/shared/plugins/code-review/code-review.md,pulumi-labs/gh-aw-internal/.github/workflows/shared/plugins/code-review/code-review.md,True,3e83632847339a9f65b1932efd1471f9238c8e06,2026-03-12 12:34:51+00:00,1.0,4.0,0.0818,
359,91,Azure/azure-sdk-for-js,Azure,dash.md,8,2026-04-13 16:14:29+00:00,False,,,,pulumi-labs/gh-aw-internal/.github/workflows/shared/plugins/code-review/code-review.md,pulumi-labs/gh-aw-internal/.github/workflows/shared/plugins/code-review/code-review.md,True,3e83632847339a9f65b1932efd1471f9238c8e06,2026-03-12 12:34:51+00:00,1.0,4.0,0.0818,
360,91,Azure/azure-sdk-for-js,Azure,dash.md,9,2026-05-06 17:52:09+00:00,False,,,,pulumi-labs/gh-aw-internal/.github/workflows/shared/plugins/code-review/code-review.md,pulumi-labs/gh-aw-internal/.github/workflows/shared/plugins/code-review/code-review.md,True,3e83632847339a9f65b1932efd1471f9238c8e06,2026-03-12 12:34:51+00:00,1.0,4.0,0.0822,
361,91,Azure/azure-sdk-for-js,Azure,dash.md,10,2026-05-18 20:19:39+00:00,False,,,,pulumi-labs/gh-aw-internal/.github/workflows/shared/plugins/code-review/code-review.md,pulumi-labs/gh-aw-internal/.github/workflows/shared/plugins/code-review/code-review.md,True,3e83632847339a9f65b1932efd1471f9238c8e06,2026-03-12 12:34:51+00:00,1.0,4.0,0.0822,
362,91,Azure/azure-sdk-for-js,Azure,dash.md,11,2026-06-12 20:56:59+00:00,False,,,,pulumi-labs/gh-aw-internal/.github/workflows/shared/plugins/code-review/code-review.md,pulumi-labs/gh-aw-internal/.github/workflows/shared/plugins/code-review/code-review.md,True,3e83632847339a9f65b1932efd1471f9238c8e06,2026-03-12 12:34:51+00:00,1.0,6.0,0.0822,
363,91,Azure/azure-sdk-for-js,Azure,dash.md,12,2026-06-12 22:50:20+00:00,False,,,,pulumi-labs/gh-aw-internal/.github/workflows/shared/plugins/code-review/code-review.md,pulumi-labs/gh-aw-internal/.github/workflows/shared/plugins/code-review/code-review.md,True,3e83632847339a9f65b1932efd1471f9238c8e06,2026-03-12 12:34:51+00:00,1.0,6.0,0.0822,
364,91,Azure/azure-sdk-for-js,Azure,dash.md,13,2026-06-24 22:56:27+00:00,False,,,,pulumi-labs/gh-aw-internal/.github/workflows/shared/plugins/code-review/code-review.md,pulumi-labs/gh-aw-internal/.github/workflows/shared/plugins/code-review/code-review.md,True,3e83632847339a9f65b1932efd1471f9238c8e06,2026-03-12 12:34:51+00:00,1.0,6.0,0.0822,
365,91,Azure/azure-sdk-for-js,Azure,dash.md,14,2026-06-24 23:27:22+00:00,False,,,,pulumi-labs/gh-aw-internal/.github/workflows/shared/plugins/code-review/code-review.md,pulumi-labs/gh-aw-internal/.github/workflows/shared/plugins/code-review/code-review.md,True,3e83632847339a9f65b1932efd1471f9238c8e06,2026-03-12 12:34:51+00:00,1.0,6.0,0.0822,
366,91,Azure/azure-sdk-for-js,Azure,dash.md,15,2026-06-25 20:11:44+00:00,False,,,,pulumi-labs/gh-aw-internal/.github/workflows/shared/plugins/code-review/code-review.md,pulumi-labs/gh-aw-internal/.github/workflows/shared/plugins/code-review/code-review.md,True,3e83632847339a9f65b1932efd1471f9238c8e06,2026-03-12 12:34:51+00:00,1.0,6.0,0.0822,
367,92,Azure/azure-sdk-for-js,Azure,dexter.md,1,2026-03-24 19:42:57+00:00,False,,,,pulumi-labs/gh-aw-internal/.github/workflows/shared/plugins/code-review/code-review.md,pulumi-labs/gh-aw-internal/.github/workflows/shared/plugins/code-review/code-review.md,True,3e83632847339a9f65b1932efd1471f9238c8e06,2026-03-12 12:34:51+00:00,1.0,3.0,0.088,
368,92,Azure/azure-sdk-for-js,Azure,dexter.md,2,2026-03-25 17:51:05+00:00,False,,,,pulumi-labs/gh-aw-internal/.github/workflows/shared/plugins/code-review/code-review.md,pulumi-labs/gh-aw-internal/.github/workflows/shared/plugins/code-review/code-review.md,True,3e83632847339a9f65b1932efd1471f9238c8e06,2026-03-12 12:34:51+00:00,1.0,3.0,0.088,
369,92,Azure/azure-sdk-for-js,Azure,dexter.md,3,2026-03-25 21:44:00+00:00,False,,,,pulumi-labs/gh-aw-internal/.github/workflows/shared/plugins/code-review/code-review.md,pulumi-labs/gh-aw-internal/.github/workflows/shared/plugins/code-review/code-review.md,True,3e83632847339a9f65b1932efd1471f9238c8e06,2026-03-12 12:34:51+00:00,1.0,3.0,0.088,
370,92,Azure/azure-sdk-for-js,Azure,dexter.md,4,2026-03-27 17:03:04+00:00,False,,,,pulumi-labs/gh-aw-internal/.github/workflows/shared/plugins/code-review/code-review.md,pulumi-labs/gh-aw-internal/.github/workflows/shared/plugins/code-review/code-review.md,True,3e83632847339a9f65b1932efd1471f9238c8e06,2026-03-12 12:34:51+00:00,1.0,3.0,0.088,
371,92,Azure/azure-sdk-for-js,Azure,dexter.md,5,2026-04-01 20:42:22+00:00,False,,,,pulumi-labs/gh-aw-internal/.github/workflows/shared/plugins/code-review/code-review.md,pulumi-labs/gh-aw-internal/.github/workflows/shared/plugins/code-review/code-review.md,True,3e83632847339a9f65b1932efd1471f9238c8e06,2026-03-12 12:34:51+00:00,1.0,3.0,0.088,
372,92,Azure/azure-sdk-for-js,Azure,dexter.md,6,2026-04-08 17:09:15+00:00,False,,,,pulumi-labs/gh-aw-internal/.github/workflows/shared/plugins/code-review/code-review.md,pulumi-labs/gh-aw-internal/.github/workflows/shared/plugins/code-review/code-review.md,True,3e83632847339a9f65b1932efd1471f9238c8e06,2026-03-12 12:34:51+00:00,1.0,4.0,0.088,
373,92,Azure/azure-sdk-for-js,Azure,dexter.md,7,2026-04-10 18:30:16+00:00,False,,,,pulumi-labs/gh-aw-internal/.github/workflows/shared/plugins/code-review/code-review.md,pulumi-labs/gh-aw-internal/.github/workflows/shared/plugins/code-review/code-review.md,True,3e83632847339a9f65b1932efd1471f9238c8e06,2026-03-12 12:34:51+00:00,1.0,4.0,0.088,
374,92,Azure/azure-sdk-for-js,Azure,dexter.md,8,2026-04-13 16:14:29+00:00,False,,,,pulumi-labs/gh-aw-internal/.github/workflows/shared/plugins/code-review/code-review.md,pulumi-labs/gh-aw-internal/.github/workflows/shared/plugins/code-review/code-review.md,True,3e83632847339a9f65b1932efd1471f9238c8e06,2026-03-12 12:34:51+00:00,1.0,4.0,0.088,
375,92,Azure/azure-sdk-for-js,Azure,dexter.md,9,2026-04-28 19:41:55+00:00,False,,,,pulumi-labs/gh-aw-internal/.github/workflows/shared/plugins/code-review/code-review.md,pulumi-labs/gh-aw-internal/.github/workflows/shared/plugins/code-review/code-review.md,True,3e83632847339a9f65b1932efd1471f9238c8e06,2026-03-12 12:34:51+00:00,1.0,4.0,0.088,
376,92,Azure/azure-sdk-for-js,Azure,dexter.md,10,2026-05-06 17:52:09+00:00,False,,,,pulumi-labs/gh-aw-internal/.github/workflows/shared/plugins/code-review/code-review.md,pulumi-labs/gh-aw-internal/.github/workflows/shared/plugins/code-review/code-review.md,True,3e83632847339a9f65b1932efd1471f9238c8e06,2026-03-12 12:34:51+00:00,1.0,4.0,0.0881,
377,92,Azure/azure-sdk-for-js,Azure,dexter.md,11,2026-05-18 20:19:39+00:00,False,,,,pulumi-labs/gh-aw-internal/.github/workflows/shared/plugins/code-review/code-review.md,pulumi-labs/gh-aw-internal/.github/workflows/shared/plugins/code-review/code-review.md,True,3e83632847339a9f65b1932efd1471f9238c8e06,2026-03-12 12:34:51+00:00,1.0,4.0,0.0881,
378,92,Azure/azure-sdk-for-js,Azure,dexter.md,12,2026-06-12 20:56:59+00:00,False,,,,pulumi-labs/gh-aw-internal/.github/workflows/shared/plugins/code-review/code-review.md,pulumi-labs/gh-aw-internal/.github/workflows/shared/plugins/code-review/code-review.md,True,3e83632847339a9f65b1932efd1471f9238c8e06,2026-03-12 12:34:51+00:00,1.0,6.0,0.0881,
379,92,Azure/azure-sdk-for-js,Azure,dexter.md,13,2026-06-12 22:50:20+00:00,False,,,,pulumi-labs/gh-aw-internal/.github/workflows/shared/plugins/code-review/code-review.md,pulumi-labs/gh-aw-internal/.github/workflows/shared/plugins/code-review/code-review.md,True,3e83632847339a9f65b1932efd1471f9238c8e06,2026-03-12 12:34:51+00:00,1.0,6.0,0.0881,
380,92,Azure/azure-sdk-for-js,Azure,dexter.md,14,2026-06-24 22:56:27+00:00,False,,,,pulumi-labs/gh-aw-internal/.github/workflows/shared/plugins/code-review/code-review.md,pulumi-labs/gh-aw-internal/.github/workflows/shared/plugins/code-review/code-review.md,True,3e83632847339a9f65b1932efd1471f9238c8e06,2026-03-12 12:34:51+00:00,1.0,6.0,0.0881,
381,92,Azure/azure-sdk-for-js,Azure,dexter.md,15,2026-06-24 23:27:22+00:00,False,,,,pulumi-labs/gh-aw-internal/.github/workflows/shared/plugins/code-review/code-review.md,pulumi-labs/gh-aw-internal/.github/workflows/shared/plugins/code-review/code-review.md,True,3e83632847339a9f65b1932efd1471f9238c8e06,2026-03-12 12:34:51+00:00,1.0,6.0,0.0881,
382,92,Azure/azure-sdk-for-js,Azure,dexter.md,16,2026-06-25 20:11:44+00:00,False,,,,pulumi-labs/gh-aw-internal/.github/workflows/shared/plugins/code-review/code-review.md,pulumi-labs/gh-aw-internal/.github/workflows/shared/plugins/code-review/code-review.md,True,3e83632847339a9f65b1932efd1471f9238c8e06,2026-03-12 12:34:51+00:00,1.0,6.0,0.0881,
383,93,Azure/azure-sdk-for-js,Azure,docs-consistency-check.md,1,2026-02-25 21:55:38+00:00,False,,,,githubnext/agentics/workflows/daily-doc-updater.md,githubnext/agentics/workflows/daily-doc-updater.md,False,d10d12c3bfd79ae6baa99194e1c41de17ad0b8e6,2026-02-16 20:21:36+00:00,1.0,1.0,0.0767,
384,93,Azure/azure-sdk-for-js,Azure,docs-consistency-check.md,2,2026-04-28 19:41:55+00:00,False,,,,github/gh-aw/.github/workflows/daily-doc-updater.md,github/gh-aw/.github/workflows/daily-doc-updater.md,False,8b089d17e83805175b88a9ebf4bcc419595a307c,2026-02-26 20:31:29+00:00,7.0,18.0,0.0818,
385,93,Azure/azure-sdk-for-js,Azure,docs-consistency-check.md,3,2026-06-12 20:56:59+00:00,False,,,,github/gh-aw/.github/workflows/daily-doc-updater.md,github/gh-aw/.github/workflows/daily-doc-updater.md,False,8b089d17e83805175b88a9ebf4bcc419595a307c,2026-02-26 20:31:29+00:00,7.0,23.0,0.0818,
386,93,Azure/azure-sdk-for-js,Azure,docs-consistency-check.md,4,2026-06-12 22:50:20+00:00,False,,,,github/gh-aw/.github/workflows/daily-doc-updater.md,github/gh-aw/.github/workflows/daily-doc-updater.md,False,8b089d17e83805175b88a9ebf4bcc419595a307c,2026-02-26 20:31:29+00:00,7.0,23.0,0.0818,
387,93,Azure/azure-sdk-for-js,Azure,docs-consistency-check.md,5,2026-06-24 22:56:27+00:00,False,,,,github/gh-aw/.github/workflows/daily-doc-updater.md,github/gh-aw/.github/workflows/daily-doc-updater.md,False,8b089d17e83805175b88a9ebf4bcc419595a307c,2026-02-26 20:31:29+00:00,7.0,23.0,0.0818,
388,93,Azure/azure-sdk-for-js,Azure,docs-consistency-check.md,6,2026-06-24 23:27:22+00:00,False,,,,github/gh-aw/.github/workflows/daily-doc-updater.md,github/gh-aw/.github/workflows/daily-doc-updater.md,False,8b089d17e83805175b88a9ebf4bcc419595a307c,2026-02-26 20:31:29+00:00,7.0,23.0,0.0818,
389,93,Azure/azure-sdk-for-js,Azure,docs-consistency-check.md,7,2026-06-25 20:11:44+00:00,False,,,,github/gh-aw/.github/workflows/daily-doc-updater.md,github/gh-aw/.github/workflows/daily-doc-updater.md,False,8b089d17e83805175b88a9ebf4bcc419595a307c,2026-02-26 20:31:29+00:00,7.0,23.0,0.0818,
390,94,Azure/azure-sdk-for-js,Azure,fix-test-failures.md,1,2026-03-04 20:28:46+00:00,False,,,,github/gh-aw/.github/workflows/ci-doctor.md,githubnext/agentics/workflows/ci-doctor.md,False,196ba427880cbfdfe73b2d17783bdaa6006e7937,2026-01-31 16:05:56+00:00,5.0,10.0,0.0814,
391,94,Azure/azure-sdk-for-js,Azure,fix-test-failures.md,2,2026-03-05 22:11:36+00:00,False,,,,github/gh-aw/.github/workflows/ci-doctor.md,githubnext/agentics/workflows/ci-doctor.md,False,196ba427880cbfdfe73b2d17783bdaa6006e7937,2026-01-31 16:05:56+00:00,5.0,10.0,0.0814,
392,94,Azure/azure-sdk-for-js,Azure,fix-test-failures.md,3,2026-03-27 18:14:23+00:00,False,,,,github/gh-aw/.github/workflows/ci-doctor.md,githubnext/agentics/workflows/ci-doctor.md,False,af7701aac244d773ba6b58a33fa5fa58968e053f,2026-03-23 18:54:16+00:00,11.0,12.0,0.0861,
393,94,Azure/azure-sdk-for-js,Azure,fix-test-failures.md,4,2026-04-28 19:41:55+00:00,False,,,,github/gh-aw/.github/workflows/ci-doctor.md,githubnext/agentics/workflows/ci-doctor.md,False,af7701aac244d773ba6b58a33fa5fa58968e053f,2026-03-23 18:54:16+00:00,11.0,13.0,0.0861,
394,94,Azure/azure-sdk-for-js,Azure,fix-test-failures.md,5,2026-06-12 19:49:36+00:00,False,,,,github/gh-aw/.github/workflows/ci-doctor.md,githubnext/agentics/workflows/ci-doctor.md,False,af7701aac244d773ba6b58a33fa5fa58968e053f,2026-03-23 18:54:16+00:00,11.0,14.0,0.0838,
395,94,Azure/azure-sdk-for-js,Azure,fix-test-failures.md,6,2026-06-12 20:56:59+00:00,False,,,,github/gh-aw/.github/workflows/ci-doctor.md,githubnext/agentics/workflows/ci-doctor.md,False,af7701aac244d773ba6b58a33fa5fa58968e053f,2026-03-23 18:54:16+00:00,11.0,14.0,0.0838,
396,94,Azure/azure-sdk-for-js,Azure,fix-test-failures.md,7,2026-06-12 22:50:20+00:00,False,,,,github/gh-aw/.github/workflows/ci-doctor.md,githubnext/agentics/workflows/ci-doctor.md,False,af7701aac244d773ba6b58a33fa5fa58968e053f,2026-03-23 18:54:16+00:00,11.0,14.0,0.0838,
397,94,Azure/azure-sdk-for-js,Azure,fix-test-failures.md,8,2026-06-17 20:29:03+00:00,False,,,,github/gh-aw/.github/workflows/ci-doctor.md,githubnext/agentics/workflows/ci-doctor.md,False,af7701aac244d773ba6b58a33fa5fa58968e053f,2026-03-23 18:54:16+00:00,11.0,15.0,0.0868,
398,94,Azure/azure-sdk-for-js,Azure,fix-test-failures.md,9,2026-06-24 22:56:27+00:00,False,,,,github/gh-aw/.github/workflows/ci-doctor.md,githubnext/agentics/workflows/ci-doctor.md,False,af7701aac244d773ba6b58a33fa5fa58968e053f,2026-03-23 18:54:16+00:00,11.0,15.0,0.0868,
399,94,Azure/azure-sdk-for-js,Azure,fix-test-failures.md,10,2026-06-24 23:27:22+00:00,False,,,,github/gh-aw/.github/workflows/ci-doctor.md,githubnext/agentics/workflows/ci-doctor.md,False,af7701aac244d773ba6b58a33fa5fa58968e053f,2026-03-23 18:54:16+00:00,11.0,15.0,0.0868,
400,94,Azure/azure-sdk-for-js,Azure,fix-test-failures.md,11,2026-06-25 20:11:44+00:00,False,,,,github/gh-aw/.github/workflows/ci-doctor.md,githubnext/agentics/workflows/ci-doctor.md,False,af7701aac244d773ba6b58a33fa5fa58968e053f,2026-03-23 18:54:16+00:00,11.0,15.0,0.0868,
401,95,Azure/azure-sdk-for-js,Azure,issue-triage.md,1,2026-04-16 16:52:30+00:00,False,,,,githubnext/agentics/workflows/issue-triage.md,githubnext/agentics/workflows/agentic-triage.md,False,eb489a0b6cb3bd7c7f94d5d3362237641c22cd31,2025-10-11 18:52:59+00:00,18.0,21.0,0.0947,
402,95,Azure/azure-sdk-for-js,Azure,issue-triage.md,2,2026-04-28 19:41:55+00:00,False,,,,githubnext/agentics/workflows/issue-triage.md,githubnext/agentics/workflows/agentic-triage.md,False,eb489a0b6cb3bd7c7f94d5d3362237641c22cd31,2025-10-11 18:52:59+00:00,18.0,21.0,0.0947,
403,95,Azure/azure-sdk-for-js,Azure,issue-triage.md,3,2026-06-12 20:56:59+00:00,False,,,,githubnext/agentics/workflows/issue-triage.md,githubnext/agentics/workflows/agentic-triage.md,False,eb489a0b6cb3bd7c7f94d5d3362237641c22cd31,2025-10-11 18:52:59+00:00,18.0,23.0,0.0947,
404,95,Azure/azure-sdk-for-js,Azure,issue-triage.md,4,2026-06-12 22:50:20+00:00,False,,,,githubnext/agentics/workflows/issue-triage.md,githubnext/agentics/workflows/agentic-triage.md,False,eb489a0b6cb3bd7c7f94d5d3362237641c22cd31,2025-10-11 18:52:59+00:00,18.0,23.0,0.0947,
405,95,Azure/azure-sdk-for-js,Azure,issue-triage.md,5,2026-06-24 22:56:27+00:00,False,,,,githubnext/agentics/workflows/issue-triage.md,githubnext/agentics/workflows/agentic-triage.md,False,eb489a0b6cb3bd7c7f94d5d3362237641c22cd31,2025-10-11 18:52:59+00:00,18.0,23.0,0.0947,
406,95,Azure/azure-sdk-for-js,Azure,issue-triage.md,6,2026-06-24 23:27:22+00:00,False,,,,githubnext/agentics/workflows/issue-triage.md,githubnext/agentics/workflows/agentic-triage.md,False,eb489a0b6cb3bd7c7f94d5d3362237641c22cd31,2025-10-11 18:52:59+00:00,18.0,23.0,0.0947,
407,95,Azure/azure-sdk-for-js,Azure,issue-triage.md,7,2026-06-25 20:11:44+00:00,False,,,,githubnext/agentics/workflows/issue-triage.md,githubnext/agentics/workflows/agentic-triage.md,False,eb489a0b6cb3bd7c7f94d5d3362237641c22cd31,2025-10-11 18:52:59+00:00,18.0,23.0,0.0947,
408,96,Azure/azure-sdk-for-js,Azure,mgmt-guidance.md,1,2026-06-18 09:11:37+00:00,False,,,,github/gh-aw/.github/workflows/ci-doctor.md,githubnext/agentics/workflows/ci-doctor.md,False,af7701aac244d773ba6b58a33fa5fa58968e053f,2026-03-23 18:54:16+00:00,11.0,15.0,0.054,
409,96,Azure/azure-sdk-for-js,Azure,mgmt-guidance.md,2,2026-06-24 22:56:27+00:00,False,,,,github/gh-aw/.github/workflows/ci-doctor.md,githubnext/agentics/workflows/ci-doctor.md,False,af7701aac244d773ba6b58a33fa5fa58968e053f,2026-03-23 18:54:16+00:00,11.0,15.0,0.054,
410,96,Azure/azure-sdk-for-js,Azure,mgmt-guidance.md,3,2026-06-24 23:27:22+00:00,False,,,,github/gh-aw/.github/workflows/ci-doctor.md,githubnext/agentics/workflows/ci-doctor.md,False,af7701aac244d773ba6b58a33fa5fa58968e053f,2026-03-23 18:54:16+00:00,11.0,15.0,0.054,
411,96,Azure/azure-sdk-for-js,Azure,mgmt-guidance.md,4,2026-06-25 20:11:44+00:00,False,,,,github/gh-aw/.github/workflows/ci-doctor.md,githubnext/agentics/workflows/ci-doctor.md,False,af7701aac244d773ba6b58a33fa5fa58968e053f,2026-03-23 18:54:16+00:00,11.0,15.0,0.054,
412,97,Azure/azure-sdk-for-js,Azure,mgmt-review.md,1,2026-03-17 17:07:02+00:00,False,,,,pulumi-labs/gh-aw-internal/.github/workflows/shared/plugins/code-review/code-review.md,pulumi-labs/gh-aw-internal/.github/workflows/shared/plugins/code-review/code-review.md,True,3e83632847339a9f65b1932efd1471f9238c8e06,2026-03-12 12:34:51+00:00,1.0,3.0,0.1064,
413,97,Azure/azure-sdk-for-js,Azure,mgmt-review.md,2,2026-03-18 02:48:05+00:00,False,,,,pulumi-labs/gh-aw-internal/.github/workflows/shared/plugins/code-review/code-review.md,pulumi-labs/gh-aw-internal/.github/workflows/shared/plugins/code-review/code-review.md,True,3e83632847339a9f65b1932efd1471f9238c8e06,2026-03-12 12:34:51+00:00,1.0,3.0,0.1064,
414,97,Azure/azure-sdk-for-js,Azure,mgmt-review.md,3,2026-03-23 06:58:41+00:00,False,,,,pulumi-labs/gh-aw-internal/.github/workflows/shared/plugins/code-review/code-review.md,pulumi-labs/gh-aw-internal/.github/workflows/shared/plugins/code-review/code-review.md,True,3e83632847339a9f65b1932efd1471f9238c8e06,2026-03-12 12:34:51+00:00,1.0,3.0,0.1064,
415,97,Azure/azure-sdk-for-js,Azure,mgmt-review.md,4,2026-03-31 09:41:41+00:00,False,,,,pulumi-labs/gh-aw-internal/.github/workflows/shared/plugins/code-review/code-review.md,pulumi-labs/gh-aw-internal/.github/workflows/shared/plugins/code-review/code-review.md,True,9ba254ca77173b2ebc2e6dfe470b5cb3d7af25c9,2026-03-12 13:57:27+00:00,2.0,3.0,0.0854,
416,97,Azure/azure-sdk-for-js,Azure,mgmt-review.md,5,2026-04-01 09:17:24+00:00,False,,,,pulumi-labs/gh-aw-internal/.github/workflows/shared/plugins/code-review/code-review.md,pulumi-labs/gh-aw-internal/.github/workflows/shared/plugins/code-review/code-review.md,True,9ba254ca77173b2ebc2e6dfe470b5cb3d7af25c9,2026-03-12 13:57:27+00:00,2.0,3.0,0.0852,
417,97,Azure/azure-sdk-for-js,Azure,mgmt-review.md,6,2026-04-02 08:51:36+00:00,False,,,,pulumi-labs/gh-aw-internal/.github/workflows/shared/plugins/code-review/code-review.md,pulumi-labs/gh-aw-internal/.github/workflows/shared/plugins/code-review/code-review.md,True,9ba254ca77173b2ebc2e6dfe470b5cb3d7af25c9,2026-03-12 13:57:27+00:00,2.0,3.0,0.0869,
418,97,Azure/azure-sdk-for-js,Azure,mgmt-review.md,7,2026-04-07 03:21:08+00:00,False,,,,pulumi-labs/gh-aw-internal/.github/workflows/shared/plugins/code-review/code-review.md,pulumi-labs/gh-aw-internal/.github/workflows/shared/plugins/code-review/code-review.md,True,9ba254ca77173b2ebc2e6dfe470b5cb3d7af25c9,2026-03-12 13:57:27+00:00,2.0,4.0,0.0853,
419,97,Azure/azure-sdk-for-js,Azure,mgmt-review.md,8,2026-04-07 06:54:17+00:00,False,,,,pulumi-labs/gh-aw-internal/.github/workflows/shared/plugins/code-review/code-review.md,pulumi-labs/gh-aw-internal/.github/workflows/shared/plugins/code-review/code-review.md,True,9ba254ca77173b2ebc2e6dfe470b5cb3d7af25c9,2026-03-12 13:57:27+00:00,2.0,4.0,0.0853,
420,97,Azure/azure-sdk-for-js,Azure,mgmt-review.md,9,2026-04-07 09:00:20+00:00,False,,,,pulumi-labs/gh-aw-internal/.github/workflows/shared/plugins/code-review/code-review.md,pulumi-labs/gh-aw-internal/.github/workflows/shared/plugins/code-review/code-review.md,True,9ba254ca77173b2ebc2e6dfe470b5cb3d7af25c9,2026-03-12 13:57:27+00:00,2.0,4.0,0.0851,
421,97,Azure/azure-sdk-for-js,Azure,mgmt-review.md,10,2026-04-07 10:02:42+00:00,False,,,,github/gh-aw/.github/workflows/ci-doctor.md,githubnext/agentics/workflows/ci-doctor.md,False,af7701aac244d773ba6b58a33fa5fa58968e053f,2026-03-23 18:54:16+00:00,11.0,13.0,0.0927,
422,97,Azure/azure-sdk-for-js,Azure,mgmt-review.md,11,2026-04-08 17:09:15+00:00,False,,,,github/gh-aw/.github/workflows/ci-doctor.md,githubnext/agentics/workflows/ci-doctor.md,False,af7701aac244d773ba6b58a33fa5fa58968e053f,2026-03-23 18:54:16+00:00,11.0,13.0,0.09,
423,97,Azure/azure-sdk-for-js,Azure,mgmt-review.md,12,2026-04-09 05:54:04+00:00,False,,,,github/gh-aw/.github/workflows/ci-doctor.md,githubnext/agentics/workflows/ci-doctor.md,False,af7701aac244d773ba6b58a33fa5fa58968e053f,2026-03-23 18:54:16+00:00,11.0,13.0,0.0919,
424,97,Azure/azure-sdk-for-js,Azure,mgmt-review.md,13,2026-04-10 18:30:16+00:00,False,,,,github/gh-aw/.github/workflows/ci-doctor.md,githubnext/agentics/workflows/ci-doctor.md,False,af7701aac244d773ba6b58a33fa5fa58968e053f,2026-03-23 18:54:16+00:00,11.0,13.0,0.0919,
425,97,Azure/azure-sdk-for-js,Azure,mgmt-review.md,14,2026-04-13 16:14:29+00:00,False,,,,github/gh-aw/.github/workflows/ci-doctor.md,githubnext/agentics/workflows/ci-doctor.md,False,af7701aac244d773ba6b58a33fa5fa58968e053f,2026-03-23 18:54:16+00:00,11.0,13.0,0.0919,
426,97,Azure/azure-sdk-for-js,Azure,mgmt-review.md,15,2026-05-06 17:52:09+00:00,False,,,,github/gh-aw/.github/workflows/ci-doctor.md,githubnext/agentics/workflows/ci-doctor.md,False,af7701aac244d773ba6b58a33fa5fa58968e053f,2026-03-23 18:54:16+00:00,11.0,13.0,0.0929,
427,97,Azure/azure-sdk-for-js,Azure,mgmt-review.md,16,2026-05-13 17:27:31+00:00,False,,,,github/gh-aw/.github/workflows/ci-doctor.md,githubnext/agentics/workflows/ci-doctor.md,False,af7701aac244d773ba6b58a33fa5fa58968e053f,2026-03-23 18:54:16+00:00,11.0,13.0,0.0929,
428,97,Azure/azure-sdk-for-js,Azure,mgmt-review.md,17,2026-05-18 20:19:39+00:00,False,,,,github/gh-aw/.github/workflows/ci-doctor.md,githubnext/agentics/workflows/ci-doctor.md,False,af7701aac244d773ba6b58a33fa5fa58968e053f,2026-03-23 18:54:16+00:00,11.0,13.0,0.0929,
429,97,Azure/azure-sdk-for-js,Azure,mgmt-review.md,18,2026-05-22 17:13:45+00:00,False,,,,github/gh-aw/.github/workflows/ci-doctor.md,githubnext/agentics/workflows/ci-doctor.md,False,af7701aac244d773ba6b58a33fa5fa58968e053f,2026-03-23 18:54:16+00:00,11.0,13.0,0.0899,
430,97,Azure/azure-sdk-for-js,Azure,mgmt-review.md,19,2026-06-12 03:14:14+00:00,False,,,,github/gh-aw/.github/workflows/ci-doctor.md,githubnext/agentics/workflows/ci-doctor.md,False,af7701aac244d773ba6b58a33fa5fa58968e053f,2026-03-23 18:54:16+00:00,11.0,14.0,0.0899,
431,97,Azure/azure-sdk-for-js,Azure,mgmt-review.md,20,2026-06-12 20:56:59+00:00,False,,,,github/gh-aw/.github/workflows/ci-doctor.md,githubnext/agentics/workflows/ci-doctor.md,False,af7701aac244d773ba6b58a33fa5fa58968e053f,2026-03-23 18:54:16+00:00,11.0,14.0,0.0899,
432,97,Azure/azure-sdk-for-js,Azure,mgmt-review.md,21,2026-06-12 22:50:20+00:00,False,,,,github/gh-aw/.github/workflows/ci-doctor.md,githubnext/agentics/workflows/ci-doctor.md,False,af7701aac244d773ba6b58a33fa5fa58968e053f,2026-03-23 18:54:16+00:00,11.0,14.0,0.0899,
433,97,Azure/azure-sdk-for-js,Azure,mgmt-review.md,22,2026-06-18 09:11:37+00:00,False,,,,pulumi-labs/gh-aw-internal/.github/workflows/shared/plugins/code-review/code-review.md,pulumi-labs/gh-aw-internal/.github/workflows/shared/plugins/code-review/code-review.md,True,3e83632847339a9f65b1932efd1471f9238c8e06,2026-03-12 12:34:51+00:00,1.0,6.0,0.1033,
434,97,Azure/azure-sdk-for-js,Azure,mgmt-review.md,23,2026-06-24 22:56:27+00:00,False,,,,pulumi-labs/gh-aw-internal/.github/workflows/shared/plugins/code-review/code-review.md,pulumi-labs/gh-aw-internal/.github/workflows/shared/plugins/code-review/code-review.md,True,3e83632847339a9f65b1932efd1471f9238c8e06,2026-03-12 12:34:51+00:00,1.0,6.0,0.1033,
435,97,Azure/azure-sdk-for-js,Azure,mgmt-review.md,24,2026-06-24 23:27:22+00:00,False,,,,pulumi-labs/gh-aw-internal/.github/workflows/shared/plugins/code-review/code-review.md,pulumi-labs/gh-aw-internal/.github/workflows/shared/plugins/code-review/code-review.md,True,3e83632847339a9f65b1932efd1471f9238c8e06,2026-03-12 12:34:51+00:00,1.0,6.0,0.1033,
436,97,Azure/azure-sdk-for-js,Azure,mgmt-review.md,25,2026-06-25 20:11:44+00:00,False,,,,pulumi-labs/gh-aw-internal/.github/workflows/shared/plugins/code-review/code-review.md,pulumi-labs/gh-aw-internal/.github/workflows/shared/plugins/code-review/code-review.md,True,3e83632847339a9f65b1932efd1471f9238c8e06,2026-03-12 12:34:51+00:00,1.0,6.0,0.1033,
437,98,Azure/azure-sdk-for-js,Azure,scribe.md,1,2026-03-24 18:58:58+00:00,False,,,,pulumi-labs/gh-aw-internal/.github/workflows/shared/plugins/code-review/code-review.md,pulumi-labs/gh-aw-internal/.github/workflows/shared/plugins/code-review/code-review.md,True,3e83632847339a9f65b1932efd1471f9238c8e06,2026-03-12 12:34:51+00:00,1.0,3.0,0.0811,
438,98,Azure/azure-sdk-for-js,Azure,scribe.md,2,2026-03-25 17:51:05+00:00,False,,,,pulumi-labs/gh-aw-internal/.github/workflows/shared/plugins/code-review/code-review.md,pulumi-labs/gh-aw-internal/.github/workflows/shared/plugins/code-review/code-review.md,True,3e83632847339a9f65b1932efd1471f9238c8e06,2026-03-12 12:34:51+00:00,1.0,3.0,0.0811,
439,98,Azure/azure-sdk-for-js,Azure,scribe.md,3,2026-03-25 21:44:00+00:00,False,,,,pulumi-labs/gh-aw-internal/.github/workflows/shared/plugins/code-review/code-review.md,pulumi-labs/gh-aw-internal/.github/workflows/shared/plugins/code-review/code-review.md,True,3e83632847339a9f65b1932efd1471f9238c8e06,2026-03-12 12:34:51+00:00,1.0,3.0,0.0811,
440,98,Azure/azure-sdk-for-js,Azure,scribe.md,4,2026-03-27 17:03:04+00:00,False,,,,pulumi-labs/gh-aw-internal/.github/workflows/shared/plugins/code-review/code-review.md,pulumi-labs/gh-aw-internal/.github/workflows/shared/plugins/code-review/code-review.md,True,3e83632847339a9f65b1932efd1471f9238c8e06,2026-03-12 12:34:51+00:00,1.0,3.0,0.0811,
441,98,Azure/azure-sdk-for-js,Azure,scribe.md,5,2026-04-01 20:42:22+00:00,False,,,,pulumi-labs/gh-aw-internal/.github/workflows/shared/plugins/code-review/code-review.md,pulumi-labs/gh-aw-internal/.github/workflows/shared/plugins/code-review/code-review.md,True,3e83632847339a9f65b1932efd1471f9238c8e06,2026-03-12 12:34:51+00:00,1.0,3.0,0.0811,
442,98,Azure/azure-sdk-for-js,Azure,scribe.md,6,2026-04-08 17:09:15+00:00,False,,,,pulumi-labs/gh-aw-internal/.github/workflows/shared/plugins/code-review/code-review.md,pulumi-labs/gh-aw-internal/.github/workflows/shared/plugins/code-review/code-review.md,True,3e83632847339a9f65b1932efd1471f9238c8e06,2026-03-12 12:34:51+00:00,1.0,4.0,0.0811,
443,98,Azure/azure-sdk-for-js,Azure,scribe.md,7,2026-04-10 18:30:16+00:00,False,,,,pulumi-labs/gh-aw-internal/.github/workflows/shared/plugins/code-review/code-review.md,pulumi-labs/gh-aw-internal/.github/workflows/shared/plugins/code-review/code-review.md,True,3e83632847339a9f65b1932efd1471f9238c8e06,2026-03-12 12:34:51+00:00,1.0,4.0,0.0811,
444,98,Azure/azure-sdk-for-js,Azure,scribe.md,8,2026-04-13 16:14:29+00:00,False,,,,pulumi-labs/gh-aw-internal/.github/workflows/shared/plugins/code-review/code-review.md,pulumi-labs/gh-aw-internal/.github/workflows/shared/plugins/code-review/code-review.md,True,3e83632847339a9f65b1932efd1471f9238c8e06,2026-03-12 12:34:51+00:00,1.0,4.0,0.0811,
445,98,Azure/azure-sdk-for-js,Azure,scribe.md,9,2026-05-06 17:52:09+00:00,False,,,,pulumi-labs/gh-aw-internal/.github/workflows/shared/plugins/code-review/code-review.md,pulumi-labs/gh-aw-internal/.github/workflows/shared/plugins/code-review/code-review.md,True,3e83632847339a9f65b1932efd1471f9238c8e06,2026-03-12 12:34:51+00:00,1.0,4.0,0.0814,
446,98,Azure/azure-sdk-for-js,Azure,scribe.md,10,2026-05-18 20:19:39+00:00,False,,,,pulumi-labs/gh-aw-internal/.github/workflows/shared/plugins/code-review/code-review.md,pulumi-labs/gh-aw-internal/.github/workflows/shared/plugins/code-review/code-review.md,True,3e83632847339a9f65b1932efd1471f9238c8e06,2026-03-12 12:34:51+00:00,1.0,4.0,0.0814,
447,98,Azure/azure-sdk-for-js,Azure,scribe.md,11,2026-06-12 20:56:59+00:00,False,,,,pulumi-labs/gh-aw-internal/.github/workflows/shared/plugins/code-review/code-review.md,pulumi-labs/gh-aw-internal/.github/workflows/shared/plugins/code-review/code-review.md,True,3e83632847339a9f65b1932efd1471f9238c8e06,2026-03-12 12:34:51+00:00,1.0,6.0,0.0814,
448,98,Azure/azure-sdk-for-js,Azure,scribe.md,12,2026-06-12 22:50:20+00:00,False,,,,pulumi-labs/gh-aw-internal/.github/workflows/shared/plugins/code-review/code-review.md,pulumi-labs/gh-aw-internal/.github/workflows/shared/plugins/code-review/code-review.md,True,3e83632847339a9f65b1932efd1471f9238c8e06,2026-03-12 12:34:51+00:00,1.0,6.0,0.0814,
449,98,Azure/azure-sdk-for-js,Azure,scribe.md,13,2026-06-24 22:56:27+00:00,False,,,,pulumi-labs/gh-aw-internal/.github/workflows/shared/plugins/code-review/code-review.md,pulumi-labs/gh-aw-internal/.github/workflows/shared/plugins/code-review/code-review.md,True,3e83632847339a9f65b1932efd1471f9238c8e06,2026-03-12 12:34:51+00:00,1.0,6.0,0.0814,
450,98,Azure/azure-sdk-for-js,Azure,scribe.md,14,2026-06-24 23:27:22+00:00,False,,,,pulumi-labs/gh-aw-internal/.github/workflows/shared/plugins/code-review/code-review.md,pulumi-labs/gh-aw-internal/.github/workflows/shared/plugins/code-review/code-review.md,True,3e83632847339a9f65b1932efd1471f9238c8e06,2026-03-12 12:34:51+00:00,1.0,6.0,0.0814,
451,98,Azure/azure-sdk-for-js,Azure,scribe.md,15,2026-06-25 20:11:44+00:00,False,,,,pulumi-labs/gh-aw-internal/.github/workflows/shared/plugins/code-review/code-review.md,pulumi-labs/gh-aw-internal/.github/workflows/shared/plugins/code-review/code-review.md,True,3e83632847339a9f65b1932efd1471f9238c8e06,2026-03-12 12:34:51+00:00,1.0,6.0,0.0814,
452,99,Azure/azure-sdk-for-js,Azure,sentinel.md,1,2026-03-24 18:57:04+00:00,False,,,,pulumi-labs/gh-aw-internal/.github/workflows/shared/plugins/code-review/code-review.md,pulumi-labs/gh-aw-internal/.github/workflows/shared/plugins/code-review/code-review.md,True,9ba254ca77173b2ebc2e6dfe470b5cb3d7af25c9,2026-03-12 13:57:27+00:00,2.0,3.0,0.0887,
453,99,Azure/azure-sdk-for-js,Azure,sentinel.md,2,2026-03-25 17:51:05+00:00,False,,,,pulumi-labs/gh-aw-internal/.github/workflows/shared/plugins/code-review/code-review.md,pulumi-labs/gh-aw-internal/.github/workflows/shared/plugins/code-review/code-review.md,True,9ba254ca77173b2ebc2e6dfe470b5cb3d7af25c9,2026-03-12 13:57:27+00:00,2.0,3.0,0.0887,
454,99,Azure/azure-sdk-for-js,Azure,sentinel.md,3,2026-03-25 21:44:00+00:00,False,,,,pulumi-labs/gh-aw-internal/.github/workflows/shared/plugins/code-review/code-review.md,pulumi-labs/gh-aw-internal/.github/workflows/shared/plugins/code-review/code-review.md,True,9ba254ca77173b2ebc2e6dfe470b5cb3d7af25c9,2026-03-12 13:57:27+00:00,2.0,3.0,0.0887,
455,99,Azure/azure-sdk-for-js,Azure,sentinel.md,4,2026-03-27 17:03:04+00:00,False,,,,pulumi-labs/gh-aw-internal/.github/workflows/shared/plugins/code-review/code-review.md,pulumi-labs/gh-aw-internal/.github/workflows/shared/plugins/code-review/code-review.md,True,9ba254ca77173b2ebc2e6dfe470b5cb3d7af25c9,2026-03-12 13:57:27+00:00,2.0,3.0,0.0887,
456,99,Azure/azure-sdk-for-js,Azure,sentinel.md,5,2026-04-01 20:42:22+00:00,False,,,,pulumi-labs/gh-aw-internal/.github/workflows/shared/plugins/code-review/code-review.md,pulumi-labs/gh-aw-internal/.github/workflows/shared/plugins/code-review/code-review.md,True,9ba254ca77173b2ebc2e6dfe470b5cb3d7af25c9,2026-03-12 13:57:27+00:00,2.0,3.0,0.0887,
457,99,Azure/azure-sdk-for-js,Azure,sentinel.md,6,2026-04-08 17:09:15+00:00,False,,,,pulumi-labs/gh-aw-internal/.github/workflows/shared/plugins/code-review/code-review.md,pulumi-labs/gh-aw-internal/.github/workflows/shared/plugins/code-review/code-review.md,True,9ba254ca77173b2ebc2e6dfe470b5cb3d7af25c9,2026-03-12 13:57:27+00:00,2.0,4.0,0.0887,
458,99,Azure/azure-sdk-for-js,Azure,sentinel.md,7,2026-04-10 18:30:16+00:00,False,,,,pulumi-labs/gh-aw-internal/.github/workflows/shared/plugins/code-review/code-review.md,pulumi-labs/gh-aw-internal/.github/workflows/shared/plugins/code-review/code-review.md,True,9ba254ca77173b2ebc2e6dfe470b5cb3d7af25c9,2026-03-12 13:57:27+00:00,2.0,4.0,0.0887,
459,99,Azure/azure-sdk-for-js,Azure,sentinel.md,8,2026-04-13 16:14:29+00:00,False,,,,pulumi-labs/gh-aw-internal/.github/workflows/shared/plugins/code-review/code-review.md,pulumi-labs/gh-aw-internal/.github/workflows/shared/plugins/code-review/code-review.md,True,9ba254ca77173b2ebc2e6dfe470b5cb3d7af25c9,2026-03-12 13:57:27+00:00,2.0,4.0,0.0887,
460,99,Azure/azure-sdk-for-js,Azure,sentinel.md,9,2026-05-06 17:52:09+00:00,False,,,,pulumi-labs/gh-aw-internal/.github/workflows/shared/plugins/code-review/code-review.md,pulumi-labs/gh-aw-internal/.github/workflows/shared/plugins/code-review/code-review.md,True,9ba254ca77173b2ebc2e6dfe470b5cb3d7af25c9,2026-03-12 13:57:27+00:00,2.0,4.0,0.0891,
461,99,Azure/azure-sdk-for-js,Azure,sentinel.md,10,2026-05-18 20:19:39+00:00,False,,,,pulumi-labs/gh-aw-internal/.github/workflows/shared/plugins/code-review/code-review.md,pulumi-labs/gh-aw-internal/.github/workflows/shared/plugins/code-review/code-review.md,True,9ba254ca77173b2ebc2e6dfe470b5cb3d7af25c9,2026-03-12 13:57:27+00:00,2.0,4.0,0.0891,
462,99,Azure/azure-sdk-for-js,Azure,sentinel.md,11,2026-06-12 20:56:59+00:00,False,,,,pulumi-labs/gh-aw-internal/.github/workflows/shared/plugins/code-review/code-review.md,pulumi-labs/gh-aw-internal/.github/workflows/shared/plugins/code-review/code-review.md,True,9ba254ca77173b2ebc2e6dfe470b5cb3d7af25c9,2026-03-12 13:57:27+00:00,2.0,6.0,0.0891,
463,99,Azure/azure-sdk-for-js,Azure,sentinel.md,12,2026-06-12 22:50:20+00:00,False,,,,pulumi-labs/gh-aw-internal/.github/workflows/shared/plugins/code-review/code-review.md,pulumi-labs/gh-aw-internal/.github/workflows/shared/plugins/code-review/code-review.md,True,9ba254ca77173b2ebc2e6dfe470b5cb3d7af25c9,2026-03-12 13:57:27+00:00,2.0,6.0,0.0891,
464,99,Azure/azure-sdk-for-js,Azure,sentinel.md,13,2026-06-24 22:56:27+00:00,False,,,,pulumi-labs/gh-aw-internal/.github/workflows/shared/plugins/code-review/code-review.md,pulumi-labs/gh-aw-internal/.github/workflows/shared/plugins/code-review/code-review.md,True,9ba254ca77173b2ebc2e6dfe470b5cb3d7af25c9,2026-03-12 13:57:27+00:00,2.0,6.0,0.0891,
465,99,Azure/azure-sdk-for-js,Azure,sentinel.md,14,2026-06-24 23:27:22+00:00,False,,,,pulumi-labs/gh-aw-internal/.github/workflows/shared/plugins/code-review/code-review.md,pulumi-labs/gh-aw-internal/.github/workflows/shared/plugins/code-review/code-review.md,True,9ba254ca77173b2ebc2e6dfe470b5cb3d7af25c9,2026-03-12 13:57:27+00:00,2.0,6.0,0.0891,
466,99,Azure/azure-sdk-for-js,Azure,sentinel.md,15,2026-06-25 20:11:44+00:00,False,,,,pulumi-labs/gh-aw-internal/.github/workflows/shared/plugins/code-review/code-review.md,pulumi-labs/gh-aw-internal/.github/workflows/shared/plugins/code-review/code-review.md,True,9ba254ca77173b2ebc2e6dfe470b5cb3d7af25c9,2026-03-12 13:57:27+00:00,2.0,6.0,0.0891,
467,100,Azure/azure-sdk-for-js,Azure,tester.md,1,2026-03-24 19:34:07+00:00,False,,,,pulumi-labs/gh-aw-internal/.github/workflows/shared/plugins/code-review/code-review.md,pulumi-labs/gh-aw-internal/.github/workflows/shared/plugins/code-review/code-review.md,True,3e83632847339a9f65b1932efd1471f9238c8e06,2026-03-12 12:34:51+00:00,1.0,3.0,0.091,
468,100,Azure/azure-sdk-for-js,Azure,tester.md,2,2026-03-25 17:51:05+00:00,False,,,,pulumi-labs/gh-aw-internal/.github/workflows/shared/plugins/code-review/code-review.md,pulumi-labs/gh-aw-internal/.github/workflows/shared/plugins/code-review/code-review.md,True,3e83632847339a9f65b1932efd1471f9238c8e06,2026-03-12 12:34:51+00:00,1.0,3.0,0.091,
469,100,Azure/azure-sdk-for-js,Azure,tester.md,3,2026-03-25 21:44:00+00:00,False,,,,pulumi-labs/gh-aw-internal/.github/workflows/shared/plugins/code-review/code-review.md,pulumi-labs/gh-aw-internal/.github/workflows/shared/plugins/code-review/code-review.md,True,3e83632847339a9f65b1932efd1471f9238c8e06,2026-03-12 12:34:51+00:00,1.0,3.0,0.091,
470,100,Azure/azure-sdk-for-js,Azure,tester.md,4,2026-03-27 17:03:04+00:00,False,,,,pulumi-labs/gh-aw-internal/.github/workflows/shared/plugins/code-review/code-review.md,pulumi-labs/gh-aw-internal/.github/workflows/shared/plugins/code-review/code-review.md,True,3e83632847339a9f65b1932efd1471f9238c8e06,2026-03-12 12:34:51+00:00,1.0,3.0,0.091,
471,100,Azure/azure-sdk-for-js,Azure,tester.md,5,2026-04-01 20:42:22+00:00,False,,,,pulumi-labs/gh-aw-internal/.github/workflows/shared/plugins/code-review/code-review.md,pulumi-labs/gh-aw-internal/.github/workflows/shared/plugins/code-review/code-review.md,True,3e83632847339a9f65b1932efd1471f9238c8e06,2026-03-12 12:34:51+00:00,1.0,3.0,0.091,
472,100,Azure/azure-sdk-for-js,Azure,tester.md,6,2026-04-08 17:09:15+00:00,False,,,,pulumi-labs/gh-aw-internal/.github/workflows/shared/plugins/code-review/code-review.md,pulumi-labs/gh-aw-internal/.github/workflows/shared/plugins/code-review/code-review.md,True,3e83632847339a9f65b1932efd1471f9238c8e06,2026-03-12 12:34:51+00:00,1.0,4.0,0.091,
473,100,Azure/azure-sdk-for-js,Azure,tester.md,7,2026-04-10 18:30:16+00:00,False,,,,pulumi-labs/gh-aw-internal/.github/workflows/shared/plugins/code-review/code-review.md,pulumi-labs/gh-aw-internal/.github/workflows/shared/plugins/code-review/code-review.md,True,3e83632847339a9f65b1932efd1471f9238c8e06,2026-03-12 12:34:51+00:00,1.0,4.0,0.091,
474,100,Azure/azure-sdk-for-js,Azure,tester.md,8,2026-04-13 16:14:29+00:00,False,,,,pulumi-labs/gh-aw-internal/.github/workflows/shared/plugins/code-review/code-review.md,pulumi-labs/gh-aw-internal/.github/workflows/shared/plugins/code-review/code-review.md,True,3e83632847339a9f65b1932efd1471f9238c8e06,2026-03-12 12:34:51+00:00,1.0,4.0,0.091,
475,100,Azure/azure-sdk-for-js,Azure,tester.md,9,2026-05-06 17:52:09+00:00,False,,,,pulumi-labs/gh-aw-internal/.github/workflows/shared/plugins/code-review/code-review.md,pulumi-labs/gh-aw-internal/.github/workflows/shared/plugins/code-review/code-review.md,True,3e83632847339a9f65b1932efd1471f9238c8e06,2026-03-12 12:34:51+00:00,1.0,4.0,0.0913,
476,100,Azure/azure-sdk-for-js,Azure,tester.md,10,2026-05-18 20:19:39+00:00,False,,,,pulumi-labs/gh-aw-internal/.github/workflows/shared/plugins/code-review/code-review.md,pulumi-labs/gh-aw-internal/.github/workflows/shared/plugins/code-review/code-review.md,True,3e83632847339a9f65b1932efd1471f9238c8e06,2026-03-12 12:34:51+00:00,1.0,4.0,0.0913,
477,100,Azure/azure-sdk-for-js,Azure,tester.md,11,2026-06-12 20:56:59+00:00,False,,,,pulumi-labs/gh-aw-internal/.github/workflows/shared/plugins/code-review/code-review.md,pulumi-labs/gh-aw-internal/.github/workflows/shared/plugins/code-review/code-review.md,True,3e83632847339a9f65b1932efd1471f9238c8e06,2026-03-12 12:34:51+00:00,1.0,6.0,0.0913,
478,100,Azure/azure-sdk-for-js,Azure,tester.md,12,2026-06-12 22:50:20+00:00,False,,,,pulumi-labs/gh-aw-internal/.github/workflows/shared/plugins/code-review/code-review.md,pulumi-labs/gh-aw-internal/.github/workflows/shared/plugins/code-review/code-review.md,True,3e83632847339a9f65b1932efd1471f9238c8e06,2026-03-12 12:34:51+00:00,1.0,6.0,0.0913,
479,100,Azure/azure-sdk-for-js,Azure,tester.md,13,2026-06-24 22:56:27+00:00,False,,,,pulumi-labs/gh-aw-internal/.github/workflows/shared/plugins/code-review/code-review.md,pulumi-labs/gh-aw-internal/.github/workflows/shared/plugins/code-review/code-review.md,True,3e83632847339a9f65b1932efd1471f9238c8e06,2026-03-12 12:34:51+00:00,1.0,6.0,0.0913,
480,100,Azure/azure-sdk-for-js,Azure,tester.md,14,2026-06-24 23:27:22+00:00,False,,,,pulumi-labs/gh-aw-internal/.github/workflows/shared/plugins/code-review/code-review.md,pulumi-labs/gh-aw-internal/.github/workflows/shared/plugins/code-review/code-review.md,True,3e83632847339a9f65b1932efd1471f9238c8e06,2026-03-12 12:34:51+00:00,1.0,6.0,0.0913,
481,100,Azure/azure-sdk-for-js,Azure,tester.md,15,2026-06-25 20:11:44+00:00,False,,,,pulumi-labs/gh-aw-internal/.github/workflows/shared/plugins/code-review/code-review.md,pulumi-labs/gh-aw-internal/.github/workflows/shared/plugins/code-review/code-review.md,True,3e83632847339a9f65b1932efd1471f9238c8e06,2026-03-12 12:34:51+00:00,1.0,6.0,0.0913,
482,101,Azure/azure-sdk-for-js,Azure,upgrade-agentic-workflows.md,1,2026-06-09 16:48:01+00:00,False,,,,githubnext/agentics/workflows/maintainer.md,githubnext/agentics/workflows/maintainer.md,False,7fd31902e2252188bc7dfd0f9c603cad2b1b8b10,2025-10-22 17:41:11+00:00,1.0,1.0,0.1271,
483,101,Azure/azure-sdk-for-js,Azure,upgrade-agentic-workflows.md,2,2026-06-11 20:25:47+00:00,False,,,,githubnext/agentics/workflows/maintainer.md,githubnext/agentics/workflows/maintainer.md,False,7fd31902e2252188bc7dfd0f9c603cad2b1b8b10,2025-10-22 17:41:11+00:00,1.0,1.0,0.1271,
484,101,Azure/azure-sdk-for-js,Azure,upgrade-agentic-workflows.md,3,2026-06-12 20:56:59+00:00,False,,,,githubnext/agentics/workflows/maintainer.md,githubnext/agentics/workflows/maintainer.md,False,7fd31902e2252188bc7dfd0f9c603cad2b1b8b10,2025-10-22 17:41:11+00:00,1.0,1.0,0.1271,
485,101,Azure/azure-sdk-for-js,Azure,upgrade-agentic-workflows.md,4,2026-06-12 22:50:20+00:00,False,,,,githubnext/agentics/workflows/maintainer.md,githubnext/agentics/workflows/maintainer.md,False,7fd31902e2252188bc7dfd0f9c603cad2b1b8b10,2025-10-22 17:41:11+00:00,1.0,1.0,0.1271,
486,101,Azure/azure-sdk-for-js,Azure,upgrade-agentic-workflows.md,5,2026-06-24 22:56:27+00:00,False,,,,githubnext/agentics/workflows/maintainer.md,githubnext/agentics/workflows/maintainer.md,False,7fd31902e2252188bc7dfd0f9c603cad2b1b8b10,2025-10-22 17:41:11+00:00,1.0,1.0,0.1271,
487,101,Azure/azure-sdk-for-js,Azure,upgrade-agentic-workflows.md,6,2026-06-24 23:27:22+00:00,False,,,,githubnext/agentics/workflows/maintainer.md,githubnext/agentics/workflows/maintainer.md,False,7fd31902e2252188bc7dfd0f9c603cad2b1b8b10,2025-10-22 17:41:11+00:00,1.0,1.0,0.1271,
488,101,Azure/azure-sdk-for-js,Azure,upgrade-agentic-workflows.md,7,2026-06-25 20:11:44+00:00,False,,,,githubnext/agentics/workflows/maintainer.md,githubnext/agentics/workflows/maintainer.md,False,7fd31902e2252188bc7dfd0f9c603cad2b1b8b10,2025-10-22 17:41:11+00:00,1.0,1.0,0.127,
489,102,WordPress/grunt-patch-wordpress,WordPress,dependabot-pr-review.md,1,2026-05-28 03:56:57+00:00,False,,,,githubnext/agentics/workflows/daily-dependency-updates.md,githubnext/agentics/workflows/daily-dependency-updates.md,False,6631cad64db5fe8e80fb307d045af948340ef361,2025-07-31 15:45:45+00:00,1.0,23.0,0.0474,
490,103,ptarmiganlabs/butler-sos,ptarmiganlabs,duplicate-code-detector.md,1,2026-03-02 06:24:24+00:00,False,github/gh-aw/.github/workflows/duplicate-code-detector.md@852cb06ad52958b402ed982b69957ffc57ca0619,ok,github/gh-aw/.github/workflows/duplicate-code-detector.md,github/gh-aw/.github/workflows/duplicate-code-detector.md,github/gh-aw/.github/workflows/duplicate-code-detector.md,False,51163c67ad2476560f9410444709922fef9ef45d,2025-11-06 11:39:47+00:00,10.0,11.0,1.0,1.0
491,103,ptarmiganlabs/butler-sos,ptarmiganlabs,duplicate-code-detector.md,2,2026-03-02 06:31:48+00:00,False,github/gh-aw/.github/workflows/duplicate-code-detector.md@852cb06ad52958b402ed982b69957ffc57ca0619,ok,github/gh-aw/.github/workflows/duplicate-code-detector.md,github/gh-aw/.github/workflows/duplicate-code-detector.md,github/gh-aw/.github/workflows/duplicate-code-detector.md,False,b4dbc4ee9b5f8cb3561a44c88e575abaefd7401e,2025-10-22 23:12:36+00:00,6.0,11.0,0.9009,0.9007
492,103,ptarmiganlabs/butler-sos,ptarmiganlabs,duplicate-code-detector.md,3,2026-05-01 20:41:21+00:00,False,github/gh-aw/.github/workflows/duplicate-code-detector.md@852cb06ad52958b402ed982b69957ffc57ca0619,ok,github/gh-aw/.github/workflows/duplicate-code-detector.md,github/gh-aw/.github/workflows/duplicate-code-detector.md,github/gh-aw/.github/workflows/duplicate-code-detector.md,False,b4dbc4ee9b5f8cb3561a44c88e575abaefd7401e,2025-10-22 23:12:36+00:00,6.0,11.0,0.9009,0.9007
493,103,ptarmiganlabs/butler-sos,ptarmiganlabs,duplicate-code-detector.md,4,2026-05-23 05:27:46+00:00,False,githubnext/agentics/workflows/duplicate-code-detector.md@dcdf09723d42ef9b6c75335e4612fd145d4ccdaa,ok,githubnext/agentics/workflows/duplicate-code-detector.md,githubnext/agentics/workflows/duplicate-code-detector.md,githubnext/agentics/workflows/duplicate-code-detector.md,False,d19056381ba48cb1f7c78510c23069701fa7ae87,2026-02-18 02:39:55+00:00,1.0,1.0,1.0,1.0
494,103,ptarmiganlabs/butler-sos,ptarmiganlabs,duplicate-code-detector.md,5,2026-05-23 05:49:05+00:00,False,githubnext/agentics/workflows/duplicate-code-detector.md@dcdf09723d42ef9b6c75335e4612fd145d4ccdaa,ok,githubnext/agentics/workflows/duplicate-code-detector.md,githubnext/agentics/workflows/duplicate-code-detector.md,githubnext/agentics/workflows/duplicate-code-detector.md,False,d19056381ba48cb1f7c78510c23069701fa7ae87,2026-02-18 02:39:55+00:00,1.0,1.0,1.0,1.0
495,104,ptarmiganlabs/butler-sos,ptarmiganlabs,grumpy-reviewer.md,1,2026-05-23 06:05:57+00:00,False,githubnext/agentics/workflows/grumpy-reviewer.md@dcdf09723d42ef9b6c75335e4612fd145d4ccdaa,ok,githubnext/agentics/workflows/grumpy-reviewer.md,githubnext/agentics/workflows/grumpy-reviewer.md,githubnext/agentics/workflows/grumpy-reviewer.md,False,4957663821dbb3260348084fa2f1659701950fef,2026-03-23 00:38:53+00:00,2.0,2.0,1.0,1.0
496,104,ptarmiganlabs/butler-sos,ptarmiganlabs,grumpy-reviewer.md,2,2026-05-23 14:55:53+00:00,False,githubnext/agentics/workflows/grumpy-reviewer.md@dcdf09723d42ef9b6c75335e4612fd145d4ccdaa,ok,githubnext/agentics/workflows/grumpy-reviewer.md,githubnext/agentics/workflows/grumpy-reviewer.md,githubnext/agentics/workflows/grumpy-reviewer.md,False,4957663821dbb3260348084fa2f1659701950fef,2026-03-23 00:38:53+00:00,2.0,2.0,1.0,1.0
497,104,ptarmiganlabs/butler-sos,ptarmiganlabs,grumpy-reviewer.md,3,2026-05-23 15:03:46+00:00,False,githubnext/agentics/workflows/grumpy-reviewer.md@dcdf09723d42ef9b6c75335e4612fd145d4ccdaa,ok,githubnext/agentics/workflows/grumpy-reviewer.md,githubnext/agentics/workflows/grumpy-reviewer.md,githubnext/agentics/workflows/grumpy-reviewer.md,False,4957663821dbb3260348084fa2f1659701950fef,2026-03-23 00:38:53+00:00,2.0,2.0,1.0,1.0
498,105,IgniteUI/igniteui-docfx,IgniteUI,sync-jp-docs.md,1,2026-03-12 12:56:07+00:00,False,,,,github/gh-aw/.github/workflows/daily-doc-updater.md,github/gh-aw/.github/workflows/daily-doc-updater.md,False,8b089d17e83805175b88a9ebf4bcc419595a307c,2026-02-26 20:31:29+00:00,7.0,7.0,0.062,
499,105,IgniteUI/igniteui-docfx,IgniteUI,sync-jp-docs.md,2,2026-03-26 13:37:23+00:00,False,,,,github/gh-aw/.github/workflows/daily-doc-updater.md,github/gh-aw/.github/workflows/daily-doc-updater.md,False,8b089d17e83805175b88a9ebf4bcc419595a307c,2026-02-26 20:31:29+00:00,7.0,11.0,0.0582,
500,106,appwrite/appwrite,appwrite,issue-triage.md,1,2025-10-28 03:00:30+00:00,False,githubnext/agentics/workflows/issue-triage.md@0837fb7b24c3b84ee77fb7c8cfa8735c48be347a,ok,githubnext/agentics/workflows/issue-triage.md,githubnext/agentics/workflows/issue-triage.md,githubnext/agentics/workflows/agentic-triage.md,False,bf8d330e628f2c235cd9304310156bdbbfa61123,2025-10-24 19:03:24+00:00,20.0,20.0,1.0,1.0
501,106,appwrite/appwrite,appwrite,issue-triage.md,2,2025-11-01 15:47:43+00:00,False,githubnext/agentics/workflows/issue-triage.md@0837fb7b24c3b84ee77fb7c8cfa8735c48be347a,ok,githubnext/agentics/workflows/issue-triage.md,githubnext/agentics/workflows/issue-triage.md,githubnext/agentics/workflows/agentic-triage.md,False,bf8d330e628f2c235cd9304310156bdbbfa61123,2025-10-24 19:03:24+00:00,20.0,20.0,0.8688,0.8688
502,106,appwrite/appwrite,appwrite,issue-triage.md,3,2025-11-03 20:02:03+00:00,False,githubnext/agentics/workflows/issue-triage.md@0837fb7b24c3b84ee77fb7c8cfa8735c48be347a,ok,githubnext/agentics/workflows/issue-triage.md,githubnext/agentics/workflows/issue-triage.md,githubnext/agentics/workflows/agentic-triage.md,False,bf8d330e628f2c235cd9304310156bdbbfa61123,2025-10-24 19:03:24+00:00,20.0,20.0,0.8144,0.8144
503,106,appwrite/appwrite,appwrite,issue-triage.md,4,2025-11-06 19:37:49+00:00,False,githubnext/agentics/workflows/issue-triage.md@0837fb7b24c3b84ee77fb7c8cfa8735c48be347a,ok,githubnext/agentics/workflows/issue-triage.md,githubnext/agentics/workflows/issue-triage.md,githubnext/agentics/workflows/agentic-triage.md,False,bf8d330e628f2c235cd9304310156bdbbfa61123,2025-10-24 19:03:24+00:00,20.0,20.0,0.8144,0.8144
504,106,appwrite/appwrite,appwrite,issue-triage.md,5,2025-11-06 22:33:24+00:00,False,githubnext/agentics/workflows/issue-triage.md@0837fb7b24c3b84ee77fb7c8cfa8735c48be347a,ok,githubnext/agentics/workflows/issue-triage.md,githubnext/agentics/workflows/issue-triage.md,githubnext/agentics/workflows/agentic-triage.md,False,bf8d330e628f2c235cd9304310156bdbbfa61123,2025-10-24 19:03:24+00:00,20.0,20.0,0.7868,0.7868
505,106,appwrite/appwrite,appwrite,issue-triage.md,6,2025-11-06 23:05:45+00:00,False,githubnext/agentics/workflows/issue-triage.md@0837fb7b24c3b84ee77fb7c8cfa8735c48be347a,ok,githubnext/agentics/workflows/issue-triage.md,githubnext/agentics/workflows/issue-triage.md,githubnext/agentics/workflows/agentic-triage.md,False,bf8d330e628f2c235cd9304310156bdbbfa61123,2025-10-24 19:03:24+00:00,20.0,20.0,0.7874,0.7874
506,106,appwrite/appwrite,appwrite,issue-triage.md,7,2025-11-06 23:43:31+00:00,False,githubnext/agentics/workflows/issue-triage.md@0837fb7b24c3b84ee77fb7c8cfa8735c48be347a,ok,githubnext/agentics/workflows/issue-triage.md,githubnext/agentics/workflows/issue-triage.md,githubnext/agentics/workflows/agentic-triage.md,False,bf8d330e628f2c235cd9304310156bdbbfa61123,2025-10-24 19:03:24+00:00,20.0,20.0,0.7874,0.7874
507,106,appwrite/appwrite,appwrite,issue-triage.md,8,2025-11-07 20:01:42+00:00,False,githubnext/agentics/workflows/issue-triage.md@0837fb7b24c3b84ee77fb7c8cfa8735c48be347a,ok,githubnext/agentics/workflows/issue-triage.md,githubnext/agentics/workflows/issue-triage.md,githubnext/agentics/workflows/agentic-triage.md,False,bf8d330e628f2c235cd9304310156bdbbfa61123,2025-10-24 19:03:24+00:00,20.0,20.0,0.7874,0.7874
508,106,appwrite/appwrite,appwrite,issue-triage.md,9,2025-11-07 20:17:51+00:00,False,githubnext/agentics/workflows/issue-triage.md@0837fb7b24c3b84ee77fb7c8cfa8735c48be347a,ok,githubnext/agentics/workflows/issue-triage.md,githubnext/agentics/workflows/issue-triage.md,githubnext/agentics/workflows/agentic-triage.md,False,bf8d330e628f2c235cd9304310156bdbbfa61123,2025-10-24 19:03:24+00:00,20.0,20.0,0.6831,0.6831
509,106,appwrite/appwrite,appwrite,issue-triage.md,10,2025-11-07 20:26:13+00:00,False,githubnext/agentics/workflows/issue-triage.md@0837fb7b24c3b84ee77fb7c8cfa8735c48be347a,ok,githubnext/agentics/workflows/issue-triage.md,githubnext/agentics/workflows/issue-triage.md,githubnext/agentics/workflows/agentic-triage.md,False,bf8d330e628f2c235cd9304310156bdbbfa61123,2025-10-24 19:03:24+00:00,20.0,20.0,0.5407,0.5407
510,106,appwrite/appwrite,appwrite,issue-triage.md,11,2025-11-07 20:28:14+00:00,False,githubnext/agentics/workflows/issue-triage.md@0837fb7b24c3b84ee77fb7c8cfa8735c48be347a,ok,githubnext/agentics/workflows/issue-triage.md,githubnext/agentics/workflows/issue-triage.md,githubnext/agentics/workflows/agentic-triage.md,False,bf8d330e628f2c235cd9304310156bdbbfa61123,2025-10-24 19:03:24+00:00,20.0,20.0,0.5446,0.5446
511,106,appwrite/appwrite,appwrite,issue-triage.md,12,2025-11-12 18:56:33+00:00,False,githubnext/agentics/workflows/issue-triage.md@0837fb7b24c3b84ee77fb7c8cfa8735c48be347a,ok,githubnext/agentics/workflows/issue-triage.md,githubnext/agentics/workflows/issue-triage.md,githubnext/agentics/workflows/agentic-triage.md,False,bf8d330e628f2c235cd9304310156bdbbfa61123,2025-10-24 19:03:24+00:00,20.0,20.0,0.5309,0.5309
512,106,appwrite/appwrite,appwrite,issue-triage.md,13,2025-11-12 19:49:58+00:00,False,githubnext/agentics/workflows/issue-triage.md@0837fb7b24c3b84ee77fb7c8cfa8735c48be347a,ok,githubnext/agentics/workflows/issue-triage.md,githubnext/agentics/workflows/issue-triage.md,githubnext/agentics/workflows/agentic-triage.md,False,bf8d330e628f2c235cd9304310156bdbbfa61123,2025-10-24 19:03:24+00:00,20.0,20.0,0.5266,0.5266
513,107,microsoft/Web-Dev-For-Beginners,microsoft,daily-repo-status.md,1,2026-02-06 15:34:39+00:00,False,githubnext/agentics/workflows/daily-repo-status.md@e43596e069e74a65cd7d93315091672d278c2642,ok,githubnext/agentics/workflows/daily-repo-status.md,githubnext/agentics/workflows/daily-repo-status.md,githubnext/agentics/workflows/daily-repo-status.md,False,3eae9b88d024036be45d668e3404f8662f94d878,2026-01-26 19:57:42+00:00,1.0,1.0,1.0,1.0
514,108,elastic/kibana,elastic,backlog-groom.md,1,2026-05-19 17:08:05+00:00,False,,,,githubnext/agentics/workflows/repo-assist.md,githubnext/agentics/workflows/repo-assist.md,False,2f03fdaafb8c1ae62dfde7e0be762a822a201aeb,2026-02-23 19:47:18+00:00,14.0,25.0,0.0533,
515,108,elastic/kibana,elastic,backlog-groom.md,2,2026-05-27 22:37:42+00:00,False,,,,githubnext/agentics/workflows/repo-assist.md,githubnext/agentics/workflows/repo-assist.md,False,2f03fdaafb8c1ae62dfde7e0be762a822a201aeb,2026-02-23 19:47:18+00:00,14.0,25.0,0.0533,
516,108,elastic/kibana,elastic,backlog-groom.md,3,2026-06-03 13:00:11+00:00,False,,,,githubnext/agentics/workflows/repo-assist.md,githubnext/agentics/workflows/repo-assist.md,False,2f03fdaafb8c1ae62dfde7e0be762a822a201aeb,2026-02-23 19:47:18+00:00,14.0,25.0,0.0533,
517,109,elastic/kibana,elastic,failed-backport-resolver.md,1,2026-05-15 17:23:37+00:00,False,,,,pulumi-labs/gh-aw-internal/.github/workflows/shared/plugins/code-review/code-review.md,pulumi-labs/gh-aw-internal/.github/workflows/shared/plugins/code-review/code-review.md,True,9a981e07d7134a447fac35073f0857f8512f16c4,2026-04-03 17:36:23+00:00,4.0,4.0,0.0647,
518,109,elastic/kibana,elastic,failed-backport-resolver.md,2,2026-05-15 18:58:06+00:00,False,,,,pulumi-labs/gh-aw-internal/.github/workflows/shared/plugins/code-review/code-review.md,pulumi-labs/gh-aw-internal/.github/workflows/shared/plugins/code-review/code-review.md,True,9a981e07d7134a447fac35073f0857f8512f16c4,2026-04-03 17:36:23+00:00,4.0,4.0,0.0654,
519,109,elastic/kibana,elastic,failed-backport-resolver.md,3,2026-05-20 00:28:22+00:00,False,,,,pulumi-labs/gh-aw-internal/.github/workflows/shared/plugins/code-review/code-review.md,pulumi-labs/gh-aw-internal/.github/workflows/shared/plugins/code-review/code-review.md,True,9a981e07d7134a447fac35073f0857f8512f16c4,2026-04-03 17:36:23+00:00,4.0,4.0,0.0693,
520,109,elastic/kibana,elastic,failed-backport-resolver.md,4,2026-05-20 03:21:53+00:00,False,,,,pulumi-labs/gh-aw-internal/.github/workflows/shared/plugins/code-review/code-review.md,pulumi-labs/gh-aw-internal/.github/workflows/shared/plugins/code-review/code-review.md,True,9a981e07d7134a447fac35073f0857f8512f16c4,2026-04-03 17:36:23+00:00,4.0,4.0,0.0693,
521,109,elastic/kibana,elastic,failed-backport-resolver.md,5,2026-05-20 18:30:21+00:00,False,,,,pulumi-labs/gh-aw-internal/.github/workflows/shared/plugins/code-review/code-review.md,pulumi-labs/gh-aw-internal/.github/workflows/shared/plugins/code-review/code-review.md,True,9ba254ca77173b2ebc2e6dfe470b5cb3d7af25c9,2026-03-12 13:57:27+00:00,2.0,4.0,0.0649,
522,109,elastic/kibana,elastic,failed-backport-resolver.md,6,2026-05-20 20:19:56+00:00,False,,,,pulumi-labs/gh-aw-internal/.github/workflows/shared/plugins/code-review/code-review.md,pulumi-labs/gh-aw-internal/.github/workflows/shared/plugins/code-review/code-review.md,True,9ba254ca77173b2ebc2e6dfe470b5cb3d7af25c9,2026-03-12 13:57:27+00:00,2.0,4.0,0.0649,
523,109,elastic/kibana,elastic,failed-backport-resolver.md,7,2026-06-23 19:51:27+00:00,False,,,,pulumi-labs/gh-aw-internal/.github/workflows/shared/plugins/code-review/code-review.md,pulumi-labs/gh-aw-internal/.github/workflows/shared/plugins/code-review/code-review.md,True,9a981e07d7134a447fac35073f0857f8512f16c4,2026-04-03 17:36:23+00:00,4.0,6.0,0.0651,
524,110,elastic/kibana,elastic,failed-test-investigator.md,1,2026-05-05 13:21:28+00:00,False,,,,github/gh-aw/.github/workflows/ci-doctor.md,githubnext/agentics/workflows/ci-doctor.md,False,65fe27bb0bf5393275e306b617549cb2864d7ae6,2026-02-20 12:23:50+00:00,8.0,13.0,0.0649,
525,110,elastic/kibana,elastic,failed-test-investigator.md,2,2026-05-07 17:01:57+00:00,False,,,,github/gh-aw/.github/workflows/ci-doctor.md,githubnext/agentics/workflows/ci-doctor.md,False,65fe27bb0bf5393275e306b617549cb2864d7ae6,2026-02-20 12:23:50+00:00,8.0,13.0,0.0649,
526,110,elastic/kibana,elastic,failed-test-investigator.md,3,2026-05-15 13:29:27+00:00,False,,,,github/gh-aw/.github/workflows/ci-doctor.md,githubnext/agentics/workflows/ci-doctor.md,False,65fe27bb0bf5393275e306b617549cb2864d7ae6,2026-02-20 12:23:50+00:00,8.0,13.0,0.0649,
527,110,elastic/kibana,elastic,failed-test-investigator.md,4,2026-05-18 09:10:31+00:00,False,,,,githubnext/agentics/workflows/repo-assist.md,githubnext/agentics/workflows/repo-assist.md,False,c7d030cd6d4607b90d9ac3ffc8b24aff4f251632,2026-05-09 12:20:41+00:00,25.0,25.0,0.0607,
528,110,elastic/kibana,elastic,failed-test-investigator.md,5,2026-05-19 13:27:15+00:00,False,,,,githubnext/agentics/workflows/repo-assist.md,githubnext/agentics/workflows/repo-assist.md,False,c7d030cd6d4607b90d9ac3ffc8b24aff4f251632,2026-05-09 12:20:41+00:00,25.0,25.0,0.0607,
529,110,elastic/kibana,elastic,failed-test-investigator.md,6,2026-05-28 12:06:02+00:00,False,,,,github/gh-aw/.github/workflows/ci-doctor.md,githubnext/agentics/workflows/ci-doctor.md,False,af7701aac244d773ba6b58a33fa5fa58968e053f,2026-03-23 18:54:16+00:00,11.0,14.0,0.0562,
530,110,elastic/kibana,elastic,failed-test-investigator.md,7,2026-06-01 08:26:08+00:00,False,,,,github/gh-aw/.github/workflows/ci-doctor.md,githubnext/agentics/workflows/ci-doctor.md,False,e1e884c1a2b5c87e12069909bb80090772930fcf,2026-02-21 03:18:06+00:00,9.0,14.0,0.0631,
531,110,elastic/kibana,elastic,failed-test-investigator.md,8,2026-06-10 06:32:14+00:00,False,,,,pulumi-labs/gh-aw-internal/.github/workflows/shared/plugins/code-review/code-review.md,pulumi-labs/gh-aw-internal/.github/workflows/shared/plugins/code-review/code-review.md,True,fccb0509de811cdc59bfe4e77504af0d4b5ebaa1,2026-06-04 14:18:40+00:00,6.0,6.0,0.0658,
532,110,elastic/kibana,elastic,failed-test-investigator.md,9,2026-06-15 12:46:40+00:00,False,,,,pulumi-labs/gh-aw-internal/.github/workflows/shared/plugins/code-review/code-review.md,pulumi-labs/gh-aw-internal/.github/workflows/shared/plugins/code-review/code-review.md,True,fccb0509de811cdc59bfe4e77504af0d4b5ebaa1,2026-06-04 14:18:40+00:00,6.0,6.0,0.0658,
533,110,elastic/kibana,elastic,failed-test-investigator.md,10,2026-06-17 08:13:43+00:00,False,,,,pulumi-labs/gh-aw-internal/.github/workflows/shared/plugins/code-review/code-review.md,pulumi-labs/gh-aw-internal/.github/workflows/shared/plugins/code-review/code-review.md,True,fccb0509de811cdc59bfe4e77504af0d4b5ebaa1,2026-06-04 14:18:40+00:00,6.0,6.0,0.0672,
534,110,elastic/kibana,elastic,failed-test-investigator.md,11,2026-06-17 15:56:46+00:00,False,,,,pulumi-labs/gh-aw-internal/.github/workflows/shared/plugins/code-review/code-review.md,pulumi-labs/gh-aw-internal/.github/workflows/shared/plugins/code-review/code-review.md,True,fccb0509de811cdc59bfe4e77504af0d4b5ebaa1,2026-06-04 14:18:40+00:00,6.0,6.0,0.0676,
535,110,elastic/kibana,elastic,failed-test-investigator.md,12,2026-06-18 09:49:03+00:00,False,,,,pulumi-labs/gh-aw-internal/.github/workflows/shared/plugins/code-review/code-review.md,pulumi-labs/gh-aw-internal/.github/workflows/shared/plugins/code-review/code-review.md,True,fccb0509de811cdc59bfe4e77504af0d4b5ebaa1,2026-06-04 14:18:40+00:00,6.0,6.0,0.0683,
536,110,elastic/kibana,elastic,failed-test-investigator.md,13,2026-06-19 08:37:17+00:00,False,,,,pulumi-labs/gh-aw-internal/.github/workflows/shared/plugins/code-review/code-review.md,pulumi-labs/gh-aw-internal/.github/workflows/shared/plugins/code-review/code-review.md,True,fccb0509de811cdc59bfe4e77504af0d4b5ebaa1,2026-06-04 14:18:40+00:00,6.0,6.0,0.0694,
537,110,elastic/kibana,elastic,failed-test-investigator.md,14,2026-06-19 14:39:53+00:00,False,,,,pulumi-labs/gh-aw-internal/.github/workflows/shared/plugins/code-review/code-review.md,pulumi-labs/gh-aw-internal/.github/workflows/shared/plugins/code-review/code-review.md,True,fccb0509de811cdc59bfe4e77504af0d4b5ebaa1,2026-06-04 14:18:40+00:00,6.0,6.0,0.0694,
538,111,elastic/kibana,elastic,flaky-test-fixer.md,1,2026-06-10 06:32:14+00:00,False,,,,githubnext/agentics/workflows/repo-assist.md,githubnext/agentics/workflows/repo-assist.md,False,08abb3ea9353c4cf4d0360c639203c7aed2aa493,2026-02-22 00:15:53+00:00,5.0,25.0,0.0496,
539,111,elastic/kibana,elastic,flaky-test-fixer.md,2,2026-06-15 12:46:40+00:00,False,,,,githubnext/agentics/workflows/repo-assist.md,githubnext/agentics/workflows/repo-assist.md,False,08abb3ea9353c4cf4d0360c639203c7aed2aa493,2026-02-22 00:15:53+00:00,5.0,25.0,0.0496,
540,111,elastic/kibana,elastic,flaky-test-fixer.md,3,2026-06-17 08:13:43+00:00,False,,,,githubnext/agentics/workflows/repo-assist.md,githubnext/agentics/workflows/repo-assist.md,False,08abb3ea9353c4cf4d0360c639203c7aed2aa493,2026-02-22 00:15:53+00:00,5.0,25.0,0.0575,
541,111,elastic/kibana,elastic,flaky-test-fixer.md,4,2026-06-17 12:04:25+00:00,False,,,,githubnext/agentics/workflows/repo-assist.md,githubnext/agentics/workflows/repo-assist.md,False,08abb3ea9353c4cf4d0360c639203c7aed2aa493,2026-02-22 00:15:53+00:00,5.0,25.0,0.0575,
542,111,elastic/kibana,elastic,flaky-test-fixer.md,5,2026-06-17 15:56:46+00:00,False,,,,githubnext/agentics/workflows/repo-assist.md,githubnext/agentics/workflows/repo-assist.md,False,ac4f63941a40c804d1fe02b2b7cbe10e39bbe58a,2026-02-21 13:36:20+00:00,1.0,25.0,0.0623,
543,111,elastic/kibana,elastic,flaky-test-fixer.md,6,2026-06-18 09:49:03+00:00,False,,,,githubnext/agentics/workflows/repo-assist.md,githubnext/agentics/workflows/repo-assist.md,False,ac4f63941a40c804d1fe02b2b7cbe10e39bbe58a,2026-02-21 13:36:20+00:00,1.0,25.0,0.0623,
544,112,elastic/kibana,elastic,reviewer-claude.md,1,2026-04-28 21:00:30+00:00,False,,,,githubnext/agentics/workflows/pr-fix.md,githubnext/agentics/workflows/pr-fix.md,False,6035e2b45ff968b3ccc1945a0858d98bf87826e5,2026-02-19 06:02:06+00:00,19.0,20.0,0.0266,
545,112,elastic/kibana,elastic,reviewer-claude.md,2,2026-04-29 03:56:24+00:00,False,,,,githubnext/agentics/workflows/pr-fix.md,githubnext/agentics/workflows/pr-fix.md,False,6035e2b45ff968b3ccc1945a0858d98bf87826e5,2026-02-19 06:02:06+00:00,19.0,20.0,0.0266,
546,112,elastic/kibana,elastic,reviewer-claude.md,3,2026-04-29 04:49:32+00:00,False,,,,githubnext/agentics/workflows/pr-fix.md,githubnext/agentics/workflows/pr-fix.md,False,6035e2b45ff968b3ccc1945a0858d98bf87826e5,2026-02-19 06:02:06+00:00,19.0,20.0,0.0266,
547,112,elastic/kibana,elastic,reviewer-claude.md,4,2026-05-07 17:01:57+00:00,False,,,,githubnext/agentics/workflows/pr-fix.md,githubnext/agentics/workflows/pr-fix.md,False,6035e2b45ff968b3ccc1945a0858d98bf87826e5,2026-02-19 06:02:06+00:00,19.0,20.0,0.0266,
548,112,elastic/kibana,elastic,reviewer-claude.md,5,2026-05-18 21:22:50+00:00,False,,,,pulumi-labs/gh-aw-internal/.github/workflows/gh-aw-pr-review.md,pulumi-labs/gh-aw-internal/.github/workflows/gh-aw-pr-review.md,False,a91379f7af34693fbdb0f83b1252e4bb945d09bf,2026-03-04 15:33:15+00:00,2.0,4.0,0.0543,
549,112,elastic/kibana,elastic,reviewer-claude.md,6,2026-05-18 21:52:29+00:00,False,,,,pulumi-labs/gh-aw-internal/.github/workflows/gh-aw-pr-review.md,pulumi-labs/gh-aw-internal/.github/workflows/gh-aw-pr-review.md,False,a91379f7af34693fbdb0f83b1252e4bb945d09bf,2026-03-04 15:33:15+00:00,2.0,4.0,0.0543,
550,112,elastic/kibana,elastic,reviewer-claude.md,7,2026-06-03 13:00:11+00:00,False,,,,pulumi-labs/gh-aw-internal/.github/workflows/gh-aw-pr-review.md,pulumi-labs/gh-aw-internal/.github/workflows/gh-aw-pr-review.md,False,a91379f7af34693fbdb0f83b1252e4bb945d09bf,2026-03-04 15:33:15+00:00,2.0,5.0,0.0543,
551,112,elastic/kibana,elastic,reviewer-claude.md,8,2026-06-03 17:38:02+00:00,False,,,,pulumi-labs/gh-aw-internal/.github/workflows/gh-aw-pr-review.md,pulumi-labs/gh-aw-internal/.github/workflows/gh-aw-pr-review.md,False,a91379f7af34693fbdb0f83b1252e4bb945d09bf,2026-03-04 15:33:15+00:00,2.0,5.0,0.0508,
552,112,elastic/kibana,elastic,reviewer-claude.md,9,2026-06-05 18:10:51+00:00,False,,,,pulumi-labs/gh-aw-internal/.github/workflows/gh-aw-pr-review.md,pulumi-labs/gh-aw-internal/.github/workflows/gh-aw-pr-review.md,False,a91379f7af34693fbdb0f83b1252e4bb945d09bf,2026-03-04 15:33:15+00:00,2.0,5.0,0.0508,
553,112,elastic/kibana,elastic,reviewer-claude.md,10,2026-06-05 19:22:42+00:00,False,,,,pulumi-labs/gh-aw-internal/.github/workflows/gh-aw-pr-review.md,pulumi-labs/gh-aw-internal/.github/workflows/gh-aw-pr-review.md,False,a91379f7af34693fbdb0f83b1252e4bb945d09bf,2026-03-04 15:33:15+00:00,2.0,5.0,0.0508,
554,112,elastic/kibana,elastic,reviewer-claude.md,11,2026-06-23 22:54:19+00:00,False,,,,pulumi-labs/gh-aw-internal/.github/workflows/gh-aw-pr-review.md,pulumi-labs/gh-aw-internal/.github/workflows/gh-aw-pr-review.md,False,a91379f7af34693fbdb0f83b1252e4bb945d09bf,2026-03-04 15:33:15+00:00,2.0,5.0,0.0508,
555,113,elastic/kibana,elastic,reviewer-codex.md,1,2026-05-05 23:21:51+00:00,False,,,,githubnext/agentics/workflows/pr-fix.md,githubnext/agentics/workflows/pr-fix.md,False,6035e2b45ff968b3ccc1945a0858d98bf87826e5,2026-02-19 06:02:06+00:00,19.0,20.0,0.0263,
556,113,elastic/kibana,elastic,reviewer-codex.md,2,2026-05-18 21:22:50+00:00,False,,,,pulumi-labs/gh-aw-internal/.github/workflows/gh-aw-pr-review.md,pulumi-labs/gh-aw-internal/.github/workflows/gh-aw-pr-review.md,False,a91379f7af34693fbdb0f83b1252e4bb945d09bf,2026-03-04 15:33:15+00:00,2.0,4.0,0.1006,
557,113,elastic/kibana,elastic,reviewer-codex.md,3,2026-05-18 21:52:29+00:00,False,,,,pulumi-labs/gh-aw-internal/.github/workflows/gh-aw-pr-review.md,pulumi-labs/gh-aw-internal/.github/workflows/gh-aw-pr-review.md,False,a91379f7af34693fbdb0f83b1252e4bb945d09bf,2026-03-04 15:33:15+00:00,2.0,4.0,0.1006,
558,113,elastic/kibana,elastic,reviewer-codex.md,4,2026-06-03 13:00:11+00:00,False,,,,pulumi-labs/gh-aw-internal/.github/workflows/shared/review.md,pulumi-labs/gh-aw-internal/.github/workflows/shared/review.md,True,242988150273951aad5f67b008256266bdff6112,2026-05-28 15:56:48+00:00,4.0,4.0,0.1023,
559,113,elastic/kibana,elastic,reviewer-codex.md,5,2026-06-03 17:38:02+00:00,False,,,,pulumi-labs/gh-aw-internal/.github/workflows/gh-aw-pr-review.md,pulumi-labs/gh-aw-internal/.github/workflows/gh-aw-pr-review.md,False,a91379f7af34693fbdb0f83b1252e4bb945d09bf,2026-03-04 15:33:15+00:00,2.0,5.0,0.0902,
560,114,elastic/kibana,elastic,reviewer-scout.md,1,2026-06-19 13:38:01+00:00,False,,,,pulumi-labs/gh-aw-internal/.github/workflows/shared/review.md,pulumi-labs/gh-aw-internal/.github/workflows/shared/review.md,True,9ee0c51c65787a826ec95a53e3f38b46c4f2ce9d,2026-03-12 13:56:18+00:00,2.0,4.0,0.0883,
561,114,elastic/kibana,elastic,reviewer-scout.md,2,2026-06-19 15:11:48+00:00,False,,,,pulumi-labs/gh-aw-internal/.github/workflows/shared/review.md,pulumi-labs/gh-aw-internal/.github/workflows/shared/review.md,True,9ee0c51c65787a826ec95a53e3f38b46c4f2ce9d,2026-03-12 13:56:18+00:00,2.0,4.0,0.0883,
562,115,lablup/backend.ai-webui,lablup,daily-test-improver.md,1,2025-11-25 09:26:02+00:00,False,githubnext/agentics/workflows/daily-test-improver.md@de988487053cfa3bed1c3027d414490cd9dd0096,ok,githubnext/agentics/workflows/daily-test-improver.md,githubnext/agentics/workflows/daily-test-improver.md,githubnext/agentics/workflows/daily-test-improver.md,False,48413acd2e8b7857b2a0ff9d17bc0d0bb1848427,2025-11-15 01:01:56+00:00,43.0,43.0,1.0,1.0
563,115,lablup/backend.ai-webui,lablup,daily-test-improver.md,2,2025-12-02 10:04:22+00:00,False,githubnext/agentics/workflows/daily-test-improver.md@de988487053cfa3bed1c3027d414490cd9dd0096,ok,githubnext/agentics/workflows/daily-test-improver.md,githubnext/agentics/workflows/daily-test-improver.md,githubnext/agentics/workflows/daily-test-improver.md,False,48413acd2e8b7857b2a0ff9d17bc0d0bb1848427,2025-11-15 01:01:56+00:00,43.0,43.0,0.9831,0.9831
564,115,lablup/backend.ai-webui,lablup,daily-test-improver.md,3,2025-12-03 01:51:22+00:00,False,githubnext/agentics/workflows/daily-test-improver.md@de988487053cfa3bed1c3027d414490cd9dd0096,ok,githubnext/agentics/workflows/daily-test-improver.md,githubnext/agentics/workflows/daily-test-improver.md,githubnext/agentics/workflows/daily-test-improver.md,False,48413acd2e8b7857b2a0ff9d17bc0d0bb1848427,2025-11-15 01:01:56+00:00,43.0,43.0,0.9831,0.9831
565,115,lablup/backend.ai-webui,lablup,daily-test-improver.md,4,2026-01-06 00:32:56+00:00,False,githubnext/agentics/workflows/daily-test-improver.md@de988487053cfa3bed1c3027d414490cd9dd0096,ok,githubnext/agentics/workflows/daily-test-improver.md,githubnext/agentics/workflows/daily-test-improver.md,githubnext/agentics/workflows/daily-test-improver.md,False,48413acd2e8b7857b2a0ff9d17bc0d0bb1848427,2025-11-15 01:01:56+00:00,43.0,43.0,0.9831,0.9831
566,116,lablup/backend.ai-webui,lablup,e2e-healer.md,1,2026-02-09 15:12:35+00:00,False,,,,github/gh-aw/.github/workflows/ci-doctor.md,githubnext/agentics/workflows/ci-doctor.md,False,c19426f87652906fd05ff08a91d4753f8a96bfe2,2026-02-07 17:28:29+00:00,6.0,6.0,0.0514,
567,116,lablup/backend.ai-webui,lablup,e2e-healer.md,2,2026-05-08 14:41:34+00:00,False,,,,githubnext/agentics/workflows/repo-assist.md,githubnext/agentics/workflows/repo-assist.md,False,2f03fdaafb8c1ae62dfde7e0be762a822a201aeb,2026-02-23 19:47:18+00:00,14.0,23.0,0.0542,
568,116,lablup/backend.ai-webui,lablup,e2e-healer.md,3,2026-05-12 01:46:05+00:00,False,,,,githubnext/agentics/workflows/repo-assist.md,githubnext/agentics/workflows/repo-assist.md,False,2f03fdaafb8c1ae62dfde7e0be762a822a201aeb,2026-02-23 19:47:18+00:00,14.0,25.0,0.0542,
569,116,lablup/backend.ai-webui,lablup,e2e-healer.md,4,2026-06-14 11:28:53+00:00,False,,,,githubnext/agentics/workflows/repo-assist.md,githubnext/agentics/workflows/repo-assist.md,False,2f03fdaafb8c1ae62dfde7e0be762a822a201aeb,2026-02-23 19:47:18+00:00,14.0,25.0,0.0542,
570,117,lablup/backend.ai-webui,lablup,e2e-watchdog.md,1,2026-02-09 15:14:22+00:00,False,,,,github/gh-aw/.github/workflows/ci-doctor.md,githubnext/agentics/workflows/ci-doctor.md,False,c19426f87652906fd05ff08a91d4753f8a96bfe2,2026-02-07 17:28:29+00:00,6.0,6.0,0.0533,
571,117,lablup/backend.ai-webui,lablup,e2e-watchdog.md,2,2026-05-08 14:41:34+00:00,False,,,,github/gh-aw/.github/workflows/ci-doctor.md,githubnext/agentics/workflows/ci-doctor.md,False,c19426f87652906fd05ff08a91d4753f8a96bfe2,2026-02-07 17:28:29+00:00,6.0,13.0,0.0533,
572,117,lablup/backend.ai-webui,lablup,e2e-watchdog.md,3,2026-05-12 01:46:05+00:00,False,,,,github/gh-aw/.github/workflows/ci-doctor.md,githubnext/agentics/workflows/ci-doctor.md,False,c19426f87652906fd05ff08a91d4753f8a96bfe2,2026-02-07 17:28:29+00:00,6.0,13.0,0.0533,
573,117,lablup/backend.ai-webui,lablup,e2e-watchdog.md,4,2026-06-14 11:28:53+00:00,False,,,,github/gh-aw/.github/workflows/ci-doctor.md,githubnext/agentics/workflows/ci-doctor.md,False,c19426f87652906fd05ff08a91d4753f8a96bfe2,2026-02-07 17:28:29+00:00,6.0,15.0,0.0533,
574,118,lablup/backend.ai-webui,lablup,storybook-coverage-checker.md,1,2026-02-04 07:07:34+00:00,False,,,,github/gh-aw/.github/workflows/daily-doc-updater.md,github/gh-aw/.github/workflows/daily-doc-updater.md,False,e3c9c8577f044a1e57d1ba42d7185d6d867846c0,2026-01-20 21:44:41+00:00,4.0,5.0,0.0472,
575,119,lablup/backend.ai-webui,lablup,weekly-team-status.md,1,2025-12-08 08:40:32+00:00,False,githubnext/agentics/workflows/weekly-team-status.md@de988487053cfa3bed1c3027d414490cd9dd0096,path not found at ref,githubnext/agentics/workflows/weekly-team-status.md,githubnext/agentics/workflows/daily-team-status.md,githubnext/agentics/workflows/daily-team-status.md,False,1e366aa4518cf83d25defd84e454b9a41e87cf7c,2025-11-14 07:03:20+00:00,22.0,22.0,0.9451,0.0
576,119,lablup/backend.ai-webui,lablup,weekly-team-status.md,2,2026-01-06 00:32:56+00:00,False,githubnext/agentics/workflows/weekly-team-status.md@de988487053cfa3bed1c3027d414490cd9dd0096,path not found at ref,githubnext/agentics/workflows/weekly-team-status.md,githubnext/agentics/workflows/daily-team-status.md,githubnext/agentics/workflows/daily-team-status.md,False,1e366aa4518cf83d25defd84e454b9a41e87cf7c,2025-11-14 07:03:20+00:00,22.0,22.0,0.9451,0.0
577,120,Josverl/micropython-stubs,Josverl,quality-issue-triage.md,1,2026-05-09 19:36:19+00:00,False,,,,githubnext/agentics/workflows/issue-arborist.md,githubnext/agentics/workflows/issue-arborist.md,False,0ba6a385137bb07558ddcf346127f5f11101f5b8,2026-02-22 06:59:03+00:00,1.0,3.0,0.0564,
578,120,Josverl/micropython-stubs,Josverl,quality-issue-triage.md,2,2026-05-09 20:01:11+00:00,False,,,,githubnext/agentics/workflows/issue-arborist.md,githubnext/agentics/workflows/issue-arborist.md,False,0ba6a385137bb07558ddcf346127f5f11101f5b8,2026-02-22 06:59:03+00:00,1.0,3.0,0.0564,
579,120,Josverl/micropython-stubs,Josverl,quality-issue-triage.md,3,2026-05-10 17:36:01+00:00,False,,,,githubnext/agentics/workflows/issue-arborist.md,githubnext/agentics/workflows/issue-arborist.md,False,0ba6a385137bb07558ddcf346127f5f11101f5b8,2026-02-22 06:59:03+00:00,1.0,3.0,0.0564,
580,121,pulumi/pulumi-postgresql,pulumi,gh-aw-pr-rereview.md,1,2026-05-12 07:06:32+00:00,True,pulumi-labs/gh-aw-internal/.github/workflows/gh-aw-pr-rereview.md@8a92f53fac170563f7727cacab2dbedb5d5b9e29,ok,pulumi-labs/gh-aw-internal/.github/workflows/gh-aw-pr-rereview.md,,,,,,,,,
581,122,pulumi/pulumi-postgresql,pulumi,gh-aw-pr-review.md,1,2026-05-12 07:06:32+00:00,True,pulumi-labs/gh-aw-internal/.github/workflows/gh-aw-pr-review.md@8a92f53fac170563f7727cacab2dbedb5d5b9e29,ok,pulumi-labs/gh-aw-internal/.github/workflows/gh-aw-pr-review.md,,,,,,,,,
582,123,pulumi/pulumi-linode,pulumi,gh-aw-pr-rereview.md,1,2026-05-12 06:51:36+00:00,True,pulumi-labs/gh-aw-internal/.github/workflows/gh-aw-pr-rereview.md@8a92f53fac170563f7727cacab2dbedb5d5b9e29,ok,pulumi-labs/gh-aw-internal/.github/workflows/gh-aw-pr-rereview.md,,,,,,,,,
583,124,pulumi/pulumi-linode,pulumi,gh-aw-pr-review.md,1,2026-05-12 06:51:36+00:00,True,pulumi-labs/gh-aw-internal/.github/workflows/gh-aw-pr-review.md@8a92f53fac170563f7727cacab2dbedb5d5b9e29,ok,pulumi-labs/gh-aw-internal/.github/workflows/gh-aw-pr-review.md,,,,,,,,,
584,125,licensee/licensee,licensee,repo-assist.md,1,2026-03-02 03:15:28+00:00,False,githubnext/agentics/workflows/repo-assist.md@da02dddebe71d9a937665abdcd1f5214dab852a7,ok,githubnext/agentics/workflows/repo-assist.md,githubnext/agentics/workflows/repo-assist.md,githubnext/agentics/workflows/repo-assist.md,False,afb00b92a9514fee9a14c583f059a03d05738f70,2026-02-26 13:40:39+00:00,18.0,18.0,1.0,1.0
585,125,licensee/licensee,licensee,repo-assist.md,2,2026-03-06 23:12:24+00:00,False,githubnext/agentics/workflows/repo-assist.md@da02dddebe71d9a937665abdcd1f5214dab852a7,ok,githubnext/agentics/workflows/repo-assist.md,githubnext/agentics/workflows/repo-assist.md,githubnext/agentics/workflows/repo-assist.md,False,afb00b92a9514fee9a14c583f059a03d05738f70,2026-02-26 13:40:39+00:00,18.0,18.0,1.0,1.0
586,125,licensee/licensee,licensee,repo-assist.md,3,2026-03-19 04:31:13+00:00,False,githubnext/agentics/workflows/repo-assist.md@da02dddebe71d9a937665abdcd1f5214dab852a7,ok,githubnext/agentics/workflows/repo-assist.md,githubnext/agentics/workflows/repo-assist.md,githubnext/agentics/workflows/repo-assist.md,False,afb00b92a9514fee9a14c583f059a03d05738f70,2026-02-26 13:40:39+00:00,18.0,22.0,0.9614,0.9614
587,125,licensee/licensee,licensee,repo-assist.md,4,2026-03-19 04:39:57+00:00,False,githubnext/agentics/workflows/repo-assist.md@da02dddebe71d9a937665abdcd1f5214dab852a7,ok,githubnext/agentics/workflows/repo-assist.md,githubnext/agentics/workflows/repo-assist.md,githubnext/agentics/workflows/repo-assist.md,False,afb00b92a9514fee9a14c583f059a03d05738f70,2026-02-26 13:40:39+00:00,18.0,22.0,0.9614,0.9614
588,125,licensee/licensee,licensee,repo-assist.md,5,2026-03-19 04:40:43+00:00,False,githubnext/agentics/workflows/repo-assist.md@da02dddebe71d9a937665abdcd1f5214dab852a7,ok,githubnext/agentics/workflows/repo-assist.md,githubnext/agentics/workflows/repo-assist.md,githubnext/agentics/workflows/repo-assist.md,False,afb00b92a9514fee9a14c583f059a03d05738f70,2026-02-26 13:40:39+00:00,18.0,22.0,0.9615,0.9615
589,125,licensee/licensee,licensee,repo-assist.md,6,2026-03-23 21:56:24+00:00,False,githubnext/agentics/workflows/repo-assist.md@da02dddebe71d9a937665abdcd1f5214dab852a7,ok,githubnext/agentics/workflows/repo-assist.md,githubnext/agentics/workflows/repo-assist.md,githubnext/agentics/workflows/repo-assist.md,False,afb00b92a9514fee9a14c583f059a03d05738f70,2026-02-26 13:40:39+00:00,18.0,22.0,0.9179,0.9179
590,125,licensee/licensee,licensee,repo-assist.md,7,2026-03-24 16:24:11+00:00,False,githubnext/agentics/workflows/repo-assist.md@da02dddebe71d9a937665abdcd1f5214dab852a7,ok,githubnext/agentics/workflows/repo-assist.md,githubnext/agentics/workflows/repo-assist.md,githubnext/agentics/workflows/repo-assist.md,False,afb00b92a9514fee9a14c583f059a03d05738f70,2026-02-26 13:40:39+00:00,18.0,22.0,0.9615,0.9615
591,125,licensee/licensee,licensee,repo-assist.md,8,2026-03-25 02:47:57+00:00,False,githubnext/agentics/workflows/repo-assist.md@da02dddebe71d9a937665abdcd1f5214dab852a7,ok,githubnext/agentics/workflows/repo-assist.md,githubnext/agentics/workflows/repo-assist.md,githubnext/agentics/workflows/repo-assist.md,False,afb00b92a9514fee9a14c583f059a03d05738f70,2026-02-26 13:40:39+00:00,18.0,22.0,0.9615,0.9615
592,125,licensee/licensee,licensee,repo-assist.md,9,2026-04-02 18:25:36+00:00,False,githubnext/agentics/workflows/repo-assist.md@da02dddebe71d9a937665abdcd1f5214dab852a7,ok,githubnext/agentics/workflows/repo-assist.md,githubnext/agentics/workflows/repo-assist.md,githubnext/agentics/workflows/repo-assist.md,False,afb00b92a9514fee9a14c583f059a03d05738f70,2026-02-26 13:40:39+00:00,18.0,22.0,0.9615,0.9615
593,125,licensee/licensee,licensee,repo-assist.md,10,2026-04-04 00:49:21+00:00,False,githubnext/agentics/workflows/repo-assist.md@da02dddebe71d9a937665abdcd1f5214dab852a7,ok,githubnext/agentics/workflows/repo-assist.md,githubnext/agentics/workflows/repo-assist.md,githubnext/agentics/workflows/repo-assist.md,False,afb00b92a9514fee9a14c583f059a03d05738f70,2026-02-26 13:40:39+00:00,18.0,22.0,0.9615,0.9615
594,125,licensee/licensee,licensee,repo-assist.md,11,2026-04-05 02:27:23+00:00,False,githubnext/agentics/workflows/repo-assist.md@da02dddebe71d9a937665abdcd1f5214dab852a7,ok,githubnext/agentics/workflows/repo-assist.md,githubnext/agentics/workflows/repo-assist.md,githubnext/agentics/workflows/repo-assist.md,False,afb00b92a9514fee9a14c583f059a03d05738f70,2026-02-26 13:40:39+00:00,18.0,22.0,0.9615,0.9615
595,125,licensee/licensee,licensee,repo-assist.md,12,2026-04-06 23:57:08+00:00,False,githubnext/agentics/workflows/repo-assist.md@da02dddebe71d9a937665abdcd1f5214dab852a7,ok,githubnext/agentics/workflows/repo-assist.md,githubnext/agentics/workflows/repo-assist.md,githubnext/agentics/workflows/repo-assist.md,False,afb00b92a9514fee9a14c583f059a03d05738f70,2026-02-26 13:40:39+00:00,18.0,22.0,0.9567,0.9567
596,125,licensee/licensee,licensee,repo-assist.md,13,2026-04-24 23:25:29+00:00,False,githubnext/agentics/workflows/repo-assist.md@da02dddebe71d9a937665abdcd1f5214dab852a7,ok,githubnext/agentics/workflows/repo-assist.md,githubnext/agentics/workflows/repo-assist.md,githubnext/agentics/workflows/repo-assist.md,False,afb00b92a9514fee9a14c583f059a03d05738f70,2026-02-26 13:40:39+00:00,18.0,22.0,0.9339,0.9339
597,125,licensee/licensee,licensee,repo-assist.md,14,2026-05-04 14:31:02+00:00,False,githubnext/agentics/workflows/repo-assist.md@da02dddebe71d9a937665abdcd1f5214dab852a7,ok,githubnext/agentics/workflows/repo-assist.md,githubnext/agentics/workflows/repo-assist.md,githubnext/agentics/workflows/repo-assist.md,False,afb00b92a9514fee9a14c583f059a03d05738f70,2026-02-26 13:40:39+00:00,18.0,23.0,0.9234,0.9234
598,125,licensee/licensee,licensee,repo-assist.md,15,2026-05-06 15:58:42+00:00,False,githubnext/agentics/workflows/repo-assist.md@da02dddebe71d9a937665abdcd1f5214dab852a7,ok,githubnext/agentics/workflows/repo-assist.md,githubnext/agentics/workflows/repo-assist.md,githubnext/agentics/workflows/repo-assist.md,False,afb00b92a9514fee9a14c583f059a03d05738f70,2026-02-26 13:40:39+00:00,18.0,23.0,0.9141,0.9141
599,125,licensee/licensee,licensee,repo-assist.md,16,2026-05-06 16:01:24+00:00,False,githubnext/agentics/workflows/repo-assist.md@da02dddebe71d9a937665abdcd1f5214dab852a7,ok,githubnext/agentics/workflows/repo-assist.md,githubnext/agentics/workflows/repo-assist.md,githubnext/agentics/workflows/repo-assist.md,False,afb00b92a9514fee9a14c583f059a03d05738f70,2026-02-26 13:40:39+00:00,18.0,23.0,0.8871,0.8871
600,126,pulumi/pulumi-kubernetes-operator,pulumi,kubernetes-operator-pr-rereview.md,1,2026-03-12 20:39:59+00:00,True,pulumi-labs/gh-aw-internal/.github/workflows/gh-aw-pr-rereview.md@734ef41746387a6818fd8ac3e619c9fd81ac6957,ok,pulumi-labs/gh-aw-internal/.github/workflows/gh-aw-pr-rereview.md,,,,,,,,,
601,126,pulumi/pulumi-kubernetes-operator,pulumi,kubernetes-operator-pr-rereview.md,2,2026-05-27 19:05:05+00:00,True,pulumi-labs/gh-aw-internal/.github/workflows/gh-aw-pr-rereview.md@8a92f53fac170563f7727cacab2dbedb5d5b9e29,ok,pulumi-labs/gh-aw-internal/.github/workflows/gh-aw-pr-rereview.md,,,,,,,,,
602,126,pulumi/pulumi-kubernetes-operator,pulumi,kubernetes-operator-pr-rereview.md,3,2026-05-29 23:27:27+00:00,False,pulumi-labs/gh-aw-internal/.github/workflows/gh-aw-pr-rereview.md@242988150273951aad5f67b008256266bdff6112,ok,pulumi-labs/gh-aw-internal/.github/workflows/gh-aw-pr-rereview.md,pulumi-labs/gh-aw-internal/.github/workflows/gh-aw-pr-rereview.md,pulumi-labs/gh-aw-internal/.github/workflows/gh-aw-pr-rereview.md,False,242988150273951aad5f67b008256266bdff6112,2026-05-28 15:56:48+00:00,5.0,5.0,1.0,1.0
603,127,pulumi/pulumi-kubernetes-operator,pulumi,kubernetes-operator-pr-review.md,1,2026-03-12 20:39:59+00:00,True,pulumi-labs/gh-aw-internal/.github/workflows/gh-aw-pr-review.md@734ef41746387a6818fd8ac3e619c9fd81ac6957,ok,pulumi-labs/gh-aw-internal/.github/workflows/gh-aw-pr-review.md,,,,,,,,,
604,127,pulumi/pulumi-kubernetes-operator,pulumi,kubernetes-operator-pr-review.md,2,2026-05-27 19:05:05+00:00,True,pulumi-labs/gh-aw-internal/.github/workflows/gh-aw-pr-review.md@8a92f53fac170563f7727cacab2dbedb5d5b9e29,ok,pulumi-labs/gh-aw-internal/.github/workflows/gh-aw-pr-review.md,,,,,,,,,
605,127,pulumi/pulumi-kubernetes-operator,pulumi,kubernetes-operator-pr-review.md,3,2026-05-29 23:27:27+00:00,False,pulumi-labs/gh-aw-internal/.github/workflows/gh-aw-pr-review.md@242988150273951aad5f67b008256266bdff6112,ok,pulumi-labs/gh-aw-internal/.github/workflows/gh-aw-pr-review.md,pulumi-labs/gh-aw-internal/.github/workflows/gh-aw-pr-review.md,pulumi-labs/gh-aw-internal/.github/workflows/gh-aw-pr-review.md,False,242988150273951aad5f67b008256266bdff6112,2026-05-28 15:56:48+00:00,5.0,5.0,1.0,1.0
606,128,pulumi/pulumi-terraform,pulumi,gh-aw-pr-rereview.md,1,2026-05-12 07:22:18+00:00,True,pulumi-labs/gh-aw-internal/.github/workflows/gh-aw-pr-rereview.md@8a92f53fac170563f7727cacab2dbedb5d5b9e29,ok,pulumi-labs/gh-aw-internal/.github/workflows/gh-aw-pr-rereview.md,,,,,,,,,
607,129,pulumi/pulumi-terraform,pulumi,gh-aw-pr-review.md,1,2026-05-12 07:22:18+00:00,True,pulumi-labs/gh-aw-internal/.github/workflows/gh-aw-pr-review.md@8a92f53fac170563f7727cacab2dbedb5d5b9e29,ok,pulumi-labs/gh-aw-internal/.github/workflows/gh-aw-pr-review.md,,,,,,,,,
608,130,pulumi/pulumi-digitalocean,pulumi,gh-aw-pr-rereview.md,1,2026-05-12 06:35:54+00:00,True,pulumi-labs/gh-aw-internal/.github/workflows/gh-aw-pr-rereview.md@8a92f53fac170563f7727cacab2dbedb5d5b9e29,ok,pulumi-labs/gh-aw-internal/.github/workflows/gh-aw-pr-rereview.md,,,,,,,,,
609,131,pulumi/pulumi-digitalocean,pulumi,gh-aw-pr-review.md,1,2026-05-12 06:35:54+00:00,True,pulumi-labs/gh-aw-internal/.github/workflows/gh-aw-pr-review.md@8a92f53fac170563f7727cacab2dbedb5d5b9e29,ok,pulumi-labs/gh-aw-internal/.github/workflows/gh-aw-pr-review.md,,,,,,,,,
610,132,pulumi/pulumi-docker,pulumi,gh-aw-pr-rereview.md,1,2026-05-12 06:37:59+00:00,True,pulumi-labs/gh-aw-internal/.github/workflows/gh-aw-pr-rereview.md@8a92f53fac170563f7727cacab2dbedb5d5b9e29,ok,pulumi-labs/gh-aw-internal/.github/workflows/gh-aw-pr-rereview.md,,,,,,,,,
611,133,pulumi/pulumi-docker,pulumi,gh-aw-pr-review.md,1,2026-05-12 06:37:59+00:00,True,pulumi-labs/gh-aw-internal/.github/workflows/gh-aw-pr-review.md@8a92f53fac170563f7727cacab2dbedb5d5b9e29,ok,pulumi-labs/gh-aw-internal/.github/workflows/gh-aw-pr-review.md,,,,,,,,,
612,134,pulumi/pulumi-alicloud,pulumi,gh-aw-pr-rereview.md,1,2026-05-12 06:18:43+00:00,True,pulumi-labs/gh-aw-internal/.github/workflows/gh-aw-pr-rereview.md@8a92f53fac170563f7727cacab2dbedb5d5b9e29,ok,pulumi-labs/gh-aw-internal/.github/workflows/gh-aw-pr-rereview.md,,,,,,,,,
613,135,pulumi/pulumi-alicloud,pulumi,gh-aw-pr-review.md,1,2026-05-12 06:18:43+00:00,True,pulumi-labs/gh-aw-internal/.github/workflows/gh-aw-pr-review.md@8a92f53fac170563f7727cacab2dbedb5d5b9e29,ok,pulumi-labs/gh-aw-internal/.github/workflows/gh-aw-pr-review.md,,,,,,,,,
614,136,pulumi/pulumi-cloudflare,pulumi,gh-aw-pr-rereview.md,1,2026-05-12 07:20:15+00:00,True,pulumi-labs/gh-aw-internal/.github/workflows/gh-aw-pr-rereview.md@8a92f53fac170563f7727cacab2dbedb5d5b9e29,ok,pulumi-labs/gh-aw-internal/.github/workflows/gh-aw-pr-rereview.md,,,,,,,,,
615,137,pulumi/pulumi-cloudflare,pulumi,gh-aw-pr-review.md,1,2026-05-12 07:20:15+00:00,True,pulumi-labs/gh-aw-internal/.github/workflows/gh-aw-pr-review.md@8a92f53fac170563f7727cacab2dbedb5d5b9e29,ok,pulumi-labs/gh-aw-internal/.github/workflows/gh-aw-pr-review.md,,,,,,,,,
616,138,pulumi/pulumi-gcp,pulumi,gh-aw-pr-rereview.md,1,2026-05-12 07:06:41+00:00,True,pulumi-labs/gh-aw-internal/.github/workflows/gh-aw-pr-rereview.md@8a92f53fac170563f7727cacab2dbedb5d5b9e29,ok,pulumi-labs/gh-aw-internal/.github/workflows/gh-aw-pr-rereview.md,,,,,,,,,
617,139,pulumi/pulumi-gcp,pulumi,gh-aw-pr-review.md,1,2026-05-12 07:06:41+00:00,True,pulumi-labs/gh-aw-internal/.github/workflows/gh-aw-pr-review.md@8a92f53fac170563f7727cacab2dbedb5d5b9e29,ok,pulumi-labs/gh-aw-internal/.github/workflows/gh-aw-pr-review.md,,,,,,,,,
618,140,pulumi/pulumi-azure,pulumi,gh-aw-pr-rereview.md,1,2026-05-12 07:15:23+00:00,True,pulumi-labs/gh-aw-internal/.github/workflows/gh-aw-pr-rereview.md@8a92f53fac170563f7727cacab2dbedb5d5b9e29,ok,pulumi-labs/gh-aw-internal/.github/workflows/gh-aw-pr-rereview.md,,,,,,,,,
619,141,pulumi/pulumi-azure,pulumi,gh-aw-pr-review.md,1,2026-05-12 07:15:23+00:00,True,pulumi-labs/gh-aw-internal/.github/workflows/gh-aw-pr-review.md@8a92f53fac170563f7727cacab2dbedb5d5b9e29,ok,pulumi-labs/gh-aw-internal/.github/workflows/gh-aw-pr-review.md,,,,,,,,,
620,142,pulumi/pulumi-terraform-bridge,pulumi,terraform-bridge-pr-rereview.md,1,2026-03-06 18:53:20+00:00,False,pulumi-labs/gh-aw-internal/.github/workflows/gh-aw-pr-rereview.md@99a309bf18258dbae98c8176ea10657e0b08deca,ok,pulumi-labs/gh-aw-internal/.github/workflows/gh-aw-pr-rereview.md,pulumi-labs/gh-aw-internal/.github/workflows/gh-aw-pr-rereview.md,pulumi-labs/gh-aw-internal/.github/workflows/gh-aw-pr-rereview.md,False,99a309bf18258dbae98c8176ea10657e0b08deca,2026-03-06 11:10:35+00:00,4.0,4.0,1.0,1.0
621,142,pulumi/pulumi-terraform-bridge,pulumi,terraform-bridge-pr-rereview.md,2,2026-04-13 12:25:17+00:00,True,pulumi-labs/gh-aw-internal/.github/workflows/gh-aw-pr-rereview.md@9a981e07d7134a447fac35073f0857f8512f16c4,ok,pulumi-labs/gh-aw-internal/.github/workflows/gh-aw-pr-rereview.md,,,,,,,,,
622,142,pulumi/pulumi-terraform-bridge,pulumi,terraform-bridge-pr-rereview.md,3,2026-05-11 17:58:56+00:00,True,pulumi-labs/gh-aw-internal/.github/workflows/gh-aw-pr-rereview.md@8a92f53fac170563f7727cacab2dbedb5d5b9e29,ok,pulumi-labs/gh-aw-internal/.github/workflows/gh-aw-pr-rereview.md,,,,,,,,,
623,142,pulumi/pulumi-terraform-bridge,pulumi,terraform-bridge-pr-rereview.md,4,2026-06-03 18:17:57+00:00,False,pulumi-labs/gh-aw-internal/.github/workflows/gh-aw-pr-rereview.md@242988150273951aad5f67b008256266bdff6112,ok,pulumi-labs/gh-aw-internal/.github/workflows/gh-aw-pr-rereview.md,pulumi-labs/gh-aw-internal/.github/workflows/gh-aw-pr-rereview.md,pulumi-labs/gh-aw-internal/.github/workflows/gh-aw-pr-rereview.md,False,242988150273951aad5f67b008256266bdff6112,2026-05-28 15:56:48+00:00,5.0,5.0,1.0,1.0
624,143,pulumi/pulumi-terraform-bridge,pulumi,terraform-bridge-pr-review.md,1,2026-03-06 18:53:20+00:00,False,pulumi-labs/gh-aw-internal/.github/workflows/gh-aw-pr-review.md@99a309bf18258dbae98c8176ea10657e0b08deca,ok,pulumi-labs/gh-aw-internal/.github/workflows/gh-aw-pr-review.md,pulumi-labs/gh-aw-internal/.github/workflows/gh-aw-pr-review.md,pulumi-labs/gh-aw-internal/.github/workflows/gh-aw-pr-review.md,False,43b3a0eda6d8dc7d8a35019f8c317813131ed939,2026-03-05 10:51:14+00:00,4.0,4.0,1.0,1.0
625,143,pulumi/pulumi-terraform-bridge,pulumi,terraform-bridge-pr-review.md,2,2026-04-13 12:25:17+00:00,True,pulumi-labs/gh-aw-internal/.github/workflows/gh-aw-pr-review.md@9a981e07d7134a447fac35073f0857f8512f16c4,ok,pulumi-labs/gh-aw-internal/.github/workflows/gh-aw-pr-review.md,,,,,,,,,
626,143,pulumi/pulumi-terraform-bridge,pulumi,terraform-bridge-pr-review.md,3,2026-05-11 17:58:56+00:00,True,pulumi-labs/gh-aw-internal/.github/workflows/gh-aw-pr-review.md@8a92f53fac170563f7727cacab2dbedb5d5b9e29,ok,pulumi-labs/gh-aw-internal/.github/workflows/gh-aw-pr-review.md,,,,,,,,,
627,143,pulumi/pulumi-terraform-bridge,pulumi,terraform-bridge-pr-review.md,4,2026-06-03 18:17:57+00:00,False,pulumi-labs/gh-aw-internal/.github/workflows/gh-aw-pr-review.md@242988150273951aad5f67b008256266bdff6112,ok,pulumi-labs/gh-aw-internal/.github/workflows/gh-aw-pr-review.md,pulumi-labs/gh-aw-internal/.github/workflows/gh-aw-pr-review.md,pulumi-labs/gh-aw-internal/.github/workflows/gh-aw-pr-review.md,False,242988150273951aad5f67b008256266bdff6112,2026-05-28 15:56:48+00:00,5.0,5.0,1.0,1.0
628,144,pulumi/pulumi-provider-boilerplate,pulumi,gh-aw-pr-rereview.md,1,2026-05-11 17:44:36+00:00,True,pulumi-labs/gh-aw-internal/.github/workflows/gh-aw-pr-rereview.md@8a92f53fac170563f7727cacab2dbedb5d5b9e29,ok,pulumi-labs/gh-aw-internal/.github/workflows/gh-aw-pr-rereview.md,,,,,,,,,
629,145,pulumi/pulumi-provider-boilerplate,pulumi,gh-aw-pr-review.md,1,2026-05-11 17:44:36+00:00,True,pulumi-labs/gh-aw-internal/.github/workflows/gh-aw-pr-review.md@8a92f53fac170563f7727cacab2dbedb5d5b9e29,ok,pulumi-labs/gh-aw-internal/.github/workflows/gh-aw-pr-review.md,,,,,,,,,
630,146,pulumi/pulumi-kubernetes,pulumi,gh-aw-pr-rereview.md,1,2026-05-12 07:07:26+00:00,True,pulumi-labs/gh-aw-internal/.github/workflows/gh-aw-pr-rereview.md@8a92f53fac170563f7727cacab2dbedb5d5b9e29,ok,pulumi-labs/gh-aw-internal/.github/workflows/gh-aw-pr-rereview.md,,,,,,,,,
631,147,pulumi/pulumi-kubernetes,pulumi,gh-aw-pr-review.md,1,2026-05-12 07:07:26+00:00,True,pulumi-labs/gh-aw-internal/.github/workflows/gh-aw-pr-review.md@8a92f53fac170563f7727cacab2dbedb5d5b9e29,ok,pulumi-labs/gh-aw-internal/.github/workflows/gh-aw-pr-review.md,,,,,,,,,
632,148,pulumi/pulumi-aws,pulumi,gh-aw-pr-rereview.md,1,2026-05-12 07:38:39+00:00,True,pulumi-labs/gh-aw-internal/.github/workflows/gh-aw-pr-rereview.md@8a92f53fac170563f7727cacab2dbedb5d5b9e29,ok,pulumi-labs/gh-aw-internal/.github/workflows/gh-aw-pr-rereview.md,,,,,,,,,
633,149,pulumi/pulumi-aws,pulumi,gh-aw-pr-review.md,1,2026-05-12 07:38:39+00:00,True,pulumi-labs/gh-aw-internal/.github/workflows/gh-aw-pr-review.md@8a92f53fac170563f7727cacab2dbedb5d5b9e29,ok,pulumi-labs/gh-aw-internal/.github/workflows/gh-aw-pr-review.md,,,,,,,,,
634,150,royshil/obs-backgroundremoval,royshil,validate-pr.md,1,2026-03-30 22:54:20+00:00,False,,,,githubnext/agentics/workflows/solve-issues.md,githubnext/agentics/workflows/regular-solve-issue.md,False,076280149103573bcb4c214fd85844f933da874e,2025-07-31 16:47:12+00:00,1.0,2.0,0.0454,
635,151,RustPython/RustPython,RustPython,upgrade-pylib.md,1,2026-02-14 02:26:03+00:00,False,,,,githubnext/agentics/workflows/agentics/shared/gh-extra-pr-tools.md,githubnext/agentics/workflows/agentics/shared/gh-extra-pr-tools.md,True,776c61d12ae61942726673cffb9b8b667193d76b,2025-09-01 12:06:54+00:00,1.0,3.0,0.0466,
636,151,RustPython/RustPython,RustPython,upgrade-pylib.md,2,2026-02-14 04:47:41+00:00,False,,,,githubnext/agentics/workflows/daily-test-improver.md,githubnext/agentics/workflows/daily-test-improver.md,False,68143d2f2ec0621b4a3b1b537aa3ae3656831678,2025-08-25 23:07:08+00:00,10.0,45.0,0.0439,
637,151,RustPython/RustPython,RustPython,upgrade-pylib.md,3,2026-02-14 05:56:55+00:00,False,,,,githubnext/agentics/workflows/daily-test-improver.md,githubnext/agentics/workflows/daily-test-improver.md,False,99ff98358e1e041aa3427b97ca8913947a08d349,2025-08-26 19:26:32+00:00,11.0,45.0,0.0446,
638,151,RustPython/RustPython,RustPython,upgrade-pylib.md,4,2026-02-14 11:10:30+00:00,False,,,,githubnext/agentics/workflows/daily-test-improver.md,githubnext/agentics/workflows/daily-test-improver.md,False,68143d2f2ec0621b4a3b1b537aa3ae3656831678,2025-08-25 23:07:08+00:00,10.0,45.0,0.0437,
639,151,RustPython/RustPython,RustPython,upgrade-pylib.md,5,2026-02-24 07:22:06+00:00,False,,,,githubnext/agentics/workflows/daily-test-improver.md,githubnext/agentics/workflows/daily-test-improver.md,False,68143d2f2ec0621b4a3b1b537aa3ae3656831678,2025-08-25 23:07:08+00:00,10.0,47.0,0.0437,
640,151,RustPython/RustPython,RustPython,upgrade-pylib.md,6,2026-04-09 17:38:14+00:00,False,,,,githubnext/agentics/workflows/lean-squad.md,githubnext/agentics/workflows/lean-squad.md,False,bea5b7ec0b8c16c45d49650730c5e49e93436f20,2026-04-04 13:03:44+00:00,5.0,6.0,0.0493,
641,151,RustPython/RustPython,RustPython,upgrade-pylib.md,7,2026-06-12 02:08:27+00:00,False,,,,githubnext/agentics/workflows/lean-squad.md,githubnext/agentics/workflows/lean-squad.md,False,bea5b7ec0b8c16c45d49650730c5e49e93436f20,2026-04-04 13:03:44+00:00,5.0,16.0,0.0493,
642,152,wp-media/wp-rocket,wp-media,pr-release-doc-generator.md,1,2026-02-20 17:25:33+00:00,False,,,,githubnext/agentics/workflows/daily-doc-updater.md,githubnext/agentics/workflows/daily-doc-updater.md,False,d10d12c3bfd79ae6baa99194e1c41de17ad0b8e6,2026-02-16 20:21:36+00:00,1.0,1.0,0.0668,
643,152,wp-media/wp-rocket,wp-media,pr-release-doc-generator.md,2,2026-02-20 21:22:01+00:00,False,,,,githubnext/agentics/workflows/daily-doc-updater.md,githubnext/agentics/workflows/daily-doc-updater.md,False,d10d12c3bfd79ae6baa99194e1c41de17ad0b8e6,2026-02-16 20:21:36+00:00,1.0,1.0,0.0717,
644,152,wp-media/wp-rocket,wp-media,pr-release-doc-generator.md,3,2026-02-20 21:52:51+00:00,False,,,,githubnext/agentics/workflows/daily-doc-updater.md,githubnext/agentics/workflows/daily-doc-updater.md,False,d10d12c3bfd79ae6baa99194e1c41de17ad0b8e6,2026-02-16 20:21:36+00:00,1.0,1.0,0.0712,
645,152,wp-media/wp-rocket,wp-media,pr-release-doc-generator.md,4,2026-02-20 22:18:30+00:00,False,,,,githubnext/agentics/workflows/daily-doc-updater.md,githubnext/agentics/workflows/daily-doc-updater.md,False,d10d12c3bfd79ae6baa99194e1c41de17ad0b8e6,2026-02-16 20:21:36+00:00,1.0,1.0,0.0712,
646,153,pulumi/pulumi-github,pulumi,gh-aw-pr-rereview.md,1,2026-05-12 06:39:24+00:00,True,pulumi-labs/gh-aw-internal/.github/workflows/gh-aw-pr-rereview.md@8a92f53fac170563f7727cacab2dbedb5d5b9e29,ok,pulumi-labs/gh-aw-internal/.github/workflows/gh-aw-pr-rereview.md,,,,,,,,,
647,154,pulumi/pulumi-github,pulumi,gh-aw-pr-review.md,1,2026-05-12 06:39:24+00:00,True,pulumi-labs/gh-aw-internal/.github/workflows/gh-aw-pr-review.md@8a92f53fac170563f7727cacab2dbedb5d5b9e29,ok,pulumi-labs/gh-aw-internal/.github/workflows/gh-aw-pr-review.md,,,,,,,,,
648,155,elastic/elasticsearch-specification,elastic,kibana-type-check-analysis.md,1,2026-05-22 18:30:50+00:00,False,,,,githubnext/agentics/workflows/agentic-wiki-coder.md,githubnext/agentics/workflows/agentic-wiki-coder.md,False,75d87ba672827b9ceef5b324cdb76f5a054cd117,2026-03-03 02:19:06+00:00,1.0,2.0,0.0404,
649,155,elastic/elasticsearch-specification,elastic,kibana-type-check-analysis.md,2,2026-05-28 17:01:26+00:00,False,,,,github/gh-aw/.github/workflows/ci-doctor.md,githubnext/agentics/workflows/ci-doctor.md,False,506b3c471b3764eb69f507f20a133d641b6eac6f,2026-05-23 15:11:12+00:00,14.0,14.0,0.0576,
650,155,elastic/elasticsearch-specification,elastic,kibana-type-check-analysis.md,3,2026-05-29 14:12:26+00:00,False,,,,github/gh-aw/.github/workflows/ci-doctor.md,githubnext/agentics/workflows/ci-doctor.md,False,506b3c471b3764eb69f507f20a133d641b6eac6f,2026-05-23 15:11:12+00:00,14.0,14.0,0.0576,
651,155,elastic/elasticsearch-specification,elastic,kibana-type-check-analysis.md,4,2026-05-29 17:29:08+00:00,False,,,,github/gh-aw/.github/workflows/ci-doctor.md,githubnext/agentics/workflows/ci-doctor.md,False,506b3c471b3764eb69f507f20a133d641b6eac6f,2026-05-23 15:11:12+00:00,14.0,14.0,0.0622,
652,155,elastic/elasticsearch-specification,elastic,kibana-type-check-analysis.md,5,2026-06-16 12:48:18+00:00,False,,,,github/gh-aw/.github/workflows/ci-doctor.md,githubnext/agentics/workflows/ci-doctor.md,False,506b3c471b3764eb69f507f20a133d641b6eac6f,2026-05-23 15:11:12+00:00,14.0,15.0,0.0609,
653,155,elastic/elasticsearch-specification,elastic,kibana-type-check-analysis.md,6,2026-06-25 08:44:23+00:00,False,,,,githubnext/agentics/workflows/ci-doctor.md,githubnext/agentics/workflows/ci-doctor.md,False,6aede1b80ba5848e58573bb1bf54bbdff2ec7dc0,2026-06-18 14:36:53+00:00,12.0,12.0,0.0638,
654,156,elastic/elasticsearch-specification,elastic,spec-drift.md,1,2026-05-21 08:32:38+00:00,False,,,,github/gh-aw/.github/workflows/daily-doc-updater.md,github/gh-aw/.github/workflows/daily-doc-updater.md,False,f4c5ee6ef4557b7372bbe8848661a3cdc78f6e87,2026-05-05 22:07:23+00:00,20.0,21.0,0.0696,
655,156,elastic/elasticsearch-specification,elastic,spec-drift.md,2,2026-05-21 09:41:44+00:00,False,,,,github/gh-aw/.github/workflows/daily-doc-updater.md,github/gh-aw/.github/workflows/daily-doc-updater.md,False,f4c5ee6ef4557b7372bbe8848661a3cdc78f6e87,2026-05-05 22:07:23+00:00,20.0,21.0,0.0696,
656,156,elastic/elasticsearch-specification,elastic,spec-drift.md,3,2026-05-27 09:47:01+00:00,False,,,,github/gh-aw/.github/workflows/daily-doc-updater.md,github/gh-aw/.github/workflows/daily-doc-updater.md,False,f4c5ee6ef4557b7372bbe8848661a3cdc78f6e87,2026-05-05 22:07:23+00:00,20.0,21.0,0.0701,
657,157,Azure/azure-sdk-for-go,Azure,issue-triage.md,1,2026-04-21 00:08:02+00:00,False,,,,githubnext/agentics/workflows/issue-triage.md,githubnext/agentics/workflows/agentic-triage.md,False,eb489a0b6cb3bd7c7f94d5d3362237641c22cd31,2025-10-11 18:52:59+00:00,18.0,21.0,0.102,
658,158,Azure/azure-sdk-for-go,Azure,mgmt-review.md,1,2026-04-20 21:02:57+00:00,False,,,,githubnext/agentics/workflows/repo-assist.md,githubnext/agentics/workflows/repo-assist.md,False,2f03fdaafb8c1ae62dfde7e0be762a822a201aeb,2026-02-23 19:47:18+00:00,14.0,22.0,0.0602,
659,158,Azure/azure-sdk-for-go,Azure,mgmt-review.md,2,2026-05-16 00:36:55+00:00,False,,,,githubnext/agentics/workflows/lean-squad.md,githubnext/agentics/workflows/lean-squad.md,False,1f672aef974f4246124860fc532f82fe8a93a57e,2026-03-26 17:17:44+00:00,4.0,15.0,0.0638,
660,159,SatelliteQE/broker,SatelliteQE,wiki-sync.md,1,2026-04-17 20:58:13+00:00,False,,,,githubnext/agentics/workflows/agentic-wiki-coder.md,githubnext/agentics/workflows/agentic-wiki-coder.md,False,80cc9655c58cf986237af32982d19230cb2d83c3,2026-03-10 20:44:29+00:00,2.0,2.0,0.0922,
661,160,sergey-tihon/Clippit,sergey-tihon,clippy.md,1,2026-03-11 19:06:15+00:00,False,githubnext/agentics/workflows/repo-assist.md@346204513ecfa08b81566450d7d599556807389f,ok,githubnext/agentics/workflows/repo-assist.md,githubnext/agentics/workflows/repo-assist.md,githubnext/agentics/workflows/repo-assist.md,False,0ae10905c47f310d0ed58a020a4e611c0f890442,2026-03-08 00:31:06+00:00,22.0,22.0,0.9476,0.9476
662,160,sergey-tihon/Clippit,sergey-tihon,clippy.md,2,2026-04-01 17:48:13+00:00,False,githubnext/agentics/workflows/repo-assist.md@1f672aef974f4246124860fc532f82fe8a93a57e,ok,githubnext/agentics/workflows/repo-assist.md,githubnext/agentics/workflows/repo-assist.md,githubnext/agentics/workflows/repo-assist.md,False,0ae10905c47f310d0ed58a020a4e611c0f890442,2026-03-08 00:31:06+00:00,22.0,22.0,0.9589,0.9589
663,160,sergey-tihon/Clippit,sergey-tihon,clippy.md,3,2026-04-02 09:49:56+00:00,False,githubnext/agentics/workflows/repo-assist.md@1f672aef974f4246124860fc532f82fe8a93a57e,ok,githubnext/agentics/workflows/repo-assist.md,githubnext/agentics/workflows/repo-assist.md,githubnext/agentics/workflows/repo-assist.md,False,0ae10905c47f310d0ed58a020a4e611c0f890442,2026-03-08 00:31:06+00:00,22.0,22.0,0.9589,0.9589
664,160,sergey-tihon/Clippit,sergey-tihon,clippy.md,4,2026-04-15 12:42:51+00:00,False,githubnext/agentics/workflows/repo-assist.md@1f672aef974f4246124860fc532f82fe8a93a57e,ok,githubnext/agentics/workflows/repo-assist.md,githubnext/agentics/workflows/repo-assist.md,githubnext/agentics/workflows/repo-assist.md,False,0ae10905c47f310d0ed58a020a4e611c0f890442,2026-03-08 00:31:06+00:00,22.0,22.0,0.9589,0.9589
665,160,sergey-tihon/Clippit,sergey-tihon,clippy.md,5,2026-04-22 12:47:58+00:00,False,githubnext/agentics/workflows/repo-assist.md@51c8f6ad4357d2ecc06e47120031b3d75e80227d,ok,githubnext/agentics/workflows/repo-assist.md,githubnext/agentics/workflows/repo-assist.md,githubnext/agentics/workflows/repo-assist.md,False,0ae10905c47f310d0ed58a020a4e611c0f890442,2026-03-08 00:31:06+00:00,22.0,22.0,0.9589,0.9589
666,160,sergey-tihon/Clippit,sergey-tihon,clippy.md,6,2026-04-25 07:53:37+00:00,False,githubnext/agentics/workflows/repo-assist.md@3de4e604a36b5190a1c7dc4719c7341500ba8a95,ok,githubnext/agentics/workflows/repo-assist.md,githubnext/agentics/workflows/repo-assist.md,githubnext/agentics/workflows/repo-assist.md,False,0ae10905c47f310d0ed58a020a4e611c0f890442,2026-03-08 00:31:06+00:00,22.0,22.0,0.9589,0.9589
667,160,sergey-tihon/Clippit,sergey-tihon,clippy.md,7,2026-05-05 14:04:31+00:00,False,githubnext/agentics/workflows/repo-assist.md@e8a4d8a2217966474ef08cedff70c92d65a7a1a5,ok,githubnext/agentics/workflows/repo-assist.md,githubnext/agentics/workflows/repo-assist.md,githubnext/agentics/workflows/repo-assist.md,False,f2cfb4fb924dbd58ea9b4235d18e905c9040b0ca,2026-04-30 09:16:02+00:00,23.0,23.0,0.9671,0.9671
668,160,sergey-tihon/Clippit,sergey-tihon,clippy.md,8,2026-05-05 21:34:03+00:00,False,githubnext/agentics/workflows/repo-assist.md@fc4ab36dedc44e2a1cdc195cecce262f06c81230,ok,githubnext/agentics/workflows/repo-assist.md,githubnext/agentics/workflows/repo-assist.md,githubnext/agentics/workflows/repo-assist.md,False,f2cfb4fb924dbd58ea9b4235d18e905c9040b0ca,2026-04-30 09:16:02+00:00,23.0,23.0,0.9671,0.9671
669,160,sergey-tihon/Clippit,sergey-tihon,clippy.md,9,2026-05-09 07:17:13+00:00,False,githubnext/agentics/workflows/repo-assist.md@497230d3867fe453aae74b15d06178d45a39fcce,ok,githubnext/agentics/workflows/repo-assist.md,githubnext/agentics/workflows/repo-assist.md,githubnext/agentics/workflows/repo-assist.md,False,497230d3867fe453aae74b15d06178d45a39fcce,2026-05-08 20:56:58+00:00,24.0,24.0,0.9672,0.9672
670,160,sergey-tihon/Clippit,sergey-tihon,clippy.md,10,2026-05-10 20:44:12+00:00,False,githubnext/agentics/workflows/repo-assist.md@497230d3867fe453aae74b15d06178d45a39fcce,ok,githubnext/agentics/workflows/repo-assist.md,githubnext/agentics/workflows/repo-assist.md,githubnext/agentics/workflows/repo-assist.md,False,497230d3867fe453aae74b15d06178d45a39fcce,2026-05-08 20:56:58+00:00,24.0,25.0,0.9668,0.9668
671,160,sergey-tihon/Clippit,sergey-tihon,clippy.md,11,2026-05-13 05:46:48+00:00,False,githubnext/agentics/workflows/repo-assist.md@94ec5db57374c5b04a4b8eef8b4413f9af44d63f,ok,githubnext/agentics/workflows/repo-assist.md,githubnext/agentics/workflows/repo-assist.md,githubnext/agentics/workflows/repo-assist.md,False,c7d030cd6d4607b90d9ac3ffc8b24aff4f251632,2026-05-09 12:20:41+00:00,25.0,25.0,0.9671,0.9671
672,160,sergey-tihon/Clippit,sergey-tihon,clippy.md,12,2026-05-16 09:30:25+00:00,False,githubnext/agentics/workflows/repo-assist.md@79c99dfd73f3b7ad8ab2b0f4944838018dbe4736,ok,githubnext/agentics/workflows/repo-assist.md,githubnext/agentics/workflows/repo-assist.md,githubnext/agentics/workflows/repo-assist.md,False,c7d030cd6d4607b90d9ac3ffc8b24aff4f251632,2026-05-09 12:20:41+00:00,25.0,25.0,0.9671,0.9671
673,160,sergey-tihon/Clippit,sergey-tihon,clippy.md,13,2026-05-20 06:26:46+00:00,False,githubnext/agentics/workflows/repo-assist.md@dcdf09723d42ef9b6c75335e4612fd145d4ccdaa,ok,githubnext/agentics/workflows/repo-assist.md,githubnext/agentics/workflows/repo-assist.md,githubnext/agentics/workflows/repo-assist.md,False,c7d030cd6d4607b90d9ac3ffc8b24aff4f251632,2026-05-09 12:20:41+00:00,25.0,25.0,0.9671,0.9671
674,160,sergey-tihon/Clippit,sergey-tihon,clippy.md,14,2026-05-30 07:52:29+00:00,False,githubnext/agentics/workflows/repo-assist.md@c02eadfca420f2b351f9fcaee883c507a63ca316,ok,githubnext/agentics/workflows/repo-assist.md,githubnext/agentics/workflows/repo-assist.md,githubnext/agentics/workflows/repo-assist.md,False,c7d030cd6d4607b90d9ac3ffc8b24aff4f251632,2026-05-09 12:20:41+00:00,25.0,25.0,0.9671,0.9671
675,160,sergey-tihon/Clippit,sergey-tihon,clippy.md,15,2026-06-10 14:52:39+00:00,False,githubnext/agentics/workflows/repo-assist.md@e15e57b40918dbca11b350c55d02ab61934afa75,ok,githubnext/agentics/workflows/repo-assist.md,githubnext/agentics/workflows/repo-assist.md,githubnext/agentics/workflows/repo-assist.md,False,c7d030cd6d4607b90d9ac3ffc8b24aff4f251632,2026-05-09 12:20:41+00:00,25.0,25.0,0.9671,0.9671
676,160,sergey-tihon/Clippit,sergey-tihon,clippy.md,16,2026-06-10 14:55:48+00:00,False,githubnext/agentics/workflows/repo-assist.md@e15e57b40918dbca11b350c55d02ab61934afa75,ok,githubnext/agentics/workflows/repo-assist.md,githubnext/agentics/workflows/repo-assist.md,githubnext/agentics/workflows/repo-assist.md,False,c7d030cd6d4607b90d9ac3ffc8b24aff4f251632,2026-05-09 12:20:41+00:00,25.0,25.0,0.9671,0.9671
677,160,sergey-tihon/Clippit,sergey-tihon,clippy.md,17,2026-06-21 06:22:33+00:00,False,githubnext/agentics/workflows/repo-assist.md@d63b34de41bc0dc052096e094c732cf28eafc659,ok,githubnext/agentics/workflows/repo-assist.md,githubnext/agentics/workflows/repo-assist.md,githubnext/agentics/workflows/repo-assist.md,False,c7d030cd6d4607b90d9ac3ffc8b24aff4f251632,2026-05-09 12:20:41+00:00,25.0,25.0,0.9671,0.9671
678,160,sergey-tihon/Clippit,sergey-tihon,clippy.md,18,2026-06-23 19:42:21+00:00,False,githubnext/agentics/workflows/repo-assist.md@d63b34de41bc0dc052096e094c732cf28eafc659,ok,githubnext/agentics/workflows/repo-assist.md,githubnext/agentics/workflows/repo-assist.md,githubnext/agentics/workflows/repo-assist.md,False,c7d030cd6d4607b90d9ac3ffc8b24aff4f251632,2026-05-09 12:20:41+00:00,25.0,25.0,0.9671,0.9671
679,161,microsoft/gctoolkit,microsoft,relevance-check.md,1,2026-02-26 14:16:58+00:00,False,,,,githubnext/agentics/workflows/daily-backlog-burner.md,githubnext/agentics/workflows/daily-backlog.md,False,4a67f1519233f30fc3d7a24f15806eefceb61147,2025-09-17 01:19:48+00:00,1.0,15.0,0.0693,
680,161,microsoft/gctoolkit,microsoft,relevance-check.md,2,2026-02-26 14:38:07+00:00,False,,,,githubnext/agentics/workflows/daily-backlog-burner.md,githubnext/agentics/workflows/daily-backlog.md,False,4a67f1519233f30fc3d7a24f15806eefceb61147,2025-09-17 01:19:48+00:00,1.0,15.0,0.0696,
681,161,microsoft/gctoolkit,microsoft,relevance-check.md,3,2026-02-26 15:50:07+00:00,False,,,,githubnext/agentics/workflows/daily-backlog-burner.md,githubnext/agentics/workflows/daily-backlog.md,False,4a67f1519233f30fc3d7a24f15806eefceb61147,2025-09-17 01:19:48+00:00,1.0,15.0,0.0696,
682,162,microsoft/gctoolkit,microsoft,relevance-summary.md,1,2026-02-26 18:10:59+00:00,False,,,,githubnext/agentics/workflows/repo-assist.md,githubnext/agentics/workflows/repo-assist.md,False,2f03fdaafb8c1ae62dfde7e0be762a822a201aeb,2026-02-23 19:47:18+00:00,14.0,18.0,0.0602,
683,163,apolloconfig/apollo,apolloconfig,issue-triage.md,1,2026-02-10 13:59:22+00:00,False,,,,githubnext/agentics/workflows/issue-triage.md,githubnext/agentics/workflows/agentic-triage.md,False,6afdc34917decdb97130473704c3f2f9206ca1f5,2025-10-03 01:47:36+00:00,16.0,20.0,0.0491,
684,163,apolloconfig/apollo,apolloconfig,issue-triage.md,2,2026-02-13 08:31:15+00:00,False,,,,githubnext/agentics/workflows/issue-triage.md,githubnext/agentics/workflows/agentic-triage.md,False,6afdc34917decdb97130473704c3f2f9206ca1f5,2025-10-03 01:47:36+00:00,16.0,21.0,0.0491,
685,164,evcc-io/evcc,evcc-io,triage-agent.md,1,2026-01-23 16:52:01+00:00,False,githubnext/gh-aw/.github/workflows/issue-triage-agent.md@87fe98fa15e2bb50f41225a356bbc07318b54fcf,ok,github/gh-aw/.github/workflows/issue-triage-agent.md,github/gh-aw/.github/workflows/issue-triage-agent.md,github/gh-aw/.github/workflows/issue-triage-agent.md,False,793df3e3b3f78414a93c977b0370404b467f6e75,2025-12-15 15:58:16+00:00,3.0,3.0,0.153,0.153
686,164,evcc-io/evcc,evcc-io,triage-agent.md,2,2026-01-25 11:20:11+00:00,False,githubnext/gh-aw/.github/workflows/issue-triage-agent.md@87fe98fa15e2bb50f41225a356bbc07318b54fcf,ok,github/gh-aw/.github/workflows/issue-triage-agent.md,github/gh-aw/.github/workflows/issue-triage-agent.md,github/gh-aw/.github/workflows/issue-triage-agent.md,False,b5d1b90b2e1ab16c567d0838ee8824a7aa5ba6dc,2025-11-25 05:59:16+00:00,1.0,3.0,0.1542,0.154
687,164,evcc-io/evcc,evcc-io,triage-agent.md,3,2026-01-26 16:38:08+00:00,False,githubnext/gh-aw/.github/workflows/issue-triage-agent.md@87fe98fa15e2bb50f41225a356bbc07318b54fcf,ok,github/gh-aw/.github/workflows/issue-triage-agent.md,github/gh-aw/.github/workflows/issue-triage-agent.md,github/gh-aw/.github/workflows/issue-triage-agent.md,False,b5d1b90b2e1ab16c567d0838ee8824a7aa5ba6dc,2025-11-25 05:59:16+00:00,1.0,4.0,0.1542,0.154
688,165,pulumi/pulumi-keycloak,pulumi,gh-aw-pr-rereview.md,1,2026-05-12 06:46:45+00:00,True,pulumi-labs/gh-aw-internal/.github/workflows/gh-aw-pr-rereview.md@8a92f53fac170563f7727cacab2dbedb5d5b9e29,ok,pulumi-labs/gh-aw-internal/.github/workflows/gh-aw-pr-rereview.md,,,,,,,,,
689,166,pulumi/pulumi-keycloak,pulumi,gh-aw-pr-review.md,1,2026-05-12 06:46:45+00:00,True,pulumi-labs/gh-aw-internal/.github/workflows/gh-aw-pr-review.md@8a92f53fac170563f7727cacab2dbedb5d5b9e29,ok,pulumi-labs/gh-aw-internal/.github/workflows/gh-aw-pr-review.md,,,,,,,,,
690,167,pulumi/pulumi-aws-native,pulumi,gh-aw-pr-rereview.md,1,2026-05-12 06:38:30+00:00,True,pulumi-labs/gh-aw-internal/.github/workflows/gh-aw-pr-rereview.md@8a92f53fac170563f7727cacab2dbedb5d5b9e29,ok,pulumi-labs/gh-aw-internal/.github/workflows/gh-aw-pr-rereview.md,,,,,,,,,
691,168,pulumi/pulumi-aws-native,pulumi,gh-aw-pr-review.md,1,2026-05-12 06:38:30+00:00,True,pulumi-labs/gh-aw-internal/.github/workflows/gh-aw-pr-review.md@8a92f53fac170563f7727cacab2dbedb5d5b9e29,ok,pulumi-labs/gh-aw-internal/.github/workflows/gh-aw-pr-review.md,,,,,,,,,
692,169,adoptium/containers,adoptium,dockerfile-readiness.md,1,2026-04-24 09:28:42+00:00,False,,,,githubnext/agentics/workflows/agentic-wiki-coder.md,githubnext/agentics/workflows/agentic-wiki-coder.md,False,80cc9655c58cf986237af32982d19230cb2d83c3,2026-03-10 20:44:29+00:00,2.0,2.0,0.0353,
693,169,adoptium/containers,adoptium,dockerfile-readiness.md,2,2026-04-25 09:16:36+00:00,False,,,,githubnext/agentics/workflows/repo-assist.md,githubnext/agentics/workflows/repo-assist.md,False,69c1ee19e39e6aaba35519aafefb5cbf314de323,2026-02-26 11:32:52+00:00,17.0,22.0,0.0449,
694,169,adoptium/containers,adoptium,dockerfile-readiness.md,3,2026-04-29 08:51:12+00:00,False,,,,githubnext/agentics/workflows/repo-assist.md,githubnext/agentics/workflows/repo-assist.md,False,69c1ee19e39e6aaba35519aafefb5cbf314de323,2026-02-26 11:32:52+00:00,17.0,22.0,0.0448,
695,169,adoptium/containers,adoptium,dockerfile-readiness.md,4,2026-05-05 08:05:40+00:00,False,,,,githubnext/agentics/workflows/repo-assist.md,githubnext/agentics/workflows/repo-assist.md,False,69c1ee19e39e6aaba35519aafefb5cbf314de323,2026-02-26 11:32:52+00:00,17.0,23.0,0.0448,
696,169,adoptium/containers,adoptium,dockerfile-readiness.md,5,2026-05-05 08:42:28+00:00,False,,,,githubnext/agentics/workflows/repo-assist.md,githubnext/agentics/workflows/repo-assist.md,False,69c1ee19e39e6aaba35519aafefb5cbf314de323,2026-02-26 11:32:52+00:00,17.0,23.0,0.0448,
697,169,adoptium/containers,adoptium,dockerfile-readiness.md,6,2026-05-05 11:55:44+00:00,False,,,,githubnext/agentics/workflows/repo-assist.md,githubnext/agentics/workflows/repo-assist.md,False,69c1ee19e39e6aaba35519aafefb5cbf314de323,2026-02-26 11:32:52+00:00,17.0,23.0,0.0453,
698,169,adoptium/containers,adoptium,dockerfile-readiness.md,7,2026-06-14 22:09:26+00:00,False,,,,Alfresco/alfresco-build-tools/.github/workflows/supply-chain-review.md,Alfresco/alfresco-build-tools/.github/workflows/supply-chain-review.md,False,500921b47ef517ff56a006f7422d5c229430f681,2026-05-28 13:55:52+00:00,1.0,5.0,0.0475,
699,170,pulumi/pulumi-hcloud,pulumi,gh-aw-pr-rereview.md,1,2026-05-12 06:44:00+00:00,True,pulumi-labs/gh-aw-internal/.github/workflows/gh-aw-pr-rereview.md@8a92f53fac170563f7727cacab2dbedb5d5b9e29,ok,pulumi-labs/gh-aw-internal/.github/workflows/gh-aw-pr-rereview.md,,,,,,,,,
700,171,pulumi/pulumi-hcloud,pulumi,gh-aw-pr-review.md,1,2026-05-12 06:44:00+00:00,True,pulumi-labs/gh-aw-internal/.github/workflows/gh-aw-pr-review.md@8a92f53fac170563f7727cacab2dbedb5d5b9e29,ok,pulumi-labs/gh-aw-internal/.github/workflows/gh-aw-pr-review.md,,,,,,,,,
701,172,pulumi/pulumi-azuredevops,pulumi,gh-aw-pr-rereview.md,1,2026-05-12 06:20:43+00:00,True,pulumi-labs/gh-aw-internal/.github/workflows/gh-aw-pr-rereview.md@8a92f53fac170563f7727cacab2dbedb5d5b9e29,ok,pulumi-labs/gh-aw-internal/.github/workflows/gh-aw-pr-rereview.md,,,,,,,,,
702,173,pulumi/pulumi-azuredevops,pulumi,gh-aw-pr-review.md,1,2026-05-12 06:20:43+00:00,True,pulumi-labs/gh-aw-internal/.github/workflows/gh-aw-pr-review.md@8a92f53fac170563f7727cacab2dbedb5d5b9e29,ok,pulumi-labs/gh-aw-internal/.github/workflows/gh-aw-pr-review.md,,,,,,,,,
703,174,pulumi/pulumi-auth0,pulumi,gh-aw-pr-rereview.md,1,2026-05-12 06:12:28+00:00,True,pulumi-labs/gh-aw-internal/.github/workflows/gh-aw-pr-rereview.md@8a92f53fac170563f7727cacab2dbedb5d5b9e29,ok,pulumi-labs/gh-aw-internal/.github/workflows/gh-aw-pr-rereview.md,,,,,,,,,
704,175,pulumi/pulumi-auth0,pulumi,gh-aw-pr-review.md,1,2026-05-12 06:12:28+00:00,True,pulumi-labs/gh-aw-internal/.github/workflows/gh-aw-pr-review.md@8a92f53fac170563f7727cacab2dbedb5d5b9e29,ok,pulumi-labs/gh-aw-internal/.github/workflows/gh-aw-pr-review.md,,,,,,,,,
705,176,elastic/terraform-provider-elasticstack,elastic,change-factory-issue.md,1,2026-04-26 04:13:36+00:00,False,,,,pulumi-labs/gh-aw-internal/.github/workflows/shared/review.md,pulumi-labs/gh-aw-internal/.github/workflows/shared/review.md,True,9a981e07d7134a447fac35073f0857f8512f16c4,2026-04-03 17:36:23+00:00,3.0,3.0,0.0611,
706,176,elastic/terraform-provider-elasticstack,elastic,change-factory-issue.md,2,2026-04-27 02:05:50+00:00,False,,,,pulumi-labs/gh-aw-internal/.github/workflows/shared/review.md,pulumi-labs/gh-aw-internal/.github/workflows/shared/review.md,True,9a981e07d7134a447fac35073f0857f8512f16c4,2026-04-03 17:36:23+00:00,3.0,3.0,0.0611,
707,176,elastic/terraform-provider-elasticstack,elastic,change-factory-issue.md,3,2026-04-27 03:42:26+00:00,False,,,,githubnext/agentics/workflows/repo-assist.md,githubnext/agentics/workflows/repo-assist.md,False,dcdcfd1fff79a8908465335200473a87fdee86f4,2026-02-25 19:20:49+00:00,16.0,22.0,0.0614,
708,176,elastic/terraform-provider-elasticstack,elastic,change-factory-issue.md,4,2026-05-04 07:55:37+00:00,False,,,,githubnext/agentics/workflows/repo-assist.md,githubnext/agentics/workflows/repo-assist.md,False,f2cfb4fb924dbd58ea9b4235d18e905c9040b0ca,2026-04-30 09:16:02+00:00,23.0,23.0,0.0622,
709,176,elastic/terraform-provider-elasticstack,elastic,change-factory-issue.md,5,2026-05-04 07:59:58+00:00,False,,,,githubnext/agentics/workflows/repo-assist.md,githubnext/agentics/workflows/repo-assist.md,False,f2cfb4fb924dbd58ea9b4235d18e905c9040b0ca,2026-04-30 09:16:02+00:00,23.0,23.0,0.0622,
710,176,elastic/terraform-provider-elasticstack,elastic,change-factory-issue.md,6,2026-05-05 03:46:38+00:00,False,,,,githubnext/agentics/workflows/repo-assist.md,githubnext/agentics/workflows/repo-assist.md,False,f2cfb4fb924dbd58ea9b4235d18e905c9040b0ca,2026-04-30 09:16:02+00:00,23.0,23.0,0.0622,
711,176,elastic/terraform-provider-elasticstack,elastic,change-factory-issue.md,7,2026-05-05 07:56:32+00:00,False,,,,githubnext/agentics/workflows/repo-assist.md,githubnext/agentics/workflows/repo-assist.md,False,f2cfb4fb924dbd58ea9b4235d18e905c9040b0ca,2026-04-30 09:16:02+00:00,23.0,23.0,0.0622,
712,176,elastic/terraform-provider-elasticstack,elastic,change-factory-issue.md,8,2026-05-08 12:38:15+00:00,False,,,,github/gh-aw/.github/workflows/daily-doc-updater.md,github/gh-aw/.github/workflows/daily-doc-updater.md,False,208cf613bf269c470f1e646e831a8918a4c6afb0,2026-05-06 12:37:31+00:00,21.0,21.0,0.065,
713,176,elastic/terraform-provider-elasticstack,elastic,change-factory-issue.md,9,2026-05-09 12:20:34+00:00,False,,,,githubnext/agentics/workflows/repo-assist.md,githubnext/agentics/workflows/repo-assist.md,False,497230d3867fe453aae74b15d06178d45a39fcce,2026-05-08 20:56:58+00:00,24.0,24.0,0.0668,
714,176,elastic/terraform-provider-elasticstack,elastic,change-factory-issue.md,10,2026-05-11 02:05:27+00:00,False,,,,githubnext/agentics/workflows/repo-assist.md,githubnext/agentics/workflows/repo-assist.md,False,497230d3867fe453aae74b15d06178d45a39fcce,2026-05-08 20:56:58+00:00,24.0,25.0,0.0672,
715,176,elastic/terraform-provider-elasticstack,elastic,change-factory-issue.md,11,2026-05-11 05:07:52+00:00,False,,,,githubnext/agentics/workflows/repo-assist.md,githubnext/agentics/workflows/repo-assist.md,False,497230d3867fe453aae74b15d06178d45a39fcce,2026-05-08 20:56:58+00:00,24.0,25.0,0.0672,
716,176,elastic/terraform-provider-elasticstack,elastic,change-factory-issue.md,12,2026-05-14 02:35:56+00:00,False,,,,githubnext/agentics/workflows/repo-assist.md,githubnext/agentics/workflows/repo-assist.md,False,497230d3867fe453aae74b15d06178d45a39fcce,2026-05-08 20:56:58+00:00,24.0,25.0,0.0681,
717,176,elastic/terraform-provider-elasticstack,elastic,change-factory-issue.md,13,2026-05-14 05:23:14+00:00,False,,,,githubnext/agentics/workflows/repo-assist.md,githubnext/agentics/workflows/repo-assist.md,False,497230d3867fe453aae74b15d06178d45a39fcce,2026-05-08 20:56:58+00:00,24.0,25.0,0.0681,
718,176,elastic/terraform-provider-elasticstack,elastic,change-factory-issue.md,14,2026-05-15 20:52:17+00:00,False,,,,githubnext/agentics/workflows/repo-assist.md,githubnext/agentics/workflows/repo-assist.md,False,497230d3867fe453aae74b15d06178d45a39fcce,2026-05-08 20:56:58+00:00,24.0,25.0,0.0681,
719,176,elastic/terraform-provider-elasticstack,elastic,change-factory-issue.md,15,2026-05-16 11:20:32+00:00,False,,,,githubnext/agentics/workflows/repo-assist.md,githubnext/agentics/workflows/repo-assist.md,False,497230d3867fe453aae74b15d06178d45a39fcce,2026-05-08 20:56:58+00:00,24.0,25.0,0.0681,
720,176,elastic/terraform-provider-elasticstack,elastic,change-factory-issue.md,16,2026-05-17 10:56:22+00:00,False,,,,githubnext/agentics/workflows/repo-assist.md,githubnext/agentics/workflows/repo-assist.md,False,497230d3867fe453aae74b15d06178d45a39fcce,2026-05-08 20:56:58+00:00,24.0,25.0,0.0681,
721,176,elastic/terraform-provider-elasticstack,elastic,change-factory-issue.md,17,2026-05-18 03:08:06+00:00,False,,,,githubnext/agentics/workflows/repo-assist.md,githubnext/agentics/workflows/repo-assist.md,False,497230d3867fe453aae74b15d06178d45a39fcce,2026-05-08 20:56:58+00:00,24.0,25.0,0.0681,
722,176,elastic/terraform-provider-elasticstack,elastic,change-factory-issue.md,18,2026-05-18 09:03:14+00:00,False,,,,githubnext/agentics/workflows/repo-assist.md,githubnext/agentics/workflows/repo-assist.md,False,497230d3867fe453aae74b15d06178d45a39fcce,2026-05-08 20:56:58+00:00,24.0,25.0,0.0681,
723,176,elastic/terraform-provider-elasticstack,elastic,change-factory-issue.md,19,2026-05-18 11:26:59+00:00,False,,,,githubnext/agentics/workflows/repo-assist.md,githubnext/agentics/workflows/repo-assist.md,False,497230d3867fe453aae74b15d06178d45a39fcce,2026-05-08 20:56:58+00:00,24.0,25.0,0.0681,
724,176,elastic/terraform-provider-elasticstack,elastic,change-factory-issue.md,20,2026-05-19 10:46:26+00:00,False,,,,githubnext/agentics/workflows/repo-assist.md,githubnext/agentics/workflows/repo-assist.md,False,497230d3867fe453aae74b15d06178d45a39fcce,2026-05-08 20:56:58+00:00,24.0,25.0,0.0681,
725,176,elastic/terraform-provider-elasticstack,elastic,change-factory-issue.md,21,2026-05-20 05:15:12+00:00,False,,,,githubnext/agentics/workflows/repo-assist.md,githubnext/agentics/workflows/repo-assist.md,False,497230d3867fe453aae74b15d06178d45a39fcce,2026-05-08 20:56:58+00:00,24.0,25.0,0.0681,
726,176,elastic/terraform-provider-elasticstack,elastic,change-factory-issue.md,22,2026-05-22 06:45:00+00:00,False,,,,githubnext/agentics/workflows/repo-assist.md,githubnext/agentics/workflows/repo-assist.md,False,497230d3867fe453aae74b15d06178d45a39fcce,2026-05-08 20:56:58+00:00,24.0,25.0,0.0681,
727,176,elastic/terraform-provider-elasticstack,elastic,change-factory-issue.md,23,2026-06-02 11:35:44+00:00,False,,,,githubnext/agentics/workflows/repo-assist.md,githubnext/agentics/workflows/repo-assist.md,False,497230d3867fe453aae74b15d06178d45a39fcce,2026-05-08 20:56:58+00:00,24.0,25.0,0.0681,
728,177,elastic/terraform-provider-elasticstack,elastic,ci-deadcode-removal-rotation.md,1,2026-05-16 11:58:01+00:00,False,,,,githubnext/agentics/workflows/repo-assist.md,githubnext/agentics/workflows/repo-assist.md,False,69dc52f93e6abaaeb199c24e22b401f5bb1bac6f,2026-03-07 00:06:02+00:00,19.0,25.0,0.0469,
729,177,elastic/terraform-provider-elasticstack,elastic,ci-deadcode-removal-rotation.md,2,2026-05-16 12:40:02+00:00,False,,,,githubnext/agentics/workflows/repo-assist.md,githubnext/agentics/workflows/repo-assist.md,False,69dc52f93e6abaaeb199c24e22b401f5bb1bac6f,2026-03-07 00:06:02+00:00,19.0,25.0,0.0469,
730,177,elastic/terraform-provider-elasticstack,elastic,ci-deadcode-removal-rotation.md,3,2026-05-16 22:16:10+00:00,False,,,,githubnext/agentics/workflows/repo-assist.md,githubnext/agentics/workflows/repo-assist.md,False,69dc52f93e6abaaeb199c24e22b401f5bb1bac6f,2026-03-07 00:06:02+00:00,19.0,25.0,0.0506,
731,177,elastic/terraform-provider-elasticstack,elastic,ci-deadcode-removal-rotation.md,4,2026-05-18 03:08:06+00:00,False,,,,githubnext/agentics/workflows/repo-assist.md,githubnext/agentics/workflows/repo-assist.md,False,69dc52f93e6abaaeb199c24e22b401f5bb1bac6f,2026-03-07 00:06:02+00:00,19.0,25.0,0.0506,
732,177,elastic/terraform-provider-elasticstack,elastic,ci-deadcode-removal-rotation.md,5,2026-05-18 09:03:14+00:00,False,,,,githubnext/agentics/workflows/repo-assist.md,githubnext/agentics/workflows/repo-assist.md,False,69dc52f93e6abaaeb199c24e22b401f5bb1bac6f,2026-03-07 00:06:02+00:00,19.0,25.0,0.0506,
733,177,elastic/terraform-provider-elasticstack,elastic,ci-deadcode-removal-rotation.md,6,2026-05-20 12:22:51+00:00,False,,,,githubnext/agentics/workflows/repo-assist.md,githubnext/agentics/workflows/repo-assist.md,False,69dc52f93e6abaaeb199c24e22b401f5bb1bac6f,2026-03-07 00:06:02+00:00,19.0,25.0,0.0506,
734,177,elastic/terraform-provider-elasticstack,elastic,ci-deadcode-removal-rotation.md,7,2026-05-22 06:45:00+00:00,False,,,,githubnext/agentics/workflows/repo-assist.md,githubnext/agentics/workflows/repo-assist.md,False,69dc52f93e6abaaeb199c24e22b401f5bb1bac6f,2026-03-07 00:06:02+00:00,19.0,25.0,0.0506,
735,177,elastic/terraform-provider-elasticstack,elastic,ci-deadcode-removal-rotation.md,8,2026-06-02 11:35:44+00:00,False,,,,githubnext/agentics/workflows/repo-assist.md,githubnext/agentics/workflows/repo-assist.md,False,69dc52f93e6abaaeb199c24e22b401f5bb1bac6f,2026-03-07 00:06:02+00:00,19.0,25.0,0.0506,
736,177,elastic/terraform-provider-elasticstack,elastic,ci-deadcode-removal-rotation.md,9,2026-06-03 04:55:17+00:00,False,,,,githubnext/agentics/workflows/repo-assist.md,githubnext/agentics/workflows/repo-assist.md,False,69dc52f93e6abaaeb199c24e22b401f5bb1bac6f,2026-03-07 00:06:02+00:00,19.0,25.0,0.0506,
737,178,elastic/terraform-provider-elasticstack,elastic,code-factory-issue.md,1,2026-04-23 23:36:05+00:00,False,,,,githubnext/agentics/workflows/pr-fix.md,githubnext/agentics/workflows/pr-fix.md,False,adea00ee5830135f24022f1000d706c7f5fa24c4,2026-02-16 20:30:45+00:00,18.0,20.0,0.0764,
738,178,elastic/terraform-provider-elasticstack,elastic,code-factory-issue.md,2,2026-04-24 00:01:04+00:00,False,,,,githubnext/agentics/workflows/pr-fix.md,githubnext/agentics/workflows/pr-fix.md,False,adea00ee5830135f24022f1000d706c7f5fa24c4,2026-02-16 20:30:45+00:00,18.0,20.0,0.0764,
739,178,elastic/terraform-provider-elasticstack,elastic,code-factory-issue.md,3,2026-04-24 11:36:27+00:00,False,,,,githubnext/agentics/workflows/pr-fix.md,githubnext/agentics/workflows/pr-fix.md,False,adea00ee5830135f24022f1000d706c7f5fa24c4,2026-02-16 20:30:45+00:00,18.0,20.0,0.0764,
740,178,elastic/terraform-provider-elasticstack,elastic,code-factory-issue.md,4,2026-04-26 04:13:36+00:00,False,,,,githubnext/agentics/workflows/pr-fix.md,githubnext/agentics/workflows/pr-fix.md,False,adea00ee5830135f24022f1000d706c7f5fa24c4,2026-02-16 20:30:45+00:00,18.0,20.0,0.0764,
741,178,elastic/terraform-provider-elasticstack,elastic,code-factory-issue.md,5,2026-04-27 02:05:50+00:00,False,,,,githubnext/agentics/workflows/pr-fix.md,githubnext/agentics/workflows/pr-fix.md,False,adea00ee5830135f24022f1000d706c7f5fa24c4,2026-02-16 20:30:45+00:00,18.0,20.0,0.0764,
742,178,elastic/terraform-provider-elasticstack,elastic,code-factory-issue.md,6,2026-04-27 03:42:26+00:00,False,,,,githubnext/agentics/workflows/pr-fix.md,githubnext/agentics/workflows/pr-fix.md,False,adea00ee5830135f24022f1000d706c7f5fa24c4,2026-02-16 20:30:45+00:00,18.0,20.0,0.0734,
743,178,elastic/terraform-provider-elasticstack,elastic,code-factory-issue.md,7,2026-05-04 07:55:37+00:00,False,,,,githubnext/agentics/workflows/pr-fix.md,githubnext/agentics/workflows/pr-fix.md,False,adea00ee5830135f24022f1000d706c7f5fa24c4,2026-02-16 20:30:45+00:00,18.0,20.0,0.0734,
744,178,elastic/terraform-provider-elasticstack,elastic,code-factory-issue.md,8,2026-05-04 07:59:58+00:00,False,,,,githubnext/agentics/workflows/pr-fix.md,githubnext/agentics/workflows/pr-fix.md,False,adea00ee5830135f24022f1000d706c7f5fa24c4,2026-02-16 20:30:45+00:00,18.0,20.0,0.0734,
745,178,elastic/terraform-provider-elasticstack,elastic,code-factory-issue.md,9,2026-05-05 03:46:38+00:00,False,,,,githubnext/agentics/workflows/pr-fix.md,githubnext/agentics/workflows/pr-fix.md,False,adea00ee5830135f24022f1000d706c7f5fa24c4,2026-02-16 20:30:45+00:00,18.0,20.0,0.0734,
746,178,elastic/terraform-provider-elasticstack,elastic,code-factory-issue.md,10,2026-05-05 07:56:32+00:00,False,,,,githubnext/agentics/workflows/pr-fix.md,githubnext/agentics/workflows/pr-fix.md,False,adea00ee5830135f24022f1000d706c7f5fa24c4,2026-02-16 20:30:45+00:00,18.0,20.0,0.0734,
747,178,elastic/terraform-provider-elasticstack,elastic,code-factory-issue.md,11,2026-05-06 04:15:33+00:00,False,,,,githubnext/agentics/workflows/agentic-coder.md,githubnext/agentics/workflows/agentic-coder.md,False,7171610fe2b63173e94df27ef705cc03aa7ebe0f,2025-07-24 22:39:41+00:00,1.0,3.0,0.0581,
748,178,elastic/terraform-provider-elasticstack,elastic,code-factory-issue.md,12,2026-05-09 01:52:21+00:00,False,,,,githubnext/agentics/workflows/agentic-coder.md,githubnext/agentics/workflows/agentic-coder.md,False,7171610fe2b63173e94df27ef705cc03aa7ebe0f,2025-07-24 22:39:41+00:00,1.0,3.0,0.0553,
749,178,elastic/terraform-provider-elasticstack,elastic,code-factory-issue.md,13,2026-05-09 12:20:34+00:00,False,,,,githubnext/agentics/workflows/solve-issues.md,githubnext/agentics/workflows/regular-solve-issue.md,False,076280149103573bcb4c214fd85844f933da874e,2025-07-31 16:47:12+00:00,1.0,2.0,0.0555,
750,178,elastic/terraform-provider-elasticstack,elastic,code-factory-issue.md,14,2026-05-11 02:05:27+00:00,False,,,,githubnext/agentics/workflows/solve-issues.md,githubnext/agentics/workflows/regular-solve-issue.md,False,076280149103573bcb4c214fd85844f933da874e,2025-07-31 16:47:12+00:00,1.0,2.0,0.0555,
751,178,elastic/terraform-provider-elasticstack,elastic,code-factory-issue.md,15,2026-05-11 05:07:52+00:00,False,,,,githubnext/agentics/workflows/solve-issues.md,githubnext/agentics/workflows/regular-solve-issue.md,False,076280149103573bcb4c214fd85844f933da874e,2025-07-31 16:47:12+00:00,1.0,2.0,0.0555,
752,178,elastic/terraform-provider-elasticstack,elastic,code-factory-issue.md,16,2026-05-14 02:35:56+00:00,False,,,,githubnext/agentics/workflows/solve-issues.md,githubnext/agentics/workflows/regular-solve-issue.md,False,076280149103573bcb4c214fd85844f933da874e,2025-07-31 16:47:12+00:00,1.0,2.0,0.0555,
753,178,elastic/terraform-provider-elasticstack,elastic,code-factory-issue.md,17,2026-05-14 05:23:14+00:00,False,,,,githubnext/agentics/workflows/solve-issues.md,githubnext/agentics/workflows/regular-solve-issue.md,False,076280149103573bcb4c214fd85844f933da874e,2025-07-31 16:47:12+00:00,1.0,2.0,0.0555,
754,178,elastic/terraform-provider-elasticstack,elastic,code-factory-issue.md,18,2026-05-16 11:20:32+00:00,False,,,,githubnext/agentics/workflows/solve-issues.md,githubnext/agentics/workflows/regular-solve-issue.md,False,076280149103573bcb4c214fd85844f933da874e,2025-07-31 16:47:12+00:00,1.0,2.0,0.0555,
755,178,elastic/terraform-provider-elasticstack,elastic,code-factory-issue.md,19,2026-05-17 06:39:37+00:00,False,,,,githubnext/agentics/workflows/solve-issues.md,githubnext/agentics/workflows/regular-solve-issue.md,False,076280149103573bcb4c214fd85844f933da874e,2025-07-31 16:47:12+00:00,1.0,2.0,0.0555,
756,178,elastic/terraform-provider-elasticstack,elastic,code-factory-issue.md,20,2026-05-17 10:30:58+00:00,False,,,,pulumi-labs/gh-aw-internal/.github/workflows/shared/plugins/code-review/code-review.md,pulumi-labs/gh-aw-internal/.github/workflows/shared/plugins/code-review/code-review.md,True,d0818ff576b2db07efcadedb0c37526b978844fe,2026-03-12 13:58:22+00:00,3.0,4.0,0.0603,
757,178,elastic/terraform-provider-elasticstack,elastic,code-factory-issue.md,21,2026-05-17 10:56:22+00:00,False,,,,pulumi-labs/gh-aw-internal/.github/workflows/shared/plugins/code-review/code-review.md,pulumi-labs/gh-aw-internal/.github/workflows/shared/plugins/code-review/code-review.md,True,d0818ff576b2db07efcadedb0c37526b978844fe,2026-03-12 13:58:22+00:00,3.0,4.0,0.0603,
758,178,elastic/terraform-provider-elasticstack,elastic,code-factory-issue.md,22,2026-05-17 11:04:35+00:00,False,,,,pulumi-labs/gh-aw-internal/.github/workflows/shared/plugins/code-review/code-review.md,pulumi-labs/gh-aw-internal/.github/workflows/shared/plugins/code-review/code-review.md,True,d0818ff576b2db07efcadedb0c37526b978844fe,2026-03-12 13:58:22+00:00,3.0,4.0,0.0603,
759,178,elastic/terraform-provider-elasticstack,elastic,code-factory-issue.md,23,2026-05-18 03:08:06+00:00,False,,,,pulumi-labs/gh-aw-internal/.github/workflows/shared/plugins/code-review/code-review.md,pulumi-labs/gh-aw-internal/.github/workflows/shared/plugins/code-review/code-review.md,True,d0818ff576b2db07efcadedb0c37526b978844fe,2026-03-12 13:58:22+00:00,3.0,4.0,0.0603,
760,178,elastic/terraform-provider-elasticstack,elastic,code-factory-issue.md,24,2026-05-18 09:03:14+00:00,False,,,,pulumi-labs/gh-aw-internal/.github/workflows/shared/plugins/code-review/code-review.md,pulumi-labs/gh-aw-internal/.github/workflows/shared/plugins/code-review/code-review.md,True,d0818ff576b2db07efcadedb0c37526b978844fe,2026-03-12 13:58:22+00:00,3.0,4.0,0.0603,
761,178,elastic/terraform-provider-elasticstack,elastic,code-factory-issue.md,25,2026-05-18 11:26:59+00:00,False,,,,pulumi-labs/gh-aw-internal/.github/workflows/shared/plugins/code-review/code-review.md,pulumi-labs/gh-aw-internal/.github/workflows/shared/plugins/code-review/code-review.md,True,d0818ff576b2db07efcadedb0c37526b978844fe,2026-03-12 13:58:22+00:00,3.0,4.0,0.0603,
762,178,elastic/terraform-provider-elasticstack,elastic,code-factory-issue.md,26,2026-05-19 01:47:03+00:00,False,,,,pulumi-labs/gh-aw-internal/.github/workflows/shared/plugins/code-review/code-review.md,pulumi-labs/gh-aw-internal/.github/workflows/shared/plugins/code-review/code-review.md,True,d0818ff576b2db07efcadedb0c37526b978844fe,2026-03-12 13:58:22+00:00,3.0,4.0,0.0605,
763,178,elastic/terraform-provider-elasticstack,elastic,code-factory-issue.md,27,2026-05-19 10:46:26+00:00,False,,,,pulumi-labs/gh-aw-internal/.github/workflows/shared/plugins/code-review/code-review.md,pulumi-labs/gh-aw-internal/.github/workflows/shared/plugins/code-review/code-review.md,True,d0818ff576b2db07efcadedb0c37526b978844fe,2026-03-12 13:58:22+00:00,3.0,4.0,0.0605,
764,178,elastic/terraform-provider-elasticstack,elastic,code-factory-issue.md,28,2026-05-22 06:45:00+00:00,False,,,,pulumi-labs/gh-aw-internal/.github/workflows/shared/plugins/code-review/code-review.md,pulumi-labs/gh-aw-internal/.github/workflows/shared/plugins/code-review/code-review.md,True,d0818ff576b2db07efcadedb0c37526b978844fe,2026-03-12 13:58:22+00:00,3.0,4.0,0.0605,
765,178,elastic/terraform-provider-elasticstack,elastic,code-factory-issue.md,29,2026-05-31 02:04:32+00:00,False,,,,githubnext/agentics/workflows/repo-assist.md,githubnext/agentics/workflows/repo-assist.md,False,30e497915b16f1f81b9a5e3afdf89f98228f8e3f,2026-03-08 00:03:03+00:00,21.0,25.0,0.0642,
766,178,elastic/terraform-provider-elasticstack,elastic,code-factory-issue.md,30,2026-06-02 11:35:44+00:00,False,,,,githubnext/agentics/workflows/repo-assist.md,githubnext/agentics/workflows/repo-assist.md,False,30e497915b16f1f81b9a5e3afdf89f98228f8e3f,2026-03-08 00:03:03+00:00,21.0,25.0,0.0642,
767,179,elastic/terraform-provider-elasticstack,elastic,duplicate-code-detector.md,1,2026-04-23 04:06:45+00:00,False,,,,githubnext/agentics/workflows/duplicate-code-detector.md,githubnext/agentics/workflows/duplicate-code-detector.md,False,d19056381ba48cb1f7c78510c23069701fa7ae87,2026-02-18 02:39:55+00:00,1.0,1.0,0.9313,
768,179,elastic/terraform-provider-elasticstack,elastic,duplicate-code-detector.md,2,2026-04-23 04:16:05+00:00,False,,,,githubnext/agentics/workflows/duplicate-code-detector.md,githubnext/agentics/workflows/duplicate-code-detector.md,False,d19056381ba48cb1f7c78510c23069701fa7ae87,2026-02-18 02:39:55+00:00,1.0,1.0,0.9313,
769,179,elastic/terraform-provider-elasticstack,elastic,duplicate-code-detector.md,3,2026-04-23 06:13:04+00:00,False,,,,githubnext/agentics/workflows/duplicate-code-detector.md,githubnext/agentics/workflows/duplicate-code-detector.md,False,d19056381ba48cb1f7c78510c23069701fa7ae87,2026-02-18 02:39:55+00:00,1.0,1.0,0.9313,
770,179,elastic/terraform-provider-elasticstack,elastic,duplicate-code-detector.md,4,2026-04-24 07:51:55+00:00,False,,,,githubnext/agentics/workflows/duplicate-code-detector.md,githubnext/agentics/workflows/duplicate-code-detector.md,False,d19056381ba48cb1f7c78510c23069701fa7ae87,2026-02-18 02:39:55+00:00,1.0,1.0,0.9288,
771,179,elastic/terraform-provider-elasticstack,elastic,duplicate-code-detector.md,5,2026-05-04 07:55:37+00:00,False,,,,githubnext/agentics/workflows/duplicate-code-detector.md,githubnext/agentics/workflows/duplicate-code-detector.md,False,d19056381ba48cb1f7c78510c23069701fa7ae87,2026-02-18 02:39:55+00:00,1.0,1.0,0.9288,
772,179,elastic/terraform-provider-elasticstack,elastic,duplicate-code-detector.md,6,2026-05-04 07:59:58+00:00,False,,,,githubnext/agentics/workflows/duplicate-code-detector.md,githubnext/agentics/workflows/duplicate-code-detector.md,False,d19056381ba48cb1f7c78510c23069701fa7ae87,2026-02-18 02:39:55+00:00,1.0,1.0,0.9288,
773,179,elastic/terraform-provider-elasticstack,elastic,duplicate-code-detector.md,7,2026-05-05 03:46:38+00:00,False,,,,githubnext/agentics/workflows/duplicate-code-detector.md,githubnext/agentics/workflows/duplicate-code-detector.md,False,d19056381ba48cb1f7c78510c23069701fa7ae87,2026-02-18 02:39:55+00:00,1.0,1.0,0.9288,
774,179,elastic/terraform-provider-elasticstack,elastic,duplicate-code-detector.md,8,2026-05-05 10:11:47+00:00,False,,,,githubnext/agentics/workflows/duplicate-code-detector.md,githubnext/agentics/workflows/duplicate-code-detector.md,False,d19056381ba48cb1f7c78510c23069701fa7ae87,2026-02-18 02:39:55+00:00,1.0,1.0,0.9288,
775,179,elastic/terraform-provider-elasticstack,elastic,duplicate-code-detector.md,9,2026-05-16 12:09:11+00:00,False,,,,githubnext/agentics/workflows/duplicate-code-detector.md,githubnext/agentics/workflows/duplicate-code-detector.md,False,d19056381ba48cb1f7c78510c23069701fa7ae87,2026-02-18 02:39:55+00:00,1.0,1.0,0.9288,
776,179,elastic/terraform-provider-elasticstack,elastic,duplicate-code-detector.md,10,2026-05-18 09:03:14+00:00,False,,,,githubnext/agentics/workflows/duplicate-code-detector.md,githubnext/agentics/workflows/duplicate-code-detector.md,False,d19056381ba48cb1f7c78510c23069701fa7ae87,2026-02-18 02:39:55+00:00,1.0,1.0,0.9288,
777,179,elastic/terraform-provider-elasticstack,elastic,duplicate-code-detector.md,11,2026-05-18 11:26:59+00:00,False,,,,githubnext/agentics/workflows/duplicate-code-detector.md,githubnext/agentics/workflows/duplicate-code-detector.md,False,d19056381ba48cb1f7c78510c23069701fa7ae87,2026-02-18 02:39:55+00:00,1.0,1.0,0.9288,
778,179,elastic/terraform-provider-elasticstack,elastic,duplicate-code-detector.md,12,2026-05-22 12:20:13+00:00,False,,,,githubnext/agentics/workflows/duplicate-code-detector.md,githubnext/agentics/workflows/duplicate-code-detector.md,False,d19056381ba48cb1f7c78510c23069701fa7ae87,2026-02-18 02:39:55+00:00,1.0,1.0,0.9171,
779,179,elastic/terraform-provider-elasticstack,elastic,duplicate-code-detector.md,13,2026-06-02 11:35:44+00:00,False,,,,githubnext/agentics/workflows/duplicate-code-detector.md,githubnext/agentics/workflows/duplicate-code-detector.md,False,d19056381ba48cb1f7c78510c23069701fa7ae87,2026-02-18 02:39:55+00:00,1.0,1.0,0.9171,
780,180,elastic/terraform-provider-elasticstack,elastic,flaky-test-catcher.md,1,2026-05-05 10:47:45+00:00,False,,,,github/gh-aw/.github/workflows/ci-doctor.md,githubnext/agentics/workflows/ci-doctor.md,False,af7701aac244d773ba6b58a33fa5fa58968e053f,2026-03-23 18:54:16+00:00,11.0,13.0,0.0683,
781,180,elastic/terraform-provider-elasticstack,elastic,flaky-test-catcher.md,2,2026-05-06 04:15:33+00:00,False,,,,github/gh-aw/.github/workflows/ci-doctor.md,githubnext/agentics/workflows/ci-doctor.md,False,af7701aac244d773ba6b58a33fa5fa58968e053f,2026-03-23 18:54:16+00:00,11.0,13.0,0.0692,
782,180,elastic/terraform-provider-elasticstack,elastic,flaky-test-catcher.md,3,2026-05-16 12:09:11+00:00,False,,,,github/gh-aw/.github/workflows/ci-doctor.md,githubnext/agentics/workflows/ci-doctor.md,False,af7701aac244d773ba6b58a33fa5fa58968e053f,2026-03-23 18:54:16+00:00,11.0,13.0,0.0692,
783,180,elastic/terraform-provider-elasticstack,elastic,flaky-test-catcher.md,4,2026-05-18 09:03:14+00:00,False,,,,github/gh-aw/.github/workflows/ci-doctor.md,githubnext/agentics/workflows/ci-doctor.md,False,af7701aac244d773ba6b58a33fa5fa58968e053f,2026-03-23 18:54:16+00:00,11.0,13.0,0.0692,
784,180,elastic/terraform-provider-elasticstack,elastic,flaky-test-catcher.md,5,2026-05-18 11:26:59+00:00,False,,,,github/gh-aw/.github/workflows/ci-doctor.md,githubnext/agentics/workflows/ci-doctor.md,False,af7701aac244d773ba6b58a33fa5fa58968e053f,2026-03-23 18:54:16+00:00,11.0,13.0,0.0692,
785,180,elastic/terraform-provider-elasticstack,elastic,flaky-test-catcher.md,6,2026-05-22 12:20:13+00:00,False,,,,github/gh-aw/.github/workflows/ci-doctor.md,githubnext/agentics/workflows/ci-doctor.md,False,af7701aac244d773ba6b58a33fa5fa58968e053f,2026-03-23 18:54:16+00:00,11.0,13.0,0.0692,
786,180,elastic/terraform-provider-elasticstack,elastic,flaky-test-catcher.md,7,2026-06-02 11:35:44+00:00,False,,,,github/gh-aw/.github/workflows/ci-doctor.md,githubnext/agentics/workflows/ci-doctor.md,False,af7701aac244d773ba6b58a33fa5fa58968e053f,2026-03-23 18:54:16+00:00,11.0,14.0,0.0692,
787,181,elastic/terraform-provider-elasticstack,elastic,issue-classifier.md,1,2026-05-14 11:20:15+00:00,False,,,,githubnext/agentics/workflows/issue-triage.md,githubnext/agentics/workflows/agentic-triage.md,False,bf8d330e628f2c235cd9304310156bdbbfa61123,2025-10-24 19:03:24+00:00,20.0,23.0,0.07,
788,181,elastic/terraform-provider-elasticstack,elastic,issue-classifier.md,2,2026-05-15 00:34:31+00:00,False,,,,githubnext/agentics/workflows/issue-triage.md,githubnext/agentics/workflows/agentic-triage.md,False,bf8d330e628f2c235cd9304310156bdbbfa61123,2025-10-24 19:03:24+00:00,20.0,23.0,0.07,
789,181,elastic/terraform-provider-elasticstack,elastic,issue-classifier.md,3,2026-05-18 09:03:14+00:00,False,,,,githubnext/agentics/workflows/issue-triage.md,githubnext/agentics/workflows/agentic-triage.md,False,bf8d330e628f2c235cd9304310156bdbbfa61123,2025-10-24 19:03:24+00:00,20.0,23.0,0.07,
790,181,elastic/terraform-provider-elasticstack,elastic,issue-classifier.md,4,2026-05-18 11:26:59+00:00,False,,,,githubnext/agentics/workflows/issue-triage.md,githubnext/agentics/workflows/agentic-triage.md,False,bf8d330e628f2c235cd9304310156bdbbfa61123,2025-10-24 19:03:24+00:00,20.0,23.0,0.07,
791,181,elastic/terraform-provider-elasticstack,elastic,issue-classifier.md,5,2026-05-22 06:45:00+00:00,False,,,,githubnext/agentics/workflows/issue-triage.md,githubnext/agentics/workflows/agentic-triage.md,False,bf8d330e628f2c235cd9304310156bdbbfa61123,2025-10-24 19:03:24+00:00,20.0,23.0,0.07,
792,181,elastic/terraform-provider-elasticstack,elastic,issue-classifier.md,6,2026-06-02 11:35:44+00:00,False,,,,githubnext/agentics/workflows/issue-triage.md,githubnext/agentics/workflows/agentic-triage.md,False,bf8d330e628f2c235cd9304310156bdbbfa61123,2025-10-24 19:03:24+00:00,20.0,23.0,0.07,
793,182,elastic/terraform-provider-elasticstack,elastic,kibana-spec-impact.md,1,2026-04-17 07:52:22+00:00,False,,,,githubnext/agentics/workflows/daily-qa.md,githubnext/agentics/workflows/daily-qa.md,False,047310bb37b271eda9fe363763c4b698d63980f2,2026-02-22 06:44:15+00:00,26.0,27.0,0.0507,
794,182,elastic/terraform-provider-elasticstack,elastic,kibana-spec-impact.md,2,2026-04-22 00:43:20+00:00,False,,,,githubnext/agentics/workflows/daily-qa.md,githubnext/agentics/workflows/daily-qa.md,False,047310bb37b271eda9fe363763c4b698d63980f2,2026-02-22 06:44:15+00:00,26.0,27.0,0.0507,
795,182,elastic/terraform-provider-elasticstack,elastic,kibana-spec-impact.md,3,2026-04-23 23:27:59+00:00,False,,,,githubnext/agentics/workflows/daily-qa.md,githubnext/agentics/workflows/daily-qa.md,False,047310bb37b271eda9fe363763c4b698d63980f2,2026-02-22 06:44:15+00:00,26.0,27.0,0.0534,
796,182,elastic/terraform-provider-elasticstack,elastic,kibana-spec-impact.md,4,2026-04-30 06:32:20+00:00,False,,,,githubnext/agentics/workflows/daily-qa.md,githubnext/agentics/workflows/daily-qa.md,False,047310bb37b271eda9fe363763c4b698d63980f2,2026-02-22 06:44:15+00:00,26.0,27.0,0.0534,
797,182,elastic/terraform-provider-elasticstack,elastic,kibana-spec-impact.md,5,2026-05-04 07:55:37+00:00,False,,,,githubnext/agentics/workflows/daily-qa.md,githubnext/agentics/workflows/daily-qa.md,False,047310bb37b271eda9fe363763c4b698d63980f2,2026-02-22 06:44:15+00:00,26.0,27.0,0.0534,
798,182,elastic/terraform-provider-elasticstack,elastic,kibana-spec-impact.md,6,2026-05-04 07:59:58+00:00,False,,,,githubnext/agentics/workflows/daily-qa.md,githubnext/agentics/workflows/daily-qa.md,False,047310bb37b271eda9fe363763c4b698d63980f2,2026-02-22 06:44:15+00:00,26.0,27.0,0.0534,
799,182,elastic/terraform-provider-elasticstack,elastic,kibana-spec-impact.md,7,2026-05-05 03:46:38+00:00,False,,,,githubnext/agentics/workflows/daily-qa.md,githubnext/agentics/workflows/daily-qa.md,False,047310bb37b271eda9fe363763c4b698d63980f2,2026-02-22 06:44:15+00:00,26.0,27.0,0.0534,
800,182,elastic/terraform-provider-elasticstack,elastic,kibana-spec-impact.md,8,2026-05-18 03:08:06+00:00,False,,,,githubnext/agentics/workflows/daily-qa.md,githubnext/agentics/workflows/daily-qa.md,False,047310bb37b271eda9fe363763c4b698d63980f2,2026-02-22 06:44:15+00:00,26.0,27.0,0.0534,
801,182,elastic/terraform-provider-elasticstack,elastic,kibana-spec-impact.md,9,2026-05-18 09:03:14+00:00,False,,,,githubnext/agentics/workflows/daily-qa.md,githubnext/agentics/workflows/daily-qa.md,False,047310bb37b271eda9fe363763c4b698d63980f2,2026-02-22 06:44:15+00:00,26.0,27.0,0.0534,
802,182,elastic/terraform-provider-elasticstack,elastic,kibana-spec-impact.md,10,2026-05-22 06:45:00+00:00,False,,,,githubnext/agentics/workflows/daily-qa.md,githubnext/agentics/workflows/daily-qa.md,False,047310bb37b271eda9fe363763c4b698d63980f2,2026-02-22 06:44:15+00:00,26.0,27.0,0.0534,
803,182,elastic/terraform-provider-elasticstack,elastic,kibana-spec-impact.md,11,2026-06-02 11:35:44+00:00,False,,,,githubnext/agentics/workflows/daily-qa.md,githubnext/agentics/workflows/daily-qa.md,False,047310bb37b271eda9fe363763c4b698d63980f2,2026-02-22 06:44:15+00:00,26.0,27.0,0.0534,
804,183,elastic/terraform-provider-elasticstack,elastic,openspec-verify-label.md,1,2026-03-25 03:52:09+00:00,False,,,,pulumi-labs/gh-aw-internal/.github/workflows/shared/plugins/code-review/commands/code-review.md,pulumi-labs/gh-aw-internal/.github/workflows/shared/plugins/code-review/commands/code-review.md,True,27c5d3509dc23c83f0c731513996953b5c4c7152,2026-03-12 10:21:22+00:00,2.0,2.0,0.0717,
805,183,elastic/terraform-provider-elasticstack,elastic,openspec-verify-label.md,2,2026-03-26 07:01:31+00:00,False,,,,pulumi-labs/gh-aw-internal/.github/workflows/shared/plugins/code-review/commands/code-review.md,pulumi-labs/gh-aw-internal/.github/workflows/shared/plugins/code-review/commands/code-review.md,True,27c5d3509dc23c83f0c731513996953b5c4c7152,2026-03-12 10:21:22+00:00,2.0,2.0,0.0718,
806,183,elastic/terraform-provider-elasticstack,elastic,openspec-verify-label.md,3,2026-03-27 10:06:16+00:00,False,,,,pulumi-labs/gh-aw-internal/.github/workflows/shared/plugins/code-review/commands/code-review.md,pulumi-labs/gh-aw-internal/.github/workflows/shared/plugins/code-review/commands/code-review.md,True,27c5d3509dc23c83f0c731513996953b5c4c7152,2026-03-12 10:21:22+00:00,2.0,2.0,0.0703,
807,183,elastic/terraform-provider-elasticstack,elastic,openspec-verify-label.md,4,2026-03-29 10:09:57+00:00,False,,,,pulumi-labs/gh-aw-internal/.github/workflows/shared/plugins/code-review/commands/code-review.md,pulumi-labs/gh-aw-internal/.github/workflows/shared/plugins/code-review/commands/code-review.md,True,27c5d3509dc23c83f0c731513996953b5c4c7152,2026-03-12 10:21:22+00:00,2.0,2.0,0.0724,
808,183,elastic/terraform-provider-elasticstack,elastic,openspec-verify-label.md,5,2026-03-30 02:13:28+00:00,False,,,,pulumi-labs/gh-aw-internal/.github/workflows/gh-aw-pr-rereview.md,pulumi-labs/gh-aw-internal/.github/workflows/gh-aw-pr-rereview.md,False,a91379f7af34693fbdb0f83b1252e4bb945d09bf,2026-03-04 15:33:15+00:00,2.0,4.0,0.065,
809,183,elastic/terraform-provider-elasticstack,elastic,openspec-verify-label.md,6,2026-03-30 03:24:21+00:00,False,,,,pulumi-labs/gh-aw-internal/.github/workflows/gh-aw-pr-rereview.md,pulumi-labs/gh-aw-internal/.github/workflows/gh-aw-pr-rereview.md,False,a91379f7af34693fbdb0f83b1252e4bb945d09bf,2026-03-04 15:33:15+00:00,2.0,4.0,0.065,
810,183,elastic/terraform-provider-elasticstack,elastic,openspec-verify-label.md,7,2026-03-30 06:48:49+00:00,False,,,,pulumi-labs/gh-aw-internal/.github/workflows/shared/plugins/code-review/commands/code-review.md,pulumi-labs/gh-aw-internal/.github/workflows/shared/plugins/code-review/commands/code-review.md,True,27c5d3509dc23c83f0c731513996953b5c4c7152,2026-03-12 10:21:22+00:00,2.0,2.0,0.0701,
811,183,elastic/terraform-provider-elasticstack,elastic,openspec-verify-label.md,8,2026-04-04 09:38:38+00:00,False,,,,pulumi-labs/gh-aw-internal/.github/workflows/shared/plugins/code-review/commands/code-review.md,pulumi-labs/gh-aw-internal/.github/workflows/shared/plugins/code-review/commands/code-review.md,True,27c5d3509dc23c83f0c731513996953b5c4c7152,2026-03-12 10:21:22+00:00,2.0,2.0,0.0691,
812,183,elastic/terraform-provider-elasticstack,elastic,openspec-verify-label.md,9,2026-04-06 12:39:17+00:00,False,,,,pulumi-labs/gh-aw-internal/.github/workflows/shared/plugins/code-review/code-review.md,pulumi-labs/gh-aw-internal/.github/workflows/shared/plugins/code-review/code-review.md,True,9a981e07d7134a447fac35073f0857f8512f16c4,2026-04-03 17:36:23+00:00,4.0,4.0,0.0701,
813,183,elastic/terraform-provider-elasticstack,elastic,openspec-verify-label.md,10,2026-04-06 21:39:11+00:00,False,,,,pulumi-labs/gh-aw-internal/.github/workflows/shared/plugins/code-review/code-review.md,pulumi-labs/gh-aw-internal/.github/workflows/shared/plugins/code-review/code-review.md,True,9a981e07d7134a447fac35073f0857f8512f16c4,2026-04-03 17:36:23+00:00,4.0,4.0,0.0651,
814,183,elastic/terraform-provider-elasticstack,elastic,openspec-verify-label.md,11,2026-04-07 02:13:00+00:00,False,,,,pulumi-labs/gh-aw-internal/.github/workflows/shared/plugins/code-review/code-review.md,pulumi-labs/gh-aw-internal/.github/workflows/shared/plugins/code-review/code-review.md,True,9a981e07d7134a447fac35073f0857f8512f16c4,2026-04-03 17:36:23+00:00,4.0,4.0,0.0676,
815,183,elastic/terraform-provider-elasticstack,elastic,openspec-verify-label.md,12,2026-04-07 02:21:23+00:00,False,,,,pulumi-labs/gh-aw-internal/.github/workflows/shared/plugins/code-review/code-review.md,pulumi-labs/gh-aw-internal/.github/workflows/shared/plugins/code-review/code-review.md,True,9a981e07d7134a447fac35073f0857f8512f16c4,2026-04-03 17:36:23+00:00,4.0,4.0,0.0675,
816,183,elastic/terraform-provider-elasticstack,elastic,openspec-verify-label.md,13,2026-04-07 02:25:54+00:00,False,,,,pulumi-labs/gh-aw-internal/.github/workflows/shared/plugins/code-review/code-review.md,pulumi-labs/gh-aw-internal/.github/workflows/shared/plugins/code-review/code-review.md,True,9a981e07d7134a447fac35073f0857f8512f16c4,2026-04-03 17:36:23+00:00,4.0,4.0,0.0675,
817,183,elastic/terraform-provider-elasticstack,elastic,openspec-verify-label.md,14,2026-04-07 07:20:55+00:00,False,,,,pulumi-labs/gh-aw-internal/.github/workflows/shared/plugins/code-review/code-review.md,pulumi-labs/gh-aw-internal/.github/workflows/shared/plugins/code-review/code-review.md,True,9a981e07d7134a447fac35073f0857f8512f16c4,2026-04-03 17:36:23+00:00,4.0,4.0,0.0677,
818,183,elastic/terraform-provider-elasticstack,elastic,openspec-verify-label.md,15,2026-04-14 11:23:51+00:00,False,,,,pulumi-labs/gh-aw-internal/.github/workflows/shared/plugins/code-review/code-review.md,pulumi-labs/gh-aw-internal/.github/workflows/shared/plugins/code-review/code-review.md,True,9a981e07d7134a447fac35073f0857f8512f16c4,2026-04-03 17:36:23+00:00,4.0,4.0,0.0677,
819,183,elastic/terraform-provider-elasticstack,elastic,openspec-verify-label.md,16,2026-04-14 11:47:39+00:00,False,,,,pulumi-labs/gh-aw-internal/.github/workflows/shared/plugins/code-review/code-review.md,pulumi-labs/gh-aw-internal/.github/workflows/shared/plugins/code-review/code-review.md,True,9a981e07d7134a447fac35073f0857f8512f16c4,2026-04-03 17:36:23+00:00,4.0,4.0,0.0691,
820,183,elastic/terraform-provider-elasticstack,elastic,openspec-verify-label.md,17,2026-04-22 00:43:20+00:00,False,,,,pulumi-labs/gh-aw-internal/.github/workflows/shared/plugins/code-review/code-review.md,pulumi-labs/gh-aw-internal/.github/workflows/shared/plugins/code-review/code-review.md,True,9a981e07d7134a447fac35073f0857f8512f16c4,2026-04-03 17:36:23+00:00,4.0,4.0,0.0691,
821,183,elastic/terraform-provider-elasticstack,elastic,openspec-verify-label.md,18,2026-04-27 02:05:50+00:00,False,,,,pulumi-labs/gh-aw-internal/.github/workflows/shared/plugins/code-review/code-review.md,pulumi-labs/gh-aw-internal/.github/workflows/shared/plugins/code-review/code-review.md,True,9a981e07d7134a447fac35073f0857f8512f16c4,2026-04-03 17:36:23+00:00,4.0,4.0,0.0691,
822,183,elastic/terraform-provider-elasticstack,elastic,openspec-verify-label.md,19,2026-05-04 07:55:37+00:00,False,,,,pulumi-labs/gh-aw-internal/.github/workflows/shared/plugins/code-review/code-review.md,pulumi-labs/gh-aw-internal/.github/workflows/shared/plugins/code-review/code-review.md,True,9a981e07d7134a447fac35073f0857f8512f16c4,2026-04-03 17:36:23+00:00,4.0,4.0,0.0691,
823,183,elastic/terraform-provider-elasticstack,elastic,openspec-verify-label.md,20,2026-05-04 07:59:58+00:00,False,,,,pulumi-labs/gh-aw-internal/.github/workflows/shared/plugins/code-review/code-review.md,pulumi-labs/gh-aw-internal/.github/workflows/shared/plugins/code-review/code-review.md,True,9a981e07d7134a447fac35073f0857f8512f16c4,2026-04-03 17:36:23+00:00,4.0,4.0,0.0691,
824,183,elastic/terraform-provider-elasticstack,elastic,openspec-verify-label.md,21,2026-05-05 03:46:38+00:00,False,,,,pulumi-labs/gh-aw-internal/.github/workflows/shared/plugins/code-review/code-review.md,pulumi-labs/gh-aw-internal/.github/workflows/shared/plugins/code-review/code-review.md,True,9a981e07d7134a447fac35073f0857f8512f16c4,2026-04-03 17:36:23+00:00,4.0,4.0,0.0691,
825,183,elastic/terraform-provider-elasticstack,elastic,openspec-verify-label.md,22,2026-05-06 05:32:28+00:00,False,,,,pulumi-labs/gh-aw-internal/.github/workflows/shared/plugins/code-review/code-review.md,pulumi-labs/gh-aw-internal/.github/workflows/shared/plugins/code-review/code-review.md,True,9a981e07d7134a447fac35073f0857f8512f16c4,2026-04-03 17:36:23+00:00,4.0,4.0,0.0691,
826,183,elastic/terraform-provider-elasticstack,elastic,openspec-verify-label.md,23,2026-05-08 05:39:22+00:00,False,,,,pulumi-labs/gh-aw-internal/.github/workflows/shared/plugins/code-review/commands/code-review.md,pulumi-labs/gh-aw-internal/.github/workflows/shared/plugins/code-review/commands/code-review.md,True,27c5d3509dc23c83f0c731513996953b5c4c7152,2026-03-12 10:21:22+00:00,2.0,2.0,0.0803,
827,183,elastic/terraform-provider-elasticstack,elastic,openspec-verify-label.md,24,2026-05-08 09:07:47+00:00,False,,,,pulumi-labs/gh-aw-internal/.github/workflows/shared/plugins/code-review/code-review.md,pulumi-labs/gh-aw-internal/.github/workflows/shared/plugins/code-review/code-review.md,True,9a981e07d7134a447fac35073f0857f8512f16c4,2026-04-03 17:36:23+00:00,4.0,4.0,0.0691,
828,183,elastic/terraform-provider-elasticstack,elastic,openspec-verify-label.md,25,2026-05-18 03:08:06+00:00,False,,,,pulumi-labs/gh-aw-internal/.github/workflows/shared/plugins/code-review/code-review.md,pulumi-labs/gh-aw-internal/.github/workflows/shared/plugins/code-review/code-review.md,True,9a981e07d7134a447fac35073f0857f8512f16c4,2026-04-03 17:36:23+00:00,4.0,4.0,0.0691,
829,183,elastic/terraform-provider-elasticstack,elastic,openspec-verify-label.md,26,2026-05-18 09:03:14+00:00,False,,,,pulumi-labs/gh-aw-internal/.github/workflows/shared/plugins/code-review/code-review.md,pulumi-labs/gh-aw-internal/.github/workflows/shared/plugins/code-review/code-review.md,True,9a981e07d7134a447fac35073f0857f8512f16c4,2026-04-03 17:36:23+00:00,4.0,4.0,0.0691,
830,183,elastic/terraform-provider-elasticstack,elastic,openspec-verify-label.md,27,2026-05-18 11:18:56+00:00,False,,,,pulumi-labs/gh-aw-internal/.github/workflows/shared/plugins/code-review/code-review.md,pulumi-labs/gh-aw-internal/.github/workflows/shared/plugins/code-review/code-review.md,True,9a981e07d7134a447fac35073f0857f8512f16c4,2026-04-03 17:36:23+00:00,4.0,4.0,0.0691,
831,183,elastic/terraform-provider-elasticstack,elastic,openspec-verify-label.md,28,2026-05-22 03:44:38+00:00,False,,,,pulumi-labs/gh-aw-internal/.github/workflows/shared/plugins/code-review/code-review.md,pulumi-labs/gh-aw-internal/.github/workflows/shared/plugins/code-review/code-review.md,True,9a981e07d7134a447fac35073f0857f8512f16c4,2026-04-03 17:36:23+00:00,4.0,4.0,0.0691,
832,183,elastic/terraform-provider-elasticstack,elastic,openspec-verify-label.md,29,2026-05-22 06:45:00+00:00,False,,,,pulumi-labs/gh-aw-internal/.github/workflows/shared/plugins/code-review/code-review.md,pulumi-labs/gh-aw-internal/.github/workflows/shared/plugins/code-review/code-review.md,True,9a981e07d7134a447fac35073f0857f8512f16c4,2026-04-03 17:36:23+00:00,4.0,4.0,0.0691,
833,183,elastic/terraform-provider-elasticstack,elastic,openspec-verify-label.md,30,2026-06-02 11:35:44+00:00,False,,,,pulumi-labs/gh-aw-internal/.github/workflows/shared/plugins/code-review/code-review.md,pulumi-labs/gh-aw-internal/.github/workflows/shared/plugins/code-review/code-review.md,True,9a981e07d7134a447fac35073f0857f8512f16c4,2026-04-03 17:36:23+00:00,4.0,5.0,0.0691,
834,184,elastic/terraform-provider-elasticstack,elastic,reproducer-factory-issue.md,1,2026-05-14 02:35:56+00:00,False,,,,githubnext/agentics/workflows/repo-assist.md,githubnext/agentics/workflows/repo-assist.md,False,0ae10905c47f310d0ed58a020a4e611c0f890442,2026-03-08 00:31:06+00:00,22.0,25.0,0.0612,
835,184,elastic/terraform-provider-elasticstack,elastic,reproducer-factory-issue.md,2,2026-05-15 20:52:17+00:00,False,,,,githubnext/agentics/workflows/repo-assist.md,githubnext/agentics/workflows/repo-assist.md,False,0ae10905c47f310d0ed58a020a4e611c0f890442,2026-03-08 00:31:06+00:00,22.0,25.0,0.0612,
836,184,elastic/terraform-provider-elasticstack,elastic,reproducer-factory-issue.md,3,2026-05-16 11:20:32+00:00,False,,,,githubnext/agentics/workflows/repo-assist.md,githubnext/agentics/workflows/repo-assist.md,False,0ae10905c47f310d0ed58a020a4e611c0f890442,2026-03-08 00:31:06+00:00,22.0,25.0,0.0612,
837,184,elastic/terraform-provider-elasticstack,elastic,reproducer-factory-issue.md,4,2026-05-17 10:56:22+00:00,False,,,,githubnext/agentics/workflows/repo-assist.md,githubnext/agentics/workflows/repo-assist.md,False,0ae10905c47f310d0ed58a020a4e611c0f890442,2026-03-08 00:31:06+00:00,22.0,25.0,0.0612,
838,184,elastic/terraform-provider-elasticstack,elastic,reproducer-factory-issue.md,5,2026-05-18 03:08:06+00:00,False,,,,githubnext/agentics/workflows/repo-assist.md,githubnext/agentics/workflows/repo-assist.md,False,dcdcfd1fff79a8908465335200473a87fdee86f4,2026-02-25 19:20:49+00:00,16.0,25.0,0.0629,
839,184,elastic/terraform-provider-elasticstack,elastic,reproducer-factory-issue.md,6,2026-05-18 09:03:14+00:00,False,,,,githubnext/agentics/workflows/repo-assist.md,githubnext/agentics/workflows/repo-assist.md,False,dcdcfd1fff79a8908465335200473a87fdee86f4,2026-02-25 19:20:49+00:00,16.0,25.0,0.0629,
840,184,elastic/terraform-provider-elasticstack,elastic,reproducer-factory-issue.md,7,2026-05-18 11:26:59+00:00,False,,,,githubnext/agentics/workflows/repo-assist.md,githubnext/agentics/workflows/repo-assist.md,False,dcdcfd1fff79a8908465335200473a87fdee86f4,2026-02-25 19:20:49+00:00,16.0,25.0,0.0629,
841,184,elastic/terraform-provider-elasticstack,elastic,reproducer-factory-issue.md,8,2026-05-19 01:47:03+00:00,False,,,,githubnext/agentics/workflows/repo-assist.md,githubnext/agentics/workflows/repo-assist.md,False,dcdcfd1fff79a8908465335200473a87fdee86f4,2026-02-25 19:20:49+00:00,16.0,25.0,0.0599,
842,184,elastic/terraform-provider-elasticstack,elastic,reproducer-factory-issue.md,9,2026-05-19 01:50:29+00:00,False,,,,githubnext/agentics/workflows/repo-assist.md,githubnext/agentics/workflows/repo-assist.md,False,dcdcfd1fff79a8908465335200473a87fdee86f4,2026-02-25 19:20:49+00:00,16.0,25.0,0.0599,
843,184,elastic/terraform-provider-elasticstack,elastic,reproducer-factory-issue.md,10,2026-05-19 10:46:26+00:00,False,,,,githubnext/agentics/workflows/repo-assist.md,githubnext/agentics/workflows/repo-assist.md,False,dcdcfd1fff79a8908465335200473a87fdee86f4,2026-02-25 19:20:49+00:00,16.0,25.0,0.0599,
844,184,elastic/terraform-provider-elasticstack,elastic,reproducer-factory-issue.md,11,2026-05-20 05:15:12+00:00,False,,,,githubnext/agentics/workflows/repo-assist.md,githubnext/agentics/workflows/repo-assist.md,False,dcdcfd1fff79a8908465335200473a87fdee86f4,2026-02-25 19:20:49+00:00,16.0,25.0,0.0599,
845,184,elastic/terraform-provider-elasticstack,elastic,reproducer-factory-issue.md,12,2026-05-22 06:45:00+00:00,False,,,,githubnext/agentics/workflows/repo-assist.md,githubnext/agentics/workflows/repo-assist.md,False,dcdcfd1fff79a8908465335200473a87fdee86f4,2026-02-25 19:20:49+00:00,16.0,25.0,0.0599,
846,184,elastic/terraform-provider-elasticstack,elastic,reproducer-factory-issue.md,13,2026-06-02 11:35:44+00:00,False,,,,githubnext/agentics/workflows/repo-assist.md,githubnext/agentics/workflows/repo-assist.md,False,dcdcfd1fff79a8908465335200473a87fdee86f4,2026-02-25 19:20:49+00:00,16.0,25.0,0.0599,
847,185,elastic/terraform-provider-elasticstack,elastic,research-factory-issue.md,1,2026-05-08 12:38:15+00:00,False,,,,githubnext/agentics/workflows/repo-assist.md,githubnext/agentics/workflows/repo-assist.md,False,69dc52f93e6abaaeb199c24e22b401f5bb1bac6f,2026-03-07 00:06:02+00:00,19.0,23.0,0.0561,
848,185,elastic/terraform-provider-elasticstack,elastic,research-factory-issue.md,2,2026-05-08 12:53:22+00:00,False,,,,githubnext/agentics/workflows/repo-assist.md,githubnext/agentics/workflows/repo-assist.md,False,69dc52f93e6abaaeb199c24e22b401f5bb1bac6f,2026-03-07 00:06:02+00:00,19.0,23.0,0.0573,
849,185,elastic/terraform-provider-elasticstack,elastic,research-factory-issue.md,3,2026-05-09 12:20:34+00:00,False,,,,githubnext/agentics/workflows/repo-assist.md,githubnext/agentics/workflows/repo-assist.md,False,30e497915b16f1f81b9a5e3afdf89f98228f8e3f,2026-03-08 00:03:03+00:00,21.0,24.0,0.061,
850,185,elastic/terraform-provider-elasticstack,elastic,research-factory-issue.md,4,2026-05-09 13:00:19+00:00,False,,,,githubnext/agentics/workflows/repo-assist.md,githubnext/agentics/workflows/repo-assist.md,False,30e497915b16f1f81b9a5e3afdf89f98228f8e3f,2026-03-08 00:03:03+00:00,21.0,25.0,0.0611,
851,185,elastic/terraform-provider-elasticstack,elastic,research-factory-issue.md,5,2026-05-09 13:17:12+00:00,False,,,,githubnext/agentics/workflows/repo-assist.md,githubnext/agentics/workflows/repo-assist.md,False,30e497915b16f1f81b9a5e3afdf89f98228f8e3f,2026-03-08 00:03:03+00:00,21.0,25.0,0.0611,
852,185,elastic/terraform-provider-elasticstack,elastic,research-factory-issue.md,6,2026-05-10 11:26:57+00:00,False,,,,githubnext/agentics/workflows/repo-assist.md,githubnext/agentics/workflows/repo-assist.md,False,30e497915b16f1f81b9a5e3afdf89f98228f8e3f,2026-03-08 00:03:03+00:00,21.0,25.0,0.0611,
853,185,elastic/terraform-provider-elasticstack,elastic,research-factory-issue.md,7,2026-05-11 02:05:27+00:00,False,,,,githubnext/agentics/workflows/repo-assist.md,githubnext/agentics/workflows/repo-assist.md,False,30e497915b16f1f81b9a5e3afdf89f98228f8e3f,2026-03-08 00:03:03+00:00,21.0,25.0,0.0611,
854,185,elastic/terraform-provider-elasticstack,elastic,research-factory-issue.md,8,2026-05-11 05:07:52+00:00,False,,,,githubnext/agentics/workflows/repo-assist.md,githubnext/agentics/workflows/repo-assist.md,False,30e497915b16f1f81b9a5e3afdf89f98228f8e3f,2026-03-08 00:03:03+00:00,21.0,25.0,0.0611,
855,185,elastic/terraform-provider-elasticstack,elastic,research-factory-issue.md,9,2026-05-14 02:35:56+00:00,False,,,,githubnext/agentics/workflows/repo-assist.md,githubnext/agentics/workflows/repo-assist.md,False,30e497915b16f1f81b9a5e3afdf89f98228f8e3f,2026-03-08 00:03:03+00:00,21.0,25.0,0.0611,
856,185,elastic/terraform-provider-elasticstack,elastic,research-factory-issue.md,10,2026-05-16 11:20:32+00:00,False,,,,githubnext/agentics/workflows/repo-assist.md,githubnext/agentics/workflows/repo-assist.md,False,30e497915b16f1f81b9a5e3afdf89f98228f8e3f,2026-03-08 00:03:03+00:00,21.0,25.0,0.0611,
857,185,elastic/terraform-provider-elasticstack,elastic,research-factory-issue.md,11,2026-05-17 10:56:22+00:00,False,,,,githubnext/agentics/workflows/repo-assist.md,githubnext/agentics/workflows/repo-assist.md,False,30e497915b16f1f81b9a5e3afdf89f98228f8e3f,2026-03-08 00:03:03+00:00,21.0,25.0,0.0611,
858,185,elastic/terraform-provider-elasticstack,elastic,research-factory-issue.md,12,2026-05-18 03:08:06+00:00,False,,,,githubnext/agentics/workflows/repo-assist.md,githubnext/agentics/workflows/repo-assist.md,False,30e497915b16f1f81b9a5e3afdf89f98228f8e3f,2026-03-08 00:03:03+00:00,21.0,25.0,0.0611,
859,185,elastic/terraform-provider-elasticstack,elastic,research-factory-issue.md,13,2026-05-18 09:03:14+00:00,False,,,,githubnext/agentics/workflows/repo-assist.md,githubnext/agentics/workflows/repo-assist.md,False,30e497915b16f1f81b9a5e3afdf89f98228f8e3f,2026-03-08 00:03:03+00:00,21.0,25.0,0.0611,
860,185,elastic/terraform-provider-elasticstack,elastic,research-factory-issue.md,14,2026-05-18 11:26:59+00:00,False,,,,githubnext/agentics/workflows/repo-assist.md,githubnext/agentics/workflows/repo-assist.md,False,30e497915b16f1f81b9a5e3afdf89f98228f8e3f,2026-03-08 00:03:03+00:00,21.0,25.0,0.0611,
861,185,elastic/terraform-provider-elasticstack,elastic,research-factory-issue.md,15,2026-05-19 01:47:03+00:00,False,,,,githubnext/agentics/workflows/repo-assist.md,githubnext/agentics/workflows/repo-assist.md,False,30e497915b16f1f81b9a5e3afdf89f98228f8e3f,2026-03-08 00:03:03+00:00,21.0,25.0,0.0611,
862,185,elastic/terraform-provider-elasticstack,elastic,research-factory-issue.md,16,2026-05-19 01:50:29+00:00,False,,,,githubnext/agentics/workflows/repo-assist.md,githubnext/agentics/workflows/repo-assist.md,False,30e497915b16f1f81b9a5e3afdf89f98228f8e3f,2026-03-08 00:03:03+00:00,21.0,25.0,0.0611,
863,185,elastic/terraform-provider-elasticstack,elastic,research-factory-issue.md,17,2026-05-19 10:46:26+00:00,False,,,,githubnext/agentics/workflows/repo-assist.md,githubnext/agentics/workflows/repo-assist.md,False,30e497915b16f1f81b9a5e3afdf89f98228f8e3f,2026-03-08 00:03:03+00:00,21.0,25.0,0.0611,
864,185,elastic/terraform-provider-elasticstack,elastic,research-factory-issue.md,18,2026-05-22 06:45:00+00:00,False,,,,githubnext/agentics/workflows/repo-assist.md,githubnext/agentics/workflows/repo-assist.md,False,30e497915b16f1f81b9a5e3afdf89f98228f8e3f,2026-03-08 00:03:03+00:00,21.0,25.0,0.0611,
865,185,elastic/terraform-provider-elasticstack,elastic,research-factory-issue.md,19,2026-06-02 11:35:44+00:00,False,,,,githubnext/agentics/workflows/repo-assist.md,githubnext/agentics/workflows/repo-assist.md,False,30e497915b16f1f81b9a5e3afdf89f98228f8e3f,2026-03-08 00:03:03+00:00,21.0,25.0,0.0611,
866,186,elastic/terraform-provider-elasticstack,elastic,schema-coverage-rotation.md,1,2026-03-05 00:38:50+00:00,False,,,,githubnext/agentics/workflows/daily-test-improver.md,githubnext/agentics/workflows/daily-test-improver.md,False,b0e9cfd3a20372ce7fe0462bb7bbca2272df4a88,2026-02-24 04:16:22+00:00,47.0,48.0,0.0458,
867,186,elastic/terraform-provider-elasticstack,elastic,schema-coverage-rotation.md,2,2026-03-05 02:33:21+00:00,False,,,,githubnext/agentics/workflows/daily-test-improver.md,githubnext/agentics/workflows/daily-test-improver.md,False,b0e9cfd3a20372ce7fe0462bb7bbca2272df4a88,2026-02-24 04:16:22+00:00,47.0,48.0,0.0458,
868,186,elastic/terraform-provider-elasticstack,elastic,schema-coverage-rotation.md,3,2026-03-05 02:56:53+00:00,False,,,,github/gh-aw/.github/workflows/shared/copilot-pr-data-fetch.md,github/gh-aw/.github/workflows/shared/copilot-pr-data-fetch.md,True,54de45e8672314c1eae148efae24779db2d7111b,2025-11-18 06:01:04+00:00,2.0,3.0,0.05,
869,186,elastic/terraform-provider-elasticstack,elastic,schema-coverage-rotation.md,4,2026-03-05 04:08:43+00:00,False,,,,githubnext/agentics/workflows/daily-test-improver.md,githubnext/agentics/workflows/daily-test-improver.md,False,b0e9cfd3a20372ce7fe0462bb7bbca2272df4a88,2026-02-24 04:16:22+00:00,47.0,48.0,0.0537,
870,186,elastic/terraform-provider-elasticstack,elastic,schema-coverage-rotation.md,5,2026-03-05 05:34:02+00:00,False,,,,githubnext/agentics/workflows/daily-test-improver.md,githubnext/agentics/workflows/daily-test-improver.md,False,b0e9cfd3a20372ce7fe0462bb7bbca2272df4a88,2026-02-24 04:16:22+00:00,47.0,48.0,0.057,
871,186,elastic/terraform-provider-elasticstack,elastic,schema-coverage-rotation.md,6,2026-03-05 07:20:02+00:00,False,,,,githubnext/agentics/workflows/daily-test-improver.md,githubnext/agentics/workflows/daily-test-improver.md,False,b0e9cfd3a20372ce7fe0462bb7bbca2272df4a88,2026-02-24 04:16:22+00:00,47.0,48.0,0.057,
872,186,elastic/terraform-provider-elasticstack,elastic,schema-coverage-rotation.md,7,2026-03-13 02:10:52+00:00,False,,,,githubnext/agentics/workflows/daily-test-improver.md,githubnext/agentics/workflows/daily-test-improver.md,False,d975fee907421105562226072b27345545862e92,2026-03-07 18:15:29+00:00,49.0,51.0,0.059,
873,186,elastic/terraform-provider-elasticstack,elastic,schema-coverage-rotation.md,8,2026-03-13 02:31:14+00:00,False,,,,githubnext/agentics/workflows/daily-test-improver.md,githubnext/agentics/workflows/daily-test-improver.md,False,d975fee907421105562226072b27345545862e92,2026-03-07 18:15:29+00:00,49.0,51.0,0.059,
874,186,elastic/terraform-provider-elasticstack,elastic,schema-coverage-rotation.md,9,2026-03-24 01:44:19+00:00,False,,,,githubnext/agentics/workflows/daily-test-improver.md,githubnext/agentics/workflows/daily-test-improver.md,False,d975fee907421105562226072b27345545862e92,2026-03-07 18:15:29+00:00,49.0,51.0,0.059,
875,186,elastic/terraform-provider-elasticstack,elastic,schema-coverage-rotation.md,10,2026-03-24 02:19:47+00:00,False,,,,githubnext/agentics/workflows/daily-test-improver.md,githubnext/agentics/workflows/daily-test-improver.md,False,d975fee907421105562226072b27345545862e92,2026-03-07 18:15:29+00:00,49.0,51.0,0.0591,
876,186,elastic/terraform-provider-elasticstack,elastic,schema-coverage-rotation.md,11,2026-04-09 11:33:09+00:00,False,,,,githubnext/agentics/workflows/daily-test-improver.md,githubnext/agentics/workflows/daily-test-improver.md,False,d975fee907421105562226072b27345545862e92,2026-03-07 18:15:29+00:00,49.0,51.0,0.0591,
877,186,elastic/terraform-provider-elasticstack,elastic,schema-coverage-rotation.md,12,2026-04-11 20:45:20+00:00,False,,,,githubnext/agentics/workflows/daily-test-improver.md,githubnext/agentics/workflows/daily-test-improver.md,False,d975fee907421105562226072b27345545862e92,2026-03-07 18:15:29+00:00,49.0,51.0,0.0586,
878,186,elastic/terraform-provider-elasticstack,elastic,schema-coverage-rotation.md,13,2026-04-12 12:40:58+00:00,False,,,,githubnext/agentics/workflows/daily-test-improver.md,githubnext/agentics/workflows/daily-test-improver.md,False,d975fee907421105562226072b27345545862e92,2026-03-07 18:15:29+00:00,49.0,51.0,0.0586,
879,186,elastic/terraform-provider-elasticstack,elastic,schema-coverage-rotation.md,14,2026-04-14 07:22:29+00:00,False,,,,githubnext/agentics/workflows/daily-test-improver.md,githubnext/agentics/workflows/daily-test-improver.md,False,d975fee907421105562226072b27345545862e92,2026-03-07 18:15:29+00:00,49.0,51.0,0.0583,
880,186,elastic/terraform-provider-elasticstack,elastic,schema-coverage-rotation.md,15,2026-04-14 23:03:12+00:00,False,,,,githubnext/agentics/workflows/daily-test-improver.md,githubnext/agentics/workflows/daily-test-improver.md,False,d975fee907421105562226072b27345545862e92,2026-03-07 18:15:29+00:00,49.0,51.0,0.0583,
881,186,elastic/terraform-provider-elasticstack,elastic,schema-coverage-rotation.md,16,2026-04-22 00:43:20+00:00,False,,,,githubnext/agentics/workflows/daily-test-improver.md,githubnext/agentics/workflows/daily-test-improver.md,False,d975fee907421105562226072b27345545862e92,2026-03-07 18:15:29+00:00,49.0,51.0,0.0583,
882,186,elastic/terraform-provider-elasticstack,elastic,schema-coverage-rotation.md,17,2026-04-23 04:06:45+00:00,False,,,,githubnext/agentics/workflows/daily-test-improver.md,githubnext/agentics/workflows/daily-test-improver.md,False,d975fee907421105562226072b27345545862e92,2026-03-07 18:15:29+00:00,49.0,51.0,0.0583,
883,186,elastic/terraform-provider-elasticstack,elastic,schema-coverage-rotation.md,18,2026-05-04 07:55:37+00:00,False,,,,githubnext/agentics/workflows/daily-test-improver.md,githubnext/agentics/workflows/daily-test-improver.md,False,d975fee907421105562226072b27345545862e92,2026-03-07 18:15:29+00:00,49.0,51.0,0.0583,
884,186,elastic/terraform-provider-elasticstack,elastic,schema-coverage-rotation.md,19,2026-05-04 07:59:58+00:00,False,,,,githubnext/agentics/workflows/daily-test-improver.md,githubnext/agentics/workflows/daily-test-improver.md,False,d975fee907421105562226072b27345545862e92,2026-03-07 18:15:29+00:00,49.0,51.0,0.0583,
885,186,elastic/terraform-provider-elasticstack,elastic,schema-coverage-rotation.md,20,2026-05-05 03:46:38+00:00,False,,,,githubnext/agentics/workflows/repo-assist.md,githubnext/agentics/workflows/repo-assist.md,False,d975fee907421105562226072b27345545862e92,2026-03-07 18:15:29+00:00,20.0,23.0,0.0562,
886,186,elastic/terraform-provider-elasticstack,elastic,schema-coverage-rotation.md,21,2026-05-06 04:15:33+00:00,False,,,,githubnext/agentics/workflows/repo-assist.md,githubnext/agentics/workflows/repo-assist.md,False,d975fee907421105562226072b27345545862e92,2026-03-07 18:15:29+00:00,20.0,23.0,0.0578,
887,186,elastic/terraform-provider-elasticstack,elastic,schema-coverage-rotation.md,22,2026-05-16 12:09:11+00:00,False,,,,githubnext/agentics/workflows/repo-assist.md,githubnext/agentics/workflows/repo-assist.md,False,d975fee907421105562226072b27345545862e92,2026-03-07 18:15:29+00:00,20.0,25.0,0.0578,
888,186,elastic/terraform-provider-elasticstack,elastic,schema-coverage-rotation.md,23,2026-05-18 03:08:06+00:00,False,,,,githubnext/agentics/workflows/repo-assist.md,githubnext/agentics/workflows/repo-assist.md,False,d975fee907421105562226072b27345545862e92,2026-03-07 18:15:29+00:00,20.0,25.0,0.0578,
889,186,elastic/terraform-provider-elasticstack,elastic,schema-coverage-rotation.md,24,2026-05-18 09:03:14+00:00,False,,,,githubnext/agentics/workflows/repo-assist.md,githubnext/agentics/workflows/repo-assist.md,False,d975fee907421105562226072b27345545862e92,2026-03-07 18:15:29+00:00,20.0,25.0,0.0578,
890,186,elastic/terraform-provider-elasticstack,elastic,schema-coverage-rotation.md,25,2026-05-18 11:26:59+00:00,False,,,,githubnext/agentics/workflows/repo-assist.md,githubnext/agentics/workflows/repo-assist.md,False,d975fee907421105562226072b27345545862e92,2026-03-07 18:15:29+00:00,20.0,25.0,0.0578,
891,186,elastic/terraform-provider-elasticstack,elastic,schema-coverage-rotation.md,26,2026-05-22 06:45:00+00:00,False,,,,githubnext/agentics/workflows/repo-assist.md,githubnext/agentics/workflows/repo-assist.md,False,d975fee907421105562226072b27345545862e92,2026-03-07 18:15:29+00:00,20.0,25.0,0.0578,
892,186,elastic/terraform-provider-elasticstack,elastic,schema-coverage-rotation.md,27,2026-05-22 12:20:13+00:00,False,,,,githubnext/agentics/workflows/repo-assist.md,githubnext/agentics/workflows/repo-assist.md,False,d975fee907421105562226072b27345545862e92,2026-03-07 18:15:29+00:00,20.0,25.0,0.0578,
893,186,elastic/terraform-provider-elasticstack,elastic,schema-coverage-rotation.md,28,2026-06-02 11:35:44+00:00,False,,,,githubnext/agentics/workflows/repo-assist.md,githubnext/agentics/workflows/repo-assist.md,False,d975fee907421105562226072b27345545862e92,2026-03-07 18:15:29+00:00,20.0,25.0,0.0578,
894,187,elastic/terraform-provider-elasticstack,elastic,security-role-docs-drift.md,1,2026-05-27 10:51:51+00:00,False,,,,github/gh-aw/.github/workflows/daily-doc-updater.md,github/gh-aw/.github/workflows/daily-doc-updater.md,False,8b089d17e83805175b88a9ebf4bcc419595a307c,2026-02-26 20:31:29+00:00,7.0,21.0,0.0477,
895,187,elastic/terraform-provider-elasticstack,elastic,security-role-docs-drift.md,2,2026-06-02 11:35:44+00:00,False,,,,github/gh-aw/.github/workflows/daily-doc-updater.md,github/gh-aw/.github/workflows/daily-doc-updater.md,False,8b089d17e83805175b88a9ebf4bcc419595a307c,2026-02-26 20:31:29+00:00,7.0,23.0,0.0477,
896,188,elastic/terraform-provider-elasticstack,elastic,semantic-function-refactor.md,1,2026-05-04 23:22:27+00:00,False,,,,github/gh-aw/.github/workflows/duplicate-code-detector.md,github/gh-aw/.github/workflows/duplicate-code-detector.md,False,8adb0aec90a1468c771833103a1596ef7a3a0672,2025-10-28 01:37:37+00:00,7.0,11.0,0.33,
897,188,elastic/terraform-provider-elasticstack,elastic,semantic-function-refactor.md,2,2026-05-05 03:46:38+00:00,False,,,,github/gh-aw/.github/workflows/duplicate-code-detector.md,github/gh-aw/.github/workflows/duplicate-code-detector.md,False,8adb0aec90a1468c771833103a1596ef7a3a0672,2025-10-28 01:37:37+00:00,7.0,11.0,0.33,
898,188,elastic/terraform-provider-elasticstack,elastic,semantic-function-refactor.md,3,2026-05-06 04:15:33+00:00,False,,,,github/gh-aw/.github/workflows/duplicate-code-detector.md,github/gh-aw/.github/workflows/duplicate-code-detector.md,False,8adb0aec90a1468c771833103a1596ef7a3a0672,2025-10-28 01:37:37+00:00,7.0,11.0,0.3282,
899,188,elastic/terraform-provider-elasticstack,elastic,semantic-function-refactor.md,4,2026-05-16 12:09:11+00:00,False,,,,github/gh-aw/.github/workflows/duplicate-code-detector.md,github/gh-aw/.github/workflows/duplicate-code-detector.md,False,8adb0aec90a1468c771833103a1596ef7a3a0672,2025-10-28 01:37:37+00:00,7.0,11.0,0.3282,
900,188,elastic/terraform-provider-elasticstack,elastic,semantic-function-refactor.md,5,2026-05-18 09:03:14+00:00,False,,,,github/gh-aw/.github/workflows/duplicate-code-detector.md,github/gh-aw/.github/workflows/duplicate-code-detector.md,False,8adb0aec90a1468c771833103a1596ef7a3a0672,2025-10-28 01:37:37+00:00,7.0,11.0,0.3282,
901,188,elastic/terraform-provider-elasticstack,elastic,semantic-function-refactor.md,6,2026-05-18 11:26:59+00:00,False,,,,github/gh-aw/.github/workflows/duplicate-code-detector.md,github/gh-aw/.github/workflows/duplicate-code-detector.md,False,8adb0aec90a1468c771833103a1596ef7a3a0672,2025-10-28 01:37:37+00:00,7.0,11.0,0.3282,
902,188,elastic/terraform-provider-elasticstack,elastic,semantic-function-refactor.md,7,2026-05-19 01:50:29+00:00,False,,,,github/gh-aw/.github/workflows/duplicate-code-detector.md,github/gh-aw/.github/workflows/duplicate-code-detector.md,False,8adb0aec90a1468c771833103a1596ef7a3a0672,2025-10-28 01:37:37+00:00,7.0,11.0,0.3282,
903,188,elastic/terraform-provider-elasticstack,elastic,semantic-function-refactor.md,8,2026-05-19 08:06:32+00:00,False,,,,github/gh-aw/.github/workflows/duplicate-code-detector.md,github/gh-aw/.github/workflows/duplicate-code-detector.md,False,8adb0aec90a1468c771833103a1596ef7a3a0672,2025-10-28 01:37:37+00:00,7.0,11.0,0.3271,
904,188,elastic/terraform-provider-elasticstack,elastic,semantic-function-refactor.md,9,2026-05-19 21:25:56+00:00,False,,,,github/gh-aw/.github/workflows/duplicate-code-detector.md,github/gh-aw/.github/workflows/duplicate-code-detector.md,False,8adb0aec90a1468c771833103a1596ef7a3a0672,2025-10-28 01:37:37+00:00,7.0,11.0,0.3271,
905,188,elastic/terraform-provider-elasticstack,elastic,semantic-function-refactor.md,10,2026-05-20 00:03:46+00:00,False,,,,github/gh-aw/.github/workflows/duplicate-code-detector.md,github/gh-aw/.github/workflows/duplicate-code-detector.md,False,8adb0aec90a1468c771833103a1596ef7a3a0672,2025-10-28 01:37:37+00:00,7.0,11.0,0.3271,
906,188,elastic/terraform-provider-elasticstack,elastic,semantic-function-refactor.md,11,2026-05-20 00:46:18+00:00,False,,,,github/gh-aw/.github/workflows/duplicate-code-detector.md,github/gh-aw/.github/workflows/duplicate-code-detector.md,False,8adb0aec90a1468c771833103a1596ef7a3a0672,2025-10-28 01:37:37+00:00,7.0,11.0,0.3271,
907,188,elastic/terraform-provider-elasticstack,elastic,semantic-function-refactor.md,12,2026-05-22 06:45:00+00:00,False,,,,github/gh-aw/.github/workflows/duplicate-code-detector.md,github/gh-aw/.github/workflows/duplicate-code-detector.md,False,8adb0aec90a1468c771833103a1596ef7a3a0672,2025-10-28 01:37:37+00:00,7.0,11.0,0.3285,
908,188,elastic/terraform-provider-elasticstack,elastic,semantic-function-refactor.md,13,2026-05-22 12:20:13+00:00,False,,,,github/gh-aw/.github/workflows/duplicate-code-detector.md,github/gh-aw/.github/workflows/duplicate-code-detector.md,False,8adb0aec90a1468c771833103a1596ef7a3a0672,2025-10-28 01:37:37+00:00,7.0,11.0,0.3285,
909,188,elastic/terraform-provider-elasticstack,elastic,semantic-function-refactor.md,14,2026-06-02 11:35:44+00:00,False,,,,github/gh-aw/.github/workflows/duplicate-code-detector.md,github/gh-aw/.github/workflows/duplicate-code-detector.md,False,8adb0aec90a1468c771833103a1596ef7a3a0672,2025-10-28 01:37:37+00:00,7.0,11.0,0.3285,
910,189,pulumi/pulumi-azuread,pulumi,gh-aw-pr-rereview.md,1,2026-05-12 06:21:22+00:00,True,pulumi-labs/gh-aw-internal/.github/workflows/gh-aw-pr-rereview.md@8a92f53fac170563f7727cacab2dbedb5d5b9e29,ok,pulumi-labs/gh-aw-internal/.github/workflows/gh-aw-pr-rereview.md,,,,,,,,,
911,190,pulumi/pulumi-azuread,pulumi,gh-aw-pr-review.md,1,2026-05-12 06:21:22+00:00,True,pulumi-labs/gh-aw-internal/.github/workflows/gh-aw-pr-review.md@8a92f53fac170563f7727cacab2dbedb5d5b9e29,ok,pulumi-labs/gh-aw-internal/.github/workflows/gh-aw-pr-review.md,,,,,,,,,
912,191,pulumi/pulumi-gitlab,pulumi,gh-aw-pr-rereview.md,1,2026-05-12 06:42:27+00:00,True,pulumi-labs/gh-aw-internal/.github/workflows/gh-aw-pr-rereview.md@8a92f53fac170563f7727cacab2dbedb5d5b9e29,ok,pulumi-labs/gh-aw-internal/.github/workflows/gh-aw-pr-rereview.md,,,,,,,,,
913,192,pulumi/pulumi-gitlab,pulumi,gh-aw-pr-review.md,1,2026-05-12 06:42:27+00:00,True,pulumi-labs/gh-aw-internal/.github/workflows/gh-aw-pr-review.md@8a92f53fac170563f7727cacab2dbedb5d5b9e29,ok,pulumi-labs/gh-aw-internal/.github/workflows/gh-aw-pr-review.md,,,,,,,,,
914,193,pulumi/pulumi-datadog,pulumi,gh-aw-pr-rereview.md,1,2026-05-12 06:42:51+00:00,True,pulumi-labs/gh-aw-internal/.github/workflows/gh-aw-pr-rereview.md@8a92f53fac170563f7727cacab2dbedb5d5b9e29,ok,pulumi-labs/gh-aw-internal/.github/workflows/gh-aw-pr-rereview.md,,,,,,,,,
915,194,pulumi/pulumi-datadog,pulumi,gh-aw-pr-review.md,1,2026-05-12 06:42:51+00:00,True,pulumi-labs/gh-aw-internal/.github/workflows/gh-aw-pr-review.md@8a92f53fac170563f7727cacab2dbedb5d5b9e29,ok,pulumi-labs/gh-aw-internal/.github/workflows/gh-aw-pr-review.md,,,,,,,,,
916,195,advanced-security/advanced-security-material,advanced-security,codeql-version-tracker.md,1,2026-04-21 19:12:16+00:00,False,,,,githubnext/agentics/workflows/repo-assist.md,githubnext/agentics/workflows/repo-assist.md,False,2f03fdaafb8c1ae62dfde7e0be762a822a201aeb,2026-02-23 19:47:18+00:00,14.0,22.0,0.0617,
917,195,advanced-security/advanced-security-material,advanced-security,codeql-version-tracker.md,2,2026-04-22 17:28:46+00:00,False,,,,githubnext/agentics/workflows/repo-assist.md,githubnext/agentics/workflows/repo-assist.md,False,afb00b92a9514fee9a14c583f059a03d05738f70,2026-02-26 13:40:39+00:00,18.0,22.0,0.07,
918,195,advanced-security/advanced-security-material,advanced-security,codeql-version-tracker.md,3,2026-04-22 17:39:48+00:00,False,,,,githubnext/agentics/workflows/repo-assist.md,githubnext/agentics/workflows/repo-assist.md,False,afb00b92a9514fee9a14c583f059a03d05738f70,2026-02-26 13:40:39+00:00,18.0,22.0,0.0712,
919,195,advanced-security/advanced-security-material,advanced-security,codeql-version-tracker.md,4,2026-04-22 17:54:42+00:00,False,,,,githubnext/agentics/workflows/repo-assist.md,githubnext/agentics/workflows/repo-assist.md,False,afb00b92a9514fee9a14c583f059a03d05738f70,2026-02-26 13:40:39+00:00,18.0,22.0,0.0713,
920,195,advanced-security/advanced-security-material,advanced-security,codeql-version-tracker.md,5,2026-04-22 18:06:51+00:00,False,,,,githubnext/agentics/workflows/repo-assist.md,githubnext/agentics/workflows/repo-assist.md,False,afb00b92a9514fee9a14c583f059a03d05738f70,2026-02-26 13:40:39+00:00,18.0,22.0,0.0713,
921,195,advanced-security/advanced-security-material,advanced-security,codeql-version-tracker.md,6,2026-04-22 18:37:49+00:00,False,,,,githubnext/agentics/workflows/repo-assist.md,githubnext/agentics/workflows/repo-assist.md,False,afb00b92a9514fee9a14c583f059a03d05738f70,2026-02-26 13:40:39+00:00,18.0,22.0,0.0719,
922,195,advanced-security/advanced-security-material,advanced-security,codeql-version-tracker.md,7,2026-06-23 15:48:51+00:00,False,,,,githubnext/agentics/workflows/repo-assist.md,githubnext/agentics/workflows/repo-assist.md,False,afb00b92a9514fee9a14c583f059a03d05738f70,2026-02-26 13:40:39+00:00,18.0,25.0,0.0719,
923,195,advanced-security/advanced-security-material,advanced-security,codeql-version-tracker.md,8,2026-06-23 16:41:59+00:00,False,,,,githubnext/agentics/workflows/repo-assist.md,githubnext/agentics/workflows/repo-assist.md,False,afb00b92a9514fee9a14c583f059a03d05738f70,2026-02-26 13:40:39+00:00,18.0,25.0,0.0719,
924,196,advanced-security/advanced-security-material,advanced-security,update-ghas-matrix.md,1,2026-03-20 20:59:58+00:00,False,,,,github/gh-aw/.github/workflows/daily-doc-updater.md,github/gh-aw/.github/workflows/daily-doc-updater.md,False,83d14e39e312775d09002b98cb62d819af6d244f,2026-01-28 13:54:32+00:00,5.0,10.0,0.0718,
925,196,advanced-security/advanced-security-material,advanced-security,update-ghas-matrix.md,2,2026-03-20 21:03:24+00:00,False,,,,github/gh-aw/.github/workflows/daily-doc-updater.md,github/gh-aw/.github/workflows/daily-doc-updater.md,False,fe2713ba4bb447a2e38905f4a47920531bc59cdd,2026-02-24 04:25:20+00:00,6.0,10.0,0.0765,
926,196,advanced-security/advanced-security-material,advanced-security,update-ghas-matrix.md,3,2026-03-20 22:37:52+00:00,False,,,,github/gh-aw/.github/workflows/daily-doc-updater.md,github/gh-aw/.github/workflows/daily-doc-updater.md,False,fe2713ba4bb447a2e38905f4a47920531bc59cdd,2026-02-24 04:25:20+00:00,6.0,10.0,0.0765,
927,196,advanced-security/advanced-security-material,advanced-security,update-ghas-matrix.md,4,2026-03-21 02:34:06+00:00,False,,,,github/gh-aw/.github/workflows/daily-doc-updater.md,github/gh-aw/.github/workflows/daily-doc-updater.md,False,fe2713ba4bb447a2e38905f4a47920531bc59cdd,2026-02-24 04:25:20+00:00,6.0,10.0,0.0765,
928,196,advanced-security/advanced-security-material,advanced-security,update-ghas-matrix.md,5,2026-03-30 17:50:27+00:00,False,,,,github/gh-aw/.github/workflows/daily-doc-updater.md,github/gh-aw/.github/workflows/daily-doc-updater.md,False,fe2713ba4bb447a2e38905f4a47920531bc59cdd,2026-02-24 04:25:20+00:00,6.0,11.0,0.0803,
929,196,advanced-security/advanced-security-material,advanced-security,update-ghas-matrix.md,6,2026-03-30 18:18:54+00:00,False,,,,github/gh-aw/.github/workflows/daily-doc-updater.md,github/gh-aw/.github/workflows/daily-doc-updater.md,False,fe2713ba4bb447a2e38905f4a47920531bc59cdd,2026-02-24 04:25:20+00:00,6.0,11.0,0.0806,
930,196,advanced-security/advanced-security-material,advanced-security,update-ghas-matrix.md,7,2026-03-30 18:21:22+00:00,False,,,,github/gh-aw/.github/workflows/daily-doc-updater.md,github/gh-aw/.github/workflows/daily-doc-updater.md,False,fe2713ba4bb447a2e38905f4a47920531bc59cdd,2026-02-24 04:25:20+00:00,6.0,11.0,0.0806,
931,196,advanced-security/advanced-security-material,advanced-security,update-ghas-matrix.md,8,2026-04-22 18:06:51+00:00,False,,,,github/gh-aw/.github/workflows/daily-doc-updater.md,github/gh-aw/.github/workflows/daily-doc-updater.md,False,fe2713ba4bb447a2e38905f4a47920531bc59cdd,2026-02-24 04:25:20+00:00,6.0,17.0,0.0806,
932,196,advanced-security/advanced-security-material,advanced-security,update-ghas-matrix.md,9,2026-04-22 18:32:57+00:00,False,,,,github/gh-aw/.github/workflows/daily-doc-updater.md,github/gh-aw/.github/workflows/daily-doc-updater.md,False,fe2713ba4bb447a2e38905f4a47920531bc59cdd,2026-02-24 04:25:20+00:00,6.0,17.0,0.0815,
933,196,advanced-security/advanced-security-material,advanced-security,update-ghas-matrix.md,10,2026-06-23 15:37:45+00:00,False,,,,github/gh-aw/.github/workflows/daily-doc-updater.md,github/gh-aw/.github/workflows/daily-doc-updater.md,False,81811c5e30a0b454f36dce5b71b70328b0a7019a,2026-04-15 13:45:28+00:00,15.0,23.0,0.0741,
934,196,advanced-security/advanced-security-material,advanced-security,update-ghas-matrix.md,11,2026-06-23 15:48:35+00:00,False,,,,github/gh-aw/.github/workflows/daily-doc-updater.md,github/gh-aw/.github/workflows/daily-doc-updater.md,False,81811c5e30a0b454f36dce5b71b70328b0a7019a,2026-04-15 13:45:28+00:00,15.0,23.0,0.0741,
935,197,pulumi/pulumi-command,pulumi,gh-aw-pr-rereview.md,1,2026-05-12 06:27:00+00:00,True,pulumi-labs/gh-aw-internal/.github/workflows/gh-aw-pr-rereview.md@8a92f53fac170563f7727cacab2dbedb5d5b9e29,ok,pulumi-labs/gh-aw-internal/.github/workflows/gh-aw-pr-rereview.md,,,,,,,,,
936,198,pulumi/pulumi-command,pulumi,gh-aw-pr-review.md,1,2026-05-12 06:27:00+00:00,True,pulumi-labs/gh-aw-internal/.github/workflows/gh-aw-pr-review.md@8a92f53fac170563f7727cacab2dbedb5d5b9e29,ok,pulumi-labs/gh-aw-internal/.github/workflows/gh-aw-pr-review.md,,,,,,,,,
937,199,anweiss/cddl,anweiss,ci-doctor.md,1,2026-04-06 18:55:50+00:00,False,github/gh-aw/.github/workflows/ci-doctor.md@852cb06ad52958b402ed982b69957ffc57ca0619,ok,github/gh-aw/.github/workflows/ci-doctor.md,github/gh-aw/.github/workflows/ci-doctor.md,githubnext/agentics/workflows/ci-doctor.md,False,ba963a873b547e3365debe87ae4ed84220cd3c1f,2026-02-12 11:47:31+00:00,7.0,13.0,1.0,1.0
938,200,r12f/rnp,r12f,daily-repo-status.md,1,2026-02-03 01:18:33+00:00,False,githubnext/agentics/workflows/daily-repo-status.md@5cb588f3a48ae0cc671c4aab15ec162a976bff1a,ok,githubnext/agentics/workflows/daily-repo-status.md,githubnext/agentics/workflows/daily-repo-status.md,githubnext/agentics/workflows/daily-repo-status.md,False,3eae9b88d024036be45d668e3404f8662f94d878,2026-01-26 19:57:42+00:00,1.0,1.0,1.0,1.0
939,201,guitarrapc/githubactions-lab,guitarrapc,monthly-oss-repo-status.md,1,2026-04-01 08:01:37+00:00,False,,,,githubnext/agentics/workflows/daily-repo-status.md,githubnext/agentics/workflows/daily-repo-status.md,False,3eae9b88d024036be45d668e3404f8662f94d878,2026-01-26 19:57:42+00:00,1.0,1.0,0.1968,
940,201,guitarrapc/githubactions-lab,guitarrapc,monthly-oss-repo-status.md,2,2026-04-01 08:30:50+00:00,False,,,,githubnext/agentics/workflows/daily-repo-status.md,githubnext/agentics/workflows/daily-repo-status.md,False,3eae9b88d024036be45d668e3404f8662f94d878,2026-01-26 19:57:42+00:00,1.0,1.0,0.1968,
941,201,guitarrapc/githubactions-lab,guitarrapc,monthly-oss-repo-status.md,3,2026-04-01 10:45:38+00:00,False,,,,githubnext/agentics/workflows/daily-repo-status.md,githubnext/agentics/workflows/daily-repo-status.md,False,3eae9b88d024036be45d668e3404f8662f94d878,2026-01-26 19:57:42+00:00,1.0,1.0,0.1968,
942,202,Azure/azure-sdk-for-rust,Azure,issue-triage.md,1,2026-03-10 03:21:00+00:00,False,githubnext/agentics/workflows/issue-triage.md@8e6d7c86bba37371d2d0eee1a23563db3e561eb5,ok,githubnext/agentics/workflows/issue-triage.md,githubnext/agentics/workflows/issue-triage.md,githubnext/agentics/workflows/agentic-triage.md,False,bf8d330e628f2c235cd9304310156bdbbfa61123,2025-10-24 19:03:24+00:00,20.0,21.0,0.5742,0.5742
943,202,Azure/azure-sdk-for-rust,Azure,issue-triage.md,2,2026-03-13 00:25:09+00:00,False,githubnext/agentics/workflows/issue-triage.md@8e6d7c86bba37371d2d0eee1a23563db3e561eb5,ok,githubnext/agentics/workflows/issue-triage.md,githubnext/agentics/workflows/issue-triage.md,githubnext/agentics/workflows/agentic-triage.md,False,bf8d330e628f2c235cd9304310156bdbbfa61123,2025-10-24 19:03:24+00:00,20.0,21.0,0.2769,0.2769
944,202,Azure/azure-sdk-for-rust,Azure,issue-triage.md,3,2026-03-16 23:16:13+00:00,False,githubnext/agentics/workflows/issue-triage.md@8e6d7c86bba37371d2d0eee1a23563db3e561eb5,ok,githubnext/agentics/workflows/issue-triage.md,githubnext/agentics/workflows/issue-triage.md,githubnext/agentics/workflows/agentic-triage.md,False,bf8d330e628f2c235cd9304310156bdbbfa61123,2025-10-24 19:03:24+00:00,20.0,21.0,0.2769,0.2769
945,202,Azure/azure-sdk-for-rust,Azure,issue-triage.md,4,2026-03-20 01:42:35+00:00,False,githubnext/agentics/workflows/issue-triage.md@8e6d7c86bba37371d2d0eee1a23563db3e561eb5,ok,githubnext/agentics/workflows/issue-triage.md,githubnext/agentics/workflows/issue-triage.md,githubnext/agentics/workflows/agentic-triage.md,False,bf8d330e628f2c235cd9304310156bdbbfa61123,2025-10-24 19:03:24+00:00,20.0,21.0,0.2769,0.2769
946,202,Azure/azure-sdk-for-rust,Azure,issue-triage.md,5,2026-03-24 21:55:00+00:00,False,githubnext/agentics/workflows/issue-triage.md@8e6d7c86bba37371d2d0eee1a23563db3e561eb5,ok,githubnext/agentics/workflows/issue-triage.md,githubnext/agentics/workflows/issue-triage.md,githubnext/agentics/workflows/agentic-triage.md,False,bf8d330e628f2c235cd9304310156bdbbfa61123,2025-10-24 19:03:24+00:00,20.0,21.0,0.2769,0.2769
947,202,Azure/azure-sdk-for-rust,Azure,issue-triage.md,6,2026-03-25 23:09:23+00:00,False,githubnext/agentics/workflows/issue-triage.md@8e6d7c86bba37371d2d0eee1a23563db3e561eb5,ok,githubnext/agentics/workflows/issue-triage.md,githubnext/agentics/workflows/issue-triage.md,githubnext/agentics/workflows/agentic-triage.md,False,bf8d330e628f2c235cd9304310156bdbbfa61123,2025-10-24 19:03:24+00:00,20.0,21.0,0.2769,0.2769
948,202,Azure/azure-sdk-for-rust,Azure,issue-triage.md,7,2026-03-26 20:54:26+00:00,False,githubnext/agentics/workflows/issue-triage.md@8e6d7c86bba37371d2d0eee1a23563db3e561eb5,ok,githubnext/agentics/workflows/issue-triage.md,githubnext/agentics/workflows/issue-triage.md,githubnext/agentics/workflows/agentic-triage.md,False,bf8d330e628f2c235cd9304310156bdbbfa61123,2025-10-24 19:03:24+00:00,20.0,21.0,0.2769,0.2769
949,202,Azure/azure-sdk-for-rust,Azure,issue-triage.md,8,2026-04-22 00:17:42+00:00,False,githubnext/agentics/workflows/issue-triage.md@8e6d7c86bba37371d2d0eee1a23563db3e561eb5,ok,githubnext/agentics/workflows/issue-triage.md,githubnext/agentics/workflows/issue-triage.md,githubnext/agentics/workflows/agentic-triage.md,False,bf8d330e628f2c235cd9304310156bdbbfa61123,2025-10-24 19:03:24+00:00,20.0,21.0,0.2755,0.2755
950,202,Azure/azure-sdk-for-rust,Azure,issue-triage.md,9,2026-04-23 00:17:21+00:00,False,githubnext/agentics/workflows/issue-triage.md@8e6d7c86bba37371d2d0eee1a23563db3e561eb5,ok,githubnext/agentics/workflows/issue-triage.md,githubnext/agentics/workflows/issue-triage.md,githubnext/agentics/workflows/agentic-triage.md,False,bf8d330e628f2c235cd9304310156bdbbfa61123,2025-10-24 19:03:24+00:00,20.0,21.0,0.2706,0.2706
951,202,Azure/azure-sdk-for-rust,Azure,issue-triage.md,10,2026-05-18 19:22:49+00:00,False,githubnext/agentics/workflows/issue-triage.md@8e6d7c86bba37371d2d0eee1a23563db3e561eb5,ok,githubnext/agentics/workflows/issue-triage.md,githubnext/agentics/workflows/issue-triage.md,githubnext/agentics/workflows/agentic-triage.md,False,eb489a0b6cb3bd7c7f94d5d3362237641c22cd31,2025-10-11 18:52:59+00:00,18.0,23.0,0.0973,0.0954
952,203,prowler-cloud/prowler,prowler-cloud,issue-triage.md,1,2026-02-23 15:09:35+00:00,False,,,,githubnext/agentics/workflows/pr-fix.md,githubnext/agentics/workflows/pr-fix.md,False,adea00ee5830135f24022f1000d706c7f5fa24c4,2026-02-16 20:30:45+00:00,18.0,20.0,0.0736,
953,204,microsoft/vscode-pylint,microsoft,check-python-versions.md,1,2026-02-17 21:42:37+00:00,False,,,,githubnext/agentics/workflows/agentic-dependency-updater.md,githubnext/agentics/workflows/agentic-dependency-updater.md,False,3ef9ccd7e4e85b3ca1e0a50f53b49e7760ffed77,2025-07-28 21:44:25+00:00,1.0,4.0,0.049,
954,204,microsoft/vscode-pylint,microsoft,check-python-versions.md,2,2026-02-24 01:14:11+00:00,False,,,,githubnext/agentics/workflows/daily-test-improver.md,githubnext/agentics/workflows/daily-test-improver.md,False,4e975c46f36253e251e92249d72d1e7b602f8f85,2025-09-09 23:25:24+00:00,22.0,46.0,0.0491,
955,204,microsoft/vscode-pylint,microsoft,check-python-versions.md,3,2026-06-09 17:34:01+00:00,False,,,,githubnext/agentics/workflows/daily-test-improver.md,githubnext/agentics/workflows/daily-test-improver.md,False,4e975c46f36253e251e92249d72d1e7b602f8f85,2025-09-09 23:25:24+00:00,22.0,51.0,0.0491,
956,204,microsoft/vscode-pylint,microsoft,check-python-versions.md,4,2026-06-23 19:22:55+00:00,False,,,,githubnext/agentics/workflows/daily-test-improver.md,githubnext/agentics/workflows/daily-test-improver.md,False,4e975c46f36253e251e92249d72d1e7b602f8f85,2025-09-09 23:25:24+00:00,22.0,51.0,0.0491,
957,205,microsoft/vscode-pylint,microsoft,extension-template-sync.md,1,2026-02-25 18:46:09+00:00,False,,,,github/gh-aw/.github/workflows/daily-doc-updater.md,github/gh-aw/.github/workflows/daily-doc-updater.md,False,fe2713ba4bb447a2e38905f4a47920531bc59cdd,2026-02-24 04:25:20+00:00,6.0,6.0,0.0845,
958,205,microsoft/vscode-pylint,microsoft,extension-template-sync.md,2,2026-02-27 17:32:43+00:00,False,,,,github/gh-aw/.github/workflows/daily-doc-updater.md,github/gh-aw/.github/workflows/daily-doc-updater.md,False,fe2713ba4bb447a2e38905f4a47920531bc59cdd,2026-02-24 04:25:20+00:00,6.0,7.0,0.0832,
959,205,microsoft/vscode-pylint,microsoft,extension-template-sync.md,3,2026-03-03 18:17:17+00:00,False,,,,github/gh-aw/.github/workflows/daily-doc-updater.md,github/gh-aw/.github/workflows/daily-doc-updater.md,False,8b089d17e83805175b88a9ebf4bcc419595a307c,2026-02-26 20:31:29+00:00,7.0,7.0,0.0707,
960,205,microsoft/vscode-pylint,microsoft,extension-template-sync.md,4,2026-03-20 19:58:14+00:00,False,,,,github/gh-aw/.github/workflows/daily-doc-updater.md,github/gh-aw/.github/workflows/daily-doc-updater.md,False,27c63b690634cd94d90e3fbc1c3f7b64921002d4,2026-03-17 19:55:54+00:00,10.0,10.0,0.0732,
961,205,microsoft/vscode-pylint,microsoft,extension-template-sync.md,5,2026-03-25 16:28:30+00:00,False,,,,github/gh-aw/.github/workflows/daily-doc-updater.md,github/gh-aw/.github/workflows/daily-doc-updater.md,False,00c8977ceb34a66b691cd5d8d4ff8f2e596fe990,2026-03-24 05:51:27+00:00,11.0,11.0,0.0745,
962,205,microsoft/vscode-pylint,microsoft,extension-template-sync.md,6,2026-06-09 17:34:01+00:00,False,,,,github/gh-aw/.github/workflows/daily-doc-updater.md,github/gh-aw/.github/workflows/daily-doc-updater.md,False,87f7d57f58dd8c0d5b8e68dcdd825938dae9706d,2026-04-23 14:02:26+00:00,18.0,23.0,0.0812,
963,205,microsoft/vscode-pylint,microsoft,extension-template-sync.md,7,2026-06-23 19:22:55+00:00,False,,,,github/gh-aw/.github/workflows/daily-doc-updater.md,github/gh-aw/.github/workflows/daily-doc-updater.md,False,87f7d57f58dd8c0d5b8e68dcdd825938dae9706d,2026-04-23 14:02:26+00:00,18.0,23.0,0.0812,
964,206,microsoft/vscode-pylint,microsoft,issue-triage.md,1,2026-02-25 01:01:26+00:00,False,,,,githubnext/agentics/workflows/issue-triage.md,githubnext/agentics/workflows/agentic-triage.md,False,bf8d330e628f2c235cd9304310156bdbbfa61123,2025-10-24 19:03:24+00:00,20.0,21.0,0.0825,
965,206,microsoft/vscode-pylint,microsoft,issue-triage.md,2,2026-02-25 01:21:59+00:00,False,,,,githubnext/agentics/workflows/issue-triage.md,githubnext/agentics/workflows/agentic-triage.md,False,bf8d330e628f2c235cd9304310156bdbbfa61123,2025-10-24 19:03:24+00:00,20.0,21.0,0.0825,
966,206,microsoft/vscode-pylint,microsoft,issue-triage.md,3,2026-02-27 19:57:22+00:00,False,,,,githubnext/agentics/workflows/issue-triage.md,githubnext/agentics/workflows/agentic-triage.md,False,bf8d330e628f2c235cd9304310156bdbbfa61123,2025-10-24 19:03:24+00:00,20.0,21.0,0.0865,
967,206,microsoft/vscode-pylint,microsoft,issue-triage.md,4,2026-03-03 18:17:17+00:00,False,,,,githubnext/agentics/workflows/issue-triage.md,githubnext/agentics/workflows/agentic-triage.md,False,bf8d330e628f2c235cd9304310156bdbbfa61123,2025-10-24 19:03:24+00:00,20.0,21.0,0.0876,
968,206,microsoft/vscode-pylint,microsoft,issue-triage.md,5,2026-06-09 17:34:01+00:00,False,,,,githubnext/agentics/workflows/issue-triage.md,githubnext/agentics/workflows/agentic-triage.md,False,497230d3867fe453aae74b15d06178d45a39fcce,2026-05-08 20:56:58+00:00,22.0,23.0,0.0802,
969,206,microsoft/vscode-pylint,microsoft,issue-triage.md,6,2026-06-23 19:22:55+00:00,False,,,,githubnext/agentics/workflows/issue-triage.md,githubnext/agentics/workflows/agentic-triage.md,False,497230d3867fe453aae74b15d06178d45a39fcce,2026-05-08 20:56:58+00:00,22.0,23.0,0.0802,
970,207,adoptium/api.adoptium.net,adoptium,production-branch-checker.md,1,2026-05-29 15:25:37+00:00,False,,,,Alfresco/alfresco-build-tools/.github/workflows/supply-chain-review.md,Alfresco/alfresco-build-tools/.github/workflows/supply-chain-review.md,False,500921b47ef517ff56a006f7422d5c229430f681,2026-05-28 13:55:52+00:00,1.0,3.0,0.0634,
971,207,adoptium/api.adoptium.net,adoptium,production-branch-checker.md,2,2026-06-01 10:55:32+00:00,False,,,,Alfresco/alfresco-build-tools/.github/workflows/supply-chain-review.md,Alfresco/alfresco-build-tools/.github/workflows/supply-chain-review.md,False,500921b47ef517ff56a006f7422d5c229430f681,2026-05-28 13:55:52+00:00,1.0,3.0,0.0639,
972,208,pulumi/pulumi-vault,pulumi,gh-aw-pr-rereview.md,1,2026-05-12 07:25:42+00:00,True,pulumi-labs/gh-aw-internal/.github/workflows/gh-aw-pr-rereview.md@8a92f53fac170563f7727cacab2dbedb5d5b9e29,ok,pulumi-labs/gh-aw-internal/.github/workflows/gh-aw-pr-rereview.md,,,,,,,,,
973,209,pulumi/pulumi-vault,pulumi,gh-aw-pr-review.md,1,2026-05-12 07:25:42+00:00,True,pulumi-labs/gh-aw-internal/.github/workflows/gh-aw-pr-review.md@8a92f53fac170563f7727cacab2dbedb5d5b9e29,ok,pulumi-labs/gh-aw-internal/.github/workflows/gh-aw-pr-review.md,,,,,,,,,
974,210,pulumi/pulumi-cdk,pulumi,cdk-pr-rereview.md,1,2026-03-11 13:16:30+00:00,False,pulumi-labs/gh-aw-internal/.github/workflows/gh-aw-pr-rereview.md@99a309bf18258dbae98c8176ea10657e0b08deca,ok,pulumi-labs/gh-aw-internal/.github/workflows/gh-aw-pr-rereview.md,pulumi-labs/gh-aw-internal/.github/workflows/gh-aw-pr-rereview.md,pulumi-labs/gh-aw-internal/.github/workflows/gh-aw-pr-rereview.md,False,99a309bf18258dbae98c8176ea10657e0b08deca,2026-03-06 11:10:35+00:00,4.0,4.0,1.0,1.0
975,211,pulumi/pulumi-cdk,pulumi,cdk-pr-review.md,1,2026-03-11 13:16:30+00:00,False,pulumi-labs/gh-aw-internal/.github/workflows/gh-aw-pr-review.md@99a309bf18258dbae98c8176ea10657e0b08deca,ok,pulumi-labs/gh-aw-internal/.github/workflows/gh-aw-pr-review.md,pulumi-labs/gh-aw-internal/.github/workflows/gh-aw-pr-review.md,pulumi-labs/gh-aw-internal/.github/workflows/gh-aw-pr-review.md,False,43b3a0eda6d8dc7d8a35019f8c317813131ed939,2026-03-05 10:51:14+00:00,4.0,4.0,1.0,1.0
976,212,microsoft/vscode-black-formatter,microsoft,check-python-versions.md,1,2026-02-20 22:33:27+00:00,False,,,,githubnext/agentics/workflows/daily-test-improver.md,githubnext/agentics/workflows/daily-test-improver.md,False,4e975c46f36253e251e92249d72d1e7b602f8f85,2025-09-09 23:25:24+00:00,22.0,45.0,0.0491,
977,212,microsoft/vscode-black-formatter,microsoft,check-python-versions.md,2,2026-06-09 17:33:25+00:00,False,,,,githubnext/agentics/workflows/daily-test-improver.md,githubnext/agentics/workflows/daily-test-improver.md,False,4e975c46f36253e251e92249d72d1e7b602f8f85,2025-09-09 23:25:24+00:00,22.0,51.0,0.0491,
978,212,microsoft/vscode-black-formatter,microsoft,check-python-versions.md,3,2026-06-23 19:17:50+00:00,False,,,,githubnext/agentics/workflows/daily-test-improver.md,githubnext/agentics/workflows/daily-test-improver.md,False,4e975c46f36253e251e92249d72d1e7b602f8f85,2025-09-09 23:25:24+00:00,22.0,51.0,0.0491,
979,213,microsoft/vscode-black-formatter,microsoft,extension-template-sync.md,1,2026-02-25 18:46:34+00:00,False,,,,github/gh-aw/.github/workflows/daily-doc-updater.md,github/gh-aw/.github/workflows/daily-doc-updater.md,False,fe2713ba4bb447a2e38905f4a47920531bc59cdd,2026-02-24 04:25:20+00:00,6.0,6.0,0.0842,
980,213,microsoft/vscode-black-formatter,microsoft,extension-template-sync.md,2,2026-02-27 17:33:09+00:00,False,,,,github/gh-aw/.github/workflows/daily-doc-updater.md,github/gh-aw/.github/workflows/daily-doc-updater.md,False,fe2713ba4bb447a2e38905f4a47920531bc59cdd,2026-02-24 04:25:20+00:00,6.0,7.0,0.0829,
981,213,microsoft/vscode-black-formatter,microsoft,extension-template-sync.md,3,2026-03-03 18:18:12+00:00,False,,,,github/gh-aw/.github/workflows/daily-doc-updater.md,github/gh-aw/.github/workflows/daily-doc-updater.md,False,8b089d17e83805175b88a9ebf4bcc419595a307c,2026-02-26 20:31:29+00:00,7.0,7.0,0.0704,
982,213,microsoft/vscode-black-formatter,microsoft,extension-template-sync.md,4,2026-03-20 19:59:20+00:00,False,,,,github/gh-aw/.github/workflows/daily-doc-updater.md,github/gh-aw/.github/workflows/daily-doc-updater.md,False,27c63b690634cd94d90e3fbc1c3f7b64921002d4,2026-03-17 19:55:54+00:00,10.0,10.0,0.073,
983,213,microsoft/vscode-black-formatter,microsoft,extension-template-sync.md,5,2026-03-27 21:37:57+00:00,False,,,,github/gh-aw/.github/workflows/daily-doc-updater.md,github/gh-aw/.github/workflows/daily-doc-updater.md,False,00c8977ceb34a66b691cd5d8d4ff8f2e596fe990,2026-03-24 05:51:27+00:00,11.0,11.0,0.0742,
984,213,microsoft/vscode-black-formatter,microsoft,extension-template-sync.md,6,2026-06-09 17:33:25+00:00,False,,,,github/gh-aw/.github/workflows/daily-doc-updater.md,github/gh-aw/.github/workflows/daily-doc-updater.md,False,87f7d57f58dd8c0d5b8e68dcdd825938dae9706d,2026-04-23 14:02:26+00:00,18.0,23.0,0.0803,
985,213,microsoft/vscode-black-formatter,microsoft,extension-template-sync.md,7,2026-06-23 19:17:50+00:00,False,,,,github/gh-aw/.github/workflows/daily-doc-updater.md,github/gh-aw/.github/workflows/daily-doc-updater.md,False,87f7d57f58dd8c0d5b8e68dcdd825938dae9706d,2026-04-23 14:02:26+00:00,18.0,23.0,0.0803,
986,214,microsoft/vscode-black-formatter,microsoft,issue-triage.md,1,2026-02-25 17:54:32+00:00,False,,,,githubnext/agentics/workflows/issue-triage.md,githubnext/agentics/workflows/agentic-triage.md,False,bf8d330e628f2c235cd9304310156bdbbfa61123,2025-10-24 19:03:24+00:00,20.0,21.0,0.0825,
987,214,microsoft/vscode-black-formatter,microsoft,issue-triage.md,2,2026-02-27 19:57:03+00:00,False,,,,githubnext/agentics/workflows/issue-triage.md,githubnext/agentics/workflows/agentic-triage.md,False,bf8d330e628f2c235cd9304310156bdbbfa61123,2025-10-24 19:03:24+00:00,20.0,21.0,0.0865,
988,214,microsoft/vscode-black-formatter,microsoft,issue-triage.md,3,2026-03-03 18:18:12+00:00,False,,,,githubnext/agentics/workflows/issue-triage.md,githubnext/agentics/workflows/agentic-triage.md,False,bf8d330e628f2c235cd9304310156bdbbfa61123,2025-10-24 19:03:24+00:00,20.0,21.0,0.0876,
989,214,microsoft/vscode-black-formatter,microsoft,issue-triage.md,4,2026-06-09 17:33:25+00:00,False,,,,githubnext/agentics/workflows/issue-triage.md,githubnext/agentics/workflows/agentic-triage.md,False,497230d3867fe453aae74b15d06178d45a39fcce,2026-05-08 20:56:58+00:00,22.0,23.0,0.0802,
990,214,microsoft/vscode-black-formatter,microsoft,issue-triage.md,5,2026-06-23 19:17:50+00:00,False,,,,githubnext/agentics/workflows/issue-triage.md,githubnext/agentics/workflows/agentic-triage.md,False,497230d3867fe453aae74b15d06178d45a39fcce,2026-05-08 20:56:58+00:00,22.0,23.0,0.0802,
991,215,py-why/dowhy,py-why,repo-assist.md,1,2026-03-18 16:54:27+00:00,False,githubnext/agentics/workflows/repo-assist.md@b897c2f3e43bde9ff7923c8fa9211055b26e27cc,ok,githubnext/agentics/workflows/repo-assist.md,githubnext/agentics/workflows/repo-assist.md,githubnext/agentics/workflows/repo-assist.md,False,0ae10905c47f310d0ed58a020a4e611c0f890442,2026-03-08 00:31:06+00:00,22.0,22.0,1.0,1.0
992,215,py-why/dowhy,py-why,repo-assist.md,2,2026-04-01 07:37:42+00:00,False,,,,githubnext/agentics/workflows/repo-assist.md,githubnext/agentics/workflows/repo-assist.md,False,0ae10905c47f310d0ed58a020a4e611c0f890442,2026-03-08 00:31:06+00:00,22.0,22.0,1.0,
993,215,py-why/dowhy,py-why,repo-assist.md,3,2026-04-10 15:11:30+00:00,False,githubnext/agentics/workflows/repo-assist.md@b897c2f3e43bde9ff7923c8fa9211055b26e27cc,ok,githubnext/agentics/workflows/repo-assist.md,githubnext/agentics/workflows/repo-assist.md,githubnext/agentics/workflows/repo-assist.md,False,0ae10905c47f310d0ed58a020a4e611c0f890442,2026-03-08 00:31:06+00:00,22.0,22.0,1.0,1.0
994,215,py-why/dowhy,py-why,repo-assist.md,4,2026-04-14 07:31:18+00:00,False,githubnext/agentics/workflows/repo-assist.md@11c9a2c442e519ff2b427bf58679f5a525353f76,ok,githubnext/agentics/workflows/repo-assist.md,githubnext/agentics/workflows/repo-assist.md,githubnext/agentics/workflows/repo-assist.md,False,0ae10905c47f310d0ed58a020a4e611c0f890442,2026-03-08 00:31:06+00:00,22.0,22.0,1.0,1.0
995,216,microsoft/vscode-isort,microsoft,check-python-versions.md,1,2026-02-17 21:32:22+00:00,False,,,,githubnext/agentics/workflows/agentic-dependency-updater.md,githubnext/agentics/workflows/agentic-dependency-updater.md,False,3ef9ccd7e4e85b3ca1e0a50f53b49e7760ffed77,2025-07-28 21:44:25+00:00,1.0,4.0,0.049,
996,216,microsoft/vscode-isort,microsoft,check-python-versions.md,2,2026-02-20 00:12:49+00:00,False,,,,githubnext/agentics/workflows/daily-test-improver.md,githubnext/agentics/workflows/daily-test-improver.md,False,4e975c46f36253e251e92249d72d1e7b602f8f85,2025-09-09 23:25:24+00:00,22.0,45.0,0.0491,
997,216,microsoft/vscode-isort,microsoft,check-python-versions.md,3,2026-06-09 17:32:18+00:00,False,,,,githubnext/agentics/workflows/daily-test-improver.md,githubnext/agentics/workflows/daily-test-improver.md,False,4e975c46f36253e251e92249d72d1e7b602f8f85,2025-09-09 23:25:24+00:00,22.0,51.0,0.0491,
998,216,microsoft/vscode-isort,microsoft,check-python-versions.md,4,2026-06-23 19:18:45+00:00,False,,,,githubnext/agentics/workflows/daily-test-improver.md,githubnext/agentics/workflows/daily-test-improver.md,False,4e975c46f36253e251e92249d72d1e7b602f8f85,2025-09-09 23:25:24+00:00,22.0,51.0,0.0491,
999,217,microsoft/vscode-isort,microsoft,extension-template-sync.md,1,2026-02-25 18:46:40+00:00,False,,,,github/gh-aw/.github/workflows/daily-doc-updater.md,github/gh-aw/.github/workflows/daily-doc-updater.md,False,fe2713ba4bb447a2e38905f4a47920531bc59cdd,2026-02-24 04:25:20+00:00,6.0,6.0,0.0862,
1000,217,microsoft/vscode-isort,microsoft,extension-template-sync.md,2,2026-02-27 17:32:53+00:00,False,,,,github/gh-aw/.github/workflows/daily-doc-updater.md,github/gh-aw/.github/workflows/daily-doc-updater.md,False,fe2713ba4bb447a2e38905f4a47920531bc59cdd,2026-02-24 04:25:20+00:00,6.0,7.0,0.0848,
1001,217,microsoft/vscode-isort,microsoft,extension-template-sync.md,3,2026-03-03 18:17:51+00:00,False,,,,github/gh-aw/.github/workflows/daily-doc-updater.md,github/gh-aw/.github/workflows/daily-doc-updater.md,False,8b089d17e83805175b88a9ebf4bcc419595a307c,2026-02-26 20:31:29+00:00,7.0,7.0,0.0724,
1002,217,microsoft/vscode-isort,microsoft,extension-template-sync.md,4,2026-03-20 23:16:21+00:00,False,,,,github/gh-aw/.github/workflows/daily-doc-updater.md,github/gh-aw/.github/workflows/daily-doc-updater.md,False,27c63b690634cd94d90e3fbc1c3f7b64921002d4,2026-03-17 19:55:54+00:00,10.0,10.0,0.0749,
1003,217,microsoft/vscode-isort,microsoft,extension-template-sync.md,5,2026-03-24 16:29:52+00:00,False,,,,github/gh-aw/.github/workflows/daily-doc-updater.md,github/gh-aw/.github/workflows/daily-doc-updater.md,False,00c8977ceb34a66b691cd5d8d4ff8f2e596fe990,2026-03-24 05:51:27+00:00,11.0,11.0,0.0761,
1004,217,microsoft/vscode-isort,microsoft,extension-template-sync.md,6,2026-06-09 17:32:18+00:00,False,,,,github/gh-aw/.github/workflows/daily-doc-updater.md,github/gh-aw/.github/workflows/daily-doc-updater.md,False,87f7d57f58dd8c0d5b8e68dcdd825938dae9706d,2026-04-23 14:02:26+00:00,18.0,23.0,0.0816,
1005,217,microsoft/vscode-isort,microsoft,extension-template-sync.md,7,2026-06-23 19:18:45+00:00,False,,,,github/gh-aw/.github/workflows/daily-doc-updater.md,github/gh-aw/.github/workflows/daily-doc-updater.md,False,87f7d57f58dd8c0d5b8e68dcdd825938dae9706d,2026-04-23 14:02:26+00:00,18.0,23.0,0.0816,
1006,218,microsoft/vscode-isort,microsoft,issue-triage.md,1,2026-02-25 17:54:23+00:00,False,,,,githubnext/agentics/workflows/issue-triage.md,githubnext/agentics/workflows/agentic-triage.md,False,bf8d330e628f2c235cd9304310156bdbbfa61123,2025-10-24 19:03:24+00:00,20.0,21.0,0.0836,
1007,218,microsoft/vscode-isort,microsoft,issue-triage.md,2,2026-02-27 19:57:18+00:00,False,,,,githubnext/agentics/workflows/issue-triage.md,githubnext/agentics/workflows/agentic-triage.md,False,bf8d330e628f2c235cd9304310156bdbbfa61123,2025-10-24 19:03:24+00:00,20.0,21.0,0.0876,
1008,218,microsoft/vscode-isort,microsoft,issue-triage.md,3,2026-03-03 18:17:51+00:00,False,,,,githubnext/agentics/workflows/issue-triage.md,githubnext/agentics/workflows/agentic-triage.md,False,bf8d330e628f2c235cd9304310156bdbbfa61123,2025-10-24 19:03:24+00:00,20.0,21.0,0.0887,
1009,218,microsoft/vscode-isort,microsoft,issue-triage.md,4,2026-06-09 17:32:18+00:00,False,,,,githubnext/agentics/workflows/issue-triage.md,githubnext/agentics/workflows/agentic-triage.md,False,497230d3867fe453aae74b15d06178d45a39fcce,2026-05-08 20:56:58+00:00,22.0,23.0,0.0809,
1010,218,microsoft/vscode-isort,microsoft,issue-triage.md,5,2026-06-23 19:18:45+00:00,False,,,,githubnext/agentics/workflows/issue-triage.md,githubnext/agentics/workflows/agentic-triage.md,False,497230d3867fe453aae74b15d06178d45a39fcce,2026-05-08 20:56:58+00:00,22.0,23.0,0.0809,
1011,219,pulumi/pulumi-oci,pulumi,gh-aw-pr-rereview.md,1,2026-05-12 07:23:48+00:00,True,pulumi-labs/gh-aw-internal/.github/workflows/gh-aw-pr-rereview.md@8a92f53fac170563f7727cacab2dbedb5d5b9e29,ok,pulumi-labs/gh-aw-internal/.github/workflows/gh-aw-pr-rereview.md,,,,,,,,,
1012,220,pulumi/pulumi-oci,pulumi,gh-aw-pr-review.md,1,2026-05-12 07:23:48+00:00,True,pulumi-labs/gh-aw-internal/.github/workflows/gh-aw-pr-review.md@8a92f53fac170563f7727cacab2dbedb5d5b9e29,ok,pulumi-labs/gh-aw-internal/.github/workflows/gh-aw-pr-review.md,,,,,,,,,
1013,221,NikiforovAll/keycloak-authorization-services-dotnet,NikiforovAll,keybot.md,1,2026-03-29 13:12:27+00:00,False,githubnext/agentics/workflows/repo-assist.md@1f672aef974f4246124860fc532f82fe8a93a57e,ok,githubnext/agentics/workflows/repo-assist.md,githubnext/agentics/workflows/repo-assist.md,githubnext/agentics/workflows/repo-assist.md,False,30e497915b16f1f81b9a5e3afdf89f98228f8e3f,2026-03-08 00:03:03+00:00,21.0,22.0,0.3961,0.3938
1014,221,NikiforovAll/keycloak-authorization-services-dotnet,NikiforovAll,keybot.md,2,2026-03-29 13:39:45+00:00,False,githubnext/agentics/workflows/repo-assist.md@1f672aef974f4246124860fc532f82fe8a93a57e,ok,githubnext/agentics/workflows/repo-assist.md,githubnext/agentics/workflows/repo-assist.md,githubnext/agentics/workflows/repo-assist.md,False,30e497915b16f1f81b9a5e3afdf89f98228f8e3f,2026-03-08 00:03:03+00:00,21.0,22.0,0.3961,0.3938
1015,221,NikiforovAll/keycloak-authorization-services-dotnet,NikiforovAll,keybot.md,3,2026-03-29 14:00:18+00:00,False,githubnext/agentics/workflows/repo-assist.md@1f672aef974f4246124860fc532f82fe8a93a57e,ok,githubnext/agentics/workflows/repo-assist.md,githubnext/agentics/workflows/repo-assist.md,githubnext/agentics/workflows/repo-assist.md,False,30e497915b16f1f81b9a5e3afdf89f98228f8e3f,2026-03-08 00:03:03+00:00,21.0,22.0,0.3961,0.3938
1016,221,NikiforovAll/keycloak-authorization-services-dotnet,NikiforovAll,keybot.md,4,2026-04-13 05:57:56+00:00,False,githubnext/agentics/workflows/repo-assist.md@1f672aef974f4246124860fc532f82fe8a93a57e,ok,githubnext/agentics/workflows/repo-assist.md,githubnext/agentics/workflows/repo-assist.md,githubnext/agentics/workflows/repo-assist.md,False,30e497915b16f1f81b9a5e3afdf89f98228f8e3f,2026-03-08 00:03:03+00:00,21.0,22.0,0.3918,0.3888
1017,221,NikiforovAll/keycloak-authorization-services-dotnet,NikiforovAll,keybot.md,5,2026-05-02 16:09:19+00:00,False,githubnext/agentics/workflows/repo-assist.md@1f672aef974f4246124860fc532f82fe8a93a57e,ok,githubnext/agentics/workflows/repo-assist.md,githubnext/agentics/workflows/repo-assist.md,githubnext/agentics/workflows/repo-assist.md,False,30e497915b16f1f81b9a5e3afdf89f98228f8e3f,2026-03-08 00:03:03+00:00,21.0,23.0,0.3918,0.3888
1018,222,getindata/kedro-vertexai,getindata,dependabot-fix.md,1,2026-03-19 11:59:13+00:00,False,,,,githubnext/agentics/workflows/pr-fix.md,githubnext/agentics/workflows/pr-fix.md,False,6035e2b45ff968b3ccc1945a0858d98bf87826e5,2026-02-19 06:02:06+00:00,19.0,20.0,0.0879,
1019,223,getindata/kedro-vertexai,getindata,dependabot-review.md,1,2026-03-25 12:49:11+00:00,False,,,,githubnext/agentics/workflows/maintainer.md,githubnext/agentics/workflows/maintainer.md,False,7fd31902e2252188bc7dfd0f9c603cad2b1b8b10,2025-10-22 17:41:11+00:00,1.0,1.0,0.0617,
1020,224,baizhiheizi/quill,baizhiheizi,accessibility-review.md,1,2026-06-09 21:44:54+00:00,False,githubnext/agentics/workflows/accessibility-review.md@e15e57b40918dbca11b350c55d02ab61934afa75,ok,githubnext/agentics/workflows/accessibility-review.md,githubnext/agentics/workflows/accessibility-review.md,githubnext/agentics/workflows/daily-accessibility-review.md,False,497230d3867fe453aae74b15d06178d45a39fcce,2026-05-08 20:56:58+00:00,1.0,1.0,1.0,1.0
1021,224,baizhiheizi/quill,baizhiheizi,accessibility-review.md,2,2026-06-15 01:28:32+00:00,False,githubnext/agentics/workflows/accessibility-review.md@e15e57b40918dbca11b350c55d02ab61934afa75,ok,githubnext/agentics/workflows/accessibility-review.md,githubnext/agentics/workflows/accessibility-review.md,githubnext/agentics/workflows/daily-accessibility-review.md,False,497230d3867fe453aae74b15d06178d45a39fcce,2026-05-08 20:56:58+00:00,1.0,1.0,1.0,1.0
1022,224,baizhiheizi/quill,baizhiheizi,accessibility-review.md,3,2026-06-15 04:49:19+00:00,False,githubnext/agentics/workflows/accessibility-review.md@e15e57b40918dbca11b350c55d02ab61934afa75,ok,githubnext/agentics/workflows/accessibility-review.md,githubnext/agentics/workflows/accessibility-review.md,githubnext/agentics/workflows/daily-accessibility-review.md,False,497230d3867fe453aae74b15d06178d45a39fcce,2026-05-08 20:56:58+00:00,1.0,1.0,0.763,0.763
1023,225,baizhiheizi/quill,baizhiheizi,agentic-wiki-writer.md,1,2026-06-09 21:44:54+00:00,False,githubnext/agentics/workflows/agentic-wiki-writer.md@e15e57b40918dbca11b350c55d02ab61934afa75,ok,githubnext/agentics/workflows/agentic-wiki-writer.md,githubnext/agentics/workflows/agentic-wiki-writer.md,githubnext/agentics/workflows/agentic-wiki-writer.md,False,c7e154261230e4048e62a3343e265e9db92cdd58,2026-03-19 00:44:28+00:00,6.0,6.0,1.0,1.0
1024,225,baizhiheizi/quill,baizhiheizi,agentic-wiki-writer.md,2,2026-06-15 01:28:32+00:00,False,githubnext/agentics/workflows/agentic-wiki-writer.md@e15e57b40918dbca11b350c55d02ab61934afa75,ok,githubnext/agentics/workflows/agentic-wiki-writer.md,githubnext/agentics/workflows/agentic-wiki-writer.md,githubnext/agentics/workflows/agentic-wiki-writer.md,False,c7e154261230e4048e62a3343e265e9db92cdd58,2026-03-19 00:44:28+00:00,6.0,6.0,1.0,1.0
1025,226,baizhiheizi/quill,baizhiheizi,code-simplifier.md,1,2026-06-09 21:44:54+00:00,False,githubnext/agentics/workflows/code-simplifier.md@e15e57b40918dbca11b350c55d02ab61934afa75,ok,githubnext/agentics/workflows/code-simplifier.md,githubnext/agentics/workflows/code-simplifier.md,githubnext/agentics/workflows/code-simplifier.md,False,6e25aedbb43fbb2a0f4666917682728a58a9b2b7,2026-02-13 03:25:44+00:00,1.0,3.0,1.0,1.0
1026,226,baizhiheizi/quill,baizhiheizi,code-simplifier.md,2,2026-06-15 01:28:32+00:00,False,githubnext/agentics/workflows/code-simplifier.md@e15e57b40918dbca11b350c55d02ab61934afa75,ok,githubnext/agentics/workflows/code-simplifier.md,githubnext/agentics/workflows/code-simplifier.md,githubnext/agentics/workflows/code-simplifier.md,False,6e25aedbb43fbb2a0f4666917682728a58a9b2b7,2026-02-13 03:25:44+00:00,1.0,3.0,1.0,1.0
1027,227,baizhiheizi/quill,baizhiheizi,discussion-task-miner.md,1,2026-06-14 14:09:42+00:00,False,githubnext/agentics/workflows/discussion-task-miner.md@e15e57b40918dbca11b350c55d02ab61934afa75,ok,githubnext/agentics/workflows/discussion-task-miner.md,githubnext/agentics/workflows/discussion-task-miner.md,githubnext/agentics/workflows/discussion-task-miner.md,False,45c34b8695fcb34d99cb23849e4a395a5c7f0d95,2026-03-03 05:15:42+00:00,1.0,1.0,1.0,1.0
1028,227,baizhiheizi/quill,baizhiheizi,discussion-task-miner.md,2,2026-06-15 01:28:32+00:00,False,githubnext/agentics/workflows/discussion-task-miner.md@e15e57b40918dbca11b350c55d02ab61934afa75,ok,githubnext/agentics/workflows/discussion-task-miner.md,githubnext/agentics/workflows/discussion-task-miner.md,githubnext/agentics/workflows/discussion-task-miner.md,False,45c34b8695fcb34d99cb23849e4a395a5c7f0d95,2026-03-03 05:15:42+00:00,1.0,1.0,1.0,1.0
1029,228,baizhiheizi/quill,baizhiheizi,efficiency-improver.md,1,2026-06-09 21:44:54+00:00,False,githubnext/agentics/workflows/efficiency-improver.md@e15e57b40918dbca11b350c55d02ab61934afa75,ok,githubnext/agentics/workflows/efficiency-improver.md,githubnext/agentics/workflows/efficiency-improver.md,githubnext/agentics/workflows/daily-efficiency-improver.md,False,497230d3867fe453aae74b15d06178d45a39fcce,2026-05-08 20:56:58+00:00,1.0,1.0,1.0,1.0
1030,228,baizhiheizi/quill,baizhiheizi,efficiency-improver.md,2,2026-06-15 01:28:32+00:00,False,githubnext/agentics/workflows/efficiency-improver.md@e15e57b40918dbca11b350c55d02ab61934afa75,ok,githubnext/agentics/workflows/efficiency-improver.md,githubnext/agentics/workflows/efficiency-improver.md,githubnext/agentics/workflows/daily-efficiency-improver.md,False,497230d3867fe453aae74b15d06178d45a39fcce,2026-05-08 20:56:58+00:00,1.0,1.0,1.0,1.0
1031,229,baizhiheizi/quill,baizhiheizi,large-file-simplifier.md,1,2026-06-09 21:44:54+00:00,False,githubnext/agentics/workflows/large-file-simplifier.md@e15e57b40918dbca11b350c55d02ab61934afa75,ok,githubnext/agentics/workflows/large-file-simplifier.md,githubnext/agentics/workflows/large-file-simplifier.md,githubnext/agentics/workflows/large-file-simplifier.md,False,fc4ab36dedc44e2a1cdc195cecce262f06c81230,2026-05-05 14:57:37+00:00,1.0,1.0,1.0,1.0
1032,229,baizhiheizi/quill,baizhiheizi,large-file-simplifier.md,2,2026-06-15 01:28:32+00:00,False,githubnext/agentics/workflows/large-file-simplifier.md@e15e57b40918dbca11b350c55d02ab61934afa75,ok,githubnext/agentics/workflows/large-file-simplifier.md,githubnext/agentics/workflows/large-file-simplifier.md,githubnext/agentics/workflows/large-file-simplifier.md,False,fc4ab36dedc44e2a1cdc195cecce262f06c81230,2026-05-05 14:57:37+00:00,1.0,1.0,1.0,1.0
1033,230,baizhiheizi/quill,baizhiheizi,malicious-code-scan.md,1,2026-06-09 21:44:54+00:00,False,githubnext/agentics/workflows/malicious-code-scan.md@e15e57b40918dbca11b350c55d02ab61934afa75,ok,githubnext/agentics/workflows/malicious-code-scan.md,githubnext/agentics/workflows/malicious-code-scan.md,githubnext/agentics/workflows/daily-malicious-code-scan.md,False,054f7e0bbd8746b147fc60baf2df35a5dead710a,2026-06-06 12:32:28+00:00,2.0,2.0,1.0,1.0
1034,230,baizhiheizi/quill,baizhiheizi,malicious-code-scan.md,2,2026-06-15 01:28:32+00:00,False,githubnext/agentics/workflows/malicious-code-scan.md@e15e57b40918dbca11b350c55d02ab61934afa75,ok,githubnext/agentics/workflows/malicious-code-scan.md,githubnext/agentics/workflows/malicious-code-scan.md,githubnext/agentics/workflows/daily-malicious-code-scan.md,False,054f7e0bbd8746b147fc60baf2df35a5dead710a,2026-06-06 12:32:28+00:00,2.0,2.0,1.0,1.0
1035,231,baizhiheizi/quill,baizhiheizi,perf-improver.md,1,2026-05-30 13:46:11+00:00,False,githubnext/agentics/workflows/perf-improver.md@c02eadfca420f2b351f9fcaee883c507a63ca316,ok,githubnext/agentics/workflows/perf-improver.md,githubnext/agentics/workflows/perf-improver.md,githubnext/agentics/workflows/daily-perf-improver.md,False,497230d3867fe453aae74b15d06178d45a39fcce,2026-05-08 20:56:58+00:00,1.0,1.0,1.0,1.0
1036,231,baizhiheizi/quill,baizhiheizi,perf-improver.md,2,2026-05-30 13:50:07+00:00,False,githubnext/agentics/workflows/perf-improver.md@c02eadfca420f2b351f9fcaee883c507a63ca316,ok,githubnext/agentics/workflows/perf-improver.md,githubnext/agentics/workflows/perf-improver.md,githubnext/agentics/workflows/daily-perf-improver.md,False,497230d3867fe453aae74b15d06178d45a39fcce,2026-05-08 20:56:58+00:00,1.0,1.0,1.0,1.0
1037,231,baizhiheizi/quill,baizhiheizi,perf-improver.md,3,2026-06-06 01:07:06+00:00,False,githubnext/agentics/workflows/perf-improver.md@c02eadfca420f2b351f9fcaee883c507a63ca316,ok,githubnext/agentics/workflows/perf-improver.md,githubnext/agentics/workflows/perf-improver.md,githubnext/agentics/workflows/daily-perf-improver.md,False,497230d3867fe453aae74b15d06178d45a39fcce,2026-05-08 20:56:58+00:00,1.0,1.0,1.0,1.0
1038,231,baizhiheizi/quill,baizhiheizi,perf-improver.md,4,2026-06-08 01:51:27+00:00,False,githubnext/agentics/workflows/perf-improver.md@c02eadfca420f2b351f9fcaee883c507a63ca316,ok,githubnext/agentics/workflows/perf-improver.md,githubnext/agentics/workflows/perf-improver.md,githubnext/agentics/workflows/daily-perf-improver.md,False,497230d3867fe453aae74b15d06178d45a39fcce,2026-05-08 20:56:58+00:00,1.0,1.0,1.0,1.0
1039,231,baizhiheizi/quill,baizhiheizi,perf-improver.md,5,2026-06-09 21:44:54+00:00,False,githubnext/agentics/workflows/perf-improver.md@e15e57b40918dbca11b350c55d02ab61934afa75,ok,githubnext/agentics/workflows/perf-improver.md,githubnext/agentics/workflows/perf-improver.md,githubnext/agentics/workflows/daily-perf-improver.md,False,497230d3867fe453aae74b15d06178d45a39fcce,2026-05-08 20:56:58+00:00,1.0,1.0,1.0,1.0
1040,231,baizhiheizi/quill,baizhiheizi,perf-improver.md,6,2026-06-15 01:28:32+00:00,False,githubnext/agentics/workflows/perf-improver.md@e15e57b40918dbca11b350c55d02ab61934afa75,ok,githubnext/agentics/workflows/perf-improver.md,githubnext/agentics/workflows/perf-improver.md,githubnext/agentics/workflows/daily-perf-improver.md,False,497230d3867fe453aae74b15d06178d45a39fcce,2026-05-08 20:56:58+00:00,1.0,1.0,1.0,1.0
1041,232,baizhiheizi/quill,baizhiheizi,pr-fix.md,1,2026-06-09 22:14:23+00:00,False,githubnext/agentics/workflows/pr-fix.md@e15e57b40918dbca11b350c55d02ab61934afa75,ok,githubnext/agentics/workflows/pr-fix.md,githubnext/agentics/workflows/pr-fix.md,githubnext/agentics/workflows/pr-fix.md,False,6035e2b45ff968b3ccc1945a0858d98bf87826e5,2026-02-19 06:02:06+00:00,19.0,20.0,1.0,1.0
1042,232,baizhiheizi/quill,baizhiheizi,pr-fix.md,2,2026-06-15 01:28:32+00:00,False,githubnext/agentics/workflows/pr-fix.md@e15e57b40918dbca11b350c55d02ab61934afa75,ok,githubnext/agentics/workflows/pr-fix.md,githubnext/agentics/workflows/pr-fix.md,githubnext/agentics/workflows/pr-fix.md,False,6035e2b45ff968b3ccc1945a0858d98bf87826e5,2026-02-19 06:02:06+00:00,19.0,20.0,1.0,1.0
1043,233,baizhiheizi/quill,baizhiheizi,repo-assist.md,1,2026-06-08 01:51:27+00:00,False,githubnext/agentics/workflows/repo-assist.md@df35cf29fb856d1c3b8f023ed46d19126e7813bf,ok,githubnext/agentics/workflows/repo-assist.md,githubnext/agentics/workflows/repo-assist.md,githubnext/agentics/workflows/repo-assist.md,False,c7d030cd6d4607b90d9ac3ffc8b24aff4f251632,2026-05-09 12:20:41+00:00,25.0,25.0,1.0,1.0
1044,233,baizhiheizi/quill,baizhiheizi,repo-assist.md,2,2026-06-09 21:44:54+00:00,False,githubnext/agentics/workflows/repo-assist.md@e15e57b40918dbca11b350c55d02ab61934afa75,ok,githubnext/agentics/workflows/repo-assist.md,githubnext/agentics/workflows/repo-assist.md,githubnext/agentics/workflows/repo-assist.md,False,c7d030cd6d4607b90d9ac3ffc8b24aff4f251632,2026-05-09 12:20:41+00:00,25.0,25.0,1.0,1.0
1045,233,baizhiheizi/quill,baizhiheizi,repo-assist.md,3,2026-06-15 01:28:32+00:00,False,githubnext/agentics/workflows/repo-assist.md@e15e57b40918dbca11b350c55d02ab61934afa75,ok,githubnext/agentics/workflows/repo-assist.md,githubnext/agentics/workflows/repo-assist.md,githubnext/agentics/workflows/repo-assist.md,False,c7d030cd6d4607b90d9ac3ffc8b24aff4f251632,2026-05-09 12:20:41+00:00,25.0,25.0,1.0,1.0
1046,234,baizhiheizi/quill,baizhiheizi,repository-quality-improver.md,1,2026-06-09 21:44:54+00:00,False,githubnext/agentics/workflows/repository-quality-improver.md@e15e57b40918dbca11b350c55d02ab61934afa75,ok,githubnext/agentics/workflows/repository-quality-improver.md,githubnext/agentics/workflows/repository-quality-improver.md,githubnext/agentics/workflows/repository-quality-improver.md,False,4c38dd19cf6bd04950dc2f98c91caba3d2acfcd6,2026-03-03 12:45:06+00:00,1.0,1.0,1.0,1.0
1047,234,baizhiheizi/quill,baizhiheizi,repository-quality-improver.md,2,2026-06-15 01:28:32+00:00,False,githubnext/agentics/workflows/repository-quality-improver.md@e15e57b40918dbca11b350c55d02ab61934afa75,ok,githubnext/agentics/workflows/repository-quality-improver.md,githubnext/agentics/workflows/repository-quality-improver.md,githubnext/agentics/workflows/repository-quality-improver.md,False,4c38dd19cf6bd04950dc2f98c91caba3d2acfcd6,2026-03-03 12:45:06+00:00,1.0,1.0,1.0,1.0
1048,235,baizhiheizi/quill,baizhiheizi,sub-issue-closer.md,1,2026-06-09 21:44:54+00:00,False,githubnext/agentics/workflows/sub-issue-closer.md@e15e57b40918dbca11b350c55d02ab61934afa75,ok,githubnext/agentics/workflows/sub-issue-closer.md,githubnext/agentics/workflows/sub-issue-closer.md,githubnext/agentics/workflows/sub-issue-closer.md,False,497230d3867fe453aae74b15d06178d45a39fcce,2026-05-08 20:56:58+00:00,2.0,2.0,1.0,1.0
1049,235,baizhiheizi/quill,baizhiheizi,sub-issue-closer.md,2,2026-06-15 01:28:32+00:00,False,githubnext/agentics/workflows/sub-issue-closer.md@e15e57b40918dbca11b350c55d02ab61934afa75,ok,githubnext/agentics/workflows/sub-issue-closer.md,githubnext/agentics/workflows/sub-issue-closer.md,githubnext/agentics/workflows/sub-issue-closer.md,False,497230d3867fe453aae74b15d06178d45a39fcce,2026-05-08 20:56:58+00:00,2.0,2.0,1.0,1.0
1050,236,baizhiheizi/quill,baizhiheizi,test-improver.md,1,2026-06-01 07:14:08+00:00,False,githubnext/agentics/workflows/test-improver.md@c02eadfca420f2b351f9fcaee883c507a63ca316,ok,githubnext/agentics/workflows/test-improver.md,githubnext/agentics/workflows/test-improver.md,githubnext/agentics/workflows/daily-test-improver.md,False,497230d3867fe453aae74b15d06178d45a39fcce,2026-05-08 20:56:58+00:00,1.0,1.0,1.0,1.0
1051,236,baizhiheizi/quill,baizhiheizi,test-improver.md,2,2026-06-01 10:17:21+00:00,False,githubnext/agentics/workflows/test-improver.md@c02eadfca420f2b351f9fcaee883c507a63ca316,ok,githubnext/agentics/workflows/test-improver.md,githubnext/agentics/workflows/test-improver.md,githubnext/agentics/workflows/daily-test-improver.md,False,497230d3867fe453aae74b15d06178d45a39fcce,2026-05-08 20:56:58+00:00,1.0,1.0,1.0,1.0
1052,236,baizhiheizi/quill,baizhiheizi,test-improver.md,3,2026-06-06 01:07:06+00:00,False,githubnext/agentics/workflows/test-improver.md@c02eadfca420f2b351f9fcaee883c507a63ca316,ok,githubnext/agentics/workflows/test-improver.md,githubnext/agentics/workflows/test-improver.md,githubnext/agentics/workflows/daily-test-improver.md,False,497230d3867fe453aae74b15d06178d45a39fcce,2026-05-08 20:56:58+00:00,1.0,1.0,1.0,1.0
1053,236,baizhiheizi/quill,baizhiheizi,test-improver.md,4,2026-06-08 01:51:27+00:00,False,githubnext/agentics/workflows/test-improver.md@c02eadfca420f2b351f9fcaee883c507a63ca316,ok,githubnext/agentics/workflows/test-improver.md,githubnext/agentics/workflows/test-improver.md,githubnext/agentics/workflows/daily-test-improver.md,False,497230d3867fe453aae74b15d06178d45a39fcce,2026-05-08 20:56:58+00:00,1.0,1.0,1.0,1.0
1054,236,baizhiheizi/quill,baizhiheizi,test-improver.md,5,2026-06-09 21:44:54+00:00,False,githubnext/agentics/workflows/test-improver.md@e15e57b40918dbca11b350c55d02ab61934afa75,ok,githubnext/agentics/workflows/test-improver.md,githubnext/agentics/workflows/test-improver.md,githubnext/agentics/workflows/daily-test-improver.md,False,497230d3867fe453aae74b15d06178d45a39fcce,2026-05-08 20:56:58+00:00,1.0,1.0,1.0,1.0
1055,236,baizhiheizi/quill,baizhiheizi,test-improver.md,6,2026-06-15 01:28:32+00:00,False,githubnext/agentics/workflows/test-improver.md@e15e57b40918dbca11b350c55d02ab61934afa75,ok,githubnext/agentics/workflows/test-improver.md,githubnext/agentics/workflows/test-improver.md,githubnext/agentics/workflows/daily-test-improver.md,False,497230d3867fe453aae74b15d06178d45a39fcce,2026-05-08 20:56:58+00:00,1.0,1.0,1.0,1.0
1056,237,baizhiheizi/quill,baizhiheizi,unbloat-docs.md,1,2026-06-09 21:44:54+00:00,False,githubnext/agentics/workflows/unbloat-docs.md@e15e57b40918dbca11b350c55d02ab61934afa75,ok,githubnext/agentics/workflows/unbloat-docs.md,githubnext/agentics/workflows/unbloat-docs.md,githubnext/agentics/workflows/unbloat-docs.md,False,52d345ea47b3338175a42432a7c4a9b092ae356c,2026-02-18 17:30:40+00:00,1.0,1.0,1.0,1.0
1057,237,baizhiheizi/quill,baizhiheizi,unbloat-docs.md,2,2026-06-15 01:28:32+00:00,False,githubnext/agentics/workflows/unbloat-docs.md@e15e57b40918dbca11b350c55d02ab61934afa75,ok,githubnext/agentics/workflows/unbloat-docs.md,githubnext/agentics/workflows/unbloat-docs.md,githubnext/agentics/workflows/unbloat-docs.md,False,52d345ea47b3338175a42432a7c4a9b092ae356c,2026-02-18 17:30:40+00:00,1.0,1.0,1.0,1.0
1058,238,baizhiheizi/quill,baizhiheizi,weekly-research.md,1,2026-06-09 21:44:54+00:00,False,githubnext/agentics/workflows/weekly-research.md@e15e57b40918dbca11b350c55d02ab61934afa75,ok,githubnext/agentics/workflows/weekly-research.md,githubnext/agentics/workflows/weekly-research.md,githubnext/agentics/workflows/agentic-researcher.md,False,497230d3867fe453aae74b15d06178d45a39fcce,2026-05-08 20:56:58+00:00,25.0,25.0,1.0,1.0
1059,238,baizhiheizi/quill,baizhiheizi,weekly-research.md,2,2026-06-15 01:28:32+00:00,False,githubnext/agentics/workflows/weekly-research.md@e15e57b40918dbca11b350c55d02ab61934afa75,ok,githubnext/agentics/workflows/weekly-research.md,githubnext/agentics/workflows/weekly-research.md,githubnext/agentics/workflows/agentic-researcher.md,False,497230d3867fe453aae74b15d06178d45a39fcce,2026-05-08 20:56:58+00:00,25.0,25.0,1.0,1.0
1060,239,microsoft/security-devops-action,microsoft,ci-doctor.md,1,2026-03-16 15:21:02+00:00,False,,,,github/gh-aw/.github/workflows/ci-doctor.md,githubnext/agentics/workflows/ci-doctor.md,False,c19426f87652906fd05ff08a91d4753f8a96bfe2,2026-02-07 17:28:29+00:00,6.0,10.0,0.1313,
1061,239,microsoft/security-devops-action,microsoft,ci-doctor.md,2,2026-03-16 18:07:21+00:00,False,,,,github/gh-aw/.github/workflows/ci-doctor.md,githubnext/agentics/workflows/ci-doctor.md,False,c19426f87652906fd05ff08a91d4753f8a96bfe2,2026-02-07 17:28:29+00:00,6.0,10.0,0.1313,
1062,239,microsoft/security-devops-action,microsoft,ci-doctor.md,3,2026-03-16 21:27:44+00:00,False,,,,github/gh-aw/.github/workflows/ci-doctor.md,githubnext/agentics/workflows/ci-doctor.md,False,c19426f87652906fd05ff08a91d4753f8a96bfe2,2026-02-07 17:28:29+00:00,6.0,10.0,0.1313,
1063,239,microsoft/security-devops-action,microsoft,ci-doctor.md,4,2026-03-21 09:52:34+00:00,False,,,,github/gh-aw/.github/workflows/ci-doctor.md,githubnext/agentics/workflows/ci-doctor.md,False,c19426f87652906fd05ff08a91d4753f8a96bfe2,2026-02-07 17:28:29+00:00,6.0,10.0,0.1313,
1064,239,microsoft/security-devops-action,microsoft,ci-doctor.md,5,2026-04-24 07:05:33+00:00,False,,,,github/gh-aw/.github/workflows/ci-doctor.md,githubnext/agentics/workflows/ci-doctor.md,False,c19426f87652906fd05ff08a91d4753f8a96bfe2,2026-02-07 17:28:29+00:00,6.0,13.0,0.1313,
1065,239,microsoft/security-devops-action,microsoft,ci-doctor.md,6,2026-04-24 07:46:07+00:00,False,,,,github/gh-aw/.github/workflows/ci-doctor.md,githubnext/agentics/workflows/ci-doctor.md,False,c19426f87652906fd05ff08a91d4753f8a96bfe2,2026-02-07 17:28:29+00:00,6.0,13.0,0.1313,
1066,240,microsoft/security-devops-action,microsoft,msdo-breach-monitor.md,1,2026-03-21 10:10:44+00:00,False,,,,githubnext/agentics/workflows/supply-chain-security-specialist.md,githubnext/agentics/workflows/supply-chain-security-specialist.md,False,062d037e121ad7d5fa76f2a6aea2b30db3ce09bd,2025-07-30 15:25:50+00:00,2.0,2.0,0.0923,
1067,240,microsoft/security-devops-action,microsoft,msdo-breach-monitor.md,2,2026-03-22 14:45:51+00:00,False,,,,githubnext/agentics/workflows/supply-chain-security-specialist.md,githubnext/agentics/workflows/supply-chain-security-specialist.md,False,8cdaeeffe67ca40ba56eeabcaa173a565274a34d,2025-07-29 08:46:19+00:00,1.0,2.0,0.0873,
1068,240,microsoft/security-devops-action,microsoft,msdo-breach-monitor.md,3,2026-03-23 07:43:58+00:00,False,,,,githubnext/agentics/workflows/supply-chain-security-specialist.md,githubnext/agentics/workflows/supply-chain-security-specialist.md,False,8cdaeeffe67ca40ba56eeabcaa173a565274a34d,2025-07-29 08:46:19+00:00,1.0,2.0,0.0873,
1069,240,microsoft/security-devops-action,microsoft,msdo-breach-monitor.md,4,2026-03-23 16:41:18+00:00,False,,,,githubnext/agentics/workflows/supply-chain-security-specialist.md,githubnext/agentics/workflows/supply-chain-security-specialist.md,False,8cdaeeffe67ca40ba56eeabcaa173a565274a34d,2025-07-29 08:46:19+00:00,1.0,2.0,0.0877,
1070,240,microsoft/security-devops-action,microsoft,msdo-breach-monitor.md,5,2026-04-24 07:05:33+00:00,False,,,,githubnext/agentics/workflows/supply-chain-security-specialist.md,githubnext/agentics/workflows/supply-chain-security-specialist.md,False,8cdaeeffe67ca40ba56eeabcaa173a565274a34d,2025-07-29 08:46:19+00:00,1.0,2.0,0.0877,
1071,240,microsoft/security-devops-action,microsoft,msdo-breach-monitor.md,6,2026-04-24 07:46:07+00:00,False,,,,githubnext/agentics/workflows/supply-chain-security-specialist.md,githubnext/agentics/workflows/supply-chain-security-specialist.md,False,8cdaeeffe67ca40ba56eeabcaa173a565274a34d,2025-07-29 08:46:19+00:00,1.0,2.0,0.0877,
1072,241,microsoft/security-devops-action,microsoft,msdo-issue-assistant.md,1,2026-02-19 06:00:48+00:00,False,,,,githubnext/agentics/workflows/issue-triage.md,githubnext/agentics/workflows/agentic-triage.md,False,ab5c853602725b2ed1000ab1ccf033746628f194,2025-10-02 19:01:20+00:00,14.0,21.0,0.0619,
1073,241,microsoft/security-devops-action,microsoft,msdo-issue-assistant.md,2,2026-02-23 19:05:26+00:00,False,,,,githubnext/agentics/workflows/issue-triage.md,githubnext/agentics/workflows/agentic-triage.md,False,ab5c853602725b2ed1000ab1ccf033746628f194,2025-10-02 19:01:20+00:00,14.0,21.0,0.0619,
1074,241,microsoft/security-devops-action,microsoft,msdo-issue-assistant.md,3,2026-02-23 20:07:42+00:00,False,,,,githubnext/agentics/workflows/repo-assist.md,githubnext/agentics/workflows/repo-assist.md,False,2f03fdaafb8c1ae62dfde7e0be762a822a201aeb,2026-02-23 19:47:18+00:00,14.0,14.0,0.0622,
1075,241,microsoft/security-devops-action,microsoft,msdo-issue-assistant.md,4,2026-02-25 18:43:51+00:00,False,,,,githubnext/agentics/workflows/repo-assist.md,githubnext/agentics/workflows/repo-assist.md,False,2f03fdaafb8c1ae62dfde7e0be762a822a201aeb,2026-02-23 19:47:18+00:00,14.0,15.0,0.0622,
1076,241,microsoft/security-devops-action,microsoft,msdo-issue-assistant.md,5,2026-03-03 16:54:37+00:00,False,,,,githubnext/agentics/workflows/issue-triage.md,githubnext/agentics/workflows/agentic-triage.md,False,ab5c853602725b2ed1000ab1ccf033746628f194,2025-10-02 19:01:20+00:00,14.0,21.0,0.0634,
1077,241,microsoft/security-devops-action,microsoft,msdo-issue-assistant.md,6,2026-03-21 09:52:34+00:00,False,,,,githubnext/agentics/workflows/issue-triage.md,githubnext/agentics/workflows/agentic-triage.md,False,ab5c853602725b2ed1000ab1ccf033746628f194,2025-10-02 19:01:20+00:00,14.0,21.0,0.0634,
1078,241,microsoft/security-devops-action,microsoft,msdo-issue-assistant.md,7,2026-04-13 06:20:21+00:00,False,,,,githubnext/agentics/workflows/issue-triage.md,githubnext/agentics/workflows/agentic-triage.md,False,ab5c853602725b2ed1000ab1ccf033746628f194,2025-10-02 19:01:20+00:00,14.0,21.0,0.0567,
1079,241,microsoft/security-devops-action,microsoft,msdo-issue-assistant.md,8,2026-04-24 07:05:33+00:00,False,,,,githubnext/agentics/workflows/issue-triage.md,githubnext/agentics/workflows/agentic-triage.md,False,ab5c853602725b2ed1000ab1ccf033746628f194,2025-10-02 19:01:20+00:00,14.0,21.0,0.0597,
1080,241,microsoft/security-devops-action,microsoft,msdo-issue-assistant.md,9,2026-04-24 07:39:57+00:00,False,,,,githubnext/agentics/workflows/issue-triage.md,githubnext/agentics/workflows/agentic-triage.md,False,ab5c853602725b2ed1000ab1ccf033746628f194,2025-10-02 19:01:20+00:00,14.0,21.0,0.0589,
1081,241,microsoft/security-devops-action,microsoft,msdo-issue-assistant.md,10,2026-04-24 07:46:07+00:00,False,,,,githubnext/agentics/workflows/issue-triage.md,githubnext/agentics/workflows/agentic-triage.md,False,ab5c853602725b2ed1000ab1ccf033746628f194,2025-10-02 19:01:20+00:00,14.0,21.0,0.0587,
1082,242,Azure/azure-dev,Azure,extension-pr-labeler.md,1,2026-05-20 17:36:39+00:00,False,,,,githubnext/agentics/workflows/agentic-triage.md,githubnext/agentics/workflows/agentic-triage.md,False,1b18060def133eff23cd45fa3e4a33cbef0f67d4,2025-07-28 16:13:02+00:00,2.0,3.0,0.0477,
1083,242,Azure/azure-dev,Azure,extension-pr-labeler.md,2,2026-06-19 21:35:52+00:00,False,,,,pulumi-labs/gh-aw-internal/.github/workflows/shared/review.md,pulumi-labs/gh-aw-internal/.github/workflows/shared/review.md,True,242988150273951aad5f67b008256266bdff6112,2026-05-28 15:56:48+00:00,4.0,4.0,0.0474,
1084,243,Azure/azure-dev,Azure,update-instructions-from-pr-reviews.md,1,2026-06-17 20:00:51+00:00,False,,,,pulumi-labs/gh-aw-internal/.github/workflows/shared/plugins/code-review/code-review.md,pulumi-labs/gh-aw-internal/.github/workflows/shared/plugins/code-review/code-review.md,True,fccb0509de811cdc59bfe4e77504af0d4b5ebaa1,2026-06-04 14:18:40+00:00,6.0,6.0,0.0703,
1085,243,Azure/azure-dev,Azure,update-instructions-from-pr-reviews.md,2,2026-06-19 21:35:52+00:00,False,,,,pulumi-labs/gh-aw-internal/.github/workflows/shared/plugins/code-review/code-review.md,pulumi-labs/gh-aw-internal/.github/workflows/shared/plugins/code-review/code-review.md,True,fccb0509de811cdc59bfe4e77504af0d4b5ebaa1,2026-06-04 14:18:40+00:00,6.0,6.0,0.0703,
1119,246,pulumi/pulumi-aiven,pulumi,gh-aw-pr-rereview.md,1,2026-05-12 06:06:38+00:00,True,pulumi-labs/gh-aw-internal/.github/workflows/gh-aw-pr-rereview.md@8a92f53fac170563f7727cacab2dbedb5d5b9e29,ok,pulumi-labs/gh-aw-internal/.github/workflows/gh-aw-pr-rereview.md,,,,,,,,,
1120,247,pulumi/pulumi-aiven,pulumi,gh-aw-pr-review.md,1,2026-05-12 06:06:38+00:00,True,pulumi-labs/gh-aw-internal/.github/workflows/gh-aw-pr-review.md@8a92f53fac170563f7727cacab2dbedb5d5b9e29,ok,pulumi-labs/gh-aw-internal/.github/workflows/gh-aw-pr-review.md,,,,,,,,,
1121,248,pulumi/pulumi-tailscale,pulumi,gh-aw-pr-rereview.md,1,2026-05-12 07:18:19+00:00,True,pulumi-labs/gh-aw-internal/.github/workflows/gh-aw-pr-rereview.md@8a92f53fac170563f7727cacab2dbedb5d5b9e29,ok,pulumi-labs/gh-aw-internal/.github/workflows/gh-aw-pr-rereview.md,,,,,,,,,
1122,249,pulumi/pulumi-tailscale,pulumi,gh-aw-pr-review.md,1,2026-05-12 07:18:19+00:00,True,pulumi-labs/gh-aw-internal/.github/workflows/gh-aw-pr-review.md@8a92f53fac170563f7727cacab2dbedb5d5b9e29,ok,pulumi-labs/gh-aw-internal/.github/workflows/gh-aw-pr-review.md,,,,,,,,,
1123,250,pulumi/pulumi-kubernetes-cert-manager,pulumi,gh-aw-pr-rereview.md,1,2026-05-12 06:50:00+00:00,True,pulumi-labs/gh-aw-internal/.github/workflows/gh-aw-pr-rereview.md@8a92f53fac170563f7727cacab2dbedb5d5b9e29,ok,pulumi-labs/gh-aw-internal/.github/workflows/gh-aw-pr-rereview.md,,,,,,,,,
1124,251,pulumi/pulumi-kubernetes-cert-manager,pulumi,gh-aw-pr-review.md,1,2026-05-12 06:50:00+00:00,True,pulumi-labs/gh-aw-internal/.github/workflows/gh-aw-pr-review.md@8a92f53fac170563f7727cacab2dbedb5d5b9e29,ok,pulumi-labs/gh-aw-internal/.github/workflows/gh-aw-pr-review.md,,,,,,,,,
1125,252,talk2MeGooseman/stream_closed_captioner_phoenix,talk2MeGooseman,daily-test-improver.md,1,2026-01-19 00:55:04+00:00,False,githubnext/agentics/workflows/daily-test-improver.md@1ef9dbe65e8265b57fe2ffa76098457cf3ae2b32,ok,githubnext/agentics/workflows/daily-test-improver.md,githubnext/agentics/workflows/daily-test-improver.md,githubnext/agentics/workflows/daily-test-improver.md,False,48413acd2e8b7857b2a0ff9d17bc0d0bb1848427,2025-11-15 01:01:56+00:00,43.0,43.0,1.0,1.0
1126,252,talk2MeGooseman/stream_closed_captioner_phoenix,talk2MeGooseman,daily-test-improver.md,2,2026-01-19 01:06:32+00:00,False,githubnext/agentics/workflows/daily-test-improver.md@1ef9dbe65e8265b57fe2ffa76098457cf3ae2b32,ok,githubnext/agentics/workflows/daily-test-improver.md,githubnext/agentics/workflows/daily-test-improver.md,githubnext/agentics/workflows/daily-test-improver.md,False,48413acd2e8b7857b2a0ff9d17bc0d0bb1848427,2025-11-15 01:01:56+00:00,43.0,43.0,1.0,1.0
1127,252,talk2MeGooseman/stream_closed_captioner_phoenix,talk2MeGooseman,daily-test-improver.md,3,2026-01-19 01:08:24+00:00,False,githubnext/agentics/workflows/daily-test-improver.md@1ef9dbe65e8265b57fe2ffa76098457cf3ae2b32,ok,githubnext/agentics/workflows/daily-test-improver.md,githubnext/agentics/workflows/daily-test-improver.md,githubnext/agentics/workflows/daily-test-improver.md,False,48413acd2e8b7857b2a0ff9d17bc0d0bb1848427,2025-11-15 01:01:56+00:00,43.0,43.0,1.0,1.0
1128,252,talk2MeGooseman/stream_closed_captioner_phoenix,talk2MeGooseman,daily-test-improver.md,4,2026-01-19 07:37:43+00:00,False,githubnext/agentics/workflows/daily-test-improver.md@1ef9dbe65e8265b57fe2ffa76098457cf3ae2b32,ok,githubnext/agentics/workflows/daily-test-improver.md,githubnext/agentics/workflows/daily-test-improver.md,githubnext/agentics/workflows/daily-test-improver.md,False,48413acd2e8b7857b2a0ff9d17bc0d0bb1848427,2025-11-15 01:01:56+00:00,43.0,43.0,1.0,1.0
1129,252,talk2MeGooseman/stream_closed_captioner_phoenix,talk2MeGooseman,daily-test-improver.md,5,2026-01-19 15:51:33+00:00,False,githubnext/agentics/workflows/daily-test-improver.md@1ef9dbe65e8265b57fe2ffa76098457cf3ae2b32,ok,githubnext/agentics/workflows/daily-test-improver.md,githubnext/agentics/workflows/daily-test-improver.md,githubnext/agentics/workflows/daily-test-improver.md,False,48413acd2e8b7857b2a0ff9d17bc0d0bb1848427,2025-11-15 01:01:56+00:00,43.0,43.0,1.0,1.0
1130,252,talk2MeGooseman/stream_closed_captioner_phoenix,talk2MeGooseman,daily-test-improver.md,6,2026-02-28 19:05:57+00:00,False,githubnext/agentics/workflows/daily-test-improver.md@442992eda2ccb11ee75a39c019ec6d38ae5a84a2,ok,githubnext/agentics/workflows/daily-test-improver.md,githubnext/agentics/workflows/daily-test-improver.md,githubnext/agentics/workflows/daily-test-improver.md,False,76b334c67e69e4fd9a9f44c3a751d729539c9da6,2026-02-26 13:15:18+00:00,48.0,48.0,1.0,1.0
1131,252,talk2MeGooseman/stream_closed_captioner_phoenix,talk2MeGooseman,daily-test-improver.md,7,2026-02-28 21:01:57+00:00,False,githubnext/agentics/workflows/daily-test-improver.md@442992eda2ccb11ee75a39c019ec6d38ae5a84a2,ok,githubnext/agentics/workflows/daily-test-improver.md,githubnext/agentics/workflows/daily-test-improver.md,githubnext/agentics/workflows/daily-test-improver.md,False,76b334c67e69e4fd9a9f44c3a751d729539c9da6,2026-02-26 13:15:18+00:00,48.0,48.0,1.0,1.0
1132,252,talk2MeGooseman/stream_closed_captioner_phoenix,talk2MeGooseman,daily-test-improver.md,8,2026-04-12 03:11:17+00:00,False,githubnext/agentics/workflows/daily-test-improver.md@97143ac59cb3a13ef2a77581f929f06719c7402a,ok,githubnext/agentics/workflows/daily-test-improver.md,githubnext/agentics/workflows/daily-test-improver.md,githubnext/agentics/workflows/daily-test-improver.md,False,398f7d95ef5bd2329e422df142569a8833f91a1f,2026-03-08 02:28:41+00:00,50.0,51.0,1.0,1.0
1133,253,talk2MeGooseman/stream_closed_captioner_phoenix,talk2MeGooseman,repository-quality-improver.md,1,2026-04-12 03:11:17+00:00,False,githubnext/agentics/workflows/repository-quality-improver.md@97143ac59cb3a13ef2a77581f929f06719c7402a,ok,githubnext/agentics/workflows/repository-quality-improver.md,githubnext/agentics/workflows/repository-quality-improver.md,githubnext/agentics/workflows/repository-quality-improver.md,False,4c38dd19cf6bd04950dc2f98c91caba3d2acfcd6,2026-03-03 12:45:06+00:00,1.0,1.0,1.0,1.0
1134,254,pulumi/pulumi-mongodbatlas,pulumi,gh-aw-pr-rereview.md,1,2026-05-12 06:56:35+00:00,True,pulumi-labs/gh-aw-internal/.github/workflows/gh-aw-pr-rereview.md@8a92f53fac170563f7727cacab2dbedb5d5b9e29,ok,pulumi-labs/gh-aw-internal/.github/workflows/gh-aw-pr-rereview.md,,,,,,,,,
1135,255,pulumi/pulumi-mongodbatlas,pulumi,gh-aw-pr-review.md,1,2026-05-12 06:56:35+00:00,True,pulumi-labs/gh-aw-internal/.github/workflows/gh-aw-pr-review.md@8a92f53fac170563f7727cacab2dbedb5d5b9e29,ok,pulumi-labs/gh-aw-internal/.github/workflows/gh-aw-pr-review.md,,,,,,,,,
1136,256,pulumi/pulumi-kafka,pulumi,gh-aw-pr-rereview.md,1,2026-05-12 06:46:07+00:00,True,pulumi-labs/gh-aw-internal/.github/workflows/gh-aw-pr-rereview.md@8a92f53fac170563f7727cacab2dbedb5d5b9e29,ok,pulumi-labs/gh-aw-internal/.github/workflows/gh-aw-pr-rereview.md,,,,,,,,,
1137,257,pulumi/pulumi-kafka,pulumi,gh-aw-pr-review.md,1,2026-05-12 06:46:07+00:00,True,pulumi-labs/gh-aw-internal/.github/workflows/gh-aw-pr-review.md@8a92f53fac170563f7727cacab2dbedb5d5b9e29,ok,pulumi-labs/gh-aw-internal/.github/workflows/gh-aw-pr-review.md,,,,,,,,,
1138,258,pulumi/pulumi-newrelic,pulumi,gh-aw-pr-rereview.md,1,2026-05-12 06:58:37+00:00,True,pulumi-labs/gh-aw-internal/.github/workflows/gh-aw-pr-rereview.md@8a92f53fac170563f7727cacab2dbedb5d5b9e29,ok,pulumi-labs/gh-aw-internal/.github/workflows/gh-aw-pr-rereview.md,,,,,,,,,
1139,259,pulumi/pulumi-newrelic,pulumi,gh-aw-pr-review.md,1,2026-05-12 06:58:37+00:00,True,pulumi-labs/gh-aw-internal/.github/workflows/gh-aw-pr-review.md@8a92f53fac170563f7727cacab2dbedb5d5b9e29,ok,pulumi-labs/gh-aw-internal/.github/workflows/gh-aw-pr-review.md,,,,,,,,,
1140,260,microsoft/pylance-release,microsoft,issue-assignment.md,1,2026-02-13 21:49:25+00:00,False,,,,githubnext/agentics/workflows/issue-triage.md,githubnext/agentics/workflows/agentic-triage.md,False,bf8d330e628f2c235cd9304310156bdbbfa61123,2025-10-24 19:03:24+00:00,20.0,21.0,0.048,
1141,261,pulumi/pulumi-pulumiservice,pulumi,gh-aw-pr-rereview.md,1,2026-05-28 07:34:19+00:00,True,pulumi-labs/gh-aw-internal/.github/workflows/gh-aw-pr-rereview.md@8a92f53fac170563f7727cacab2dbedb5d5b9e29,ok,pulumi-labs/gh-aw-internal/.github/workflows/gh-aw-pr-rereview.md,,,,,,,,,
1142,262,pulumi/pulumi-pulumiservice,pulumi,gh-aw-pr-review.md,1,2026-05-28 07:34:19+00:00,True,pulumi-labs/gh-aw-internal/.github/workflows/gh-aw-pr-review.md@8a92f53fac170563f7727cacab2dbedb5d5b9e29,ok,pulumi-labs/gh-aw-internal/.github/workflows/gh-aw-pr-review.md,,,,,,,,,
1143,263,microsoft/vscode-mypy,microsoft,check-python-versions.md,1,2026-02-17 21:37:12+00:00,False,,,,githubnext/agentics/workflows/agentic-dependency-updater.md,githubnext/agentics/workflows/agentic-dependency-updater.md,False,3ef9ccd7e4e85b3ca1e0a50f53b49e7760ffed77,2025-07-28 21:44:25+00:00,1.0,4.0,0.049,
1144,263,microsoft/vscode-mypy,microsoft,check-python-versions.md,2,2026-02-24 00:41:51+00:00,False,,,,githubnext/agentics/workflows/daily-test-improver.md,githubnext/agentics/workflows/daily-test-improver.md,False,4e975c46f36253e251e92249d72d1e7b602f8f85,2025-09-09 23:25:24+00:00,22.0,46.0,0.0491,
1145,263,microsoft/vscode-mypy,microsoft,check-python-versions.md,3,2026-06-09 17:33:54+00:00,False,,,,githubnext/agentics/workflows/daily-test-improver.md,githubnext/agentics/workflows/daily-test-improver.md,False,4e975c46f36253e251e92249d72d1e7b602f8f85,2025-09-09 23:25:24+00:00,22.0,51.0,0.0491,
1146,263,microsoft/vscode-mypy,microsoft,check-python-versions.md,4,2026-06-23 19:22:12+00:00,False,,,,githubnext/agentics/workflows/daily-test-improver.md,githubnext/agentics/workflows/daily-test-improver.md,False,4e975c46f36253e251e92249d72d1e7b602f8f85,2025-09-09 23:25:24+00:00,22.0,51.0,0.0491,
1147,264,microsoft/vscode-mypy,microsoft,extension-template-sync.md,1,2026-02-26 00:08:33+00:00,False,,,,github/gh-aw/.github/workflows/daily-doc-updater.md,github/gh-aw/.github/workflows/daily-doc-updater.md,False,fe2713ba4bb447a2e38905f4a47920531bc59cdd,2026-02-24 04:25:20+00:00,6.0,6.0,0.0867,
1148,264,microsoft/vscode-mypy,microsoft,extension-template-sync.md,2,2026-02-27 17:32:49+00:00,False,,,,github/gh-aw/.github/workflows/daily-doc-updater.md,github/gh-aw/.github/workflows/daily-doc-updater.md,False,fe2713ba4bb447a2e38905f4a47920531bc59cdd,2026-02-24 04:25:20+00:00,6.0,7.0,0.0852,
1149,264,microsoft/vscode-mypy,microsoft,extension-template-sync.md,3,2026-03-03 18:17:37+00:00,False,,,,github/gh-aw/.github/workflows/daily-doc-updater.md,github/gh-aw/.github/workflows/daily-doc-updater.md,False,8b089d17e83805175b88a9ebf4bcc419595a307c,2026-02-26 20:31:29+00:00,7.0,7.0,0.0728,
1150,264,microsoft/vscode-mypy,microsoft,extension-template-sync.md,4,2026-03-20 19:58:12+00:00,False,,,,github/gh-aw/.github/workflows/daily-doc-updater.md,github/gh-aw/.github/workflows/daily-doc-updater.md,False,27c63b690634cd94d90e3fbc1c3f7b64921002d4,2026-03-17 19:55:54+00:00,10.0,10.0,0.0753,
1151,264,microsoft/vscode-mypy,microsoft,extension-template-sync.md,5,2026-03-25 00:41:14+00:00,False,,,,github/gh-aw/.github/workflows/daily-doc-updater.md,github/gh-aw/.github/workflows/daily-doc-updater.md,False,00c8977ceb34a66b691cd5d8d4ff8f2e596fe990,2026-03-24 05:51:27+00:00,11.0,11.0,0.0765,
1152,264,microsoft/vscode-mypy,microsoft,extension-template-sync.md,6,2026-06-09 17:33:54+00:00,False,,,,github/gh-aw/.github/workflows/daily-doc-updater.md,github/gh-aw/.github/workflows/daily-doc-updater.md,False,87f7d57f58dd8c0d5b8e68dcdd825938dae9706d,2026-04-23 14:02:26+00:00,18.0,23.0,0.0819,
1153,264,microsoft/vscode-mypy,microsoft,extension-template-sync.md,7,2026-06-23 19:22:12+00:00,False,,,,github/gh-aw/.github/workflows/daily-doc-updater.md,github/gh-aw/.github/workflows/daily-doc-updater.md,False,87f7d57f58dd8c0d5b8e68dcdd825938dae9706d,2026-04-23 14:02:26+00:00,18.0,23.0,0.0819,
1154,265,microsoft/vscode-mypy,microsoft,issue-triage.md,1,2026-02-25 17:55:18+00:00,False,,,,githubnext/agentics/workflows/issue-triage.md,githubnext/agentics/workflows/agentic-triage.md,False,bf8d330e628f2c235cd9304310156bdbbfa61123,2025-10-24 19:03:24+00:00,20.0,21.0,0.0849,
1155,265,microsoft/vscode-mypy,microsoft,issue-triage.md,2,2026-02-27 19:57:13+00:00,False,,,,githubnext/agentics/workflows/issue-triage.md,githubnext/agentics/workflows/agentic-triage.md,False,bf8d330e628f2c235cd9304310156bdbbfa61123,2025-10-24 19:03:24+00:00,20.0,21.0,0.0888,
1156,265,microsoft/vscode-mypy,microsoft,issue-triage.md,3,2026-03-03 18:17:37+00:00,False,,,,githubnext/agentics/workflows/issue-triage.md,githubnext/agentics/workflows/agentic-triage.md,False,bf8d330e628f2c235cd9304310156bdbbfa61123,2025-10-24 19:03:24+00:00,20.0,21.0,0.0899,
1157,265,microsoft/vscode-mypy,microsoft,issue-triage.md,4,2026-06-09 17:33:54+00:00,False,,,,githubnext/agentics/workflows/issue-triage.md,githubnext/agentics/workflows/agentic-triage.md,False,497230d3867fe453aae74b15d06178d45a39fcce,2026-05-08 20:56:58+00:00,22.0,23.0,0.0818,
1158,265,microsoft/vscode-mypy,microsoft,issue-triage.md,5,2026-06-23 19:22:12+00:00,False,,,,githubnext/agentics/workflows/issue-triage.md,githubnext/agentics/workflows/agentic-triage.md,False,497230d3867fe453aae74b15d06178d45a39fcce,2026-05-08 20:56:58+00:00,22.0,23.0,0.0818,
1159,266,Alfresco/alfresco-build-tools,Alfresco,supply-chain-review.md,1,2026-05-28 13:55:52+00:00,False,,,,Alfresco/alfresco-build-tools/.github/workflows/supply-chain-review.md,Alfresco/alfresco-build-tools/.github/workflows/supply-chain-review.md,False,500921b47ef517ff56a006f7422d5c229430f681,2026-05-28 13:55:52+00:00,1.0,1.0,1.0,
1160,266,Alfresco/alfresco-build-tools,Alfresco,supply-chain-review.md,2,2026-05-29 10:54:47+00:00,False,,,,Alfresco/alfresco-build-tools/.github/workflows/supply-chain-review.md,Alfresco/alfresco-build-tools/.github/workflows/supply-chain-review.md,False,500921b47ef517ff56a006f7422d5c229430f681,2026-05-28 13:55:52+00:00,1.0,2.0,1.0,
1161,266,Alfresco/alfresco-build-tools,Alfresco,supply-chain-review.md,3,2026-05-29 13:21:33+00:00,False,,,,Alfresco/alfresco-build-tools/.github/workflows/supply-chain-review.md,Alfresco/alfresco-build-tools/.github/workflows/supply-chain-review.md,False,6a3b536ca5d2cf8f844abb810b4bbbc7b574f5fb,2026-05-29 13:21:33+00:00,3.0,3.0,1.0,
1162,266,Alfresco/alfresco-build-tools,Alfresco,supply-chain-review.md,4,2026-06-03 15:13:37+00:00,False,,,,Alfresco/alfresco-build-tools/.github/workflows/supply-chain-review.md,Alfresco/alfresco-build-tools/.github/workflows/supply-chain-review.md,False,b2070730e7482fb8d2791e97d7b288fdf3b106ef,2026-06-03 15:13:37+00:00,4.0,4.0,1.0,
1163,266,Alfresco/alfresco-build-tools,Alfresco,supply-chain-review.md,5,2026-06-10 11:29:33+00:00,False,,,,Alfresco/alfresco-build-tools/.github/workflows/supply-chain-review.md,Alfresco/alfresco-build-tools/.github/workflows/supply-chain-review.md,False,52467f0241079de71fe14591f97bdec7555ab545,2026-06-10 11:29:33+00:00,5.0,5.0,1.0,
1190,275,sytone/obsidian-queryallthethings,sytone,code-simplifier.md,1,2026-02-27 00:23:49+00:00,False,github/gh-aw/.github/workflows/code-simplifier.md@852cb06ad52958b402ed982b69957ffc57ca0619,ok,github/gh-aw/.github/workflows/code-simplifier.md,github/gh-aw/.github/workflows/code-simplifier.md,github/gh-aw/.github/workflows/code-simplifier.md,False,bb3a3b3c35105d86add624c48ddb68e1419f5cb5,2026-02-16 17:09:36+00:00,4.0,5.0,1.0,1.0
1191,276,pulumi/pulumi-snowflake,pulumi,gh-aw-pr-rereview.md,1,2026-05-12 07:17:10+00:00,True,pulumi-labs/gh-aw-internal/.github/workflows/gh-aw-pr-rereview.md@8a92f53fac170563f7727cacab2dbedb5d5b9e29,ok,pulumi-labs/gh-aw-internal/.github/workflows/gh-aw-pr-rereview.md,,,,,,,,,
1192,277,pulumi/pulumi-snowflake,pulumi,gh-aw-pr-review.md,1,2026-05-12 07:17:10+00:00,True,pulumi-labs/gh-aw-internal/.github/workflows/gh-aw-pr-review.md@8a92f53fac170563f7727cacab2dbedb5d5b9e29,ok,pulumi-labs/gh-aw-internal/.github/workflows/gh-aw-pr-review.md,,,,,,,,,
1193,278,pulumi/pulumi-azure-native,pulumi,azure-native-pr-rereview.md,1,2026-03-12 17:27:35+00:00,True,pulumi-labs/gh-aw-internal/.github/workflows/gh-aw-pr-rereview.md@734ef41746387a6818fd8ac3e619c9fd81ac6957,ok,pulumi-labs/gh-aw-internal/.github/workflows/gh-aw-pr-rereview.md,,,,,,,,,
1194,279,pulumi/pulumi-azure-native,pulumi,azure-native-pr-review.md,1,2026-03-12 17:27:35+00:00,True,pulumi-labs/gh-aw-internal/.github/workflows/gh-aw-pr-review.md@734ef41746387a6818fd8ac3e619c9fd81ac6957,ok,pulumi-labs/gh-aw-internal/.github/workflows/gh-aw-pr-review.md,,,,,,,,,
1195,280,Azure/LogicAppsUX,Azure,daily-repo-status.md,1,2026-02-24 15:56:19+00:00,False,githubnext/agentics/workflows/daily-repo-status.md@b0e9cfd3a20372ce7fe0462bb7bbca2272df4a88,ok,githubnext/agentics/workflows/daily-repo-status.md,githubnext/agentics/workflows/daily-repo-status.md,githubnext/agentics/workflows/daily-repo-status.md,False,3eae9b88d024036be45d668e3404f8662f94d878,2026-01-26 19:57:42+00:00,1.0,1.0,1.0,1.0
1196,281,Azure/LogicAppsUX,Azure,issue-triage-agent.md,1,2026-04-01 20:57:27+00:00,False,,,,githubnext/agentics/workflows/issue-triage.md,githubnext/agentics/workflows/agentic-triage.md,False,bf8d330e628f2c235cd9304310156bdbbfa61123,2025-10-24 19:03:24+00:00,20.0,21.0,0.0719,
1197,281,Azure/LogicAppsUX,Azure,issue-triage-agent.md,2,2026-04-02 02:49:52+00:00,False,,,,githubnext/agentics/workflows/issue-triage.md,githubnext/agentics/workflows/agentic-triage.md,False,bf8d330e628f2c235cd9304310156bdbbfa61123,2025-10-24 19:03:24+00:00,20.0,21.0,0.0719,
1198,281,Azure/LogicAppsUX,Azure,issue-triage-agent.md,3,2026-04-08 20:59:33+00:00,False,,,,githubnext/agentics/workflows/issue-triage.md,githubnext/agentics/workflows/agentic-triage.md,False,bf8d330e628f2c235cd9304310156bdbbfa61123,2025-10-24 19:03:24+00:00,20.0,21.0,0.0702,
1199,282,Azure/LogicAppsUX,Azure,issue-triage-feedback.md,1,2026-04-01 20:57:27+00:00,False,,,,github/gh-aw/.github/workflows/issue-triage-agent.md,github/gh-aw/.github/workflows/issue-triage-agent.md,False,793df3e3b3f78414a93c977b0370404b467f6e75,2025-12-15 15:58:16+00:00,3.0,7.0,0.0676,
1200,282,Azure/LogicAppsUX,Azure,issue-triage-feedback.md,2,2026-04-08 20:59:33+00:00,False,,,,github/gh-aw/.github/workflows/issue-triage-agent.md,github/gh-aw/.github/workflows/issue-triage-agent.md,False,793df3e3b3f78414a93c977b0370404b467f6e75,2025-12-15 15:58:16+00:00,3.0,8.0,0.0645,
1201,283,microsoft/typespec,microsoft,bump-tcgc-csharp.md,1,2026-04-27 20:50:06+00:00,False,,,,github/gh-aw/.github/workflows/daily-doc-updater.md,github/gh-aw/.github/workflows/daily-doc-updater.md,False,81811c5e30a0b454f36dce5b71b70328b0a7019a,2026-04-15 13:45:28+00:00,15.0,18.0,0.0523,
1202,283,microsoft/typespec,microsoft,bump-tcgc-csharp.md,2,2026-04-28 14:43:26+00:00,False,,,,github/gh-aw/.github/workflows/daily-doc-updater.md,github/gh-aw/.github/workflows/daily-doc-updater.md,False,81811c5e30a0b454f36dce5b71b70328b0a7019a,2026-04-15 13:45:28+00:00,15.0,18.0,0.0523,
1203,283,microsoft/typespec,microsoft,bump-tcgc-csharp.md,3,2026-04-28 16:29:41+00:00,False,,,,github/gh-aw/.github/workflows/daily-doc-updater.md,github/gh-aw/.github/workflows/daily-doc-updater.md,False,81811c5e30a0b454f36dce5b71b70328b0a7019a,2026-04-15 13:45:28+00:00,15.0,18.0,0.0523,
1204,283,microsoft/typespec,microsoft,bump-tcgc-csharp.md,4,2026-06-24 21:30:57+00:00,False,,,,github/gh-aw/.github/workflows/daily-doc-updater.md,github/gh-aw/.github/workflows/daily-doc-updater.md,False,54e5cb4e031fcfbe9c136d96af69d482e63a6220,2026-05-30 00:23:19+00:00,22.0,23.0,0.0549,
1205,284,microsoft/typespec,microsoft,issue-triage.md,1,2026-04-20 14:04:24+00:00,False,githubnext/agentics/workflows/issue-triage.md@346204513ecfa08b81566450d7d599556807389f,ok,githubnext/agentics/workflows/issue-triage.md,githubnext/agentics/workflows/issue-triage.md,githubnext/agentics/workflows/agentic-triage.md,False,bf8d330e628f2c235cd9304310156bdbbfa61123,2025-10-24 19:03:24+00:00,20.0,21.0,0.2069,0.2069
1206,284,microsoft/typespec,microsoft,issue-triage.md,2,2026-04-21 22:44:53+00:00,False,githubnext/agentics/workflows/issue-triage.md@346204513ecfa08b81566450d7d599556807389f,ok,githubnext/agentics/workflows/issue-triage.md,githubnext/agentics/workflows/issue-triage.md,githubnext/agentics/workflows/agentic-triage.md,False,bf8d330e628f2c235cd9304310156bdbbfa61123,2025-10-24 19:03:24+00:00,20.0,21.0,0.2069,0.2069
1207,284,microsoft/typespec,microsoft,issue-triage.md,3,2026-04-27 12:59:08+00:00,False,githubnext/agentics/workflows/issue-triage.md@346204513ecfa08b81566450d7d599556807389f,ok,githubnext/agentics/workflows/issue-triage.md,githubnext/agentics/workflows/issue-triage.md,githubnext/agentics/workflows/agentic-triage.md,False,bf8d330e628f2c235cd9304310156bdbbfa61123,2025-10-24 19:03:24+00:00,20.0,21.0,0.1996,0.1996
1208,284,microsoft/typespec,microsoft,issue-triage.md,4,2026-04-27 13:45:49+00:00,False,githubnext/agentics/workflows/issue-triage.md@346204513ecfa08b81566450d7d599556807389f,ok,githubnext/agentics/workflows/issue-triage.md,githubnext/agentics/workflows/issue-triage.md,githubnext/agentics/workflows/agentic-triage.md,False,bf8d330e628f2c235cd9304310156bdbbfa61123,2025-10-24 19:03:24+00:00,20.0,21.0,0.1972,0.1972
1209,284,microsoft/typespec,microsoft,issue-triage.md,5,2026-04-28 14:43:26+00:00,False,githubnext/agentics/workflows/issue-triage.md@346204513ecfa08b81566450d7d599556807389f,ok,githubnext/agentics/workflows/issue-triage.md,githubnext/agentics/workflows/issue-triage.md,githubnext/agentics/workflows/agentic-triage.md,False,bf8d330e628f2c235cd9304310156bdbbfa61123,2025-10-24 19:03:24+00:00,20.0,21.0,0.1972,0.1972
1210,284,microsoft/typespec,microsoft,issue-triage.md,6,2026-05-01 11:20:36+00:00,False,githubnext/agentics/workflows/issue-triage.md@346204513ecfa08b81566450d7d599556807389f,ok,githubnext/agentics/workflows/issue-triage.md,githubnext/agentics/workflows/issue-triage.md,githubnext/agentics/workflows/agentic-triage.md,False,bf8d330e628f2c235cd9304310156bdbbfa61123,2025-10-24 19:03:24+00:00,20.0,21.0,0.1972,0.1972
1211,284,microsoft/typespec,microsoft,issue-triage.md,7,2026-06-05 21:48:37+00:00,False,githubnext/agentics/workflows/issue-triage.md@346204513ecfa08b81566450d7d599556807389f,ok,githubnext/agentics/workflows/issue-triage.md,githubnext/agentics/workflows/issue-triage.md,githubnext/agentics/workflows/agentic-triage.md,False,bf8d330e628f2c235cd9304310156bdbbfa61123,2025-10-24 19:03:24+00:00,20.0,23.0,0.1972,0.1972
1212,284,microsoft/typespec,microsoft,issue-triage.md,8,2026-06-24 21:30:57+00:00,False,githubnext/agentics/workflows/issue-triage.md@346204513ecfa08b81566450d7d599556807389f,ok,githubnext/agentics/workflows/issue-triage.md,githubnext/agentics/workflows/issue-triage.md,githubnext/agentics/workflows/agentic-triage.md,False,bf8d330e628f2c235cd9304310156bdbbfa61123,2025-10-24 19:03:24+00:00,20.0,23.0,0.1972,0.1972
1213,285,Keboo/DotnetTemplates,Keboo,update-dependencies.md,1,2026-04-07 05:52:29+00:00,False,,,,githubnext/agentics/workflows/daily-dependency-updates.md,githubnext/agentics/workflows/daily-dependency-updates.md,False,42f367152761942e22a3b48b17f57c8cfbe0ed79,2025-08-31 16:30:56+00:00,13.0,23.0,0.0587,
1214,285,Keboo/DotnetTemplates,Keboo,update-dependencies.md,2,2026-04-15 23:26:02+00:00,False,,,,githubnext/agentics/workflows/daily-dependency-updates.md,githubnext/agentics/workflows/daily-dependency-updates.md,False,42f367152761942e22a3b48b17f57c8cfbe0ed79,2025-08-31 16:30:56+00:00,13.0,23.0,0.0587,
1215,285,Keboo/DotnetTemplates,Keboo,update-dependencies.md,3,2026-04-15 23:44:20+00:00,False,,,,githubnext/agentics/workflows/daily-dependency-updates.md,githubnext/agentics/workflows/daily-dependency-updates.md,False,42f367152761942e22a3b48b17f57c8cfbe0ed79,2025-08-31 16:30:56+00:00,13.0,23.0,0.0592,
1216,285,Keboo/DotnetTemplates,Keboo,update-dependencies.md,4,2026-05-08 17:26:43+00:00,False,,,,githubnext/agentics/workflows/daily-dependency-updates.md,githubnext/agentics/workflows/daily-dependency-updates.md,False,42f367152761942e22a3b48b17f57c8cfbe0ed79,2025-08-31 16:30:56+00:00,13.0,23.0,0.0585,
1217,285,Keboo/DotnetTemplates,Keboo,update-dependencies.md,5,2026-05-14 04:19:31+00:00,False,,,,githubnext/agentics/workflows/daily-dependency-updates.md,githubnext/agentics/workflows/daily-dependency-updates.md,False,42f367152761942e22a3b48b17f57c8cfbe0ed79,2025-08-31 16:30:56+00:00,13.0,23.0,0.0585,
1218,286,home-assistant/core,home-assistant,check-requirements.md,1,2026-05-18 14:59:49+00:00,False,,,,githubnext/agentics/workflows/agentic-wiki-coder.md,githubnext/agentics/workflows/agentic-wiki-coder.md,False,80cc9655c58cf986237af32982d19230cb2d83c3,2026-03-10 20:44:29+00:00,2.0,2.0,0.0602,
1219,286,home-assistant/core,home-assistant,check-requirements.md,2,2026-05-18 18:20:36+00:00,False,,,,githubnext/agentics/workflows/agentic-wiki-coder.md,githubnext/agentics/workflows/agentic-wiki-coder.md,False,80cc9655c58cf986237af32982d19230cb2d83c3,2026-03-10 20:44:29+00:00,2.0,2.0,0.0602,
1220,286,home-assistant/core,home-assistant,check-requirements.md,3,2026-05-19 14:06:14+00:00,False,,,,githubnext/agentics/workflows/repo-assist.md,githubnext/agentics/workflows/repo-assist.md,False,afb00b92a9514fee9a14c583f059a03d05738f70,2026-02-26 13:40:39+00:00,18.0,25.0,0.0608,
1221,286,home-assistant/core,home-assistant,check-requirements.md,4,2026-05-19 18:48:53+00:00,False,,,,githubnext/agentics/workflows/repo-assist.md,githubnext/agentics/workflows/repo-assist.md,False,afb00b92a9514fee9a14c583f059a03d05738f70,2026-02-26 13:40:39+00:00,18.0,25.0,0.0607,
1222,286,home-assistant/core,home-assistant,check-requirements.md,5,2026-05-20 15:59:20+00:00,False,,,,githubnext/agentics/workflows/agentic-wiki-writer.md,githubnext/agentics/workflows/agentic-wiki-writer.md,False,398f7d95ef5bd2329e422df142569a8833f91a1f,2026-03-08 02:28:41+00:00,2.0,6.0,0.0537,
1223,286,home-assistant/core,home-assistant,check-requirements.md,6,2026-05-20 23:16:25+00:00,False,,,,githubnext/agentics/workflows/repo-assist.md,githubnext/agentics/workflows/repo-assist.md,False,afb00b92a9514fee9a14c583f059a03d05738f70,2026-02-26 13:40:39+00:00,18.0,25.0,0.0537,
1224,286,home-assistant/core,home-assistant,check-requirements.md,7,2026-05-20 23:28:32+00:00,False,,,,githubnext/agentics/workflows/agentic-wiki-writer.md,githubnext/agentics/workflows/agentic-wiki-writer.md,False,398f7d95ef5bd2329e422df142569a8833f91a1f,2026-03-08 02:28:41+00:00,2.0,6.0,0.057,
1225,286,home-assistant/core,home-assistant,check-requirements.md,8,2026-06-11 14:31:35+00:00,False,,,,Alfresco/alfresco-build-tools/.github/workflows/supply-chain-review.md,Alfresco/alfresco-build-tools/.github/workflows/supply-chain-review.md,False,52467f0241079de71fe14591f97bdec7555ab545,2026-06-10 11:29:33+00:00,5.0,5.0,0.057,
1226,286,home-assistant/core,home-assistant,check-requirements.md,9,2026-06-11 15:38:42+00:00,False,,,,Alfresco/alfresco-build-tools/.github/workflows/supply-chain-review.md,Alfresco/alfresco-build-tools/.github/workflows/supply-chain-review.md,False,52467f0241079de71fe14591f97bdec7555ab545,2026-06-10 11:29:33+00:00,5.0,5.0,0.0715,
1227,286,home-assistant/core,home-assistant,check-requirements.md,10,2026-06-15 13:24:02+00:00,False,,,,Alfresco/alfresco-build-tools/.github/workflows/supply-chain-review.md,Alfresco/alfresco-build-tools/.github/workflows/supply-chain-review.md,False,52467f0241079de71fe14591f97bdec7555ab545,2026-06-10 11:29:33+00:00,5.0,5.0,0.0716,
1228,286,home-assistant/core,home-assistant,check-requirements.md,11,2026-06-16 09:05:08+00:00,False,,,,Alfresco/alfresco-build-tools/.github/workflows/supply-chain-review.md,Alfresco/alfresco-build-tools/.github/workflows/supply-chain-review.md,False,52467f0241079de71fe14591f97bdec7555ab545,2026-06-10 11:29:33+00:00,5.0,5.0,0.0715,
1229,286,home-assistant/core,home-assistant,check-requirements.md,12,2026-06-18 07:31:59+00:00,False,,,,Alfresco/alfresco-build-tools/.github/workflows/supply-chain-review.md,Alfresco/alfresco-build-tools/.github/workflows/supply-chain-review.md,False,52467f0241079de71fe14591f97bdec7555ab545,2026-06-10 11:29:33+00:00,5.0,5.0,0.0715,
1230,286,home-assistant/core,home-assistant,check-requirements.md,13,2026-06-25 14:48:51+00:00,False,,,,Alfresco/alfresco-build-tools/.github/workflows/supply-chain-review.md,Alfresco/alfresco-build-tools/.github/workflows/supply-chain-review.md,False,52467f0241079de71fe14591f97bdec7555ab545,2026-06-10 11:29:33+00:00,5.0,5.0,0.0715,
1231,287,unipept/unipept,unipept,dependency-update.md,1,2026-06-01 12:38:37+00:00,False,,,,Alfresco/alfresco-build-tools/.github/workflows/supply-chain-review.md,Alfresco/alfresco-build-tools/.github/workflows/supply-chain-review.md,False,500921b47ef517ff56a006f7422d5c229430f681,2026-05-28 13:55:52+00:00,1.0,3.0,0.0473,
1232,287,unipept/unipept,unipept,dependency-update.md,2,2026-06-01 13:25:25+00:00,False,,,,Alfresco/alfresco-build-tools/.github/workflows/supply-chain-review.md,Alfresco/alfresco-build-tools/.github/workflows/supply-chain-review.md,False,500921b47ef517ff56a006f7422d5c229430f681,2026-05-28 13:55:52+00:00,1.0,3.0,0.0471,
1233,287,unipept/unipept,unipept,dependency-update.md,3,2026-06-01 13:58:09+00:00,False,,,,Alfresco/alfresco-build-tools/.github/workflows/supply-chain-review.md,Alfresco/alfresco-build-tools/.github/workflows/supply-chain-review.md,False,500921b47ef517ff56a006f7422d5c229430f681,2026-05-28 13:55:52+00:00,1.0,3.0,0.0471,
1234,288,pulumi/pulumi-tls,pulumi,gh-aw-pr-rereview.md,1,2026-05-12 07:24:13+00:00,True,pulumi-labs/gh-aw-internal/.github/workflows/gh-aw-pr-rereview.md@8a92f53fac170563f7727cacab2dbedb5d5b9e29,ok,pulumi-labs/gh-aw-internal/.github/workflows/gh-aw-pr-rereview.md,,,,,,,,,
1235,289,pulumi/pulumi-tls,pulumi,gh-aw-pr-review.md,1,2026-05-12 07:24:13+00:00,True,pulumi-labs/gh-aw-internal/.github/workflows/gh-aw-pr-review.md@8a92f53fac170563f7727cacab2dbedb5d5b9e29,ok,pulumi-labs/gh-aw-internal/.github/workflows/gh-aw-pr-review.md,,,,,,,,,
1236,290,pulumi/pulumi-kubernetes-ingress-nginx,pulumi,gh-aw-pr-rereview.md,1,2026-05-12 06:52:57+00:00,True,pulumi-labs/gh-aw-internal/.github/workflows/gh-aw-pr-rereview.md@8a92f53fac170563f7727cacab2dbedb5d5b9e29,ok,pulumi-labs/gh-aw-internal/.github/workflows/gh-aw-pr-rereview.md,,,,,,,,,
1237,291,pulumi/pulumi-kubernetes-ingress-nginx,pulumi,gh-aw-pr-review.md,1,2026-05-12 06:52:57+00:00,True,pulumi-labs/gh-aw-internal/.github/workflows/gh-aw-pr-review.md@8a92f53fac170563f7727cacab2dbedb5d5b9e29,ok,pulumi-labs/gh-aw-internal/.github/workflows/gh-aw-pr-review.md,,,,,,,,,
1238,292,jonathanpeppers/dotnes,jonathanpeppers,dotnes-reviewer.md,1,2026-05-01 22:07:10+00:00,False,,,,pulumi-labs/gh-aw-internal/.github/snippets/code-review.md,pulumi-labs/gh-aw-internal/.github/snippets/code-review.md,True,43b3a0eda6d8dc7d8a35019f8c317813131ed939,2026-03-05 10:51:14+00:00,2.0,2.0,0.0818,
1239,293,dotnet/maintenance-packages,dotnet,version-maintenance.md,1,2026-03-09 16:47:44+00:00,False,,,,github/gh-aw/.github/workflows/daily-doc-updater.md,github/gh-aw/.github/workflows/daily-doc-updater.md,False,8b089d17e83805175b88a9ebf4bcc419595a307c,2026-02-26 20:31:29+00:00,7.0,7.0,0.0369,
1240,293,dotnet/maintenance-packages,dotnet,version-maintenance.md,2,2026-03-10 15:15:27+00:00,False,,,,githubnext/agentics/workflows/repo-assist.md,githubnext/agentics/workflows/repo-assist.md,False,69c1ee19e39e6aaba35519aafefb5cbf314de323,2026-02-26 11:32:52+00:00,17.0,22.0,0.0372,
1241,293,dotnet/maintenance-packages,dotnet,version-maintenance.md,3,2026-03-18 17:10:25+00:00,False,,,,githubnext/agentics/workflows/repo-assist.md,githubnext/agentics/workflows/repo-assist.md,False,69c1ee19e39e6aaba35519aafefb5cbf314de323,2026-02-26 11:32:52+00:00,17.0,22.0,0.0372,
1242,294,microsoft/aspire,microsoft,daily-repo-status.md,1,2026-02-17 17:52:26+00:00,False,githubnext/agentics/workflows/daily-repo-status.md@69b5e3ae5fa7f35fa555b0a22aee14c36ab57ebb,ok,githubnext/agentics/workflows/daily-repo-status.md,githubnext/agentics/workflows/daily-repo-status.md,githubnext/agentics/workflows/daily-repo-status.md,False,3eae9b88d024036be45d668e3404f8662f94d878,2026-01-26 19:57:42+00:00,1.0,1.0,1.0,1.0
1243,294,microsoft/aspire,microsoft,daily-repo-status.md,2,2026-02-19 01:41:00+00:00,False,,,,githubnext/agentics/workflows/daily-team-status.md,githubnext/agentics/workflows/daily-team-status.md,False,eb489a0b6cb3bd7c7f94d5d3362237641c22cd31,2025-10-11 18:52:59+00:00,19.0,23.0,0.0664,
1244,294,microsoft/aspire,microsoft,daily-repo-status.md,3,2026-02-20 20:49:44+00:00,False,,,,githubnext/agentics/workflows/daily-team-status.md,githubnext/agentics/workflows/daily-team-status.md,False,eb489a0b6cb3bd7c7f94d5d3362237641c22cd31,2025-10-11 18:52:59+00:00,19.0,23.0,0.0682,
1245,294,microsoft/aspire,microsoft,daily-repo-status.md,4,2026-02-25 19:06:14+00:00,False,,,,githubnext/agentics/workflows/repo-assist.md,githubnext/agentics/workflows/repo-assist.md,False,2f03fdaafb8c1ae62dfde7e0be762a822a201aeb,2026-02-23 19:47:18+00:00,14.0,15.0,0.0771,
1246,294,microsoft/aspire,microsoft,daily-repo-status.md,5,2026-04-29 17:52:10+00:00,False,,,,githubnext/agentics/workflows/repo-assist.md,githubnext/agentics/workflows/repo-assist.md,False,afb00b92a9514fee9a14c583f059a03d05738f70,2026-02-26 13:40:39+00:00,18.0,22.0,0.0787,
1247,294,microsoft/aspire,microsoft,daily-repo-status.md,6,2026-06-17 23:19:15+00:00,False,,,,githubnext/agentics/workflows/repo-assist.md,githubnext/agentics/workflows/repo-assist.md,False,afb00b92a9514fee9a14c583f059a03d05738f70,2026-02-26 13:40:39+00:00,18.0,25.0,0.0787,
1248,294,microsoft/aspire,microsoft,daily-repo-status.md,7,2026-06-18 02:43:47+00:00,False,,,,githubnext/agentics/workflows/repo-assist.md,githubnext/agentics/workflows/repo-assist.md,False,afb00b92a9514fee9a14c583f059a03d05738f70,2026-02-26 13:40:39+00:00,18.0,25.0,0.0787,
1249,295,microsoft/aspire,microsoft,extension-changelog.md,1,2026-05-30 18:48:11+00:00,False,,,,github/gh-aw/.github/workflows/daily-doc-updater.md,github/gh-aw/.github/workflows/daily-doc-updater.md,False,81811c5e30a0b454f36dce5b71b70328b0a7019a,2026-04-15 13:45:28+00:00,15.0,22.0,0.0673,
1250,295,microsoft/aspire,microsoft,extension-changelog.md,2,2026-05-31 22:51:31+00:00,False,,,,github/gh-aw/.github/workflows/daily-doc-updater.md,github/gh-aw/.github/workflows/daily-doc-updater.md,False,81811c5e30a0b454f36dce5b71b70328b0a7019a,2026-04-15 13:45:28+00:00,15.0,23.0,0.0673,
1251,295,microsoft/aspire,microsoft,extension-changelog.md,3,2026-06-01 19:15:08+00:00,False,,,,githubnext/agentics/workflows/repo-assist.md,githubnext/agentics/workflows/repo-assist.md,False,afb00b92a9514fee9a14c583f059a03d05738f70,2026-02-26 13:40:39+00:00,18.0,25.0,0.0699,
1252,295,microsoft/aspire,microsoft,extension-changelog.md,4,2026-06-02 22:01:29+00:00,False,,,,github/gh-aw/.github/workflows/daily-doc-updater.md,github/gh-aw/.github/workflows/daily-doc-updater.md,False,81811c5e30a0b454f36dce5b71b70328b0a7019a,2026-04-15 13:45:28+00:00,15.0,23.0,0.0707,
1253,295,microsoft/aspire,microsoft,extension-changelog.md,5,2026-06-17 23:19:15+00:00,False,,,,github/gh-aw/.github/workflows/daily-doc-updater.md,github/gh-aw/.github/workflows/daily-doc-updater.md,False,81811c5e30a0b454f36dce5b71b70328b0a7019a,2026-04-15 13:45:28+00:00,15.0,23.0,0.0707,
1254,295,microsoft/aspire,microsoft,extension-changelog.md,6,2026-06-18 02:43:47+00:00,False,,,,github/gh-aw/.github/workflows/daily-doc-updater.md,github/gh-aw/.github/workflows/daily-doc-updater.md,False,81811c5e30a0b454f36dce5b71b70328b0a7019a,2026-04-15 13:45:28+00:00,15.0,23.0,0.0707,
1255,296,microsoft/aspire,microsoft,milestone-changelog.md,1,2026-04-23 13:38:35+00:00,False,,,,githubnext/agentics/workflows/repo-assist.md,githubnext/agentics/workflows/repo-assist.md,False,2f03fdaafb8c1ae62dfde7e0be762a822a201aeb,2026-02-23 19:47:18+00:00,14.0,22.0,0.0882,
1256,296,microsoft/aspire,microsoft,milestone-changelog.md,2,2026-05-01 15:29:33+00:00,False,,,,githubnext/agentics/workflows/agentic-wiki-writer.md,githubnext/agentics/workflows/agentic-wiki-writer.md,False,fe3b21f00e1d85d4d1a5764cb219a373e55b52b2,2026-03-17 18:05:03+00:00,5.0,6.0,0.088,
1257,296,microsoft/aspire,microsoft,milestone-changelog.md,3,2026-05-04 03:01:20+00:00,False,,,,githubnext/agentics/workflows/agentic-wiki-writer.md,githubnext/agentics/workflows/agentic-wiki-writer.md,False,fe3b21f00e1d85d4d1a5764cb219a373e55b52b2,2026-03-17 18:05:03+00:00,5.0,6.0,0.0896,
1258,296,microsoft/aspire,microsoft,milestone-changelog.md,4,2026-05-05 04:47:44+00:00,False,,,,githubnext/agentics/workflows/agentic-wiki-writer.md,githubnext/agentics/workflows/agentic-wiki-writer.md,False,fe3b21f00e1d85d4d1a5764cb219a373e55b52b2,2026-03-17 18:05:03+00:00,5.0,6.0,0.0911,
1259,296,microsoft/aspire,microsoft,milestone-changelog.md,5,2026-05-06 03:10:15+00:00,False,,,,github/gh-aw/.github/workflows/daily-doc-updater.md,github/gh-aw/.github/workflows/daily-doc-updater.md,False,f4c5ee6ef4557b7372bbe8848661a3cdc78f6e87,2026-05-05 22:07:23+00:00,20.0,20.0,0.0915,
1260,296,microsoft/aspire,microsoft,milestone-changelog.md,6,2026-05-11 09:22:02+00:00,False,,,,github/gh-aw/.github/workflows/daily-doc-updater.md,github/gh-aw/.github/workflows/daily-doc-updater.md,False,208cf613bf269c470f1e646e831a8918a4c6afb0,2026-05-06 12:37:31+00:00,21.0,21.0,0.0918,
1261,296,microsoft/aspire,microsoft,milestone-changelog.md,7,2026-05-12 07:54:00+00:00,False,,,,github/gh-aw/.github/workflows/daily-doc-updater.md,github/gh-aw/.github/workflows/daily-doc-updater.md,False,208cf613bf269c470f1e646e831a8918a4c6afb0,2026-05-06 12:37:31+00:00,21.0,21.0,0.0918,
1262,296,microsoft/aspire,microsoft,milestone-changelog.md,8,2026-05-14 14:18:17+00:00,False,,,,github/gh-aw/.github/workflows/daily-doc-updater.md,github/gh-aw/.github/workflows/daily-doc-updater.md,False,208cf613bf269c470f1e646e831a8918a4c6afb0,2026-05-06 12:37:31+00:00,21.0,21.0,0.0918,
1263,296,microsoft/aspire,microsoft,milestone-changelog.md,9,2026-06-02 09:46:07+00:00,False,,,,github/gh-aw/.github/workflows/daily-doc-updater.md,github/gh-aw/.github/workflows/daily-doc-updater.md,False,208cf613bf269c470f1e646e831a8918a4c6afb0,2026-05-06 12:37:31+00:00,21.0,23.0,0.0918,
1264,296,microsoft/aspire,microsoft,milestone-changelog.md,10,2026-06-02 22:01:29+00:00,False,,,,github/gh-aw/.github/workflows/daily-doc-updater.md,github/gh-aw/.github/workflows/daily-doc-updater.md,False,208cf613bf269c470f1e646e831a8918a4c6afb0,2026-05-06 12:37:31+00:00,21.0,23.0,0.0927,
1265,296,microsoft/aspire,microsoft,milestone-changelog.md,11,2026-06-03 14:23:47+00:00,False,,,,github/gh-aw/.github/workflows/daily-doc-updater.md,github/gh-aw/.github/workflows/daily-doc-updater.md,False,208cf613bf269c470f1e646e831a8918a4c6afb0,2026-05-06 12:37:31+00:00,21.0,23.0,0.0927,
1266,296,microsoft/aspire,microsoft,milestone-changelog.md,12,2026-06-17 23:19:15+00:00,False,,,,github/gh-aw/.github/workflows/daily-doc-updater.md,github/gh-aw/.github/workflows/daily-doc-updater.md,False,208cf613bf269c470f1e646e831a8918a4c6afb0,2026-05-06 12:37:31+00:00,21.0,23.0,0.0927,
1267,296,microsoft/aspire,microsoft,milestone-changelog.md,13,2026-06-18 02:43:47+00:00,False,,,,github/gh-aw/.github/workflows/daily-doc-updater.md,github/gh-aw/.github/workflows/daily-doc-updater.md,False,208cf613bf269c470f1e646e831a8918a4c6afb0,2026-05-06 12:37:31+00:00,21.0,23.0,0.0927,
1268,297,microsoft/aspire,microsoft,pr-docs-check.md,1,2026-04-07 02:38:38+00:00,False,,,,github/gh-aw/.github/workflows/daily-doc-updater.md,github/gh-aw/.github/workflows/daily-doc-updater.md,False,fe2713ba4bb447a2e38905f4a47920531bc59cdd,2026-02-24 04:25:20+00:00,6.0,14.0,0.1293,
1269,297,microsoft/aspire,microsoft,pr-docs-check.md,2,2026-04-07 17:41:55+00:00,False,,,,github/gh-aw/.github/workflows/daily-doc-updater.md,github/gh-aw/.github/workflows/daily-doc-updater.md,False,fe2713ba4bb447a2e38905f4a47920531bc59cdd,2026-02-24 04:25:20+00:00,6.0,14.0,0.1307,
1270,297,microsoft/aspire,microsoft,pr-docs-check.md,3,2026-04-07 19:09:23+00:00,False,,,,github/gh-aw/.github/workflows/daily-doc-updater.md,github/gh-aw/.github/workflows/daily-doc-updater.md,False,fe2713ba4bb447a2e38905f4a47920531bc59cdd,2026-02-24 04:25:20+00:00,6.0,14.0,0.1307,
1271,297,microsoft/aspire,microsoft,pr-docs-check.md,4,2026-04-09 12:56:56+00:00,False,,,,github/gh-aw/.github/workflows/daily-doc-updater.md,github/gh-aw/.github/workflows/daily-doc-updater.md,False,fe2713ba4bb447a2e38905f4a47920531bc59cdd,2026-02-24 04:25:20+00:00,6.0,14.0,0.1307,
1272,297,microsoft/aspire,microsoft,pr-docs-check.md,5,2026-04-14 04:08:22+00:00,False,,,,github/gh-aw/.github/workflows/daily-doc-updater.md,github/gh-aw/.github/workflows/daily-doc-updater.md,False,fe2713ba4bb447a2e38905f4a47920531bc59cdd,2026-02-24 04:25:20+00:00,6.0,14.0,0.1307,
1273,297,microsoft/aspire,microsoft,pr-docs-check.md,6,2026-04-14 23:41:34+00:00,False,,,,github/gh-aw/.github/workflows/daily-doc-updater.md,github/gh-aw/.github/workflows/daily-doc-updater.md,False,00c8977ceb34a66b691cd5d8d4ff8f2e596fe990,2026-03-24 05:51:27+00:00,11.0,14.0,0.1305,
1274,297,microsoft/aspire,microsoft,pr-docs-check.md,7,2026-04-21 03:45:06+00:00,False,,,,github/gh-aw/.github/workflows/daily-doc-updater.md,github/gh-aw/.github/workflows/daily-doc-updater.md,False,00c8977ceb34a66b691cd5d8d4ff8f2e596fe990,2026-03-24 05:51:27+00:00,11.0,17.0,0.1194,
1275,297,microsoft/aspire,microsoft,pr-docs-check.md,8,2026-04-28 02:09:44+00:00,False,,,,github/gh-aw/.github/workflows/daily-doc-updater.md,github/gh-aw/.github/workflows/daily-doc-updater.md,False,00c8977ceb34a66b691cd5d8d4ff8f2e596fe990,2026-03-24 05:51:27+00:00,11.0,18.0,0.1194,
1276,297,microsoft/aspire,microsoft,pr-docs-check.md,9,2026-05-07 20:05:39+00:00,False,,,,github/gh-aw/.github/workflows/daily-doc-updater.md,github/gh-aw/.github/workflows/daily-doc-updater.md,False,81811c5e30a0b454f36dce5b71b70328b0a7019a,2026-04-15 13:45:28+00:00,15.0,21.0,0.1086,
1277,297,microsoft/aspire,microsoft,pr-docs-check.md,10,2026-05-12 01:35:51+00:00,False,,,,github/gh-aw/.github/workflows/daily-doc-updater.md,github/gh-aw/.github/workflows/daily-doc-updater.md,False,00c8977ceb34a66b691cd5d8d4ff8f2e596fe990,2026-03-24 05:51:27+00:00,11.0,21.0,0.1025,
1278,297,microsoft/aspire,microsoft,pr-docs-check.md,11,2026-05-13 17:23:47+00:00,False,,,,github/gh-aw/.github/workflows/daily-doc-updater.md,github/gh-aw/.github/workflows/daily-doc-updater.md,False,f3c24880af69f8e5c7d6b6c17ee116583137f979,2026-04-30 23:11:29+00:00,19.0,21.0,0.0916,
1279,297,microsoft/aspire,microsoft,pr-docs-check.md,12,2026-05-27 10:55:36+00:00,False,,,,github/gh-aw/.github/workflows/daily-doc-updater.md,github/gh-aw/.github/workflows/daily-doc-updater.md,False,f3c24880af69f8e5c7d6b6c17ee116583137f979,2026-04-30 23:11:29+00:00,19.0,21.0,0.0916,
1280,297,microsoft/aspire,microsoft,pr-docs-check.md,13,2026-06-17 23:19:15+00:00,False,,,,github/gh-aw/.github/workflows/daily-doc-updater.md,github/gh-aw/.github/workflows/daily-doc-updater.md,False,54e5cb4e031fcfbe9c136d96af69d482e63a6220,2026-05-30 00:23:19+00:00,22.0,23.0,0.0917,
1281,297,microsoft/aspire,microsoft,pr-docs-check.md,14,2026-06-18 02:43:47+00:00,False,,,,github/gh-aw/.github/workflows/daily-doc-updater.md,github/gh-aw/.github/workflows/daily-doc-updater.md,False,54e5cb4e031fcfbe9c136d96af69d482e63a6220,2026-05-30 00:23:19+00:00,22.0,23.0,0.0917,
1282,297,microsoft/aspire,microsoft,pr-docs-check.md,15,2026-06-25 18:43:40+00:00,False,,,,github/gh-aw/.github/workflows/daily-doc-updater.md,github/gh-aw/.github/workflows/daily-doc-updater.md,False,54e5cb4e031fcfbe9c136d96af69d482e63a6220,2026-05-30 00:23:19+00:00,22.0,23.0,0.0918,
1283,297,microsoft/aspire,microsoft,pr-docs-check.md,16,2026-06-26 22:49:41+00:00,False,,,,github/gh-aw/.github/workflows/daily-doc-updater.md,github/gh-aw/.github/workflows/daily-doc-updater.md,False,54e5cb4e031fcfbe9c136d96af69d482e63a6220,2026-05-30 00:23:19+00:00,22.0,23.0,0.095,
1284,298,microsoft/aspire,microsoft,release-notes-generate.md,1,2026-05-15 02:16:04+00:00,False,,,,githubnext/agentics/workflows/repo-assist.md,githubnext/agentics/workflows/repo-assist.md,False,69c1ee19e39e6aaba35519aafefb5cbf314de323,2026-02-26 11:32:52+00:00,17.0,25.0,0.067,
1285,298,microsoft/aspire,microsoft,release-notes-generate.md,2,2026-05-18 22:00:23+00:00,False,,,,githubnext/agentics/workflows/repo-assist.md,githubnext/agentics/workflows/repo-assist.md,False,69c1ee19e39e6aaba35519aafefb5cbf314de323,2026-02-26 11:32:52+00:00,17.0,25.0,0.0697,
1286,298,microsoft/aspire,microsoft,release-notes-generate.md,3,2026-05-19 23:07:17+00:00,False,,,,githubnext/agentics/workflows/repo-assist.md,githubnext/agentics/workflows/repo-assist.md,False,69c1ee19e39e6aaba35519aafefb5cbf314de323,2026-02-26 11:32:52+00:00,17.0,25.0,0.0697,
1287,298,microsoft/aspire,microsoft,release-notes-generate.md,4,2026-06-02 22:01:29+00:00,False,,,,githubnext/agentics/workflows/repo-assist.md,githubnext/agentics/workflows/repo-assist.md,False,69c1ee19e39e6aaba35519aafefb5cbf314de323,2026-02-26 11:32:52+00:00,17.0,25.0,0.0706,
1288,298,microsoft/aspire,microsoft,release-notes-generate.md,5,2026-06-03 21:01:50+00:00,False,,,,githubnext/agentics/workflows/repo-assist.md,githubnext/agentics/workflows/repo-assist.md,False,69c1ee19e39e6aaba35519aafefb5cbf314de323,2026-02-26 11:32:52+00:00,17.0,25.0,0.0706,
1289,298,microsoft/aspire,microsoft,release-notes-generate.md,6,2026-06-17 23:19:15+00:00,False,,,,githubnext/agentics/workflows/repo-assist.md,githubnext/agentics/workflows/repo-assist.md,False,69c1ee19e39e6aaba35519aafefb5cbf314de323,2026-02-26 11:32:52+00:00,17.0,25.0,0.0706,
1290,298,microsoft/aspire,microsoft,release-notes-generate.md,7,2026-06-18 02:43:47+00:00,False,,,,githubnext/agentics/workflows/repo-assist.md,githubnext/agentics/workflows/repo-assist.md,False,69c1ee19e39e6aaba35519aafefb5cbf314de323,2026-02-26 11:32:52+00:00,17.0,25.0,0.0706,
1291,299,microsoft/aspire,microsoft,release-update-support-mdx.md,1,2026-05-07 20:05:39+00:00,False,,,,github/gh-aw/.github/workflows/daily-doc-updater.md,github/gh-aw/.github/workflows/daily-doc-updater.md,False,81811c5e30a0b454f36dce5b71b70328b0a7019a,2026-04-15 13:45:28+00:00,15.0,21.0,0.0617,
1292,299,microsoft/aspire,microsoft,release-update-support-mdx.md,2,2026-05-20 21:37:47+00:00,False,,,,github/gh-aw/.github/workflows/daily-doc-updater.md,github/gh-aw/.github/workflows/daily-doc-updater.md,False,81811c5e30a0b454f36dce5b71b70328b0a7019a,2026-04-15 13:45:28+00:00,15.0,21.0,0.0617,
1293,299,microsoft/aspire,microsoft,release-update-support-mdx.md,3,2026-06-03 21:01:50+00:00,False,,,,github/gh-aw/.github/workflows/daily-doc-updater.md,github/gh-aw/.github/workflows/daily-doc-updater.md,False,81811c5e30a0b454f36dce5b71b70328b0a7019a,2026-04-15 13:45:28+00:00,15.0,23.0,0.0617,
1294,299,microsoft/aspire,microsoft,release-update-support-mdx.md,4,2026-06-17 23:19:15+00:00,False,,,,github/gh-aw/.github/workflows/daily-doc-updater.md,github/gh-aw/.github/workflows/daily-doc-updater.md,False,81811c5e30a0b454f36dce5b71b70328b0a7019a,2026-04-15 13:45:28+00:00,15.0,23.0,0.0617,
1295,299,microsoft/aspire,microsoft,release-update-support-mdx.md,5,2026-06-18 02:43:47+00:00,False,,,,github/gh-aw/.github/workflows/daily-doc-updater.md,github/gh-aw/.github/workflows/daily-doc-updater.md,False,81811c5e30a0b454f36dce5b71b70328b0a7019a,2026-04-15 13:45:28+00:00,15.0,23.0,0.0617,
1296,300,microsoft/aspire,microsoft,repo-pulse.md,1,2026-04-23 22:34:09+00:00,False,,,,githubnext/agentics/workflows/repo-assist.md,githubnext/agentics/workflows/repo-assist.md,False,69c1ee19e39e6aaba35519aafefb5cbf314de323,2026-02-26 11:32:52+00:00,17.0,22.0,0.0823,
1297,300,microsoft/aspire,microsoft,repo-pulse.md,2,2026-04-27 20:48:42+00:00,False,,,,githubnext/agentics/workflows/repo-assist.md,githubnext/agentics/workflows/repo-assist.md,False,69c1ee19e39e6aaba35519aafefb5cbf314de323,2026-02-26 11:32:52+00:00,17.0,22.0,0.0658,
1298,300,microsoft/aspire,microsoft,repo-pulse.md,3,2026-06-17 23:19:15+00:00,False,,,,githubnext/agentics/workflows/repo-assist.md,githubnext/agentics/workflows/repo-assist.md,False,69c1ee19e39e6aaba35519aafefb5cbf314de323,2026-02-26 11:32:52+00:00,17.0,25.0,0.0658,
1299,300,microsoft/aspire,microsoft,repo-pulse.md,4,2026-06-18 02:43:47+00:00,False,,,,githubnext/agentics/workflows/repo-assist.md,githubnext/agentics/workflows/repo-assist.md,False,69c1ee19e39e6aaba35519aafefb5cbf314de323,2026-02-26 11:32:52+00:00,17.0,25.0,0.0658,
1300,301,stride3d/stride-community-toolkit,stride3d,daily-activity-report.md,1,2026-02-16 08:42:00+00:00,False,,,,github/gh-aw/.github/workflows/daily-doc-updater.md,github/gh-aw/.github/workflows/daily-doc-updater.md,False,83d14e39e312775d09002b98cb62d819af6d244f,2026-01-28 13:54:32+00:00,5.0,5.0,0.0805,
1301,301,stride3d/stride-community-toolkit,stride3d,daily-activity-report.md,2,2026-04-29 20:54:53+00:00,False,,,,githubnext/agentics/workflows/daily-repo-chronicle.md,githubnext/agentics/workflows/daily-repo-chronicle.md,False,398f7d95ef5bd2329e422df142569a8833f91a1f,2026-03-08 02:28:41+00:00,2.0,2.0,0.0829,
1302,301,stride3d/stride-community-toolkit,stride3d,daily-activity-report.md,3,2026-05-24 23:20:52+00:00,False,,,,githubnext/agentics/workflows/daily-repo-chronicle.md,githubnext/agentics/workflows/daily-repo-chronicle.md,False,398f7d95ef5bd2329e422df142569a8833f91a1f,2026-03-08 02:28:41+00:00,2.0,2.0,0.0868,
1303,302,clash-verge-rev/clash-verge-rev,clash-verge-rev,pr-ai-slop-review.md,1,2026-03-17 18:07:27+00:00,False,,,,pulumi-labs/gh-aw-internal/.github/snippets/code-review.md,pulumi-labs/gh-aw-internal/.github/snippets/code-review.md,True,43b3a0eda6d8dc7d8a35019f8c317813131ed939,2026-03-05 10:51:14+00:00,2.0,2.0,0.0643,
1304,302,clash-verge-rev/clash-verge-rev,clash-verge-rev,pr-ai-slop-review.md,2,2026-03-23 16:19:59+00:00,False,,,,pulumi-labs/gh-aw-internal/.github/snippets/code-review.md,pulumi-labs/gh-aw-internal/.github/snippets/code-review.md,True,43b3a0eda6d8dc7d8a35019f8c317813131ed939,2026-03-05 10:51:14+00:00,2.0,2.0,0.0643,
1305,302,clash-verge-rev/clash-verge-rev,clash-verge-rev,pr-ai-slop-review.md,3,2026-03-26 14:00:56+00:00,False,,,,githubnext/agentics/workflows/repo-assist.md,githubnext/agentics/workflows/repo-assist.md,False,ac4f63941a40c804d1fe02b2b7cbe10e39bbe58a,2026-02-21 13:36:20+00:00,1.0,22.0,0.0611,
1306,302,clash-verge-rev/clash-verge-rev,clash-verge-rev,pr-ai-slop-review.md,4,2026-04-14 09:46:21+00:00,False,,,,pulumi-labs/gh-aw-internal/.github/workflows/shared/plugins/code-review/code-review.md,pulumi-labs/gh-aw-internal/.github/workflows/shared/plugins/code-review/code-review.md,True,9a981e07d7134a447fac35073f0857f8512f16c4,2026-04-03 17:36:23+00:00,4.0,4.0,0.0709,
1307,302,clash-verge-rev/clash-verge-rev,clash-verge-rev,pr-ai-slop-review.md,5,2026-04-21 16:11:44+00:00,False,,,,pulumi-labs/gh-aw-internal/.github/workflows/shared/plugins/code-review/code-review.md,pulumi-labs/gh-aw-internal/.github/workflows/shared/plugins/code-review/code-review.md,True,9a981e07d7134a447fac35073f0857f8512f16c4,2026-04-03 17:36:23+00:00,4.0,4.0,0.0753,
1308,302,clash-verge-rev/clash-verge-rev,clash-verge-rev,pr-ai-slop-review.md,6,2026-05-10 09:17:43+00:00,False,,,,pulumi-labs/gh-aw-internal/.github/workflows/shared/plugins/code-review/code-review.md,pulumi-labs/gh-aw-internal/.github/workflows/shared/plugins/code-review/code-review.md,True,9a981e07d7134a447fac35073f0857f8512f16c4,2026-04-03 17:36:23+00:00,4.0,4.0,0.0761,
1309,302,clash-verge-rev/clash-verge-rev,clash-verge-rev,pr-ai-slop-review.md,7,2026-05-21 09:01:58+00:00,False,,,,pulumi-labs/gh-aw-internal/.github/workflows/shared/plugins/code-review/code-review.md,pulumi-labs/gh-aw-internal/.github/workflows/shared/plugins/code-review/code-review.md,True,9a981e07d7134a447fac35073f0857f8512f16c4,2026-04-03 17:36:23+00:00,4.0,4.0,0.0761,
1310,302,clash-verge-rev/clash-verge-rev,clash-verge-rev,pr-ai-slop-review.md,8,2026-05-21 10:35:59+00:00,False,,,,pulumi-labs/gh-aw-internal/.github/workflows/shared/plugins/code-review/code-review.md,pulumi-labs/gh-aw-internal/.github/workflows/shared/plugins/code-review/code-review.md,True,9a981e07d7134a447fac35073f0857f8512f16c4,2026-04-03 17:36:23+00:00,4.0,4.0,0.0761,
1311,302,clash-verge-rev/clash-verge-rev,clash-verge-rev,pr-ai-slop-review.md,9,2026-05-22 11:00:42+00:00,False,,,,pulumi-labs/gh-aw-internal/.github/workflows/shared/plugins/code-review/code-review.md,pulumi-labs/gh-aw-internal/.github/workflows/shared/plugins/code-review/code-review.md,True,9a981e07d7134a447fac35073f0857f8512f16c4,2026-04-03 17:36:23+00:00,4.0,4.0,0.0797,
1312,302,clash-verge-rev/clash-verge-rev,clash-verge-rev,pr-ai-slop-review.md,10,2026-05-22 11:08:40+00:00,False,,,,pulumi-labs/gh-aw-internal/.github/workflows/shared/plugins/code-review/code-review.md,pulumi-labs/gh-aw-internal/.github/workflows/shared/plugins/code-review/code-review.md,True,9a981e07d7134a447fac35073f0857f8512f16c4,2026-04-03 17:36:23+00:00,4.0,4.0,0.0797,
1313,302,clash-verge-rev/clash-verge-rev,clash-verge-rev,pr-ai-slop-review.md,11,2026-05-23 04:50:15+00:00,False,,,,pulumi-labs/gh-aw-internal/.github/workflows/shared/plugins/code-review/code-review.md,pulumi-labs/gh-aw-internal/.github/workflows/shared/plugins/code-review/code-review.md,True,9a981e07d7134a447fac35073f0857f8512f16c4,2026-04-03 17:36:23+00:00,4.0,4.0,0.0797,
1314,302,clash-verge-rev/clash-verge-rev,clash-verge-rev,pr-ai-slop-review.md,12,2026-05-26 08:46:44+00:00,False,,,,pulumi-labs/gh-aw-internal/.github/workflows/shared/plugins/code-review/code-review.md,pulumi-labs/gh-aw-internal/.github/workflows/shared/plugins/code-review/code-review.md,True,9a981e07d7134a447fac35073f0857f8512f16c4,2026-04-03 17:36:23+00:00,4.0,4.0,0.0828,
1315,302,clash-verge-rev/clash-verge-rev,clash-verge-rev,pr-ai-slop-review.md,13,2026-06-02 13:18:17+00:00,False,,,,pulumi-labs/gh-aw-internal/.github/workflows/shared/plugins/code-review/code-review.md,pulumi-labs/gh-aw-internal/.github/workflows/shared/plugins/code-review/code-review.md,True,242988150273951aad5f67b008256266bdff6112,2026-05-28 15:56:48+00:00,5.0,5.0,0.0886,
1316,302,clash-verge-rev/clash-verge-rev,clash-verge-rev,pr-ai-slop-review.md,14,2026-06-19 16:23:48+00:00,False,,,,pulumi-labs/gh-aw-internal/.github/workflows/shared/plugins/code-review/code-review.md,pulumi-labs/gh-aw-internal/.github/workflows/shared/plugins/code-review/code-review.md,True,fccb0509de811cdc59bfe4e77504af0d4b5ebaa1,2026-06-04 14:18:40+00:00,6.0,6.0,0.0889,
1317,303,pulumi/pulumi-databricks,pulumi,gh-aw-pr-rereview.md,1,2026-05-12 06:29:34+00:00,True,pulumi-labs/gh-aw-internal/.github/workflows/gh-aw-pr-rereview.md@8a92f53fac170563f7727cacab2dbedb5d5b9e29,ok,pulumi-labs/gh-aw-internal/.github/workflows/gh-aw-pr-rereview.md,,,,,,,,,
1318,304,pulumi/pulumi-databricks,pulumi,gh-aw-pr-review.md,1,2026-05-12 06:29:34+00:00,True,pulumi-labs/gh-aw-internal/.github/workflows/gh-aw-pr-review.md@8a92f53fac170563f7727cacab2dbedb5d5b9e29,ok,pulumi-labs/gh-aw-internal/.github/workflows/gh-aw-pr-review.md,,,,,,,,,
1319,305,openvinotoolkit/openvino.genai,openvinotoolkit,ci-doctor.md,1,2026-02-25 14:55:17+00:00,False,githubnext/agentics/workflows/ci-doctor.md@0aa94a6e40aeaf131118476bc6a07e55c4ceb147,ok,githubnext/agentics/workflows/ci-doctor.md,githubnext/agentics/workflows/ci-doctor.md,githubnext/agentics/workflows/ci-doctor.md,False,c11f94d8744b4d5ec3f2afe8a3c0cca787add16d,2026-01-24 10:49:13+00:00,9.0,10.0,0.946,0.946
1320,305,openvinotoolkit/openvino.genai,openvinotoolkit,ci-doctor.md,2,2026-03-19 10:58:38+00:00,False,githubnext/agentics/workflows/ci-doctor.md@0aa94a6e40aeaf131118476bc6a07e55c4ceb147,ok,githubnext/agentics/workflows/ci-doctor.md,github/gh-aw/.github/workflows/ci-doctor.md,githubnext/agentics/workflows/ci-doctor.md,False,6221cdcfe20b5ff6d2427c63661ae160fb9be4f4,2026-02-22 13:56:24+00:00,10.0,10.0,0.9039,0.7034
1321,305,openvinotoolkit/openvino.genai,openvinotoolkit,ci-doctor.md,3,2026-03-30 15:58:54+00:00,False,githubnext/agentics/workflows/ci-doctor.md@0aa94a6e40aeaf131118476bc6a07e55c4ceb147,ok,githubnext/agentics/workflows/ci-doctor.md,github/gh-aw/.github/workflows/ci-doctor.md,githubnext/agentics/workflows/ci-doctor.md,False,6221cdcfe20b5ff6d2427c63661ae160fb9be4f4,2026-02-22 13:56:24+00:00,10.0,12.0,0.9039,0.7034
1322,305,openvinotoolkit/openvino.genai,openvinotoolkit,ci-doctor.md,4,2026-03-31 08:46:38+00:00,False,githubnext/agentics/workflows/ci-doctor.md@0aa94a6e40aeaf131118476bc6a07e55c4ceb147,ok,githubnext/agentics/workflows/ci-doctor.md,github/gh-aw/.github/workflows/ci-doctor.md,githubnext/agentics/workflows/ci-doctor.md,False,6221cdcfe20b5ff6d2427c63661ae160fb9be4f4,2026-02-22 13:56:24+00:00,10.0,12.0,0.9039,0.7034
1323,305,openvinotoolkit/openvino.genai,openvinotoolkit,ci-doctor.md,5,2026-04-07 15:50:15+00:00,False,githubnext/agentics/workflows/ci-doctor.md@0aa94a6e40aeaf131118476bc6a07e55c4ceb147,ok,githubnext/agentics/workflows/ci-doctor.md,github/gh-aw/.github/workflows/ci-doctor.md,githubnext/agentics/workflows/ci-doctor.md,False,6221cdcfe20b5ff6d2427c63661ae160fb9be4f4,2026-02-22 13:56:24+00:00,10.0,13.0,0.8439,0.6553
1324,305,openvinotoolkit/openvino.genai,openvinotoolkit,ci-doctor.md,6,2026-04-07 16:21:35+00:00,False,githubnext/agentics/workflows/ci-doctor.md@0aa94a6e40aeaf131118476bc6a07e55c4ceb147,ok,githubnext/agentics/workflows/ci-doctor.md,github/gh-aw/.github/workflows/ci-doctor.md,githubnext/agentics/workflows/ci-doctor.md,False,6221cdcfe20b5ff6d2427c63661ae160fb9be4f4,2026-02-22 13:56:24+00:00,10.0,13.0,0.8511,0.659
1325,305,openvinotoolkit/openvino.genai,openvinotoolkit,ci-doctor.md,7,2026-04-14 07:00:50+00:00,False,githubnext/agentics/workflows/ci-doctor.md@0aa94a6e40aeaf131118476bc6a07e55c4ceb147,ok,githubnext/agentics/workflows/ci-doctor.md,github/gh-aw/.github/workflows/ci-doctor.md,githubnext/agentics/workflows/ci-doctor.md,False,6221cdcfe20b5ff6d2427c63661ae160fb9be4f4,2026-02-22 13:56:24+00:00,10.0,13.0,0.8511,0.659
1326,305,openvinotoolkit/openvino.genai,openvinotoolkit,ci-doctor.md,8,2026-04-21 12:09:54+00:00,False,githubnext/agentics/workflows/ci-doctor.md@0aa94a6e40aeaf131118476bc6a07e55c4ceb147,ok,githubnext/agentics/workflows/ci-doctor.md,github/gh-aw/.github/workflows/ci-doctor.md,githubnext/agentics/workflows/ci-doctor.md,False,6221cdcfe20b5ff6d2427c63661ae160fb9be4f4,2026-02-22 13:56:24+00:00,10.0,13.0,0.77,0.5958
1327,306,pulumi/pulumi-nomad,pulumi,gh-aw-pr-rereview.md,1,2026-05-12 06:57:17+00:00,True,pulumi-labs/gh-aw-internal/.github/workflows/gh-aw-pr-rereview.md@8a92f53fac170563f7727cacab2dbedb5d5b9e29,ok,pulumi-labs/gh-aw-internal/.github/workflows/gh-aw-pr-rereview.md,,,,,,,,,
1328,307,pulumi/pulumi-nomad,pulumi,gh-aw-pr-review.md,1,2026-05-12 06:57:17+00:00,True,pulumi-labs/gh-aw-internal/.github/workflows/gh-aw-pr-review.md@8a92f53fac170563f7727cacab2dbedb5d5b9e29,ok,pulumi-labs/gh-aw-internal/.github/workflows/gh-aw-pr-review.md,,,,,,,,,
1329,308,GuyKh/iec-custom-component,GuyKh,issue-duplicate-finder.md,1,2026-02-15 16:01:23+00:00,False,,,,github/gh-aw/.github/workflows/ci-doctor.md,githubnext/agentics/workflows/ci-doctor.md,False,c19426f87652906fd05ff08a91d4753f8a96bfe2,2026-02-07 17:28:29+00:00,6.0,7.0,0.075,
1330,309,CliMA/ClimaAtmos.jl,CliMA,pr-review.md,1,2026-05-18 19:44:29+00:00,False,,,,github/gh-aw/.github/workflows/shared/pr-code-review-config.md,github/gh-aw/.github/workflows/shared/pr-code-review-config.md,True,f750acf0d22f4e0345ce46e6fc07c890a5e9ba67,2026-03-23 20:07:59+00:00,1.0,2.0,0.1369,
1331,309,CliMA/ClimaAtmos.jl,CliMA,pr-review.md,2,2026-05-18 22:15:32+00:00,False,,,,github/gh-aw/.github/workflows/shared/pr-code-review-config.md,github/gh-aw/.github/workflows/shared/pr-code-review-config.md,True,f750acf0d22f4e0345ce46e6fc07c890a5e9ba67,2026-03-23 20:07:59+00:00,1.0,2.0,0.1471,
1332,309,CliMA/ClimaAtmos.jl,CliMA,pr-review.md,3,2026-05-28 00:13:40+00:00,False,,,,github/gh-aw/.github/workflows/shared/pr-code-review-config.md,github/gh-aw/.github/workflows/shared/pr-code-review-config.md,True,f750acf0d22f4e0345ce46e6fc07c890a5e9ba67,2026-03-23 20:07:59+00:00,1.0,3.0,0.1471,
1333,310,KunalSin9h/meltcd,KunalSin9h,daily-repo-status.md,1,2026-02-26 18:19:47+00:00,False,githubnext/agentics/workflows/daily-repo-status.md@0718141d65ec967e48141f6f1850ad7b1f682bb0,ok,githubnext/agentics/workflows/daily-repo-status.md,githubnext/agentics/workflows/daily-repo-status.md,githubnext/agentics/workflows/daily-repo-status.md,False,3eae9b88d024036be45d668e3404f8662f94d878,2026-01-26 19:57:42+00:00,1.0,1.0,1.0,1.0
1334,310,KunalSin9h/meltcd,KunalSin9h,daily-repo-status.md,2,2026-02-26 18:28:02+00:00,False,githubnext/agentics/workflows/daily-repo-status.md@0718141d65ec967e48141f6f1850ad7b1f682bb0,ok,githubnext/agentics/workflows/daily-repo-status.md,githubnext/agentics/workflows/daily-repo-status.md,githubnext/agentics/workflows/daily-repo-status.md,False,3eae9b88d024036be45d668e3404f8662f94d878,2026-01-26 19:57:42+00:00,1.0,1.0,1.0,1.0
1335,311,KunalSin9h/meltcd,KunalSin9h,new.md,1,2026-02-27 06:20:44+00:00,True,,,,,,,,,,,,
1336,311,KunalSin9h/meltcd,KunalSin9h,new.md,2,2026-02-27 06:34:23+00:00,False,,,,githubnext/agentics/workflows/pr-fix.md,githubnext/agentics/workflows/pr-fix.md,False,eb489a0b6cb3bd7c7f94d5d3362237641c22cd31,2025-10-11 18:52:59+00:00,14.0,20.0,0.0247,
1337,312,KunalSin9h/meltcd,KunalSin9h,safedep-on-pr.md,1,2026-02-26 18:45:35+00:00,True,,,,,,,,,,,,
1338,312,KunalSin9h/meltcd,KunalSin9h,safedep-on-pr.md,2,2026-02-26 18:57:33+00:00,True,,,,,,,,,,,,
1339,312,KunalSin9h/meltcd,KunalSin9h,safedep-on-pr.md,3,2026-02-26 18:59:34+00:00,True,,,,,,,,,,,,
1340,312,KunalSin9h/meltcd,KunalSin9h,safedep-on-pr.md,4,2026-02-27 06:20:44+00:00,True,,,,,,,,,,,,
1341,313,rancher/dashboard,rancher,daily-accessibility-review.md,1,2026-04-08 08:28:54+00:00,False,,,,githubnext/agentics/workflows/daily-accessibility-review.md,githubnext/agentics/workflows/daily-accessibility-review.md,False,ddae9d4feaac4bc8cc3f11e688f5316465a857f9,2026-02-03 00:31:39+00:00,9.0,9.0,0.5394,
1342,313,rancher/dashboard,rancher,daily-accessibility-review.md,2,2026-04-09 15:49:35+00:00,False,,,,githubnext/agentics/workflows/daily-accessibility-review.md,githubnext/agentics/workflows/daily-accessibility-review.md,False,ddae9d4feaac4bc8cc3f11e688f5316465a857f9,2026-02-03 00:31:39+00:00,9.0,9.0,0.5394,
1343,313,rancher/dashboard,rancher,daily-accessibility-review.md,3,2026-04-29 10:55:44+00:00,False,,,,githubnext/agentics/workflows/daily-accessibility-review.md,githubnext/agentics/workflows/daily-accessibility-review.md,False,ddae9d4feaac4bc8cc3f11e688f5316465a857f9,2026-02-03 00:31:39+00:00,9.0,9.0,0.5394,
1344,313,rancher/dashboard,rancher,daily-accessibility-review.md,4,2026-05-11 08:37:38+00:00,False,,,,githubnext/agentics/workflows/daily-accessibility-review.md,githubnext/agentics/workflows/daily-accessibility-review.md,False,ddae9d4feaac4bc8cc3f11e688f5316465a857f9,2026-02-03 00:31:39+00:00,9.0,9.0,0.5394,
1345,313,rancher/dashboard,rancher,daily-accessibility-review.md,5,2026-05-13 22:10:51+00:00,False,,,,githubnext/agentics/workflows/daily-accessibility-review.md,githubnext/agentics/workflows/daily-accessibility-review.md,False,ddae9d4feaac4bc8cc3f11e688f5316465a857f9,2026-02-03 00:31:39+00:00,9.0,9.0,0.5394,
1346,313,rancher/dashboard,rancher,daily-accessibility-review.md,6,2026-05-14 18:03:46+00:00,False,,,,githubnext/agentics/workflows/daily-accessibility-review.md,githubnext/agentics/workflows/daily-accessibility-review.md,False,ddae9d4feaac4bc8cc3f11e688f5316465a857f9,2026-02-03 00:31:39+00:00,9.0,9.0,0.5394,
1347,313,rancher/dashboard,rancher,daily-accessibility-review.md,7,2026-05-29 17:42:12+00:00,False,,,,githubnext/agentics/workflows/daily-accessibility-review.md,githubnext/agentics/workflows/daily-accessibility-review.md,False,ddae9d4feaac4bc8cc3f11e688f5316465a857f9,2026-02-03 00:31:39+00:00,9.0,9.0,0.5394,
1348,314,rancher/dashboard,rancher,daily-issue-grooming.md,1,2026-03-05 23:10:30+00:00,False,,,,githubnext/agentics/workflows/repo-assist.md,githubnext/agentics/workflows/repo-assist.md,False,828ac109efb43990f59475cbfce90ede5546586c,2026-02-22 22:43:36+00:00,13.0,18.0,0.0705,
1349,314,rancher/dashboard,rancher,daily-issue-grooming.md,2,2026-03-11 21:43:03+00:00,False,,,,githubnext/agentics/workflows/repo-assist.md,githubnext/agentics/workflows/repo-assist.md,False,828ac109efb43990f59475cbfce90ede5546586c,2026-02-22 22:43:36+00:00,13.0,22.0,0.0713,
1350,314,rancher/dashboard,rancher,daily-issue-grooming.md,3,2026-03-11 22:22:47+00:00,False,,,,githubnext/agentics/workflows/repo-assist.md,githubnext/agentics/workflows/repo-assist.md,False,828ac109efb43990f59475cbfce90ede5546586c,2026-02-22 22:43:36+00:00,13.0,22.0,0.0713,
1351,314,rancher/dashboard,rancher,daily-issue-grooming.md,4,2026-03-11 22:35:48+00:00,False,,,,githubnext/agentics/workflows/repo-assist.md,githubnext/agentics/workflows/repo-assist.md,False,828ac109efb43990f59475cbfce90ede5546586c,2026-02-22 22:43:36+00:00,13.0,22.0,0.0713,
1352,314,rancher/dashboard,rancher,daily-issue-grooming.md,5,2026-03-12 15:21:27+00:00,False,,,,githubnext/agentics/workflows/repo-assist.md,githubnext/agentics/workflows/repo-assist.md,False,828ac109efb43990f59475cbfce90ede5546586c,2026-02-22 22:43:36+00:00,13.0,22.0,0.0713,
1353,314,rancher/dashboard,rancher,daily-issue-grooming.md,6,2026-03-24 20:08:04+00:00,False,,,,githubnext/agentics/workflows/repo-assist.md,githubnext/agentics/workflows/repo-assist.md,False,69c1ee19e39e6aaba35519aafefb5cbf314de323,2026-02-26 11:32:52+00:00,17.0,22.0,0.0725,
1354,314,rancher/dashboard,rancher,daily-issue-grooming.md,7,2026-05-11 08:37:38+00:00,False,,,,githubnext/agentics/workflows/repo-assist.md,githubnext/agentics/workflows/repo-assist.md,False,69c1ee19e39e6aaba35519aafefb5cbf314de323,2026-02-26 11:32:52+00:00,17.0,25.0,0.0725,
1355,314,rancher/dashboard,rancher,daily-issue-grooming.md,8,2026-05-14 18:03:46+00:00,False,,,,githubnext/agentics/workflows/repo-assist.md,githubnext/agentics/workflows/repo-assist.md,False,69c1ee19e39e6aaba35519aafefb5cbf314de323,2026-02-26 11:32:52+00:00,17.0,25.0,0.0725,
1356,314,rancher/dashboard,rancher,daily-issue-grooming.md,9,2026-05-29 17:42:12+00:00,False,,,,githubnext/agentics/workflows/daily-issue-triage.md,githubnext/agentics/workflows/daily-issue-triage.md,False,d7c1dc4b72b00607a67caaffdcc216cb64379cf9,2026-05-29 16:23:59+00:00,1.0,1.0,0.0745,
1357,315,rancher/dashboard,rancher,daily-repo-status.md,1,2026-04-08 08:28:54+00:00,False,,,,githubnext/agentics/workflows/daily-repo-status.md,githubnext/agentics/workflows/daily-repo-status.md,False,3eae9b88d024036be45d668e3404f8662f94d878,2026-01-26 19:57:42+00:00,1.0,1.0,0.9871,
1358,315,rancher/dashboard,rancher,daily-repo-status.md,2,2026-05-11 08:37:38+00:00,False,,,,githubnext/agentics/workflows/daily-repo-status.md,githubnext/agentics/workflows/daily-repo-status.md,False,3eae9b88d024036be45d668e3404f8662f94d878,2026-01-26 19:57:42+00:00,1.0,1.0,0.9871,
1359,315,rancher/dashboard,rancher,daily-repo-status.md,3,2026-05-14 18:03:46+00:00,False,,,,githubnext/agentics/workflows/daily-repo-status.md,githubnext/agentics/workflows/daily-repo-status.md,False,3eae9b88d024036be45d668e3404f8662f94d878,2026-01-26 19:57:42+00:00,1.0,1.0,0.9871,
1360,315,rancher/dashboard,rancher,daily-repo-status.md,4,2026-05-29 17:42:12+00:00,False,,,,githubnext/agentics/workflows/daily-repo-status.md,githubnext/agentics/workflows/daily-repo-status.md,False,3eae9b88d024036be45d668e3404f8662f94d878,2026-01-26 19:57:42+00:00,1.0,1.0,0.9871,
1361,316,rancher/dashboard,rancher,daily-test-improver.md,1,2026-04-08 08:28:54+00:00,False,,,,githubnext/agentics/workflows/daily-test-improver.md,githubnext/agentics/workflows/daily-test-improver.md,False,398f7d95ef5bd2329e422df142569a8833f91a1f,2026-03-08 02:28:41+00:00,50.0,51.0,0.9545,
1362,316,rancher/dashboard,rancher,daily-test-improver.md,2,2026-04-29 10:55:44+00:00,False,,,,githubnext/agentics/workflows/daily-test-improver.md,githubnext/agentics/workflows/daily-test-improver.md,False,398f7d95ef5bd2329e422df142569a8833f91a1f,2026-03-08 02:28:41+00:00,50.0,51.0,0.9503,
1363,316,rancher/dashboard,rancher,daily-test-improver.md,3,2026-05-11 08:37:38+00:00,False,,,,githubnext/agentics/workflows/daily-test-improver.md,githubnext/agentics/workflows/daily-test-improver.md,False,398f7d95ef5bd2329e422df142569a8833f91a1f,2026-03-08 02:28:41+00:00,50.0,51.0,0.9414,
1364,316,rancher/dashboard,rancher,daily-test-improver.md,4,2026-05-14 13:47:21+00:00,False,,,,githubnext/agentics/workflows/daily-test-improver.md,githubnext/agentics/workflows/daily-test-improver.md,False,398f7d95ef5bd2329e422df142569a8833f91a1f,2026-03-08 02:28:41+00:00,50.0,51.0,0.8513,
1365,316,rancher/dashboard,rancher,daily-test-improver.md,5,2026-05-14 18:03:46+00:00,False,,,,githubnext/agentics/workflows/daily-test-improver.md,githubnext/agentics/workflows/daily-test-improver.md,False,398f7d95ef5bd2329e422df142569a8833f91a1f,2026-03-08 02:28:41+00:00,50.0,51.0,0.8547,
1366,316,rancher/dashboard,rancher,daily-test-improver.md,6,2026-05-29 17:42:12+00:00,False,,,,githubnext/agentics/workflows/daily-test-improver.md,githubnext/agentics/workflows/daily-test-improver.md,False,398f7d95ef5bd2329e422df142569a8833f91a1f,2026-03-08 02:28:41+00:00,50.0,51.0,0.8533,
1367,317,rancher/dashboard,rancher,duplicate-code-detector.md,1,2026-04-08 08:28:54+00:00,False,,,,githubnext/agentics/workflows/duplicate-code-detector.md,githubnext/agentics/workflows/duplicate-code-detector.md,False,d19056381ba48cb1f7c78510c23069701fa7ae87,2026-02-18 02:39:55+00:00,1.0,1.0,1.0,
1368,317,rancher/dashboard,rancher,duplicate-code-detector.md,2,2026-04-29 10:55:44+00:00,False,,,,githubnext/agentics/workflows/duplicate-code-detector.md,githubnext/agentics/workflows/duplicate-code-detector.md,False,d19056381ba48cb1f7c78510c23069701fa7ae87,2026-02-18 02:39:55+00:00,1.0,1.0,1.0,
1369,317,rancher/dashboard,rancher,duplicate-code-detector.md,3,2026-05-11 08:37:38+00:00,False,,,,githubnext/agentics/workflows/duplicate-code-detector.md,githubnext/agentics/workflows/duplicate-code-detector.md,False,d19056381ba48cb1f7c78510c23069701fa7ae87,2026-02-18 02:39:55+00:00,1.0,1.0,1.0,
1370,317,rancher/dashboard,rancher,duplicate-code-detector.md,4,2026-05-14 18:03:46+00:00,False,,,,githubnext/agentics/workflows/duplicate-code-detector.md,githubnext/agentics/workflows/duplicate-code-detector.md,False,d19056381ba48cb1f7c78510c23069701fa7ae87,2026-02-18 02:39:55+00:00,1.0,1.0,1.0,
1371,317,rancher/dashboard,rancher,duplicate-code-detector.md,5,2026-05-29 17:42:12+00:00,False,,,,githubnext/agentics/workflows/duplicate-code-detector.md,githubnext/agentics/workflows/duplicate-code-detector.md,False,d19056381ba48cb1f7c78510c23069701fa7ae87,2026-02-18 02:39:55+00:00,1.0,1.0,1.0,
1372,318,rancher/dashboard,rancher,issue-triage.md,1,2026-04-08 08:28:54+00:00,False,,,,githubnext/agentics/workflows/issue-triage.md,githubnext/agentics/workflows/agentic-triage.md,False,bf8d330e628f2c235cd9304310156bdbbfa61123,2025-10-24 19:03:24+00:00,20.0,21.0,0.9087,
1373,318,rancher/dashboard,rancher,issue-triage.md,2,2026-05-11 08:37:38+00:00,False,,,,githubnext/agentics/workflows/issue-triage.md,githubnext/agentics/workflows/agentic-triage.md,False,bf8d330e628f2c235cd9304310156bdbbfa61123,2025-10-24 19:03:24+00:00,20.0,22.0,0.9087,
1374,318,rancher/dashboard,rancher,issue-triage.md,3,2026-05-14 18:03:46+00:00,False,,,,githubnext/agentics/workflows/issue-triage.md,githubnext/agentics/workflows/agentic-triage.md,False,bf8d330e628f2c235cd9304310156bdbbfa61123,2025-10-24 19:03:24+00:00,20.0,23.0,0.9087,
1375,318,rancher/dashboard,rancher,issue-triage.md,4,2026-05-29 17:42:12+00:00,False,,,,githubnext/agentics/workflows/issue-triage.md,githubnext/agentics/workflows/agentic-triage.md,False,bf8d330e628f2c235cd9304310156bdbbfa61123,2025-10-24 19:03:24+00:00,20.0,23.0,0.9087,
1376,319,rancher/dashboard,rancher,pr-fix.md,1,2026-04-08 08:28:54+00:00,False,,,,githubnext/agentics/workflows/pr-fix.md,githubnext/agentics/workflows/pr-fix.md,False,6035e2b45ff968b3ccc1945a0858d98bf87826e5,2026-02-19 06:02:06+00:00,19.0,20.0,0.7204,
1377,319,rancher/dashboard,rancher,pr-fix.md,2,2026-05-11 08:37:38+00:00,False,,,,githubnext/agentics/workflows/pr-fix.md,githubnext/agentics/workflows/pr-fix.md,False,6035e2b45ff968b3ccc1945a0858d98bf87826e5,2026-02-19 06:02:06+00:00,19.0,20.0,0.7204,
1378,319,rancher/dashboard,rancher,pr-fix.md,3,2026-05-14 18:03:46+00:00,False,,,,githubnext/agentics/workflows/pr-fix.md,githubnext/agentics/workflows/pr-fix.md,False,6035e2b45ff968b3ccc1945a0858d98bf87826e5,2026-02-19 06:02:06+00:00,19.0,20.0,0.7204,
1379,319,rancher/dashboard,rancher,pr-fix.md,4,2026-05-29 17:42:12+00:00,False,,,,githubnext/agentics/workflows/pr-fix.md,githubnext/agentics/workflows/pr-fix.md,False,6035e2b45ff968b3ccc1945a0858d98bf87826e5,2026-02-19 06:02:06+00:00,19.0,20.0,0.7204,
1380,320,rancher/dashboard,rancher,weekly-stale-issue-manager.md,1,2026-06-07 01:41:30+00:00,False,,,,githubnext/agentics/workflows/repo-assist.md,githubnext/agentics/workflows/repo-assist.md,False,afb00b92a9514fee9a14c583f059a03d05738f70,2026-02-26 13:40:39+00:00,18.0,25.0,0.0887,
1381,321,microsoft/finnts,microsoft,repo-improver.md,1,2026-04-29 21:00:24+00:00,False,,,,githubnext/agentics/workflows/daily-test-improver.md,githubnext/agentics/workflows/daily-test-improver.md,False,398f7d95ef5bd2329e422df142569a8833f91a1f,2026-03-08 02:28:41+00:00,50.0,51.0,0.0901,
1382,321,microsoft/finnts,microsoft,repo-improver.md,2,2026-04-29 21:04:07+00:00,False,,,,githubnext/agentics/workflows/daily-test-improver.md,githubnext/agentics/workflows/daily-test-improver.md,False,398f7d95ef5bd2329e422df142569a8833f91a1f,2026-03-08 02:28:41+00:00,50.0,51.0,0.0906,
1383,321,microsoft/finnts,microsoft,repo-improver.md,3,2026-04-29 21:08:06+00:00,False,,,,githubnext/agentics/workflows/daily-test-improver.md,githubnext/agentics/workflows/daily-test-improver.md,False,398f7d95ef5bd2329e422df142569a8833f91a1f,2026-03-08 02:28:41+00:00,50.0,51.0,0.09,
1384,322,lrascao/rebar3_gpb_plugin,lrascao,daily-repo-status.md,1,2026-02-15 17:48:28+00:00,False,githubnext/agentics/workflows/daily-repo-status.md@eb7950f37d350af6fa09d19827c4883e72947221,ok,githubnext/agentics/workflows/daily-repo-status.md,githubnext/agentics/workflows/daily-repo-status.md,githubnext/agentics/workflows/daily-repo-status.md,False,3eae9b88d024036be45d668e3404f8662f94d878,2026-01-26 19:57:42+00:00,1.0,1.0,1.0,1.0
1385,322,lrascao/rebar3_gpb_plugin,lrascao,daily-repo-status.md,2,2026-02-15 18:05:18+00:00,False,githubnext/agentics/workflows/daily-repo-status.md@eb7950f37d350af6fa09d19827c4883e72947221,ok,githubnext/agentics/workflows/daily-repo-status.md,githubnext/agentics/workflows/daily-repo-status.md,githubnext/agentics/workflows/daily-repo-status.md,False,3eae9b88d024036be45d668e3404f8662f94d878,2026-01-26 19:57:42+00:00,1.0,1.0,0.9442,0.9442
1386,323,dotnet/fsharp,dotnet,agentic-state-machine.md,1,2026-05-12 09:03:57+00:00,False,,,,githubnext/agentics/workflows/agentic-wiki-writer.md,githubnext/agentics/workflows/agentic-wiki-writer.md,False,da1686f4801c26c9e77cb738da368f4d43e5baba,2026-03-16 04:25:10+00:00,4.0,6.0,0.0546,
1387,323,dotnet/fsharp,dotnet,agentic-state-machine.md,2,2026-05-12 12:46:39+00:00,False,,,,githubnext/agentics/workflows/agentic-wiki-writer.md,githubnext/agentics/workflows/agentic-wiki-writer.md,False,da1686f4801c26c9e77cb738da368f4d43e5baba,2026-03-16 04:25:10+00:00,4.0,6.0,0.0546,
1388,323,dotnet/fsharp,dotnet,agentic-state-machine.md,3,2026-05-21 09:32:08+00:00,False,,,,githubnext/agentics/workflows/agentic-wiki-writer.md,githubnext/agentics/workflows/agentic-wiki-writer.md,False,da1686f4801c26c9e77cb738da368f4d43e5baba,2026-03-16 04:25:10+00:00,4.0,6.0,0.0524,
1389,323,dotnet/fsharp,dotnet,agentic-state-machine.md,4,2026-05-28 16:43:16+00:00,False,,,,githubnext/agentics/workflows/agentic-wiki-writer.md,githubnext/agentics/workflows/agentic-wiki-writer.md,False,da1686f4801c26c9e77cb738da368f4d43e5baba,2026-03-16 04:25:10+00:00,4.0,6.0,0.0524,
1390,323,dotnet/fsharp,dotnet,agentic-state-machine.md,5,2026-06-16 09:00:03+00:00,False,,,,githubnext/agentics/workflows/agentic-wiki-writer.md,githubnext/agentics/workflows/agentic-wiki-writer.md,False,c7e154261230e4048e62a3343e265e9db92cdd58,2026-03-19 00:44:28+00:00,6.0,6.0,0.0711,
1391,324,dotnet/fsharp,dotnet,aw-auto-update.md,1,2026-03-31 09:39:35+00:00,False,,,,githubnext/agentics/workflows/maintainer.md,githubnext/agentics/workflows/maintainer.md,False,7fd31902e2252188bc7dfd0f9c603cad2b1b8b10,2025-10-22 17:41:11+00:00,1.0,1.0,0.0962,
1392,324,dotnet/fsharp,dotnet,aw-auto-update.md,2,2026-04-21 15:20:18+00:00,False,,,,githubnext/agentics/workflows/maintainer.md,githubnext/agentics/workflows/maintainer.md,False,7fd31902e2252188bc7dfd0f9c603cad2b1b8b10,2025-10-22 17:41:11+00:00,1.0,1.0,0.0941,
1393,324,dotnet/fsharp,dotnet,aw-auto-update.md,3,2026-04-28 08:54:20+00:00,False,,,,githubnext/agentics/workflows/maintainer.md,githubnext/agentics/workflows/maintainer.md,False,7fd31902e2252188bc7dfd0f9c603cad2b1b8b10,2025-10-22 17:41:11+00:00,1.0,1.0,0.0941,
1394,324,dotnet/fsharp,dotnet,aw-auto-update.md,4,2026-04-29 11:25:39+00:00,False,,,,githubnext/agentics/workflows/maintainer.md,githubnext/agentics/workflows/maintainer.md,False,7fd31902e2252188bc7dfd0f9c603cad2b1b8b10,2025-10-22 17:41:11+00:00,1.0,1.0,0.0941,
1395,324,dotnet/fsharp,dotnet,aw-auto-update.md,5,2026-05-04 07:06:13+00:00,False,,,,githubnext/agentics/workflows/maintainer.md,githubnext/agentics/workflows/maintainer.md,False,7fd31902e2252188bc7dfd0f9c603cad2b1b8b10,2025-10-22 17:41:11+00:00,1.0,1.0,0.0941,
1396,324,dotnet/fsharp,dotnet,aw-auto-update.md,6,2026-05-18 09:03:34+00:00,False,,,,githubnext/agentics/workflows/maintainer.md,githubnext/agentics/workflows/maintainer.md,False,7fd31902e2252188bc7dfd0f9c603cad2b1b8b10,2025-10-22 17:41:11+00:00,1.0,1.0,0.1029,
1397,324,dotnet/fsharp,dotnet,aw-auto-update.md,7,2026-05-28 09:38:24+00:00,False,,,,githubnext/agentics/workflows/maintainer.md,githubnext/agentics/workflows/maintainer.md,False,7fd31902e2252188bc7dfd0f9c603cad2b1b8b10,2025-10-22 17:41:11+00:00,1.0,1.0,0.1029,
1398,324,dotnet/fsharp,dotnet,aw-auto-update.md,8,2026-05-28 16:10:17+00:00,False,,,,githubnext/agentics/workflows/maintainer.md,githubnext/agentics/workflows/maintainer.md,False,7fd31902e2252188bc7dfd0f9c603cad2b1b8b10,2025-10-22 17:41:11+00:00,1.0,1.0,0.0875,
1399,324,dotnet/fsharp,dotnet,aw-auto-update.md,9,2026-06-18 13:43:16+00:00,False,,,,githubnext/agentics/workflows/maintainer.md,githubnext/agentics/workflows/maintainer.md,False,7fd31902e2252188bc7dfd0f9c603cad2b1b8b10,2025-10-22 17:41:11+00:00,1.0,1.0,0.0875,
1400,325,dotnet/fsharp,dotnet,labelops-flake-fix.md,1,2026-05-06 09:42:54+00:00,False,,,,githubnext/agentics/workflows/repo-assist.md,githubnext/agentics/workflows/repo-assist.md,False,0ae10905c47f310d0ed58a020a4e611c0f890442,2026-03-08 00:31:06+00:00,22.0,23.0,0.0427,
1401,326,dotnet/fsharp,dotnet,labelops-pr-maintenance.md,1,2026-05-06 09:42:54+00:00,False,,,,githubnext/agentics/workflows/repo-assist.md,githubnext/agentics/workflows/repo-assist.md,False,077cdbca7864e820e3425e9598cf1269d3dce05a,2026-02-22 08:11:47+00:00,6.0,23.0,0.0569,
1402,326,dotnet/fsharp,dotnet,labelops-pr-maintenance.md,2,2026-05-18 08:48:13+00:00,False,,,,githubnext/agentics/workflows/repo-assist.md,githubnext/agentics/workflows/repo-assist.md,False,077cdbca7864e820e3425e9598cf1269d3dce05a,2026-02-22 08:11:47+00:00,6.0,25.0,0.0569,
1403,326,dotnet/fsharp,dotnet,labelops-pr-maintenance.md,3,2026-05-28 08:54:00+00:00,False,,,,githubnext/agentics/workflows/repo-assist.md,githubnext/agentics/workflows/repo-assist.md,False,b6889159077cab6c0e585a31dcda5808c6a06aed,2026-02-21 14:43:04+00:00,3.0,25.0,0.0572,
1404,326,dotnet/fsharp,dotnet,labelops-pr-maintenance.md,4,2026-05-28 14:29:27+00:00,False,,,,githubnext/agentics/workflows/repo-assist.md,githubnext/agentics/workflows/repo-assist.md,False,b6889159077cab6c0e585a31dcda5808c6a06aed,2026-02-21 14:43:04+00:00,3.0,25.0,0.0572,
1405,326,dotnet/fsharp,dotnet,labelops-pr-maintenance.md,5,2026-06-18 13:43:16+00:00,False,,,,githubnext/agentics/workflows/repo-assist.md,githubnext/agentics/workflows/repo-assist.md,False,b6889159077cab6c0e585a31dcda5808c6a06aed,2026-02-21 14:43:04+00:00,3.0,25.0,0.0572,
1406,327,dotnet/fsharp,dotnet,labelops-pr-security-scan.md,1,2026-05-12 09:05:19+00:00,False,,,,githubnext/agentics/workflows/repo-assist.md,githubnext/agentics/workflows/repo-assist.md,False,0ae10905c47f310d0ed58a020a4e611c0f890442,2026-03-08 00:31:06+00:00,22.0,25.0,0.0559,
1407,327,dotnet/fsharp,dotnet,labelops-pr-security-scan.md,2,2026-05-12 09:11:42+00:00,False,,,,githubnext/agentics/workflows/repo-assist.md,githubnext/agentics/workflows/repo-assist.md,False,0ae10905c47f310d0ed58a020a4e611c0f890442,2026-03-08 00:31:06+00:00,22.0,25.0,0.057,
1408,327,dotnet/fsharp,dotnet,labelops-pr-security-scan.md,3,2026-05-15 08:59:37+00:00,False,,,,githubnext/agentics/workflows/repo-assist.md,githubnext/agentics/workflows/repo-assist.md,False,0ae10905c47f310d0ed58a020a4e611c0f890442,2026-03-08 00:31:06+00:00,22.0,25.0,0.0664,
1409,327,dotnet/fsharp,dotnet,labelops-pr-security-scan.md,4,2026-05-29 09:43:40+00:00,False,,,,githubnext/agentics/workflows/repo-assist.md,githubnext/agentics/workflows/repo-assist.md,False,0ae10905c47f310d0ed58a020a4e611c0f890442,2026-03-08 00:31:06+00:00,22.0,25.0,0.0664,
1410,327,dotnet/fsharp,dotnet,labelops-pr-security-scan.md,5,2026-06-03 16:07:19+00:00,False,,,,githubnext/agentics/workflows/repo-assist.md,githubnext/agentics/workflows/repo-assist.md,False,0ae10905c47f310d0ed58a020a4e611c0f890442,2026-03-08 00:31:06+00:00,22.0,25.0,0.0685,
1411,327,dotnet/fsharp,dotnet,labelops-pr-security-scan.md,6,2026-06-18 13:43:16+00:00,False,,,,githubnext/agentics/workflows/repo-assist.md,githubnext/agentics/workflows/repo-assist.md,False,0ae10905c47f310d0ed58a020a4e611c0f890442,2026-03-08 00:31:06+00:00,22.0,25.0,0.0685,
1412,328,dotnet/fsharp,dotnet,msbuild-quality-review.md,1,2026-06-17 08:41:21+00:00,False,,,,pulumi-labs/gh-aw-internal/.github/workflows/shared/plugins/code-review/code-review.md,pulumi-labs/gh-aw-internal/.github/workflows/shared/plugins/code-review/code-review.md,True,fccb0509de811cdc59bfe4e77504af0d4b5ebaa1,2026-06-04 14:18:40+00:00,6.0,6.0,0.0543,
1413,329,dotnet/fsharp,dotnet,regression-pr-shepherd.md,1,2026-03-30 10:24:32+00:00,False,,,,githubnext/agentics/workflows/repo-assist.md,githubnext/agentics/workflows/repo-assist.md,False,4b713cfa311ddd0da84d7428da66e8c13012c146,2026-02-22 17:56:33+00:00,9.0,22.0,0.0972,
1414,329,dotnet/fsharp,dotnet,regression-pr-shepherd.md,2,2026-04-01 12:17:50+00:00,False,,,,githubnext/agentics/workflows/repo-assist.md,githubnext/agentics/workflows/repo-assist.md,False,4cb6855f0b3c0a719d7d5c3af44d1646450e63e9,2026-02-21 18:46:49+00:00,4.0,22.0,0.0987,
1415,329,dotnet/fsharp,dotnet,regression-pr-shepherd.md,3,2026-04-09 12:41:00+00:00,False,,,,githubnext/agentics/workflows/repo-assist.md,githubnext/agentics/workflows/repo-assist.md,False,4cb6855f0b3c0a719d7d5c3af44d1646450e63e9,2026-02-21 18:46:49+00:00,4.0,22.0,0.0978,
1416,329,dotnet/fsharp,dotnet,regression-pr-shepherd.md,4,2026-04-16 08:32:21+00:00,False,,,,githubnext/agentics/workflows/repo-assist.md,githubnext/agentics/workflows/repo-assist.md,False,4cb6855f0b3c0a719d7d5c3af44d1646450e63e9,2026-02-21 18:46:49+00:00,4.0,22.0,0.0977,
1417,329,dotnet/fsharp,dotnet,regression-pr-shepherd.md,5,2026-04-29 11:25:39+00:00,False,,,,githubnext/agentics/workflows/repo-assist.md,githubnext/agentics/workflows/repo-assist.md,False,4cb6855f0b3c0a719d7d5c3af44d1646450e63e9,2026-02-21 18:46:49+00:00,4.0,22.0,0.0977,
1418,329,dotnet/fsharp,dotnet,regression-pr-shepherd.md,6,2026-06-18 13:43:16+00:00,False,,,,githubnext/agentics/workflows/repo-assist.md,githubnext/agentics/workflows/repo-assist.md,False,4cb6855f0b3c0a719d7d5c3af44d1646450e63e9,2026-02-21 18:46:49+00:00,4.0,25.0,0.0977,
1419,330,dotnet/fsharp,dotnet,repo-assist.md,1,2026-03-16 13:32:21+00:00,False,githubnext/agentics/workflows/repo-assist.md@9135cdfde26838a01779aa966628308404ec1f02,ok,githubnext/agentics/workflows/repo-assist.md,githubnext/agentics/workflows/repo-assist.md,githubnext/agentics/workflows/repo-assist.md,False,69dc52f93e6abaaeb199c24e22b401f5bb1bac6f,2026-03-07 00:06:02+00:00,19.0,22.0,0.6806,0.6765
1420,330,dotnet/fsharp,dotnet,repo-assist.md,2,2026-03-17 12:00:51+00:00,False,githubnext/agentics/workflows/repo-assist.md@9135cdfde26838a01779aa966628308404ec1f02,ok,githubnext/agentics/workflows/repo-assist.md,githubnext/agentics/workflows/repo-assist.md,githubnext/agentics/workflows/repo-assist.md,False,69dc52f93e6abaaeb199c24e22b401f5bb1bac6f,2026-03-07 00:06:02+00:00,19.0,22.0,0.6806,0.6765
1421,330,dotnet/fsharp,dotnet,repo-assist.md,3,2026-03-23 11:30:47+00:00,False,githubnext/agentics/workflows/repo-assist.md@9135cdfde26838a01779aa966628308404ec1f02,ok,githubnext/agentics/workflows/repo-assist.md,githubnext/agentics/workflows/repo-assist.md,githubnext/agentics/workflows/repo-assist.md,False,69dc52f93e6abaaeb199c24e22b401f5bb1bac6f,2026-03-07 00:06:02+00:00,19.0,22.0,0.5323,0.5293
1422,330,dotnet/fsharp,dotnet,repo-assist.md,4,2026-03-23 12:45:52+00:00,False,githubnext/agentics/workflows/repo-assist.md@9135cdfde26838a01779aa966628308404ec1f02,ok,githubnext/agentics/workflows/repo-assist.md,githubnext/agentics/workflows/repo-assist.md,githubnext/agentics/workflows/repo-assist.md,False,69dc52f93e6abaaeb199c24e22b401f5bb1bac6f,2026-03-07 00:06:02+00:00,19.0,22.0,0.5323,0.5293
1423,330,dotnet/fsharp,dotnet,repo-assist.md,5,2026-03-27 18:28:39+00:00,False,githubnext/agentics/workflows/repo-assist.md@9135cdfde26838a01779aa966628308404ec1f02,ok,githubnext/agentics/workflows/repo-assist.md,githubnext/agentics/workflows/repo-assist.md,githubnext/agentics/workflows/repo-assist.md,False,69dc52f93e6abaaeb199c24e22b401f5bb1bac6f,2026-03-07 00:06:02+00:00,19.0,22.0,0.5323,0.5293
1424,330,dotnet/fsharp,dotnet,repo-assist.md,6,2026-03-30 10:26:46+00:00,False,githubnext/agentics/workflows/repo-assist.md@9135cdfde26838a01779aa966628308404ec1f02,ok,githubnext/agentics/workflows/repo-assist.md,githubnext/agentics/workflows/repo-assist.md,githubnext/agentics/workflows/repo-assist.md,False,69dc52f93e6abaaeb199c24e22b401f5bb1bac6f,2026-03-07 00:06:02+00:00,19.0,22.0,0.337,0.3353
1425,330,dotnet/fsharp,dotnet,repo-assist.md,7,2026-03-31 09:23:48+00:00,False,githubnext/agentics/workflows/repo-assist.md@9135cdfde26838a01779aa966628308404ec1f02,ok,githubnext/agentics/workflows/repo-assist.md,githubnext/agentics/workflows/repo-assist.md,githubnext/agentics/workflows/repo-assist.md,False,69dc52f93e6abaaeb199c24e22b401f5bb1bac6f,2026-03-07 00:06:02+00:00,19.0,22.0,0.3311,0.3298
1426,330,dotnet/fsharp,dotnet,repo-assist.md,8,2026-04-08 09:23:31+00:00,False,githubnext/agentics/workflows/repo-assist.md@7c7feb61a52b662eb2089aa2945588b7a200d404,ok,githubnext/agentics/workflows/repo-assist.md,githubnext/agentics/workflows/repo-assist.md,githubnext/agentics/workflows/repo-assist.md,False,69dc52f93e6abaaeb199c24e22b401f5bb1bac6f,2026-03-07 00:06:02+00:00,19.0,22.0,0.3311,0.3298
1427,330,dotnet/fsharp,dotnet,repo-assist.md,9,2026-04-16 08:32:21+00:00,False,githubnext/agentics/workflows/repo-assist.md@7c7feb61a52b662eb2089aa2945588b7a200d404,ok,githubnext/agentics/workflows/repo-assist.md,githubnext/agentics/workflows/repo-assist.md,githubnext/agentics/workflows/repo-assist.md,False,69dc52f93e6abaaeb199c24e22b401f5bb1bac6f,2026-03-07 00:06:02+00:00,19.0,22.0,0.3293,0.328
1428,330,dotnet/fsharp,dotnet,repo-assist.md,10,2026-04-29 11:25:39+00:00,False,githubnext/agentics/workflows/repo-assist.md@7c7feb61a52b662eb2089aa2945588b7a200d404,ok,githubnext/agentics/workflows/repo-assist.md,githubnext/agentics/workflows/repo-assist.md,githubnext/agentics/workflows/repo-assist.md,False,69dc52f93e6abaaeb199c24e22b401f5bb1bac6f,2026-03-07 00:06:02+00:00,19.0,22.0,0.3293,0.328
1429,330,dotnet/fsharp,dotnet,repo-assist.md,11,2026-05-28 09:12:10+00:00,False,githubnext/agentics/workflows/repo-assist.md@7c7feb61a52b662eb2089aa2945588b7a200d404,ok,githubnext/agentics/workflows/repo-assist.md,githubnext/agentics/workflows/repo-assist.md,githubnext/agentics/workflows/repo-assist.md,False,69dc52f93e6abaaeb199c24e22b401f5bb1bac6f,2026-03-07 00:06:02+00:00,19.0,25.0,0.3293,0.328
1430,331,fable-compiler/Fable,fable-compiler,repo-assist.md,1,2026-03-14 21:22:52+00:00,False,githubnext/agentics/workflows/repo-assist.md@346204513ecfa08b81566450d7d599556807389f,ok,githubnext/agentics/workflows/repo-assist.md,githubnext/agentics/workflows/repo-assist.md,githubnext/agentics/workflows/repo-assist.md,False,0ae10905c47f310d0ed58a020a4e611c0f890442,2026-03-08 00:31:06+00:00,22.0,22.0,0.7606,0.7606
1431,331,fable-compiler/Fable,fable-compiler,repo-assist.md,2,2026-03-21 20:14:32+00:00,False,githubnext/agentics/workflows/repo-assist.md@346204513ecfa08b81566450d7d599556807389f,ok,githubnext/agentics/workflows/repo-assist.md,githubnext/agentics/workflows/repo-assist.md,githubnext/agentics/workflows/repo-assist.md,False,0ae10905c47f310d0ed58a020a4e611c0f890442,2026-03-08 00:31:06+00:00,22.0,22.0,0.7606,0.7606
1432,331,fable-compiler/Fable,fable-compiler,repo-assist.md,3,2026-04-04 12:20:49+00:00,False,githubnext/agentics/workflows/repo-assist.md@346204513ecfa08b81566450d7d599556807389f,ok,githubnext/agentics/workflows/repo-assist.md,githubnext/agentics/workflows/repo-assist.md,githubnext/agentics/workflows/repo-assist.md,False,0ae10905c47f310d0ed58a020a4e611c0f890442,2026-03-08 00:31:06+00:00,22.0,22.0,0.7606,0.7606
1433,331,fable-compiler/Fable,fable-compiler,repo-assist.md,4,2026-04-06 06:17:06+00:00,False,githubnext/agentics/workflows/repo-assist.md@346204513ecfa08b81566450d7d599556807389f,ok,githubnext/agentics/workflows/repo-assist.md,githubnext/agentics/workflows/repo-assist.md,githubnext/agentics/workflows/repo-assist.md,False,0ae10905c47f310d0ed58a020a4e611c0f890442,2026-03-08 00:31:06+00:00,22.0,22.0,0.7635,0.7635
1434,331,fable-compiler/Fable,fable-compiler,repo-assist.md,5,2026-04-17 15:18:22+00:00,False,githubnext/agentics/workflows/repo-assist.md@8f2d44f5d624e31c4af7cdbd948c6f5eba875a85,ok,githubnext/agentics/workflows/repo-assist.md,githubnext/agentics/workflows/repo-assist.md,githubnext/agentics/workflows/repo-assist.md,False,0ae10905c47f310d0ed58a020a4e611c0f890442,2026-03-08 00:31:06+00:00,22.0,22.0,0.7635,0.7635
1435,331,fable-compiler/Fable,fable-compiler,repo-assist.md,6,2026-04-21 20:25:59+00:00,False,githubnext/agentics/workflows/repo-assist.md@51c8f6ad4357d2ecc06e47120031b3d75e80227d,ok,githubnext/agentics/workflows/repo-assist.md,githubnext/agentics/workflows/repo-assist.md,githubnext/agentics/workflows/repo-assist.md,False,0ae10905c47f310d0ed58a020a4e611c0f890442,2026-03-08 00:31:06+00:00,22.0,22.0,0.7643,0.7643
1436,331,fable-compiler/Fable,fable-compiler,repo-assist.md,7,2026-04-25 10:05:25+00:00,False,githubnext/agentics/workflows/repo-assist.md@51c8f6ad4357d2ecc06e47120031b3d75e80227d,ok,githubnext/agentics/workflows/repo-assist.md,githubnext/agentics/workflows/repo-assist.md,githubnext/agentics/workflows/repo-assist.md,False,0ae10905c47f310d0ed58a020a4e611c0f890442,2026-03-08 00:31:06+00:00,22.0,22.0,0.756,0.756
1437,331,fable-compiler/Fable,fable-compiler,repo-assist.md,8,2026-04-26 13:49:36+00:00,False,githubnext/agentics/workflows/repo-assist.md@51c8f6ad4357d2ecc06e47120031b3d75e80227d,ok,githubnext/agentics/workflows/repo-assist.md,githubnext/agentics/workflows/repo-assist.md,githubnext/agentics/workflows/repo-assist.md,False,0ae10905c47f310d0ed58a020a4e611c0f890442,2026-03-08 00:31:06+00:00,22.0,22.0,0.7451,0.7451
1438,331,fable-compiler/Fable,fable-compiler,repo-assist.md,9,2026-05-03 07:48:30+00:00,False,githubnext/agentics/workflows/repo-assist.md@51c8f6ad4357d2ecc06e47120031b3d75e80227d,ok,githubnext/agentics/workflows/repo-assist.md,githubnext/agentics/workflows/repo-assist.md,githubnext/agentics/workflows/repo-assist.md,False,0ae10905c47f310d0ed58a020a4e611c0f890442,2026-03-08 00:31:06+00:00,22.0,23.0,0.7157,0.7157
1439,331,fable-compiler/Fable,fable-compiler,repo-assist.md,10,2026-05-09 11:55:28+00:00,False,githubnext/agentics/workflows/repo-assist.md@51c8f6ad4357d2ecc06e47120031b3d75e80227d,ok,githubnext/agentics/workflows/repo-assist.md,githubnext/agentics/workflows/repo-assist.md,githubnext/agentics/workflows/repo-assist.md,False,0ae10905c47f310d0ed58a020a4e611c0f890442,2026-03-08 00:31:06+00:00,22.0,24.0,0.7157,0.7157
1440,332,fslaborg/Deedle,fslaborg,repo-assist.md,1,2026-03-08 21:59:09+00:00,False,githubnext/agentics/workflows/repo-assist.md@30f2254f2a7a944da1224df45d181a3f8faefd0d,ok,githubnext/agentics/workflows/repo-assist.md,githubnext/agentics/workflows/repo-assist.md,githubnext/agentics/workflows/repo-assist.md,False,0ae10905c47f310d0ed58a020a4e611c0f890442,2026-03-08 00:31:06+00:00,22.0,22.0,1.0,1.0
1441,332,fslaborg/Deedle,fslaborg,repo-assist.md,2,2026-03-14 19:48:27+00:00,False,githubnext/agentics/workflows/repo-assist.md@30f2254f2a7a944da1224df45d181a3f8faefd0d,ok,githubnext/agentics/workflows/repo-assist.md,githubnext/agentics/workflows/repo-assist.md,githubnext/agentics/workflows/repo-assist.md,False,0ae10905c47f310d0ed58a020a4e611c0f890442,2026-03-08 00:31:06+00:00,22.0,22.0,1.0,1.0
1442,332,fslaborg/Deedle,fslaborg,repo-assist.md,3,2026-03-22 23:11:41+00:00,False,githubnext/agentics/workflows/repo-assist.md@30f2254f2a7a944da1224df45d181a3f8faefd0d,ok,githubnext/agentics/workflows/repo-assist.md,githubnext/agentics/workflows/repo-assist.md,githubnext/agentics/workflows/repo-assist.md,False,0ae10905c47f310d0ed58a020a4e611c0f890442,2026-03-08 00:31:06+00:00,22.0,22.0,1.0,1.0
1443,332,fslaborg/Deedle,fslaborg,repo-assist.md,4,2026-03-23 19:15:49+00:00,False,githubnext/agentics/workflows/repo-assist.md@4957663821dbb3260348084fa2f1659701950fef,ok,githubnext/agentics/workflows/repo-assist.md,githubnext/agentics/workflows/repo-assist.md,githubnext/agentics/workflows/repo-assist.md,False,0ae10905c47f310d0ed58a020a4e611c0f890442,2026-03-08 00:31:06+00:00,22.0,22.0,1.0,1.0
1444,332,fslaborg/Deedle,fslaborg,repo-assist.md,5,2026-03-26 23:23:31+00:00,False,githubnext/agentics/workflows/repo-assist.md@1f672aef974f4246124860fc532f82fe8a93a57e,ok,githubnext/agentics/workflows/repo-assist.md,githubnext/agentics/workflows/repo-assist.md,githubnext/agentics/workflows/repo-assist.md,False,0ae10905c47f310d0ed58a020a4e611c0f890442,2026-03-08 00:31:06+00:00,22.0,22.0,1.0,1.0
1445,332,fslaborg/Deedle,fslaborg,repo-assist.md,6,2026-04-03 00:44:20+00:00,False,githubnext/agentics/workflows/repo-assist.md@4ea8c81959909f40373e2a5c2b7fdb54ea19e0a5,ok,githubnext/agentics/workflows/repo-assist.md,githubnext/agentics/workflows/repo-assist.md,githubnext/agentics/workflows/repo-assist.md,False,0ae10905c47f310d0ed58a020a4e611c0f890442,2026-03-08 00:31:06+00:00,22.0,22.0,1.0,1.0
1446,332,fslaborg/Deedle,fslaborg,repo-assist.md,7,2026-04-04 14:51:55+00:00,False,githubnext/agentics/workflows/repo-assist.md@7ee2b60744abf71b985bead4599640f165edcd93,ok,githubnext/agentics/workflows/repo-assist.md,githubnext/agentics/workflows/repo-assist.md,githubnext/agentics/workflows/repo-assist.md,False,0ae10905c47f310d0ed58a020a4e611c0f890442,2026-03-08 00:31:06+00:00,22.0,22.0,1.0,1.0
1447,332,fslaborg/Deedle,fslaborg,repo-assist.md,8,2026-04-20 02:49:57+00:00,False,githubnext/agentics/workflows/repo-assist.md@96b9d4c39aa22359c0b38265927eadb31dcf4e2a,ok,githubnext/agentics/workflows/repo-assist.md,githubnext/agentics/workflows/repo-assist.md,githubnext/agentics/workflows/repo-assist.md,False,0ae10905c47f310d0ed58a020a4e611c0f890442,2026-03-08 00:31:06+00:00,22.0,22.0,1.0,1.0
1448,332,fslaborg/Deedle,fslaborg,repo-assist.md,9,2026-05-06 12:30:52+00:00,False,githubnext/agentics/workflows/repo-assist.md@fc4ab36dedc44e2a1cdc195cecce262f06c81230,ok,githubnext/agentics/workflows/repo-assist.md,githubnext/agentics/workflows/repo-assist.md,githubnext/agentics/workflows/repo-assist.md,False,f2cfb4fb924dbd58ea9b4235d18e905c9040b0ca,2026-04-30 09:16:02+00:00,23.0,23.0,1.0,1.0
1449,332,fslaborg/Deedle,fslaborg,repo-assist.md,10,2026-05-09 12:26:37+00:00,False,githubnext/agentics/workflows/repo-assist.md@c7d030cd6d4607b90d9ac3ffc8b24aff4f251632,ok,githubnext/agentics/workflows/repo-assist.md,githubnext/agentics/workflows/repo-assist.md,githubnext/agentics/workflows/repo-assist.md,False,c7d030cd6d4607b90d9ac3ffc8b24aff4f251632,2026-05-09 12:20:41+00:00,25.0,25.0,1.0,1.0
1450,332,fslaborg/Deedle,fslaborg,repo-assist.md,11,2026-06-03 14:37:34+00:00,False,githubnext/agentics/workflows/repo-assist.md@c02eadfca420f2b351f9fcaee883c507a63ca316,ok,githubnext/agentics/workflows/repo-assist.md,githubnext/agentics/workflows/repo-assist.md,githubnext/agentics/workflows/repo-assist.md,False,c7d030cd6d4607b90d9ac3ffc8b24aff4f251632,2026-05-09 12:20:41+00:00,25.0,25.0,1.0,1.0
1451,332,fslaborg/Deedle,fslaborg,repo-assist.md,12,2026-06-12 18:21:29+00:00,False,githubnext/agentics/workflows/repo-assist.md@e15e57b40918dbca11b350c55d02ab61934afa75,ok,githubnext/agentics/workflows/repo-assist.md,githubnext/agentics/workflows/repo-assist.md,githubnext/agentics/workflows/repo-assist.md,False,c7d030cd6d4607b90d9ac3ffc8b24aff4f251632,2026-05-09 12:20:41+00:00,25.0,25.0,1.0,1.0
1452,333,ionide/ionide-vscode-fsharp,ionide,repo-assist.md,1,2026-02-22 17:47:10+00:00,False,githubnext/agentics/workflows/repo-assist.md@595b7a9c567ba4dce05ca824aec6e74b4dc545b8,ok,githubnext/agentics/workflows/repo-assist.md,githubnext/agentics/workflows/repo-assist.md,githubnext/agentics/workflows/repo-assist.md,False,595b7a9c567ba4dce05ca824aec6e74b4dc545b8,2026-02-22 17:27:19+00:00,8.0,8.0,1.0,1.0
1453,333,ionide/ionide-vscode-fsharp,ionide,repo-assist.md,2,2026-02-22 18:23:20+00:00,False,githubnext/agentics/workflows/repo-assist.md@595b7a9c567ba4dce05ca824aec6e74b4dc545b8,ok,githubnext/agentics/workflows/repo-assist.md,githubnext/agentics/workflows/repo-assist.md,githubnext/agentics/workflows/repo-assist.md,False,595b7a9c567ba4dce05ca824aec6e74b4dc545b8,2026-02-22 17:27:19+00:00,8.0,9.0,1.0,1.0
1454,333,ionide/ionide-vscode-fsharp,ionide,repo-assist.md,3,2026-02-22 18:35:00+00:00,False,githubnext/agentics/workflows/repo-assist.md@de40494d3f62516449f458c4f8d8d2fe370708fe,ok,githubnext/agentics/workflows/repo-assist.md,githubnext/agentics/workflows/repo-assist.md,githubnext/agentics/workflows/repo-assist.md,False,de40494d3f62516449f458c4f8d8d2fe370708fe,2026-02-22 18:34:24+00:00,11.0,11.0,1.0,1.0
1455,333,ionide/ionide-vscode-fsharp,ionide,repo-assist.md,4,2026-02-22 18:54:35+00:00,False,githubnext/agentics/workflows/repo-assist.md@ee50a3b7d1d3eb4a8c409ac9409fd61c9a66b0f5,ok,githubnext/agentics/workflows/repo-assist.md,githubnext/agentics/workflows/repo-assist.md,githubnext/agentics/workflows/repo-assist.md,False,ee50a3b7d1d3eb4a8c409ac9409fd61c9a66b0f5,2026-02-22 18:54:03+00:00,12.0,12.0,1.0,1.0
1456,333,ionide/ionide-vscode-fsharp,ionide,repo-assist.md,5,2026-02-22 22:44:18+00:00,False,githubnext/agentics/workflows/repo-assist.md@828ac109efb43990f59475cbfce90ede5546586c,ok,githubnext/agentics/workflows/repo-assist.md,githubnext/agentics/workflows/repo-assist.md,githubnext/agentics/workflows/repo-assist.md,False,828ac109efb43990f59475cbfce90ede5546586c,2026-02-22 22:43:36+00:00,13.0,13.0,1.0,1.0
1457,333,ionide/ionide-vscode-fsharp,ionide,repo-assist.md,6,2026-02-24 04:18:37+00:00,False,githubnext/agentics/workflows/repo-assist.md@b0e9cfd3a20372ce7fe0462bb7bbca2272df4a88,ok,githubnext/agentics/workflows/repo-assist.md,githubnext/agentics/workflows/repo-assist.md,githubnext/agentics/workflows/repo-assist.md,False,2f03fdaafb8c1ae62dfde7e0be762a822a201aeb,2026-02-23 19:47:18+00:00,14.0,15.0,1.0,1.0
1458,333,ionide/ionide-vscode-fsharp,ionide,repo-assist.md,7,2026-02-24 19:09:53+00:00,False,githubnext/agentics/workflows/repo-assist.md@b87234850bf9664d198f28a02df0f937d0447295,ok,githubnext/agentics/workflows/repo-assist.md,githubnext/agentics/workflows/repo-assist.md,githubnext/agentics/workflows/repo-assist.md,False,2f03fdaafb8c1ae62dfde7e0be762a822a201aeb,2026-02-23 19:47:18+00:00,14.0,15.0,1.0,1.0
1459,333,ionide/ionide-vscode-fsharp,ionide,repo-assist.md,8,2026-02-25 19:22:00+00:00,False,githubnext/agentics/workflows/repo-assist.md@f2c5cf1e4af58e09a93ba0703c6bf084711b265f,ok,githubnext/agentics/workflows/repo-assist.md,githubnext/agentics/workflows/repo-assist.md,githubnext/agentics/workflows/repo-assist.md,False,dcdcfd1fff79a8908465335200473a87fdee86f4,2026-02-25 19:20:49+00:00,16.0,16.0,1.0,1.0
1460,333,ionide/ionide-vscode-fsharp,ionide,repo-assist.md,9,2026-02-26 11:35:54+00:00,False,githubnext/agentics/workflows/repo-assist.md@69c1ee19e39e6aaba35519aafefb5cbf314de323,ok,githubnext/agentics/workflows/repo-assist.md,githubnext/agentics/workflows/repo-assist.md,githubnext/agentics/workflows/repo-assist.md,False,69c1ee19e39e6aaba35519aafefb5cbf314de323,2026-02-26 11:32:52+00:00,17.0,17.0,1.0,1.0
1461,333,ionide/ionide-vscode-fsharp,ionide,repo-assist.md,10,2026-02-26 13:41:33+00:00,False,githubnext/agentics/workflows/repo-assist.md@afb00b92a9514fee9a14c583f059a03d05738f70,ok,githubnext/agentics/workflows/repo-assist.md,githubnext/agentics/workflows/repo-assist.md,githubnext/agentics/workflows/repo-assist.md,False,afb00b92a9514fee9a14c583f059a03d05738f70,2026-02-26 13:40:39+00:00,18.0,18.0,1.0,1.0
1462,333,ionide/ionide-vscode-fsharp,ionide,repo-assist.md,11,2026-03-01 01:27:58+00:00,False,githubnext/agentics/workflows/repo-assist.md@da02dddebe71d9a937665abdcd1f5214dab852a7,ok,githubnext/agentics/workflows/repo-assist.md,githubnext/agentics/workflows/repo-assist.md,githubnext/agentics/workflows/repo-assist.md,False,afb00b92a9514fee9a14c583f059a03d05738f70,2026-02-26 13:40:39+00:00,18.0,18.0,1.0,1.0
1463,333,ionide/ionide-vscode-fsharp,ionide,repo-assist.md,12,2026-03-03 23:38:59+00:00,False,githubnext/agentics/workflows/repo-assist.md@10f087607af87e4e89439161f1e5d4724235f396,ok,githubnext/agentics/workflows/repo-assist.md,githubnext/agentics/workflows/repo-assist.md,githubnext/agentics/workflows/repo-assist.md,False,afb00b92a9514fee9a14c583f059a03d05738f70,2026-02-26 13:40:39+00:00,18.0,18.0,1.0,1.0
1464,333,ionide/ionide-vscode-fsharp,ionide,repo-assist.md,13,2026-03-07 00:17:20+00:00,False,githubnext/agentics/workflows/repo-assist.md@69dc52f93e6abaaeb199c24e22b401f5bb1bac6f,ok,githubnext/agentics/workflows/repo-assist.md,githubnext/agentics/workflows/repo-assist.md,githubnext/agentics/workflows/repo-assist.md,False,69dc52f93e6abaaeb199c24e22b401f5bb1bac6f,2026-03-07 00:06:02+00:00,19.0,19.0,1.0,1.0
1465,333,ionide/ionide-vscode-fsharp,ionide,repo-assist.md,14,2026-03-07 00:18:06+00:00,False,githubnext/agentics/workflows/repo-assist.md@69dc52f93e6abaaeb199c24e22b401f5bb1bac6f,ok,githubnext/agentics/workflows/repo-assist.md,githubnext/agentics/workflows/repo-assist.md,githubnext/agentics/workflows/repo-assist.md,False,69dc52f93e6abaaeb199c24e22b401f5bb1bac6f,2026-03-07 00:06:02+00:00,19.0,19.0,1.0,1.0
1466,333,ionide/ionide-vscode-fsharp,ionide,repo-assist.md,15,2026-03-07 00:35:54+00:00,False,githubnext/agentics/workflows/repo-assist.md@8e6d7c86bba37371d2d0eee1a23563db3e561eb5,ok,githubnext/agentics/workflows/repo-assist.md,githubnext/agentics/workflows/repo-assist.md,githubnext/agentics/workflows/repo-assist.md,False,69dc52f93e6abaaeb199c24e22b401f5bb1bac6f,2026-03-07 00:06:02+00:00,19.0,19.0,1.0,1.0
1467,333,ionide/ionide-vscode-fsharp,ionide,repo-assist.md,16,2026-03-08 22:34:12+00:00,False,githubnext/agentics/workflows/repo-assist.md@346204513ecfa08b81566450d7d599556807389f,ok,githubnext/agentics/workflows/repo-assist.md,githubnext/agentics/workflows/repo-assist.md,githubnext/agentics/workflows/repo-assist.md,False,0ae10905c47f310d0ed58a020a4e611c0f890442,2026-03-08 00:31:06+00:00,22.0,22.0,1.0,1.0
1468,333,ionide/ionide-vscode-fsharp,ionide,repo-assist.md,17,2026-03-19 02:17:02+00:00,False,githubnext/agentics/workflows/repo-assist.md@d7e73661688ef2fdea152135a791e28008f73ebd,ok,githubnext/agentics/workflows/repo-assist.md,githubnext/agentics/workflows/repo-assist.md,githubnext/agentics/workflows/repo-assist.md,False,0ae10905c47f310d0ed58a020a4e611c0f890442,2026-03-08 00:31:06+00:00,22.0,22.0,1.0,1.0
1469,333,ionide/ionide-vscode-fsharp,ionide,repo-assist.md,18,2026-03-19 03:28:19+00:00,False,githubnext/agentics/workflows/repo-assist.md@d1d884596e62351dd652ae78465885dd32f0dd7d,ok,githubnext/agentics/workflows/repo-assist.md,githubnext/agentics/workflows/repo-assist.md,githubnext/agentics/workflows/repo-assist.md,False,0ae10905c47f310d0ed58a020a4e611c0f890442,2026-03-08 00:31:06+00:00,22.0,22.0,1.0,1.0
1470,333,ionide/ionide-vscode-fsharp,ionide,repo-assist.md,19,2026-03-23 19:14:28+00:00,False,githubnext/agentics/workflows/repo-assist.md@4957663821dbb3260348084fa2f1659701950fef,ok,githubnext/agentics/workflows/repo-assist.md,githubnext/agentics/workflows/repo-assist.md,githubnext/agentics/workflows/repo-assist.md,False,0ae10905c47f310d0ed58a020a4e611c0f890442,2026-03-08 00:31:06+00:00,22.0,22.0,1.0,1.0
1471,333,ionide/ionide-vscode-fsharp,ionide,repo-assist.md,20,2026-03-26 23:23:09+00:00,False,githubnext/agentics/workflows/repo-assist.md@1f672aef974f4246124860fc532f82fe8a93a57e,ok,githubnext/agentics/workflows/repo-assist.md,githubnext/agentics/workflows/repo-assist.md,githubnext/agentics/workflows/repo-assist.md,False,0ae10905c47f310d0ed58a020a4e611c0f890442,2026-03-08 00:31:06+00:00,22.0,22.0,1.0,1.0
1472,333,ionide/ionide-vscode-fsharp,ionide,repo-assist.md,21,2026-04-01 17:53:11+00:00,False,githubnext/agentics/workflows/repo-assist.md@e1ecf341a90b7bc2021e77c58685d7e269e20b99,ok,githubnext/agentics/workflows/repo-assist.md,githubnext/agentics/workflows/repo-assist.md,githubnext/agentics/workflows/repo-assist.md,False,0ae10905c47f310d0ed58a020a4e611c0f890442,2026-03-08 00:31:06+00:00,22.0,22.0,1.0,1.0
1473,333,ionide/ionide-vscode-fsharp,ionide,repo-assist.md,22,2026-04-03 00:43:18+00:00,False,githubnext/agentics/workflows/repo-assist.md@4ea8c81959909f40373e2a5c2b7fdb54ea19e0a5,ok,githubnext/agentics/workflows/repo-assist.md,githubnext/agentics/workflows/repo-assist.md,githubnext/agentics/workflows/repo-assist.md,False,0ae10905c47f310d0ed58a020a4e611c0f890442,2026-03-08 00:31:06+00:00,22.0,22.0,1.0,1.0
1474,333,ionide/ionide-vscode-fsharp,ionide,repo-assist.md,23,2026-04-04 14:51:36+00:00,False,githubnext/agentics/workflows/repo-assist.md@7ee2b60744abf71b985bead4599640f165edcd93,ok,githubnext/agentics/workflows/repo-assist.md,githubnext/agentics/workflows/repo-assist.md,githubnext/agentics/workflows/repo-assist.md,False,0ae10905c47f310d0ed58a020a4e611c0f890442,2026-03-08 00:31:06+00:00,22.0,22.0,1.0,1.0
1475,333,ionide/ionide-vscode-fsharp,ionide,repo-assist.md,24,2026-04-12 04:46:16+00:00,False,githubnext/agentics/workflows/repo-assist.md@97143ac59cb3a13ef2a77581f929f06719c7402a,ok,githubnext/agentics/workflows/repo-assist.md,githubnext/agentics/workflows/repo-assist.md,githubnext/agentics/workflows/repo-assist.md,False,0ae10905c47f310d0ed58a020a4e611c0f890442,2026-03-08 00:31:06+00:00,22.0,22.0,1.0,1.0
1476,333,ionide/ionide-vscode-fsharp,ionide,repo-assist.md,25,2026-04-20 02:55:14+00:00,False,githubnext/agentics/workflows/repo-assist.md@96b9d4c39aa22359c0b38265927eadb31dcf4e2a,ok,githubnext/agentics/workflows/repo-assist.md,githubnext/agentics/workflows/repo-assist.md,githubnext/agentics/workflows/repo-assist.md,False,0ae10905c47f310d0ed58a020a4e611c0f890442,2026-03-08 00:31:06+00:00,22.0,22.0,1.0,1.0
1477,333,ionide/ionide-vscode-fsharp,ionide,repo-assist.md,26,2026-05-06 12:30:21+00:00,False,githubnext/agentics/workflows/repo-assist.md@fc4ab36dedc44e2a1cdc195cecce262f06c81230,ok,githubnext/agentics/workflows/repo-assist.md,githubnext/agentics/workflows/repo-assist.md,githubnext/agentics/workflows/repo-assist.md,False,f2cfb4fb924dbd58ea9b4235d18e905c9040b0ca,2026-04-30 09:16:02+00:00,23.0,23.0,1.0,1.0
1478,333,ionide/ionide-vscode-fsharp,ionide,repo-assist.md,27,2026-05-09 12:26:05+00:00,False,githubnext/agentics/workflows/repo-assist.md@c7d030cd6d4607b90d9ac3ffc8b24aff4f251632,ok,githubnext/agentics/workflows/repo-assist.md,githubnext/agentics/workflows/repo-assist.md,githubnext/agentics/workflows/repo-assist.md,False,c7d030cd6d4607b90d9ac3ffc8b24aff4f251632,2026-05-09 12:20:41+00:00,25.0,25.0,1.0,1.0
1479,333,ionide/ionide-vscode-fsharp,ionide,repo-assist.md,28,2026-06-03 14:36:56+00:00,False,githubnext/agentics/workflows/repo-assist.md@c02eadfca420f2b351f9fcaee883c507a63ca316,ok,githubnext/agentics/workflows/repo-assist.md,githubnext/agentics/workflows/repo-assist.md,githubnext/agentics/workflows/repo-assist.md,False,c7d030cd6d4607b90d9ac3ffc8b24aff4f251632,2026-05-09 12:20:41+00:00,25.0,25.0,1.0,1.0
1480,333,ionide/ionide-vscode-fsharp,ionide,repo-assist.md,29,2026-06-12 18:20:56+00:00,False,githubnext/agentics/workflows/repo-assist.md@e15e57b40918dbca11b350c55d02ab61934afa75,ok,githubnext/agentics/workflows/repo-assist.md,githubnext/agentics/workflows/repo-assist.md,githubnext/agentics/workflows/repo-assist.md,False,c7d030cd6d4607b90d9ac3ffc8b24aff4f251632,2026-05-09 12:20:41+00:00,25.0,25.0,1.0,1.0
1481,334,fsprojects/fantomas,fsprojects,repo-assist.md,1,2026-02-23 13:53:02+00:00,False,githubnext/agentics/workflows/repo-assist.md@828ac109efb43990f59475cbfce90ede5546586c,ok,githubnext/agentics/workflows/repo-assist.md,githubnext/agentics/workflows/repo-assist.md,githubnext/agentics/workflows/repo-assist.md,False,828ac109efb43990f59475cbfce90ede5546586c,2026-02-22 22:43:36+00:00,13.0,13.0,1.0,1.0
1482,334,fsprojects/fantomas,fsprojects,repo-assist.md,2,2026-02-23 14:03:17+00:00,False,githubnext/agentics/workflows/repo-assist.md@828ac109efb43990f59475cbfce90ede5546586c,ok,githubnext/agentics/workflows/repo-assist.md,githubnext/agentics/workflows/repo-assist.md,githubnext/agentics/workflows/repo-assist.md,False,828ac109efb43990f59475cbfce90ede5546586c,2026-02-22 22:43:36+00:00,13.0,13.0,0.908,0.908
1483,334,fsprojects/fantomas,fsprojects,repo-assist.md,3,2026-02-23 14:27:38+00:00,False,githubnext/agentics/workflows/repo-assist.md@828ac109efb43990f59475cbfce90ede5546586c,ok,githubnext/agentics/workflows/repo-assist.md,githubnext/agentics/workflows/repo-assist.md,githubnext/agentics/workflows/repo-assist.md,False,828ac109efb43990f59475cbfce90ede5546586c,2026-02-22 22:43:36+00:00,13.0,13.0,0.856,0.856
1484,334,fsprojects/fantomas,fsprojects,repo-assist.md,4,2026-02-26 11:35:17+00:00,False,githubnext/agentics/workflows/repo-assist.md@69c1ee19e39e6aaba35519aafefb5cbf314de323,ok,githubnext/agentics/workflows/repo-assist.md,githubnext/agentics/workflows/repo-assist.md,githubnext/agentics/workflows/repo-assist.md,False,69c1ee19e39e6aaba35519aafefb5cbf314de323,2026-02-26 11:32:52+00:00,17.0,17.0,0.8805,0.8805
1485,334,fsprojects/fantomas,fsprojects,repo-assist.md,5,2026-02-26 13:41:04+00:00,False,githubnext/agentics/workflows/repo-assist.md@afb00b92a9514fee9a14c583f059a03d05738f70,ok,githubnext/agentics/workflows/repo-assist.md,githubnext/agentics/workflows/repo-assist.md,githubnext/agentics/workflows/repo-assist.md,False,afb00b92a9514fee9a14c583f059a03d05738f70,2026-02-26 13:40:39+00:00,18.0,18.0,0.885,0.885
1486,334,fsprojects/fantomas,fsprojects,repo-assist.md,6,2026-03-01 01:26:15+00:00,False,githubnext/agentics/workflows/repo-assist.md@da02dddebe71d9a937665abdcd1f5214dab852a7,ok,githubnext/agentics/workflows/repo-assist.md,githubnext/agentics/workflows/repo-assist.md,githubnext/agentics/workflows/repo-assist.md,False,afb00b92a9514fee9a14c583f059a03d05738f70,2026-02-26 13:40:39+00:00,18.0,18.0,0.885,0.885
1487,334,fsprojects/fantomas,fsprojects,repo-assist.md,7,2026-03-03 23:37:18+00:00,False,githubnext/agentics/workflows/repo-assist.md@10f087607af87e4e89439161f1e5d4724235f396,ok,githubnext/agentics/workflows/repo-assist.md,githubnext/agentics/workflows/repo-assist.md,githubnext/agentics/workflows/repo-assist.md,False,afb00b92a9514fee9a14c583f059a03d05738f70,2026-02-26 13:40:39+00:00,18.0,18.0,0.885,0.885
1488,334,fsprojects/fantomas,fsprojects,repo-assist.md,8,2026-03-07 00:06:44+00:00,False,githubnext/agentics/workflows/repo-assist.md@69dc52f93e6abaaeb199c24e22b401f5bb1bac6f,ok,githubnext/agentics/workflows/repo-assist.md,githubnext/agentics/workflows/repo-assist.md,githubnext/agentics/workflows/repo-assist.md,False,69dc52f93e6abaaeb199c24e22b401f5bb1bac6f,2026-03-07 00:06:02+00:00,19.0,19.0,0.8295,0.8295
1489,334,fsprojects/fantomas,fsprojects,repo-assist.md,9,2026-03-07 00:09:32+00:00,False,githubnext/agentics/workflows/repo-assist.md@69dc52f93e6abaaeb199c24e22b401f5bb1bac6f,ok,githubnext/agentics/workflows/repo-assist.md,githubnext/agentics/workflows/repo-assist.md,githubnext/agentics/workflows/repo-assist.md,False,69dc52f93e6abaaeb199c24e22b401f5bb1bac6f,2026-03-07 00:06:02+00:00,19.0,19.0,0.8806,0.8806
1490,334,fsprojects/fantomas,fsprojects,repo-assist.md,10,2026-03-07 00:34:48+00:00,False,githubnext/agentics/workflows/repo-assist.md@8e6d7c86bba37371d2d0eee1a23563db3e561eb5,ok,githubnext/agentics/workflows/repo-assist.md,githubnext/agentics/workflows/repo-assist.md,githubnext/agentics/workflows/repo-assist.md,False,69dc52f93e6abaaeb199c24e22b401f5bb1bac6f,2026-03-07 00:06:02+00:00,19.0,19.0,0.8806,0.8806
1491,334,fsprojects/fantomas,fsprojects,repo-assist.md,11,2026-03-07 13:00:00+00:00,False,githubnext/agentics/workflows/repo-assist.md@8e6d7c86bba37371d2d0eee1a23563db3e561eb5,ok,githubnext/agentics/workflows/repo-assist.md,githubnext/agentics/workflows/repo-assist.md,githubnext/agentics/workflows/repo-assist.md,False,69dc52f93e6abaaeb199c24e22b401f5bb1bac6f,2026-03-07 00:06:02+00:00,19.0,19.0,0.7242,0.7242
1492,334,fsprojects/fantomas,fsprojects,repo-assist.md,12,2026-03-08 22:31:02+00:00,False,githubnext/agentics/workflows/repo-assist.md@346204513ecfa08b81566450d7d599556807389f,ok,githubnext/agentics/workflows/repo-assist.md,githubnext/agentics/workflows/repo-assist.md,githubnext/agentics/workflows/repo-assist.md,False,0ae10905c47f310d0ed58a020a4e611c0f890442,2026-03-08 00:31:06+00:00,22.0,22.0,0.7271,0.7271
1493,334,fsprojects/fantomas,fsprojects,repo-assist.md,13,2026-03-09 08:10:06+00:00,False,githubnext/agentics/workflows/repo-assist.md@346204513ecfa08b81566450d7d599556807389f,ok,githubnext/agentics/workflows/repo-assist.md,githubnext/agentics/workflows/repo-assist.md,githubnext/agentics/workflows/repo-assist.md,False,0ae10905c47f310d0ed58a020a4e611c0f890442,2026-03-08 00:31:06+00:00,22.0,22.0,0.7271,0.7271
1494,334,fsprojects/fantomas,fsprojects,repo-assist.md,14,2026-03-19 02:09:18+00:00,False,githubnext/agentics/workflows/repo-assist.md@d7e73661688ef2fdea152135a791e28008f73ebd,ok,githubnext/agentics/workflows/repo-assist.md,githubnext/agentics/workflows/repo-assist.md,githubnext/agentics/workflows/repo-assist.md,False,0ae10905c47f310d0ed58a020a4e611c0f890442,2026-03-08 00:31:06+00:00,22.0,22.0,0.7271,0.7271
1495,334,fsprojects/fantomas,fsprojects,repo-assist.md,15,2026-03-19 03:22:33+00:00,False,githubnext/agentics/workflows/repo-assist.md@4d3e9114a41286c2ccaae143f2ac542470e9686e,ok,githubnext/agentics/workflows/repo-assist.md,githubnext/agentics/workflows/repo-assist.md,githubnext/agentics/workflows/repo-assist.md,False,0ae10905c47f310d0ed58a020a4e611c0f890442,2026-03-08 00:31:06+00:00,22.0,22.0,0.7271,0.7271
1496,334,fsprojects/fantomas,fsprojects,repo-assist.md,16,2026-03-19 03:25:20+00:00,False,githubnext/agentics/workflows/repo-assist.md@d1d884596e62351dd652ae78465885dd32f0dd7d,ok,githubnext/agentics/workflows/repo-assist.md,githubnext/agentics/workflows/repo-assist.md,githubnext/agentics/workflows/repo-assist.md,False,0ae10905c47f310d0ed58a020a4e611c0f890442,2026-03-08 00:31:06+00:00,22.0,22.0,0.7271,0.7271
1497,334,fsprojects/fantomas,fsprojects,repo-assist.md,17,2026-03-23 19:09:53+00:00,False,githubnext/agentics/workflows/repo-assist.md@4957663821dbb3260348084fa2f1659701950fef,ok,githubnext/agentics/workflows/repo-assist.md,githubnext/agentics/workflows/repo-assist.md,githubnext/agentics/workflows/repo-assist.md,False,0ae10905c47f310d0ed58a020a4e611c0f890442,2026-03-08 00:31:06+00:00,22.0,22.0,0.7271,0.7271
1498,334,fsprojects/fantomas,fsprojects,repo-assist.md,18,2026-03-26 23:21:26+00:00,False,githubnext/agentics/workflows/repo-assist.md@1f672aef974f4246124860fc532f82fe8a93a57e,ok,githubnext/agentics/workflows/repo-assist.md,githubnext/agentics/workflows/repo-assist.md,githubnext/agentics/workflows/repo-assist.md,False,0ae10905c47f310d0ed58a020a4e611c0f890442,2026-03-08 00:31:06+00:00,22.0,22.0,0.7271,0.7271
1499,334,fsprojects/fantomas,fsprojects,repo-assist.md,19,2026-04-01 16:09:40+00:00,False,githubnext/agentics/workflows/repo-assist.md@1f672aef974f4246124860fc532f82fe8a93a57e,ok,githubnext/agentics/workflows/repo-assist.md,githubnext/agentics/workflows/repo-assist.md,githubnext/agentics/workflows/repo-assist.md,False,0ae10905c47f310d0ed58a020a4e611c0f890442,2026-03-08 00:31:06+00:00,22.0,22.0,0.7271,0.7271
1500,334,fsprojects/fantomas,fsprojects,repo-assist.md,20,2026-04-01 17:51:02+00:00,False,githubnext/agentics/workflows/repo-assist.md@e1ecf341a90b7bc2021e77c58685d7e269e20b99,ok,githubnext/agentics/workflows/repo-assist.md,githubnext/agentics/workflows/repo-assist.md,githubnext/agentics/workflows/repo-assist.md,False,0ae10905c47f310d0ed58a020a4e611c0f890442,2026-03-08 00:31:06+00:00,22.0,22.0,0.7271,0.7271
1501,334,fsprojects/fantomas,fsprojects,repo-assist.md,21,2026-04-03 00:38:21+00:00,False,githubnext/agentics/workflows/repo-assist.md@4ea8c81959909f40373e2a5c2b7fdb54ea19e0a5,ok,githubnext/agentics/workflows/repo-assist.md,githubnext/agentics/workflows/repo-assist.md,githubnext/agentics/workflows/repo-assist.md,False,0ae10905c47f310d0ed58a020a4e611c0f890442,2026-03-08 00:31:06+00:00,22.0,22.0,0.7271,0.7271
1502,334,fsprojects/fantomas,fsprojects,repo-assist.md,22,2026-04-04 14:49:53+00:00,False,githubnext/agentics/workflows/repo-assist.md@7ee2b60744abf71b985bead4599640f165edcd93,ok,githubnext/agentics/workflows/repo-assist.md,githubnext/agentics/workflows/repo-assist.md,githubnext/agentics/workflows/repo-assist.md,False,0ae10905c47f310d0ed58a020a4e611c0f890442,2026-03-08 00:31:06+00:00,22.0,22.0,0.7271,0.7271
1503,334,fsprojects/fantomas,fsprojects,repo-assist.md,23,2026-04-12 04:11:00+00:00,False,githubnext/agentics/workflows/repo-assist.md@97143ac59cb3a13ef2a77581f929f06719c7402a,ok,githubnext/agentics/workflows/repo-assist.md,githubnext/agentics/workflows/repo-assist.md,githubnext/agentics/workflows/repo-assist.md,False,0ae10905c47f310d0ed58a020a4e611c0f890442,2026-03-08 00:31:06+00:00,22.0,22.0,0.7271,0.7271
1504,334,fsprojects/fantomas,fsprojects,repo-assist.md,24,2026-04-20 02:51:27+00:00,False,githubnext/agentics/workflows/repo-assist.md@96b9d4c39aa22359c0b38265927eadb31dcf4e2a,ok,githubnext/agentics/workflows/repo-assist.md,githubnext/agentics/workflows/repo-assist.md,githubnext/agentics/workflows/repo-assist.md,False,0ae10905c47f310d0ed58a020a4e611c0f890442,2026-03-08 00:31:06+00:00,22.0,22.0,0.7271,0.7271
1505,334,fsprojects/fantomas,fsprojects,repo-assist.md,25,2026-04-21 06:41:10+00:00,False,githubnext/agentics/workflows/repo-assist.md@96b9d4c39aa22359c0b38265927eadb31dcf4e2a,ok,githubnext/agentics/workflows/repo-assist.md,githubnext/agentics/workflows/repo-assist.md,githubnext/agentics/workflows/repo-assist.md,False,0ae10905c47f310d0ed58a020a4e611c0f890442,2026-03-08 00:31:06+00:00,22.0,22.0,0.7262,0.7262
1506,334,fsprojects/fantomas,fsprojects,repo-assist.md,26,2026-05-06 12:24:29+00:00,False,githubnext/agentics/workflows/repo-assist.md@fc4ab36dedc44e2a1cdc195cecce262f06c81230,ok,githubnext/agentics/workflows/repo-assist.md,githubnext/agentics/workflows/repo-assist.md,githubnext/agentics/workflows/repo-assist.md,False,f2cfb4fb924dbd58ea9b4235d18e905c9040b0ca,2026-04-30 09:16:02+00:00,23.0,23.0,0.7414,0.7414
1507,334,fsprojects/fantomas,fsprojects,repo-assist.md,27,2026-05-06 12:26:24+00:00,False,githubnext/agentics/workflows/repo-assist.md@fc4ab36dedc44e2a1cdc195cecce262f06c81230,ok,githubnext/agentics/workflows/repo-assist.md,githubnext/agentics/workflows/repo-assist.md,githubnext/agentics/workflows/repo-assist.md,False,f2cfb4fb924dbd58ea9b4235d18e905c9040b0ca,2026-04-30 09:16:02+00:00,23.0,23.0,0.7413,0.7413
1508,334,fsprojects/fantomas,fsprojects,repo-assist.md,28,2026-05-09 12:22:42+00:00,False,githubnext/agentics/workflows/repo-assist.md@c7d030cd6d4607b90d9ac3ffc8b24aff4f251632,ok,githubnext/agentics/workflows/repo-assist.md,githubnext/agentics/workflows/repo-assist.md,githubnext/agentics/workflows/repo-assist.md,False,c7d030cd6d4607b90d9ac3ffc8b24aff4f251632,2026-05-09 12:20:41+00:00,25.0,25.0,0.7431,0.7431
1509,334,fsprojects/fantomas,fsprojects,repo-assist.md,29,2026-06-03 14:31:28+00:00,False,githubnext/agentics/workflows/repo-assist.md@c02eadfca420f2b351f9fcaee883c507a63ca316,ok,githubnext/agentics/workflows/repo-assist.md,githubnext/agentics/workflows/repo-assist.md,githubnext/agentics/workflows/repo-assist.md,False,c7d030cd6d4607b90d9ac3ffc8b24aff4f251632,2026-05-09 12:20:41+00:00,25.0,25.0,0.7431,0.7431
1510,334,fsprojects/fantomas,fsprojects,repo-assist.md,30,2026-06-12 18:17:24+00:00,False,githubnext/agentics/workflows/repo-assist.md@e15e57b40918dbca11b350c55d02ab61934afa75,ok,githubnext/agentics/workflows/repo-assist.md,githubnext/agentics/workflows/repo-assist.md,githubnext/agentics/workflows/repo-assist.md,False,c7d030cd6d4607b90d9ac3ffc8b24aff4f251632,2026-05-09 12:20:41+00:00,25.0,25.0,0.7431,0.7431
1511,335,fsprojects/FSharp.Formatting,fsprojects,repo-assist.md,1,2026-02-21 23:57:10+00:00,False,githubnext/agentics/workflows/repo-assist.md@4cb6855f0b3c0a719d7d5c3af44d1646450e63e9,ok,githubnext/agentics/workflows/repo-assist.md,githubnext/agentics/workflows/repo-assist.md,githubnext/agentics/workflows/repo-assist.md,False,4cb6855f0b3c0a719d7d5c3af44d1646450e63e9,2026-02-21 18:46:49+00:00,4.0,4.0,1.0,1.0
1512,335,fsprojects/FSharp.Formatting,fsprojects,repo-assist.md,2,2026-02-21 23:58:28+00:00,False,githubnext/agentics/workflows/repo-assist.md@4cb6855f0b3c0a719d7d5c3af44d1646450e63e9,ok,githubnext/agentics/workflows/repo-assist.md,githubnext/agentics/workflows/repo-assist.md,githubnext/agentics/workflows/repo-assist.md,False,4cb6855f0b3c0a719d7d5c3af44d1646450e63e9,2026-02-21 18:46:49+00:00,4.0,4.0,1.0,1.0
1513,335,fsprojects/FSharp.Formatting,fsprojects,repo-assist.md,3,2026-02-22 00:16:32+00:00,False,githubnext/agentics/workflows/repo-assist.md@b0296681ad309e6455276244363810b1e7d98335,ok,githubnext/agentics/workflows/repo-assist.md,githubnext/agentics/workflows/repo-assist.md,githubnext/agentics/workflows/repo-assist.md,False,4cb6855f0b3c0a719d7d5c3af44d1646450e63e9,2026-02-21 18:46:49+00:00,4.0,5.0,0.9941,1.0
1514,335,fsprojects/FSharp.Formatting,fsprojects,repo-assist.md,4,2026-02-22 08:17:07+00:00,False,githubnext/agentics/workflows/repo-assist.md@077cdbca7864e820e3425e9598cf1269d3dce05a,ok,githubnext/agentics/workflows/repo-assist.md,githubnext/agentics/workflows/repo-assist.md,githubnext/agentics/workflows/repo-assist.md,False,077cdbca7864e820e3425e9598cf1269d3dce05a,2026-02-22 08:11:47+00:00,6.0,6.0,1.0,1.0
1515,335,fsprojects/FSharp.Formatting,fsprojects,repo-assist.md,5,2026-02-22 16:28:24+00:00,False,githubnext/agentics/workflows/repo-assist.md@0d6e8cf9db90470cd5477c6a40b350fd9f9e1422,ok,githubnext/agentics/workflows/repo-assist.md,githubnext/agentics/workflows/repo-assist.md,githubnext/agentics/workflows/repo-assist.md,False,0d6e8cf9db90470cd5477c6a40b350fd9f9e1422,2026-02-22 16:26:08+00:00,7.0,7.0,1.0,1.0
1516,335,fsprojects/FSharp.Formatting,fsprojects,repo-assist.md,6,2026-02-22 17:57:30+00:00,False,githubnext/agentics/workflows/repo-assist.md@595b7a9c567ba4dce05ca824aec6e74b4dc545b8,ok,githubnext/agentics/workflows/repo-assist.md,githubnext/agentics/workflows/repo-assist.md,githubnext/agentics/workflows/repo-assist.md,False,595b7a9c567ba4dce05ca824aec6e74b4dc545b8,2026-02-22 17:27:19+00:00,8.0,9.0,1.0,1.0
1517,335,fsprojects/FSharp.Formatting,fsprojects,repo-assist.md,7,2026-02-22 18:34:49+00:00,False,githubnext/agentics/workflows/repo-assist.md@de40494d3f62516449f458c4f8d8d2fe370708fe,ok,githubnext/agentics/workflows/repo-assist.md,githubnext/agentics/workflows/repo-assist.md,githubnext/agentics/workflows/repo-assist.md,False,de40494d3f62516449f458c4f8d8d2fe370708fe,2026-02-22 18:34:24+00:00,11.0,11.0,1.0,1.0
1518,335,fsprojects/FSharp.Formatting,fsprojects,repo-assist.md,8,2026-02-22 18:54:25+00:00,False,githubnext/agentics/workflows/repo-assist.md@ee50a3b7d1d3eb4a8c409ac9409fd61c9a66b0f5,ok,githubnext/agentics/workflows/repo-assist.md,githubnext/agentics/workflows/repo-assist.md,githubnext/agentics/workflows/repo-assist.md,False,ee50a3b7d1d3eb4a8c409ac9409fd61c9a66b0f5,2026-02-22 18:54:03+00:00,12.0,12.0,1.0,1.0
1519,335,fsprojects/FSharp.Formatting,fsprojects,repo-assist.md,9,2026-02-22 22:44:03+00:00,False,githubnext/agentics/workflows/repo-assist.md@828ac109efb43990f59475cbfce90ede5546586c,ok,githubnext/agentics/workflows/repo-assist.md,githubnext/agentics/workflows/repo-assist.md,githubnext/agentics/workflows/repo-assist.md,False,828ac109efb43990f59475cbfce90ede5546586c,2026-02-22 22:43:36+00:00,13.0,13.0,1.0,1.0
1520,335,fsprojects/FSharp.Formatting,fsprojects,repo-assist.md,10,2026-02-24 04:17:52+00:00,False,githubnext/agentics/workflows/repo-assist.md@b0e9cfd3a20372ce7fe0462bb7bbca2272df4a88,ok,githubnext/agentics/workflows/repo-assist.md,githubnext/agentics/workflows/repo-assist.md,githubnext/agentics/workflows/repo-assist.md,False,2f03fdaafb8c1ae62dfde7e0be762a822a201aeb,2026-02-23 19:47:18+00:00,14.0,15.0,1.0,1.0
1521,335,fsprojects/FSharp.Formatting,fsprojects,repo-assist.md,11,2026-02-24 19:09:39+00:00,False,githubnext/agentics/workflows/repo-assist.md@b87234850bf9664d198f28a02df0f937d0447295,ok,githubnext/agentics/workflows/repo-assist.md,githubnext/agentics/workflows/repo-assist.md,githubnext/agentics/workflows/repo-assist.md,False,2f03fdaafb8c1ae62dfde7e0be762a822a201aeb,2026-02-23 19:47:18+00:00,14.0,15.0,1.0,1.0
1522,335,fsprojects/FSharp.Formatting,fsprojects,repo-assist.md,12,2026-02-25 19:21:48+00:00,False,githubnext/agentics/workflows/repo-assist.md@f2c5cf1e4af58e09a93ba0703c6bf084711b265f,ok,githubnext/agentics/workflows/repo-assist.md,githubnext/agentics/workflows/repo-assist.md,githubnext/agentics/workflows/repo-assist.md,False,dcdcfd1fff79a8908465335200473a87fdee86f4,2026-02-25 19:20:49+00:00,16.0,16.0,1.0,1.0
1523,335,fsprojects/FSharp.Formatting,fsprojects,repo-assist.md,13,2026-02-26 11:33:56+00:00,False,githubnext/agentics/workflows/repo-assist.md@69c1ee19e39e6aaba35519aafefb5cbf314de323,ok,githubnext/agentics/workflows/repo-assist.md,githubnext/agentics/workflows/repo-assist.md,githubnext/agentics/workflows/repo-assist.md,False,69c1ee19e39e6aaba35519aafefb5cbf314de323,2026-02-26 11:32:52+00:00,17.0,17.0,1.0,1.0
1524,335,fsprojects/FSharp.Formatting,fsprojects,repo-assist.md,14,2026-02-26 13:41:18+00:00,False,githubnext/agentics/workflows/repo-assist.md@afb00b92a9514fee9a14c583f059a03d05738f70,ok,githubnext/agentics/workflows/repo-assist.md,githubnext/agentics/workflows/repo-assist.md,githubnext/agentics/workflows/repo-assist.md,False,afb00b92a9514fee9a14c583f059a03d05738f70,2026-02-26 13:40:39+00:00,18.0,18.0,1.0,1.0
1525,335,fsprojects/FSharp.Formatting,fsprojects,repo-assist.md,15,2026-03-01 01:27:20+00:00,False,githubnext/agentics/workflows/repo-assist.md@da02dddebe71d9a937665abdcd1f5214dab852a7,ok,githubnext/agentics/workflows/repo-assist.md,githubnext/agentics/workflows/repo-assist.md,githubnext/agentics/workflows/repo-assist.md,False,afb00b92a9514fee9a14c583f059a03d05738f70,2026-02-26 13:40:39+00:00,18.0,18.0,1.0,1.0
1526,335,fsprojects/FSharp.Formatting,fsprojects,repo-assist.md,16,2026-03-03 23:38:13+00:00,False,githubnext/agentics/workflows/repo-assist.md@10f087607af87e4e89439161f1e5d4724235f396,ok,githubnext/agentics/workflows/repo-assist.md,githubnext/agentics/workflows/repo-assist.md,githubnext/agentics/workflows/repo-assist.md,False,afb00b92a9514fee9a14c583f059a03d05738f70,2026-02-26 13:40:39+00:00,18.0,18.0,1.0,1.0
1527,335,fsprojects/FSharp.Formatting,fsprojects,repo-assist.md,17,2026-03-07 00:14:56+00:00,False,githubnext/agentics/workflows/repo-assist.md@69dc52f93e6abaaeb199c24e22b401f5bb1bac6f,ok,githubnext/agentics/workflows/repo-assist.md,githubnext/agentics/workflows/repo-assist.md,githubnext/agentics/workflows/repo-assist.md,False,69dc52f93e6abaaeb199c24e22b401f5bb1bac6f,2026-03-07 00:06:02+00:00,19.0,19.0,1.0,1.0
1528,335,fsprojects/FSharp.Formatting,fsprojects,repo-assist.md,18,2026-03-07 00:15:40+00:00,False,githubnext/agentics/workflows/repo-assist.md@69dc52f93e6abaaeb199c24e22b401f5bb1bac6f,ok,githubnext/agentics/workflows/repo-assist.md,githubnext/agentics/workflows/repo-assist.md,githubnext/agentics/workflows/repo-assist.md,False,69dc52f93e6abaaeb199c24e22b401f5bb1bac6f,2026-03-07 00:06:02+00:00,19.0,19.0,1.0,1.0
1529,335,fsprojects/FSharp.Formatting,fsprojects,repo-assist.md,19,2026-03-07 00:35:27+00:00,False,githubnext/agentics/workflows/repo-assist.md@8e6d7c86bba37371d2d0eee1a23563db3e561eb5,ok,githubnext/agentics/workflows/repo-assist.md,githubnext/agentics/workflows/repo-assist.md,githubnext/agentics/workflows/repo-assist.md,False,69dc52f93e6abaaeb199c24e22b401f5bb1bac6f,2026-03-07 00:06:02+00:00,19.0,19.0,1.0,1.0
1530,335,fsprojects/FSharp.Formatting,fsprojects,repo-assist.md,20,2026-03-08 22:33:34+00:00,False,githubnext/agentics/workflows/repo-assist.md@346204513ecfa08b81566450d7d599556807389f,ok,githubnext/agentics/workflows/repo-assist.md,githubnext/agentics/workflows/repo-assist.md,githubnext/agentics/workflows/repo-assist.md,False,0ae10905c47f310d0ed58a020a4e611c0f890442,2026-03-08 00:31:06+00:00,22.0,22.0,1.0,1.0
1531,335,fsprojects/FSharp.Formatting,fsprojects,repo-assist.md,21,2026-03-19 02:14:36+00:00,False,githubnext/agentics/workflows/repo-assist.md@d7e73661688ef2fdea152135a791e28008f73ebd,ok,githubnext/agentics/workflows/repo-assist.md,githubnext/agentics/workflows/repo-assist.md,githubnext/agentics/workflows/repo-assist.md,False,0ae10905c47f310d0ed58a020a4e611c0f890442,2026-03-08 00:31:06+00:00,22.0,22.0,1.0,1.0
1532,335,fsprojects/FSharp.Formatting,fsprojects,repo-assist.md,22,2026-03-19 03:27:43+00:00,False,githubnext/agentics/workflows/repo-assist.md@d1d884596e62351dd652ae78465885dd32f0dd7d,ok,githubnext/agentics/workflows/repo-assist.md,githubnext/agentics/workflows/repo-assist.md,githubnext/agentics/workflows/repo-assist.md,False,0ae10905c47f310d0ed58a020a4e611c0f890442,2026-03-08 00:31:06+00:00,22.0,22.0,1.0,1.0
1533,335,fsprojects/FSharp.Formatting,fsprojects,repo-assist.md,23,2026-03-23 19:13:19+00:00,False,githubnext/agentics/workflows/repo-assist.md@4957663821dbb3260348084fa2f1659701950fef,ok,githubnext/agentics/workflows/repo-assist.md,githubnext/agentics/workflows/repo-assist.md,githubnext/agentics/workflows/repo-assist.md,False,0ae10905c47f310d0ed58a020a4e611c0f890442,2026-03-08 00:31:06+00:00,22.0,22.0,1.0,1.0
1534,335,fsprojects/FSharp.Formatting,fsprojects,repo-assist.md,24,2026-03-26 23:22:31+00:00,False,githubnext/agentics/workflows/repo-assist.md@1f672aef974f4246124860fc532f82fe8a93a57e,ok,githubnext/agentics/workflows/repo-assist.md,githubnext/agentics/workflows/repo-assist.md,githubnext/agentics/workflows/repo-assist.md,False,0ae10905c47f310d0ed58a020a4e611c0f890442,2026-03-08 00:31:06+00:00,22.0,22.0,1.0,1.0
1535,335,fsprojects/FSharp.Formatting,fsprojects,repo-assist.md,25,2026-04-01 17:52:33+00:00,False,githubnext/agentics/workflows/repo-assist.md@e1ecf341a90b7bc2021e77c58685d7e269e20b99,ok,githubnext/agentics/workflows/repo-assist.md,githubnext/agentics/workflows/repo-assist.md,githubnext/agentics/workflows/repo-assist.md,False,0ae10905c47f310d0ed58a020a4e611c0f890442,2026-03-08 00:31:06+00:00,22.0,22.0,1.0,1.0
1536,335,fsprojects/FSharp.Formatting,fsprojects,repo-assist.md,26,2026-04-12 04:45:44+00:00,False,githubnext/agentics/workflows/repo-assist.md@97143ac59cb3a13ef2a77581f929f06719c7402a,ok,githubnext/agentics/workflows/repo-assist.md,githubnext/agentics/workflows/repo-assist.md,githubnext/agentics/workflows/repo-assist.md,False,0ae10905c47f310d0ed58a020a4e611c0f890442,2026-03-08 00:31:06+00:00,22.0,22.0,1.0,1.0
1537,335,fsprojects/FSharp.Formatting,fsprojects,repo-assist.md,27,2026-04-20 02:53:57+00:00,False,githubnext/agentics/workflows/repo-assist.md@96b9d4c39aa22359c0b38265927eadb31dcf4e2a,ok,githubnext/agentics/workflows/repo-assist.md,githubnext/agentics/workflows/repo-assist.md,githubnext/agentics/workflows/repo-assist.md,False,0ae10905c47f310d0ed58a020a4e611c0f890442,2026-03-08 00:31:06+00:00,22.0,22.0,1.0,1.0
1538,335,fsprojects/FSharp.Formatting,fsprojects,repo-assist.md,28,2026-05-01 07:57:14+00:00,False,githubnext/agentics/workflows/repo-assist.md@96b9d4c39aa22359c0b38265927eadb31dcf4e2a,ok,githubnext/agentics/workflows/repo-assist.md,githubnext/agentics/workflows/repo-assist.md,githubnext/agentics/workflows/repo-assist.md,False,0ae10905c47f310d0ed58a020a4e611c0f890442,2026-03-08 00:31:06+00:00,22.0,23.0,1.0,1.0
1539,335,fsprojects/FSharp.Formatting,fsprojects,repo-assist.md,29,2026-05-06 12:29:25+00:00,False,githubnext/agentics/workflows/repo-assist.md@fc4ab36dedc44e2a1cdc195cecce262f06c81230,ok,githubnext/agentics/workflows/repo-assist.md,githubnext/agentics/workflows/repo-assist.md,githubnext/agentics/workflows/repo-assist.md,False,f2cfb4fb924dbd58ea9b4235d18e905c9040b0ca,2026-04-30 09:16:02+00:00,23.0,23.0,1.0,1.0
1540,335,fsprojects/FSharp.Formatting,fsprojects,repo-assist.md,30,2026-05-09 12:24:56+00:00,False,githubnext/agentics/workflows/repo-assist.md@c7d030cd6d4607b90d9ac3ffc8b24aff4f251632,ok,githubnext/agentics/workflows/repo-assist.md,githubnext/agentics/workflows/repo-assist.md,githubnext/agentics/workflows/repo-assist.md,False,c7d030cd6d4607b90d9ac3ffc8b24aff4f251632,2026-05-09 12:20:41+00:00,25.0,25.0,1.0,1.0
1541,335,fsprojects/FSharp.Formatting,fsprojects,repo-assist.md,31,2026-06-03 14:34:53+00:00,False,githubnext/agentics/workflows/repo-assist.md@c02eadfca420f2b351f9fcaee883c507a63ca316,ok,githubnext/agentics/workflows/repo-assist.md,githubnext/agentics/workflows/repo-assist.md,githubnext/agentics/workflows/repo-assist.md,False,c7d030cd6d4607b90d9ac3ffc8b24aff4f251632,2026-05-09 12:20:41+00:00,25.0,25.0,1.0,1.0
1542,335,fsprojects/FSharp.Formatting,fsprojects,repo-assist.md,32,2026-06-12 18:19:58+00:00,False,githubnext/agentics/workflows/repo-assist.md@e15e57b40918dbca11b350c55d02ab61934afa75,ok,githubnext/agentics/workflows/repo-assist.md,githubnext/agentics/workflows/repo-assist.md,githubnext/agentics/workflows/repo-assist.md,False,c7d030cd6d4607b90d9ac3ffc8b24aff4f251632,2026-05-09 12:20:41+00:00,25.0,25.0,1.0,1.0
1543,336,fsprojects/FsHttp,fsprojects,repo-assist.md,1,2026-03-09 12:42:22+00:00,False,githubnext/agentics/workflows/repo-assist.md@346204513ecfa08b81566450d7d599556807389f,ok,githubnext/agentics/workflows/repo-assist.md,githubnext/agentics/workflows/repo-assist.md,githubnext/agentics/workflows/repo-assist.md,False,0ae10905c47f310d0ed58a020a4e611c0f890442,2026-03-08 00:31:06+00:00,22.0,22.0,1.0,1.0
1544,337,ionide/FsAutoComplete,ionide,repo-assist.md,1,2026-02-22 17:12:14+00:00,False,githubnext/agentics/workflows/repo-assist.md@0d6e8cf9db90470cd5477c6a40b350fd9f9e1422,ok,githubnext/agentics/workflows/repo-assist.md,githubnext/agentics/workflows/repo-assist.md,githubnext/agentics/workflows/repo-assist.md,False,0d6e8cf9db90470cd5477c6a40b350fd9f9e1422,2026-02-22 16:26:08+00:00,7.0,7.0,1.0,1.0
1545,337,ionide/FsAutoComplete,ionide,repo-assist.md,2,2026-02-22 17:32:35+00:00,False,githubnext/agentics/workflows/repo-assist.md@595b7a9c567ba4dce05ca824aec6e74b4dc545b8,ok,githubnext/agentics/workflows/repo-assist.md,githubnext/agentics/workflows/repo-assist.md,githubnext/agentics/workflows/repo-assist.md,False,595b7a9c567ba4dce05ca824aec6e74b4dc545b8,2026-02-22 17:27:19+00:00,8.0,8.0,1.0,1.0
1546,337,ionide/FsAutoComplete,ionide,repo-assist.md,3,2026-02-22 18:34:55+00:00,False,githubnext/agentics/workflows/repo-assist.md@de40494d3f62516449f458c4f8d8d2fe370708fe,ok,githubnext/agentics/workflows/repo-assist.md,githubnext/agentics/workflows/repo-assist.md,githubnext/agentics/workflows/repo-assist.md,False,de40494d3f62516449f458c4f8d8d2fe370708fe,2026-02-22 18:34:24+00:00,11.0,11.0,1.0,1.0
1547,337,ionide/FsAutoComplete,ionide,repo-assist.md,4,2026-02-22 18:54:30+00:00,False,githubnext/agentics/workflows/repo-assist.md@ee50a3b7d1d3eb4a8c409ac9409fd61c9a66b0f5,ok,githubnext/agentics/workflows/repo-assist.md,githubnext/agentics/workflows/repo-assist.md,githubnext/agentics/workflows/repo-assist.md,False,ee50a3b7d1d3eb4a8c409ac9409fd61c9a66b0f5,2026-02-22 18:54:03+00:00,12.0,12.0,1.0,1.0
1548,337,ionide/FsAutoComplete,ionide,repo-assist.md,5,2026-02-22 22:44:12+00:00,False,githubnext/agentics/workflows/repo-assist.md@828ac109efb43990f59475cbfce90ede5546586c,ok,githubnext/agentics/workflows/repo-assist.md,githubnext/agentics/workflows/repo-assist.md,githubnext/agentics/workflows/repo-assist.md,False,828ac109efb43990f59475cbfce90ede5546586c,2026-02-22 22:43:36+00:00,13.0,13.0,1.0,1.0
1549,337,ionide/FsAutoComplete,ionide,repo-assist.md,6,2026-02-23 20:25:15+00:00,False,githubnext/agentics/workflows/repo-assist.md@828ac109efb43990f59475cbfce90ede5546586c,ok,githubnext/agentics/workflows/repo-assist.md,githubnext/agentics/workflows/repo-assist.md,githubnext/agentics/workflows/repo-assist.md,False,828ac109efb43990f59475cbfce90ede5546586c,2026-02-22 22:43:36+00:00,13.0,14.0,1.0,1.0
1550,337,ionide/FsAutoComplete,ionide,repo-assist.md,7,2026-02-24 04:18:25+00:00,False,githubnext/agentics/workflows/repo-assist.md@b0e9cfd3a20372ce7fe0462bb7bbca2272df4a88,ok,githubnext/agentics/workflows/repo-assist.md,githubnext/agentics/workflows/repo-assist.md,githubnext/agentics/workflows/repo-assist.md,False,2f03fdaafb8c1ae62dfde7e0be762a822a201aeb,2026-02-23 19:47:18+00:00,14.0,15.0,1.0,1.0
1551,337,ionide/FsAutoComplete,ionide,repo-assist.md,8,2026-02-24 19:09:46+00:00,False,githubnext/agentics/workflows/repo-assist.md@b87234850bf9664d198f28a02df0f937d0447295,ok,githubnext/agentics/workflows/repo-assist.md,githubnext/agentics/workflows/repo-assist.md,githubnext/agentics/workflows/repo-assist.md,False,2f03fdaafb8c1ae62dfde7e0be762a822a201aeb,2026-02-23 19:47:18+00:00,14.0,15.0,1.0,1.0
1552,337,ionide/FsAutoComplete,ionide,repo-assist.md,9,2026-02-25 19:21:55+00:00,False,githubnext/agentics/workflows/repo-assist.md@f2c5cf1e4af58e09a93ba0703c6bf084711b265f,ok,githubnext/agentics/workflows/repo-assist.md,githubnext/agentics/workflows/repo-assist.md,githubnext/agentics/workflows/repo-assist.md,False,dcdcfd1fff79a8908465335200473a87fdee86f4,2026-02-25 19:20:49+00:00,16.0,16.0,1.0,1.0
1553,337,ionide/FsAutoComplete,ionide,repo-assist.md,10,2026-02-26 11:35:48+00:00,False,githubnext/agentics/workflows/repo-assist.md@69c1ee19e39e6aaba35519aafefb5cbf314de323,ok,githubnext/agentics/workflows/repo-assist.md,githubnext/agentics/workflows/repo-assist.md,githubnext/agentics/workflows/repo-assist.md,False,69c1ee19e39e6aaba35519aafefb5cbf314de323,2026-02-26 11:32:52+00:00,17.0,17.0,1.0,1.0
1554,337,ionide/FsAutoComplete,ionide,repo-assist.md,11,2026-02-26 13:41:28+00:00,False,githubnext/agentics/workflows/repo-assist.md@afb00b92a9514fee9a14c583f059a03d05738f70,ok,githubnext/agentics/workflows/repo-assist.md,githubnext/agentics/workflows/repo-assist.md,githubnext/agentics/workflows/repo-assist.md,False,afb00b92a9514fee9a14c583f059a03d05738f70,2026-02-26 13:40:39+00:00,18.0,18.0,1.0,1.0
1555,337,ionide/FsAutoComplete,ionide,repo-assist.md,12,2026-03-01 01:27:44+00:00,False,githubnext/agentics/workflows/repo-assist.md@da02dddebe71d9a937665abdcd1f5214dab852a7,ok,githubnext/agentics/workflows/repo-assist.md,githubnext/agentics/workflows/repo-assist.md,githubnext/agentics/workflows/repo-assist.md,False,afb00b92a9514fee9a14c583f059a03d05738f70,2026-02-26 13:40:39+00:00,18.0,18.0,1.0,1.0
1556,337,ionide/FsAutoComplete,ionide,repo-assist.md,13,2026-03-03 23:38:48+00:00,False,githubnext/agentics/workflows/repo-assist.md@10f087607af87e4e89439161f1e5d4724235f396,ok,githubnext/agentics/workflows/repo-assist.md,githubnext/agentics/workflows/repo-assist.md,githubnext/agentics/workflows/repo-assist.md,False,afb00b92a9514fee9a14c583f059a03d05738f70,2026-02-26 13:40:39+00:00,18.0,18.0,1.0,1.0
1557,337,ionide/FsAutoComplete,ionide,repo-assist.md,14,2026-03-07 00:17:07+00:00,False,githubnext/agentics/workflows/repo-assist.md@69dc52f93e6abaaeb199c24e22b401f5bb1bac6f,ok,githubnext/agentics/workflows/repo-assist.md,githubnext/agentics/workflows/repo-assist.md,githubnext/agentics/workflows/repo-assist.md,False,69dc52f93e6abaaeb199c24e22b401f5bb1bac6f,2026-03-07 00:06:02+00:00,19.0,19.0,1.0,1.0
1558,337,ionide/FsAutoComplete,ionide,repo-assist.md,15,2026-03-07 00:18:45+00:00,False,githubnext/agentics/workflows/repo-assist.md@69dc52f93e6abaaeb199c24e22b401f5bb1bac6f,ok,githubnext/agentics/workflows/repo-assist.md,githubnext/agentics/workflows/repo-assist.md,githubnext/agentics/workflows/repo-assist.md,False,69dc52f93e6abaaeb199c24e22b401f5bb1bac6f,2026-03-07 00:06:02+00:00,19.0,19.0,1.0,1.0
1559,337,ionide/FsAutoComplete,ionide,repo-assist.md,16,2026-03-07 00:19:02+00:00,False,githubnext/agentics/workflows/repo-assist.md@69dc52f93e6abaaeb199c24e22b401f5bb1bac6f,ok,githubnext/agentics/workflows/repo-assist.md,githubnext/agentics/workflows/repo-assist.md,githubnext/agentics/workflows/repo-assist.md,False,69dc52f93e6abaaeb199c24e22b401f5bb1bac6f,2026-03-07 00:06:02+00:00,19.0,19.0,1.0,1.0
1560,337,ionide/FsAutoComplete,ionide,repo-assist.md,17,2026-03-07 00:35:41+00:00,False,githubnext/agentics/workflows/repo-assist.md@8e6d7c86bba37371d2d0eee1a23563db3e561eb5,ok,githubnext/agentics/workflows/repo-assist.md,githubnext/agentics/workflows/repo-assist.md,githubnext/agentics/workflows/repo-assist.md,False,69dc52f93e6abaaeb199c24e22b401f5bb1bac6f,2026-03-07 00:06:02+00:00,19.0,19.0,1.0,1.0
1561,337,ionide/FsAutoComplete,ionide,repo-assist.md,18,2026-03-08 22:33:59+00:00,False,githubnext/agentics/workflows/repo-assist.md@346204513ecfa08b81566450d7d599556807389f,ok,githubnext/agentics/workflows/repo-assist.md,githubnext/agentics/workflows/repo-assist.md,githubnext/agentics/workflows/repo-assist.md,False,0ae10905c47f310d0ed58a020a4e611c0f890442,2026-03-08 00:31:06+00:00,22.0,22.0,1.0,1.0
1562,337,ionide/FsAutoComplete,ionide,repo-assist.md,19,2026-03-19 02:16:17+00:00,False,githubnext/agentics/workflows/repo-assist.md@d7e73661688ef2fdea152135a791e28008f73ebd,ok,githubnext/agentics/workflows/repo-assist.md,githubnext/agentics/workflows/repo-assist.md,githubnext/agentics/workflows/repo-assist.md,False,0ae10905c47f310d0ed58a020a4e611c0f890442,2026-03-08 00:31:06+00:00,22.0,22.0,1.0,1.0
1563,337,ionide/FsAutoComplete,ionide,repo-assist.md,20,2026-03-19 03:28:07+00:00,False,githubnext/agentics/workflows/repo-assist.md@d1d884596e62351dd652ae78465885dd32f0dd7d,ok,githubnext/agentics/workflows/repo-assist.md,githubnext/agentics/workflows/repo-assist.md,githubnext/agentics/workflows/repo-assist.md,False,0ae10905c47f310d0ed58a020a4e611c0f890442,2026-03-08 00:31:06+00:00,22.0,22.0,1.0,1.0
1564,337,ionide/FsAutoComplete,ionide,repo-assist.md,21,2026-03-23 19:14:12+00:00,False,githubnext/agentics/workflows/repo-assist.md@4957663821dbb3260348084fa2f1659701950fef,ok,githubnext/agentics/workflows/repo-assist.md,githubnext/agentics/workflows/repo-assist.md,githubnext/agentics/workflows/repo-assist.md,False,0ae10905c47f310d0ed58a020a4e611c0f890442,2026-03-08 00:31:06+00:00,22.0,22.0,1.0,1.0
1565,337,ionide/FsAutoComplete,ionide,repo-assist.md,22,2026-03-26 23:22:57+00:00,False,githubnext/agentics/workflows/repo-assist.md@1f672aef974f4246124860fc532f82fe8a93a57e,ok,githubnext/agentics/workflows/repo-assist.md,githubnext/agentics/workflows/repo-assist.md,githubnext/agentics/workflows/repo-assist.md,False,0ae10905c47f310d0ed58a020a4e611c0f890442,2026-03-08 00:31:06+00:00,22.0,22.0,1.0,1.0
1566,337,ionide/FsAutoComplete,ionide,repo-assist.md,23,2026-04-01 17:52:58+00:00,False,githubnext/agentics/workflows/repo-assist.md@e1ecf341a90b7bc2021e77c58685d7e269e20b99,ok,githubnext/agentics/workflows/repo-assist.md,githubnext/agentics/workflows/repo-assist.md,githubnext/agentics/workflows/repo-assist.md,False,0ae10905c47f310d0ed58a020a4e611c0f890442,2026-03-08 00:31:06+00:00,22.0,22.0,1.0,1.0
1567,337,ionide/FsAutoComplete,ionide,repo-assist.md,24,2026-04-03 00:42:44+00:00,False,githubnext/agentics/workflows/repo-assist.md@4ea8c81959909f40373e2a5c2b7fdb54ea19e0a5,ok,githubnext/agentics/workflows/repo-assist.md,githubnext/agentics/workflows/repo-assist.md,githubnext/agentics/workflows/repo-assist.md,False,0ae10905c47f310d0ed58a020a4e611c0f890442,2026-03-08 00:31:06+00:00,22.0,22.0,1.0,1.0
1568,337,ionide/FsAutoComplete,ionide,repo-assist.md,25,2026-04-04 14:51:24+00:00,False,githubnext/agentics/workflows/repo-assist.md@7ee2b60744abf71b985bead4599640f165edcd93,ok,githubnext/agentics/workflows/repo-assist.md,githubnext/agentics/workflows/repo-assist.md,githubnext/agentics/workflows/repo-assist.md,False,0ae10905c47f310d0ed58a020a4e611c0f890442,2026-03-08 00:31:06+00:00,22.0,22.0,1.0,1.0
1569,337,ionide/FsAutoComplete,ionide,repo-assist.md,26,2026-04-12 04:46:00+00:00,False,githubnext/agentics/workflows/repo-assist.md@97143ac59cb3a13ef2a77581f929f06719c7402a,ok,githubnext/agentics/workflows/repo-assist.md,githubnext/agentics/workflows/repo-assist.md,githubnext/agentics/workflows/repo-assist.md,False,0ae10905c47f310d0ed58a020a4e611c0f890442,2026-03-08 00:31:06+00:00,22.0,22.0,1.0,1.0
1570,337,ionide/FsAutoComplete,ionide,repo-assist.md,27,2026-04-20 02:54:49+00:00,False,githubnext/agentics/workflows/repo-assist.md@96b9d4c39aa22359c0b38265927eadb31dcf4e2a,ok,githubnext/agentics/workflows/repo-assist.md,githubnext/agentics/workflows/repo-assist.md,githubnext/agentics/workflows/repo-assist.md,False,0ae10905c47f310d0ed58a020a4e611c0f890442,2026-03-08 00:31:06+00:00,22.0,22.0,1.0,1.0
1571,337,ionide/FsAutoComplete,ionide,repo-assist.md,28,2026-05-06 12:30:02+00:00,False,githubnext/agentics/workflows/repo-assist.md@fc4ab36dedc44e2a1cdc195cecce262f06c81230,ok,githubnext/agentics/workflows/repo-assist.md,githubnext/agentics/workflows/repo-assist.md,githubnext/agentics/workflows/repo-assist.md,False,f2cfb4fb924dbd58ea9b4235d18e905c9040b0ca,2026-04-30 09:16:02+00:00,23.0,23.0,1.0,1.0
1572,337,ionide/FsAutoComplete,ionide,repo-assist.md,29,2026-05-09 12:25:47+00:00,False,githubnext/agentics/workflows/repo-assist.md@c7d030cd6d4607b90d9ac3ffc8b24aff4f251632,ok,githubnext/agentics/workflows/repo-assist.md,githubnext/agentics/workflows/repo-assist.md,githubnext/agentics/workflows/repo-assist.md,False,c7d030cd6d4607b90d9ac3ffc8b24aff4f251632,2026-05-09 12:20:41+00:00,25.0,25.0,1.0,1.0
1573,337,ionide/FsAutoComplete,ionide,repo-assist.md,30,2026-06-12 18:20:36+00:00,False,githubnext/agentics/workflows/repo-assist.md@e15e57b40918dbca11b350c55d02ab61934afa75,ok,githubnext/agentics/workflows/repo-assist.md,githubnext/agentics/workflows/repo-assist.md,githubnext/agentics/workflows/repo-assist.md,False,c7d030cd6d4607b90d9ac3ffc8b24aff4f251632,2026-05-09 12:20:41+00:00,25.0,25.0,1.0,1.0
1574,338,MoiraeSoftware/Myriad,MoiraeSoftware,q.md,1,2026-02-25 15:56:57+00:00,False,githubnext/agentics/workflows/q.md@ee49512da7887942965ac0a0e48357106313c9dd,ok,githubnext/agentics/workflows/q.md,githubnext/agentics/workflows/q.md,githubnext/agentics/workflows/q.md,False,85c48f228c416bc140cd0f808f026027e5d1138d,2026-02-21 13:05:48+00:00,7.0,7.0,1.0,1.0
1575,339,fsprojects/FSharp.TypeProviders.SDK,fsprojects,repo-assist.md,1,2026-02-24 21:32:42+00:00,False,githubnext/agentics/workflows/repo-assist.md@b87234850bf9664d198f28a02df0f937d0447295,ok,githubnext/agentics/workflows/repo-assist.md,githubnext/agentics/workflows/repo-assist.md,githubnext/agentics/workflows/repo-assist.md,False,2f03fdaafb8c1ae62dfde7e0be762a822a201aeb,2026-02-23 19:47:18+00:00,14.0,15.0,1.0,1.0
1576,339,fsprojects/FSharp.TypeProviders.SDK,fsprojects,repo-assist.md,2,2026-02-25 19:38:35+00:00,False,githubnext/agentics/workflows/repo-assist.md@f2c5cf1e4af58e09a93ba0703c6bf084711b265f,ok,githubnext/agentics/workflows/repo-assist.md,githubnext/agentics/workflows/repo-assist.md,githubnext/agentics/workflows/repo-assist.md,False,dcdcfd1fff79a8908465335200473a87fdee86f4,2026-02-25 19:20:49+00:00,16.0,16.0,1.0,1.0
1577,339,fsprojects/FSharp.TypeProviders.SDK,fsprojects,repo-assist.md,3,2026-02-26 11:34:02+00:00,False,githubnext/agentics/workflows/repo-assist.md@69c1ee19e39e6aaba35519aafefb5cbf314de323,ok,githubnext/agentics/workflows/repo-assist.md,githubnext/agentics/workflows/repo-assist.md,githubnext/agentics/workflows/repo-assist.md,False,69c1ee19e39e6aaba35519aafefb5cbf314de323,2026-02-26 11:32:52+00:00,17.0,17.0,1.0,1.0
1578,339,fsprojects/FSharp.TypeProviders.SDK,fsprojects,repo-assist.md,4,2026-02-26 13:41:23+00:00,False,githubnext/agentics/workflows/repo-assist.md@afb00b92a9514fee9a14c583f059a03d05738f70,ok,githubnext/agentics/workflows/repo-assist.md,githubnext/agentics/workflows/repo-assist.md,githubnext/agentics/workflows/repo-assist.md,False,afb00b92a9514fee9a14c583f059a03d05738f70,2026-02-26 13:40:39+00:00,18.0,18.0,1.0,1.0
1579,339,fsprojects/FSharp.TypeProviders.SDK,fsprojects,repo-assist.md,5,2026-03-01 01:27:28+00:00,False,githubnext/agentics/workflows/repo-assist.md@da02dddebe71d9a937665abdcd1f5214dab852a7,ok,githubnext/agentics/workflows/repo-assist.md,githubnext/agentics/workflows/repo-assist.md,githubnext/agentics/workflows/repo-assist.md,False,afb00b92a9514fee9a14c583f059a03d05738f70,2026-02-26 13:40:39+00:00,18.0,18.0,1.0,1.0
1580,339,fsprojects/FSharp.TypeProviders.SDK,fsprojects,repo-assist.md,6,2026-03-03 23:38:35+00:00,False,githubnext/agentics/workflows/repo-assist.md@10f087607af87e4e89439161f1e5d4724235f396,ok,githubnext/agentics/workflows/repo-assist.md,githubnext/agentics/workflows/repo-assist.md,githubnext/agentics/workflows/repo-assist.md,False,afb00b92a9514fee9a14c583f059a03d05738f70,2026-02-26 13:40:39+00:00,18.0,18.0,1.0,1.0
1581,339,fsprojects/FSharp.TypeProviders.SDK,fsprojects,repo-assist.md,7,2026-03-07 00:16:00+00:00,False,githubnext/agentics/workflows/repo-assist.md@69dc52f93e6abaaeb199c24e22b401f5bb1bac6f,ok,githubnext/agentics/workflows/repo-assist.md,githubnext/agentics/workflows/repo-assist.md,githubnext/agentics/workflows/repo-assist.md,False,69dc52f93e6abaaeb199c24e22b401f5bb1bac6f,2026-03-07 00:06:02+00:00,19.0,19.0,1.0,1.0
1582,339,fsprojects/FSharp.TypeProviders.SDK,fsprojects,repo-assist.md,8,2026-03-07 00:16:48+00:00,False,githubnext/agentics/workflows/repo-assist.md@69dc52f93e6abaaeb199c24e22b401f5bb1bac6f,ok,githubnext/agentics/workflows/repo-assist.md,githubnext/agentics/workflows/repo-assist.md,githubnext/agentics/workflows/repo-assist.md,False,69dc52f93e6abaaeb199c24e22b401f5bb1bac6f,2026-03-07 00:06:02+00:00,19.0,19.0,1.0,1.0
1583,339,fsprojects/FSharp.TypeProviders.SDK,fsprojects,repo-assist.md,9,2026-03-07 00:34:28+00:00,False,githubnext/agentics/workflows/repo-assist.md@8e6d7c86bba37371d2d0eee1a23563db3e561eb5,ok,githubnext/agentics/workflows/repo-assist.md,githubnext/agentics/workflows/repo-assist.md,githubnext/agentics/workflows/repo-assist.md,False,69dc52f93e6abaaeb199c24e22b401f5bb1bac6f,2026-03-07 00:06:02+00:00,19.0,19.0,1.0,1.0
1584,339,fsprojects/FSharp.TypeProviders.SDK,fsprojects,repo-assist.md,10,2026-03-08 22:33:46+00:00,False,githubnext/agentics/workflows/repo-assist.md@346204513ecfa08b81566450d7d599556807389f,ok,githubnext/agentics/workflows/repo-assist.md,githubnext/agentics/workflows/repo-assist.md,githubnext/agentics/workflows/repo-assist.md,False,0ae10905c47f310d0ed58a020a4e611c0f890442,2026-03-08 00:31:06+00:00,22.0,22.0,1.0,1.0
1585,339,fsprojects/FSharp.TypeProviders.SDK,fsprojects,repo-assist.md,11,2026-03-19 02:15:30+00:00,False,githubnext/agentics/workflows/repo-assist.md@d7e73661688ef2fdea152135a791e28008f73ebd,ok,githubnext/agentics/workflows/repo-assist.md,githubnext/agentics/workflows/repo-assist.md,githubnext/agentics/workflows/repo-assist.md,False,0ae10905c47f310d0ed58a020a4e611c0f890442,2026-03-08 00:31:06+00:00,22.0,22.0,1.0,1.0
1586,339,fsprojects/FSharp.TypeProviders.SDK,fsprojects,repo-assist.md,12,2026-03-19 03:27:54+00:00,False,githubnext/agentics/workflows/repo-assist.md@d1d884596e62351dd652ae78465885dd32f0dd7d,ok,githubnext/agentics/workflows/repo-assist.md,githubnext/agentics/workflows/repo-assist.md,githubnext/agentics/workflows/repo-assist.md,False,0ae10905c47f310d0ed58a020a4e611c0f890442,2026-03-08 00:31:06+00:00,22.0,22.0,1.0,1.0
1587,339,fsprojects/FSharp.TypeProviders.SDK,fsprojects,repo-assist.md,13,2026-03-23 19:13:44+00:00,False,githubnext/agentics/workflows/repo-assist.md@4957663821dbb3260348084fa2f1659701950fef,ok,githubnext/agentics/workflows/repo-assist.md,githubnext/agentics/workflows/repo-assist.md,githubnext/agentics/workflows/repo-assist.md,False,0ae10905c47f310d0ed58a020a4e611c0f890442,2026-03-08 00:31:06+00:00,22.0,22.0,1.0,1.0
1588,339,fsprojects/FSharp.TypeProviders.SDK,fsprojects,repo-assist.md,14,2026-03-25 14:26:55+00:00,False,githubnext/agentics/workflows/repo-assist.md@492156eb97345e3110488e981692a4da82eb8b7b,ok,githubnext/agentics/workflows/repo-assist.md,githubnext/agentics/workflows/repo-assist.md,githubnext/agentics/workflows/repo-assist.md,False,0ae10905c47f310d0ed58a020a4e611c0f890442,2026-03-08 00:31:06+00:00,22.0,22.0,1.0,1.0
1589,339,fsprojects/FSharp.TypeProviders.SDK,fsprojects,repo-assist.md,15,2026-03-25 14:30:41+00:00,False,githubnext/agentics/workflows/repo-assist.md@410f8f4fdfbd7d855fc58c2df6438d2ebfa7c93e,ok,githubnext/agentics/workflows/repo-assist.md,githubnext/agentics/workflows/repo-assist.md,githubnext/agentics/workflows/repo-assist.md,False,0ae10905c47f310d0ed58a020a4e611c0f890442,2026-03-08 00:31:06+00:00,22.0,22.0,1.0,1.0
1590,339,fsprojects/FSharp.TypeProviders.SDK,fsprojects,repo-assist.md,16,2026-03-26 23:22:44+00:00,False,githubnext/agentics/workflows/repo-assist.md@1f672aef974f4246124860fc532f82fe8a93a57e,ok,githubnext/agentics/workflows/repo-assist.md,githubnext/agentics/workflows/repo-assist.md,githubnext/agentics/workflows/repo-assist.md,False,0ae10905c47f310d0ed58a020a4e611c0f890442,2026-03-08 00:31:06+00:00,22.0,22.0,1.0,1.0
1591,339,fsprojects/FSharp.TypeProviders.SDK,fsprojects,repo-assist.md,17,2026-04-01 17:52:45+00:00,False,githubnext/agentics/workflows/repo-assist.md@e1ecf341a90b7bc2021e77c58685d7e269e20b99,ok,githubnext/agentics/workflows/repo-assist.md,githubnext/agentics/workflows/repo-assist.md,githubnext/agentics/workflows/repo-assist.md,False,0ae10905c47f310d0ed58a020a4e611c0f890442,2026-03-08 00:31:06+00:00,22.0,22.0,1.0,1.0
1592,339,fsprojects/FSharp.TypeProviders.SDK,fsprojects,repo-assist.md,18,2026-04-03 00:42:13+00:00,False,githubnext/agentics/workflows/repo-assist.md@4ea8c81959909f40373e2a5c2b7fdb54ea19e0a5,ok,githubnext/agentics/workflows/repo-assist.md,githubnext/agentics/workflows/repo-assist.md,githubnext/agentics/workflows/repo-assist.md,False,0ae10905c47f310d0ed58a020a4e611c0f890442,2026-03-08 00:31:06+00:00,22.0,22.0,1.0,1.0
1593,339,fsprojects/FSharp.TypeProviders.SDK,fsprojects,repo-assist.md,19,2026-04-04 14:51:13+00:00,False,githubnext/agentics/workflows/repo-assist.md@7ee2b60744abf71b985bead4599640f165edcd93,ok,githubnext/agentics/workflows/repo-assist.md,githubnext/agentics/workflows/repo-assist.md,githubnext/agentics/workflows/repo-assist.md,False,0ae10905c47f310d0ed58a020a4e611c0f890442,2026-03-08 00:31:06+00:00,22.0,22.0,1.0,1.0
1594,339,fsprojects/FSharp.TypeProviders.SDK,fsprojects,repo-assist.md,20,2026-04-12 04:45:29+00:00,False,githubnext/agentics/workflows/repo-assist.md@97143ac59cb3a13ef2a77581f929f06719c7402a,ok,githubnext/agentics/workflows/repo-assist.md,githubnext/agentics/workflows/repo-assist.md,githubnext/agentics/workflows/repo-assist.md,False,0ae10905c47f310d0ed58a020a4e611c0f890442,2026-03-08 00:31:06+00:00,22.0,22.0,1.0,1.0
1595,339,fsprojects/FSharp.TypeProviders.SDK,fsprojects,repo-assist.md,21,2026-04-20 02:54:23+00:00,False,githubnext/agentics/workflows/repo-assist.md@96b9d4c39aa22359c0b38265927eadb31dcf4e2a,ok,githubnext/agentics/workflows/repo-assist.md,githubnext/agentics/workflows/repo-assist.md,githubnext/agentics/workflows/repo-assist.md,False,0ae10905c47f310d0ed58a020a4e611c0f890442,2026-03-08 00:31:06+00:00,22.0,22.0,1.0,1.0
1596,339,fsprojects/FSharp.TypeProviders.SDK,fsprojects,repo-assist.md,22,2026-05-01 07:55:17+00:00,False,githubnext/agentics/workflows/repo-assist.md@96b9d4c39aa22359c0b38265927eadb31dcf4e2a,ok,githubnext/agentics/workflows/repo-assist.md,githubnext/agentics/workflows/repo-assist.md,githubnext/agentics/workflows/repo-assist.md,False,0ae10905c47f310d0ed58a020a4e611c0f890442,2026-03-08 00:31:06+00:00,22.0,23.0,1.0,1.0
1597,339,fsprojects/FSharp.TypeProviders.SDK,fsprojects,repo-assist.md,23,2026-05-06 12:29:45+00:00,False,githubnext/agentics/workflows/repo-assist.md@fc4ab36dedc44e2a1cdc195cecce262f06c81230,ok,githubnext/agentics/workflows/repo-assist.md,githubnext/agentics/workflows/repo-assist.md,githubnext/agentics/workflows/repo-assist.md,False,f2cfb4fb924dbd58ea9b4235d18e905c9040b0ca,2026-04-30 09:16:02+00:00,23.0,23.0,1.0,1.0
1598,339,fsprojects/FSharp.TypeProviders.SDK,fsprojects,repo-assist.md,24,2026-05-09 12:25:09+00:00,False,githubnext/agentics/workflows/repo-assist.md@c7d030cd6d4607b90d9ac3ffc8b24aff4f251632,ok,githubnext/agentics/workflows/repo-assist.md,githubnext/agentics/workflows/repo-assist.md,githubnext/agentics/workflows/repo-assist.md,False,c7d030cd6d4607b90d9ac3ffc8b24aff4f251632,2026-05-09 12:20:41+00:00,25.0,25.0,1.0,1.0
1599,339,fsprojects/FSharp.TypeProviders.SDK,fsprojects,repo-assist.md,25,2026-06-03 14:36:11+00:00,False,githubnext/agentics/workflows/repo-assist.md@c02eadfca420f2b351f9fcaee883c507a63ca316,ok,githubnext/agentics/workflows/repo-assist.md,githubnext/agentics/workflows/repo-assist.md,githubnext/agentics/workflows/repo-assist.md,False,c7d030cd6d4607b90d9ac3ffc8b24aff4f251632,2026-05-09 12:20:41+00:00,25.0,25.0,1.0,1.0
1600,339,fsprojects/FSharp.TypeProviders.SDK,fsprojects,repo-assist.md,26,2026-06-12 18:20:16+00:00,False,githubnext/agentics/workflows/repo-assist.md@e15e57b40918dbca11b350c55d02ab61934afa75,ok,githubnext/agentics/workflows/repo-assist.md,githubnext/agentics/workflows/repo-assist.md,githubnext/agentics/workflows/repo-assist.md,False,c7d030cd6d4607b90d9ac3ffc8b24aff4f251632,2026-05-09 12:20:41+00:00,25.0,25.0,1.0,1.0
1601,340,fsprojects/SwaggerProvider,fsprojects,repo-assist.md,1,2026-03-08 22:25:12+00:00,False,githubnext/agentics/workflows/repo-assist.md@30f2254f2a7a944da1224df45d181a3f8faefd0d,ok,githubnext/agentics/workflows/repo-assist.md,githubnext/agentics/workflows/repo-assist.md,githubnext/agentics/workflows/repo-assist.md,False,0ae10905c47f310d0ed58a020a4e611c0f890442,2026-03-08 00:31:06+00:00,22.0,22.0,1.0,1.0
1602,340,fsprojects/SwaggerProvider,fsprojects,repo-assist.md,2,2026-03-08 22:35:46+00:00,False,githubnext/agentics/workflows/repo-assist.md@346204513ecfa08b81566450d7d599556807389f,ok,githubnext/agentics/workflows/repo-assist.md,githubnext/agentics/workflows/repo-assist.md,githubnext/agentics/workflows/repo-assist.md,False,0ae10905c47f310d0ed58a020a4e611c0f890442,2026-03-08 00:31:06+00:00,22.0,22.0,1.0,1.0
1603,340,fsprojects/SwaggerProvider,fsprojects,repo-assist.md,3,2026-03-19 03:28:58+00:00,False,githubnext/agentics/workflows/repo-assist.md@d1d884596e62351dd652ae78465885dd32f0dd7d,ok,githubnext/agentics/workflows/repo-assist.md,githubnext/agentics/workflows/repo-assist.md,githubnext/agentics/workflows/repo-assist.md,False,0ae10905c47f310d0ed58a020a4e611c0f890442,2026-03-08 00:31:06+00:00,22.0,22.0,1.0,1.0
1604,340,fsprojects/SwaggerProvider,fsprojects,repo-assist.md,4,2026-03-23 19:14:46+00:00,False,githubnext/agentics/workflows/repo-assist.md@4957663821dbb3260348084fa2f1659701950fef,ok,githubnext/agentics/workflows/repo-assist.md,githubnext/agentics/workflows/repo-assist.md,githubnext/agentics/workflows/repo-assist.md,False,0ae10905c47f310d0ed58a020a4e611c0f890442,2026-03-08 00:31:06+00:00,22.0,22.0,1.0,1.0
1605,340,fsprojects/SwaggerProvider,fsprojects,repo-assist.md,5,2026-03-26 23:23:20+00:00,False,githubnext/agentics/workflows/repo-assist.md@1f672aef974f4246124860fc532f82fe8a93a57e,ok,githubnext/agentics/workflows/repo-assist.md,githubnext/agentics/workflows/repo-assist.md,githubnext/agentics/workflows/repo-assist.md,False,0ae10905c47f310d0ed58a020a4e611c0f890442,2026-03-08 00:31:06+00:00,22.0,22.0,1.0,1.0
1606,340,fsprojects/SwaggerProvider,fsprojects,repo-assist.md,6,2026-04-01 17:53:43+00:00,False,githubnext/agentics/workflows/repo-assist.md@e1ecf341a90b7bc2021e77c58685d7e269e20b99,ok,githubnext/agentics/workflows/repo-assist.md,githubnext/agentics/workflows/repo-assist.md,githubnext/agentics/workflows/repo-assist.md,False,0ae10905c47f310d0ed58a020a4e611c0f890442,2026-03-08 00:31:06+00:00,22.0,22.0,1.0,1.0
1607,340,fsprojects/SwaggerProvider,fsprojects,repo-assist.md,7,2026-04-03 00:43:46+00:00,False,githubnext/agentics/workflows/repo-assist.md@4ea8c81959909f40373e2a5c2b7fdb54ea19e0a5,ok,githubnext/agentics/workflows/repo-assist.md,githubnext/agentics/workflows/repo-assist.md,githubnext/agentics/workflows/repo-assist.md,False,0ae10905c47f310d0ed58a020a4e611c0f890442,2026-03-08 00:31:06+00:00,22.0,22.0,1.0,1.0
1608,340,fsprojects/SwaggerProvider,fsprojects,repo-assist.md,8,2026-04-04 14:51:45+00:00,False,githubnext/agentics/workflows/repo-assist.md@7ee2b60744abf71b985bead4599640f165edcd93,ok,githubnext/agentics/workflows/repo-assist.md,githubnext/agentics/workflows/repo-assist.md,githubnext/agentics/workflows/repo-assist.md,False,0ae10905c47f310d0ed58a020a4e611c0f890442,2026-03-08 00:31:06+00:00,22.0,22.0,1.0,1.0
1609,340,fsprojects/SwaggerProvider,fsprojects,repo-assist.md,9,2026-04-11 12:36:58+00:00,False,githubnext/agentics/workflows/repo-assist.md@7ee2b60744abf71b985bead4599640f165edcd93,ok,githubnext/agentics/workflows/repo-assist.md,githubnext/agentics/workflows/repo-assist.md,githubnext/agentics/workflows/repo-assist.md,False,0ae10905c47f310d0ed58a020a4e611c0f890442,2026-03-08 00:31:06+00:00,22.0,22.0,1.0,1.0
1610,340,fsprojects/SwaggerProvider,fsprojects,repo-assist.md,10,2026-04-12 04:46:29+00:00,False,githubnext/agentics/workflows/repo-assist.md@97143ac59cb3a13ef2a77581f929f06719c7402a,ok,githubnext/agentics/workflows/repo-assist.md,githubnext/agentics/workflows/repo-assist.md,githubnext/agentics/workflows/repo-assist.md,False,0ae10905c47f310d0ed58a020a4e611c0f890442,2026-03-08 00:31:06+00:00,22.0,22.0,1.0,1.0
1611,340,fsprojects/SwaggerProvider,fsprojects,repo-assist.md,11,2026-04-18 07:47:24+00:00,False,githubnext/agentics/workflows/repo-assist.md@96b9d4c39aa22359c0b38265927eadb31dcf4e2a,ok,githubnext/agentics/workflows/repo-assist.md,githubnext/agentics/workflows/repo-assist.md,githubnext/agentics/workflows/repo-assist.md,False,0ae10905c47f310d0ed58a020a4e611c0f890442,2026-03-08 00:31:06+00:00,22.0,22.0,1.0,1.0
1612,340,fsprojects/SwaggerProvider,fsprojects,repo-assist.md,12,2026-04-25 07:56:05+00:00,False,githubnext/agentics/workflows/repo-assist.md@3de4e604a36b5190a1c7dc4719c7341500ba8a95,ok,githubnext/agentics/workflows/repo-assist.md,githubnext/agentics/workflows/repo-assist.md,githubnext/agentics/workflows/repo-assist.md,False,0ae10905c47f310d0ed58a020a4e611c0f890442,2026-03-08 00:31:06+00:00,22.0,22.0,1.0,1.0
1613,340,fsprojects/SwaggerProvider,fsprojects,repo-assist.md,13,2026-05-05 14:02:08+00:00,False,githubnext/agentics/workflows/repo-assist.md@e8a4d8a2217966474ef08cedff70c92d65a7a1a5,ok,githubnext/agentics/workflows/repo-assist.md,githubnext/agentics/workflows/repo-assist.md,githubnext/agentics/workflows/repo-assist.md,False,f2cfb4fb924dbd58ea9b4235d18e905c9040b0ca,2026-04-30 09:16:02+00:00,23.0,23.0,1.0,1.0
1614,340,fsprojects/SwaggerProvider,fsprojects,repo-assist.md,14,2026-05-05 21:34:32+00:00,False,githubnext/agentics/workflows/repo-assist.md@fc4ab36dedc44e2a1cdc195cecce262f06c81230,ok,githubnext/agentics/workflows/repo-assist.md,githubnext/agentics/workflows/repo-assist.md,githubnext/agentics/workflows/repo-assist.md,False,f2cfb4fb924dbd58ea9b4235d18e905c9040b0ca,2026-04-30 09:16:02+00:00,23.0,23.0,1.0,1.0
1615,340,fsprojects/SwaggerProvider,fsprojects,repo-assist.md,15,2026-05-09 06:30:44+00:00,False,githubnext/agentics/workflows/repo-assist.md@497230d3867fe453aae74b15d06178d45a39fcce,ok,githubnext/agentics/workflows/repo-assist.md,githubnext/agentics/workflows/repo-assist.md,githubnext/agentics/workflows/repo-assist.md,False,497230d3867fe453aae74b15d06178d45a39fcce,2026-05-08 20:56:58+00:00,24.0,24.0,1.0,1.0
1616,340,fsprojects/SwaggerProvider,fsprojects,repo-assist.md,16,2026-05-09 12:26:20+00:00,False,githubnext/agentics/workflows/repo-assist.md@c7d030cd6d4607b90d9ac3ffc8b24aff4f251632,ok,githubnext/agentics/workflows/repo-assist.md,githubnext/agentics/workflows/repo-assist.md,githubnext/agentics/workflows/repo-assist.md,False,c7d030cd6d4607b90d9ac3ffc8b24aff4f251632,2026-05-09 12:20:41+00:00,25.0,25.0,1.0,1.0
1617,340,fsprojects/SwaggerProvider,fsprojects,repo-assist.md,17,2026-05-10 16:33:02+00:00,False,githubnext/agentics/workflows/repo-assist.md@c7d030cd6d4607b90d9ac3ffc8b24aff4f251632,ok,githubnext/agentics/workflows/repo-assist.md,githubnext/agentics/workflows/repo-assist.md,githubnext/agentics/workflows/repo-assist.md,False,c7d030cd6d4607b90d9ac3ffc8b24aff4f251632,2026-05-09 12:20:41+00:00,25.0,25.0,1.0,1.0
1618,340,fsprojects/SwaggerProvider,fsprojects,repo-assist.md,18,2026-05-13 06:14:38+00:00,False,githubnext/agentics/workflows/repo-assist.md@94ec5db57374c5b04a4b8eef8b4413f9af44d63f,ok,githubnext/agentics/workflows/repo-assist.md,githubnext/agentics/workflows/repo-assist.md,githubnext/agentics/workflows/repo-assist.md,False,c7d030cd6d4607b90d9ac3ffc8b24aff4f251632,2026-05-09 12:20:41+00:00,25.0,25.0,1.0,1.0
1619,340,fsprojects/SwaggerProvider,fsprojects,repo-assist.md,19,2026-05-16 09:21:00+00:00,False,githubnext/agentics/workflows/repo-assist.md@79c99dfd73f3b7ad8ab2b0f4944838018dbe4736,ok,githubnext/agentics/workflows/repo-assist.md,githubnext/agentics/workflows/repo-assist.md,githubnext/agentics/workflows/repo-assist.md,False,c7d030cd6d4607b90d9ac3ffc8b24aff4f251632,2026-05-09 12:20:41+00:00,25.0,25.0,1.0,1.0
1620,340,fsprojects/SwaggerProvider,fsprojects,repo-assist.md,20,2026-05-20 06:27:50+00:00,False,githubnext/agentics/workflows/repo-assist.md@dcdf09723d42ef9b6c75335e4612fd145d4ccdaa,ok,githubnext/agentics/workflows/repo-assist.md,githubnext/agentics/workflows/repo-assist.md,githubnext/agentics/workflows/repo-assist.md,False,c7d030cd6d4607b90d9ac3ffc8b24aff4f251632,2026-05-09 12:20:41+00:00,25.0,25.0,1.0,1.0
1621,340,fsprojects/SwaggerProvider,fsprojects,repo-assist.md,21,2026-05-27 18:43:42+00:00,False,githubnext/agentics/workflows/repo-assist.md@298f992955146a6731d380a9de808e17861708e5,ok,githubnext/agentics/workflows/repo-assist.md,githubnext/agentics/workflows/repo-assist.md,githubnext/agentics/workflows/repo-assist.md,False,c7d030cd6d4607b90d9ac3ffc8b24aff4f251632,2026-05-09 12:20:41+00:00,25.0,25.0,1.0,1.0
1622,340,fsprojects/SwaggerProvider,fsprojects,repo-assist.md,22,2026-05-27 21:03:33+00:00,False,githubnext/agentics/workflows/repo-assist.md@298f992955146a6731d380a9de808e17861708e5,ok,githubnext/agentics/workflows/repo-assist.md,githubnext/agentics/workflows/repo-assist.md,githubnext/agentics/workflows/repo-assist.md,False,c7d030cd6d4607b90d9ac3ffc8b24aff4f251632,2026-05-09 12:20:41+00:00,25.0,25.0,1.0,1.0
1623,340,fsprojects/SwaggerProvider,fsprojects,repo-assist.md,23,2026-05-30 07:49:37+00:00,False,githubnext/agentics/workflows/repo-assist.md@c02eadfca420f2b351f9fcaee883c507a63ca316,ok,githubnext/agentics/workflows/repo-assist.md,githubnext/agentics/workflows/repo-assist.md,githubnext/agentics/workflows/repo-assist.md,False,c7d030cd6d4607b90d9ac3ffc8b24aff4f251632,2026-05-09 12:20:41+00:00,25.0,25.0,1.0,1.0
1624,340,fsprojects/SwaggerProvider,fsprojects,repo-assist.md,24,2026-06-12 18:21:12+00:00,False,githubnext/agentics/workflows/repo-assist.md@e15e57b40918dbca11b350c55d02ab61934afa75,ok,githubnext/agentics/workflows/repo-assist.md,githubnext/agentics/workflows/repo-assist.md,githubnext/agentics/workflows/repo-assist.md,False,c7d030cd6d4607b90d9ac3ffc8b24aff4f251632,2026-05-09 12:20:41+00:00,25.0,25.0,1.0,1.0
1625,341,fsprojects/FSharpx.Collections,fsprojects,repo-assist.md,1,2026-03-08 17:16:35+00:00,False,githubnext/agentics/workflows/repo-assist.md@30f2254f2a7a944da1224df45d181a3f8faefd0d,ok,githubnext/agentics/workflows/repo-assist.md,githubnext/agentics/workflows/repo-assist.md,githubnext/agentics/workflows/repo-assist.md,False,0ae10905c47f310d0ed58a020a4e611c0f890442,2026-03-08 00:31:06+00:00,22.0,22.0,1.0,1.0
1626,341,fsprojects/FSharpx.Collections,fsprojects,repo-assist.md,2,2026-03-08 17:52:27+00:00,False,githubnext/agentics/workflows/repo-assist.md@30f2254f2a7a944da1224df45d181a3f8faefd0d,ok,githubnext/agentics/workflows/repo-assist.md,githubnext/agentics/workflows/repo-assist.md,githubnext/agentics/workflows/repo-assist.md,False,0ae10905c47f310d0ed58a020a4e611c0f890442,2026-03-08 00:31:06+00:00,22.0,22.0,1.0,1.0
1627,341,fsprojects/FSharpx.Collections,fsprojects,repo-assist.md,3,2026-03-08 17:58:01+00:00,False,githubnext/agentics/workflows/repo-assist.md@30f2254f2a7a944da1224df45d181a3f8faefd0d,ok,githubnext/agentics/workflows/repo-assist.md,githubnext/agentics/workflows/repo-assist.md,githubnext/agentics/workflows/repo-assist.md,False,0ae10905c47f310d0ed58a020a4e611c0f890442,2026-03-08 00:31:06+00:00,22.0,22.0,1.0,1.0
1628,341,fsprojects/FSharpx.Collections,fsprojects,repo-assist.md,4,2026-03-08 21:43:06+00:00,False,githubnext/agentics/workflows/repo-assist.md@30f2254f2a7a944da1224df45d181a3f8faefd0d,ok,githubnext/agentics/workflows/repo-assist.md,githubnext/agentics/workflows/repo-assist.md,githubnext/agentics/workflows/repo-assist.md,False,0ae10905c47f310d0ed58a020a4e611c0f890442,2026-03-08 00:31:06+00:00,22.0,22.0,1.0,1.0
1629,341,fsprojects/FSharpx.Collections,fsprojects,repo-assist.md,5,2026-03-08 22:33:04+00:00,False,githubnext/agentics/workflows/repo-assist.md@346204513ecfa08b81566450d7d599556807389f,ok,githubnext/agentics/workflows/repo-assist.md,githubnext/agentics/workflows/repo-assist.md,githubnext/agentics/workflows/repo-assist.md,False,0ae10905c47f310d0ed58a020a4e611c0f890442,2026-03-08 00:31:06+00:00,22.0,22.0,1.0,1.0
1630,341,fsprojects/FSharpx.Collections,fsprojects,repo-assist.md,6,2026-03-16 14:11:24+00:00,False,githubnext/agentics/workflows/repo-assist.md@346204513ecfa08b81566450d7d599556807389f,ok,githubnext/agentics/workflows/repo-assist.md,githubnext/agentics/workflows/repo-assist.md,githubnext/agentics/workflows/repo-assist.md,False,0ae10905c47f310d0ed58a020a4e611c0f890442,2026-03-08 00:31:06+00:00,22.0,22.0,1.0,1.0
1631,341,fsprojects/FSharpx.Collections,fsprojects,repo-assist.md,7,2026-03-19 02:13:12+00:00,False,githubnext/agentics/workflows/repo-assist.md@d7e73661688ef2fdea152135a791e28008f73ebd,ok,githubnext/agentics/workflows/repo-assist.md,githubnext/agentics/workflows/repo-assist.md,githubnext/agentics/workflows/repo-assist.md,False,0ae10905c47f310d0ed58a020a4e611c0f890442,2026-03-08 00:31:06+00:00,22.0,22.0,1.0,1.0
1632,341,fsprojects/FSharpx.Collections,fsprojects,repo-assist.md,8,2026-03-19 03:27:27+00:00,False,githubnext/agentics/workflows/repo-assist.md@d1d884596e62351dd652ae78465885dd32f0dd7d,ok,githubnext/agentics/workflows/repo-assist.md,githubnext/agentics/workflows/repo-assist.md,githubnext/agentics/workflows/repo-assist.md,False,0ae10905c47f310d0ed58a020a4e611c0f890442,2026-03-08 00:31:06+00:00,22.0,22.0,1.0,1.0
1633,341,fsprojects/FSharpx.Collections,fsprojects,repo-assist.md,9,2026-03-23 19:11:29+00:00,False,githubnext/agentics/workflows/repo-assist.md@4957663821dbb3260348084fa2f1659701950fef,ok,githubnext/agentics/workflows/repo-assist.md,githubnext/agentics/workflows/repo-assist.md,githubnext/agentics/workflows/repo-assist.md,False,0ae10905c47f310d0ed58a020a4e611c0f890442,2026-03-08 00:31:06+00:00,22.0,22.0,1.0,1.0
1634,341,fsprojects/FSharpx.Collections,fsprojects,repo-assist.md,10,2026-03-26 23:22:19+00:00,False,githubnext/agentics/workflows/repo-assist.md@1f672aef974f4246124860fc532f82fe8a93a57e,ok,githubnext/agentics/workflows/repo-assist.md,githubnext/agentics/workflows/repo-assist.md,githubnext/agentics/workflows/repo-assist.md,False,0ae10905c47f310d0ed58a020a4e611c0f890442,2026-03-08 00:31:06+00:00,22.0,22.0,1.0,1.0
1635,341,fsprojects/FSharpx.Collections,fsprojects,repo-assist.md,11,2026-04-01 17:52:06+00:00,False,githubnext/agentics/workflows/repo-assist.md@e1ecf341a90b7bc2021e77c58685d7e269e20b99,ok,githubnext/agentics/workflows/repo-assist.md,githubnext/agentics/workflows/repo-assist.md,githubnext/agentics/workflows/repo-assist.md,False,0ae10905c47f310d0ed58a020a4e611c0f890442,2026-03-08 00:31:06+00:00,22.0,22.0,1.0,1.0
1636,341,fsprojects/FSharpx.Collections,fsprojects,repo-assist.md,12,2026-04-03 00:41:06+00:00,False,githubnext/agentics/workflows/repo-assist.md@4ea8c81959909f40373e2a5c2b7fdb54ea19e0a5,ok,githubnext/agentics/workflows/repo-assist.md,githubnext/agentics/workflows/repo-assist.md,githubnext/agentics/workflows/repo-assist.md,False,0ae10905c47f310d0ed58a020a4e611c0f890442,2026-03-08 00:31:06+00:00,22.0,22.0,1.0,1.0
1637,341,fsprojects/FSharpx.Collections,fsprojects,repo-assist.md,13,2026-04-04 14:50:52+00:00,False,githubnext/agentics/workflows/repo-assist.md@7ee2b60744abf71b985bead4599640f165edcd93,ok,githubnext/agentics/workflows/repo-assist.md,githubnext/agentics/workflows/repo-assist.md,githubnext/agentics/workflows/repo-assist.md,False,0ae10905c47f310d0ed58a020a4e611c0f890442,2026-03-08 00:31:06+00:00,22.0,22.0,1.0,1.0
1638,341,fsprojects/FSharpx.Collections,fsprojects,repo-assist.md,14,2026-04-12 04:44:31+00:00,False,githubnext/agentics/workflows/repo-assist.md@97143ac59cb3a13ef2a77581f929f06719c7402a,ok,githubnext/agentics/workflows/repo-assist.md,githubnext/agentics/workflows/repo-assist.md,githubnext/agentics/workflows/repo-assist.md,False,0ae10905c47f310d0ed58a020a4e611c0f890442,2026-03-08 00:31:06+00:00,22.0,22.0,1.0,1.0
1639,341,fsprojects/FSharpx.Collections,fsprojects,repo-assist.md,15,2026-04-20 02:53:07+00:00,False,githubnext/agentics/workflows/repo-assist.md@96b9d4c39aa22359c0b38265927eadb31dcf4e2a,ok,githubnext/agentics/workflows/repo-assist.md,githubnext/agentics/workflows/repo-assist.md,githubnext/agentics/workflows/repo-assist.md,False,0ae10905c47f310d0ed58a020a4e611c0f890442,2026-03-08 00:31:06+00:00,22.0,22.0,1.0,1.0
1640,341,fsprojects/FSharpx.Collections,fsprojects,repo-assist.md,16,2026-05-06 12:28:49+00:00,False,githubnext/agentics/workflows/repo-assist.md@fc4ab36dedc44e2a1cdc195cecce262f06c81230,ok,githubnext/agentics/workflows/repo-assist.md,githubnext/agentics/workflows/repo-assist.md,githubnext/agentics/workflows/repo-assist.md,False,f2cfb4fb924dbd58ea9b4235d18e905c9040b0ca,2026-04-30 09:16:02+00:00,23.0,23.0,1.0,1.0
1641,341,fsprojects/FSharpx.Collections,fsprojects,repo-assist.md,17,2026-05-09 12:24:18+00:00,False,githubnext/agentics/workflows/repo-assist.md@c7d030cd6d4607b90d9ac3ffc8b24aff4f251632,ok,githubnext/agentics/workflows/repo-assist.md,githubnext/agentics/workflows/repo-assist.md,githubnext/agentics/workflows/repo-assist.md,False,c7d030cd6d4607b90d9ac3ffc8b24aff4f251632,2026-05-09 12:20:41+00:00,25.0,25.0,1.0,1.0
1642,341,fsprojects/FSharpx.Collections,fsprojects,repo-assist.md,18,2026-06-03 14:33:39+00:00,False,githubnext/agentics/workflows/repo-assist.md@c02eadfca420f2b351f9fcaee883c507a63ca316,ok,githubnext/agentics/workflows/repo-assist.md,githubnext/agentics/workflows/repo-assist.md,githubnext/agentics/workflows/repo-assist.md,False,c7d030cd6d4607b90d9ac3ffc8b24aff4f251632,2026-05-09 12:20:41+00:00,25.0,25.0,1.0,1.0
1643,341,fsprojects/FSharpx.Collections,fsprojects,repo-assist.md,19,2026-06-12 18:19:22+00:00,False,githubnext/agentics/workflows/repo-assist.md@e15e57b40918dbca11b350c55d02ab61934afa75,ok,githubnext/agentics/workflows/repo-assist.md,githubnext/agentics/workflows/repo-assist.md,githubnext/agentics/workflows/repo-assist.md,False,c7d030cd6d4607b90d9ac3ffc8b24aff4f251632,2026-05-09 12:20:41+00:00,25.0,25.0,1.0,1.0
1644,342,fsprojects/FSharp.Data.SqlClient,fsprojects,repo-assist.md,1,2026-03-07 20:37:14+00:00,False,githubnext/agentics/workflows/repo-assist.md@e9d60822329eb50a32fcfc54ebd68078e4f5133e,ok,githubnext/agentics/workflows/repo-assist.md,githubnext/agentics/workflows/repo-assist.md,githubnext/agentics/workflows/repo-assist.md,False,69dc52f93e6abaaeb199c24e22b401f5bb1bac6f,2026-03-07 00:06:02+00:00,19.0,20.0,1.0,1.0
1645,342,fsprojects/FSharp.Data.SqlClient,fsprojects,repo-assist.md,2,2026-03-08 00:04:58+00:00,False,githubnext/agentics/workflows/repo-assist.md@4ee2ca4faa30612b9ed0d207472068f5efc9ecf3,ok,githubnext/agentics/workflows/repo-assist.md,githubnext/agentics/workflows/repo-assist.md,githubnext/agentics/workflows/repo-assist.md,False,30e497915b16f1f81b9a5e3afdf89f98228f8e3f,2026-03-08 00:03:03+00:00,21.0,21.0,1.0,1.0
1646,342,fsprojects/FSharp.Data.SqlClient,fsprojects,repo-assist.md,3,2026-03-08 02:36:55+00:00,False,githubnext/agentics/workflows/repo-assist.md@5029c9574c7bd2baa70aab6c8de9ea09edf11803,ok,githubnext/agentics/workflows/repo-assist.md,githubnext/agentics/workflows/repo-assist.md,githubnext/agentics/workflows/repo-assist.md,False,0ae10905c47f310d0ed58a020a4e611c0f890442,2026-03-08 00:31:06+00:00,22.0,22.0,1.0,1.0
1647,342,fsprojects/FSharp.Data.SqlClient,fsprojects,repo-assist.md,4,2026-03-08 22:33:20+00:00,False,githubnext/agentics/workflows/repo-assist.md@346204513ecfa08b81566450d7d599556807389f,ok,githubnext/agentics/workflows/repo-assist.md,githubnext/agentics/workflows/repo-assist.md,githubnext/agentics/workflows/repo-assist.md,False,0ae10905c47f310d0ed58a020a4e611c0f890442,2026-03-08 00:31:06+00:00,22.0,22.0,1.0,1.0
1648,342,fsprojects/FSharp.Data.SqlClient,fsprojects,repo-assist.md,5,2026-03-16 14:31:16+00:00,False,githubnext/agentics/workflows/repo-assist.md@346204513ecfa08b81566450d7d599556807389f,ok,githubnext/agentics/workflows/repo-assist.md,githubnext/agentics/workflows/repo-assist.md,githubnext/agentics/workflows/repo-assist.md,False,0ae10905c47f310d0ed58a020a4e611c0f890442,2026-03-08 00:31:06+00:00,22.0,22.0,1.0,1.0
1649,342,fsprojects/FSharp.Data.SqlClient,fsprojects,repo-assist.md,6,2026-03-23 19:12:45+00:00,False,githubnext/agentics/workflows/repo-assist.md@4957663821dbb3260348084fa2f1659701950fef,ok,githubnext/agentics/workflows/repo-assist.md,githubnext/agentics/workflows/repo-assist.md,githubnext/agentics/workflows/repo-assist.md,False,0ae10905c47f310d0ed58a020a4e611c0f890442,2026-03-08 00:31:06+00:00,22.0,22.0,1.0,1.0
1650,342,fsprojects/FSharp.Data.SqlClient,fsprojects,repo-assist.md,7,2026-03-29 14:03:27+00:00,False,githubnext/agentics/workflows/repo-assist.md@1f672aef974f4246124860fc532f82fe8a93a57e,ok,githubnext/agentics/workflows/repo-assist.md,githubnext/agentics/workflows/repo-assist.md,githubnext/agentics/workflows/repo-assist.md,False,0ae10905c47f310d0ed58a020a4e611c0f890442,2026-03-08 00:31:06+00:00,22.0,22.0,1.0,1.0
1651,342,fsprojects/FSharp.Data.SqlClient,fsprojects,repo-assist.md,8,2026-04-01 17:52:19+00:00,False,githubnext/agentics/workflows/repo-assist.md@e1ecf341a90b7bc2021e77c58685d7e269e20b99,ok,githubnext/agentics/workflows/repo-assist.md,githubnext/agentics/workflows/repo-assist.md,githubnext/agentics/workflows/repo-assist.md,False,0ae10905c47f310d0ed58a020a4e611c0f890442,2026-03-08 00:31:06+00:00,22.0,22.0,1.0,1.0
1652,342,fsprojects/FSharp.Data.SqlClient,fsprojects,repo-assist.md,9,2026-04-03 00:41:43+00:00,False,githubnext/agentics/workflows/repo-assist.md@4ea8c81959909f40373e2a5c2b7fdb54ea19e0a5,ok,githubnext/agentics/workflows/repo-assist.md,githubnext/agentics/workflows/repo-assist.md,githubnext/agentics/workflows/repo-assist.md,False,0ae10905c47f310d0ed58a020a4e611c0f890442,2026-03-08 00:31:06+00:00,22.0,22.0,1.0,1.0
1653,342,fsprojects/FSharp.Data.SqlClient,fsprojects,repo-assist.md,10,2026-04-04 14:51:03+00:00,False,githubnext/agentics/workflows/repo-assist.md@7ee2b60744abf71b985bead4599640f165edcd93,ok,githubnext/agentics/workflows/repo-assist.md,githubnext/agentics/workflows/repo-assist.md,githubnext/agentics/workflows/repo-assist.md,False,0ae10905c47f310d0ed58a020a4e611c0f890442,2026-03-08 00:31:06+00:00,22.0,22.0,1.0,1.0
1654,342,fsprojects/FSharp.Data.SqlClient,fsprojects,repo-assist.md,11,2026-04-12 04:44:46+00:00,False,githubnext/agentics/workflows/repo-assist.md@97143ac59cb3a13ef2a77581f929f06719c7402a,ok,githubnext/agentics/workflows/repo-assist.md,githubnext/agentics/workflows/repo-assist.md,githubnext/agentics/workflows/repo-assist.md,False,0ae10905c47f310d0ed58a020a4e611c0f890442,2026-03-08 00:31:06+00:00,22.0,22.0,1.0,1.0
1655,342,fsprojects/FSharp.Data.SqlClient,fsprojects,repo-assist.md,12,2026-04-20 02:53:31+00:00,False,githubnext/agentics/workflows/repo-assist.md@96b9d4c39aa22359c0b38265927eadb31dcf4e2a,ok,githubnext/agentics/workflows/repo-assist.md,githubnext/agentics/workflows/repo-assist.md,githubnext/agentics/workflows/repo-assist.md,False,0ae10905c47f310d0ed58a020a4e611c0f890442,2026-03-08 00:31:06+00:00,22.0,22.0,1.0,1.0
1656,342,fsprojects/FSharp.Data.SqlClient,fsprojects,repo-assist.md,13,2026-05-06 12:29:05+00:00,False,githubnext/agentics/workflows/repo-assist.md@fc4ab36dedc44e2a1cdc195cecce262f06c81230,ok,githubnext/agentics/workflows/repo-assist.md,githubnext/agentics/workflows/repo-assist.md,githubnext/agentics/workflows/repo-assist.md,False,f2cfb4fb924dbd58ea9b4235d18e905c9040b0ca,2026-04-30 09:16:02+00:00,23.0,23.0,1.0,1.0
1657,342,fsprojects/FSharp.Data.SqlClient,fsprojects,repo-assist.md,14,2026-05-09 12:24:37+00:00,False,githubnext/agentics/workflows/repo-assist.md@c7d030cd6d4607b90d9ac3ffc8b24aff4f251632,ok,githubnext/agentics/workflows/repo-assist.md,githubnext/agentics/workflows/repo-assist.md,githubnext/agentics/workflows/repo-assist.md,False,c7d030cd6d4607b90d9ac3ffc8b24aff4f251632,2026-05-09 12:20:41+00:00,25.0,25.0,1.0,1.0
1658,342,fsprojects/FSharp.Data.SqlClient,fsprojects,repo-assist.md,15,2026-06-03 14:33:59+00:00,False,githubnext/agentics/workflows/repo-assist.md@c02eadfca420f2b351f9fcaee883c507a63ca316,ok,githubnext/agentics/workflows/repo-assist.md,githubnext/agentics/workflows/repo-assist.md,githubnext/agentics/workflows/repo-assist.md,False,c7d030cd6d4607b90d9ac3ffc8b24aff4f251632,2026-05-09 12:20:41+00:00,25.0,25.0,1.0,1.0
1659,342,fsprojects/FSharp.Data.SqlClient,fsprojects,repo-assist.md,16,2026-06-12 18:19:38+00:00,False,githubnext/agentics/workflows/repo-assist.md@e15e57b40918dbca11b350c55d02ab61934afa75,ok,githubnext/agentics/workflows/repo-assist.md,githubnext/agentics/workflows/repo-assist.md,githubnext/agentics/workflows/repo-assist.md,False,c7d030cd6d4607b90d9ac3ffc8b24aff4f251632,2026-05-09 12:20:41+00:00,25.0,25.0,1.0,1.0
1660,343,fslaborg/FSharp.Stats,fslaborg,repo-assist.md,1,2026-03-22 23:31:44+00:00,False,githubnext/agentics/workflows/repo-assist.md@d88ca0e8ee2b080fcba4490ac5b657c98a0eb26b,ok,githubnext/agentics/workflows/repo-assist.md,githubnext/agentics/workflows/repo-assist.md,githubnext/agentics/workflows/repo-assist.md,False,0ae10905c47f310d0ed58a020a4e611c0f890442,2026-03-08 00:31:06+00:00,22.0,22.0,1.0,1.0
1661,343,fslaborg/FSharp.Stats,fslaborg,repo-assist.md,2,2026-03-23 19:17:09+00:00,False,githubnext/agentics/workflows/repo-assist.md@4957663821dbb3260348084fa2f1659701950fef,ok,githubnext/agentics/workflows/repo-assist.md,githubnext/agentics/workflows/repo-assist.md,githubnext/agentics/workflows/repo-assist.md,False,0ae10905c47f310d0ed58a020a4e611c0f890442,2026-03-08 00:31:06+00:00,22.0,22.0,1.0,1.0
1662,343,fslaborg/FSharp.Stats,fslaborg,repo-assist.md,3,2026-03-26 23:23:38+00:00,False,githubnext/agentics/workflows/repo-assist.md@1f672aef974f4246124860fc532f82fe8a93a57e,ok,githubnext/agentics/workflows/repo-assist.md,githubnext/agentics/workflows/repo-assist.md,githubnext/agentics/workflows/repo-assist.md,False,0ae10905c47f310d0ed58a020a4e611c0f890442,2026-03-08 00:31:06+00:00,22.0,22.0,1.0,1.0
1663,343,fslaborg/FSharp.Stats,fslaborg,repo-assist.md,4,2026-04-01 17:53:51+00:00,False,githubnext/agentics/workflows/repo-assist.md@e1ecf341a90b7bc2021e77c58685d7e269e20b99,ok,githubnext/agentics/workflows/repo-assist.md,githubnext/agentics/workflows/repo-assist.md,githubnext/agentics/workflows/repo-assist.md,False,0ae10905c47f310d0ed58a020a4e611c0f890442,2026-03-08 00:31:06+00:00,22.0,22.0,1.0,1.0
1664,343,fslaborg/FSharp.Stats,fslaborg,repo-assist.md,5,2026-04-03 00:44:44+00:00,False,githubnext/agentics/workflows/repo-assist.md@4ea8c81959909f40373e2a5c2b7fdb54ea19e0a5,ok,githubnext/agentics/workflows/repo-assist.md,githubnext/agentics/workflows/repo-assist.md,githubnext/agentics/workflows/repo-assist.md,False,0ae10905c47f310d0ed58a020a4e611c0f890442,2026-03-08 00:31:06+00:00,22.0,22.0,1.0,1.0
1665,343,fslaborg/FSharp.Stats,fslaborg,repo-assist.md,6,2026-04-04 14:52:03+00:00,False,githubnext/agentics/workflows/repo-assist.md@7ee2b60744abf71b985bead4599640f165edcd93,ok,githubnext/agentics/workflows/repo-assist.md,githubnext/agentics/workflows/repo-assist.md,githubnext/agentics/workflows/repo-assist.md,False,0ae10905c47f310d0ed58a020a4e611c0f890442,2026-03-08 00:31:06+00:00,22.0,22.0,1.0,1.0
1666,343,fslaborg/FSharp.Stats,fslaborg,repo-assist.md,7,2026-04-12 04:46:40+00:00,False,githubnext/agentics/workflows/repo-assist.md@97143ac59cb3a13ef2a77581f929f06719c7402a,ok,githubnext/agentics/workflows/repo-assist.md,githubnext/agentics/workflows/repo-assist.md,githubnext/agentics/workflows/repo-assist.md,False,0ae10905c47f310d0ed58a020a4e611c0f890442,2026-03-08 00:31:06+00:00,22.0,22.0,1.0,1.0
1667,343,fslaborg/FSharp.Stats,fslaborg,repo-assist.md,8,2026-04-20 02:27:02+00:00,False,githubnext/agentics/workflows/repo-assist.md@97143ac59cb3a13ef2a77581f929f06719c7402a,ok,githubnext/agentics/workflows/repo-assist.md,githubnext/agentics/workflows/repo-assist.md,githubnext/agentics/workflows/repo-assist.md,False,0ae10905c47f310d0ed58a020a4e611c0f890442,2026-03-08 00:31:06+00:00,22.0,22.0,1.0,1.0
1668,343,fslaborg/FSharp.Stats,fslaborg,repo-assist.md,9,2026-04-20 02:56:07+00:00,False,githubnext/agentics/workflows/repo-assist.md@96b9d4c39aa22359c0b38265927eadb31dcf4e2a,ok,githubnext/agentics/workflows/repo-assist.md,githubnext/agentics/workflows/repo-assist.md,githubnext/agentics/workflows/repo-assist.md,False,0ae10905c47f310d0ed58a020a4e611c0f890442,2026-03-08 00:31:06+00:00,22.0,22.0,1.0,1.0
1669,343,fslaborg/FSharp.Stats,fslaborg,repo-assist.md,10,2026-05-06 12:31:06+00:00,False,githubnext/agentics/workflows/repo-assist.md@fc4ab36dedc44e2a1cdc195cecce262f06c81230,ok,githubnext/agentics/workflows/repo-assist.md,githubnext/agentics/workflows/repo-assist.md,githubnext/agentics/workflows/repo-assist.md,False,f2cfb4fb924dbd58ea9b4235d18e905c9040b0ca,2026-04-30 09:16:02+00:00,23.0,23.0,1.0,1.0
1670,343,fslaborg/FSharp.Stats,fslaborg,repo-assist.md,11,2026-05-09 12:26:49+00:00,False,githubnext/agentics/workflows/repo-assist.md@c7d030cd6d4607b90d9ac3ffc8b24aff4f251632,ok,githubnext/agentics/workflows/repo-assist.md,githubnext/agentics/workflows/repo-assist.md,githubnext/agentics/workflows/repo-assist.md,False,c7d030cd6d4607b90d9ac3ffc8b24aff4f251632,2026-05-09 12:20:41+00:00,25.0,25.0,1.0,1.0
1671,343,fslaborg/FSharp.Stats,fslaborg,repo-assist.md,12,2026-06-03 14:38:00+00:00,False,githubnext/agentics/workflows/repo-assist.md@c02eadfca420f2b351f9fcaee883c507a63ca316,ok,githubnext/agentics/workflows/repo-assist.md,githubnext/agentics/workflows/repo-assist.md,githubnext/agentics/workflows/repo-assist.md,False,c7d030cd6d4607b90d9ac3ffc8b24aff4f251632,2026-05-09 12:20:41+00:00,25.0,25.0,1.0,1.0
1672,343,fslaborg/FSharp.Stats,fslaborg,repo-assist.md,13,2026-06-12 18:21:45+00:00,False,githubnext/agentics/workflows/repo-assist.md@e15e57b40918dbca11b350c55d02ab61934afa75,ok,githubnext/agentics/workflows/repo-assist.md,githubnext/agentics/workflows/repo-assist.md,githubnext/agentics/workflows/repo-assist.md,False,c7d030cd6d4607b90d9ac3ffc8b24aff4f251632,2026-05-09 12:20:41+00:00,25.0,25.0,1.0,1.0
1673,344,fsprojects/FSharp.Control.AsyncSeq,fsprojects,repo-assist.md,1,2026-02-21 13:56:20+00:00,False,githubnext/agentics/workflows/repo-assist.md@6c79ed2cf36b9cfa0f5b499d00a0afc4a5d8f0c0,ok,githubnext/agentics/workflows/repo-assist.md,githubnext/agentics/workflows/repo-assist.md,githubnext/agentics/workflows/repo-assist.md,False,897b5c62f2e8c6fc729c6d385157de0b39a02d70,2026-02-21 13:44:06+00:00,2.0,2.0,1.0,1.0
1674,344,fsprojects/FSharp.Control.AsyncSeq,fsprojects,repo-assist.md,2,2026-02-21 14:31:35+00:00,False,githubnext/agentics/workflows/repo-assist.md@6c79ed2cf36b9cfa0f5b499d00a0afc4a5d8f0c0,ok,githubnext/agentics/workflows/repo-assist.md,githubnext/agentics/workflows/repo-assist.md,githubnext/agentics/workflows/repo-assist.md,False,897b5c62f2e8c6fc729c6d385157de0b39a02d70,2026-02-21 13:44:06+00:00,2.0,2.0,1.0,1.0
1675,344,fsprojects/FSharp.Control.AsyncSeq,fsprojects,repo-assist.md,3,2026-02-21 15:42:31+00:00,False,githubnext/agentics/workflows/repo-assist.md@b6889159077cab6c0e585a31dcda5808c6a06aed,ok,githubnext/agentics/workflows/repo-assist.md,githubnext/agentics/workflows/repo-assist.md,githubnext/agentics/workflows/repo-assist.md,False,b6889159077cab6c0e585a31dcda5808c6a06aed,2026-02-21 14:43:04+00:00,3.0,3.0,1.0,1.0
1676,344,fsprojects/FSharp.Control.AsyncSeq,fsprojects,repo-assist.md,4,2026-02-21 23:49:34+00:00,False,githubnext/agentics/workflows/repo-assist.md@4cb6855f0b3c0a719d7d5c3af44d1646450e63e9,ok,githubnext/agentics/workflows/repo-assist.md,githubnext/agentics/workflows/repo-assist.md,githubnext/agentics/workflows/repo-assist.md,False,4cb6855f0b3c0a719d7d5c3af44d1646450e63e9,2026-02-21 18:46:49+00:00,4.0,4.0,1.0,1.0
1677,344,fsprojects/FSharp.Control.AsyncSeq,fsprojects,repo-assist.md,5,2026-02-22 00:16:24+00:00,False,githubnext/agentics/workflows/repo-assist.md@b0296681ad309e6455276244363810b1e7d98335,ok,githubnext/agentics/workflows/repo-assist.md,githubnext/agentics/workflows/repo-assist.md,githubnext/agentics/workflows/repo-assist.md,False,4cb6855f0b3c0a719d7d5c3af44d1646450e63e9,2026-02-21 18:46:49+00:00,4.0,5.0,0.9941,1.0
1678,344,fsprojects/FSharp.Control.AsyncSeq,fsprojects,repo-assist.md,6,2026-02-22 08:16:58+00:00,False,githubnext/agentics/workflows/repo-assist.md@077cdbca7864e820e3425e9598cf1269d3dce05a,ok,githubnext/agentics/workflows/repo-assist.md,githubnext/agentics/workflows/repo-assist.md,githubnext/agentics/workflows/repo-assist.md,False,077cdbca7864e820e3425e9598cf1269d3dce05a,2026-02-22 08:11:47+00:00,6.0,6.0,1.0,1.0
1679,344,fsprojects/FSharp.Control.AsyncSeq,fsprojects,repo-assist.md,7,2026-02-22 16:28:14+00:00,False,githubnext/agentics/workflows/repo-assist.md@0d6e8cf9db90470cd5477c6a40b350fd9f9e1422,ok,githubnext/agentics/workflows/repo-assist.md,githubnext/agentics/workflows/repo-assist.md,githubnext/agentics/workflows/repo-assist.md,False,0d6e8cf9db90470cd5477c6a40b350fd9f9e1422,2026-02-22 16:26:08+00:00,7.0,7.0,1.0,1.0
1680,344,fsprojects/FSharp.Control.AsyncSeq,fsprojects,repo-assist.md,8,2026-02-22 17:57:25+00:00,False,githubnext/agentics/workflows/repo-assist.md@595b7a9c567ba4dce05ca824aec6e74b4dc545b8,ok,githubnext/agentics/workflows/repo-assist.md,githubnext/agentics/workflows/repo-assist.md,githubnext/agentics/workflows/repo-assist.md,False,595b7a9c567ba4dce05ca824aec6e74b4dc545b8,2026-02-22 17:27:19+00:00,8.0,9.0,1.0,1.0
1681,344,fsprojects/FSharp.Control.AsyncSeq,fsprojects,repo-assist.md,9,2026-02-22 18:34:44+00:00,False,githubnext/agentics/workflows/repo-assist.md@de40494d3f62516449f458c4f8d8d2fe370708fe,ok,githubnext/agentics/workflows/repo-assist.md,githubnext/agentics/workflows/repo-assist.md,githubnext/agentics/workflows/repo-assist.md,False,de40494d3f62516449f458c4f8d8d2fe370708fe,2026-02-22 18:34:24+00:00,11.0,11.0,1.0,1.0
1682,344,fsprojects/FSharp.Control.AsyncSeq,fsprojects,repo-assist.md,10,2026-02-22 18:54:20+00:00,False,githubnext/agentics/workflows/repo-assist.md@ee50a3b7d1d3eb4a8c409ac9409fd61c9a66b0f5,ok,githubnext/agentics/workflows/repo-assist.md,githubnext/agentics/workflows/repo-assist.md,githubnext/agentics/workflows/repo-assist.md,False,ee50a3b7d1d3eb4a8c409ac9409fd61c9a66b0f5,2026-02-22 18:54:03+00:00,12.0,12.0,1.0,1.0
1683,344,fsprojects/FSharp.Control.AsyncSeq,fsprojects,repo-assist.md,11,2026-02-22 22:43:57+00:00,False,githubnext/agentics/workflows/repo-assist.md@828ac109efb43990f59475cbfce90ede5546586c,ok,githubnext/agentics/workflows/repo-assist.md,githubnext/agentics/workflows/repo-assist.md,githubnext/agentics/workflows/repo-assist.md,False,828ac109efb43990f59475cbfce90ede5546586c,2026-02-22 22:43:36+00:00,13.0,13.0,1.0,1.0
1684,344,fsprojects/FSharp.Control.AsyncSeq,fsprojects,repo-assist.md,12,2026-02-23 19:47:53+00:00,False,githubnext/agentics/workflows/repo-assist.md@2f03fdaafb8c1ae62dfde7e0be762a822a201aeb,ok,githubnext/agentics/workflows/repo-assist.md,githubnext/agentics/workflows/repo-assist.md,githubnext/agentics/workflows/repo-assist.md,False,2f03fdaafb8c1ae62dfde7e0be762a822a201aeb,2026-02-23 19:47:18+00:00,14.0,14.0,1.0,1.0
1685,344,fsprojects/FSharp.Control.AsyncSeq,fsprojects,repo-assist.md,13,2026-02-24 04:17:42+00:00,False,githubnext/agentics/workflows/repo-assist.md@b0e9cfd3a20372ce7fe0462bb7bbca2272df4a88,ok,githubnext/agentics/workflows/repo-assist.md,githubnext/agentics/workflows/repo-assist.md,githubnext/agentics/workflows/repo-assist.md,False,2f03fdaafb8c1ae62dfde7e0be762a822a201aeb,2026-02-23 19:47:18+00:00,14.0,15.0,1.0,1.0
1686,344,fsprojects/FSharp.Control.AsyncSeq,fsprojects,repo-assist.md,14,2026-02-24 19:09:32+00:00,False,githubnext/agentics/workflows/repo-assist.md@b87234850bf9664d198f28a02df0f937d0447295,ok,githubnext/agentics/workflows/repo-assist.md,githubnext/agentics/workflows/repo-assist.md,githubnext/agentics/workflows/repo-assist.md,False,2f03fdaafb8c1ae62dfde7e0be762a822a201aeb,2026-02-23 19:47:18+00:00,14.0,15.0,1.0,1.0
1687,344,fsprojects/FSharp.Control.AsyncSeq,fsprojects,repo-assist.md,15,2026-02-25 19:21:43+00:00,False,githubnext/agentics/workflows/repo-assist.md@f2c5cf1e4af58e09a93ba0703c6bf084711b265f,ok,githubnext/agentics/workflows/repo-assist.md,githubnext/agentics/workflows/repo-assist.md,githubnext/agentics/workflows/repo-assist.md,False,dcdcfd1fff79a8908465335200473a87fdee86f4,2026-02-25 19:20:49+00:00,16.0,16.0,1.0,1.0
1688,344,fsprojects/FSharp.Control.AsyncSeq,fsprojects,repo-assist.md,16,2026-02-26 11:33:50+00:00,False,githubnext/agentics/workflows/repo-assist.md@69c1ee19e39e6aaba35519aafefb5cbf314de323,ok,githubnext/agentics/workflows/repo-assist.md,githubnext/agentics/workflows/repo-assist.md,githubnext/agentics/workflows/repo-assist.md,False,69c1ee19e39e6aaba35519aafefb5cbf314de323,2026-02-26 11:32:52+00:00,17.0,17.0,1.0,1.0
1689,344,fsprojects/FSharp.Control.AsyncSeq,fsprojects,repo-assist.md,17,2026-02-26 13:41:14+00:00,False,githubnext/agentics/workflows/repo-assist.md@afb00b92a9514fee9a14c583f059a03d05738f70,ok,githubnext/agentics/workflows/repo-assist.md,githubnext/agentics/workflows/repo-assist.md,githubnext/agentics/workflows/repo-assist.md,False,afb00b92a9514fee9a14c583f059a03d05738f70,2026-02-26 13:40:39+00:00,18.0,18.0,1.0,1.0
1690,344,fsprojects/FSharp.Control.AsyncSeq,fsprojects,repo-assist.md,18,2026-03-01 01:27:02+00:00,False,githubnext/agentics/workflows/repo-assist.md@da02dddebe71d9a937665abdcd1f5214dab852a7,ok,githubnext/agentics/workflows/repo-assist.md,githubnext/agentics/workflows/repo-assist.md,githubnext/agentics/workflows/repo-assist.md,False,afb00b92a9514fee9a14c583f059a03d05738f70,2026-02-26 13:40:39+00:00,18.0,18.0,1.0,1.0
1691,344,fsprojects/FSharp.Control.AsyncSeq,fsprojects,repo-assist.md,19,2026-03-03 23:37:56+00:00,False,githubnext/agentics/workflows/repo-assist.md@10f087607af87e4e89439161f1e5d4724235f396,ok,githubnext/agentics/workflows/repo-assist.md,githubnext/agentics/workflows/repo-assist.md,githubnext/agentics/workflows/repo-assist.md,False,afb00b92a9514fee9a14c583f059a03d05738f70,2026-02-26 13:40:39+00:00,18.0,18.0,1.0,1.0
1692,344,fsprojects/FSharp.Control.AsyncSeq,fsprojects,repo-assist.md,20,2026-03-07 00:13:33+00:00,False,githubnext/agentics/workflows/repo-assist.md@69dc52f93e6abaaeb199c24e22b401f5bb1bac6f,ok,githubnext/agentics/workflows/repo-assist.md,githubnext/agentics/workflows/repo-assist.md,githubnext/agentics/workflows/repo-assist.md,False,69dc52f93e6abaaeb199c24e22b401f5bb1bac6f,2026-03-07 00:06:02+00:00,19.0,19.0,1.0,1.0
1693,344,fsprojects/FSharp.Control.AsyncSeq,fsprojects,repo-assist.md,21,2026-03-07 00:14:25+00:00,False,githubnext/agentics/workflows/repo-assist.md@69dc52f93e6abaaeb199c24e22b401f5bb1bac6f,ok,githubnext/agentics/workflows/repo-assist.md,githubnext/agentics/workflows/repo-assist.md,githubnext/agentics/workflows/repo-assist.md,False,69dc52f93e6abaaeb199c24e22b401f5bb1bac6f,2026-03-07 00:06:02+00:00,19.0,19.0,1.0,1.0
1694,344,fsprojects/FSharp.Control.AsyncSeq,fsprojects,repo-assist.md,22,2026-03-07 00:35:13+00:00,False,githubnext/agentics/workflows/repo-assist.md@8e6d7c86bba37371d2d0eee1a23563db3e561eb5,ok,githubnext/agentics/workflows/repo-assist.md,githubnext/agentics/workflows/repo-assist.md,githubnext/agentics/workflows/repo-assist.md,False,69dc52f93e6abaaeb199c24e22b401f5bb1bac6f,2026-03-07 00:06:02+00:00,19.0,19.0,1.0,1.0
1695,344,fsprojects/FSharp.Control.AsyncSeq,fsprojects,repo-assist.md,23,2026-03-08 22:31:30+00:00,False,githubnext/agentics/workflows/repo-assist.md@346204513ecfa08b81566450d7d599556807389f,ok,githubnext/agentics/workflows/repo-assist.md,githubnext/agentics/workflows/repo-assist.md,githubnext/agentics/workflows/repo-assist.md,False,0ae10905c47f310d0ed58a020a4e611c0f890442,2026-03-08 00:31:06+00:00,22.0,22.0,1.0,1.0
1696,344,fsprojects/FSharp.Control.AsyncSeq,fsprojects,repo-assist.md,24,2026-03-19 02:11:22+00:00,False,githubnext/agentics/workflows/repo-assist.md@d7e73661688ef2fdea152135a791e28008f73ebd,ok,githubnext/agentics/workflows/repo-assist.md,githubnext/agentics/workflows/repo-assist.md,githubnext/agentics/workflows/repo-assist.md,False,0ae10905c47f310d0ed58a020a4e611c0f890442,2026-03-08 00:31:06+00:00,22.0,22.0,1.0,1.0
1697,344,fsprojects/FSharp.Control.AsyncSeq,fsprojects,repo-assist.md,25,2026-03-19 03:25:55+00:00,False,githubnext/agentics/workflows/repo-assist.md@d1d884596e62351dd652ae78465885dd32f0dd7d,ok,githubnext/agentics/workflows/repo-assist.md,githubnext/agentics/workflows/repo-assist.md,githubnext/agentics/workflows/repo-assist.md,False,0ae10905c47f310d0ed58a020a4e611c0f890442,2026-03-08 00:31:06+00:00,22.0,22.0,1.0,1.0
1698,344,fsprojects/FSharp.Control.AsyncSeq,fsprojects,repo-assist.md,26,2026-03-23 19:10:49+00:00,False,githubnext/agentics/workflows/repo-assist.md@4957663821dbb3260348084fa2f1659701950fef,ok,githubnext/agentics/workflows/repo-assist.md,githubnext/agentics/workflows/repo-assist.md,githubnext/agentics/workflows/repo-assist.md,False,0ae10905c47f310d0ed58a020a4e611c0f890442,2026-03-08 00:31:06+00:00,22.0,22.0,1.0,1.0
1699,344,fsprojects/FSharp.Control.AsyncSeq,fsprojects,repo-assist.md,27,2026-03-26 23:21:55+00:00,False,githubnext/agentics/workflows/repo-assist.md@1f672aef974f4246124860fc532f82fe8a93a57e,ok,githubnext/agentics/workflows/repo-assist.md,githubnext/agentics/workflows/repo-assist.md,githubnext/agentics/workflows/repo-assist.md,False,0ae10905c47f310d0ed58a020a4e611c0f890442,2026-03-08 00:31:06+00:00,22.0,22.0,1.0,1.0
1700,344,fsprojects/FSharp.Control.AsyncSeq,fsprojects,repo-assist.md,28,2026-04-01 17:51:30+00:00,False,githubnext/agentics/workflows/repo-assist.md@e1ecf341a90b7bc2021e77c58685d7e269e20b99,ok,githubnext/agentics/workflows/repo-assist.md,githubnext/agentics/workflows/repo-assist.md,githubnext/agentics/workflows/repo-assist.md,False,0ae10905c47f310d0ed58a020a4e611c0f890442,2026-03-08 00:31:06+00:00,22.0,22.0,1.0,1.0
1701,344,fsprojects/FSharp.Control.AsyncSeq,fsprojects,repo-assist.md,29,2026-04-03 00:39:55+00:00,False,githubnext/agentics/workflows/repo-assist.md@4ea8c81959909f40373e2a5c2b7fdb54ea19e0a5,ok,githubnext/agentics/workflows/repo-assist.md,githubnext/agentics/workflows/repo-assist.md,githubnext/agentics/workflows/repo-assist.md,False,0ae10905c47f310d0ed58a020a4e611c0f890442,2026-03-08 00:31:06+00:00,22.0,22.0,1.0,1.0
1702,344,fsprojects/FSharp.Control.AsyncSeq,fsprojects,repo-assist.md,30,2026-04-04 14:50:18+00:00,False,githubnext/agentics/workflows/repo-assist.md@7ee2b60744abf71b985bead4599640f165edcd93,ok,githubnext/agentics/workflows/repo-assist.md,githubnext/agentics/workflows/repo-assist.md,githubnext/agentics/workflows/repo-assist.md,False,0ae10905c47f310d0ed58a020a4e611c0f890442,2026-03-08 00:31:06+00:00,22.0,22.0,1.0,1.0
1703,344,fsprojects/FSharp.Control.AsyncSeq,fsprojects,repo-assist.md,31,2026-04-12 04:43:45+00:00,False,githubnext/agentics/workflows/repo-assist.md@97143ac59cb3a13ef2a77581f929f06719c7402a,ok,githubnext/agentics/workflows/repo-assist.md,githubnext/agentics/workflows/repo-assist.md,githubnext/agentics/workflows/repo-assist.md,False,0ae10905c47f310d0ed58a020a4e611c0f890442,2026-03-08 00:31:06+00:00,22.0,22.0,1.0,1.0
1704,344,fsprojects/FSharp.Control.AsyncSeq,fsprojects,repo-assist.md,32,2026-04-17 07:27:08+00:00,False,githubnext/agentics/workflows/repo-assist.md@11c9a2c442e519ff2b427bf58679f5a525353f76,ok,githubnext/agentics/workflows/repo-assist.md,githubnext/agentics/workflows/repo-assist.md,githubnext/agentics/workflows/repo-assist.md,False,0ae10905c47f310d0ed58a020a4e611c0f890442,2026-03-08 00:31:06+00:00,22.0,22.0,1.0,1.0
1705,344,fsprojects/FSharp.Control.AsyncSeq,fsprojects,repo-assist.md,33,2026-04-20 02:52:16+00:00,False,githubnext/agentics/workflows/repo-assist.md@96b9d4c39aa22359c0b38265927eadb31dcf4e2a,ok,githubnext/agentics/workflows/repo-assist.md,githubnext/agentics/workflows/repo-assist.md,githubnext/agentics/workflows/repo-assist.md,False,0ae10905c47f310d0ed58a020a4e611c0f890442,2026-03-08 00:31:06+00:00,22.0,22.0,1.0,1.0
1706,344,fsprojects/FSharp.Control.AsyncSeq,fsprojects,repo-assist.md,34,2026-05-01 07:52:45+00:00,False,githubnext/agentics/workflows/repo-assist.md@96b9d4c39aa22359c0b38265927eadb31dcf4e2a,ok,githubnext/agentics/workflows/repo-assist.md,githubnext/agentics/workflows/repo-assist.md,githubnext/agentics/workflows/repo-assist.md,False,0ae10905c47f310d0ed58a020a4e611c0f890442,2026-03-08 00:31:06+00:00,22.0,23.0,1.0,1.0
1707,344,fsprojects/FSharp.Control.AsyncSeq,fsprojects,repo-assist.md,35,2026-05-06 12:28:13+00:00,False,githubnext/agentics/workflows/repo-assist.md@fc4ab36dedc44e2a1cdc195cecce262f06c81230,ok,githubnext/agentics/workflows/repo-assist.md,githubnext/agentics/workflows/repo-assist.md,githubnext/agentics/workflows/repo-assist.md,False,f2cfb4fb924dbd58ea9b4235d18e905c9040b0ca,2026-04-30 09:16:02+00:00,23.0,23.0,1.0,1.0
1708,344,fsprojects/FSharp.Control.AsyncSeq,fsprojects,repo-assist.md,36,2026-05-09 12:23:42+00:00,False,githubnext/agentics/workflows/repo-assist.md@c7d030cd6d4607b90d9ac3ffc8b24aff4f251632,ok,githubnext/agentics/workflows/repo-assist.md,githubnext/agentics/workflows/repo-assist.md,githubnext/agentics/workflows/repo-assist.md,False,c7d030cd6d4607b90d9ac3ffc8b24aff4f251632,2026-05-09 12:20:41+00:00,25.0,25.0,1.0,1.0
1709,344,fsprojects/FSharp.Control.AsyncSeq,fsprojects,repo-assist.md,37,2026-06-03 14:32:31+00:00,False,githubnext/agentics/workflows/repo-assist.md@c02eadfca420f2b351f9fcaee883c507a63ca316,ok,githubnext/agentics/workflows/repo-assist.md,githubnext/agentics/workflows/repo-assist.md,githubnext/agentics/workflows/repo-assist.md,False,c7d030cd6d4607b90d9ac3ffc8b24aff4f251632,2026-05-09 12:20:41+00:00,25.0,25.0,1.0,1.0
1710,344,fsprojects/FSharp.Control.AsyncSeq,fsprojects,repo-assist.md,38,2026-06-12 18:18:46+00:00,False,githubnext/agentics/workflows/repo-assist.md@e15e57b40918dbca11b350c55d02ab61934afa75,ok,githubnext/agentics/workflows/repo-assist.md,githubnext/agentics/workflows/repo-assist.md,githubnext/agentics/workflows/repo-assist.md,False,c7d030cd6d4607b90d9ac3ffc8b24aff4f251632,2026-05-09 12:20:41+00:00,25.0,25.0,1.0,1.0
1711,345,fable-compiler/Fable.Python,fable-compiler,repo-assist.md,1,2026-04-16 01:12:27+00:00,False,,,,githubnext/agentics/workflows/repo-assist.md,githubnext/agentics/workflows/repo-assist.md,False,0ae10905c47f310d0ed58a020a4e611c0f890442,2026-03-08 00:31:06+00:00,22.0,22.0,0.68,
1712,345,fable-compiler/Fable.Python,fable-compiler,repo-assist.md,2,2026-05-09 11:16:40+00:00,False,,,,githubnext/agentics/workflows/repo-assist.md,githubnext/agentics/workflows/repo-assist.md,False,0ae10905c47f310d0ed58a020a4e611c0f890442,2026-03-08 00:31:06+00:00,22.0,24.0,0.68,
1713,346,fsprojects/FSharp.Control.TaskSeq,fsprojects,repo-assist.md,1,2026-03-07 19:08:31+00:00,False,githubnext/agentics/workflows/repo-assist.md@ec7d342403c9912c87320110f8822a8fbb817a0c,ok,githubnext/agentics/workflows/repo-assist.md,githubnext/agentics/workflows/repo-assist.md,githubnext/agentics/workflows/repo-assist.md,False,69dc52f93e6abaaeb199c24e22b401f5bb1bac6f,2026-03-07 00:06:02+00:00,19.0,20.0,1.0,1.0
1714,346,fsprojects/FSharp.Control.TaskSeq,fsprojects,repo-assist.md,2,2026-03-08 00:35:43+00:00,False,githubnext/agentics/workflows/repo-assist.md@4ee2ca4faa30612b9ed0d207472068f5efc9ecf3,ok,githubnext/agentics/workflows/repo-assist.md,githubnext/agentics/workflows/repo-assist.md,githubnext/agentics/workflows/repo-assist.md,False,30e497915b16f1f81b9a5e3afdf89f98228f8e3f,2026-03-08 00:03:03+00:00,21.0,22.0,1.0,1.0
1715,346,fsprojects/FSharp.Control.TaskSeq,fsprojects,repo-assist.md,3,2026-03-08 02:35:06+00:00,False,githubnext/agentics/workflows/repo-assist.md@5029c9574c7bd2baa70aab6c8de9ea09edf11803,ok,githubnext/agentics/workflows/repo-assist.md,githubnext/agentics/workflows/repo-assist.md,githubnext/agentics/workflows/repo-assist.md,False,0ae10905c47f310d0ed58a020a4e611c0f890442,2026-03-08 00:31:06+00:00,22.0,22.0,1.0,1.0
1716,346,fsprojects/FSharp.Control.TaskSeq,fsprojects,repo-assist.md,4,2026-03-08 22:31:51+00:00,False,githubnext/agentics/workflows/repo-assist.md@346204513ecfa08b81566450d7d599556807389f,ok,githubnext/agentics/workflows/repo-assist.md,githubnext/agentics/workflows/repo-assist.md,githubnext/agentics/workflows/repo-assist.md,False,0ae10905c47f310d0ed58a020a4e611c0f890442,2026-03-08 00:31:06+00:00,22.0,22.0,1.0,1.0
1717,346,fsprojects/FSharp.Control.TaskSeq,fsprojects,repo-assist.md,5,2026-03-12 02:41:38+00:00,False,githubnext/agentics/workflows/repo-assist.md@346204513ecfa08b81566450d7d599556807389f,ok,githubnext/agentics/workflows/repo-assist.md,githubnext/agentics/workflows/repo-assist.md,githubnext/agentics/workflows/repo-assist.md,False,0ae10905c47f310d0ed58a020a4e611c0f890442,2026-03-08 00:31:06+00:00,22.0,22.0,1.0,1.0
1718,346,fsprojects/FSharp.Control.TaskSeq,fsprojects,repo-assist.md,6,2026-03-19 02:12:20+00:00,False,githubnext/agentics/workflows/repo-assist.md@d7e73661688ef2fdea152135a791e28008f73ebd,ok,githubnext/agentics/workflows/repo-assist.md,githubnext/agentics/workflows/repo-assist.md,githubnext/agentics/workflows/repo-assist.md,False,0ae10905c47f310d0ed58a020a4e611c0f890442,2026-03-08 00:31:06+00:00,22.0,22.0,1.0,1.0
1719,346,fsprojects/FSharp.Control.TaskSeq,fsprojects,repo-assist.md,7,2026-03-19 03:26:37+00:00,False,githubnext/agentics/workflows/repo-assist.md@d1d884596e62351dd652ae78465885dd32f0dd7d,ok,githubnext/agentics/workflows/repo-assist.md,githubnext/agentics/workflows/repo-assist.md,githubnext/agentics/workflows/repo-assist.md,False,0ae10905c47f310d0ed58a020a4e611c0f890442,2026-03-08 00:31:06+00:00,22.0,22.0,1.0,1.0
1720,346,fsprojects/FSharp.Control.TaskSeq,fsprojects,repo-assist.md,8,2026-03-23 19:11:03+00:00,False,githubnext/agentics/workflows/repo-assist.md@4957663821dbb3260348084fa2f1659701950fef,ok,githubnext/agentics/workflows/repo-assist.md,githubnext/agentics/workflows/repo-assist.md,githubnext/agentics/workflows/repo-assist.md,False,0ae10905c47f310d0ed58a020a4e611c0f890442,2026-03-08 00:31:06+00:00,22.0,22.0,1.0,1.0
1721,346,fsprojects/FSharp.Control.TaskSeq,fsprojects,repo-assist.md,9,2026-03-26 23:22:08+00:00,False,githubnext/agentics/workflows/repo-assist.md@1f672aef974f4246124860fc532f82fe8a93a57e,ok,githubnext/agentics/workflows/repo-assist.md,githubnext/agentics/workflows/repo-assist.md,githubnext/agentics/workflows/repo-assist.md,False,0ae10905c47f310d0ed58a020a4e611c0f890442,2026-03-08 00:31:06+00:00,22.0,22.0,1.0,1.0
1722,346,fsprojects/FSharp.Control.TaskSeq,fsprojects,repo-assist.md,10,2026-04-01 17:51:46+00:00,False,githubnext/agentics/workflows/repo-assist.md@e1ecf341a90b7bc2021e77c58685d7e269e20b99,ok,githubnext/agentics/workflows/repo-assist.md,githubnext/agentics/workflows/repo-assist.md,githubnext/agentics/workflows/repo-assist.md,False,0ae10905c47f310d0ed58a020a4e611c0f890442,2026-03-08 00:31:06+00:00,22.0,22.0,1.0,1.0
1723,346,fsprojects/FSharp.Control.TaskSeq,fsprojects,repo-assist.md,11,2026-04-03 00:40:33+00:00,False,githubnext/agentics/workflows/repo-assist.md@4ea8c81959909f40373e2a5c2b7fdb54ea19e0a5,ok,githubnext/agentics/workflows/repo-assist.md,githubnext/agentics/workflows/repo-assist.md,githubnext/agentics/workflows/repo-assist.md,False,0ae10905c47f310d0ed58a020a4e611c0f890442,2026-03-08 00:31:06+00:00,22.0,22.0,1.0,1.0
1724,346,fsprojects/FSharp.Control.TaskSeq,fsprojects,repo-assist.md,12,2026-04-04 14:50:30+00:00,False,githubnext/agentics/workflows/repo-assist.md@7ee2b60744abf71b985bead4599640f165edcd93,ok,githubnext/agentics/workflows/repo-assist.md,githubnext/agentics/workflows/repo-assist.md,githubnext/agentics/workflows/repo-assist.md,False,0ae10905c47f310d0ed58a020a4e611c0f890442,2026-03-08 00:31:06+00:00,22.0,22.0,1.0,1.0
1725,346,fsprojects/FSharp.Control.TaskSeq,fsprojects,repo-assist.md,13,2026-04-12 04:43:59+00:00,False,githubnext/agentics/workflows/repo-assist.md@97143ac59cb3a13ef2a77581f929f06719c7402a,ok,githubnext/agentics/workflows/repo-assist.md,githubnext/agentics/workflows/repo-assist.md,githubnext/agentics/workflows/repo-assist.md,False,0ae10905c47f310d0ed58a020a4e611c0f890442,2026-03-08 00:31:06+00:00,22.0,22.0,1.0,1.0
1726,346,fsprojects/FSharp.Control.TaskSeq,fsprojects,repo-assist.md,14,2026-04-20 02:52:41+00:00,False,githubnext/agentics/workflows/repo-assist.md@96b9d4c39aa22359c0b38265927eadb31dcf4e2a,ok,githubnext/agentics/workflows/repo-assist.md,githubnext/agentics/workflows/repo-assist.md,githubnext/agentics/workflows/repo-assist.md,False,0ae10905c47f310d0ed58a020a4e611c0f890442,2026-03-08 00:31:06+00:00,22.0,22.0,1.0,1.0
1727,346,fsprojects/FSharp.Control.TaskSeq,fsprojects,repo-assist.md,15,2026-05-01 07:54:35+00:00,False,githubnext/agentics/workflows/repo-assist.md@96b9d4c39aa22359c0b38265927eadb31dcf4e2a,ok,githubnext/agentics/workflows/repo-assist.md,githubnext/agentics/workflows/repo-assist.md,githubnext/agentics/workflows/repo-assist.md,False,0ae10905c47f310d0ed58a020a4e611c0f890442,2026-03-08 00:31:06+00:00,22.0,23.0,1.0,1.0
1728,346,fsprojects/FSharp.Control.TaskSeq,fsprojects,repo-assist.md,16,2026-05-06 12:28:32+00:00,False,githubnext/agentics/workflows/repo-assist.md@fc4ab36dedc44e2a1cdc195cecce262f06c81230,ok,githubnext/agentics/workflows/repo-assist.md,githubnext/agentics/workflows/repo-assist.md,githubnext/agentics/workflows/repo-assist.md,False,f2cfb4fb924dbd58ea9b4235d18e905c9040b0ca,2026-04-30 09:16:02+00:00,23.0,23.0,1.0,1.0
1729,346,fsprojects/FSharp.Control.TaskSeq,fsprojects,repo-assist.md,17,2026-05-09 12:23:59+00:00,False,githubnext/agentics/workflows/repo-assist.md@c7d030cd6d4607b90d9ac3ffc8b24aff4f251632,ok,githubnext/agentics/workflows/repo-assist.md,githubnext/agentics/workflows/repo-assist.md,githubnext/agentics/workflows/repo-assist.md,False,c7d030cd6d4607b90d9ac3ffc8b24aff4f251632,2026-05-09 12:20:41+00:00,25.0,25.0,1.0,1.0
1730,346,fsprojects/FSharp.Control.TaskSeq,fsprojects,repo-assist.md,18,2026-06-03 14:33:00+00:00,False,githubnext/agentics/workflows/repo-assist.md@c02eadfca420f2b351f9fcaee883c507a63ca316,ok,githubnext/agentics/workflows/repo-assist.md,githubnext/agentics/workflows/repo-assist.md,githubnext/agentics/workflows/repo-assist.md,False,c7d030cd6d4607b90d9ac3ffc8b24aff4f251632,2026-05-09 12:20:41+00:00,25.0,25.0,1.0,1.0
1731,346,fsprojects/FSharp.Control.TaskSeq,fsprojects,repo-assist.md,19,2026-06-12 18:19:04+00:00,False,githubnext/agentics/workflows/repo-assist.md@e15e57b40918dbca11b350c55d02ab61934afa75,ok,githubnext/agentics/workflows/repo-assist.md,githubnext/agentics/workflows/repo-assist.md,githubnext/agentics/workflows/repo-assist.md,False,c7d030cd6d4607b90d9ac3ffc8b24aff4f251632,2026-05-09 12:20:41+00:00,25.0,25.0,1.0,1.0
1732,347,opsmill/infrahub,opsmill,bug-agent-analyst.md,1,2026-04-24 06:38:07+00:00,False,,,,githubnext/agentics/workflows/daily-test-improver.md,githubnext/agentics/workflows/daily-test-improver.md,False,600145940a960cc9d5518f12d84dfd58bb726c7c,2025-09-16 22:05:27+00:00,27.0,51.0,0.0692,
1733,347,opsmill/infrahub,opsmill,bug-agent-analyst.md,2,2026-05-05 13:51:27+00:00,False,,,,githubnext/agentics/workflows/daily-test-improver.md,githubnext/agentics/workflows/daily-test-improver.md,False,600145940a960cc9d5518f12d84dfd58bb726c7c,2025-09-16 22:05:27+00:00,27.0,51.0,0.0692,
1734,347,opsmill/infrahub,opsmill,bug-agent-analyst.md,3,2026-05-05 13:57:43+00:00,False,,,,githubnext/agentics/workflows/daily-test-improver.md,githubnext/agentics/workflows/daily-test-improver.md,False,600145940a960cc9d5518f12d84dfd58bb726c7c,2025-09-16 22:05:27+00:00,27.0,51.0,0.0692,
1735,347,opsmill/infrahub,opsmill,bug-agent-analyst.md,4,2026-05-05 15:25:03+00:00,False,,,,githubnext/agentics/workflows/daily-test-improver.md,githubnext/agentics/workflows/daily-test-improver.md,False,600145940a960cc9d5518f12d84dfd58bb726c7c,2025-09-16 22:05:27+00:00,27.0,51.0,0.0693,
1736,347,opsmill/infrahub,opsmill,bug-agent-analyst.md,5,2026-05-05 15:37:05+00:00,False,,,,githubnext/agentics/workflows/daily-test-improver.md,githubnext/agentics/workflows/daily-test-improver.md,False,600145940a960cc9d5518f12d84dfd58bb726c7c,2025-09-16 22:05:27+00:00,27.0,51.0,0.0693,
1737,347,opsmill/infrahub,opsmill,bug-agent-analyst.md,6,2026-05-05 21:09:41+00:00,False,,,,githubnext/agentics/workflows/daily-test-improver.md,githubnext/agentics/workflows/daily-test-improver.md,False,600145940a960cc9d5518f12d84dfd58bb726c7c,2025-09-16 22:05:27+00:00,27.0,51.0,0.0693,
1738,347,opsmill/infrahub,opsmill,bug-agent-analyst.md,7,2026-05-05 21:10:18+00:00,False,,,,githubnext/agentics/workflows/daily-test-improver.md,githubnext/agentics/workflows/daily-test-improver.md,False,600145940a960cc9d5518f12d84dfd58bb726c7c,2025-09-16 22:05:27+00:00,27.0,51.0,0.0693,
1739,347,opsmill/infrahub,opsmill,bug-agent-analyst.md,8,2026-05-05 21:10:57+00:00,False,,,,githubnext/agentics/workflows/daily-test-improver.md,githubnext/agentics/workflows/daily-test-improver.md,False,600145940a960cc9d5518f12d84dfd58bb726c7c,2025-09-16 22:05:27+00:00,27.0,51.0,0.0693,
1740,347,opsmill/infrahub,opsmill,bug-agent-analyst.md,9,2026-05-05 21:13:13+00:00,False,,,,githubnext/agentics/workflows/daily-test-improver.md,githubnext/agentics/workflows/daily-test-improver.md,False,600145940a960cc9d5518f12d84dfd58bb726c7c,2025-09-16 22:05:27+00:00,27.0,51.0,0.0693,
1741,347,opsmill/infrahub,opsmill,bug-agent-analyst.md,10,2026-05-21 08:48:57+00:00,False,,,,githubnext/agentics/workflows/daily-test-improver.md,githubnext/agentics/workflows/daily-test-improver.md,False,600145940a960cc9d5518f12d84dfd58bb726c7c,2025-09-16 22:05:27+00:00,27.0,51.0,0.0693,
1742,347,opsmill/infrahub,opsmill,bug-agent-analyst.md,11,2026-05-22 18:32:02+00:00,False,,,,githubnext/agentics/workflows/daily-test-improver.md,githubnext/agentics/workflows/daily-test-improver.md,False,600145940a960cc9d5518f12d84dfd58bb726c7c,2025-09-16 22:05:27+00:00,27.0,51.0,0.0693,
1743,347,opsmill/infrahub,opsmill,bug-agent-analyst.md,12,2026-05-26 17:59:11+00:00,False,,,,githubnext/agentics/workflows/daily-test-improver.md,githubnext/agentics/workflows/daily-test-improver.md,False,600145940a960cc9d5518f12d84dfd58bb726c7c,2025-09-16 22:05:27+00:00,27.0,51.0,0.0693,
1744,347,opsmill/infrahub,opsmill,bug-agent-analyst.md,13,2026-06-03 08:01:44+00:00,False,,,,githubnext/agentics/workflows/daily-test-improver.md,githubnext/agentics/workflows/daily-test-improver.md,False,600145940a960cc9d5518f12d84dfd58bb726c7c,2025-09-16 22:05:27+00:00,27.0,51.0,0.0693,
1745,348,opsmill/infrahub,opsmill,bug-agent-fix.md,1,2026-04-24 06:38:07+00:00,False,,,,githubnext/agentics/workflows/repo-assist.md,githubnext/agentics/workflows/repo-assist.md,False,08abb3ea9353c4cf4d0360c639203c7aed2aa493,2026-02-22 00:15:53+00:00,5.0,22.0,0.0757,
1746,348,opsmill/infrahub,opsmill,bug-agent-fix.md,2,2026-04-24 07:37:14+00:00,False,,,,githubnext/agentics/workflows/repo-assist.md,githubnext/agentics/workflows/repo-assist.md,False,08abb3ea9353c4cf4d0360c639203c7aed2aa493,2026-02-22 00:15:53+00:00,5.0,22.0,0.0742,
1747,348,opsmill/infrahub,opsmill,bug-agent-fix.md,3,2026-05-05 13:51:27+00:00,False,,,,githubnext/agentics/workflows/repo-assist.md,githubnext/agentics/workflows/repo-assist.md,False,08abb3ea9353c4cf4d0360c639203c7aed2aa493,2026-02-22 00:15:53+00:00,5.0,23.0,0.0742,
1748,348,opsmill/infrahub,opsmill,bug-agent-fix.md,4,2026-05-05 13:56:15+00:00,False,,,,githubnext/agentics/workflows/repo-assist.md,githubnext/agentics/workflows/repo-assist.md,False,08abb3ea9353c4cf4d0360c639203c7aed2aa493,2026-02-22 00:15:53+00:00,5.0,23.0,0.0742,
1749,348,opsmill/infrahub,opsmill,bug-agent-fix.md,5,2026-05-05 14:08:04+00:00,False,,,,githubnext/agentics/workflows/repo-assist.md,githubnext/agentics/workflows/repo-assist.md,False,08abb3ea9353c4cf4d0360c639203c7aed2aa493,2026-02-22 00:15:53+00:00,5.0,23.0,0.0742,
1750,348,opsmill/infrahub,opsmill,bug-agent-fix.md,6,2026-05-05 14:15:21+00:00,False,,,,githubnext/agentics/workflows/repo-assist.md,githubnext/agentics/workflows/repo-assist.md,False,08abb3ea9353c4cf4d0360c639203c7aed2aa493,2026-02-22 00:15:53+00:00,5.0,23.0,0.0742,
1751,348,opsmill/infrahub,opsmill,bug-agent-fix.md,7,2026-05-05 15:25:03+00:00,False,,,,githubnext/agentics/workflows/repo-assist.md,githubnext/agentics/workflows/repo-assist.md,False,08abb3ea9353c4cf4d0360c639203c7aed2aa493,2026-02-22 00:15:53+00:00,5.0,23.0,0.0744,
1752,348,opsmill/infrahub,opsmill,bug-agent-fix.md,8,2026-05-05 15:37:05+00:00,False,,,,githubnext/agentics/workflows/repo-assist.md,githubnext/agentics/workflows/repo-assist.md,False,08abb3ea9353c4cf4d0360c639203c7aed2aa493,2026-02-22 00:15:53+00:00,5.0,23.0,0.0744,
1753,348,opsmill/infrahub,opsmill,bug-agent-fix.md,9,2026-05-05 21:09:41+00:00,False,,,,githubnext/agentics/workflows/repo-assist.md,githubnext/agentics/workflows/repo-assist.md,False,08abb3ea9353c4cf4d0360c639203c7aed2aa493,2026-02-22 00:15:53+00:00,5.0,23.0,0.0744,
1754,348,opsmill/infrahub,opsmill,bug-agent-fix.md,10,2026-05-05 21:10:18+00:00,False,,,,githubnext/agentics/workflows/repo-assist.md,githubnext/agentics/workflows/repo-assist.md,False,08abb3ea9353c4cf4d0360c639203c7aed2aa493,2026-02-22 00:15:53+00:00,5.0,23.0,0.0744,
1755,348,opsmill/infrahub,opsmill,bug-agent-fix.md,11,2026-05-05 21:10:57+00:00,False,,,,githubnext/agentics/workflows/repo-assist.md,githubnext/agentics/workflows/repo-assist.md,False,08abb3ea9353c4cf4d0360c639203c7aed2aa493,2026-02-22 00:15:53+00:00,5.0,23.0,0.0744,
1756,348,opsmill/infrahub,opsmill,bug-agent-fix.md,12,2026-05-05 21:12:21+00:00,False,,,,githubnext/agentics/workflows/repo-assist.md,githubnext/agentics/workflows/repo-assist.md,False,08abb3ea9353c4cf4d0360c639203c7aed2aa493,2026-02-22 00:15:53+00:00,5.0,23.0,0.0744,
1757,348,opsmill/infrahub,opsmill,bug-agent-fix.md,13,2026-05-05 21:13:13+00:00,False,,,,githubnext/agentics/workflows/repo-assist.md,githubnext/agentics/workflows/repo-assist.md,False,08abb3ea9353c4cf4d0360c639203c7aed2aa493,2026-02-22 00:15:53+00:00,5.0,23.0,0.0744,
1758,348,opsmill/infrahub,opsmill,bug-agent-fix.md,14,2026-05-05 21:13:38+00:00,False,,,,githubnext/agentics/workflows/repo-assist.md,githubnext/agentics/workflows/repo-assist.md,False,08abb3ea9353c4cf4d0360c639203c7aed2aa493,2026-02-22 00:15:53+00:00,5.0,23.0,0.0744,
1759,348,opsmill/infrahub,opsmill,bug-agent-fix.md,15,2026-05-06 07:30:25+00:00,False,,,,githubnext/agentics/workflows/repo-assist.md,githubnext/agentics/workflows/repo-assist.md,False,08abb3ea9353c4cf4d0360c639203c7aed2aa493,2026-02-22 00:15:53+00:00,5.0,23.0,0.0744,
1760,348,opsmill/infrahub,opsmill,bug-agent-fix.md,16,2026-05-21 08:48:57+00:00,False,,,,githubnext/agentics/workflows/repo-assist.md,githubnext/agentics/workflows/repo-assist.md,False,08abb3ea9353c4cf4d0360c639203c7aed2aa493,2026-02-22 00:15:53+00:00,5.0,25.0,0.0744,
1761,348,opsmill/infrahub,opsmill,bug-agent-fix.md,17,2026-05-22 18:32:02+00:00,False,,,,githubnext/agentics/workflows/repo-assist.md,githubnext/agentics/workflows/repo-assist.md,False,08abb3ea9353c4cf4d0360c639203c7aed2aa493,2026-02-22 00:15:53+00:00,5.0,25.0,0.0744,
1762,348,opsmill/infrahub,opsmill,bug-agent-fix.md,18,2026-05-26 17:59:11+00:00,False,,,,githubnext/agentics/workflows/repo-assist.md,githubnext/agentics/workflows/repo-assist.md,False,08abb3ea9353c4cf4d0360c639203c7aed2aa493,2026-02-22 00:15:53+00:00,5.0,25.0,0.0744,
1763,348,opsmill/infrahub,opsmill,bug-agent-fix.md,19,2026-06-01 19:07:44+00:00,False,,,,githubnext/agentics/workflows/repo-assist.md,githubnext/agentics/workflows/repo-assist.md,False,08abb3ea9353c4cf4d0360c639203c7aed2aa493,2026-02-22 00:15:53+00:00,5.0,25.0,0.0744,
1764,348,opsmill/infrahub,opsmill,bug-agent-fix.md,20,2026-06-03 08:01:44+00:00,False,,,,githubnext/agentics/workflows/repo-assist.md,githubnext/agentics/workflows/repo-assist.md,False,08abb3ea9353c4cf4d0360c639203c7aed2aa493,2026-02-22 00:15:53+00:00,5.0,25.0,0.0744,
1765,349,opsmill/infrahub,opsmill,bug-agent-review.md,1,2026-04-24 06:38:07+00:00,False,,,,githubnext/agentics/workflows/repo-assist.md,githubnext/agentics/workflows/repo-assist.md,False,69dc52f93e6abaaeb199c24e22b401f5bb1bac6f,2026-03-07 00:06:02+00:00,19.0,22.0,0.0634,
1766,349,opsmill/infrahub,opsmill,bug-agent-review.md,2,2026-05-05 13:51:27+00:00,False,,,,githubnext/agentics/workflows/repo-assist.md,githubnext/agentics/workflows/repo-assist.md,False,69dc52f93e6abaaeb199c24e22b401f5bb1bac6f,2026-03-07 00:06:02+00:00,19.0,23.0,0.0634,
1767,349,opsmill/infrahub,opsmill,bug-agent-review.md,3,2026-05-05 15:25:03+00:00,False,,,,githubnext/agentics/workflows/repo-assist.md,githubnext/agentics/workflows/repo-assist.md,False,69dc52f93e6abaaeb199c24e22b401f5bb1bac6f,2026-03-07 00:06:02+00:00,19.0,23.0,0.0634,
1768,349,opsmill/infrahub,opsmill,bug-agent-review.md,4,2026-05-05 15:41:28+00:00,False,,,,githubnext/agentics/workflows/repo-assist.md,githubnext/agentics/workflows/repo-assist.md,False,69dc52f93e6abaaeb199c24e22b401f5bb1bac6f,2026-03-07 00:06:02+00:00,19.0,23.0,0.0634,
1769,349,opsmill/infrahub,opsmill,bug-agent-review.md,5,2026-05-05 18:48:33+00:00,False,,,,githubnext/agentics/workflows/repo-assist.md,githubnext/agentics/workflows/repo-assist.md,False,69dc52f93e6abaaeb199c24e22b401f5bb1bac6f,2026-03-07 00:06:02+00:00,19.0,23.0,0.0634,
1770,349,opsmill/infrahub,opsmill,bug-agent-review.md,6,2026-05-05 21:09:41+00:00,False,,,,githubnext/agentics/workflows/repo-assist.md,githubnext/agentics/workflows/repo-assist.md,False,69dc52f93e6abaaeb199c24e22b401f5bb1bac6f,2026-03-07 00:06:02+00:00,19.0,23.0,0.0634,
1771,349,opsmill/infrahub,opsmill,bug-agent-review.md,7,2026-05-05 21:10:18+00:00,False,,,,githubnext/agentics/workflows/repo-assist.md,githubnext/agentics/workflows/repo-assist.md,False,69dc52f93e6abaaeb199c24e22b401f5bb1bac6f,2026-03-07 00:06:02+00:00,19.0,23.0,0.0634,
1772,349,opsmill/infrahub,opsmill,bug-agent-review.md,8,2026-05-05 21:10:57+00:00,False,,,,githubnext/agentics/workflows/repo-assist.md,githubnext/agentics/workflows/repo-assist.md,False,69dc52f93e6abaaeb199c24e22b401f5bb1bac6f,2026-03-07 00:06:02+00:00,19.0,23.0,0.0634,
1773,349,opsmill/infrahub,opsmill,bug-agent-review.md,9,2026-05-05 21:11:54+00:00,False,,,,githubnext/agentics/workflows/repo-assist.md,githubnext/agentics/workflows/repo-assist.md,False,69dc52f93e6abaaeb199c24e22b401f5bb1bac6f,2026-03-07 00:06:02+00:00,19.0,23.0,0.0634,
1774,349,opsmill/infrahub,opsmill,bug-agent-review.md,10,2026-05-05 21:13:13+00:00,False,,,,githubnext/agentics/workflows/repo-assist.md,githubnext/agentics/workflows/repo-assist.md,False,69dc52f93e6abaaeb199c24e22b401f5bb1bac6f,2026-03-07 00:06:02+00:00,19.0,23.0,0.0634,
1775,349,opsmill/infrahub,opsmill,bug-agent-review.md,11,2026-05-21 08:48:57+00:00,False,,,,githubnext/agentics/workflows/repo-assist.md,githubnext/agentics/workflows/repo-assist.md,False,69dc52f93e6abaaeb199c24e22b401f5bb1bac6f,2026-03-07 00:06:02+00:00,19.0,25.0,0.0634,
1776,349,opsmill/infrahub,opsmill,bug-agent-review.md,12,2026-05-22 18:32:02+00:00,False,,,,githubnext/agentics/workflows/repo-assist.md,githubnext/agentics/workflows/repo-assist.md,False,69dc52f93e6abaaeb199c24e22b401f5bb1bac6f,2026-03-07 00:06:02+00:00,19.0,25.0,0.0634,
1777,349,opsmill/infrahub,opsmill,bug-agent-review.md,13,2026-05-26 17:59:11+00:00,False,,,,githubnext/agentics/workflows/repo-assist.md,githubnext/agentics/workflows/repo-assist.md,False,69dc52f93e6abaaeb199c24e22b401f5bb1bac6f,2026-03-07 00:06:02+00:00,19.0,25.0,0.0634,
1778,349,opsmill/infrahub,opsmill,bug-agent-review.md,14,2026-06-03 08:01:44+00:00,False,,,,githubnext/agentics/workflows/repo-assist.md,githubnext/agentics/workflows/repo-assist.md,False,69dc52f93e6abaaeb199c24e22b401f5bb1bac6f,2026-03-07 00:06:02+00:00,19.0,25.0,0.0634,
1779,349,opsmill/infrahub,opsmill,bug-agent-review.md,15,2026-06-03 09:28:24+00:00,False,,,,githubnext/agentics/workflows/repo-assist.md,githubnext/agentics/workflows/repo-assist.md,False,69dc52f93e6abaaeb199c24e22b401f5bb1bac6f,2026-03-07 00:06:02+00:00,19.0,25.0,0.0634,
1780,350,opsmill/infrahub,opsmill,bug-agent-test.md,1,2026-04-24 06:38:07+00:00,False,,,,githubnext/agentics/workflows/daily-test-improver.md,githubnext/agentics/workflows/daily-test-improver.md,False,398f7d95ef5bd2329e422df142569a8833f91a1f,2026-03-08 02:28:41+00:00,50.0,51.0,0.0762,
1781,350,opsmill/infrahub,opsmill,bug-agent-test.md,2,2026-04-24 07:37:14+00:00,False,,,,githubnext/agentics/workflows/daily-test-improver.md,githubnext/agentics/workflows/daily-test-improver.md,False,398f7d95ef5bd2329e422df142569a8833f91a1f,2026-03-08 02:28:41+00:00,50.0,51.0,0.0766,
1782,350,opsmill/infrahub,opsmill,bug-agent-test.md,3,2026-05-05 13:51:27+00:00,False,,,,githubnext/agentics/workflows/daily-test-improver.md,githubnext/agentics/workflows/daily-test-improver.md,False,398f7d95ef5bd2329e422df142569a8833f91a1f,2026-03-08 02:28:41+00:00,50.0,51.0,0.0766,
1783,350,opsmill/infrahub,opsmill,bug-agent-test.md,4,2026-05-05 13:56:15+00:00,False,,,,githubnext/agentics/workflows/daily-test-improver.md,githubnext/agentics/workflows/daily-test-improver.md,False,398f7d95ef5bd2329e422df142569a8833f91a1f,2026-03-08 02:28:41+00:00,50.0,51.0,0.0766,
1784,350,opsmill/infrahub,opsmill,bug-agent-test.md,5,2026-05-05 14:08:04+00:00,False,,,,githubnext/agentics/workflows/daily-test-improver.md,githubnext/agentics/workflows/daily-test-improver.md,False,398f7d95ef5bd2329e422df142569a8833f91a1f,2026-03-08 02:28:41+00:00,50.0,51.0,0.0766,
1785,350,opsmill/infrahub,opsmill,bug-agent-test.md,6,2026-05-05 14:15:21+00:00,False,,,,githubnext/agentics/workflows/daily-test-improver.md,githubnext/agentics/workflows/daily-test-improver.md,False,398f7d95ef5bd2329e422df142569a8833f91a1f,2026-03-08 02:28:41+00:00,50.0,51.0,0.0766,
1786,350,opsmill/infrahub,opsmill,bug-agent-test.md,7,2026-05-05 14:56:13+00:00,False,,,,githubnext/agentics/workflows/daily-test-improver.md,githubnext/agentics/workflows/daily-test-improver.md,False,398f7d95ef5bd2329e422df142569a8833f91a1f,2026-03-08 02:28:41+00:00,50.0,51.0,0.0766,
1787,350,opsmill/infrahub,opsmill,bug-agent-test.md,8,2026-05-05 15:25:03+00:00,False,,,,githubnext/agentics/workflows/daily-test-improver.md,githubnext/agentics/workflows/daily-test-improver.md,False,398f7d95ef5bd2329e422df142569a8833f91a1f,2026-03-08 02:28:41+00:00,50.0,51.0,0.0764,
1788,350,opsmill/infrahub,opsmill,bug-agent-test.md,9,2026-05-05 15:37:05+00:00,False,,,,githubnext/agentics/workflows/daily-test-improver.md,githubnext/agentics/workflows/daily-test-improver.md,False,398f7d95ef5bd2329e422df142569a8833f91a1f,2026-03-08 02:28:41+00:00,50.0,51.0,0.0764,
1789,350,opsmill/infrahub,opsmill,bug-agent-test.md,10,2026-05-05 21:09:41+00:00,False,,,,githubnext/agentics/workflows/daily-test-improver.md,githubnext/agentics/workflows/daily-test-improver.md,False,398f7d95ef5bd2329e422df142569a8833f91a1f,2026-03-08 02:28:41+00:00,50.0,51.0,0.0764,
1790,350,opsmill/infrahub,opsmill,bug-agent-test.md,11,2026-05-05 21:10:18+00:00,False,,,,githubnext/agentics/workflows/daily-test-improver.md,githubnext/agentics/workflows/daily-test-improver.md,False,398f7d95ef5bd2329e422df142569a8833f91a1f,2026-03-08 02:28:41+00:00,50.0,51.0,0.0764,
1791,350,opsmill/infrahub,opsmill,bug-agent-test.md,12,2026-05-05 21:10:57+00:00,False,,,,githubnext/agentics/workflows/daily-test-improver.md,githubnext/agentics/workflows/daily-test-improver.md,False,398f7d95ef5bd2329e422df142569a8833f91a1f,2026-03-08 02:28:41+00:00,50.0,51.0,0.0764,
1792,350,opsmill/infrahub,opsmill,bug-agent-test.md,13,2026-05-05 21:12:21+00:00,False,,,,githubnext/agentics/workflows/daily-test-improver.md,githubnext/agentics/workflows/daily-test-improver.md,False,398f7d95ef5bd2329e422df142569a8833f91a1f,2026-03-08 02:28:41+00:00,50.0,51.0,0.0764,
1793,350,opsmill/infrahub,opsmill,bug-agent-test.md,14,2026-05-05 21:13:13+00:00,False,,,,githubnext/agentics/workflows/daily-test-improver.md,githubnext/agentics/workflows/daily-test-improver.md,False,398f7d95ef5bd2329e422df142569a8833f91a1f,2026-03-08 02:28:41+00:00,50.0,51.0,0.0764,
1794,350,opsmill/infrahub,opsmill,bug-agent-test.md,15,2026-05-05 21:13:38+00:00,False,,,,githubnext/agentics/workflows/daily-test-improver.md,githubnext/agentics/workflows/daily-test-improver.md,False,398f7d95ef5bd2329e422df142569a8833f91a1f,2026-03-08 02:28:41+00:00,50.0,51.0,0.0764,
1795,350,opsmill/infrahub,opsmill,bug-agent-test.md,16,2026-05-06 07:30:25+00:00,False,,,,githubnext/agentics/workflows/daily-test-improver.md,githubnext/agentics/workflows/daily-test-improver.md,False,398f7d95ef5bd2329e422df142569a8833f91a1f,2026-03-08 02:28:41+00:00,50.0,51.0,0.0764,
1796,350,opsmill/infrahub,opsmill,bug-agent-test.md,17,2026-05-21 08:48:57+00:00,False,,,,githubnext/agentics/workflows/test-improver.md,githubnext/agentics/workflows/daily-test-improver.md,False,497230d3867fe453aae74b15d06178d45a39fcce,2026-05-08 20:56:58+00:00,1.0,1.0,0.0764,
1797,350,opsmill/infrahub,opsmill,bug-agent-test.md,18,2026-05-22 18:32:02+00:00,False,,,,githubnext/agentics/workflows/test-improver.md,githubnext/agentics/workflows/daily-test-improver.md,False,497230d3867fe453aae74b15d06178d45a39fcce,2026-05-08 20:56:58+00:00,1.0,1.0,0.0764,
1798,350,opsmill/infrahub,opsmill,bug-agent-test.md,19,2026-05-26 17:59:11+00:00,False,,,,githubnext/agentics/workflows/test-improver.md,githubnext/agentics/workflows/daily-test-improver.md,False,497230d3867fe453aae74b15d06178d45a39fcce,2026-05-08 20:56:58+00:00,1.0,1.0,0.0764,
1799,350,opsmill/infrahub,opsmill,bug-agent-test.md,20,2026-06-01 19:07:44+00:00,False,,,,githubnext/agentics/workflows/test-improver.md,githubnext/agentics/workflows/daily-test-improver.md,False,497230d3867fe453aae74b15d06178d45a39fcce,2026-05-08 20:56:58+00:00,1.0,1.0,0.0764,
1800,350,opsmill/infrahub,opsmill,bug-agent-test.md,21,2026-06-03 08:01:44+00:00,False,,,,githubnext/agentics/workflows/test-improver.md,githubnext/agentics/workflows/daily-test-improver.md,False,497230d3867fe453aae74b15d06178d45a39fcce,2026-05-08 20:56:58+00:00,1.0,1.0,0.0764,
1801,351,pulumi/pulumi-aws-apigateway,pulumi,gh-aw-pr-rereview.md,1,2026-05-12 06:22:35+00:00,True,pulumi-labs/gh-aw-internal/.github/workflows/gh-aw-pr-rereview.md@8a92f53fac170563f7727cacab2dbedb5d5b9e29,ok,pulumi-labs/gh-aw-internal/.github/workflows/gh-aw-pr-rereview.md,,,,,,,,,
1802,352,pulumi/pulumi-aws-apigateway,pulumi,gh-aw-pr-review.md,1,2026-05-12 06:22:35+00:00,True,pulumi-labs/gh-aw-internal/.github/workflows/gh-aw-pr-review.md@8a92f53fac170563f7727cacab2dbedb5d5b9e29,ok,pulumi-labs/gh-aw-internal/.github/workflows/gh-aw-pr-review.md,,,,,,,,,
1803,353,mongodb-js/devtools-shared,mongodb-js,security-quality-agent.md,1,2026-04-16 15:48:08+00:00,False,,,,githubnext/agentics/workflows/agentic-dependency-updater.md,githubnext/agentics/workflows/agentic-dependency-updater.md,False,b7fd99b847fb8066fec19de4e244d1ef0cb890f5,2025-07-29 19:21:29+00:00,4.0,4.0,0.0677,
1804,353,mongodb-js/devtools-shared,mongodb-js,security-quality-agent.md,2,2026-04-16 17:58:19+00:00,False,,,,githubnext/agentics/workflows/agentic-dependency-updater.md,githubnext/agentics/workflows/agentic-dependency-updater.md,False,b7fd99b847fb8066fec19de4e244d1ef0cb890f5,2025-07-29 19:21:29+00:00,4.0,4.0,0.0738,
1805,353,mongodb-js/devtools-shared,mongodb-js,security-quality-agent.md,3,2026-04-23 14:39:20+00:00,False,,,,githubnext/agentics/workflows/agentic-dependency-updater.md,githubnext/agentics/workflows/agentic-dependency-updater.md,False,b7fd99b847fb8066fec19de4e244d1ef0cb890f5,2025-07-29 19:21:29+00:00,4.0,4.0,0.0738,
1806,354,dotnet/java-interop,dotnet,java-interop-reviewer.md,1,2026-05-06 15:23:44+00:00,False,,,,pulumi-labs/gh-aw-internal/.github/workflows/shared/plugins/code-review/commands/code-review.md,pulumi-labs/gh-aw-internal/.github/workflows/shared/plugins/code-review/commands/code-review.md,True,27c5d3509dc23c83f0c731513996953b5c4c7152,2026-03-12 10:21:22+00:00,2.0,2.0,0.0782,
1807,354,dotnet/java-interop,dotnet,java-interop-reviewer.md,2,2026-06-12 19:30:12+00:00,False,,,,pulumi-labs/gh-aw-internal/.github/workflows/shared/plugins/code-review/commands/code-review.md,pulumi-labs/gh-aw-internal/.github/workflows/shared/plugins/code-review/commands/code-review.md,True,27c5d3509dc23c83f0c731513996953b5c4c7152,2026-03-12 10:21:22+00:00,2.0,2.0,0.0782,
1808,354,dotnet/java-interop,dotnet,java-interop-reviewer.md,3,2026-06-12 21:43:49+00:00,False,,,,pulumi-labs/gh-aw-internal/.github/workflows/shared/plugins/code-review/commands/code-review.md,pulumi-labs/gh-aw-internal/.github/workflows/shared/plugins/code-review/commands/code-review.md,True,27c5d3509dc23c83f0c731513996953b5c4c7152,2026-03-12 10:21:22+00:00,2.0,2.0,0.0782,
1809,354,dotnet/java-interop,dotnet,java-interop-reviewer.md,4,2026-06-16 13:56:28+00:00,False,,,,pulumi-labs/gh-aw-internal/.github/workflows/shared/plugins/code-review/commands/code-review.md,pulumi-labs/gh-aw-internal/.github/workflows/shared/plugins/code-review/commands/code-review.md,True,27c5d3509dc23c83f0c731513996953b5c4c7152,2026-03-12 10:21:22+00:00,2.0,2.0,0.0782,
1810,354,dotnet/java-interop,dotnet,java-interop-reviewer.md,5,2026-06-16 14:51:34+00:00,False,,,,pulumi-labs/gh-aw-internal/.github/workflows/shared/plugins/code-review/commands/code-review.md,pulumi-labs/gh-aw-internal/.github/workflows/shared/plugins/code-review/commands/code-review.md,True,27c5d3509dc23c83f0c731513996953b5c4c7152,2026-03-12 10:21:22+00:00,2.0,2.0,0.0782,
1811,354,dotnet/java-interop,dotnet,java-interop-reviewer.md,6,2026-06-16 15:18:14+00:00,False,,,,pulumi-labs/gh-aw-internal/.github/workflows/shared/plugins/code-review/commands/code-review.md,pulumi-labs/gh-aw-internal/.github/workflows/shared/plugins/code-review/commands/code-review.md,True,27c5d3509dc23c83f0c731513996953b5c4c7152,2026-03-12 10:21:22+00:00,2.0,2.0,0.0782,
1812,354,dotnet/java-interop,dotnet,java-interop-reviewer.md,7,2026-06-16 17:16:35+00:00,False,,,,pulumi-labs/gh-aw-internal/.github/workflows/shared/plugins/code-review/commands/code-review.md,pulumi-labs/gh-aw-internal/.github/workflows/shared/plugins/code-review/commands/code-review.md,True,27c5d3509dc23c83f0c731513996953b5c4c7152,2026-03-12 10:21:22+00:00,2.0,2.0,0.0782,
1813,354,dotnet/java-interop,dotnet,java-interop-reviewer.md,8,2026-06-17 19:03:48+00:00,False,,,,pulumi-labs/gh-aw-internal/.github/workflows/shared/plugins/code-review/commands/code-review.md,pulumi-labs/gh-aw-internal/.github/workflows/shared/plugins/code-review/commands/code-review.md,True,27c5d3509dc23c83f0c731513996953b5c4c7152,2026-03-12 10:21:22+00:00,2.0,2.0,0.0782,
1814,355,dotnet/android,dotnet,android-reviewer.md,1,2026-04-17 19:48:42+00:00,False,,,,pulumi-labs/gh-aw-internal/.github/workflows/shared/plugins/code-review/commands/code-review.md,pulumi-labs/gh-aw-internal/.github/workflows/shared/plugins/code-review/commands/code-review.md,True,27c5d3509dc23c83f0c731513996953b5c4c7152,2026-03-12 10:21:22+00:00,2.0,2.0,0.0783,
1815,355,dotnet/android,dotnet,android-reviewer.md,2,2026-04-17 19:53:19+00:00,False,,,,pulumi-labs/gh-aw-internal/.github/workflows/shared/plugins/code-review/commands/code-review.md,pulumi-labs/gh-aw-internal/.github/workflows/shared/plugins/code-review/commands/code-review.md,True,27c5d3509dc23c83f0c731513996953b5c4c7152,2026-03-12 10:21:22+00:00,2.0,2.0,0.0783,
1816,355,dotnet/android,dotnet,android-reviewer.md,3,2026-04-17 20:50:48+00:00,False,,,,pulumi-labs/gh-aw-internal/.github/workflows/shared/plugins/code-review/commands/code-review.md,pulumi-labs/gh-aw-internal/.github/workflows/shared/plugins/code-review/commands/code-review.md,True,27c5d3509dc23c83f0c731513996953b5c4c7152,2026-03-12 10:21:22+00:00,2.0,2.0,0.0783,
1817,355,dotnet/android,dotnet,android-reviewer.md,4,2026-04-20 13:56:46+00:00,False,,,,pulumi-labs/gh-aw-internal/.github/workflows/shared/plugins/code-review/commands/code-review.md,pulumi-labs/gh-aw-internal/.github/workflows/shared/plugins/code-review/commands/code-review.md,True,27c5d3509dc23c83f0c731513996953b5c4c7152,2026-03-12 10:21:22+00:00,2.0,2.0,0.0783,
1818,355,dotnet/android,dotnet,android-reviewer.md,5,2026-04-21 19:18:00+00:00,False,,,,pulumi-labs/gh-aw-internal/.github/workflows/shared/plugins/code-review/commands/code-review.md,pulumi-labs/gh-aw-internal/.github/workflows/shared/plugins/code-review/commands/code-review.md,True,27c5d3509dc23c83f0c731513996953b5c4c7152,2026-03-12 10:21:22+00:00,2.0,2.0,0.0783,
1819,355,dotnet/android,dotnet,android-reviewer.md,6,2026-05-04 08:33:35+00:00,False,,,,pulumi-labs/gh-aw-internal/.github/workflows/shared/plugins/code-review/commands/code-review.md,pulumi-labs/gh-aw-internal/.github/workflows/shared/plugins/code-review/commands/code-review.md,True,27c5d3509dc23c83f0c731513996953b5c4c7152,2026-03-12 10:21:22+00:00,2.0,2.0,0.0859,
1820,355,dotnet/android,dotnet,android-reviewer.md,7,2026-05-21 20:46:10+00:00,False,,,,pulumi-labs/gh-aw-internal/.github/workflows/shared/plugins/code-review/commands/code-review.md,pulumi-labs/gh-aw-internal/.github/workflows/shared/plugins/code-review/commands/code-review.md,True,27c5d3509dc23c83f0c731513996953b5c4c7152,2026-03-12 10:21:22+00:00,2.0,2.0,0.0867,
1821,355,dotnet/android,dotnet,android-reviewer.md,8,2026-06-12 19:45:08+00:00,False,,,,pulumi-labs/gh-aw-internal/.github/workflows/shared/plugins/code-review/commands/code-review.md,pulumi-labs/gh-aw-internal/.github/workflows/shared/plugins/code-review/commands/code-review.md,True,27c5d3509dc23c83f0c731513996953b5c4c7152,2026-03-12 10:21:22+00:00,2.0,2.0,0.0867,
1822,355,dotnet/android,dotnet,android-reviewer.md,9,2026-06-12 19:56:45+00:00,False,,,,pulumi-labs/gh-aw-internal/.github/workflows/shared/plugins/code-review/commands/code-review.md,pulumi-labs/gh-aw-internal/.github/workflows/shared/plugins/code-review/commands/code-review.md,True,27c5d3509dc23c83f0c731513996953b5c4c7152,2026-03-12 10:21:22+00:00,2.0,2.0,0.0867,
1823,355,dotnet/android,dotnet,android-reviewer.md,10,2026-06-16 19:32:53+00:00,False,,,,pulumi-labs/gh-aw-internal/.github/workflows/shared/plugins/code-review/commands/code-review.md,pulumi-labs/gh-aw-internal/.github/workflows/shared/plugins/code-review/commands/code-review.md,True,27c5d3509dc23c83f0c731513996953b5c4c7152,2026-03-12 10:21:22+00:00,2.0,2.0,0.0867,
1824,355,dotnet/android,dotnet,android-reviewer.md,11,2026-06-17 19:04:08+00:00,False,,,,pulumi-labs/gh-aw-internal/.github/workflows/shared/plugins/code-review/commands/code-review.md,pulumi-labs/gh-aw-internal/.github/workflows/shared/plugins/code-review/commands/code-review.md,True,27c5d3509dc23c83f0c731513996953b5c4c7152,2026-03-12 10:21:22+00:00,2.0,2.0,0.0867,
1825,355,dotnet/android,dotnet,android-reviewer.md,12,2026-06-27 01:41:44+00:00,False,,,,pulumi-labs/gh-aw-internal/.github/workflows/shared/plugins/code-review/commands/code-review.md,pulumi-labs/gh-aw-internal/.github/workflows/shared/plugins/code-review/commands/code-review.md,True,27c5d3509dc23c83f0c731513996953b5c4c7152,2026-03-12 10:21:22+00:00,2.0,2.0,0.0827,
1826,356,dotnet/android,dotnet,nightly-fix-finder.md,1,2026-05-19 21:27:49+00:00,False,,,,github/gh-aw/.github/workflows/code-simplifier.md,github/gh-aw/.github/workflows/code-simplifier.md,False,fe2713ba4bb447a2e38905f4a47920531bc59cdd,2026-02-24 04:25:20+00:00,5.0,7.0,0.0634,
1827,356,dotnet/android,dotnet,nightly-fix-finder.md,2,2026-05-21 20:46:10+00:00,False,,,,github/gh-aw/.github/workflows/code-simplifier.md,github/gh-aw/.github/workflows/code-simplifier.md,False,fe2713ba4bb447a2e38905f4a47920531bc59cdd,2026-02-24 04:25:20+00:00,5.0,7.0,0.0634,
1828,356,dotnet/android,dotnet,nightly-fix-finder.md,3,2026-05-27 07:43:16+00:00,False,,,,github/gh-aw/.github/workflows/ci-doctor.md,githubnext/agentics/workflows/ci-doctor.md,False,506b3c471b3764eb69f507f20a133d641b6eac6f,2026-05-23 15:11:12+00:00,14.0,14.0,0.0581,
1829,356,dotnet/android,dotnet,nightly-fix-finder.md,4,2026-06-12 19:45:08+00:00,False,,,,pulumi-labs/gh-aw-internal/.github/workflows/shared/plugins/code-review/code-review.md,pulumi-labs/gh-aw-internal/.github/workflows/shared/plugins/code-review/code-review.md,True,242988150273951aad5f67b008256266bdff6112,2026-05-28 15:56:48+00:00,5.0,6.0,0.0582,
1830,356,dotnet/android,dotnet,nightly-fix-finder.md,5,2026-06-12 19:56:45+00:00,False,,,,pulumi-labs/gh-aw-internal/.github/workflows/shared/plugins/code-review/code-review.md,pulumi-labs/gh-aw-internal/.github/workflows/shared/plugins/code-review/code-review.md,True,242988150273951aad5f67b008256266bdff6112,2026-05-28 15:56:48+00:00,5.0,6.0,0.0582,
1831,356,dotnet/android,dotnet,nightly-fix-finder.md,6,2026-06-16 19:32:53+00:00,False,,,,pulumi-labs/gh-aw-internal/.github/workflows/shared/plugins/code-review/code-review.md,pulumi-labs/gh-aw-internal/.github/workflows/shared/plugins/code-review/code-review.md,True,242988150273951aad5f67b008256266bdff6112,2026-05-28 15:56:48+00:00,5.0,6.0,0.0582,
1832,356,dotnet/android,dotnet,nightly-fix-finder.md,7,2026-06-17 19:04:08+00:00,False,,,,pulumi-labs/gh-aw-internal/.github/workflows/shared/plugins/code-review/code-review.md,pulumi-labs/gh-aw-internal/.github/workflows/shared/plugins/code-review/code-review.md,True,242988150273951aad5f67b008256266bdff6112,2026-05-28 15:56:48+00:00,5.0,6.0,0.0582,
1833,356,dotnet/android,dotnet,nightly-fix-finder.md,8,2026-06-26 09:08:51+00:00,False,,,,pulumi-labs/gh-aw-internal/.github/workflows/shared/plugins/code-review/code-review.md,pulumi-labs/gh-aw-internal/.github/workflows/shared/plugins/code-review/code-review.md,True,242988150273951aad5f67b008256266bdff6112,2026-05-28 15:56:48+00:00,5.0,6.0,0.0582,
1834,357,dotnet/android-tools,dotnet,android-tools-reviewer.md,1,2026-04-28 07:44:58+00:00,False,,,,pulumi-labs/gh-aw-internal/.github/workflows/shared/plugins/code-review/commands/code-review.md,pulumi-labs/gh-aw-internal/.github/workflows/shared/plugins/code-review/commands/code-review.md,True,27c5d3509dc23c83f0c731513996953b5c4c7152,2026-03-12 10:21:22+00:00,2.0,2.0,0.0775,
1835,357,dotnet/android-tools,dotnet,android-tools-reviewer.md,2,2026-04-30 14:45:52+00:00,False,,,,pulumi-labs/gh-aw-internal/.github/workflows/shared/plugins/code-review/commands/code-review.md,pulumi-labs/gh-aw-internal/.github/workflows/shared/plugins/code-review/commands/code-review.md,True,27c5d3509dc23c83f0c731513996953b5c4c7152,2026-03-12 10:21:22+00:00,2.0,2.0,0.0872,
1836,357,dotnet/android-tools,dotnet,android-tools-reviewer.md,3,2026-05-04 14:19:02+00:00,False,,,,pulumi-labs/gh-aw-internal/.github/workflows/shared/plugins/code-review/commands/code-review.md,pulumi-labs/gh-aw-internal/.github/workflows/shared/plugins/code-review/commands/code-review.md,True,27c5d3509dc23c83f0c731513996953b5c4c7152,2026-03-12 10:21:22+00:00,2.0,2.0,0.0915,
1837,357,dotnet/android-tools,dotnet,android-tools-reviewer.md,4,2026-06-15 09:15:33+00:00,False,,,,pulumi-labs/gh-aw-internal/.github/workflows/shared/plugins/code-review/commands/code-review.md,pulumi-labs/gh-aw-internal/.github/workflows/shared/plugins/code-review/commands/code-review.md,True,27c5d3509dc23c83f0c731513996953b5c4c7152,2026-03-12 10:21:22+00:00,2.0,2.0,0.0915,
1838,357,dotnet/android-tools,dotnet,android-tools-reviewer.md,5,2026-06-17 14:35:03+00:00,False,,,,pulumi-labs/gh-aw-internal/.github/workflows/shared/plugins/code-review/commands/code-review.md,pulumi-labs/gh-aw-internal/.github/workflows/shared/plugins/code-review/commands/code-review.md,True,27c5d3509dc23c83f0c731513996953b5c4c7152,2026-03-12 10:21:22+00:00,2.0,2.0,0.0915,
1839,357,dotnet/android-tools,dotnet,android-tools-reviewer.md,6,2026-06-17 19:03:39+00:00,False,,,,pulumi-labs/gh-aw-internal/.github/workflows/shared/plugins/code-review/commands/code-review.md,pulumi-labs/gh-aw-internal/.github/workflows/shared/plugins/code-review/commands/code-review.md,True,27c5d3509dc23c83f0c731513996953b5c4c7152,2026-03-12 10:21:22+00:00,2.0,2.0,0.0915,
1840,358,erigontech/erigon,erigontech,daily-repo-status.md,1,2026-02-16 13:57:58+00:00,False,githubnext/agentics/workflows/daily-repo-status.md@d3ff5177d6a49a123cceed203dc271e132a585e4,ok,githubnext/agentics/workflows/daily-repo-status.md,githubnext/agentics/workflows/daily-repo-status.md,githubnext/agentics/workflows/daily-repo-status.md,False,3eae9b88d024036be45d668e3404f8662f94d878,2026-01-26 19:57:42+00:00,1.0,1.0,0.9454,0.9454
1841,358,erigontech/erigon,erigontech,daily-repo-status.md,2,2026-03-20 16:02:14+00:00,False,githubnext/agentics/workflows/daily-repo-status.md@d3ff5177d6a49a123cceed203dc271e132a585e4,ok,githubnext/agentics/workflows/daily-repo-status.md,githubnext/agentics/workflows/daily-repo-status.md,githubnext/agentics/workflows/daily-repo-status.md,False,3eae9b88d024036be45d668e3404f8662f94d878,2026-01-26 19:57:42+00:00,1.0,1.0,0.8447,0.8447
1842,359,timrogers/iata-code-decoder-api,timrogers,daily-repo-status.md,1,2026-05-19 21:15:10+00:00,False,githubnext/agentics/workflows/repo-status.md@dcdf09723d42ef9b6c75335e4612fd145d4ccdaa,ok,githubnext/agentics/workflows/repo-status.md,githubnext/agentics/workflows/repo-status.md,githubnext/agentics/workflows/daily-repo-status.md,False,497230d3867fe453aae74b15d06178d45a39fcce,2026-05-08 20:56:58+00:00,1.0,1.0,1.0,1.0
1843,360,carlkidcrypto/ezsnmp,carlkidcrypto,auto_change_log.md,1,2026-03-22 21:51:05+00:00,False,,,,githubnext/agentics/workflows/repo-assist.md,githubnext/agentics/workflows/repo-assist.md,False,4cb6855f0b3c0a719d7d5c3af44d1646450e63e9,2026-02-21 18:46:49+00:00,4.0,22.0,0.0437,
1844,360,carlkidcrypto/ezsnmp,carlkidcrypto,auto_change_log.md,2,2026-03-24 14:21:04+00:00,False,,,,githubnext/agentics/workflows/repo-assist.md,githubnext/agentics/workflows/repo-assist.md,False,4cb6855f0b3c0a719d7d5c3af44d1646450e63e9,2026-02-21 18:46:49+00:00,4.0,22.0,0.0437,
1845,360,carlkidcrypto/ezsnmp,carlkidcrypto,auto_change_log.md,3,2026-03-26 14:43:25+00:00,False,,,,pulumi-labs/gh-aw-internal/.github/workflows/shared/plugins/code-review/code-review.md,pulumi-labs/gh-aw-internal/.github/workflows/shared/plugins/code-review/code-review.md,True,d0818ff576b2db07efcadedb0c37526b978844fe,2026-03-12 13:58:22+00:00,3.0,3.0,0.0508,
1846,360,carlkidcrypto/ezsnmp,carlkidcrypto,auto_change_log.md,4,2026-04-09 18:05:14+00:00,False,,,,pulumi-labs/gh-aw-internal/.github/workflows/shared/plugins/code-review/code-review.md,pulumi-labs/gh-aw-internal/.github/workflows/shared/plugins/code-review/code-review.md,True,9ba254ca77173b2ebc2e6dfe470b5cb3d7af25c9,2026-03-12 13:57:27+00:00,2.0,4.0,0.0496,
1847,360,carlkidcrypto/ezsnmp,carlkidcrypto,auto_change_log.md,5,2026-04-26 02:53:53+00:00,False,,,,pulumi-labs/gh-aw-internal/.github/workflows/shared/plugins/code-review/code-review.md,pulumi-labs/gh-aw-internal/.github/workflows/shared/plugins/code-review/code-review.md,True,9ba254ca77173b2ebc2e6dfe470b5cb3d7af25c9,2026-03-12 13:57:27+00:00,2.0,4.0,0.0496,
1848,360,carlkidcrypto/ezsnmp,carlkidcrypto,auto_change_log.md,6,2026-05-02 16:05:56+00:00,False,,,,pulumi-labs/gh-aw-internal/.github/workflows/shared/plugins/code-review/code-review.md,pulumi-labs/gh-aw-internal/.github/workflows/shared/plugins/code-review/code-review.md,True,9ba254ca77173b2ebc2e6dfe470b5cb3d7af25c9,2026-03-12 13:57:27+00:00,2.0,4.0,0.0496,
1849,360,carlkidcrypto/ezsnmp,carlkidcrypto,auto_change_log.md,7,2026-05-04 02:05:24+00:00,False,,,,pulumi-labs/gh-aw-internal/.github/workflows/shared/plugins/code-review/code-review.md,pulumi-labs/gh-aw-internal/.github/workflows/shared/plugins/code-review/code-review.md,True,9ba254ca77173b2ebc2e6dfe470b5cb3d7af25c9,2026-03-12 13:57:27+00:00,2.0,4.0,0.0496,
1850,360,carlkidcrypto/ezsnmp,carlkidcrypto,auto_change_log.md,8,2026-05-04 02:29:33+00:00,False,,,,pulumi-labs/gh-aw-internal/.github/workflows/shared/plugins/code-review/code-review.md,pulumi-labs/gh-aw-internal/.github/workflows/shared/plugins/code-review/code-review.md,True,9ba254ca77173b2ebc2e6dfe470b5cb3d7af25c9,2026-03-12 13:57:27+00:00,2.0,4.0,0.0496,
1851,360,carlkidcrypto/ezsnmp,carlkidcrypto,auto_change_log.md,9,2026-05-04 03:23:17+00:00,False,,,,pulumi-labs/gh-aw-internal/.github/workflows/shared/plugins/code-review/code-review.md,pulumi-labs/gh-aw-internal/.github/workflows/shared/plugins/code-review/code-review.md,True,9ba254ca77173b2ebc2e6dfe470b5cb3d7af25c9,2026-03-12 13:57:27+00:00,2.0,4.0,0.0496,
1852,361,carlkidcrypto/ezsnmp,carlkidcrypto,auto_release_notes.md,1,2026-03-24 14:21:04+00:00,False,,,,githubnext/agentics/workflows/repo-assist.md,githubnext/agentics/workflows/repo-assist.md,False,2f03fdaafb8c1ae62dfde7e0be762a822a201aeb,2026-02-23 19:47:18+00:00,14.0,22.0,0.0585,
1853,361,carlkidcrypto/ezsnmp,carlkidcrypto,auto_release_notes.md,2,2026-03-26 14:43:25+00:00,False,,,,githubnext/agentics/workflows/repo-assist.md,githubnext/agentics/workflows/repo-assist.md,False,2f03fdaafb8c1ae62dfde7e0be762a822a201aeb,2026-02-23 19:47:18+00:00,14.0,22.0,0.0586,
1854,361,carlkidcrypto/ezsnmp,carlkidcrypto,auto_release_notes.md,3,2026-05-02 16:05:56+00:00,False,,,,github/gh-aw/.github/workflows/daily-doc-updater.md,github/gh-aw/.github/workflows/daily-doc-updater.md,False,f3c24880af69f8e5c7d6b6c17ee116583137f979,2026-04-30 23:11:29+00:00,19.0,19.0,0.0644,
1855,361,carlkidcrypto/ezsnmp,carlkidcrypto,auto_release_notes.md,4,2026-05-04 02:05:24+00:00,False,,,,github/gh-aw/.github/workflows/daily-doc-updater.md,github/gh-aw/.github/workflows/daily-doc-updater.md,False,f3c24880af69f8e5c7d6b6c17ee116583137f979,2026-04-30 23:11:29+00:00,19.0,19.0,0.0644,
1856,361,carlkidcrypto/ezsnmp,carlkidcrypto,auto_release_notes.md,5,2026-05-04 02:29:33+00:00,False,,,,github/gh-aw/.github/workflows/daily-doc-updater.md,github/gh-aw/.github/workflows/daily-doc-updater.md,False,f3c24880af69f8e5c7d6b6c17ee116583137f979,2026-04-30 23:11:29+00:00,19.0,19.0,0.0644,
1857,361,carlkidcrypto/ezsnmp,carlkidcrypto,auto_release_notes.md,6,2026-05-04 03:23:17+00:00,False,,,,github/gh-aw/.github/workflows/daily-doc-updater.md,github/gh-aw/.github/workflows/daily-doc-updater.md,False,f3c24880af69f8e5c7d6b6c17ee116583137f979,2026-04-30 23:11:29+00:00,19.0,19.0,0.0644,
1858,361,carlkidcrypto/ezsnmp,carlkidcrypto,auto_release_notes.md,7,2026-05-04 04:31:21+00:00,False,,,,github/gh-aw/.github/workflows/daily-doc-updater.md,github/gh-aw/.github/workflows/daily-doc-updater.md,False,f3c24880af69f8e5c7d6b6c17ee116583137f979,2026-04-30 23:11:29+00:00,19.0,19.0,0.0644,
1859,361,carlkidcrypto/ezsnmp,carlkidcrypto,auto_release_notes.md,8,2026-05-04 14:41:42+00:00,False,,,,github/gh-aw/.github/workflows/daily-doc-updater.md,github/gh-aw/.github/workflows/daily-doc-updater.md,False,f3c24880af69f8e5c7d6b6c17ee116583137f979,2026-04-30 23:11:29+00:00,19.0,19.0,0.0643,
1860,362,carlkidcrypto/ezsnmp,carlkidcrypto,coverage_autofix_every_3_days.md,1,2026-03-21 21:31:27+00:00,False,,,,githubnext/agentics/workflows/daily-test-improver.md,githubnext/agentics/workflows/daily-test-improver.md,False,bfb2c395a966cf6138d7f519494592f72980aba7,2025-10-21 22:45:53+00:00,39.0,51.0,0.0513,
1861,362,carlkidcrypto/ezsnmp,carlkidcrypto,coverage_autofix_every_3_days.md,2,2026-03-22 21:51:05+00:00,False,,,,githubnext/agentics/workflows/repo-assist.md,githubnext/agentics/workflows/repo-assist.md,False,ac4f63941a40c804d1fe02b2b7cbe10e39bbe58a,2026-02-21 13:36:20+00:00,1.0,22.0,0.0544,
1862,362,carlkidcrypto/ezsnmp,carlkidcrypto,coverage_autofix_every_3_days.md,3,2026-04-07 15:08:43+00:00,False,,,,githubnext/agentics/workflows/repo-assist.md,githubnext/agentics/workflows/repo-assist.md,False,ac4f63941a40c804d1fe02b2b7cbe10e39bbe58a,2026-02-21 13:36:20+00:00,1.0,22.0,0.054,
1863,362,carlkidcrypto/ezsnmp,carlkidcrypto,coverage_autofix_every_3_days.md,4,2026-04-19 14:16:18+00:00,False,,,,githubnext/agentics/workflows/repo-assist.md,githubnext/agentics/workflows/repo-assist.md,False,ac4f63941a40c804d1fe02b2b7cbe10e39bbe58a,2026-02-21 13:36:20+00:00,1.0,22.0,0.0525,
1864,362,carlkidcrypto/ezsnmp,carlkidcrypto,coverage_autofix_every_3_days.md,5,2026-04-26 03:29:32+00:00,False,,,,githubnext/agentics/workflows/repo-assist.md,githubnext/agentics/workflows/repo-assist.md,False,ac4f63941a40c804d1fe02b2b7cbe10e39bbe58a,2026-02-21 13:36:20+00:00,1.0,22.0,0.0548,
1865,362,carlkidcrypto/ezsnmp,carlkidcrypto,coverage_autofix_every_3_days.md,6,2026-05-02 16:05:56+00:00,False,,,,githubnext/agentics/workflows/repo-assist.md,githubnext/agentics/workflows/repo-assist.md,False,ac4f63941a40c804d1fe02b2b7cbe10e39bbe58a,2026-02-21 13:36:20+00:00,1.0,23.0,0.0548,
1866,362,carlkidcrypto/ezsnmp,carlkidcrypto,coverage_autofix_every_3_days.md,7,2026-05-04 02:05:24+00:00,False,,,,githubnext/agentics/workflows/repo-assist.md,githubnext/agentics/workflows/repo-assist.md,False,ac4f63941a40c804d1fe02b2b7cbe10e39bbe58a,2026-02-21 13:36:20+00:00,1.0,23.0,0.0548,
1867,362,carlkidcrypto/ezsnmp,carlkidcrypto,coverage_autofix_every_3_days.md,8,2026-05-04 02:29:33+00:00,False,,,,githubnext/agentics/workflows/repo-assist.md,githubnext/agentics/workflows/repo-assist.md,False,ac4f63941a40c804d1fe02b2b7cbe10e39bbe58a,2026-02-21 13:36:20+00:00,1.0,23.0,0.0548,
1868,362,carlkidcrypto/ezsnmp,carlkidcrypto,coverage_autofix_every_3_days.md,9,2026-05-04 03:23:17+00:00,False,,,,githubnext/agentics/workflows/repo-assist.md,githubnext/agentics/workflows/repo-assist.md,False,ac4f63941a40c804d1fe02b2b7cbe10e39bbe58a,2026-02-21 13:36:20+00:00,1.0,23.0,0.0548,
1869,362,carlkidcrypto/ezsnmp,carlkidcrypto,coverage_autofix_every_3_days.md,10,2026-06-08 04:41:35+00:00,False,,,,githubnext/agentics/workflows/repo-assist.md,githubnext/agentics/workflows/repo-assist.md,False,ac4f63941a40c804d1fe02b2b7cbe10e39bbe58a,2026-02-21 13:36:20+00:00,1.0,25.0,0.0548,
1870,362,carlkidcrypto/ezsnmp,carlkidcrypto,coverage_autofix_every_3_days.md,11,2026-06-11 04:17:21+00:00,False,,,,githubnext/agentics/workflows/repo-assist.md,githubnext/agentics/workflows/repo-assist.md,False,ac4f63941a40c804d1fe02b2b7cbe10e39bbe58a,2026-02-21 13:36:20+00:00,1.0,25.0,0.0548,
1871,363,carlkidcrypto/ezsnmp,carlkidcrypto,docs_continuous_improvement_every_3_days.md,1,2026-03-22 04:23:00+00:00,False,,,,githubnext/agentics/workflows/update-docs.md,githubnext/agentics/workflows/starlight-scribe.md,False,6afdc34917decdb97130473704c3f2f9206ca1f5,2025-10-03 01:47:36+00:00,17.0,21.0,0.0517,
1872,363,carlkidcrypto/ezsnmp,carlkidcrypto,docs_continuous_improvement_every_3_days.md,2,2026-05-02 16:05:56+00:00,False,,,,githubnext/agentics/workflows/update-docs.md,githubnext/agentics/workflows/starlight-scribe.md,False,6afdc34917decdb97130473704c3f2f9206ca1f5,2025-10-03 01:47:36+00:00,17.0,21.0,0.0517,
1873,363,carlkidcrypto/ezsnmp,carlkidcrypto,docs_continuous_improvement_every_3_days.md,3,2026-05-04 02:05:24+00:00,False,,,,githubnext/agentics/workflows/update-docs.md,githubnext/agentics/workflows/starlight-scribe.md,False,6afdc34917decdb97130473704c3f2f9206ca1f5,2025-10-03 01:47:36+00:00,17.0,21.0,0.0517,
1874,363,carlkidcrypto/ezsnmp,carlkidcrypto,docs_continuous_improvement_every_3_days.md,4,2026-05-04 02:29:33+00:00,False,,,,githubnext/agentics/workflows/update-docs.md,githubnext/agentics/workflows/starlight-scribe.md,False,6afdc34917decdb97130473704c3f2f9206ca1f5,2025-10-03 01:47:36+00:00,17.0,21.0,0.0517,
1875,363,carlkidcrypto/ezsnmp,carlkidcrypto,docs_continuous_improvement_every_3_days.md,5,2026-05-04 03:23:17+00:00,False,,,,githubnext/agentics/workflows/update-docs.md,githubnext/agentics/workflows/starlight-scribe.md,False,6afdc34917decdb97130473704c3f2f9206ca1f5,2025-10-03 01:47:36+00:00,17.0,21.0,0.0517,
1876,364,carlkidcrypto/ezsnmp,carlkidcrypto,python_version_watcher.md,1,2026-05-03 22:02:58+00:00,False,,,,githubnext/agentics/workflows/agentic-wiki-writer.md,githubnext/agentics/workflows/agentic-wiki-writer.md,False,fe3b21f00e1d85d4d1a5764cb219a373e55b52b2,2026-03-17 18:05:03+00:00,5.0,6.0,0.0457,
1877,364,carlkidcrypto/ezsnmp,carlkidcrypto,python_version_watcher.md,2,2026-05-04 02:29:33+00:00,False,,,,githubnext/agentics/workflows/agentic-wiki-writer.md,githubnext/agentics/workflows/agentic-wiki-writer.md,False,fe3b21f00e1d85d4d1a5764cb219a373e55b52b2,2026-03-17 18:05:03+00:00,5.0,6.0,0.0457,
1878,364,carlkidcrypto/ezsnmp,carlkidcrypto,python_version_watcher.md,3,2026-05-04 03:23:17+00:00,False,,,,githubnext/agentics/workflows/agentic-wiki-writer.md,githubnext/agentics/workflows/agentic-wiki-writer.md,False,fe3b21f00e1d85d4d1a5764cb219a373e55b52b2,2026-03-17 18:05:03+00:00,5.0,6.0,0.0457,
1879,365,carlkidcrypto/ezsnmp,carlkidcrypto,sync_open_prs_with_main.md,1,2026-03-22 04:23:00+00:00,False,,,,githubnext/agentics/workflows/agentics/shared/no-push-to-main.md,githubnext/agentics/workflows/agentics/shared/no-push-to-main.md,True,9c20bd34ca554d3226d956780caddfcbb88c72a1,2025-08-12 19:58:02+00:00,1.0,1.0,0.0563,
1880,365,carlkidcrypto/ezsnmp,carlkidcrypto,sync_open_prs_with_main.md,2,2026-03-22 21:51:05+00:00,False,,,,githubnext/agentics/workflows/agentics/shared/no-push-to-main.md,githubnext/agentics/workflows/agentics/shared/no-push-to-main.md,True,9c20bd34ca554d3226d956780caddfcbb88c72a1,2025-08-12 19:58:02+00:00,1.0,1.0,0.0682,
1881,365,carlkidcrypto/ezsnmp,carlkidcrypto,sync_open_prs_with_main.md,3,2026-03-24 14:21:04+00:00,False,,,,githubnext/agentics/workflows/agentics/shared/no-push-to-main.md,githubnext/agentics/workflows/agentics/shared/no-push-to-main.md,True,9c20bd34ca554d3226d956780caddfcbb88c72a1,2025-08-12 19:58:02+00:00,1.0,1.0,0.0644,
1882,365,carlkidcrypto/ezsnmp,carlkidcrypto,sync_open_prs_with_main.md,4,2026-03-26 03:08:22+00:00,False,,,,githubnext/agentics/workflows/agentics/shared/no-push-to-main.md,githubnext/agentics/workflows/agentics/shared/no-push-to-main.md,True,9c20bd34ca554d3226d956780caddfcbb88c72a1,2025-08-12 19:58:02+00:00,1.0,1.0,0.0644,
1883,365,carlkidcrypto/ezsnmp,carlkidcrypto,sync_open_prs_with_main.md,5,2026-04-12 03:33:22+00:00,False,,,,githubnext/agentics/workflows/agentics/shared/no-push-to-main.md,githubnext/agentics/workflows/agentics/shared/no-push-to-main.md,True,9c20bd34ca554d3226d956780caddfcbb88c72a1,2025-08-12 19:58:02+00:00,1.0,1.0,0.0607,
1884,365,carlkidcrypto/ezsnmp,carlkidcrypto,sync_open_prs_with_main.md,6,2026-04-16 02:55:59+00:00,False,,,,githubnext/agentics/workflows/repo-assist.md,githubnext/agentics/workflows/repo-assist.md,False,897b5c62f2e8c6fc729c6d385157de0b39a02d70,2026-02-21 13:44:06+00:00,2.0,22.0,0.0601,
1885,365,carlkidcrypto/ezsnmp,carlkidcrypto,sync_open_prs_with_main.md,7,2026-05-02 16:05:56+00:00,False,,,,githubnext/agentics/workflows/repo-assist.md,githubnext/agentics/workflows/repo-assist.md,False,897b5c62f2e8c6fc729c6d385157de0b39a02d70,2026-02-21 13:44:06+00:00,2.0,23.0,0.0601,
1886,365,carlkidcrypto/ezsnmp,carlkidcrypto,sync_open_prs_with_main.md,8,2026-05-04 02:05:24+00:00,False,,,,githubnext/agentics/workflows/repo-assist.md,githubnext/agentics/workflows/repo-assist.md,False,897b5c62f2e8c6fc729c6d385157de0b39a02d70,2026-02-21 13:44:06+00:00,2.0,23.0,0.0601,
1887,365,carlkidcrypto/ezsnmp,carlkidcrypto,sync_open_prs_with_main.md,9,2026-05-04 02:29:33+00:00,False,,,,githubnext/agentics/workflows/repo-assist.md,githubnext/agentics/workflows/repo-assist.md,False,897b5c62f2e8c6fc729c6d385157de0b39a02d70,2026-02-21 13:44:06+00:00,2.0,23.0,0.0601,
1888,365,carlkidcrypto/ezsnmp,carlkidcrypto,sync_open_prs_with_main.md,10,2026-05-04 03:23:17+00:00,False,,,,githubnext/agentics/workflows/repo-assist.md,githubnext/agentics/workflows/repo-assist.md,False,897b5c62f2e8c6fc729c6d385157de0b39a02d70,2026-02-21 13:44:06+00:00,2.0,23.0,0.0601,
1889,366,carlkidcrypto/ezsnmp,carlkidcrypto,triage_incoming_bug_reports.md,1,2026-03-22 21:51:05+00:00,False,,,,githubnext/agentics/workflows/issue-triage.md,githubnext/agentics/workflows/agentic-triage.md,False,d5c4d948c7ff2f13d43ba2ab3aadfc5ab141d63a,2025-10-24 18:58:07+00:00,19.0,21.0,0.049,
1890,366,carlkidcrypto/ezsnmp,carlkidcrypto,triage_incoming_bug_reports.md,2,2026-05-02 16:05:56+00:00,False,,,,githubnext/agentics/workflows/issue-triage.md,githubnext/agentics/workflows/agentic-triage.md,False,d5c4d948c7ff2f13d43ba2ab3aadfc5ab141d63a,2025-10-24 18:58:07+00:00,19.0,21.0,0.049,
1891,366,carlkidcrypto/ezsnmp,carlkidcrypto,triage_incoming_bug_reports.md,3,2026-05-04 02:05:24+00:00,False,,,,githubnext/agentics/workflows/issue-triage.md,githubnext/agentics/workflows/agentic-triage.md,False,d5c4d948c7ff2f13d43ba2ab3aadfc5ab141d63a,2025-10-24 18:58:07+00:00,19.0,21.0,0.049,
1892,366,carlkidcrypto/ezsnmp,carlkidcrypto,triage_incoming_bug_reports.md,4,2026-05-04 02:29:33+00:00,False,,,,githubnext/agentics/workflows/issue-triage.md,githubnext/agentics/workflows/agentic-triage.md,False,d5c4d948c7ff2f13d43ba2ab3aadfc5ab141d63a,2025-10-24 18:58:07+00:00,19.0,21.0,0.049,
1893,366,carlkidcrypto/ezsnmp,carlkidcrypto,triage_incoming_bug_reports.md,5,2026-05-04 03:23:17+00:00,False,,,,githubnext/agentics/workflows/issue-triage.md,githubnext/agentics/workflows/agentic-triage.md,False,d5c4d948c7ff2f13d43ba2ab3aadfc5ab141d63a,2025-10-24 18:58:07+00:00,19.0,21.0,0.049,
1894,367,carlkidcrypto/ezsnmp,carlkidcrypto,update_docker_netsnmp_versions.md,1,2026-03-22 21:51:05+00:00,False,,,,githubnext/agentics/workflows/agentic-release-manager.md,githubnext/agentics/workflows/agentic-release-manager.md,False,3630c0020def25a8f34676a94877d38dc9e8889b,2025-07-30 11:05:05+00:00,1.0,1.0,0.0385,
1895,367,carlkidcrypto/ezsnmp,carlkidcrypto,update_docker_netsnmp_versions.md,2,2026-04-12 03:27:36+00:00,False,,,,github/gh-aw/.github/workflows/daily-doc-updater.md,github/gh-aw/.github/workflows/daily-doc-updater.md,False,00c8977ceb34a66b691cd5d8d4ff8f2e596fe990,2026-03-24 05:51:27+00:00,11.0,14.0,0.0398,
1896,367,carlkidcrypto/ezsnmp,carlkidcrypto,update_docker_netsnmp_versions.md,3,2026-05-02 16:05:56+00:00,False,,,,github/gh-aw/.github/workflows/shared/noop-reminder.md,github/gh-aw/.github/workflows/shared/noop-reminder.md,True,25fed92bcba25c4a0eb7765a29d05bec8f81ec3b,2026-04-18 01:02:45+00:00,1.0,1.0,0.0593,
1897,367,carlkidcrypto/ezsnmp,carlkidcrypto,update_docker_netsnmp_versions.md,4,2026-05-04 02:05:24+00:00,False,,,,github/gh-aw/.github/workflows/shared/noop-reminder.md,github/gh-aw/.github/workflows/shared/noop-reminder.md,True,25fed92bcba25c4a0eb7765a29d05bec8f81ec3b,2026-04-18 01:02:45+00:00,1.0,1.0,0.0593,
1898,367,carlkidcrypto/ezsnmp,carlkidcrypto,update_docker_netsnmp_versions.md,5,2026-05-04 02:29:33+00:00,False,,,,github/gh-aw/.github/workflows/shared/noop-reminder.md,github/gh-aw/.github/workflows/shared/noop-reminder.md,True,25fed92bcba25c4a0eb7765a29d05bec8f81ec3b,2026-04-18 01:02:45+00:00,1.0,1.0,0.0593,
1899,367,carlkidcrypto/ezsnmp,carlkidcrypto,update_docker_netsnmp_versions.md,6,2026-05-04 03:23:17+00:00,False,,,,github/gh-aw/.github/workflows/shared/noop-reminder.md,github/gh-aw/.github/workflows/shared/noop-reminder.md,True,25fed92bcba25c4a0eb7765a29d05bec8f81ec3b,2026-04-18 01:02:45+00:00,1.0,1.0,0.0593,
1900,368,carlkidcrypto/ezsnmp,carlkidcrypto,update_docker_python_versions.md,1,2026-03-21 21:31:27+00:00,False,,,,githubnext/agentics/workflows/daily-dependency-updates.md,githubnext/agentics/workflows/daily-dependency-updates.md,False,a371b734efabc3c2ff136fb05f03f0b868ee2f0e,2025-08-12 19:49:30+00:00,5.0,23.0,0.044,
1901,368,carlkidcrypto/ezsnmp,carlkidcrypto,update_docker_python_versions.md,2,2026-05-02 16:05:56+00:00,False,,,,githubnext/agentics/workflows/daily-dependency-updates.md,githubnext/agentics/workflows/daily-dependency-updates.md,False,a371b734efabc3c2ff136fb05f03f0b868ee2f0e,2025-08-12 19:49:30+00:00,5.0,23.0,0.044,
1902,368,carlkidcrypto/ezsnmp,carlkidcrypto,update_docker_python_versions.md,3,2026-05-04 02:05:24+00:00,False,,,,githubnext/agentics/workflows/daily-dependency-updates.md,githubnext/agentics/workflows/daily-dependency-updates.md,False,a371b734efabc3c2ff136fb05f03f0b868ee2f0e,2025-08-12 19:49:30+00:00,5.0,23.0,0.044,
1903,368,carlkidcrypto/ezsnmp,carlkidcrypto,update_docker_python_versions.md,4,2026-05-04 02:29:33+00:00,False,,,,githubnext/agentics/workflows/daily-dependency-updates.md,githubnext/agentics/workflows/daily-dependency-updates.md,False,a371b734efabc3c2ff136fb05f03f0b868ee2f0e,2025-08-12 19:49:30+00:00,5.0,23.0,0.044,
1904,368,carlkidcrypto/ezsnmp,carlkidcrypto,update_docker_python_versions.md,5,2026-05-04 03:23:17+00:00,False,,,,githubnext/agentics/workflows/daily-dependency-updates.md,githubnext/agentics/workflows/daily-dependency-updates.md,False,a371b734efabc3c2ff136fb05f03f0b868ee2f0e,2025-08-12 19:49:30+00:00,5.0,23.0,0.044,
1905,369,Azure/typespec-azure,Azure,doc-update.md,1,2026-03-30 07:52:19+00:00,False,,,,githubnext/agentics/workflows/knowledge-base-curator.md,githubnext/agentics/workflows/knowledge-base-curator.md,False,8405f866d4c0156a61f743989725315f57de9c8f,2025-07-30 11:07:44+00:00,1.0,1.0,0.0616,
1906,369,Azure/typespec-azure,Azure,doc-update.md,2,2026-03-31 14:16:49+00:00,False,,,,githubnext/agentics/workflows/knowledge-base-curator.md,githubnext/agentics/workflows/knowledge-base-curator.md,False,8405f866d4c0156a61f743989725315f57de9c8f,2025-07-30 11:07:44+00:00,1.0,1.0,0.0616,
1907,369,Azure/typespec-azure,Azure,doc-update.md,3,2026-04-02 09:01:08+00:00,False,,,,githubnext/agentics/workflows/knowledge-base-curator.md,githubnext/agentics/workflows/knowledge-base-curator.md,False,8405f866d4c0156a61f743989725315f57de9c8f,2025-07-30 11:07:44+00:00,1.0,1.0,0.0612,
1908,369,Azure/typespec-azure,Azure,doc-update.md,4,2026-04-08 02:02:44+00:00,False,,,,githubnext/agentics/workflows/repo-assist.md,githubnext/agentics/workflows/repo-assist.md,False,69c1ee19e39e6aaba35519aafefb5cbf314de323,2026-02-26 11:32:52+00:00,17.0,22.0,0.06,
1909,369,Azure/typespec-azure,Azure,doc-update.md,5,2026-04-13 07:19:20+00:00,False,,,,githubnext/agentics/workflows/repo-assist.md,githubnext/agentics/workflows/repo-assist.md,False,69c1ee19e39e6aaba35519aafefb5cbf314de323,2026-02-26 11:32:52+00:00,17.0,22.0,0.06,
1910,369,Azure/typespec-azure,Azure,doc-update.md,6,2026-04-14 08:23:05+00:00,False,,,,githubnext/agentics/workflows/repo-assist.md,githubnext/agentics/workflows/repo-assist.md,False,69dc52f93e6abaaeb199c24e22b401f5bb1bac6f,2026-03-07 00:06:02+00:00,19.0,22.0,0.0633,
1911,369,Azure/typespec-azure,Azure,doc-update.md,7,2026-04-15 03:58:48+00:00,False,,,,githubnext/agentics/workflows/repo-assist.md,githubnext/agentics/workflows/repo-assist.md,False,69c1ee19e39e6aaba35519aafefb5cbf314de323,2026-02-26 11:32:52+00:00,17.0,22.0,0.0618,
1912,369,Azure/typespec-azure,Azure,doc-update.md,8,2026-04-16 09:10:40+00:00,False,,,,githubnext/agentics/workflows/repo-assist.md,githubnext/agentics/workflows/repo-assist.md,False,69dc52f93e6abaaeb199c24e22b401f5bb1bac6f,2026-03-07 00:06:02+00:00,19.0,22.0,0.0599,
1913,369,Azure/typespec-azure,Azure,doc-update.md,9,2026-04-17 05:15:58+00:00,False,,,,githubnext/agentics/workflows/repo-assist.md,githubnext/agentics/workflows/repo-assist.md,False,69dc52f93e6abaaeb199c24e22b401f5bb1bac6f,2026-03-07 00:06:02+00:00,19.0,22.0,0.0599,
1914,369,Azure/typespec-azure,Azure,doc-update.md,10,2026-06-25 02:41:01+00:00,False,,,,github/gh-aw/.github/workflows/ci-doctor.md,githubnext/agentics/workflows/ci-doctor.md,False,506b3c471b3764eb69f507f20a133d641b6eac6f,2026-05-23 15:11:12+00:00,14.0,15.0,0.0631,
1915,369,Azure/typespec-azure,Azure,doc-update.md,11,2026-06-25 03:57:50+00:00,False,,,,github/gh-aw/.github/workflows/ci-doctor.md,githubnext/agentics/workflows/ci-doctor.md,False,506b3c471b3764eb69f507f20a133d641b6eac6f,2026-05-23 15:11:12+00:00,14.0,15.0,0.0631,
1916,370,Azure/typespec-azure,Azure,docs-sync.md,1,2026-02-26 21:34:27+00:00,False,,,,github/gh-aw/.github/workflows/daily-doc-updater.md,github/gh-aw/.github/workflows/daily-doc-updater.md,False,fe2713ba4bb447a2e38905f4a47920531bc59cdd,2026-02-24 04:25:20+00:00,6.0,7.0,0.1384,
1917,370,Azure/typespec-azure,Azure,docs-sync.md,2,2026-06-25 02:41:01+00:00,False,,,,github/gh-aw/.github/workflows/daily-doc-updater.md,github/gh-aw/.github/workflows/daily-doc-updater.md,False,fe2713ba4bb447a2e38905f4a47920531bc59cdd,2026-02-24 04:25:20+00:00,6.0,23.0,0.1384,
1918,371,fedixyz/fedi,fedixyz,daily-e2e-coverage-check.md,1,2026-06-01 10:33:29+00:00,False,,,,githubnext/agentics/workflows/daily-test-improver.md,githubnext/agentics/workflows/daily-test-improver.md,False,d975fee907421105562226072b27345545862e92,2026-03-07 18:15:29+00:00,49.0,51.0,0.0664,
1919,371,fedixyz/fedi,fedixyz,daily-e2e-coverage-check.md,2,2026-06-05 07:27:51+00:00,False,,,,github/gh-aw/.github/workflows/daily-doc-updater.md,github/gh-aw/.github/workflows/daily-doc-updater.md,False,46962005857518a2ae566a86309389f59007cae5,2026-04-05 14:56:19+00:00,14.0,23.0,0.063,
1920,371,fedixyz/fedi,fedixyz,daily-e2e-coverage-check.md,3,2026-06-15 08:38:32+00:00,False,,,,github/gh-aw/.github/workflows/daily-doc-updater.md,github/gh-aw/.github/workflows/daily-doc-updater.md,False,81811c5e30a0b454f36dce5b71b70328b0a7019a,2026-04-15 13:45:28+00:00,15.0,23.0,0.0678,
1921,372,fedixyz/fedi,fedixyz,weekly-doc-updater.md,1,2026-06-01 10:33:41+00:00,False,,,,githubnext/agentics/workflows/doc-updater.md,githubnext/agentics/workflows/daily-doc-updater.md,False,497230d3867fe453aae74b15d06178d45a39fcce,2026-05-08 20:56:58+00:00,1.0,1.0,0.0838,
1922,372,fedixyz/fedi,fedixyz,weekly-doc-updater.md,2,2026-06-09 20:21:24+00:00,False,,,,githubnext/agentics/workflows/doc-updater.md,githubnext/agentics/workflows/daily-doc-updater.md,False,497230d3867fe453aae74b15d06178d45a39fcce,2026-05-08 20:56:58+00:00,1.0,1.0,0.0838,
1923,372,fedixyz/fedi,fedixyz,weekly-doc-updater.md,3,2026-06-16 09:23:02+00:00,False,,,,github/gh-aw/.github/workflows/daily-doc-updater.md,github/gh-aw/.github/workflows/daily-doc-updater.md,False,fe2713ba4bb447a2e38905f4a47920531bc59cdd,2026-02-24 04:25:20+00:00,6.0,23.0,0.0847,
1924,372,fedixyz/fedi,fedixyz,weekly-doc-updater.md,4,2026-06-16 17:17:56+00:00,False,,,,github/gh-aw/.github/workflows/daily-doc-updater.md,github/gh-aw/.github/workflows/daily-doc-updater.md,False,fe2713ba4bb447a2e38905f4a47920531bc59cdd,2026-02-24 04:25:20+00:00,6.0,23.0,0.0847,
1925,373,meshery/schemas,meshery,first-time-contributor.md,1,2026-05-12 12:09:46+00:00,False,,,,githubnext/agentics/workflows/contribution-guidelines-checker.md,githubnext/agentics/workflows/contribution-guidelines-checker.md,False,6035e2b45ff968b3ccc1945a0858d98bf87826e5,2026-02-19 06:02:06+00:00,2.0,2.0,0.0711,
1926,374,foxminchan/BookWorm,foxminchan,contribution-guidelines-checker.md,1,2026-02-13 13:42:01+00:00,False,githubnext/agentics/workflows/contribution-guidelines-checker.md@69b5e3ae5fa7f35fa555b0a22aee14c36ab57ebb,ok,githubnext/agentics/workflows/contribution-guidelines-checker.md,githubnext/agentics/workflows/contribution-guidelines-checker.md,githubnext/agentics/workflows/contribution-guidelines-checker.md,False,ce666569727b3b361b87c801927c6081733ee1aa,2026-02-09 13:23:00+00:00,1.0,1.0,1.0,1.0
1927,374,foxminchan/BookWorm,foxminchan,contribution-guidelines-checker.md,2,2026-03-28 16:27:46+00:00,False,githubnext/agentics/workflows/contribution-guidelines-checker.md@69b5e3ae5fa7f35fa555b0a22aee14c36ab57ebb,ok,githubnext/agentics/workflows/contribution-guidelines-checker.md,githubnext/agentics/workflows/contribution-guidelines-checker.md,githubnext/agentics/workflows/contribution-guidelines-checker.md,False,ce666569727b3b361b87c801927c6081733ee1aa,2026-02-09 13:23:00+00:00,1.0,2.0,0.5168,0.5168
1928,374,foxminchan/BookWorm,foxminchan,contribution-guidelines-checker.md,3,2026-03-28 19:42:13+00:00,False,githubnext/agentics/workflows/contribution-guidelines-checker.md@69b5e3ae5fa7f35fa555b0a22aee14c36ab57ebb,ok,githubnext/agentics/workflows/contribution-guidelines-checker.md,githubnext/agentics/workflows/contribution-guidelines-checker.md,githubnext/agentics/workflows/contribution-guidelines-checker.md,False,6035e2b45ff968b3ccc1945a0858d98bf87826e5,2026-02-19 06:02:06+00:00,2.0,2.0,0.5162,0.51
1929,374,foxminchan/BookWorm,foxminchan,contribution-guidelines-checker.md,4,2026-03-29 04:53:48+00:00,False,githubnext/agentics/workflows/contribution-guidelines-checker.md@69b5e3ae5fa7f35fa555b0a22aee14c36ab57ebb,ok,githubnext/agentics/workflows/contribution-guidelines-checker.md,githubnext/agentics/workflows/contribution-guidelines-checker.md,githubnext/agentics/workflows/contribution-guidelines-checker.md,False,6035e2b45ff968b3ccc1945a0858d98bf87826e5,2026-02-19 06:02:06+00:00,2.0,2.0,0.5162,0.51
1930,374,foxminchan/BookWorm,foxminchan,contribution-guidelines-checker.md,5,2026-05-06 10:19:00+00:00,False,githubnext/agentics/workflows/contribution-guidelines-checker.md@69b5e3ae5fa7f35fa555b0a22aee14c36ab57ebb,ok,githubnext/agentics/workflows/contribution-guidelines-checker.md,githubnext/agentics/workflows/contribution-guidelines-checker.md,githubnext/agentics/workflows/contribution-guidelines-checker.md,False,6035e2b45ff968b3ccc1945a0858d98bf87826e5,2026-02-19 06:02:06+00:00,2.0,2.0,0.5162,0.51
1931,374,foxminchan/BookWorm,foxminchan,contribution-guidelines-checker.md,6,2026-06-19 04:42:34+00:00,False,githubnext/agentics/workflows/contribution-guidelines-checker.md@69b5e3ae5fa7f35fa555b0a22aee14c36ab57ebb,ok,githubnext/agentics/workflows/contribution-guidelines-checker.md,githubnext/agentics/workflows/contribution-guidelines-checker.md,githubnext/agentics/workflows/contribution-guidelines-checker.md,False,6035e2b45ff968b3ccc1945a0858d98bf87826e5,2026-02-19 06:02:06+00:00,2.0,2.0,0.5162,0.51
1932,375,foxminchan/BookWorm,foxminchan,daily-repo-status.md,1,2026-02-18 00:16:01+00:00,False,,,,githubnext/agentics/workflows/daily-repo-status.md,githubnext/agentics/workflows/daily-repo-status.md,False,3eae9b88d024036be45d668e3404f8662f94d878,2026-01-26 19:57:42+00:00,1.0,1.0,0.0694,
1933,375,foxminchan/BookWorm,foxminchan,daily-repo-status.md,2,2026-02-19 08:40:34+00:00,False,,,,githubnext/agentics/workflows/daily-repo-status.md,githubnext/agentics/workflows/daily-repo-status.md,False,3eae9b88d024036be45d668e3404f8662f94d878,2026-01-26 19:57:42+00:00,1.0,1.0,0.0694,
1934,375,foxminchan/BookWorm,foxminchan,daily-repo-status.md,3,2026-03-28 16:27:46+00:00,False,,,,githubnext/agentics/workflows/daily-repo-chronicle.md,githubnext/agentics/workflows/daily-repo-chronicle.md,False,398f7d95ef5bd2329e422df142569a8833f91a1f,2026-03-08 02:28:41+00:00,2.0,2.0,0.0891,
1935,375,foxminchan/BookWorm,foxminchan,daily-repo-status.md,4,2026-03-28 19:42:13+00:00,False,,,,githubnext/agentics/workflows/daily-repo-chronicle.md,githubnext/agentics/workflows/daily-repo-chronicle.md,False,398f7d95ef5bd2329e422df142569a8833f91a1f,2026-03-08 02:28:41+00:00,2.0,2.0,0.0927,
1936,375,foxminchan/BookWorm,foxminchan,daily-repo-status.md,5,2026-03-29 04:53:48+00:00,False,,,,githubnext/agentics/workflows/daily-repo-chronicle.md,githubnext/agentics/workflows/daily-repo-chronicle.md,False,398f7d95ef5bd2329e422df142569a8833f91a1f,2026-03-08 02:28:41+00:00,2.0,2.0,0.0927,
1937,375,foxminchan/BookWorm,foxminchan,daily-repo-status.md,6,2026-05-06 10:19:00+00:00,False,,,,githubnext/agentics/workflows/daily-repo-chronicle.md,githubnext/agentics/workflows/daily-repo-chronicle.md,False,398f7d95ef5bd2329e422df142569a8833f91a1f,2026-03-08 02:28:41+00:00,2.0,2.0,0.0927,
1938,376,foxminchan/BookWorm,foxminchan,issue-triage.md,1,2026-02-13 07:42:07+00:00,False,,,,githubnext/agentics/workflows/issue-triage.md,githubnext/agentics/workflows/agentic-triage.md,False,bf8d330e628f2c235cd9304310156bdbbfa61123,2025-10-24 19:03:24+00:00,20.0,21.0,0.0742,
1939,376,foxminchan/BookWorm,foxminchan,issue-triage.md,2,2026-03-28 16:27:46+00:00,False,,,,githubnext/agentics/workflows/issue-triage.md,githubnext/agentics/workflows/agentic-triage.md,False,bf8d330e628f2c235cd9304310156bdbbfa61123,2025-10-24 19:03:24+00:00,20.0,21.0,0.0716,
1940,376,foxminchan/BookWorm,foxminchan,issue-triage.md,3,2026-03-28 19:42:13+00:00,False,,,,githubnext/agentics/workflows/issue-triage.md,githubnext/agentics/workflows/agentic-triage.md,False,bf8d330e628f2c235cd9304310156bdbbfa61123,2025-10-24 19:03:24+00:00,20.0,21.0,0.0906,
1941,376,foxminchan/BookWorm,foxminchan,issue-triage.md,4,2026-03-29 04:53:48+00:00,False,,,,githubnext/agentics/workflows/issue-triage.md,githubnext/agentics/workflows/agentic-triage.md,False,bf8d330e628f2c235cd9304310156bdbbfa61123,2025-10-24 19:03:24+00:00,20.0,21.0,0.0906,
1942,376,foxminchan/BookWorm,foxminchan,issue-triage.md,5,2026-04-21 13:38:52+00:00,False,,,,githubnext/agentics/workflows/issue-triage.md,githubnext/agentics/workflows/agentic-triage.md,False,bf8d330e628f2c235cd9304310156bdbbfa61123,2025-10-24 19:03:24+00:00,20.0,21.0,0.0906,
1943,376,foxminchan/BookWorm,foxminchan,issue-triage.md,6,2026-05-06 10:19:00+00:00,False,,,,githubnext/agentics/workflows/issue-triage.md,githubnext/agentics/workflows/agentic-triage.md,False,bf8d330e628f2c235cd9304310156bdbbfa61123,2025-10-24 19:03:24+00:00,20.0,21.0,0.0904,
1944,376,foxminchan/BookWorm,foxminchan,issue-triage.md,7,2026-06-19 04:42:34+00:00,False,,,,githubnext/agentics/workflows/issue-triage.md,githubnext/agentics/workflows/agentic-triage.md,False,bf8d330e628f2c235cd9304310156bdbbfa61123,2025-10-24 19:03:24+00:00,20.0,23.0,0.0904,
1945,377,foxminchan/BookWorm,foxminchan,pr-triage.md,1,2026-02-13 12:13:47+00:00,False,,,,githubnext/agentics/workflows/issue-triage.md,githubnext/agentics/workflows/agentic-triage.md,False,bf8d330e628f2c235cd9304310156bdbbfa61123,2025-10-24 19:03:24+00:00,20.0,21.0,0.0531,
1946,377,foxminchan/BookWorm,foxminchan,pr-triage.md,2,2026-03-14 11:56:57+00:00,False,,,,githubnext/agentics/workflows/issue-triage.md,githubnext/agentics/workflows/agentic-triage.md,False,bf8d330e628f2c235cd9304310156bdbbfa61123,2025-10-24 19:03:24+00:00,20.0,21.0,0.0548,
1947,377,foxminchan/BookWorm,foxminchan,pr-triage.md,3,2026-03-28 16:27:46+00:00,False,,,,githubnext/agentics/workflows/issue-triage.md,githubnext/agentics/workflows/agentic-triage.md,False,0125b7683216c4123cb803621a01b54492c49c84,2025-08-23 14:14:13+00:00,7.0,21.0,0.0532,
1948,377,foxminchan/BookWorm,foxminchan,pr-triage.md,4,2026-03-28 19:42:13+00:00,False,,,,githubnext/agentics/workflows/issue-triage.md,githubnext/agentics/workflows/agentic-triage.md,False,0125b7683216c4123cb803621a01b54492c49c84,2025-08-23 14:14:13+00:00,7.0,21.0,0.0621,
1949,377,foxminchan/BookWorm,foxminchan,pr-triage.md,5,2026-03-29 04:53:48+00:00,False,,,,githubnext/agentics/workflows/issue-triage.md,githubnext/agentics/workflows/agentic-triage.md,False,0125b7683216c4123cb803621a01b54492c49c84,2025-08-23 14:14:13+00:00,7.0,21.0,0.0621,
1950,377,foxminchan/BookWorm,foxminchan,pr-triage.md,6,2026-04-21 13:38:52+00:00,False,,,,githubnext/agentics/workflows/issue-triage.md,githubnext/agentics/workflows/agentic-triage.md,False,0125b7683216c4123cb803621a01b54492c49c84,2025-08-23 14:14:13+00:00,7.0,21.0,0.0621,
1951,377,foxminchan/BookWorm,foxminchan,pr-triage.md,7,2026-05-06 10:19:00+00:00,False,,,,githubnext/agentics/workflows/issue-triage.md,githubnext/agentics/workflows/agentic-triage.md,False,0125b7683216c4123cb803621a01b54492c49c84,2025-08-23 14:14:13+00:00,7.0,21.0,0.062,
1952,377,foxminchan/BookWorm,foxminchan,pr-triage.md,8,2026-06-19 04:42:34+00:00,False,,,,githubnext/agentics/workflows/issue-triage.md,githubnext/agentics/workflows/agentic-triage.md,False,0125b7683216c4123cb803621a01b54492c49c84,2025-08-23 14:14:13+00:00,7.0,23.0,0.062,
1953,377,foxminchan/BookWorm,foxminchan,pr-triage.md,9,2026-06-26 07:34:36+00:00,False,,,,githubnext/agentics/workflows/issue-triage.md,githubnext/agentics/workflows/agentic-triage.md,False,0125b7683216c4123cb803621a01b54492c49c84,2025-08-23 14:14:13+00:00,7.0,23.0,0.0619,
1954,378,ohcnetwork/care_fe,ohcnetwork,daily-playwright-improver.md,1,2026-02-07 22:12:14+00:00,False,,,,githubnext/agentics/workflows/daily-test-improver.md,githubnext/agentics/workflows/daily-test-improver.md,False,2a57789b0049f42aa68b482f1231cbba226eec96,2025-08-26 19:56:52+00:00,13.0,44.0,0.0774,
1955,379,ohcnetwork/care_fe,ohcnetwork,thank-you-note.md,1,2026-02-07 22:32:19+00:00,False,,,,githubnext/agentics/workflows/daily-test-improver.md,githubnext/agentics/workflows/daily-test-improver.md,False,0837fb7b24c3b84ee77fb7c8cfa8735c48be347a,2025-10-24 23:06:57+00:00,42.0,44.0,0.0484,
1956,379,ohcnetwork/care_fe,ohcnetwork,thank-you-note.md,2,2026-02-07 23:13:38+00:00,False,,,,github/gh-aw/.github/workflows/daily-doc-updater.md,github/gh-aw/.github/workflows/daily-doc-updater.md,False,83d14e39e312775d09002b98cb62d819af6d244f,2026-01-28 13:54:32+00:00,5.0,5.0,0.0367,
1957,380,IgniteUI/igniteui-xplat-docs,IgniteUI,sync-jp-docs.md,1,2026-03-20 15:38:03+00:00,False,,,,github/gh-aw/.github/workflows/daily-doc-updater.md,github/gh-aw/.github/workflows/daily-doc-updater.md,False,8b089d17e83805175b88a9ebf4bcc419595a307c,2026-02-26 20:31:29+00:00,7.0,10.0,0.0541,
1958,380,IgniteUI/igniteui-xplat-docs,IgniteUI,sync-jp-docs.md,2,2026-03-23 11:33:29+00:00,False,,,,github/gh-aw/.github/workflows/daily-doc-updater.md,github/gh-aw/.github/workflows/daily-doc-updater.md,False,8b089d17e83805175b88a9ebf4bcc419595a307c,2026-02-26 20:31:29+00:00,7.0,10.0,0.0541,
1959,380,IgniteUI/igniteui-xplat-docs,IgniteUI,sync-jp-docs.md,3,2026-03-23 11:48:17+00:00,False,,,,github/gh-aw/.github/workflows/daily-doc-updater.md,github/gh-aw/.github/workflows/daily-doc-updater.md,False,8b089d17e83805175b88a9ebf4bcc419595a307c,2026-02-26 20:31:29+00:00,7.0,10.0,0.057,
1960,380,IgniteUI/igniteui-xplat-docs,IgniteUI,sync-jp-docs.md,4,2026-03-26 09:10:03+00:00,False,,,,githubnext/agentics/workflows/agentic-wiki-writer.md,githubnext/agentics/workflows/agentic-wiki-writer.md,False,398f7d95ef5bd2329e422df142569a8833f91a1f,2026-03-08 02:28:41+00:00,2.0,6.0,0.0659,
1961,380,IgniteUI/igniteui-xplat-docs,IgniteUI,sync-jp-docs.md,5,2026-03-26 12:38:50+00:00,False,,,,githubnext/agentics/workflows/agentic-wiki-writer.md,githubnext/agentics/workflows/agentic-wiki-writer.md,False,398f7d95ef5bd2329e422df142569a8833f91a1f,2026-03-08 02:28:41+00:00,2.0,6.0,0.0659,
1962,380,IgniteUI/igniteui-xplat-docs,IgniteUI,sync-jp-docs.md,6,2026-03-26 12:40:15+00:00,False,,,,githubnext/agentics/workflows/agentic-wiki-writer.md,githubnext/agentics/workflows/agentic-wiki-writer.md,False,398f7d95ef5bd2329e422df142569a8833f91a1f,2026-03-08 02:28:41+00:00,2.0,6.0,0.0659,
1963,380,IgniteUI/igniteui-xplat-docs,IgniteUI,sync-jp-docs.md,7,2026-03-26 13:46:47+00:00,False,,,,githubnext/agentics/workflows/agentic-wiki-writer.md,githubnext/agentics/workflows/agentic-wiki-writer.md,False,398f7d95ef5bd2329e422df142569a8833f91a1f,2026-03-08 02:28:41+00:00,2.0,6.0,0.064,
1964,380,IgniteUI/igniteui-xplat-docs,IgniteUI,sync-jp-docs.md,8,2026-04-03 13:32:23+00:00,False,,,,githubnext/agentics/workflows/agentic-wiki-writer.md,githubnext/agentics/workflows/agentic-wiki-writer.md,False,398f7d95ef5bd2329e422df142569a8833f91a1f,2026-03-08 02:28:41+00:00,2.0,6.0,0.0649,
1965,381,alexandru/social-publish,alexandru,code-simplifier.md,1,2026-04-26 16:48:25+00:00,False,github/gh-aw/.github/workflows/code-simplifier.md@852cb06ad52958b402ed982b69957ffc57ca0619,ok,github/gh-aw/.github/workflows/code-simplifier.md,github/gh-aw/.github/workflows/code-simplifier.md,github/gh-aw/.github/workflows/code-simplifier.md,False,bb3a3b3c35105d86add624c48ddb68e1419f5cb5,2026-02-16 17:09:36+00:00,4.0,6.0,1.0,1.0
1966,382,pulumi/ci-mgmt,pulumi,gh-aw-pr-rereview.md,1,2026-05-11 17:38:59+00:00,True,pulumi-labs/gh-aw-internal/.github/workflows/gh-aw-pr-rereview.md@8a92f53fac170563f7727cacab2dbedb5d5b9e29,ok,pulumi-labs/gh-aw-internal/.github/workflows/gh-aw-pr-rereview.md,,,,,,,,,
1967,383,pulumi/ci-mgmt,pulumi,gh-aw-pr-review.md,1,2026-05-11 17:38:59+00:00,True,pulumi-labs/gh-aw-internal/.github/workflows/gh-aw-pr-review.md@8a92f53fac170563f7727cacab2dbedb5d5b9e29,ok,pulumi-labs/gh-aw-internal/.github/workflows/gh-aw-pr-review.md,,,,,,,,,
1968,384,CommunityToolkit/Aspire,CommunityToolkit,aspire-upgrade.md,1,2026-03-12 23:42:48+00:00,False,,,,githubnext/agentics/workflows/daily-test-improver.md,githubnext/agentics/workflows/daily-test-improver.md,False,68143d2f2ec0621b4a3b1b537aa3ae3656831678,2025-08-25 23:07:08+00:00,10.0,51.0,0.0494,
1969,384,CommunityToolkit/Aspire,CommunityToolkit,aspire-upgrade.md,2,2026-03-18 05:53:36+00:00,False,,,,githubnext/agentics/workflows/maintainer.md,githubnext/agentics/workflows/maintainer.md,False,7fd31902e2252188bc7dfd0f9c603cad2b1b8b10,2025-10-22 17:41:11+00:00,1.0,1.0,0.0615,
1970,384,CommunityToolkit/Aspire,CommunityToolkit,aspire-upgrade.md,3,2026-03-18 05:57:28+00:00,False,,,,githubnext/agentics/workflows/daily-test-improver.md,githubnext/agentics/workflows/daily-test-improver.md,False,68143d2f2ec0621b4a3b1b537aa3ae3656831678,2025-08-25 23:07:08+00:00,10.0,51.0,0.0516,
1971,384,CommunityToolkit/Aspire,CommunityToolkit,aspire-upgrade.md,4,2026-05-14 05:14:06+00:00,False,,,,githubnext/agentics/workflows/daily-test-improver.md,githubnext/agentics/workflows/daily-test-improver.md,False,68143d2f2ec0621b4a3b1b537aa3ae3656831678,2025-08-25 23:07:08+00:00,10.0,51.0,0.0516,
1972,384,CommunityToolkit/Aspire,CommunityToolkit,aspire-upgrade.md,5,2026-05-26 00:56:19+00:00,False,,,,githubnext/agentics/workflows/daily-test-improver.md,githubnext/agentics/workflows/daily-test-improver.md,False,68143d2f2ec0621b4a3b1b537aa3ae3656831678,2025-08-25 23:07:08+00:00,10.0,51.0,0.052,
1973,385,popey/slomore,popey,repo-assist.md,1,2026-06-02 16:08:18+00:00,False,githubnext/agentics/workflows/repo-assist.md@c02eadfca420f2b351f9fcaee883c507a63ca316,ok,githubnext/agentics/workflows/repo-assist.md,githubnext/agentics/workflows/repo-assist.md,githubnext/agentics/workflows/repo-assist.md,False,c7d030cd6d4607b90d9ac3ffc8b24aff4f251632,2026-05-09 12:20:41+00:00,25.0,25.0,1.0,1.0
1974,385,popey/slomore,popey,repo-assist.md,2,2026-06-04 08:03:59+00:00,False,githubnext/agentics/workflows/repo-assist.md@c02eadfca420f2b351f9fcaee883c507a63ca316,ok,githubnext/agentics/workflows/repo-assist.md,githubnext/agentics/workflows/repo-assist.md,githubnext/agentics/workflows/repo-assist.md,False,c7d030cd6d4607b90d9ac3ffc8b24aff4f251632,2026-05-09 12:20:41+00:00,25.0,25.0,1.0,1.0
1975,385,popey/slomore,popey,repo-assist.md,3,2026-06-04 20:34:29+00:00,False,githubnext/agentics/workflows/repo-assist.md@c02eadfca420f2b351f9fcaee883c507a63ca316,ok,githubnext/agentics/workflows/repo-assist.md,githubnext/agentics/workflows/repo-assist.md,githubnext/agentics/workflows/repo-assist.md,False,c7d030cd6d4607b90d9ac3ffc8b24aff4f251632,2026-05-09 12:20:41+00:00,25.0,25.0,1.0,1.0
1976,386,pydantic/pydantic-ai,pydantic,pydantic-ai-bug-hunter.md,1,2026-05-22 21:20:41+00:00,True,,,,,,,,,,,,
1977,386,pydantic/pydantic-ai,pydantic,pydantic-ai-bug-hunter.md,2,2026-05-25 23:03:48+00:00,True,,,,,,,,,,,,
1978,386,pydantic/pydantic-ai,pydantic,pydantic-ai-bug-hunter.md,3,2026-05-27 00:49:04+00:00,True,,,,,,,,,,,,
1979,387,pydantic/pydantic-ai,pydantic,pydantic-ai-docs-drift.md,1,2026-05-22 21:20:41+00:00,True,,,,,,,,,,,,
1980,387,pydantic/pydantic-ai,pydantic,pydantic-ai-docs-drift.md,2,2026-05-25 23:03:48+00:00,True,,,,,,,,,,,,
1981,387,pydantic/pydantic-ai,pydantic,pydantic-ai-docs-drift.md,3,2026-05-27 00:49:04+00:00,True,,,,,,,,,,,,
1982,388,pydantic/pydantic-ai,pydantic,pydantic-ai-pr-review.md,1,2026-05-22 21:20:41+00:00,True,,,,,,,,,,,,
1983,388,pydantic/pydantic-ai,pydantic,pydantic-ai-pr-review.md,2,2026-05-25 23:03:48+00:00,True,,,,,,,,,,,,
1984,388,pydantic/pydantic-ai,pydantic,pydantic-ai-pr-review.md,3,2026-05-27 00:49:04+00:00,True,,,,,,,,,,,,
1985,389,pydantic/pydantic-ai,pydantic,pydantic-ai-provider-mapping-sweep.md,1,2026-05-22 21:20:41+00:00,True,,,,,,,,,,,,
1986,389,pydantic/pydantic-ai,pydantic,pydantic-ai-provider-mapping-sweep.md,2,2026-05-25 23:03:48+00:00,True,,,,,,,,,,,,
1987,389,pydantic/pydantic-ai,pydantic,pydantic-ai-provider-mapping-sweep.md,3,2026-05-27 00:49:04+00:00,True,,,,,,,,,,,,
1988,390,pydantic/pydantic-ai,pydantic,pydantic-ai-provider-parity-explore.md,1,2026-05-22 21:20:41+00:00,True,,,,,,,,,,,,
1989,390,pydantic/pydantic-ai,pydantic,pydantic-ai-provider-parity-explore.md,2,2026-05-25 23:03:48+00:00,True,,,,,,,,,,,,
1990,390,pydantic/pydantic-ai,pydantic,pydantic-ai-provider-parity-explore.md,3,2026-05-27 00:49:04+00:00,True,,,,,,,,,,,,
1991,391,pydantic/pydantic-ai,pydantic,pydantic-ai-regression-detector.md,1,2026-05-22 21:20:41+00:00,True,,,,,,,,,,,,
1992,391,pydantic/pydantic-ai,pydantic,pydantic-ai-regression-detector.md,2,2026-05-25 23:03:48+00:00,True,,,,,,,,,,,,
1993,391,pydantic/pydantic-ai,pydantic,pydantic-ai-regression-detector.md,3,2026-05-27 00:49:04+00:00,True,,,,,,,,,,,,
1994,392,pydantic/pydantic-ai,pydantic,pydantic-ai-roundtrip-sweep.md,1,2026-05-22 21:20:41+00:00,True,,,,,,,,,,,,
1995,392,pydantic/pydantic-ai,pydantic,pydantic-ai-roundtrip-sweep.md,2,2026-05-25 23:03:48+00:00,True,,,,,,,,,,,,
1996,392,pydantic/pydantic-ai,pydantic,pydantic-ai-roundtrip-sweep.md,3,2026-05-27 00:49:04+00:00,True,,,,,,,,,,,,
1997,393,pydantic/pydantic-ai,pydantic,pydantic-ai-stale-issues-finder.md,1,2026-05-25 23:03:48+00:00,True,,,,,,,,,,,,
1998,393,pydantic/pydantic-ai,pydantic,pydantic-ai-stale-issues-finder.md,2,2026-05-27 00:49:04+00:00,True,,,,,,,,,,,,
1999,394,pydantic/pydantic-ai,pydantic,pydantic-ai-streaming-resilience-sweep.md,1,2026-05-22 21:20:41+00:00,True,,,,,,,,,,,,
2000,394,pydantic/pydantic-ai,pydantic,pydantic-ai-streaming-resilience-sweep.md,2,2026-05-25 23:03:48+00:00,True,,,,,,,,,,,,
2001,394,pydantic/pydantic-ai,pydantic,pydantic-ai-streaming-resilience-sweep.md,3,2026-05-27 00:49:04+00:00,True,,,,,,,,,,,,
2002,395,pydantic/pydantic-ai,pydantic,pydantic-ai-ui-security-review.md,1,2026-05-22 23:53:59+00:00,True,,,,,,,,,,,,
2003,395,pydantic/pydantic-ai,pydantic,pydantic-ai-ui-security-review.md,2,2026-05-23 02:43:55+00:00,True,,,,,,,,,,,,
2004,395,pydantic/pydantic-ai,pydantic,pydantic-ai-ui-security-review.md,3,2026-05-25 23:03:48+00:00,True,,,,,,,,,,,,
2005,395,pydantic/pydantic-ai,pydantic,pydantic-ai-ui-security-review.md,4,2026-05-27 00:49:04+00:00,True,,,,,,,,,,,,
2006,395,pydantic/pydantic-ai,pydantic,pydantic-ai-ui-security-review.md,5,2026-06-23 15:06:59+00:00,True,,,,,,,,,,,,
2007,395,pydantic/pydantic-ai,pydantic,pydantic-ai-ui-security-review.md,6,2026-06-25 20:09:33+00:00,True,,,,,,,,,,,,
2008,395,pydantic/pydantic-ai,pydantic,pydantic-ai-ui-security-review.md,7,2026-06-26 22:35:50+00:00,True,,,,,,,,,,,,
2009,396,moeru-ai/airi,moeru-ai,pr-triage.md,1,2026-04-04 19:11:13+00:00,False,,,,githubnext/agentics/workflows/issue-triage.md,githubnext/agentics/workflows/agentic-triage.md,False,d5c4d948c7ff2f13d43ba2ab3aadfc5ab141d63a,2025-10-24 18:58:07+00:00,19.0,21.0,0.0488,
2010,396,moeru-ai/airi,moeru-ai,pr-triage.md,2,2026-04-10 17:03:03+00:00,False,,,,githubnext/agentics/workflows/issue-triage.md,githubnext/agentics/workflows/agentic-triage.md,False,d5c4d948c7ff2f13d43ba2ab3aadfc5ab141d63a,2025-10-24 18:58:07+00:00,19.0,21.0,0.0489,
2011,396,moeru-ai/airi,moeru-ai,pr-triage.md,3,2026-04-12 10:02:58+00:00,False,,,,githubnext/agentics/workflows/issue-triage.md,githubnext/agentics/workflows/agentic-triage.md,False,d5c4d948c7ff2f13d43ba2ab3aadfc5ab141d63a,2025-10-24 18:58:07+00:00,19.0,21.0,0.0489,
2012,396,moeru-ai/airi,moeru-ai,pr-triage.md,4,2026-04-13 08:24:15+00:00,False,,,,githubnext/agentics/workflows/issue-triage.md,githubnext/agentics/workflows/agentic-triage.md,False,d5c4d948c7ff2f13d43ba2ab3aadfc5ab141d63a,2025-10-24 18:58:07+00:00,19.0,21.0,0.0515,
2013,397,popey/grummage,popey,repo-assist.md,1,2026-06-02 15:50:55+00:00,False,githubnext/agentics/workflows/repo-assist.md@c02eadfca420f2b351f9fcaee883c507a63ca316,ok,githubnext/agentics/workflows/repo-assist.md,githubnext/agentics/workflows/repo-assist.md,githubnext/agentics/workflows/repo-assist.md,False,c7d030cd6d4607b90d9ac3ffc8b24aff4f251632,2026-05-09 12:20:41+00:00,25.0,25.0,1.0,1.0
2014,397,popey/grummage,popey,repo-assist.md,2,2026-06-03 11:26:00+00:00,False,githubnext/agentics/workflows/repo-assist.md@c02eadfca420f2b351f9fcaee883c507a63ca316,ok,githubnext/agentics/workflows/repo-assist.md,githubnext/agentics/workflows/repo-assist.md,githubnext/agentics/workflows/repo-assist.md,False,c7d030cd6d4607b90d9ac3ffc8b24aff4f251632,2026-05-09 12:20:41+00:00,25.0,25.0,1.0,1.0
2015,397,popey/grummage,popey,repo-assist.md,3,2026-06-03 15:02:22+00:00,False,githubnext/agentics/workflows/repo-assist.md@c02eadfca420f2b351f9fcaee883c507a63ca316,ok,githubnext/agentics/workflows/repo-assist.md,githubnext/agentics/workflows/repo-assist.md,githubnext/agentics/workflows/repo-assist.md,False,c7d030cd6d4607b90d9ac3ffc8b24aff4f251632,2026-05-09 12:20:41+00:00,25.0,25.0,1.0,1.0
2016,397,popey/grummage,popey,repo-assist.md,4,2026-06-04 14:12:48+00:00,False,githubnext/agentics/workflows/repo-assist.md@c02eadfca420f2b351f9fcaee883c507a63ca316,ok,githubnext/agentics/workflows/repo-assist.md,githubnext/agentics/workflows/repo-assist.md,githubnext/agentics/workflows/repo-assist.md,False,c7d030cd6d4607b90d9ac3ffc8b24aff4f251632,2026-05-09 12:20:41+00:00,25.0,25.0,1.0,1.0
2017,398,bob-collective/bob,bob-collective,openapi-docs-sync.md,1,2026-03-20 17:29:39+00:00,False,,,,github/gh-aw/.github/workflows/daily-doc-updater.md,github/gh-aw/.github/workflows/daily-doc-updater.md,False,1761033b239aafac483133af81eba1f3e2c2e283,2026-03-14 21:27:29+00:00,8.0,10.0,0.0669,
2018,399,dotnet/macios,dotnet,ci-postmortem.md,1,2026-05-20 13:40:11+00:00,False,,,,github/gh-aw/.github/workflows/ci-doctor.md,githubnext/agentics/workflows/ci-doctor.md,False,65fe27bb0bf5393275e306b617549cb2864d7ae6,2026-02-20 12:23:50+00:00,8.0,13.0,0.0662,
2019,399,dotnet/macios,dotnet,ci-postmortem.md,2,2026-06-04 16:06:18+00:00,False,,,,github/gh-aw/.github/workflows/ci-doctor.md,githubnext/agentics/workflows/ci-doctor.md,False,65fe27bb0bf5393275e306b617549cb2864d7ae6,2026-02-20 12:23:50+00:00,8.0,14.0,0.0662,
2020,399,dotnet/macios,dotnet,ci-postmortem.md,3,2026-06-22 15:43:38+00:00,False,,,,github/gh-aw/.github/workflows/ci-doctor.md,githubnext/agentics/workflows/ci-doctor.md,False,65fe27bb0bf5393275e306b617549cb2864d7ae6,2026-02-20 12:23:50+00:00,8.0,15.0,0.0662,
2021,399,dotnet/macios,dotnet,ci-postmortem.md,4,2026-06-25 09:42:41+00:00,False,,,,github/gh-aw/.github/workflows/ci-doctor.md,githubnext/agentics/workflows/ci-doctor.md,False,65fe27bb0bf5393275e306b617549cb2864d7ae6,2026-02-20 12:23:50+00:00,8.0,15.0,0.0662,
2022,400,dotnet/macios,dotnet,code-radiator.md,1,2026-05-07 06:08:21+00:00,False,,,,githubnext/agentics/workflows/solve-issues.md,githubnext/agentics/workflows/regular-solve-issue.md,False,076280149103573bcb4c214fd85844f933da874e,2025-07-31 16:47:12+00:00,1.0,2.0,0.0706,
2023,400,dotnet/macios,dotnet,code-radiator.md,2,2026-05-11 02:47:30+00:00,False,,,,githubnext/agentics/workflows/solve-issues.md,githubnext/agentics/workflows/regular-solve-issue.md,False,076280149103573bcb4c214fd85844f933da874e,2025-07-31 16:47:12+00:00,1.0,2.0,0.0706,
2024,400,dotnet/macios,dotnet,code-radiator.md,3,2026-05-13 12:19:19+00:00,False,,,,githubnext/agentics/workflows/solve-issues.md,githubnext/agentics/workflows/regular-solve-issue.md,False,076280149103573bcb4c214fd85844f933da874e,2025-07-31 16:47:12+00:00,1.0,2.0,0.0706,
2025,400,dotnet/macios,dotnet,code-radiator.md,4,2026-05-14 11:10:59+00:00,False,,,,githubnext/agentics/workflows/solve-issues.md,githubnext/agentics/workflows/regular-solve-issue.md,False,076280149103573bcb4c214fd85844f933da874e,2025-07-31 16:47:12+00:00,1.0,2.0,0.0706,
2026,400,dotnet/macios,dotnet,code-radiator.md,5,2026-05-27 11:19:42+00:00,False,,,,githubnext/agentics/workflows/solve-issues.md,githubnext/agentics/workflows/regular-solve-issue.md,False,076280149103573bcb4c214fd85844f933da874e,2025-07-31 16:47:12+00:00,1.0,2.0,0.0706,
2027,400,dotnet/macios,dotnet,code-radiator.md,6,2026-05-28 16:01:43+00:00,False,,,,githubnext/agentics/workflows/solve-issues.md,githubnext/agentics/workflows/regular-solve-issue.md,False,076280149103573bcb4c214fd85844f933da874e,2025-07-31 16:47:12+00:00,1.0,2.0,0.0708,
2028,400,dotnet/macios,dotnet,code-radiator.md,7,2026-06-01 11:24:32+00:00,False,,,,githubnext/agentics/workflows/solve-issues.md,githubnext/agentics/workflows/regular-solve-issue.md,False,076280149103573bcb4c214fd85844f933da874e,2025-07-31 16:47:12+00:00,1.0,2.0,0.0708,
2029,400,dotnet/macios,dotnet,code-radiator.md,8,2026-06-03 07:33:56+00:00,False,,,,githubnext/agentics/workflows/solve-issues.md,githubnext/agentics/workflows/regular-solve-issue.md,False,076280149103573bcb4c214fd85844f933da874e,2025-07-31 16:47:12+00:00,1.0,2.0,0.0708,
2030,400,dotnet/macios,dotnet,code-radiator.md,9,2026-06-04 16:05:37+00:00,False,,,,githubnext/agentics/workflows/solve-issues.md,githubnext/agentics/workflows/regular-solve-issue.md,False,076280149103573bcb4c214fd85844f933da874e,2025-07-31 16:47:12+00:00,1.0,2.0,0.0708,
2031,400,dotnet/macios,dotnet,code-radiator.md,10,2026-06-22 14:50:19+00:00,False,,,,githubnext/agentics/workflows/solve-issues.md,githubnext/agentics/workflows/regular-solve-issue.md,False,076280149103573bcb4c214fd85844f933da874e,2025-07-31 16:47:12+00:00,1.0,2.0,0.0765,
2032,400,dotnet/macios,dotnet,code-radiator.md,11,2026-06-22 15:43:38+00:00,False,,,,githubnext/agentics/workflows/solve-issues.md,githubnext/agentics/workflows/regular-solve-issue.md,False,076280149103573bcb4c214fd85844f933da874e,2025-07-31 16:47:12+00:00,1.0,2.0,0.0765,
2033,400,dotnet/macios,dotnet,code-radiator.md,12,2026-06-24 13:26:13+00:00,False,,,,githubnext/agentics/workflows/solve-issues.md,githubnext/agentics/workflows/regular-solve-issue.md,False,076280149103573bcb4c214fd85844f933da874e,2025-07-31 16:47:12+00:00,1.0,2.0,0.0765,
2034,400,dotnet/macios,dotnet,code-radiator.md,13,2026-06-25 09:42:41+00:00,False,,,,githubnext/agentics/workflows/solve-issues.md,githubnext/agentics/workflows/regular-solve-issue.md,False,076280149103573bcb4c214fd85844f933da874e,2025-07-31 16:47:12+00:00,1.0,2.0,0.0765,
2035,400,dotnet/macios,dotnet,code-radiator.md,14,2026-06-25 21:08:16+00:00,False,,,,githubnext/agentics/workflows/solve-issues.md,githubnext/agentics/workflows/regular-solve-issue.md,False,076280149103573bcb4c214fd85844f933da874e,2025-07-31 16:47:12+00:00,1.0,2.0,0.0765,
2036,401,dotnet/macios,dotnet,macios-reviewer.md,1,2026-04-23 06:11:53+00:00,False,,,,pulumi-labs/gh-aw-internal/.github/workflows/shared/plugins/code-review/commands/code-review.md,pulumi-labs/gh-aw-internal/.github/workflows/shared/plugins/code-review/commands/code-review.md,True,27c5d3509dc23c83f0c731513996953b5c4c7152,2026-03-12 10:21:22+00:00,2.0,2.0,0.0748,
2037,401,dotnet/macios,dotnet,macios-reviewer.md,2,2026-05-07 05:52:32+00:00,False,,,,pulumi-labs/gh-aw-internal/.github/workflows/shared/plugins/code-review/commands/code-review.md,pulumi-labs/gh-aw-internal/.github/workflows/shared/plugins/code-review/commands/code-review.md,True,27c5d3509dc23c83f0c731513996953b5c4c7152,2026-03-12 10:21:22+00:00,2.0,2.0,0.0737,
2038,401,dotnet/macios,dotnet,macios-reviewer.md,3,2026-05-11 02:47:30+00:00,False,,,,pulumi-labs/gh-aw-internal/.github/workflows/shared/plugins/code-review/commands/code-review.md,pulumi-labs/gh-aw-internal/.github/workflows/shared/plugins/code-review/commands/code-review.md,True,27c5d3509dc23c83f0c731513996953b5c4c7152,2026-03-12 10:21:22+00:00,2.0,2.0,0.0737,
2039,401,dotnet/macios,dotnet,macios-reviewer.md,4,2026-06-21 11:54:02+00:00,False,,,,pulumi-labs/gh-aw-internal/.github/workflows/shared/plugins/code-review/commands/code-review.md,pulumi-labs/gh-aw-internal/.github/workflows/shared/plugins/code-review/commands/code-review.md,True,27c5d3509dc23c83f0c731513996953b5c4c7152,2026-03-12 10:21:22+00:00,2.0,2.0,0.0717,
2040,401,dotnet/macios,dotnet,macios-reviewer.md,5,2026-06-22 15:43:38+00:00,False,,,,pulumi-labs/gh-aw-internal/.github/workflows/shared/plugins/code-review/commands/code-review.md,pulumi-labs/gh-aw-internal/.github/workflows/shared/plugins/code-review/commands/code-review.md,True,27c5d3509dc23c83f0c731513996953b5c4c7152,2026-03-12 10:21:22+00:00,2.0,2.0,0.0717,
2041,401,dotnet/macios,dotnet,macios-reviewer.md,6,2026-06-25 09:42:41+00:00,False,,,,pulumi-labs/gh-aw-internal/.github/workflows/shared/plugins/code-review/commands/code-review.md,pulumi-labs/gh-aw-internal/.github/workflows/shared/plugins/code-review/commands/code-review.md,True,27c5d3509dc23c83f0c731513996953b5c4c7152,2026-03-12 10:21:22+00:00,2.0,2.0,0.0717,
2042,402,ZSWatch/ZSWatch,ZSWatch,docs-pr-analyze.md,1,2026-02-18 12:36:14+00:00,False,,,,github/gh-aw/.github/workflows/daily-doc-updater.md,github/gh-aw/.github/workflows/daily-doc-updater.md,False,e3c9c8577f044a1e57d1ba42d7185d6d867846c0,2026-01-20 21:44:41+00:00,4.0,5.0,0.0731,
2043,402,ZSWatch/ZSWatch,ZSWatch,docs-pr-analyze.md,2,2026-03-02 21:34:12+00:00,False,,,,github/gh-aw/.github/workflows/daily-doc-updater.md,github/gh-aw/.github/workflows/daily-doc-updater.md,False,e3c9c8577f044a1e57d1ba42d7185d6d867846c0,2026-01-20 21:44:41+00:00,4.0,7.0,0.0742,
2044,403,pulumi/pulumi-okta,pulumi,gh-aw-pr-rereview.md,1,2026-05-12 07:05:34+00:00,True,pulumi-labs/gh-aw-internal/.github/workflows/gh-aw-pr-rereview.md@8a92f53fac170563f7727cacab2dbedb5d5b9e29,ok,pulumi-labs/gh-aw-internal/.github/workflows/gh-aw-pr-rereview.md,,,,,,,,,
2045,404,pulumi/pulumi-okta,pulumi,gh-aw-pr-review.md,1,2026-05-12 07:05:34+00:00,True,pulumi-labs/gh-aw-internal/.github/workflows/gh-aw-pr-review.md@8a92f53fac170563f7727cacab2dbedb5d5b9e29,ok,pulumi-labs/gh-aw-internal/.github/workflows/gh-aw-pr-review.md,,,,,,,,,
2046,405,elastic/opentelemetry-collector-components,elastic,pr-review.md,1,2026-02-14 02:16:17+00:00,False,,,,githubnext/agentics/workflows/daily-perf-improver.md,githubnext/agentics/workflows/daily-perf-improver.md,False,600145940a960cc9d5518f12d84dfd58bb726c7c,2025-09-16 22:05:27+00:00,32.0,53.0,0.0612,
2047,406,svenjacobs/lokksmith,svenjacobs,update-dependency-matrix.md,1,2026-03-20 08:22:36+00:00,False,,,,github/gh-aw/.github/workflows/daily-doc-updater.md,github/gh-aw/.github/workflows/daily-doc-updater.md,False,fe2713ba4bb447a2e38905f4a47920531bc59cdd,2026-02-24 04:25:20+00:00,6.0,10.0,0.0401,
2048,406,svenjacobs/lokksmith,svenjacobs,update-dependency-matrix.md,2,2026-03-20 10:13:37+00:00,False,,,,github/gh-aw/.github/workflows/daily-doc-updater.md,github/gh-aw/.github/workflows/daily-doc-updater.md,False,fe2713ba4bb447a2e38905f4a47920531bc59cdd,2026-02-24 04:25:20+00:00,6.0,10.0,0.0434,
2049,406,svenjacobs/lokksmith,svenjacobs,update-dependency-matrix.md,3,2026-06-09 13:36:33+00:00,False,,,,github/gh-aw/.github/workflows/daily-doc-updater.md,github/gh-aw/.github/workflows/daily-doc-updater.md,False,fe2713ba4bb447a2e38905f4a47920531bc59cdd,2026-02-24 04:25:20+00:00,6.0,23.0,0.0434,
2050,407,czlonkowski/n8n-mcp,czlonkowski,issue-triage.md,1,2026-04-27 13:54:10+00:00,False,githubnext/agentics/workflows/issue-triage.md@13377ddf7e35c2b6e47aa58f45acb228fba902c8,ok,githubnext/agentics/workflows/issue-triage.md,githubnext/agentics/workflows/issue-triage.md,githubnext/agentics/workflows/agentic-triage.md,False,d5c4d948c7ff2f13d43ba2ab3aadfc5ab141d63a,2025-10-24 18:58:07+00:00,19.0,21.0,0.7757,0.7752
2051,407,czlonkowski/n8n-mcp,czlonkowski,issue-triage.md,2,2026-04-27 14:34:14+00:00,False,githubnext/agentics/workflows/issue-triage.md@13377ddf7e35c2b6e47aa58f45acb228fba902c8,ok,githubnext/agentics/workflows/issue-triage.md,githubnext/agentics/workflows/issue-triage.md,githubnext/agentics/workflows/agentic-triage.md,False,d5c4d948c7ff2f13d43ba2ab3aadfc5ab141d63a,2025-10-24 18:58:07+00:00,19.0,21.0,0.7757,0.7752
2052,408,github/awesome-copilot,github,cli-for-beginners-sync.md,1,2026-03-25 22:03:21+00:00,False,,,,github/gh-aw/.github/workflows/daily-doc-updater.md,github/gh-aw/.github/workflows/daily-doc-updater.md,False,00c8977ceb34a66b691cd5d8d4ff8f2e596fe990,2026-03-24 05:51:27+00:00,11.0,11.0,0.0951,
2053,408,github/awesome-copilot,github,cli-for-beginners-sync.md,2,2026-04-09 00:22:38+00:00,False,,,,github/gh-aw/.github/workflows/daily-doc-updater.md,github/gh-aw/.github/workflows/daily-doc-updater.md,False,00c8977ceb34a66b691cd5d8d4ff8f2e596fe990,2026-03-24 05:51:27+00:00,11.0,14.0,0.0942,
2054,408,github/awesome-copilot,github,cli-for-beginners-sync.md,3,2026-05-11 01:29:18+00:00,False,,,,github/gh-aw/.github/workflows/daily-doc-updater.md,github/gh-aw/.github/workflows/daily-doc-updater.md,False,00c8977ceb34a66b691cd5d8d4ff8f2e596fe990,2026-03-24 05:51:27+00:00,11.0,21.0,0.0937,
2055,408,github/awesome-copilot,github,cli-for-beginners-sync.md,4,2026-06-25 04:36:53+00:00,False,,,,github/gh-aw/.github/workflows/daily-doc-updater.md,github/gh-aw/.github/workflows/daily-doc-updater.md,False,00c8977ceb34a66b691cd5d8d4ff8f2e596fe990,2026-03-24 05:51:27+00:00,11.0,23.0,0.0942,
2056,409,github/awesome-copilot,github,codeowner-update.md,1,2026-03-03 23:22:10+00:00,False,,,,githubnext/agentics/workflows/pr-fix.md,githubnext/agentics/workflows/pr-fix.md,False,6035e2b45ff968b3ccc1945a0858d98bf87826e5,2026-02-19 06:02:06+00:00,19.0,20.0,0.0692,
2057,409,github/awesome-copilot,github,codeowner-update.md,2,2026-03-04 01:30:58+00:00,False,,,,githubnext/agentics/workflows/pr-fix.md,githubnext/agentics/workflows/pr-fix.md,False,6035e2b45ff968b3ccc1945a0858d98bf87826e5,2026-02-19 06:02:06+00:00,19.0,20.0,0.0692,
2058,409,github/awesome-copilot,github,codeowner-update.md,3,2026-03-04 02:21:41+00:00,False,,,,githubnext/agentics/workflows/pr-fix.md,githubnext/agentics/workflows/pr-fix.md,False,6035e2b45ff968b3ccc1945a0858d98bf87826e5,2026-02-19 06:02:06+00:00,19.0,20.0,0.0692,
2059,409,github/awesome-copilot,github,codeowner-update.md,4,2026-03-04 02:35:03+00:00,False,,,,githubnext/agentics/workflows/pr-fix.md,githubnext/agentics/workflows/pr-fix.md,False,6035e2b45ff968b3ccc1945a0858d98bf87826e5,2026-02-19 06:02:06+00:00,19.0,20.0,0.0692,
2060,409,github/awesome-copilot,github,codeowner-update.md,5,2026-04-15 22:57:55+00:00,False,,,,githubnext/agentics/workflows/pr-fix.md,githubnext/agentics/workflows/pr-fix.md,False,6035e2b45ff968b3ccc1945a0858d98bf87826e5,2026-02-19 06:02:06+00:00,19.0,20.0,0.0692,
2061,409,github/awesome-copilot,github,codeowner-update.md,6,2026-06-25 04:36:53+00:00,False,,,,githubnext/agentics/workflows/pr-fix.md,githubnext/agentics/workflows/pr-fix.md,False,6035e2b45ff968b3ccc1945a0858d98bf87826e5,2026-02-19 06:02:06+00:00,19.0,20.0,0.0693,
2062,410,github/awesome-copilot,github,duplicate-resource-detector.md,1,2026-02-19 04:43:54+00:00,False,,,,github/gh-aw/.github/workflows/ci-doctor.md,githubnext/agentics/workflows/ci-doctor.md,False,c19426f87652906fd05ff08a91d4753f8a96bfe2,2026-02-07 17:28:29+00:00,6.0,7.0,0.0465,
2063,410,github/awesome-copilot,github,duplicate-resource-detector.md,2,2026-02-26 23:20:13+00:00,False,,,,githubnext/agentics/workflows/repo-assist.md,githubnext/agentics/workflows/repo-assist.md,False,afb00b92a9514fee9a14c583f059a03d05738f70,2026-02-26 13:40:39+00:00,18.0,18.0,0.0522,
2064,411,github/awesome-copilot,github,learning-hub-updater.md,1,2026-03-17 03:18:58+00:00,False,,,,githubnext/agentics/workflows/daily-doc-updater.md,githubnext/agentics/workflows/daily-doc-updater.md,False,d10d12c3bfd79ae6baa99194e1c41de17ad0b8e6,2026-02-16 20:21:36+00:00,1.0,1.0,0.0857,
2065,411,github/awesome-copilot,github,learning-hub-updater.md,2,2026-03-19 04:45:27+00:00,False,,,,githubnext/agentics/workflows/daily-doc-updater.md,githubnext/agentics/workflows/daily-doc-updater.md,False,d10d12c3bfd79ae6baa99194e1c41de17ad0b8e6,2026-02-16 20:21:36+00:00,1.0,1.0,0.085,
2066,411,github/awesome-copilot,github,learning-hub-updater.md,3,2026-03-27 04:46:56+00:00,False,,,,githubnext/agentics/workflows/daily-doc-updater.md,githubnext/agentics/workflows/daily-doc-updater.md,False,d10d12c3bfd79ae6baa99194e1c41de17ad0b8e6,2026-02-16 20:21:36+00:00,1.0,1.0,0.0839,
2067,411,github/awesome-copilot,github,learning-hub-updater.md,4,2026-06-23 01:25:54+00:00,False,,,,githubnext/agentics/workflows/doc-updater.md,githubnext/agentics/workflows/daily-doc-updater.md,False,497230d3867fe453aae74b15d06178d45a39fcce,2026-05-08 20:56:58+00:00,1.0,1.0,0.084,
2068,411,github/awesome-copilot,github,learning-hub-updater.md,5,2026-06-25 04:36:53+00:00,False,,,,githubnext/agentics/workflows/doc-updater.md,githubnext/agentics/workflows/daily-doc-updater.md,False,497230d3867fe453aae74b15d06178d45a39fcce,2026-05-08 20:56:58+00:00,1.0,1.0,0.0844,
2069,412,github/awesome-copilot,github,pr-duplicate-check.md,1,2026-03-12 22:42:56+00:00,False,,,,pulumi-labs/gh-aw-internal/.github/workflows/shared/plugins/code-review/code-review.md,pulumi-labs/gh-aw-internal/.github/workflows/shared/plugins/code-review/code-review.md,True,9ba254ca77173b2ebc2e6dfe470b5cb3d7af25c9,2026-03-12 13:57:27+00:00,2.0,3.0,0.0572,
2070,412,github/awesome-copilot,github,pr-duplicate-check.md,2,2026-03-13 01:25:46+00:00,False,,,,pulumi-labs/gh-aw-internal/.github/workflows/shared/plugins/code-review/code-review.md,pulumi-labs/gh-aw-internal/.github/workflows/shared/plugins/code-review/code-review.md,True,9ba254ca77173b2ebc2e6dfe470b5cb3d7af25c9,2026-03-12 13:57:27+00:00,2.0,3.0,0.0572,
2071,412,github/awesome-copilot,github,pr-duplicate-check.md,3,2026-03-23 04:29:43+00:00,False,,,,pulumi-labs/gh-aw-internal/.github/workflows/shared/plugins/code-review/code-review.md,pulumi-labs/gh-aw-internal/.github/workflows/shared/plugins/code-review/code-review.md,True,9ba254ca77173b2ebc2e6dfe470b5cb3d7af25c9,2026-03-12 13:57:27+00:00,2.0,3.0,0.0572,
2072,413,github/awesome-copilot,github,resource-staleness-report.md,1,2026-02-18 23:19:17+00:00,False,,,,githubnext/agentics/workflows/draft-pr-cleanup.md,githubnext/agentics/workflows/draft-pr-cleanup.md,False,d7a0e9dd01a53f64fb5d7bd776c17615e4eae701,2026-02-17 21:09:07+00:00,1.0,1.0,0.0472,
2073,413,github/awesome-copilot,github,resource-staleness-report.md,2,2026-05-15 06:33:29+00:00,False,,,,github/gh-aw/.github/workflows/daily-doc-updater.md,github/gh-aw/.github/workflows/daily-doc-updater.md,False,00c8977ceb34a66b691cd5d8d4ff8f2e596fe990,2026-03-24 05:51:27+00:00,11.0,21.0,0.056,
2074,414,pulumi/pulumi-cloudinit,pulumi,gh-aw-pr-rereview.md,1,2026-05-12 06:22:12+00:00,True,pulumi-labs/gh-aw-internal/.github/workflows/gh-aw-pr-rereview.md@8a92f53fac170563f7727cacab2dbedb5d5b9e29,ok,pulumi-labs/gh-aw-internal/.github/workflows/gh-aw-pr-rereview.md,,,,,,,,,
2075,415,pulumi/pulumi-cloudinit,pulumi,gh-aw-pr-review.md,1,2026-05-12 06:22:12+00:00,True,pulumi-labs/gh-aw-internal/.github/workflows/gh-aw-pr-review.md@8a92f53fac170563f7727cacab2dbedb5d5b9e29,ok,pulumi-labs/gh-aw-internal/.github/workflows/gh-aw-pr-review.md,,,,,,,,,
2076,416,pulumi/pulumi-fastly,pulumi,gh-aw-pr-rereview.md,1,2026-05-12 06:37:05+00:00,True,pulumi-labs/gh-aw-internal/.github/workflows/gh-aw-pr-rereview.md@8a92f53fac170563f7727cacab2dbedb5d5b9e29,ok,pulumi-labs/gh-aw-internal/.github/workflows/gh-aw-pr-rereview.md,,,,,,,,,
2077,417,pulumi/pulumi-fastly,pulumi,gh-aw-pr-review.md,1,2026-05-12 06:37:05+00:00,True,pulumi-labs/gh-aw-internal/.github/workflows/gh-aw-pr-review.md@8a92f53fac170563f7727cacab2dbedb5d5b9e29,ok,pulumi-labs/gh-aw-internal/.github/workflows/gh-aw-pr-review.md,,,,,,,,,
2078,418,microsoft/wassette,microsoft,changelog-fragment.md,1,2025-11-02 18:06:05+00:00,False,,,,github/gh-aw/.github/workflows/daily-doc-updater.md,github/gh-aw/.github/workflows/daily-doc-updater.md,False,16ec75f8baa77859241f8eea0db7dbf535c92edd,2025-10-17 14:59:24+00:00,1.0,1.0,0.0666,
2079,418,microsoft/wassette,microsoft,changelog-fragment.md,2,2025-11-02 23:51:15+00:00,False,,,,github/gh-aw/.github/workflows/daily-doc-updater.md,github/gh-aw/.github/workflows/daily-doc-updater.md,False,16ec75f8baa77859241f8eea0db7dbf535c92edd,2025-10-17 14:59:24+00:00,1.0,1.0,0.0666,
2080,419,microsoft/wassette,microsoft,changelog-pr-link.md,1,2025-10-22 06:07:20+00:00,False,,,,githubnext/agentics/workflows/agentic-dependency-updater.md,githubnext/agentics/workflows/agentic-dependency-updater.md,False,88e8353b59ca6ab4594211acb4ad3dea8d45f6fb,2025-07-28 22:12:39+00:00,3.0,4.0,0.0663,
2081,420,microsoft/wassette,microsoft,ci-doctor.md,1,2025-10-09 01:08:25+00:00,False,,,,githubnext/agentics/workflows/ci-doctor.md,githubnext/agentics/workflows/ci-doctor.md,False,3dad04b2a1bec536ecfa2b12239e692a83eb0095,2025-08-25 15:29:17+00:00,1.0,8.0,0.2809,
2082,421,microsoft/wassette,microsoft,issue-triage.md,1,2025-10-03 20:05:08+00:00,False,,,,githubnext/agentics/workflows/issue-triage.md,githubnext/agentics/workflows/agentic-triage.md,False,ab5c853602725b2ed1000ab1ccf033746628f194,2025-10-02 19:01:20+00:00,14.0,16.0,0.8375,
2083,421,microsoft/wassette,microsoft,issue-triage.md,2,2025-10-22 03:17:53+00:00,False,,,,githubnext/agentics/workflows/issue-triage.md,githubnext/agentics/workflows/agentic-triage.md,False,eb489a0b6cb3bd7c7f94d5d3362237641c22cd31,2025-10-11 18:52:59+00:00,18.0,18.0,0.8289,
2084,422,microsoft/wassette,microsoft,plan.md,1,2025-11-12 06:26:09+00:00,False,,,,githubnext/agentics/workflows/task-decomposer.md,githubnext/agentics/workflows/task-decomposer.md,False,abbad643bb58184ad7e19d4435bb7c995f90494f,2025-07-30 10:58:19+00:00,1.0,1.0,0.133,
2085,423,microsoft/wassette,microsoft,pr-triage.md,1,2025-10-22 06:06:27+00:00,False,,,,githubnext/agentics/workflows/issue-triage.md,githubnext/agentics/workflows/agentic-triage.md,False,eb489a0b6cb3bd7c7f94d5d3362237641c22cd31,2025-10-11 18:52:59+00:00,18.0,18.0,0.5129,
2086,423,microsoft/wassette,microsoft,pr-triage.md,2,2025-11-14 04:59:46+00:00,False,,,,githubnext/agentics/workflows/issue-triage.md,githubnext/agentics/workflows/agentic-triage.md,False,eb489a0b6cb3bd7c7f94d5d3362237641c22cd31,2025-10-11 18:52:59+00:00,18.0,20.0,0.5129,
2087,424,microsoft/wassette,microsoft,release-doctor.md,1,2025-11-02 23:53:32+00:00,False,,,,githubnext/agentics/workflows/ci-doctor.md,githubnext/agentics/workflows/ci-doctor.md,False,3dad04b2a1bec536ecfa2b12239e692a83eb0095,2025-08-25 15:29:17+00:00,1.0,8.0,0.1727,
2088,425,microsoft/wassette,microsoft,scout.md,1,2025-10-08 21:59:28+00:00,False,,,,github/gh-aw/.github/workflows/duplicate-code-detector.md,github/gh-aw/.github/workflows/duplicate-code-detector.md,False,c3c00d297e070cd7f766d2c87bb809301912e87b,2025-10-07 06:29:50+00:00,1.0,2.0,0.083,
2089,426,kaito-project/aikit,kaito-project,daily-test-improver.md,1,2025-10-24 21:55:28+00:00,False,githubnext/agentics/workflows/daily-test-improver.md@bf8d330e628f2c235cd9304310156bdbbfa61123,ok,githubnext/agentics/workflows/daily-test-improver.md,githubnext/agentics/workflows/daily-test-improver.md,githubnext/agentics/workflows/daily-test-improver.md,False,0411daab19a9eeab6d16f854dce532585b8ef0eb,2025-10-22 00:05:13+00:00,40.0,40.0,1.0,1.0
2090,427,kaito-project/aikit,kaito-project,issue-triage.md,1,2025-10-24 18:03:50+00:00,False,githubnext/agentics/workflows/issue-triage.md@1f181b37d3fe5862ab590648f25a292e345b5de6,ok,githubnext/agentics/workflows/issue-triage.md,githubnext/agentics/workflows/issue-triage.md,githubnext/agentics/workflows/agentic-triage.md,False,eb489a0b6cb3bd7c7f94d5d3362237641c22cd31,2025-10-11 18:52:59+00:00,18.0,18.0,1.0,1.0
2091,427,kaito-project/aikit,kaito-project,issue-triage.md,2,2025-10-24 20:22:33+00:00,False,githubnext/agentics/workflows/issue-triage.md@bf8d330e628f2c235cd9304310156bdbbfa61123,ok,githubnext/agentics/workflows/issue-triage.md,githubnext/agentics/workflows/issue-triage.md,githubnext/agentics/workflows/agentic-triage.md,False,bf8d330e628f2c235cd9304310156bdbbfa61123,2025-10-24 19:03:24+00:00,20.0,20.0,1.0,1.0
2092,428,Azure/AppConfiguration-KubernetesProvider,Azure,issue-triage.md,1,2026-03-05 06:35:15+00:00,False,,,,githubnext/agentics/workflows/issue-triage.md,githubnext/agentics/workflows/agentic-triage.md,False,d5c4d948c7ff2f13d43ba2ab3aadfc5ab141d63a,2025-10-24 18:58:07+00:00,19.0,21.0,0.0793,
2093,429,githubnext/agentics,githubnext,daily-repo-goals.md,1,2026-02-13 01:55:08+00:00,False,,,,githubnext/agentics/workflows/daily-test-improver.md,githubnext/agentics/workflows/daily-test-improver.md,False,bfb2c395a966cf6138d7f519494592f72980aba7,2025-10-21 22:45:53+00:00,39.0,44.0,0.0821,
2094,429,githubnext/agentics,githubnext,daily-repo-goals.md,2,2026-02-13 03:28:32+00:00,False,,,,githubnext/agentics/workflows/daily-test-improver.md,githubnext/agentics/workflows/daily-test-improver.md,False,bfb2c395a966cf6138d7f519494592f72980aba7,2025-10-21 22:45:53+00:00,39.0,45.0,0.0821,
2095,429,githubnext/agentics,githubnext,daily-repo-goals.md,3,2026-02-17 22:19:51+00:00,False,,,,githubnext/agentics/workflows/daily-test-improver.md,githubnext/agentics/workflows/daily-test-improver.md,False,bfb2c395a966cf6138d7f519494592f72980aba7,2025-10-21 22:45:53+00:00,39.0,45.0,0.0748,
2096,429,githubnext/agentics,githubnext,daily-repo-goals.md,4,2026-02-18 00:01:06+00:00,False,,,,githubnext/agentics/workflows/daily-test-improver.md,githubnext/agentics/workflows/daily-test-improver.md,False,bfb2c395a966cf6138d7f519494592f72980aba7,2025-10-21 22:45:53+00:00,39.0,45.0,0.0774,
2097,429,githubnext/agentics,githubnext,daily-repo-goals.md,5,2026-02-24 03:48:05+00:00,False,,,,githubnext/agentics/workflows/daily-test-improver.md,githubnext/agentics/workflows/daily-test-improver.md,False,bfb2c395a966cf6138d7f519494592f72980aba7,2025-10-21 22:45:53+00:00,39.0,46.0,0.0774,
2098,429,githubnext/agentics,githubnext,daily-repo-goals.md,6,2026-02-24 04:16:22+00:00,False,,,,githubnext/agentics/workflows/daily-test-improver.md,githubnext/agentics/workflows/daily-test-improver.md,False,bfb2c395a966cf6138d7f519494592f72980aba7,2025-10-21 22:45:53+00:00,39.0,47.0,0.0774,
2099,429,githubnext/agentics,githubnext,daily-repo-goals.md,7,2026-03-08 22:30:44+00:00,False,,,,githubnext/agentics/workflows/daily-test-improver.md,githubnext/agentics/workflows/daily-test-improver.md,False,bfb2c395a966cf6138d7f519494592f72980aba7,2025-10-21 22:45:53+00:00,39.0,51.0,0.0774,
2100,429,githubnext/agentics,githubnext,daily-repo-goals.md,8,2026-05-08 20:56:58+00:00,False,,,,githubnext/agentics/workflows/daily-test-improver.md,githubnext/agentics/workflows/daily-test-improver.md,False,bfb2c395a966cf6138d7f519494592f72980aba7,2025-10-21 22:45:53+00:00,39.0,51.0,0.0775,
2101,429,githubnext/agentics,githubnext,daily-repo-goals.md,9,2026-06-26 05:45:50+00:00,False,,,,githubnext/agentics/workflows/daily-test-improver.md,githubnext/agentics/workflows/daily-test-improver.md,False,bfb2c395a966cf6138d7f519494592f72980aba7,2025-10-21 22:45:53+00:00,39.0,51.0,0.0775,
2102,430,githubnext/agentics,githubnext,daily-workflow-sync.md,1,2025-12-09 17:48:57+00:00,False,,,,githubnext/agentics/workflows/maintainer.md,githubnext/agentics/workflows/maintainer.md,False,7fd31902e2252188bc7dfd0f9c603cad2b1b8b10,2025-10-22 17:41:11+00:00,1.0,1.0,0.0984,
2103,430,githubnext/agentics,githubnext,daily-workflow-sync.md,2,2026-02-03 00:31:39+00:00,False,,,,githubnext/agentics/workflows/daily-dependency-updates.md,githubnext/agentics/workflows/daily-dependency-updates.md,False,42f367152761942e22a3b48b17f57c8cfbe0ed79,2025-08-31 16:30:56+00:00,13.0,23.0,0.0936,
2104,430,githubnext/agentics,githubnext,daily-workflow-sync.md,3,2026-02-14 22:14:08+00:00,False,,,,githubnext/agentics/workflows/daily-dependency-updates.md,githubnext/agentics/workflows/daily-dependency-updates.md,False,42f367152761942e22a3b48b17f57c8cfbe0ed79,2025-08-31 16:30:56+00:00,13.0,23.0,0.0936,
2105,430,githubnext/agentics,githubnext,daily-workflow-sync.md,4,2026-02-20 12:58:47+00:00,False,,,,githubnext/agentics/workflows/daily-dependency-updates.md,githubnext/agentics/workflows/daily-dependency-updates.md,False,42f367152761942e22a3b48b17f57c8cfbe0ed79,2025-08-31 16:30:56+00:00,13.0,23.0,0.0936,
2106,430,githubnext/agentics,githubnext,daily-workflow-sync.md,5,2026-02-24 04:16:22+00:00,False,,,,githubnext/agentics/workflows/daily-dependency-updates.md,githubnext/agentics/workflows/daily-dependency-updates.md,False,42f367152761942e22a3b48b17f57c8cfbe0ed79,2025-08-31 16:30:56+00:00,13.0,23.0,0.0936,
2107,430,githubnext/agentics,githubnext,daily-workflow-sync.md,6,2026-03-03 05:13:03+00:00,False,,,,githubnext/agentics/workflows/daily-dependency-updates.md,githubnext/agentics/workflows/daily-dependency-updates.md,False,42f367152761942e22a3b48b17f57c8cfbe0ed79,2025-08-31 16:30:56+00:00,13.0,23.0,0.0936,
2108,430,githubnext/agentics,githubnext,daily-workflow-sync.md,7,2026-03-08 22:30:44+00:00,False,,,,githubnext/agentics/workflows/daily-dependency-updates.md,githubnext/agentics/workflows/daily-dependency-updates.md,False,42f367152761942e22a3b48b17f57c8cfbe0ed79,2025-08-31 16:30:56+00:00,13.0,23.0,0.0936,
2109,430,githubnext/agentics,githubnext,daily-workflow-sync.md,8,2026-05-27 17:04:32+00:00,False,,,,githubnext/agentics/workflows/daily-dependency-updates.md,githubnext/agentics/workflows/daily-dependency-updates.md,False,42f367152761942e22a3b48b17f57c8cfbe0ed79,2025-08-31 16:30:56+00:00,13.0,23.0,0.0936,
2110,430,githubnext/agentics,githubnext,daily-workflow-sync.md,9,2026-06-19 16:52:27+00:00,False,,,,githubnext/agentics/workflows/daily-dependency-updates.md,githubnext/agentics/workflows/daily-dependency-updates.md,False,42f367152761942e22a3b48b17f57c8cfbe0ed79,2025-08-31 16:30:56+00:00,13.0,23.0,0.0936,
2111,430,githubnext/agentics,githubnext,daily-workflow-sync.md,10,2026-06-26 05:45:50+00:00,False,,,,githubnext/agentics/workflows/daily-dependency-updates.md,githubnext/agentics/workflows/daily-dependency-updates.md,False,42f367152761942e22a3b48b17f57c8cfbe0ed79,2025-08-31 16:30:56+00:00,13.0,23.0,0.0936,
2112,431,githubnext/agentics,githubnext,import-workflow.md,1,2026-02-17 04:14:13+00:00,False,,,,githubnext/agentics/workflows/daily-doc-updater.md,githubnext/agentics/workflows/daily-doc-updater.md,False,d10d12c3bfd79ae6baa99194e1c41de17ad0b8e6,2026-02-16 20:21:36+00:00,1.0,1.0,0.0823,
2113,431,githubnext/agentics,githubnext,import-workflow.md,2,2026-02-17 04:17:30+00:00,False,,,,githubnext/agentics/workflows/daily-doc-updater.md,githubnext/agentics/workflows/daily-doc-updater.md,False,d10d12c3bfd79ae6baa99194e1c41de17ad0b8e6,2026-02-16 20:21:36+00:00,1.0,1.0,0.0823,
2114,431,githubnext/agentics,githubnext,import-workflow.md,3,2026-02-17 18:54:15+00:00,False,,,,githubnext/agentics/workflows/daily-doc-updater.md,githubnext/agentics/workflows/daily-doc-updater.md,False,d10d12c3bfd79ae6baa99194e1c41de17ad0b8e6,2026-02-16 20:21:36+00:00,1.0,1.0,0.0829,
2115,431,githubnext/agentics,githubnext,import-workflow.md,4,2026-02-17 22:12:56+00:00,False,,,,githubnext/agentics/workflows/daily-doc-updater.md,githubnext/agentics/workflows/daily-doc-updater.md,False,d10d12c3bfd79ae6baa99194e1c41de17ad0b8e6,2026-02-16 20:21:36+00:00,1.0,1.0,0.081,
2116,431,githubnext/agentics,githubnext,import-workflow.md,5,2026-02-24 03:48:05+00:00,False,,,,githubnext/agentics/workflows/daily-doc-updater.md,githubnext/agentics/workflows/daily-doc-updater.md,False,d10d12c3bfd79ae6baa99194e1c41de17ad0b8e6,2026-02-16 20:21:36+00:00,1.0,1.0,0.081,
2117,431,githubnext/agentics,githubnext,import-workflow.md,6,2026-03-08 22:30:44+00:00,False,,,,github/gh-aw/.github/workflows/daily-doc-updater.md,github/gh-aw/.github/workflows/daily-doc-updater.md,False,8b089d17e83805175b88a9ebf4bcc419595a307c,2026-02-26 20:31:29+00:00,7.0,7.0,0.0854,
2118,431,githubnext/agentics,githubnext,import-workflow.md,7,2026-06-26 05:45:50+00:00,False,,,,github/gh-aw/.github/workflows/daily-doc-updater.md,github/gh-aw/.github/workflows/daily-doc-updater.md,False,1761033b239aafac483133af81eba1f3e2c2e283,2026-03-14 21:27:29+00:00,8.0,23.0,0.0866,
2119,432,githubnext/agentics,githubnext,link-checker.md,1,2026-02-17 04:18:47+00:00,False,,,,githubnext/agentics/workflows/daily-qa.md,githubnext/agentics/workflows/daily-qa.md,False,6631cad64db5fe8e80fb307d045af948340ef361,2025-07-31 15:45:45+00:00,1.0,25.0,0.0801,
2120,432,githubnext/agentics,githubnext,link-checker.md,2,2026-02-20 12:58:47+00:00,False,,,,githubnext/agentics/workflows/link-checker.md,githubnext/agentics/workflows/link-checker.md,False,ebf240fb0d46f2cd7d654ab228f5c4aa50e29356,2026-02-18 00:03:17+00:00,1.0,1.0,1.0,
2121,432,githubnext/agentics,githubnext,link-checker.md,3,2026-03-08 22:30:44+00:00,False,,,,githubnext/agentics/workflows/link-checker.md,githubnext/agentics/workflows/link-checker.md,False,ebf240fb0d46f2cd7d654ab228f5c4aa50e29356,2026-02-18 00:03:17+00:00,1.0,1.0,1.0,
2122,432,githubnext/agentics,githubnext,link-checker.md,4,2026-06-19 16:52:27+00:00,False,,,,githubnext/agentics/workflows/link-checker.md,githubnext/agentics/workflows/link-checker.md,False,ebf240fb0d46f2cd7d654ab228f5c4aa50e29356,2026-02-18 00:03:17+00:00,1.0,2.0,1.0,
2123,432,githubnext/agentics,githubnext,link-checker.md,5,2026-06-26 05:27:34+00:00,False,,,,githubnext/agentics/workflows/link-checker.md,githubnext/agentics/workflows/link-checker.md,False,054f7e0bbd8746b147fc60baf2df35a5dead710a,2026-06-06 12:32:28+00:00,2.0,2.0,1.0,
2124,432,githubnext/agentics,githubnext,link-checker.md,6,2026-06-26 05:45:50+00:00,False,,,,githubnext/agentics/workflows/link-checker.md,githubnext/agentics/workflows/link-checker.md,False,054f7e0bbd8746b147fc60baf2df35a5dead710a,2026-06-06 12:32:28+00:00,2.0,2.0,1.0,
2125,433,githubnext/agentics,githubnext,maintainer.md,1,2025-10-22 18:14:56+00:00,False,,,,githubnext/agentics/workflows/maintainer.md,githubnext/agentics/workflows/maintainer.md,False,7fd31902e2252188bc7dfd0f9c603cad2b1b8b10,2025-10-22 17:41:11+00:00,1.0,1.0,1.0,
2126,433,githubnext/agentics,githubnext,maintainer.md,2,2025-10-22 19:04:38+00:00,False,,,,githubnext/agentics/workflows/maintainer.md,githubnext/agentics/workflows/maintainer.md,False,7fd31902e2252188bc7dfd0f9c603cad2b1b8b10,2025-10-22 17:41:11+00:00,1.0,1.0,1.0,
2127,433,githubnext/agentics,githubnext,maintainer.md,3,2025-10-29 17:44:06+00:00,False,,,,githubnext/agentics/workflows/maintainer.md,githubnext/agentics/workflows/maintainer.md,False,7fd31902e2252188bc7dfd0f9c603cad2b1b8b10,2025-10-22 17:41:11+00:00,1.0,1.0,1.0,
2128,433,githubnext/agentics,githubnext,maintainer.md,4,2025-11-07 03:09:31+00:00,False,,,,githubnext/agentics/workflows/maintainer.md,githubnext/agentics/workflows/maintainer.md,False,7fd31902e2252188bc7dfd0f9c603cad2b1b8b10,2025-10-22 17:41:11+00:00,1.0,1.0,1.0,
2129,433,githubnext/agentics,githubnext,maintainer.md,5,2025-11-14 00:48:07+00:00,False,,,,githubnext/agentics/workflows/maintainer.md,githubnext/agentics/workflows/maintainer.md,False,7fd31902e2252188bc7dfd0f9c603cad2b1b8b10,2025-10-22 17:41:11+00:00,1.0,1.0,1.0,
2130,433,githubnext/agentics,githubnext,maintainer.md,6,2026-01-05 20:59:56+00:00,False,,,,githubnext/agentics/workflows/maintainer.md,githubnext/agentics/workflows/maintainer.md,False,7fd31902e2252188bc7dfd0f9c603cad2b1b8b10,2025-10-22 17:41:11+00:00,1.0,1.0,0.8719,
2131,433,githubnext/agentics,githubnext,maintainer.md,7,2026-02-03 00:31:39+00:00,False,,,,githubnext/agentics/workflows/maintainer.md,githubnext/agentics/workflows/maintainer.md,False,7fd31902e2252188bc7dfd0f9c603cad2b1b8b10,2025-10-22 17:41:11+00:00,1.0,1.0,0.8677,
2132,433,githubnext/agentics,githubnext,maintainer.md,8,2026-02-20 12:58:47+00:00,False,,,,githubnext/agentics/workflows/maintainer.md,githubnext/agentics/workflows/maintainer.md,False,7fd31902e2252188bc7dfd0f9c603cad2b1b8b10,2025-10-22 17:41:11+00:00,1.0,1.0,0.8677,
2133,433,githubnext/agentics,githubnext,maintainer.md,9,2026-02-26 12:54:28+00:00,False,,,,githubnext/agentics/workflows/maintainer.md,githubnext/agentics/workflows/maintainer.md,False,7fd31902e2252188bc7dfd0f9c603cad2b1b8b10,2025-10-22 17:41:11+00:00,1.0,1.0,0.8677,
2134,433,githubnext/agentics,githubnext,maintainer.md,10,2026-03-08 22:30:44+00:00,False,,,,githubnext/agentics/workflows/maintainer.md,githubnext/agentics/workflows/maintainer.md,False,7fd31902e2252188bc7dfd0f9c603cad2b1b8b10,2025-10-22 17:41:11+00:00,1.0,1.0,0.8677,
2135,433,githubnext/agentics,githubnext,maintainer.md,11,2026-06-19 16:52:27+00:00,False,,,,githubnext/agentics/workflows/maintainer.md,githubnext/agentics/workflows/maintainer.md,False,7fd31902e2252188bc7dfd0f9c603cad2b1b8b10,2025-10-22 17:41:11+00:00,1.0,1.0,0.8677,
2136,433,githubnext/agentics,githubnext,maintainer.md,12,2026-06-26 05:45:50+00:00,False,,,,githubnext/agentics/workflows/maintainer.md,githubnext/agentics/workflows/maintainer.md,False,7fd31902e2252188bc7dfd0f9c603cad2b1b8b10,2025-10-22 17:41:11+00:00,1.0,1.0,0.8677,
2137,434,microsoft/mcp,microsoft,doc-gap-detector.md,1,2026-05-06 21:16:07+00:00,False,,,,github/gh-aw/.github/workflows/shared/mcp/azure.md,github/gh-aw/.github/workflows/shared/mcp/azure.md,True,f4873587601c5a1d358ba7228fb1166fc44bd378,2025-10-14 00:44:30+00:00,1.0,1.0,0.1054,
2138,434,microsoft/mcp,microsoft,doc-gap-detector.md,2,2026-05-19 20:57:49+00:00,False,,,,github/gh-aw/.github/workflows/shared/mcp/azure.md,github/gh-aw/.github/workflows/shared/mcp/azure.md,True,f4873587601c5a1d358ba7228fb1166fc44bd378,2025-10-14 00:44:30+00:00,1.0,1.0,0.1051,
2139,435,MiguelElGallo/mpzsql,MiguelElGallo,code-simplifier.md,1,2026-03-15 09:18:28+00:00,False,github/gh-aw/.github/workflows/code-simplifier.md@852cb06ad52958b402ed982b69957ffc57ca0619,ok,github/gh-aw/.github/workflows/code-simplifier.md,github/gh-aw/.github/workflows/code-simplifier.md,github/gh-aw/.github/workflows/code-simplifier.md,False,bb3a3b3c35105d86add624c48ddb68e1419f5cb5,2026-02-16 17:09:36+00:00,4.0,5.0,1.0,1.0
2140,435,MiguelElGallo/mpzsql,MiguelElGallo,code-simplifier.md,2,2026-04-14 05:36:19+00:00,False,github/gh-aw/.github/workflows/code-simplifier.md@852cb06ad52958b402ed982b69957ffc57ca0619,ok,github/gh-aw/.github/workflows/code-simplifier.md,github/gh-aw/.github/workflows/code-simplifier.md,github/gh-aw/.github/workflows/code-simplifier.md,False,bb3a3b3c35105d86add624c48ddb68e1419f5cb5,2026-02-16 17:09:36+00:00,4.0,5.0,1.0,1.0
2141,436,fideus-labs/ngff-zarr,fideus-labs,daily-doc-updater.md,1,2026-03-02 20:05:42+00:00,False,github/gh-aw/.github/workflows/daily-doc-updater.md@33cd6c7f1fee588654ef19def2e6a4174be66197,ok,github/gh-aw/.github/workflows/daily-doc-updater.md,github/gh-aw/.github/workflows/daily-doc-updater.md,github/gh-aw/.github/workflows/daily-doc-updater.md,False,8b089d17e83805175b88a9ebf4bcc419595a307c,2026-02-26 20:31:29+00:00,7.0,7.0,1.0,1.0
2142,436,fideus-labs/ngff-zarr,fideus-labs,daily-doc-updater.md,2,2026-03-02 20:50:25+00:00,False,github/gh-aw/.github/workflows/daily-doc-updater.md@33cd6c7f1fee588654ef19def2e6a4174be66197,ok,github/gh-aw/.github/workflows/daily-doc-updater.md,github/gh-aw/.github/workflows/daily-doc-updater.md,github/gh-aw/.github/workflows/daily-doc-updater.md,False,8b089d17e83805175b88a9ebf4bcc419595a307c,2026-02-26 20:31:29+00:00,7.0,7.0,1.0,1.0
2143,436,fideus-labs/ngff-zarr,fideus-labs,daily-doc-updater.md,3,2026-05-27 21:35:17+00:00,False,github/gh-aw/.github/workflows/daily-doc-updater.md@51c1a43172d27e586e271e615a0f63da36d87654,ok,github/gh-aw/.github/workflows/daily-doc-updater.md,github/gh-aw/.github/workflows/daily-doc-updater.md,github/gh-aw/.github/workflows/daily-doc-updater.md,False,208cf613bf269c470f1e646e831a8918a4c6afb0,2026-05-06 12:37:31+00:00,21.0,21.0,1.0,1.0
2144,436,fideus-labs/ngff-zarr,fideus-labs,daily-doc-updater.md,4,2026-06-02 17:27:40+00:00,False,github/gh-aw/.github/workflows/daily-doc-updater.md@51c1a43172d27e586e271e615a0f63da36d87654,ok,github/gh-aw/.github/workflows/daily-doc-updater.md,github/gh-aw/.github/workflows/daily-doc-updater.md,github/gh-aw/.github/workflows/daily-doc-updater.md,False,208cf613bf269c470f1e646e831a8918a4c6afb0,2026-05-06 12:37:31+00:00,21.0,23.0,1.0,1.0
2145,436,fideus-labs/ngff-zarr,fideus-labs,daily-doc-updater.md,5,2026-06-17 15:04:26+00:00,False,github/gh-aw/.github/workflows/daily-doc-updater.md@51c1a43172d27e586e271e615a0f63da36d87654,ok,github/gh-aw/.github/workflows/daily-doc-updater.md,github/gh-aw/.github/workflows/daily-doc-updater.md,github/gh-aw/.github/workflows/daily-doc-updater.md,False,208cf613bf269c470f1e646e831a8918a4c6afb0,2026-05-06 12:37:31+00:00,21.0,23.0,1.0,1.0
2146,437,fideus-labs/ngff-zarr,fideus-labs,daily-repo-status.md,1,2026-02-17 21:05:33+00:00,False,githubnext/agentics/workflows/daily-repo-status.md@6d161046e38a40d68f8891b27ea86719956b550c,ok,githubnext/agentics/workflows/daily-repo-status.md,githubnext/agentics/workflows/daily-repo-status.md,githubnext/agentics/workflows/daily-repo-status.md,False,3eae9b88d024036be45d668e3404f8662f94d878,2026-01-26 19:57:42+00:00,1.0,1.0,1.0,1.0
2147,437,fideus-labs/ngff-zarr,fideus-labs,daily-repo-status.md,2,2026-02-21 17:24:45+00:00,False,githubnext/agentics/workflows/daily-repo-status.md@6d161046e38a40d68f8891b27ea86719956b550c,ok,githubnext/agentics/workflows/daily-repo-status.md,githubnext/agentics/workflows/daily-repo-status.md,githubnext/agentics/workflows/daily-repo-status.md,False,3eae9b88d024036be45d668e3404f8662f94d878,2026-01-26 19:57:42+00:00,1.0,1.0,1.0,1.0
2148,437,fideus-labs/ngff-zarr,fideus-labs,daily-repo-status.md,3,2026-02-25 13:05:35+00:00,False,githubnext/agentics/workflows/daily-repo-status.md@6d161046e38a40d68f8891b27ea86719956b550c,ok,githubnext/agentics/workflows/daily-repo-status.md,githubnext/agentics/workflows/daily-repo-status.md,githubnext/agentics/workflows/daily-repo-status.md,False,3eae9b88d024036be45d668e3404f8662f94d878,2026-01-26 19:57:42+00:00,1.0,1.0,1.0,1.0
2149,437,fideus-labs/ngff-zarr,fideus-labs,daily-repo-status.md,4,2026-05-27 21:35:17+00:00,False,githubnext/agentics/workflows/repo-status.md@main,ok,githubnext/agentics/workflows/repo-status.md,githubnext/agentics/workflows/repo-status.md,githubnext/agentics/workflows/daily-repo-status.md,False,497230d3867fe453aae74b15d06178d45a39fcce,2026-05-08 20:56:58+00:00,1.0,1.0,1.0,1.0
2150,437,fideus-labs/ngff-zarr,fideus-labs,daily-repo-status.md,5,2026-06-17 13:22:28+00:00,False,githubnext/agentics/workflows/repo-status.md@main,ok,githubnext/agentics/workflows/repo-status.md,githubnext/agentics/workflows/repo-status.md,githubnext/agentics/workflows/daily-repo-status.md,False,497230d3867fe453aae74b15d06178d45a39fcce,2026-05-08 20:56:58+00:00,1.0,1.0,1.0,1.0
2151,437,fideus-labs/ngff-zarr,fideus-labs,daily-repo-status.md,6,2026-06-25 17:54:15+00:00,False,githubnext/agentics/workflows/repo-status.md@main,ok,githubnext/agentics/workflows/repo-status.md,githubnext/agentics/workflows/repo-status.md,githubnext/agentics/workflows/daily-repo-status.md,False,497230d3867fe453aae74b15d06178d45a39fcce,2026-05-08 20:56:58+00:00,1.0,1.0,0.8099,0.8099
2152,438,tosin2013/mcp-adr-analysis-server,tosin2013,ai-executor-integration.md,1,2026-02-16 16:07:01+00:00,False,,,,github/gh-aw/.github/workflows/shared/opencode.md,github/gh-aw/.github/workflows/shared/opencode.md,True,58914b13b70f2307907a56b1ea5c1ba6a383e777,2026-01-20 21:25:30+00:00,5.0,5.0,0.0407,
2153,438,tosin2013/mcp-adr-analysis-server,tosin2013,ai-executor-integration.md,2,2026-02-17 14:33:13+00:00,False,,,,github/gh-aw/.github/workflows/shared/genaiscript.md,github/gh-aw/.github/workflows/shared/genaiscript.md,True,d7bca8106296b89902288e3191c3af8e2312ac78,2025-10-22 17:51:02+00:00,4.0,6.0,0.0444,
2154,438,tosin2013/mcp-adr-analysis-server,tosin2013,ai-executor-integration.md,3,2026-03-16 17:48:59+00:00,False,,,,github/gh-aw/.github/workflows/shared/genaiscript.md,github/gh-aw/.github/workflows/shared/genaiscript.md,True,d7bca8106296b89902288e3191c3af8e2312ac78,2025-10-22 17:51:02+00:00,4.0,6.0,0.0444,
2155,439,tosin2013/mcp-adr-analysis-server,tosin2013,ai-release-notes-agent.md,1,2026-02-16 16:07:01+00:00,False,,,,githubnext/agentics/workflows/agentic-release-manager.md,githubnext/agentics/workflows/agentic-release-manager.md,False,3630c0020def25a8f34676a94877d38dc9e8889b,2025-07-30 11:05:05+00:00,1.0,1.0,0.0629,
2156,440,tosin2013/mcp-adr-analysis-server,tosin2013,ci-doctor.md,1,2026-02-16 16:07:01+00:00,False,,,,github/gh-aw/.github/workflows/ci-doctor.md,githubnext/agentics/workflows/ci-doctor.md,False,c19426f87652906fd05ff08a91d4753f8a96bfe2,2026-02-07 17:28:29+00:00,6.0,7.0,0.0996,
2157,441,tosin2013/mcp-adr-analysis-server,tosin2013,dependabot-bundler.md,1,2026-02-16 16:07:01+00:00,False,,,,githubnext/agentics/workflows/dependabot-issue-bundler.md,githubnext/agentics/workflows/dependabot-issue-bundler.md,False,1a12f3205fd1d7ac097b3cd2e25d15f38b8c9fdc,2026-02-13 01:11:24+00:00,1.0,1.0,0.0686,
2158,441,tosin2013/mcp-adr-analysis-server,tosin2013,dependabot-bundler.md,2,2026-02-20 00:13:55+00:00,False,,,,githubnext/agentics/workflows/dependabot-issue-bundler.md,githubnext/agentics/workflows/dependabot-issue-bundler.md,False,1a12f3205fd1d7ac097b3cd2e25d15f38b8c9fdc,2026-02-13 01:11:24+00:00,1.0,1.0,0.0686,
2159,442,tosin2013/mcp-adr-analysis-server,tosin2013,deployment-pattern-validation.md,1,2026-02-16 16:07:01+00:00,False,,,,github/gh-aw/.github/workflows/duplicate-code-detector.md,github/gh-aw/.github/workflows/duplicate-code-detector.md,False,8adb0aec90a1468c771833103a1596ef7a3a0672,2025-10-28 01:37:37+00:00,7.0,10.0,0.0355,
2160,442,tosin2013/mcp-adr-analysis-server,tosin2013,deployment-pattern-validation.md,2,2026-02-16 18:29:58+00:00,False,,,,github/gh-aw/.github/workflows/shared/ast-grep.md,github/gh-aw/.github/workflows/shared/ast-grep.md,True,fff0c1500e189edd1f4a60de4e61735f0c99d01f,2025-10-08 19:21:54+00:00,2.0,2.0,0.0422,
2161,442,tosin2013/mcp-adr-analysis-server,tosin2013,deployment-pattern-validation.md,3,2026-03-16 17:48:59+00:00,False,,,,github/gh-aw/.github/workflows/shared/ast-grep.md,github/gh-aw/.github/workflows/shared/ast-grep.md,True,fff0c1500e189edd1f4a60de4e61735f0c99d01f,2025-10-08 19:21:54+00:00,2.0,2.0,0.0422,
2162,443,tosin2013/mcp-adr-analysis-server,tosin2013,docs-noob-tester.md,1,2026-02-16 16:07:01+00:00,False,,,,github/gh-aw/.github/workflows/daily-doc-updater.md,github/gh-aw/.github/workflows/daily-doc-updater.md,False,83d14e39e312775d09002b98cb62d819af6d244f,2026-01-28 13:54:32+00:00,5.0,5.0,0.0655,
2163,443,tosin2013/mcp-adr-analysis-server,tosin2013,docs-noob-tester.md,2,2026-02-20 00:13:55+00:00,False,,,,github/gh-aw/.github/workflows/daily-doc-updater.md,github/gh-aw/.github/workflows/daily-doc-updater.md,False,83d14e39e312775d09002b98cb62d819af6d244f,2026-01-28 13:54:32+00:00,5.0,5.0,0.0655,
2164,443,tosin2013/mcp-adr-analysis-server,tosin2013,docs-noob-tester.md,3,2026-02-20 19:15:56+00:00,False,,,,github/gh-aw/.github/workflows/daily-doc-updater.md,github/gh-aw/.github/workflows/daily-doc-updater.md,False,83d14e39e312775d09002b98cb62d819af6d244f,2026-01-28 13:54:32+00:00,5.0,5.0,0.0638,
2165,443,tosin2013/mcp-adr-analysis-server,tosin2013,docs-noob-tester.md,4,2026-03-16 17:28:09+00:00,False,,,,githubnext/agentics/workflows/daily-multi-device-docs-tester.md,githubnext/agentics/workflows/daily-multi-device-docs-tester.md,False,d7317c7a60bd542d2158308044748d30e18d265e,2026-03-03 23:40:47+00:00,1.0,2.0,0.0692,
2166,443,tosin2013/mcp-adr-analysis-server,tosin2013,docs-noob-tester.md,5,2026-03-16 17:48:59+00:00,False,,,,githubnext/agentics/workflows/daily-multi-device-docs-tester.md,githubnext/agentics/workflows/daily-multi-device-docs-tester.md,False,d7317c7a60bd542d2158308044748d30e18d265e,2026-03-03 23:40:47+00:00,1.0,2.0,0.0692,
2167,444,tosin2013/mcp-adr-analysis-server,tosin2013,docs-site-validator.md,1,2026-02-16 16:24:31+00:00,False,,,,githubnext/agentics/workflows/update-docs.md,githubnext/agentics/workflows/starlight-scribe.md,False,91efef7a6296b18637116b4215ee746151acaafb,2025-08-01 16:01:42+00:00,3.0,19.0,0.0456,
2168,444,tosin2013/mcp-adr-analysis-server,tosin2013,docs-site-validator.md,2,2026-02-20 00:13:55+00:00,False,,,,githubnext/agentics/workflows/link-checker.md,githubnext/agentics/workflows/link-checker.md,False,ebf240fb0d46f2cd7d654ab228f5c4aa50e29356,2026-02-18 00:03:17+00:00,1.0,1.0,0.0458,
2169,444,tosin2013/mcp-adr-analysis-server,tosin2013,docs-site-validator.md,3,2026-02-20 19:15:56+00:00,False,,,,githubnext/agentics/workflows/update-docs.md,githubnext/agentics/workflows/starlight-scribe.md,False,91efef7a6296b18637116b4215ee746151acaafb,2025-08-01 16:01:42+00:00,3.0,19.0,0.047,
2170,444,tosin2013/mcp-adr-analysis-server,tosin2013,docs-site-validator.md,4,2026-04-19 18:26:37+00:00,False,,,,githubnext/agentics/workflows/daily-multi-device-docs-tester.md,githubnext/agentics/workflows/daily-multi-device-docs-tester.md,False,6b96e5c28f962ba409ca68ae8abb4603a4e986eb,2026-03-03 23:53:04+00:00,2.0,2.0,0.0822,
2171,445,tosin2013/mcp-adr-analysis-server,tosin2013,esm-module-validation.md,1,2026-02-16 16:07:01+00:00,False,,,,github/gh-aw/.github/workflows/daily-file-diet.md,github/gh-aw/.github/workflows/daily-file-diet.md,False,4b2a6bcccf8a0631ae803d65e36233a67ef538fa,2026-01-13 18:43:18+00:00,8.0,9.0,0.0356,
2172,445,tosin2013/mcp-adr-analysis-server,tosin2013,esm-module-validation.md,2,2026-03-16 17:48:59+00:00,False,,,,githubnext/agentics/workflows/repository-quality-improver.md,githubnext/agentics/workflows/repository-quality-improver.md,False,4c38dd19cf6bd04950dc2f98c91caba3d2acfcd6,2026-03-03 12:45:06+00:00,1.0,1.0,0.0523,
2173,446,tosin2013/mcp-adr-analysis-server,tosin2013,knowledge-graph-validation.md,1,2026-02-16 16:07:01+00:00,False,,,,github/gh-aw/.github/workflows/shared/ollama-threat-scan.md,github/gh-aw/.github/workflows/shared/ollama-threat-scan.md,True,11b5033bce7afcbae5ba7320b7b6290fa0c56df6,2025-11-07 07:10:43+00:00,3.0,5.0,0.04,
2174,446,tosin2013/mcp-adr-analysis-server,tosin2013,knowledge-graph-validation.md,2,2026-02-16 18:44:11+00:00,False,,,,github/gh-aw/.github/workflows/shared/ollama-threat-scan.md,github/gh-aw/.github/workflows/shared/ollama-threat-scan.md,True,11b5033bce7afcbae5ba7320b7b6290fa0c56df6,2025-11-07 07:10:43+00:00,3.0,5.0,0.0396,
2175,446,tosin2013/mcp-adr-analysis-server,tosin2013,knowledge-graph-validation.md,3,2026-03-16 17:48:59+00:00,False,,,,github/gh-aw/.github/workflows/shared/ollama-threat-scan.md,github/gh-aw/.github/workflows/shared/ollama-threat-scan.md,True,9cbca3cd9be433a23a38e4da332635097fd40251,2026-02-27 17:06:02+00:00,6.0,8.0,0.0396,
2176,447,tosin2013/mcp-adr-analysis-server,tosin2013,mcp-server-validation.md,1,2026-02-16 16:07:01+00:00,False,,,,github/gh-aw/.github/workflows/shared/mcp-debug.md,github/gh-aw/.github/workflows/shared/mcp-debug.md,True,d8e947839bbcd6e929cd58e743b0b3a321dfb2f9,2025-10-18 23:22:09+00:00,1.0,2.0,0.064,
2177,447,tosin2013/mcp-adr-analysis-server,tosin2013,mcp-server-validation.md,2,2026-02-16 18:44:11+00:00,False,,,,github/gh-aw/.github/workflows/shared/mcp-debug.md,github/gh-aw/.github/workflows/shared/mcp-debug.md,True,d8e947839bbcd6e929cd58e743b0b3a321dfb2f9,2025-10-18 23:22:09+00:00,1.0,2.0,0.0649,
2178,447,tosin2013/mcp-adr-analysis-server,tosin2013,mcp-server-validation.md,3,2026-02-20 14:57:45+00:00,False,,,,github/gh-aw/.github/workflows/shared/mcp-debug.md,github/gh-aw/.github/workflows/shared/mcp-debug.md,True,d8e947839bbcd6e929cd58e743b0b3a321dfb2f9,2025-10-18 23:22:09+00:00,1.0,2.0,0.0649,
2179,447,tosin2013/mcp-adr-analysis-server,tosin2013,mcp-server-validation.md,4,2026-03-16 17:48:59+00:00,False,,,,github/gh-aw/.github/workflows/shared/mcp-debug.md,github/gh-aw/.github/workflows/shared/mcp-debug.md,True,d8e947839bbcd6e929cd58e743b0b3a321dfb2f9,2025-10-18 23:22:09+00:00,1.0,2.0,0.0649,
2180,448,tosin2013/mcp-adr-analysis-server,tosin2013,mcp-tool-checker.md,1,2026-02-16 16:07:01+00:00,False,,,,github/gh-aw/.github/workflows/duplicate-code-detector.md,github/gh-aw/.github/workflows/duplicate-code-detector.md,False,8adb0aec90a1468c771833103a1596ef7a3a0672,2025-10-28 01:37:37+00:00,7.0,10.0,0.0439,
2181,448,tosin2013/mcp-adr-analysis-server,tosin2013,mcp-tool-checker.md,2,2026-02-20 00:13:55+00:00,False,,,,github/gh-aw/.github/workflows/duplicate-code-detector.md,github/gh-aw/.github/workflows/duplicate-code-detector.md,False,8adb0aec90a1468c771833103a1596ef7a3a0672,2025-10-28 01:37:37+00:00,7.0,10.0,0.0439,
2182,448,tosin2013/mcp-adr-analysis-server,tosin2013,mcp-tool-checker.md,3,2026-02-20 14:57:45+00:00,False,,,,github/gh-aw/.github/workflows/duplicate-code-detector.md,github/gh-aw/.github/workflows/duplicate-code-detector.md,False,8adb0aec90a1468c771833103a1596ef7a3a0672,2025-10-28 01:37:37+00:00,7.0,10.0,0.0438,
2183,448,tosin2013/mcp-adr-analysis-server,tosin2013,mcp-tool-checker.md,4,2026-03-16 17:48:59+00:00,False,,,,github/gh-aw/.github/workflows/daily-doc-updater.md,github/gh-aw/.github/workflows/daily-doc-updater.md,False,1761033b239aafac483133af81eba1f3e2c2e283,2026-03-14 21:27:29+00:00,8.0,9.0,0.0455,
2184,449,pulumi/pulumi-rabbitmq,pulumi,gh-aw-pr-rereview.md,1,2026-05-12 07:07:44+00:00,True,pulumi-labs/gh-aw-internal/.github/workflows/gh-aw-pr-rereview.md@8a92f53fac170563f7727cacab2dbedb5d5b9e29,ok,pulumi-labs/gh-aw-internal/.github/workflows/gh-aw-pr-rereview.md,,,,,,,,,
2185,450,pulumi/pulumi-rabbitmq,pulumi,gh-aw-pr-review.md,1,2026-05-12 07:07:44+00:00,True,pulumi-labs/gh-aw-internal/.github/workflows/gh-aw-pr-review.md@8a92f53fac170563f7727cacab2dbedb5d5b9e29,ok,pulumi-labs/gh-aw-internal/.github/workflows/gh-aw-pr-review.md,,,,,,,,,
2186,451,kubestellar/docs,kubestellar,daily-team-status.md,1,2025-12-03 19:22:35+00:00,False,githubnext/agentics/workflows/daily-team-status.md@3d982b164c8c2a65fc8da744c2c997044375c44d,ok,githubnext/agentics/workflows/daily-team-status.md,githubnext/agentics/workflows/daily-team-status.md,githubnext/agentics/workflows/daily-team-status.md,False,1e366aa4518cf83d25defd84e454b9a41e87cf7c,2025-11-14 07:03:20+00:00,22.0,22.0,1.0,1.0
2187,451,kubestellar/docs,kubestellar,daily-team-status.md,2,2025-12-03 21:38:16+00:00,False,githubnext/agentics/workflows/daily-team-status.md@3d982b164c8c2a65fc8da744c2c997044375c44d,ok,githubnext/agentics/workflows/daily-team-status.md,githubnext/agentics/workflows/daily-team-status.md,githubnext/agentics/workflows/daily-team-status.md,False,1e366aa4518cf83d25defd84e454b9a41e87cf7c,2025-11-14 07:03:20+00:00,22.0,22.0,1.0,1.0
2188,451,kubestellar/docs,kubestellar,daily-team-status.md,3,2025-12-05 09:21:52+00:00,False,githubnext/agentics/workflows/daily-team-status.md@3d982b164c8c2a65fc8da744c2c997044375c44d,ok,githubnext/agentics/workflows/daily-team-status.md,githubnext/agentics/workflows/daily-team-status.md,githubnext/agentics/workflows/daily-team-status.md,False,1e366aa4518cf83d25defd84e454b9a41e87cf7c,2025-11-14 07:03:20+00:00,22.0,22.0,1.0,1.0
2189,451,kubestellar/docs,kubestellar,daily-team-status.md,4,2026-05-04 15:11:48+00:00,False,githubnext/agentics/workflows/daily-team-status.md@3d982b164c8c2a65fc8da744c2c997044375c44d,ok,githubnext/agentics/workflows/daily-team-status.md,githubnext/agentics/workflows/daily-team-status.md,githubnext/agentics/workflows/daily-team-status.md,False,1e366aa4518cf83d25defd84e454b9a41e87cf7c,2025-11-14 07:03:20+00:00,22.0,23.0,1.0,1.0
2190,451,kubestellar/docs,kubestellar,daily-team-status.md,5,2026-06-16 15:51:04+00:00,False,githubnext/agentics/workflows/daily-team-status.md@3d982b164c8c2a65fc8da744c2c997044375c44d,ok,githubnext/agentics/workflows/daily-team-status.md,githubnext/agentics/workflows/daily-team-status.md,githubnext/agentics/workflows/daily-team-status.md,False,1e366aa4518cf83d25defd84e454b9a41e87cf7c,2025-11-14 07:03:20+00:00,22.0,23.0,1.0,1.0
2191,452,kubestellar/docs,kubestellar,devstats.md,1,2025-12-16 19:44:32+00:00,False,githubnext/agentics/workflows/daily-team-status.md@3d982b164c8c2a65fc8da744c2c997044375c44d,ok,githubnext/agentics/workflows/daily-team-status.md,githubnext/agentics/workflows/daily-team-status.md,githubnext/agentics/workflows/daily-team-status.md,False,1e366aa4518cf83d25defd84e454b9a41e87cf7c,2025-11-14 07:03:20+00:00,22.0,22.0,1.0,1.0
2192,452,kubestellar/docs,kubestellar,devstats.md,2,2026-05-04 15:11:48+00:00,False,githubnext/agentics/workflows/daily-team-status.md@3d982b164c8c2a65fc8da744c2c997044375c44d,ok,githubnext/agentics/workflows/daily-team-status.md,githubnext/agentics/workflows/daily-team-status.md,githubnext/agentics/workflows/daily-team-status.md,False,1e366aa4518cf83d25defd84e454b9a41e87cf7c,2025-11-14 07:03:20+00:00,22.0,23.0,1.0,1.0
2193,452,kubestellar/docs,kubestellar,devstats.md,3,2026-06-16 15:51:04+00:00,False,githubnext/agentics/workflows/daily-team-status.md@3d982b164c8c2a65fc8da744c2c997044375c44d,ok,githubnext/agentics/workflows/daily-team-status.md,githubnext/agentics/workflows/daily-team-status.md,githubnext/agentics/workflows/daily-team-status.md,False,1e366aa4518cf83d25defd84e454b9a41e87cf7c,2025-11-14 07:03:20+00:00,22.0,23.0,1.0,1.0
2194,453,kubestellar/docs,kubestellar,link-checker.md,1,2026-03-10 01:54:58+00:00,False,,,,githubnext/agentics/workflows/link-checker.md,githubnext/agentics/workflows/link-checker.md,False,ebf240fb0d46f2cd7d654ab228f5c4aa50e29356,2026-02-18 00:03:17+00:00,1.0,1.0,0.0999,
2195,453,kubestellar/docs,kubestellar,link-checker.md,2,2026-03-10 02:01:43+00:00,False,,,,githubnext/agentics/workflows/link-checker.md,githubnext/agentics/workflows/link-checker.md,False,ebf240fb0d46f2cd7d654ab228f5c4aa50e29356,2026-02-18 00:03:17+00:00,1.0,1.0,0.1026,
2196,453,kubestellar/docs,kubestellar,link-checker.md,3,2026-03-10 02:54:15+00:00,False,,,,githubnext/agentics/workflows/link-checker.md,githubnext/agentics/workflows/link-checker.md,False,ebf240fb0d46f2cd7d654ab228f5c4aa50e29356,2026-02-18 00:03:17+00:00,1.0,1.0,0.1026,
2197,453,kubestellar/docs,kubestellar,link-checker.md,4,2026-05-03 01:55:27+00:00,False,,,,githubnext/agentics/workflows/link-checker.md,githubnext/agentics/workflows/link-checker.md,False,ebf240fb0d46f2cd7d654ab228f5c4aa50e29356,2026-02-18 00:03:17+00:00,1.0,1.0,0.1026,
2198,453,kubestellar/docs,kubestellar,link-checker.md,5,2026-05-04 15:11:48+00:00,False,,,,githubnext/agentics/workflows/link-checker.md,githubnext/agentics/workflows/link-checker.md,False,ebf240fb0d46f2cd7d654ab228f5c4aa50e29356,2026-02-18 00:03:17+00:00,1.0,1.0,0.1026,
2199,453,kubestellar/docs,kubestellar,link-checker.md,6,2026-05-11 07:29:34+00:00,False,,,,githubnext/agentics/workflows/link-checker.md,githubnext/agentics/workflows/link-checker.md,False,ebf240fb0d46f2cd7d654ab228f5c4aa50e29356,2026-02-18 00:03:17+00:00,1.0,1.0,0.1063,
2200,453,kubestellar/docs,kubestellar,link-checker.md,7,2026-06-17 13:28:07+00:00,False,,,,githubnext/agentics/workflows/link-checker.md,githubnext/agentics/workflows/link-checker.md,False,ebf240fb0d46f2cd7d654ab228f5c4aa50e29356,2026-02-18 00:03:17+00:00,1.0,2.0,0.1151,
2201,454,kubestellar/docs,kubestellar,maintainer-metrics.md,1,2025-12-10 01:16:31+00:00,False,,,,githubnext/agentics/workflows/daily-test-improver.md,githubnext/agentics/workflows/daily-test-improver.md,False,ddd497457c64b021c3f5b1bed38325ce9e8862b0,2025-10-06 16:43:50+00:00,33.0,43.0,0.0468,
2202,454,kubestellar/docs,kubestellar,maintainer-metrics.md,2,2025-12-20 17:47:19+00:00,False,,,,githubnext/agentics/workflows/daily-test-improver.md,githubnext/agentics/workflows/daily-test-improver.md,False,ddd497457c64b021c3f5b1bed38325ce9e8862b0,2025-10-06 16:43:50+00:00,33.0,43.0,0.0468,
2203,454,kubestellar/docs,kubestellar,maintainer-metrics.md,3,2026-02-09 18:34:31+00:00,False,,,,github/gh-aw/.github/workflows/daily-doc-updater.md,github/gh-aw/.github/workflows/daily-doc-updater.md,False,83d14e39e312775d09002b98cb62d819af6d244f,2026-01-28 13:54:32+00:00,5.0,5.0,0.0505,
2204,454,kubestellar/docs,kubestellar,maintainer-metrics.md,4,2026-04-01 00:47:52+00:00,False,,,,githubnext/agentics/workflows/repo-assist.md,githubnext/agentics/workflows/repo-assist.md,False,69dc52f93e6abaaeb199c24e22b401f5bb1bac6f,2026-03-07 00:06:02+00:00,19.0,22.0,0.0682,
2205,454,kubestellar/docs,kubestellar,maintainer-metrics.md,5,2026-04-01 00:52:10+00:00,False,,,,githubnext/agentics/workflows/repo-assist.md,githubnext/agentics/workflows/repo-assist.md,False,69dc52f93e6abaaeb199c24e22b401f5bb1bac6f,2026-03-07 00:06:02+00:00,19.0,22.0,0.0684,
2206,454,kubestellar/docs,kubestellar,maintainer-metrics.md,6,2026-04-01 00:54:20+00:00,False,,,,githubnext/agentics/workflows/repo-assist.md,githubnext/agentics/workflows/repo-assist.md,False,69dc52f93e6abaaeb199c24e22b401f5bb1bac6f,2026-03-07 00:06:02+00:00,19.0,22.0,0.0685,
2207,454,kubestellar/docs,kubestellar,maintainer-metrics.md,7,2026-05-11 07:29:34+00:00,False,,,,githubnext/agentics/workflows/repo-assist.md,githubnext/agentics/workflows/repo-assist.md,False,69dc52f93e6abaaeb199c24e22b401f5bb1bac6f,2026-03-07 00:06:02+00:00,19.0,25.0,0.0685,
2208,454,kubestellar/docs,kubestellar,maintainer-metrics.md,8,2026-05-28 07:53:27+00:00,False,,,,githubnext/agentics/workflows/repo-assist.md,githubnext/agentics/workflows/repo-assist.md,False,69dc52f93e6abaaeb199c24e22b401f5bb1bac6f,2026-03-07 00:06:02+00:00,19.0,25.0,0.0684,
2209,455,kubestellar/docs,kubestellar,technical-doc-writer.md,1,2025-12-16 19:44:32+00:00,False,,,,github/gh-aw/.github/workflows/daily-doc-updater.md,github/gh-aw/.github/workflows/daily-doc-updater.md,False,ec47a730355c794af5ed2eec6468cbf617ec31a6,2025-11-13 22:20:45+00:00,2.0,3.0,0.1378,
2210,455,kubestellar/docs,kubestellar,technical-doc-writer.md,2,2025-12-16 19:46:22+00:00,False,,,,github/gh-aw/.github/workflows/daily-doc-updater.md,github/gh-aw/.github/workflows/daily-doc-updater.md,False,ec47a730355c794af5ed2eec6468cbf617ec31a6,2025-11-13 22:20:45+00:00,2.0,3.0,0.1378,
2211,455,kubestellar/docs,kubestellar,technical-doc-writer.md,3,2025-12-16 20:10:27+00:00,False,,,,github/gh-aw/.github/workflows/daily-doc-updater.md,github/gh-aw/.github/workflows/daily-doc-updater.md,False,ec47a730355c794af5ed2eec6468cbf617ec31a6,2025-11-13 22:20:45+00:00,2.0,3.0,0.1378,
2212,455,kubestellar/docs,kubestellar,technical-doc-writer.md,4,2025-12-16 20:24:11+00:00,False,,,,github/gh-aw/.github/workflows/daily-doc-updater.md,github/gh-aw/.github/workflows/daily-doc-updater.md,False,ec47a730355c794af5ed2eec6468cbf617ec31a6,2025-11-13 22:20:45+00:00,2.0,3.0,0.1378,
2213,455,kubestellar/docs,kubestellar,technical-doc-writer.md,5,2025-12-16 20:33:17+00:00,False,,,,github/gh-aw/.github/workflows/daily-doc-updater.md,github/gh-aw/.github/workflows/daily-doc-updater.md,False,ec47a730355c794af5ed2eec6468cbf617ec31a6,2025-11-13 22:20:45+00:00,2.0,3.0,0.1378,
2214,455,kubestellar/docs,kubestellar,technical-doc-writer.md,6,2025-12-16 20:34:00+00:00,False,,,,github/gh-aw/.github/workflows/daily-doc-updater.md,github/gh-aw/.github/workflows/daily-doc-updater.md,False,ec47a730355c794af5ed2eec6468cbf617ec31a6,2025-11-13 22:20:45+00:00,2.0,3.0,0.1348,
2215,455,kubestellar/docs,kubestellar,technical-doc-writer.md,7,2025-12-20 17:47:19+00:00,False,,,,github/gh-aw/.github/workflows/daily-doc-updater.md,github/gh-aw/.github/workflows/daily-doc-updater.md,False,ec47a730355c794af5ed2eec6468cbf617ec31a6,2025-11-13 22:20:45+00:00,2.0,3.0,0.1348,
2216,455,kubestellar/docs,kubestellar,technical-doc-writer.md,8,2026-05-04 15:11:48+00:00,False,,,,github/gh-aw/.github/workflows/daily-doc-updater.md,github/gh-aw/.github/workflows/daily-doc-updater.md,False,00c8977ceb34a66b691cd5d8d4ff8f2e596fe990,2026-03-24 05:51:27+00:00,11.0,19.0,0.1402,
2217,456,kubestellar/docs,kubestellar,typo-checker.md,1,2026-03-10 01:54:58+00:00,False,,,,githubnext/agentics/workflows/pr-nitpick-reviewer.md,githubnext/agentics/workflows/pr-nitpick-reviewer.md,False,7a08986d9cb131c775c4b2408a9988b8e6b14fa5,2026-03-03 02:23:22+00:00,1.0,1.0,0.042,
2218,456,kubestellar/docs,kubestellar,typo-checker.md,2,2026-03-10 02:01:43+00:00,False,,,,githubnext/agentics/workflows/glossary-maintainer.md,githubnext/agentics/workflows/glossary-maintainer.md,False,ebf240fb0d46f2cd7d654ab228f5c4aa50e29356,2026-02-18 00:03:17+00:00,1.0,1.0,0.0468,
2219,456,kubestellar/docs,kubestellar,typo-checker.md,3,2026-05-03 01:55:27+00:00,False,,,,githubnext/agentics/workflows/glossary-maintainer.md,githubnext/agentics/workflows/glossary-maintainer.md,False,ebf240fb0d46f2cd7d654ab228f5c4aa50e29356,2026-02-18 00:03:17+00:00,1.0,1.0,0.0468,
2220,456,kubestellar/docs,kubestellar,typo-checker.md,4,2026-05-04 15:11:48+00:00,False,,,,githubnext/agentics/workflows/glossary-maintainer.md,githubnext/agentics/workflows/glossary-maintainer.md,False,ebf240fb0d46f2cd7d654ab228f5c4aa50e29356,2026-02-18 00:03:17+00:00,1.0,1.0,0.0468,
2221,456,kubestellar/docs,kubestellar,typo-checker.md,5,2026-05-21 07:58:44+00:00,False,,,,github/gh-aw/.github/workflows/daily-doc-updater.md,github/gh-aw/.github/workflows/daily-doc-updater.md,False,208cf613bf269c470f1e646e831a8918a4c6afb0,2026-05-06 12:37:31+00:00,21.0,21.0,0.0563,
2222,457,drehelis/gcp-emulator-ui,drehelis,check-emulator-updates.md,1,2026-02-20 13:17:53+00:00,False,,,,githubnext/agentics/workflows/daily-test-improver.md,githubnext/agentics/workflows/daily-test-improver.md,False,abbd1fd9d71fe22102f8b0e87d71243347a1a55f,2025-08-23 23:56:36+00:00,3.0,45.0,0.0519,
2223,457,drehelis/gcp-emulator-ui,drehelis,check-emulator-updates.md,2,2026-02-20 13:46:26+00:00,False,,,,githubnext/agentics/workflows/daily-test-improver.md,githubnext/agentics/workflows/daily-test-improver.md,False,abbd1fd9d71fe22102f8b0e87d71243347a1a55f,2025-08-23 23:56:36+00:00,3.0,45.0,0.0519,
2224,457,drehelis/gcp-emulator-ui,drehelis,check-emulator-updates.md,3,2026-02-20 13:59:43+00:00,False,,,,githubnext/agentics/workflows/daily-test-improver.md,githubnext/agentics/workflows/daily-test-improver.md,False,0fc147f9da4c0b006989e83ed0a2146fe6822e9d,2025-08-23 22:32:23+00:00,2.0,45.0,0.0563,
2225,457,drehelis/gcp-emulator-ui,drehelis,check-emulator-updates.md,4,2026-02-20 17:18:19+00:00,False,,,,githubnext/agentics/workflows/daily-test-improver.md,githubnext/agentics/workflows/daily-test-improver.md,False,0fc147f9da4c0b006989e83ed0a2146fe6822e9d,2025-08-23 22:32:23+00:00,2.0,45.0,0.0462,
2226,457,drehelis/gcp-emulator-ui,drehelis,check-emulator-updates.md,5,2026-02-20 21:29:06+00:00,False,,,,githubnext/agentics/workflows/daily-test-improver.md,githubnext/agentics/workflows/daily-test-improver.md,False,94c10826abe36f84c44a108232e97e0e3517d868,2025-08-31 21:58:04+00:00,17.0,45.0,0.0609,
2227,457,drehelis/gcp-emulator-ui,drehelis,check-emulator-updates.md,6,2026-02-21 07:54:06+00:00,False,,,,githubnext/agentics/workflows/daily-test-improver.md,githubnext/agentics/workflows/daily-test-improver.md,False,94c10826abe36f84c44a108232e97e0e3517d868,2025-08-31 21:58:04+00:00,17.0,46.0,0.0613,
2228,457,drehelis/gcp-emulator-ui,drehelis,check-emulator-updates.md,7,2026-02-22 20:55:02+00:00,False,,,,githubnext/agentics/workflows/daily-qa.md,githubnext/agentics/workflows/daily-qa.md,False,a371b734efabc3c2ff136fb05f03f0b868ee2f0e,2025-08-12 19:49:30+00:00,7.0,26.0,0.0553,
2229,457,drehelis/gcp-emulator-ui,drehelis,check-emulator-updates.md,8,2026-03-05 05:43:46+00:00,False,,,,githubnext/agentics/workflows/repo-assist.md,githubnext/agentics/workflows/repo-assist.md,False,69c1ee19e39e6aaba35519aafefb5cbf314de323,2026-02-26 11:32:52+00:00,17.0,18.0,0.0604,
2230,457,drehelis/gcp-emulator-ui,drehelis,check-emulator-updates.md,9,2026-03-08 21:12:31+00:00,False,,,,github/gh-aw/.github/workflows/daily-doc-updater.md,github/gh-aw/.github/workflows/daily-doc-updater.md,False,8b089d17e83805175b88a9ebf4bcc419595a307c,2026-02-26 20:31:29+00:00,7.0,7.0,0.0642,
2231,457,drehelis/gcp-emulator-ui,drehelis,check-emulator-updates.md,10,2026-04-05 21:00:21+00:00,False,,,,github/gh-aw/.github/workflows/daily-doc-updater.md,github/gh-aw/.github/workflows/daily-doc-updater.md,False,00c8977ceb34a66b691cd5d8d4ff8f2e596fe990,2026-03-24 05:51:27+00:00,11.0,14.0,0.0692,
2232,457,drehelis/gcp-emulator-ui,drehelis,check-emulator-updates.md,11,2026-04-05 21:12:47+00:00,False,,,,github/gh-aw/.github/workflows/daily-doc-updater.md,github/gh-aw/.github/workflows/daily-doc-updater.md,False,00c8977ceb34a66b691cd5d8d4ff8f2e596fe990,2026-03-24 05:51:27+00:00,11.0,14.0,0.0692,
2233,457,drehelis/gcp-emulator-ui,drehelis,check-emulator-updates.md,12,2026-04-08 14:51:23+00:00,False,,,,github/gh-aw/.github/workflows/daily-doc-updater.md,github/gh-aw/.github/workflows/daily-doc-updater.md,False,00c8977ceb34a66b691cd5d8d4ff8f2e596fe990,2026-03-24 05:51:27+00:00,11.0,14.0,0.0692,
2234,457,drehelis/gcp-emulator-ui,drehelis,check-emulator-updates.md,13,2026-04-11 13:04:55+00:00,False,,,,github/gh-aw/.github/workflows/daily-doc-updater.md,github/gh-aw/.github/workflows/daily-doc-updater.md,False,00c8977ceb34a66b691cd5d8d4ff8f2e596fe990,2026-03-24 05:51:27+00:00,11.0,14.0,0.0692,
2235,457,drehelis/gcp-emulator-ui,drehelis,check-emulator-updates.md,14,2026-04-12 12:14:33+00:00,False,,,,github/gh-aw/.github/workflows/daily-doc-updater.md,github/gh-aw/.github/workflows/daily-doc-updater.md,False,00c8977ceb34a66b691cd5d8d4ff8f2e596fe990,2026-03-24 05:51:27+00:00,11.0,14.0,0.0692,
2236,457,drehelis/gcp-emulator-ui,drehelis,check-emulator-updates.md,15,2026-06-05 20:29:31+00:00,False,,,,github/gh-aw/.github/workflows/daily-doc-updater.md,github/gh-aw/.github/workflows/daily-doc-updater.md,False,00c8977ceb34a66b691cd5d8d4ff8f2e596fe990,2026-03-24 05:51:27+00:00,11.0,23.0,0.0692,
2237,457,drehelis/gcp-emulator-ui,drehelis,check-emulator-updates.md,16,2026-06-09 11:07:22+00:00,False,,,,github/gh-aw/.github/workflows/daily-doc-updater.md,github/gh-aw/.github/workflows/daily-doc-updater.md,False,00c8977ceb34a66b691cd5d8d4ff8f2e596fe990,2026-03-24 05:51:27+00:00,11.0,23.0,0.0692,
2238,457,drehelis/gcp-emulator-ui,drehelis,check-emulator-updates.md,17,2026-06-13 05:58:12+00:00,False,,,,github/gh-aw/.github/workflows/daily-doc-updater.md,github/gh-aw/.github/workflows/daily-doc-updater.md,False,00c8977ceb34a66b691cd5d8d4ff8f2e596fe990,2026-03-24 05:51:27+00:00,11.0,23.0,0.0707,
2239,457,drehelis/gcp-emulator-ui,drehelis,check-emulator-updates.md,18,2026-06-13 06:07:03+00:00,False,,,,github/gh-aw/.github/workflows/daily-doc-updater.md,github/gh-aw/.github/workflows/daily-doc-updater.md,False,00c8977ceb34a66b691cd5d8d4ff8f2e596fe990,2026-03-24 05:51:27+00:00,11.0,23.0,0.0707,
2240,457,drehelis/gcp-emulator-ui,drehelis,check-emulator-updates.md,19,2026-06-13 06:23:27+00:00,False,,,,github/gh-aw/.github/workflows/daily-doc-updater.md,github/gh-aw/.github/workflows/daily-doc-updater.md,False,00c8977ceb34a66b691cd5d8d4ff8f2e596fe990,2026-03-24 05:51:27+00:00,11.0,23.0,0.0707,
2241,457,drehelis/gcp-emulator-ui,drehelis,check-emulator-updates.md,20,2026-06-13 07:35:42+00:00,False,,,,github/gh-aw/.github/workflows/daily-doc-updater.md,github/gh-aw/.github/workflows/daily-doc-updater.md,False,00c8977ceb34a66b691cd5d8d4ff8f2e596fe990,2026-03-24 05:51:27+00:00,11.0,23.0,0.0723,
2242,458,pulumi/pulumi-rancher2,pulumi,gh-aw-pr-rereview.md,1,2026-05-12 07:09:59+00:00,True,pulumi-labs/gh-aw-internal/.github/workflows/gh-aw-pr-rereview.md@8a92f53fac170563f7727cacab2dbedb5d5b9e29,ok,pulumi-labs/gh-aw-internal/.github/workflows/gh-aw-pr-rereview.md,,,,,,,,,
2243,459,pulumi/pulumi-rancher2,pulumi,gh-aw-pr-review.md,1,2026-05-12 07:09:59+00:00,True,pulumi-labs/gh-aw-internal/.github/workflows/gh-aw-pr-review.md@8a92f53fac170563f7727cacab2dbedb5d5b9e29,ok,pulumi-labs/gh-aw-internal/.github/workflows/gh-aw-pr-review.md,,,,,,,,,
2244,460,YousefHadder/markdown-plus.nvim,YousefHadder,code-simplifier.md,1,2026-03-07 05:54:54+00:00,False,github/gh-aw/.github/workflows/code-simplifier.md@852cb06ad52958b402ed982b69957ffc57ca0619,ok,github/gh-aw/.github/workflows/code-simplifier.md,github/gh-aw/.github/workflows/code-simplifier.md,github/gh-aw/.github/workflows/code-simplifier.md,False,bb3a3b3c35105d86add624c48ddb68e1419f5cb5,2026-02-16 17:09:36+00:00,4.0,5.0,0.9575,0.9575
2245,460,YousefHadder/markdown-plus.nvim,YousefHadder,code-simplifier.md,2,2026-03-07 06:56:49+00:00,False,github/gh-aw/.github/workflows/code-simplifier.md@852cb06ad52958b402ed982b69957ffc57ca0619,ok,github/gh-aw/.github/workflows/code-simplifier.md,github/gh-aw/.github/workflows/code-simplifier.md,github/gh-aw/.github/workflows/code-simplifier.md,False,bb3a3b3c35105d86add624c48ddb68e1419f5cb5,2026-02-16 17:09:36+00:00,4.0,5.0,0.8085,0.8085
2246,460,YousefHadder/markdown-plus.nvim,YousefHadder,code-simplifier.md,3,2026-03-07 18:08:16+00:00,False,github/gh-aw/.github/workflows/code-simplifier.md@852cb06ad52958b402ed982b69957ffc57ca0619,ok,github/gh-aw/.github/workflows/code-simplifier.md,github/gh-aw/.github/workflows/code-simplifier.md,github/gh-aw/.github/workflows/code-simplifier.md,False,bb3a3b3c35105d86add624c48ddb68e1419f5cb5,2026-02-16 17:09:36+00:00,4.0,5.0,0.6459,0.6459
2247,460,YousefHadder/markdown-plus.nvim,YousefHadder,code-simplifier.md,4,2026-03-23 20:54:05+00:00,False,github/gh-aw/.github/workflows/code-simplifier.md@852cb06ad52958b402ed982b69957ffc57ca0619,ok,github/gh-aw/.github/workflows/code-simplifier.md,github/gh-aw/.github/workflows/code-simplifier.md,github/gh-aw/.github/workflows/code-simplifier.md,False,bb3a3b3c35105d86add624c48ddb68e1419f5cb5,2026-02-16 17:09:36+00:00,4.0,5.0,0.6459,0.6459
2248,460,YousefHadder/markdown-plus.nvim,YousefHadder,code-simplifier.md,5,2026-05-12 17:16:31+00:00,False,github/gh-aw/.github/workflows/code-simplifier.md@8eb7e099dfdad889a392fab0eb57029a0905e966,ok,github/gh-aw/.github/workflows/code-simplifier.md,github/gh-aw/.github/workflows/code-simplifier.md,github/gh-aw/.github/workflows/code-simplifier.md,False,f3c24880af69f8e5c7d6b6c17ee116583137f979,2026-04-30 23:11:29+00:00,7.0,7.0,0.6469,0.6469
2249,461,YousefHadder/markdown-plus.nvim,YousefHadder,config-sync-checker.md,1,2026-03-07 06:42:44+00:00,False,,,,github/gh-aw/.github/workflows/code-simplifier.md,github/gh-aw/.github/workflows/code-simplifier.md,False,bb3a3b3c35105d86add624c48ddb68e1419f5cb5,2026-02-16 17:09:36+00:00,4.0,5.0,0.0457,
2250,461,YousefHadder/markdown-plus.nvim,YousefHadder,config-sync-checker.md,2,2026-03-23 20:54:05+00:00,False,,,,github/gh-aw/.github/workflows/code-simplifier.md,github/gh-aw/.github/workflows/code-simplifier.md,False,bb3a3b3c35105d86add624c48ddb68e1419f5cb5,2026-02-16 17:09:36+00:00,4.0,5.0,0.0457,
2251,461,YousefHadder/markdown-plus.nvim,YousefHadder,config-sync-checker.md,3,2026-05-12 17:16:31+00:00,False,,,,github/gh-aw/.github/workflows/shared/noop-reminder.md,github/gh-aw/.github/workflows/shared/noop-reminder.md,True,25fed92bcba25c4a0eb7765a29d05bec8f81ec3b,2026-04-18 01:02:45+00:00,1.0,1.0,0.1175,
2252,462,YousefHadder/markdown-plus.nvim,YousefHadder,contributor-recognition.md,1,2026-05-03 20:54:29+00:00,False,,,,github/gh-aw/.github/workflows/daily-doc-updater.md,github/gh-aw/.github/workflows/daily-doc-updater.md,False,f3c24880af69f8e5c7d6b6c17ee116583137f979,2026-04-30 23:11:29+00:00,19.0,19.0,0.093,
2253,462,YousefHadder/markdown-plus.nvim,YousefHadder,contributor-recognition.md,2,2026-05-03 21:07:01+00:00,False,,,,github/gh-aw/.github/workflows/daily-doc-updater.md,github/gh-aw/.github/workflows/daily-doc-updater.md,False,f3c24880af69f8e5c7d6b6c17ee116583137f979,2026-04-30 23:11:29+00:00,19.0,19.0,0.1022,
2254,462,YousefHadder/markdown-plus.nvim,YousefHadder,contributor-recognition.md,3,2026-05-03 21:47:42+00:00,False,,,,github/gh-aw/.github/workflows/daily-doc-updater.md,github/gh-aw/.github/workflows/daily-doc-updater.md,False,f3c24880af69f8e5c7d6b6c17ee116583137f979,2026-04-30 23:11:29+00:00,19.0,19.0,0.0977,
2255,462,YousefHadder/markdown-plus.nvim,YousefHadder,contributor-recognition.md,4,2026-05-12 17:16:31+00:00,False,,,,github/gh-aw/.github/workflows/shared/noop-reminder.md,github/gh-aw/.github/workflows/shared/noop-reminder.md,True,25fed92bcba25c4a0eb7765a29d05bec8f81ec3b,2026-04-18 01:02:45+00:00,1.0,1.0,0.1226,
2256,462,YousefHadder/markdown-plus.nvim,YousefHadder,contributor-recognition.md,5,2026-06-19 19:25:19+00:00,False,,,,github/gh-aw/.github/workflows/shared/noop-reminder.md,github/gh-aw/.github/workflows/shared/noop-reminder.md,True,25fed92bcba25c4a0eb7765a29d05bec8f81ec3b,2026-04-18 01:02:45+00:00,1.0,2.0,0.1209,
2257,463,YousefHadder/markdown-plus.nvim,YousefHadder,daily-doc-updater.md,1,2026-03-07 01:29:08+00:00,False,github/gh-aw/.github/workflows/daily-doc-updater.md@852cb06ad52958b402ed982b69957ffc57ca0619,ok,github/gh-aw/.github/workflows/daily-doc-updater.md,github/gh-aw/.github/workflows/daily-doc-updater.md,github/gh-aw/.github/workflows/daily-doc-updater.md,False,83d14e39e312775d09002b98cb62d819af6d244f,2026-01-28 13:54:32+00:00,5.0,7.0,0.7029,0.7029
2258,463,YousefHadder/markdown-plus.nvim,YousefHadder,daily-doc-updater.md,2,2026-03-07 02:56:47+00:00,False,github/gh-aw/.github/workflows/daily-doc-updater.md@852cb06ad52958b402ed982b69957ffc57ca0619,ok,github/gh-aw/.github/workflows/daily-doc-updater.md,github/gh-aw/.github/workflows/daily-doc-updater.md,github/gh-aw/.github/workflows/daily-doc-updater.md,False,83d14e39e312775d09002b98cb62d819af6d244f,2026-01-28 13:54:32+00:00,5.0,7.0,0.5856,0.5856
2259,463,YousefHadder/markdown-plus.nvim,YousefHadder,daily-doc-updater.md,3,2026-03-23 20:54:05+00:00,False,github/gh-aw/.github/workflows/daily-doc-updater.md@852cb06ad52958b402ed982b69957ffc57ca0619,ok,github/gh-aw/.github/workflows/daily-doc-updater.md,github/gh-aw/.github/workflows/daily-doc-updater.md,github/gh-aw/.github/workflows/daily-doc-updater.md,False,83d14e39e312775d09002b98cb62d819af6d244f,2026-01-28 13:54:32+00:00,5.0,10.0,0.5856,0.5856
2260,463,YousefHadder/markdown-plus.nvim,YousefHadder,daily-doc-updater.md,4,2026-05-12 17:16:31+00:00,False,github/gh-aw/.github/workflows/daily-doc-updater.md@8eb7e099dfdad889a392fab0eb57029a0905e966,ok,github/gh-aw/.github/workflows/daily-doc-updater.md,github/gh-aw/.github/workflows/daily-doc-updater.md,github/gh-aw/.github/workflows/daily-doc-updater.md,False,208cf613bf269c470f1e646e831a8918a4c6afb0,2026-05-06 12:37:31+00:00,21.0,21.0,0.7672,0.7672
2261,464,YousefHadder/markdown-plus.nvim,YousefHadder,daily-file-diet.md,1,2026-03-07 07:29:59+00:00,False,github/gh-aw/.github/workflows/daily-file-diet.md@852cb06ad52958b402ed982b69957ffc57ca0619,ok,github/gh-aw/.github/workflows/daily-file-diet.md,github/gh-aw/.github/workflows/daily-file-diet.md,github/gh-aw/.github/workflows/daily-file-diet.md,False,f97a5879ba52e6d3c9ffb565a2ea097b55981aa1,2026-01-24 13:20:38+00:00,9.0,10.0,0.5666,0.5666
2262,464,YousefHadder/markdown-plus.nvim,YousefHadder,daily-file-diet.md,2,2026-03-07 07:33:44+00:00,False,github/gh-aw/.github/workflows/daily-file-diet.md@852cb06ad52958b402ed982b69957ffc57ca0619,ok,github/gh-aw/.github/workflows/daily-file-diet.md,github/gh-aw/.github/workflows/daily-file-diet.md,github/gh-aw/.github/workflows/daily-file-diet.md,False,f97a5879ba52e6d3c9ffb565a2ea097b55981aa1,2026-01-24 13:20:38+00:00,9.0,10.0,0.5666,0.5666
2263,464,YousefHadder/markdown-plus.nvim,YousefHadder,daily-file-diet.md,3,2026-03-23 20:54:05+00:00,False,github/gh-aw/.github/workflows/daily-file-diet.md@852cb06ad52958b402ed982b69957ffc57ca0619,ok,github/gh-aw/.github/workflows/daily-file-diet.md,github/gh-aw/.github/workflows/daily-file-diet.md,github/gh-aw/.github/workflows/daily-file-diet.md,False,f97a5879ba52e6d3c9ffb565a2ea097b55981aa1,2026-01-24 13:20:38+00:00,9.0,10.0,0.5666,0.5666
2264,464,YousefHadder/markdown-plus.nvim,YousefHadder,daily-file-diet.md,4,2026-05-12 17:16:31+00:00,False,github/gh-aw/.github/workflows/daily-file-diet.md@8eb7e099dfdad889a392fab0eb57029a0905e966,ok,github/gh-aw/.github/workflows/daily-file-diet.md,github/gh-aw/.github/workflows/daily-file-diet.md,github/gh-aw/.github/workflows/daily-file-diet.md,False,f3c24880af69f8e5c7d6b6c17ee116583137f979,2026-04-30 23:11:29+00:00,13.0,13.0,0.5689,0.5689
2265,464,YousefHadder/markdown-plus.nvim,YousefHadder,daily-file-diet.md,5,2026-05-13 15:50:32+00:00,False,github/gh-aw/.github/workflows/daily-file-diet.md@8eb7e099dfdad889a392fab0eb57029a0905e966,ok,github/gh-aw/.github/workflows/daily-file-diet.md,github/gh-aw/.github/workflows/daily-file-diet.md,github/gh-aw/.github/workflows/daily-file-diet.md,False,f3c24880af69f8e5c7d6b6c17ee116583137f979,2026-04-30 23:11:29+00:00,13.0,13.0,0.5689,0.5689
2266,465,YousefHadder/markdown-plus.nvim,YousefHadder,wiki-updater.md,1,2026-06-04 14:56:27+00:00,False,,,,github/gh-aw/.github/workflows/daily-doc-updater.md,github/gh-aw/.github/workflows/daily-doc-updater.md,False,f4c5ee6ef4557b7372bbe8848661a3cdc78f6e87,2026-05-05 22:07:23+00:00,20.0,23.0,0.1566,
2267,465,YousefHadder/markdown-plus.nvim,YousefHadder,wiki-updater.md,2,2026-06-19 19:25:19+00:00,False,,,,github/gh-aw/.github/workflows/daily-doc-updater.md,github/gh-aw/.github/workflows/daily-doc-updater.md,False,f4c5ee6ef4557b7372bbe8848661a3cdc78f6e87,2026-05-05 22:07:23+00:00,20.0,23.0,0.16,
2268,466,cncf/contribute-site,cncf,link-checker.md,1,2026-03-12 21:23:41+00:00,False,,,,githubnext/agentics/workflows/link-checker.md,githubnext/agentics/workflows/link-checker.md,False,ebf240fb0d46f2cd7d654ab228f5c4aa50e29356,2026-02-18 00:03:17+00:00,1.0,1.0,0.092,
2269,466,cncf/contribute-site,cncf,link-checker.md,2,2026-03-13 21:10:11+00:00,False,,,,githubnext/agentics/workflows/link-checker.md,githubnext/agentics/workflows/link-checker.md,False,ebf240fb0d46f2cd7d654ab228f5c4aa50e29356,2026-02-18 00:03:17+00:00,1.0,1.0,0.0899,
2270,466,cncf/contribute-site,cncf,link-checker.md,3,2026-03-13 21:49:26+00:00,False,,,,githubnext/agentics/workflows/link-checker.md,githubnext/agentics/workflows/link-checker.md,False,ebf240fb0d46f2cd7d654ab228f5c4aa50e29356,2026-02-18 00:03:17+00:00,1.0,1.0,0.0908,
2271,466,cncf/contribute-site,cncf,link-checker.md,4,2026-03-16 15:33:34+00:00,False,,,,githubnext/agentics/workflows/link-checker.md,githubnext/agentics/workflows/link-checker.md,False,ebf240fb0d46f2cd7d654ab228f5c4aa50e29356,2026-02-18 00:03:17+00:00,1.0,1.0,0.0908,
2272,466,cncf/contribute-site,cncf,link-checker.md,5,2026-03-16 16:18:11+00:00,False,,,,githubnext/agentics/workflows/link-checker.md,githubnext/agentics/workflows/link-checker.md,False,ebf240fb0d46f2cd7d654ab228f5c4aa50e29356,2026-02-18 00:03:17+00:00,1.0,1.0,0.0932,
2273,466,cncf/contribute-site,cncf,link-checker.md,6,2026-03-16 16:58:42+00:00,False,,,,githubnext/agentics/workflows/link-checker.md,githubnext/agentics/workflows/link-checker.md,False,ebf240fb0d46f2cd7d654ab228f5c4aa50e29356,2026-02-18 00:03:17+00:00,1.0,1.0,0.0948,
2274,466,cncf/contribute-site,cncf,link-checker.md,7,2026-03-16 17:40:18+00:00,False,,,,githubnext/agentics/workflows/link-checker.md,githubnext/agentics/workflows/link-checker.md,False,ebf240fb0d46f2cd7d654ab228f5c4aa50e29356,2026-02-18 00:03:17+00:00,1.0,1.0,0.0948,
2275,466,cncf/contribute-site,cncf,link-checker.md,8,2026-03-16 18:03:53+00:00,False,,,,githubnext/agentics/workflows/link-checker.md,githubnext/agentics/workflows/link-checker.md,False,ebf240fb0d46f2cd7d654ab228f5c4aa50e29356,2026-02-18 00:03:17+00:00,1.0,1.0,0.0948,
2276,466,cncf/contribute-site,cncf,link-checker.md,9,2026-03-16 19:23:45+00:00,False,,,,githubnext/agentics/workflows/link-checker.md,githubnext/agentics/workflows/link-checker.md,False,ebf240fb0d46f2cd7d654ab228f5c4aa50e29356,2026-02-18 00:03:17+00:00,1.0,1.0,0.0948,
2277,466,cncf/contribute-site,cncf,link-checker.md,10,2026-03-16 22:21:41+00:00,False,,,,githubnext/agentics/workflows/link-checker.md,githubnext/agentics/workflows/link-checker.md,False,ebf240fb0d46f2cd7d654ab228f5c4aa50e29356,2026-02-18 00:03:17+00:00,1.0,1.0,0.0988,
2278,467,cncf/contribute-site,cncf,link-fixer.md,1,2026-03-16 19:23:45+00:00,False,,,,githubnext/agentics/workflows/link-checker.md,githubnext/agentics/workflows/link-checker.md,False,ebf240fb0d46f2cd7d654ab228f5c4aa50e29356,2026-02-18 00:03:17+00:00,1.0,1.0,0.1193,
2279,467,cncf/contribute-site,cncf,link-fixer.md,2,2026-03-16 20:02:33+00:00,False,,,,githubnext/agentics/workflows/link-checker.md,githubnext/agentics/workflows/link-checker.md,False,ebf240fb0d46f2cd7d654ab228f5c4aa50e29356,2026-02-18 00:03:17+00:00,1.0,1.0,0.1182,
2280,467,cncf/contribute-site,cncf,link-fixer.md,3,2026-03-16 22:21:41+00:00,False,,,,githubnext/agentics/workflows/link-checker.md,githubnext/agentics/workflows/link-checker.md,False,ebf240fb0d46f2cd7d654ab228f5c4aa50e29356,2026-02-18 00:03:17+00:00,1.0,1.0,0.1182,
2281,467,cncf/contribute-site,cncf,link-fixer.md,4,2026-03-16 22:42:30+00:00,False,,,,githubnext/agentics/workflows/link-checker.md,githubnext/agentics/workflows/link-checker.md,False,ebf240fb0d46f2cd7d654ab228f5c4aa50e29356,2026-02-18 00:03:17+00:00,1.0,1.0,0.1168,
2282,467,cncf/contribute-site,cncf,link-fixer.md,5,2026-03-16 22:59:14+00:00,False,,,,githubnext/agentics/workflows/link-checker.md,githubnext/agentics/workflows/link-checker.md,False,ebf240fb0d46f2cd7d654ab228f5c4aa50e29356,2026-02-18 00:03:17+00:00,1.0,1.0,0.1157,
2283,467,cncf/contribute-site,cncf,link-fixer.md,6,2026-03-16 23:20:49+00:00,False,,,,githubnext/agentics/workflows/link-checker.md,githubnext/agentics/workflows/link-checker.md,False,ebf240fb0d46f2cd7d654ab228f5c4aa50e29356,2026-02-18 00:03:17+00:00,1.0,1.0,0.1182,
2284,467,cncf/contribute-site,cncf,link-fixer.md,7,2026-03-17 00:36:56+00:00,False,,,,githubnext/agentics/workflows/link-checker.md,githubnext/agentics/workflows/link-checker.md,False,ebf240fb0d46f2cd7d654ab228f5c4aa50e29356,2026-02-18 00:03:17+00:00,1.0,1.0,0.1182,
2285,467,cncf/contribute-site,cncf,link-fixer.md,8,2026-03-17 00:45:00+00:00,False,,,,githubnext/agentics/workflows/link-checker.md,githubnext/agentics/workflows/link-checker.md,False,ebf240fb0d46f2cd7d654ab228f5c4aa50e29356,2026-02-18 00:03:17+00:00,1.0,1.0,0.1163,
2286,468,kaito-tokyo/live-backgroundremoval-lite,kaito-tokyo,validate-pr.md,1,2026-04-13 21:07:16+00:00,False,,,,githubnext/agentics/workflows/solve-issues.md,githubnext/agentics/workflows/regular-solve-issue.md,False,076280149103573bcb4c214fd85844f933da874e,2025-07-31 16:47:12+00:00,1.0,2.0,0.0454,
2287,469,microsoft/apm,microsoft,cli-consistency-checker.md,1,2026-02-24 23:14:51+00:00,False,,,,githubnext/agentics/workflows/repo-assist.md,githubnext/agentics/workflows/repo-assist.md,False,2f03fdaafb8c1ae62dfde7e0be762a822a201aeb,2026-02-23 19:47:18+00:00,14.0,15.0,0.0454,
2288,469,microsoft/apm,microsoft,cli-consistency-checker.md,2,2026-02-26 22:20:21+00:00,False,,,,github/gh-aw/.github/workflows/daily-doc-updater.md,github/gh-aw/.github/workflows/daily-doc-updater.md,False,8b089d17e83805175b88a9ebf4bcc419595a307c,2026-02-26 20:31:29+00:00,7.0,7.0,0.049,
2289,470,microsoft/apm,microsoft,daily-doc-updater.md,1,2026-02-24 23:14:51+00:00,False,githubnext/agentics/workflows/daily-doc-updater.md@b87234850bf9664d198f28a02df0f937d0447295,ok,githubnext/agentics/workflows/daily-doc-updater.md,githubnext/agentics/workflows/daily-doc-updater.md,githubnext/agentics/workflows/daily-doc-updater.md,False,d10d12c3bfd79ae6baa99194e1c41de17ad0b8e6,2026-02-16 20:21:36+00:00,1.0,1.0,1.0,1.0
2290,470,microsoft/apm,microsoft,daily-doc-updater.md,2,2026-02-26 22:20:21+00:00,False,githubnext/agentics/workflows/daily-doc-updater.md@b87234850bf9664d198f28a02df0f937d0447295,ok,githubnext/agentics/workflows/daily-doc-updater.md,githubnext/agentics/workflows/daily-doc-updater.md,githubnext/agentics/workflows/daily-doc-updater.md,False,d10d12c3bfd79ae6baa99194e1c41de17ad0b8e6,2026-02-16 20:21:36+00:00,1.0,1.0,1.0,1.0
2291,470,microsoft/apm,microsoft,daily-doc-updater.md,3,2026-03-03 21:58:37+00:00,False,githubnext/agentics/workflows/daily-doc-updater.md@b87234850bf9664d198f28a02df0f937d0447295,ok,githubnext/agentics/workflows/daily-doc-updater.md,githubnext/agentics/workflows/daily-doc-updater.md,githubnext/agentics/workflows/daily-doc-updater.md,False,d10d12c3bfd79ae6baa99194e1c41de17ad0b8e6,2026-02-16 20:21:36+00:00,1.0,1.0,1.0,1.0
2292,471,microsoft/apm,microsoft,docs-sync.md,1,2026-05-11 19:39:48+00:00,False,,,,githubnext/agentics/workflows/agentics/shared/gh-extra-read-tools.md,githubnext/agentics/workflows/agentics/shared/gh-extra-read-tools.md,True,776c61d12ae61942726673cffb9b8b667193d76b,2025-09-01 12:06:54+00:00,1.0,2.0,0.0624,
2293,472,microsoft/apm,microsoft,pr-review-panel.md,1,2026-04-21 23:31:50+00:00,False,,,,pulumi-labs/gh-aw-internal/.github/workflows/shared/review.md,pulumi-labs/gh-aw-internal/.github/workflows/shared/review.md,True,9ee0c51c65787a826ec95a53e3f38b46c4f2ce9d,2026-03-12 13:56:18+00:00,2.0,3.0,0.0536,
2294,472,microsoft/apm,microsoft,pr-review-panel.md,2,2026-04-21 23:42:50+00:00,False,,,,pulumi-labs/gh-aw-internal/.github/workflows/shared/review.md,pulumi-labs/gh-aw-internal/.github/workflows/shared/review.md,True,9ee0c51c65787a826ec95a53e3f38b46c4f2ce9d,2026-03-12 13:56:18+00:00,2.0,3.0,0.0536,
2295,472,microsoft/apm,microsoft,pr-review-panel.md,3,2026-04-22 08:53:41+00:00,False,,,,pulumi-labs/gh-aw-internal/.github/workflows/shared/review.md,pulumi-labs/gh-aw-internal/.github/workflows/shared/review.md,True,3e83632847339a9f65b1932efd1471f9238c8e06,2026-03-12 12:34:51+00:00,1.0,3.0,0.0657,
2296,472,microsoft/apm,microsoft,pr-review-panel.md,4,2026-04-22 09:12:55+00:00,False,,,,pulumi-labs/gh-aw-internal/.github/workflows/shared/review.md,pulumi-labs/gh-aw-internal/.github/workflows/shared/review.md,True,3e83632847339a9f65b1932efd1471f9238c8e06,2026-03-12 12:34:51+00:00,1.0,3.0,0.0633,
2297,472,microsoft/apm,microsoft,pr-review-panel.md,5,2026-04-24 09:30:55+00:00,False,,,,pulumi-labs/gh-aw-internal/.github/workflows/shared/review.md,pulumi-labs/gh-aw-internal/.github/workflows/shared/review.md,True,3e83632847339a9f65b1932efd1471f9238c8e06,2026-03-12 12:34:51+00:00,1.0,3.0,0.0793,
2298,472,microsoft/apm,microsoft,pr-review-panel.md,6,2026-04-24 15:19:39+00:00,False,,,,pulumi-labs/gh-aw-internal/.github/workflows/shared/review.md,pulumi-labs/gh-aw-internal/.github/workflows/shared/review.md,True,3e83632847339a9f65b1932efd1471f9238c8e06,2026-03-12 12:34:51+00:00,1.0,3.0,0.0716,
2299,472,microsoft/apm,microsoft,pr-review-panel.md,7,2026-04-24 15:59:27+00:00,False,,,,pulumi-labs/gh-aw-internal/.github/workflows/shared/review.md,pulumi-labs/gh-aw-internal/.github/workflows/shared/review.md,True,3e83632847339a9f65b1932efd1471f9238c8e06,2026-03-12 12:34:51+00:00,1.0,3.0,0.0833,
2300,472,microsoft/apm,microsoft,pr-review-panel.md,8,2026-04-26 08:24:04+00:00,False,,,,pulumi-labs/gh-aw-internal/.github/workflows/shared/review.md,pulumi-labs/gh-aw-internal/.github/workflows/shared/review.md,True,3e83632847339a9f65b1932efd1471f9238c8e06,2026-03-12 12:34:51+00:00,1.0,3.0,0.0914,
2301,472,microsoft/apm,microsoft,pr-review-panel.md,9,2026-04-28 20:59:32+00:00,False,,,,pulumi-labs/gh-aw-internal/.github/workflows/shared/review.md,pulumi-labs/gh-aw-internal/.github/workflows/shared/review.md,True,3e83632847339a9f65b1932efd1471f9238c8e06,2026-03-12 12:34:51+00:00,1.0,3.0,0.0914,
2302,472,microsoft/apm,microsoft,pr-review-panel.md,10,2026-04-29 09:11:37+00:00,False,,,,pulumi-labs/gh-aw-internal/.github/workflows/shared/review.md,pulumi-labs/gh-aw-internal/.github/workflows/shared/review.md,True,3e83632847339a9f65b1932efd1471f9238c8e06,2026-03-12 12:34:51+00:00,1.0,3.0,0.0892,
2303,472,microsoft/apm,microsoft,pr-review-panel.md,11,2026-05-01 19:12:40+00:00,False,,,,pulumi-labs/gh-aw-internal/.github/workflows/shared/review.md,pulumi-labs/gh-aw-internal/.github/workflows/shared/review.md,True,3e83632847339a9f65b1932efd1471f9238c8e06,2026-03-12 12:34:51+00:00,1.0,3.0,0.0877,
2304,472,microsoft/apm,microsoft,pr-review-panel.md,12,2026-05-07 18:15:50+00:00,False,,,,pulumi-labs/gh-aw-internal/.github/workflows/shared/review.md,pulumi-labs/gh-aw-internal/.github/workflows/shared/review.md,True,3e83632847339a9f65b1932efd1471f9238c8e06,2026-03-12 12:34:51+00:00,1.0,3.0,0.0877,
2305,473,microsoft/apm,microsoft,triage-panel.md,1,2026-04-26 15:30:42+00:00,False,,,,githubnext/agentics/workflows/repo-assist.md,githubnext/agentics/workflows/repo-assist.md,False,69dc52f93e6abaaeb199c24e22b401f5bb1bac6f,2026-03-07 00:06:02+00:00,19.0,22.0,0.0736,
2306,473,microsoft/apm,microsoft,triage-panel.md,2,2026-04-26 15:49:58+00:00,False,,,,githubnext/agentics/workflows/repo-assist.md,githubnext/agentics/workflows/repo-assist.md,False,69dc52f93e6abaaeb199c24e22b401f5bb1bac6f,2026-03-07 00:06:02+00:00,19.0,22.0,0.073,
2307,473,microsoft/apm,microsoft,triage-panel.md,3,2026-04-26 15:59:04+00:00,False,,,,githubnext/agentics/workflows/repo-assist.md,githubnext/agentics/workflows/repo-assist.md,False,69dc52f93e6abaaeb199c24e22b401f5bb1bac6f,2026-03-07 00:06:02+00:00,19.0,22.0,0.0727,
2308,473,microsoft/apm,microsoft,triage-panel.md,4,2026-04-26 16:08:07+00:00,False,,,,githubnext/agentics/workflows/repo-assist.md,githubnext/agentics/workflows/repo-assist.md,False,69dc52f93e6abaaeb199c24e22b401f5bb1bac6f,2026-03-07 00:06:02+00:00,19.0,22.0,0.0728,
2309,473,microsoft/apm,microsoft,triage-panel.md,5,2026-04-26 20:22:12+00:00,False,,,,githubnext/agentics/workflows/repo-assist.md,githubnext/agentics/workflows/repo-assist.md,False,afb00b92a9514fee9a14c583f059a03d05738f70,2026-02-26 13:40:39+00:00,18.0,22.0,0.0736,
2310,473,microsoft/apm,microsoft,triage-panel.md,6,2026-04-29 09:11:37+00:00,False,,,,githubnext/agentics/workflows/repo-assist.md,githubnext/agentics/workflows/repo-assist.md,False,afb00b92a9514fee9a14c583f059a03d05738f70,2026-02-26 13:40:39+00:00,18.0,22.0,0.0736,
2311,473,microsoft/apm,microsoft,triage-panel.md,7,2026-05-07 18:15:50+00:00,False,,,,githubnext/agentics/workflows/repo-assist.md,githubnext/agentics/workflows/repo-assist.md,False,afb00b92a9514fee9a14c583f059a03d05738f70,2026-02-26 13:40:39+00:00,18.0,23.0,0.0736,
2312,473,microsoft/apm,microsoft,triage-panel.md,8,2026-05-07 18:35:15+00:00,False,,,,githubnext/agentics/workflows/repo-assist.md,githubnext/agentics/workflows/repo-assist.md,False,afb00b92a9514fee9a14c583f059a03d05738f70,2026-02-26 13:40:39+00:00,18.0,23.0,0.0746,
2313,473,microsoft/apm,microsoft,triage-panel.md,9,2026-05-07 19:58:42+00:00,False,,,,githubnext/agentics/workflows/repo-assist.md,githubnext/agentics/workflows/repo-assist.md,False,afb00b92a9514fee9a14c583f059a03d05738f70,2026-02-26 13:40:39+00:00,18.0,23.0,0.0724,
2314,473,microsoft/apm,microsoft,triage-panel.md,10,2026-05-23 15:37:46+00:00,False,,,,githubnext/agentics/workflows/issue-triage.md,githubnext/agentics/workflows/agentic-triage.md,False,bf8d330e628f2c235cd9304310156bdbbfa61123,2025-10-24 19:03:24+00:00,20.0,23.0,0.0706,
2315,473,microsoft/apm,microsoft,triage-panel.md,11,2026-05-26 21:26:44+00:00,False,,,,githubnext/agentics/workflows/issue-triage.md,githubnext/agentics/workflows/agentic-triage.md,False,bf8d330e628f2c235cd9304310156bdbbfa61123,2025-10-24 19:03:24+00:00,20.0,23.0,0.0708,
2316,474,informedica/GenPRES,informedica,repo-assist.md,1,2026-02-26 08:01:57+00:00,False,githubnext/agentics/workflows/repo-assist.md@f2c5cf1e4af58e09a93ba0703c6bf084711b265f,ok,githubnext/agentics/workflows/repo-assist.md,githubnext/agentics/workflows/repo-assist.md,githubnext/agentics/workflows/repo-assist.md,False,dcdcfd1fff79a8908465335200473a87fdee86f4,2026-02-25 19:20:49+00:00,16.0,16.0,1.0,1.0
2317,474,informedica/GenPRES,informedica,repo-assist.md,2,2026-05-18 06:04:43+00:00,False,githubnext/agentics/workflows/repo-assist.md@f2c5cf1e4af58e09a93ba0703c6bf084711b265f,ok,githubnext/agentics/workflows/repo-assist.md,githubnext/agentics/workflows/repo-assist.md,githubnext/agentics/workflows/repo-assist.md,False,dcdcfd1fff79a8908465335200473a87fdee86f4,2026-02-25 19:20:49+00:00,16.0,25.0,1.0,1.0
2318,475,pikax/verter,pikax,update-docs.md,1,2026-02-15 11:52:17+00:00,False,githubnext/agentics/workflows/update-docs.md@eb7950f37d350af6fa09d19827c4883e72947221,ok,githubnext/agentics/workflows/update-docs.md,githubnext/agentics/workflows/update-docs.md,githubnext/agentics/workflows/starlight-scribe.md,False,eb489a0b6cb3bd7c7f94d5d3362237641c22cd31,2025-10-11 18:52:59+00:00,19.0,19.0,1.0,1.0
2319,475,pikax/verter,pikax,update-docs.md,2,2026-03-16 09:35:29+00:00,False,githubnext/agentics/workflows/update-docs.md@eb7950f37d350af6fa09d19827c4883e72947221,ok,githubnext/agentics/workflows/update-docs.md,githubnext/agentics/workflows/update-docs.md,githubnext/agentics/workflows/starlight-scribe.md,False,eb489a0b6cb3bd7c7f94d5d3362237641c22cd31,2025-10-11 18:52:59+00:00,19.0,21.0,0.7207,0.7207
2320,475,pikax/verter,pikax,update-docs.md,3,2026-03-27 07:47:37+00:00,False,githubnext/agentics/workflows/update-docs.md@eb7950f37d350af6fa09d19827c4883e72947221,ok,githubnext/agentics/workflows/update-docs.md,githubnext/agentics/workflows/update-docs.md,githubnext/agentics/workflows/starlight-scribe.md,False,eb489a0b6cb3bd7c7f94d5d3362237641c22cd31,2025-10-11 18:52:59+00:00,19.0,21.0,0.7207,0.7207
2321,476,Kong/kongctl,Kong,benchmark-regression-analysis.md,1,2026-05-03 15:49:39+00:00,False,,,,github/gh-aw/.github/workflows/ci-doctor.md,githubnext/agentics/workflows/ci-doctor.md,False,af7701aac244d773ba6b58a33fa5fa58968e053f,2026-03-23 18:54:16+00:00,11.0,13.0,0.0521,
2322,476,Kong/kongctl,Kong,benchmark-regression-analysis.md,2,2026-05-26 17:12:18+00:00,False,,,,github/gh-aw/.github/workflows/ci-doctor.md,githubnext/agentics/workflows/ci-doctor.md,False,af7701aac244d773ba6b58a33fa5fa58968e053f,2026-03-23 18:54:16+00:00,11.0,14.0,0.0522,
2323,477,Kong/kongctl,Kong,code-simplifier.md,1,2026-02-16 00:57:34+00:00,False,githubnext/agentics/workflows/code-simplifier.md@eb7950f37d350af6fa09d19827c4883e72947221,ok,githubnext/agentics/workflows/code-simplifier.md,githubnext/agentics/workflows/code-simplifier.md,githubnext/agentics/workflows/code-simplifier.md,False,6e25aedbb43fbb2a0f4666917682728a58a9b2b7,2026-02-13 03:25:44+00:00,1.0,1.0,0.8692,0.8692
2324,477,Kong/kongctl,Kong,code-simplifier.md,2,2026-02-16 01:14:21+00:00,False,githubnext/agentics/workflows/code-simplifier.md@eb7950f37d350af6fa09d19827c4883e72947221,ok,githubnext/agentics/workflows/code-simplifier.md,githubnext/agentics/workflows/code-simplifier.md,githubnext/agentics/workflows/code-simplifier.md,False,6e25aedbb43fbb2a0f4666917682728a58a9b2b7,2026-02-13 03:25:44+00:00,1.0,1.0,0.8692,0.8692
2325,477,Kong/kongctl,Kong,code-simplifier.md,3,2026-02-16 01:43:38+00:00,False,githubnext/agentics/workflows/code-simplifier.md@eb7950f37d350af6fa09d19827c4883e72947221,ok,githubnext/agentics/workflows/code-simplifier.md,githubnext/agentics/workflows/code-simplifier.md,githubnext/agentics/workflows/code-simplifier.md,False,6e25aedbb43fbb2a0f4666917682728a58a9b2b7,2026-02-13 03:25:44+00:00,1.0,1.0,0.8692,0.8692
2326,477,Kong/kongctl,Kong,code-simplifier.md,4,2026-02-16 02:38:39+00:00,False,githubnext/agentics/workflows/code-simplifier.md@eb7950f37d350af6fa09d19827c4883e72947221,ok,githubnext/agentics/workflows/code-simplifier.md,githubnext/agentics/workflows/code-simplifier.md,githubnext/agentics/workflows/code-simplifier.md,False,6e25aedbb43fbb2a0f4666917682728a58a9b2b7,2026-02-13 03:25:44+00:00,1.0,1.0,0.7607,0.7607
2327,477,Kong/kongctl,Kong,code-simplifier.md,5,2026-02-16 02:56:53+00:00,False,githubnext/agentics/workflows/code-simplifier.md@eb7950f37d350af6fa09d19827c4883e72947221,ok,githubnext/agentics/workflows/code-simplifier.md,githubnext/agentics/workflows/code-simplifier.md,githubnext/agentics/workflows/code-simplifier.md,False,6e25aedbb43fbb2a0f4666917682728a58a9b2b7,2026-02-13 03:25:44+00:00,1.0,1.0,0.7607,0.7607
2328,477,Kong/kongctl,Kong,code-simplifier.md,6,2026-02-16 03:37:39+00:00,False,githubnext/agentics/workflows/code-simplifier.md@eb7950f37d350af6fa09d19827c4883e72947221,ok,githubnext/agentics/workflows/code-simplifier.md,githubnext/agentics/workflows/code-simplifier.md,githubnext/agentics/workflows/code-simplifier.md,False,6e25aedbb43fbb2a0f4666917682728a58a9b2b7,2026-02-13 03:25:44+00:00,1.0,1.0,0.7607,0.7607
2329,477,Kong/kongctl,Kong,code-simplifier.md,7,2026-04-06 19:43:39+00:00,False,githubnext/agentics/workflows/code-simplifier.md@eb7950f37d350af6fa09d19827c4883e72947221,ok,githubnext/agentics/workflows/code-simplifier.md,githubnext/agentics/workflows/code-simplifier.md,githubnext/agentics/workflows/code-simplifier.md,False,6e25aedbb43fbb2a0f4666917682728a58a9b2b7,2026-02-13 03:25:44+00:00,1.0,3.0,0.7607,0.7607
2330,477,Kong/kongctl,Kong,code-simplifier.md,8,2026-04-10 13:55:31+00:00,False,githubnext/agentics/workflows/code-simplifier.md@eb7950f37d350af6fa09d19827c4883e72947221,ok,githubnext/agentics/workflows/code-simplifier.md,githubnext/agentics/workflows/code-simplifier.md,githubnext/agentics/workflows/code-simplifier.md,False,6e25aedbb43fbb2a0f4666917682728a58a9b2b7,2026-02-13 03:25:44+00:00,1.0,3.0,0.7115,0.7115
2331,477,Kong/kongctl,Kong,code-simplifier.md,9,2026-04-15 14:21:05+00:00,False,githubnext/agentics/workflows/code-simplifier.md@eb7950f37d350af6fa09d19827c4883e72947221,ok,githubnext/agentics/workflows/code-simplifier.md,githubnext/agentics/workflows/code-simplifier.md,githubnext/agentics/workflows/code-simplifier.md,False,6e25aedbb43fbb2a0f4666917682728a58a9b2b7,2026-02-13 03:25:44+00:00,1.0,3.0,0.6959,0.6959
2332,478,Kong/kongctl,Kong,e2e-coverage-scanner.md,1,2026-03-15 17:28:12+00:00,False,,,,githubnext/agentics/workflows/daily-test-improver.md,githubnext/agentics/workflows/daily-test-improver.md,False,b0e9cfd3a20372ce7fe0462bb7bbca2272df4a88,2026-02-24 04:16:22+00:00,47.0,51.0,0.0674,
2333,478,Kong/kongctl,Kong,e2e-coverage-scanner.md,2,2026-04-02 01:46:03+00:00,False,,,,githubnext/agentics/workflows/tech-content-editorial-board.md,githubnext/agentics/workflows/tech-content-editorial-board.md,False,8f9734b7e64b80cc29497af03eaf1e0d9e7625da,2026-03-19 00:47:42+00:00,1.0,1.0,0.0762,
2334,478,Kong/kongctl,Kong,e2e-coverage-scanner.md,3,2026-04-15 14:21:05+00:00,False,,,,pulumi-labs/gh-aw-internal/.github/workflows/shared/plugins/code-review/code-review.md,pulumi-labs/gh-aw-internal/.github/workflows/shared/plugins/code-review/code-review.md,True,d0818ff576b2db07efcadedb0c37526b978844fe,2026-03-12 13:58:22+00:00,3.0,4.0,0.077,
2335,478,Kong/kongctl,Kong,e2e-coverage-scanner.md,4,2026-05-20 14:36:58+00:00,False,,,,pulumi-labs/gh-aw-internal/.github/workflows/shared/plugins/code-review/code-review.md,pulumi-labs/gh-aw-internal/.github/workflows/shared/plugins/code-review/code-review.md,True,d0818ff576b2db07efcadedb0c37526b978844fe,2026-03-12 13:58:22+00:00,3.0,4.0,0.077,
2336,478,Kong/kongctl,Kong,e2e-coverage-scanner.md,5,2026-06-05 15:41:02+00:00,False,,,,pulumi-labs/gh-aw-internal/.github/workflows/shared/plugins/code-review/code-review.md,pulumi-labs/gh-aw-internal/.github/workflows/shared/plugins/code-review/code-review.md,True,fccb0509de811cdc59bfe4e77504af0d4b5ebaa1,2026-06-04 14:18:40+00:00,6.0,6.0,0.0817,
2337,479,Kong/kongctl,Kong,kongctl-feature-user-agent.md,1,2026-05-16 15:25:04+00:00,False,,,,github/gh-aw/.github/workflows/ci-doctor.md,githubnext/agentics/workflows/ci-doctor.md,False,6221cdcfe20b5ff6d2427c63661ae160fb9be4f4,2026-02-22 13:56:24+00:00,10.0,13.0,0.0497,
2338,479,Kong/kongctl,Kong,kongctl-feature-user-agent.md,2,2026-05-19 14:58:12+00:00,False,,,,githubnext/agentics/workflows/tech-content-editorial-board.md,githubnext/agentics/workflows/tech-content-editorial-board.md,False,8f9734b7e64b80cc29497af03eaf1e0d9e7625da,2026-03-19 00:47:42+00:00,1.0,1.0,0.053,
2339,479,Kong/kongctl,Kong,kongctl-feature-user-agent.md,3,2026-05-19 15:32:22+00:00,False,,,,githubnext/agentics/workflows/tech-content-editorial-board.md,githubnext/agentics/workflows/tech-content-editorial-board.md,False,8f9734b7e64b80cc29497af03eaf1e0d9e7625da,2026-03-19 00:47:42+00:00,1.0,1.0,0.053,
2340,479,Kong/kongctl,Kong,kongctl-feature-user-agent.md,4,2026-05-19 16:38:15+00:00,False,,,,githubnext/agentics/workflows/tech-content-editorial-board.md,githubnext/agentics/workflows/tech-content-editorial-board.md,False,8f9734b7e64b80cc29497af03eaf1e0d9e7625da,2026-03-19 00:47:42+00:00,1.0,1.0,0.0576,
2341,479,Kong/kongctl,Kong,kongctl-feature-user-agent.md,5,2026-05-19 21:29:11+00:00,False,,,,githubnext/agentics/workflows/tech-content-editorial-board.md,githubnext/agentics/workflows/tech-content-editorial-board.md,False,8f9734b7e64b80cc29497af03eaf1e0d9e7625da,2026-03-19 00:47:42+00:00,1.0,1.0,0.0589,
2342,479,Kong/kongctl,Kong,kongctl-feature-user-agent.md,6,2026-06-05 20:28:33+00:00,False,,,,githubnext/agentics/workflows/tech-content-editorial-board.md,githubnext/agentics/workflows/tech-content-editorial-board.md,False,8f9734b7e64b80cc29497af03eaf1e0d9e7625da,2026-03-19 00:47:42+00:00,1.0,1.0,0.065,
2343,479,Kong/kongctl,Kong,kongctl-feature-user-agent.md,7,2026-06-09 13:26:22+00:00,False,,,,githubnext/agentics/workflows/tech-content-editorial-board.md,githubnext/agentics/workflows/tech-content-editorial-board.md,False,8f9734b7e64b80cc29497af03eaf1e0d9e7625da,2026-03-19 00:47:42+00:00,1.0,1.0,0.0646,
2344,479,Kong/kongctl,Kong,kongctl-feature-user-agent.md,8,2026-06-09 15:33:03+00:00,False,,,,githubnext/agentics/workflows/tech-content-editorial-board.md,githubnext/agentics/workflows/tech-content-editorial-board.md,False,8f9734b7e64b80cc29497af03eaf1e0d9e7625da,2026-03-19 00:47:42+00:00,1.0,1.0,0.0666,
2345,479,Kong/kongctl,Kong,kongctl-feature-user-agent.md,9,2026-06-10 03:42:40+00:00,False,,,,githubnext/agentics/workflows/tech-content-editorial-board.md,githubnext/agentics/workflows/tech-content-editorial-board.md,False,8f9734b7e64b80cc29497af03eaf1e0d9e7625da,2026-03-19 00:47:42+00:00,1.0,1.0,0.0666,
2346,479,Kong/kongctl,Kong,kongctl-feature-user-agent.md,10,2026-06-24 22:07:17+00:00,False,,,,githubnext/agentics/workflows/tech-content-editorial-board.md,githubnext/agentics/workflows/tech-content-editorial-board.md,False,8f9734b7e64b80cc29497af03eaf1e0d9e7625da,2026-03-19 00:47:42+00:00,1.0,1.0,0.0691,
2347,480,Kong/kongctl,Kong,opened-issue-triage.md,1,2026-02-14 18:08:56+00:00,True,githubnext/agentics/workflows/issue-triage.md@69b5e3ae5fa7f35fa555b0a22aee14c36ab57ebb,ok,githubnext/agentics/workflows/issue-triage.md,,,,,,,,,
2348,480,Kong/kongctl,Kong,opened-issue-triage.md,2,2026-02-15 03:05:53+00:00,False,githubnext/agentics/workflows/issue-triage.md@69b5e3ae5fa7f35fa555b0a22aee14c36ab57ebb,ok,githubnext/agentics/workflows/issue-triage.md,githubnext/agentics/workflows/issue-triage.md,githubnext/agentics/workflows/agentic-triage.md,False,bf8d330e628f2c235cd9304310156bdbbfa61123,2025-10-24 19:03:24+00:00,20.0,21.0,0.8502,0.8502
2349,480,Kong/kongctl,Kong,opened-issue-triage.md,3,2026-02-15 03:29:19+00:00,False,githubnext/agentics/workflows/issue-triage.md@69b5e3ae5fa7f35fa555b0a22aee14c36ab57ebb,ok,githubnext/agentics/workflows/issue-triage.md,githubnext/agentics/workflows/issue-triage.md,githubnext/agentics/workflows/agentic-triage.md,False,bf8d330e628f2c235cd9304310156bdbbfa61123,2025-10-24 19:03:24+00:00,20.0,21.0,0.8488,0.8488
2350,480,Kong/kongctl,Kong,opened-issue-triage.md,4,2026-02-15 03:30:16+00:00,False,githubnext/agentics/workflows/issue-triage.md@69b5e3ae5fa7f35fa555b0a22aee14c36ab57ebb,ok,githubnext/agentics/workflows/issue-triage.md,githubnext/agentics/workflows/issue-triage.md,githubnext/agentics/workflows/agentic-triage.md,False,bf8d330e628f2c235cd9304310156bdbbfa61123,2025-10-24 19:03:24+00:00,20.0,21.0,0.8488,0.8488
2351,480,Kong/kongctl,Kong,opened-issue-triage.md,5,2026-02-15 04:14:24+00:00,False,githubnext/agentics/workflows/issue-triage.md@69b5e3ae5fa7f35fa555b0a22aee14c36ab57ebb,ok,githubnext/agentics/workflows/issue-triage.md,githubnext/agentics/workflows/issue-triage.md,githubnext/agentics/workflows/agentic-triage.md,False,bf8d330e628f2c235cd9304310156bdbbfa61123,2025-10-24 19:03:24+00:00,20.0,21.0,0.7852,0.7852
2352,480,Kong/kongctl,Kong,opened-issue-triage.md,6,2026-04-14 14:57:37+00:00,False,githubnext/agentics/workflows/issue-triage.md@69b5e3ae5fa7f35fa555b0a22aee14c36ab57ebb,ok,githubnext/agentics/workflows/issue-triage.md,githubnext/agentics/workflows/issue-triage.md,githubnext/agentics/workflows/agentic-triage.md,False,bf8d330e628f2c235cd9304310156bdbbfa61123,2025-10-24 19:03:24+00:00,20.0,21.0,0.6517,0.6517
2353,480,Kong/kongctl,Kong,opened-issue-triage.md,7,2026-04-28 05:39:59+00:00,False,githubnext/agentics/workflows/issue-triage.md@69b5e3ae5fa7f35fa555b0a22aee14c36ab57ebb,ok,githubnext/agentics/workflows/issue-triage.md,githubnext/agentics/workflows/issue-triage.md,githubnext/agentics/workflows/agentic-triage.md,False,bf8d330e628f2c235cd9304310156bdbbfa61123,2025-10-24 19:03:24+00:00,20.0,21.0,0.6517,0.6517
2354,481,Kong/kongctl,Kong,release.md,1,2026-02-24 20:57:39+00:00,False,,,,github/gh-aw/.github/workflows/daily-doc-updater.md,github/gh-aw/.github/workflows/daily-doc-updater.md,False,fe2713ba4bb447a2e38905f4a47920531bc59cdd,2026-02-24 04:25:20+00:00,6.0,6.0,0.0597,
2355,481,Kong/kongctl,Kong,release.md,2,2026-02-24 21:30:42+00:00,False,,,,github/gh-aw/.github/workflows/daily-doc-updater.md,github/gh-aw/.github/workflows/daily-doc-updater.md,False,fe2713ba4bb447a2e38905f4a47920531bc59cdd,2026-02-24 04:25:20+00:00,6.0,6.0,0.0592,
2356,481,Kong/kongctl,Kong,release.md,3,2026-02-24 22:00:15+00:00,False,,,,github/gh-aw/.github/workflows/daily-doc-updater.md,github/gh-aw/.github/workflows/daily-doc-updater.md,False,fe2713ba4bb447a2e38905f4a47920531bc59cdd,2026-02-24 04:25:20+00:00,6.0,6.0,0.0592,
2357,481,Kong/kongctl,Kong,release.md,4,2026-02-25 16:05:53+00:00,False,,,,github/gh-aw/.github/workflows/daily-doc-updater.md,github/gh-aw/.github/workflows/daily-doc-updater.md,False,fe2713ba4bb447a2e38905f4a47920531bc59cdd,2026-02-24 04:25:20+00:00,6.0,6.0,0.0595,
2358,481,Kong/kongctl,Kong,release.md,5,2026-02-25 16:06:53+00:00,False,,,,github/gh-aw/.github/workflows/daily-doc-updater.md,github/gh-aw/.github/workflows/daily-doc-updater.md,False,fe2713ba4bb447a2e38905f4a47920531bc59cdd,2026-02-24 04:25:20+00:00,6.0,6.0,0.0598,
2359,481,Kong/kongctl,Kong,release.md,6,2026-02-26 17:44:46+00:00,False,,,,githubnext/agentics/workflows/repo-assist.md,githubnext/agentics/workflows/repo-assist.md,False,afb00b92a9514fee9a14c583f059a03d05738f70,2026-02-26 13:40:39+00:00,18.0,18.0,0.0599,
2360,481,Kong/kongctl,Kong,release.md,7,2026-02-26 22:40:10+00:00,False,,,,github/gh-aw/.github/workflows/daily-doc-updater.md,github/gh-aw/.github/workflows/daily-doc-updater.md,False,8b089d17e83805175b88a9ebf4bcc419595a307c,2026-02-26 20:31:29+00:00,7.0,7.0,0.0627,
2361,481,Kong/kongctl,Kong,release.md,8,2026-02-27 21:27:52+00:00,False,,,,github/gh-aw/.github/workflows/daily-doc-updater.md,github/gh-aw/.github/workflows/daily-doc-updater.md,False,8b089d17e83805175b88a9ebf4bcc419595a307c,2026-02-26 20:31:29+00:00,7.0,7.0,0.0627,
2362,481,Kong/kongctl,Kong,release.md,9,2026-03-04 02:44:00+00:00,False,,,,github/gh-aw/.github/workflows/daily-doc-updater.md,github/gh-aw/.github/workflows/daily-doc-updater.md,False,8b089d17e83805175b88a9ebf4bcc419595a307c,2026-02-26 20:31:29+00:00,7.0,7.0,0.0627,
2363,481,Kong/kongctl,Kong,release.md,10,2026-04-15 14:21:05+00:00,False,,,,github/gh-aw/.github/workflows/daily-doc-updater.md,github/gh-aw/.github/workflows/daily-doc-updater.md,False,00c8977ceb34a66b691cd5d8d4ff8f2e596fe990,2026-03-24 05:51:27+00:00,11.0,15.0,0.0702,
2364,481,Kong/kongctl,Kong,release.md,11,2026-04-21 15:53:25+00:00,False,,,,github/gh-aw/.github/workflows/daily-doc-updater.md,github/gh-aw/.github/workflows/daily-doc-updater.md,False,00c8977ceb34a66b691cd5d8d4ff8f2e596fe990,2026-03-24 05:51:27+00:00,11.0,17.0,0.0725,
2365,481,Kong/kongctl,Kong,release.md,12,2026-04-28 14:35:41+00:00,False,,,,github/gh-aw/.github/workflows/daily-doc-updater.md,github/gh-aw/.github/workflows/daily-doc-updater.md,False,00c8977ceb34a66b691cd5d8d4ff8f2e596fe990,2026-03-24 05:51:27+00:00,11.0,18.0,0.0725,
2366,481,Kong/kongctl,Kong,release.md,13,2026-05-20 14:35:41+00:00,False,,,,github/gh-aw/.github/workflows/daily-doc-updater.md,github/gh-aw/.github/workflows/daily-doc-updater.md,False,00c8977ceb34a66b691cd5d8d4ff8f2e596fe990,2026-03-24 05:51:27+00:00,11.0,21.0,0.0725,
2367,481,Kong/kongctl,Kong,release.md,14,2026-05-20 16:13:01+00:00,False,,,,github/gh-aw/.github/workflows/daily-doc-updater.md,github/gh-aw/.github/workflows/daily-doc-updater.md,False,00c8977ceb34a66b691cd5d8d4ff8f2e596fe990,2026-03-24 05:51:27+00:00,11.0,21.0,0.0725,
2368,481,Kong/kongctl,Kong,release.md,15,2026-06-02 20:14:00+00:00,False,,,,github/gh-aw/.github/workflows/daily-doc-updater.md,github/gh-aw/.github/workflows/daily-doc-updater.md,False,00c8977ceb34a66b691cd5d8d4ff8f2e596fe990,2026-03-24 05:51:27+00:00,11.0,23.0,0.0679,
2369,482,Kong/kongctl,Kong,slash-cmd-issue-triage.md,1,2026-02-14 18:08:56+00:00,True,githubnext/agentics/workflows/issue-triage.md@69b5e3ae5fa7f35fa555b0a22aee14c36ab57ebb,ok,githubnext/agentics/workflows/issue-triage.md,,,,,,,,,
2370,482,Kong/kongctl,Kong,slash-cmd-issue-triage.md,2,2026-02-15 03:05:53+00:00,False,githubnext/agentics/workflows/issue-triage.md@69b5e3ae5fa7f35fa555b0a22aee14c36ab57ebb,ok,githubnext/agentics/workflows/issue-triage.md,githubnext/agentics/workflows/issue-triage.md,githubnext/agentics/workflows/agentic-triage.md,False,bf8d330e628f2c235cd9304310156bdbbfa61123,2025-10-24 19:03:24+00:00,20.0,21.0,0.8502,0.8502
2371,482,Kong/kongctl,Kong,slash-cmd-issue-triage.md,3,2026-02-15 03:29:19+00:00,False,githubnext/agentics/workflows/issue-triage.md@69b5e3ae5fa7f35fa555b0a22aee14c36ab57ebb,ok,githubnext/agentics/workflows/issue-triage.md,githubnext/agentics/workflows/issue-triage.md,githubnext/agentics/workflows/agentic-triage.md,False,bf8d330e628f2c235cd9304310156bdbbfa61123,2025-10-24 19:03:24+00:00,20.0,21.0,0.8479,0.8479
2372,482,Kong/kongctl,Kong,slash-cmd-issue-triage.md,4,2026-02-15 03:30:16+00:00,False,githubnext/agentics/workflows/issue-triage.md@69b5e3ae5fa7f35fa555b0a22aee14c36ab57ebb,ok,githubnext/agentics/workflows/issue-triage.md,githubnext/agentics/workflows/issue-triage.md,githubnext/agentics/workflows/agentic-triage.md,False,bf8d330e628f2c235cd9304310156bdbbfa61123,2025-10-24 19:03:24+00:00,20.0,21.0,0.8479,0.8479
2373,482,Kong/kongctl,Kong,slash-cmd-issue-triage.md,5,2026-02-15 04:14:24+00:00,False,githubnext/agentics/workflows/issue-triage.md@69b5e3ae5fa7f35fa555b0a22aee14c36ab57ebb,ok,githubnext/agentics/workflows/issue-triage.md,githubnext/agentics/workflows/issue-triage.md,githubnext/agentics/workflows/agentic-triage.md,False,bf8d330e628f2c235cd9304310156bdbbfa61123,2025-10-24 19:03:24+00:00,20.0,21.0,0.801,0.801
2374,482,Kong/kongctl,Kong,slash-cmd-issue-triage.md,6,2026-04-14 14:57:37+00:00,False,githubnext/agentics/workflows/issue-triage.md@69b5e3ae5fa7f35fa555b0a22aee14c36ab57ebb,ok,githubnext/agentics/workflows/issue-triage.md,githubnext/agentics/workflows/issue-triage.md,githubnext/agentics/workflows/agentic-triage.md,False,bf8d330e628f2c235cd9304310156bdbbfa61123,2025-10-24 19:03:24+00:00,20.0,21.0,0.6619,0.6619
2375,482,Kong/kongctl,Kong,slash-cmd-issue-triage.md,7,2026-04-28 05:39:59+00:00,False,githubnext/agentics/workflows/issue-triage.md@69b5e3ae5fa7f35fa555b0a22aee14c36ab57ebb,ok,githubnext/agentics/workflows/issue-triage.md,githubnext/agentics/workflows/issue-triage.md,githubnext/agentics/workflows/agentic-triage.md,False,bf8d330e628f2c235cd9304310156bdbbfa61123,2025-10-24 19:03:24+00:00,20.0,21.0,0.6619,0.6619
2376,482,Kong/kongctl,Kong,slash-cmd-issue-triage.md,8,2026-05-05 15:19:41+00:00,False,githubnext/agentics/workflows/issue-triage.md@69b5e3ae5fa7f35fa555b0a22aee14c36ab57ebb,ok,githubnext/agentics/workflows/issue-triage.md,githubnext/agentics/workflows/issue-triage.md,githubnext/agentics/workflows/agentic-triage.md,False,bf8d330e628f2c235cd9304310156bdbbfa61123,2025-10-24 19:03:24+00:00,20.0,21.0,0.6619,0.6619
2377,482,Kong/kongctl,Kong,slash-cmd-issue-triage.md,9,2026-05-05 21:53:31+00:00,False,githubnext/agentics/workflows/issue-triage.md@69b5e3ae5fa7f35fa555b0a22aee14c36ab57ebb,ok,githubnext/agentics/workflows/issue-triage.md,githubnext/agentics/workflows/issue-triage.md,githubnext/agentics/workflows/agentic-triage.md,False,bf8d330e628f2c235cd9304310156bdbbfa61123,2025-10-24 19:03:24+00:00,20.0,21.0,0.6619,0.6619
2378,482,Kong/kongctl,Kong,slash-cmd-issue-triage.md,10,2026-05-05 22:30:56+00:00,False,githubnext/agentics/workflows/issue-triage.md@69b5e3ae5fa7f35fa555b0a22aee14c36ab57ebb,ok,githubnext/agentics/workflows/issue-triage.md,githubnext/agentics/workflows/issue-triage.md,githubnext/agentics/workflows/agentic-triage.md,False,bf8d330e628f2c235cd9304310156bdbbfa61123,2025-10-24 19:03:24+00:00,20.0,21.0,0.6619,0.6619
2379,482,Kong/kongctl,Kong,slash-cmd-issue-triage.md,11,2026-05-05 23:31:41+00:00,False,githubnext/agentics/workflows/issue-triage.md@69b5e3ae5fa7f35fa555b0a22aee14c36ab57ebb,ok,githubnext/agentics/workflows/issue-triage.md,githubnext/agentics/workflows/issue-triage.md,githubnext/agentics/workflows/agentic-triage.md,False,bf8d330e628f2c235cd9304310156bdbbfa61123,2025-10-24 19:03:24+00:00,20.0,21.0,0.6619,0.6619
2380,483,Kong/kongctl,Kong,weekly-repo-status.md,1,2026-02-13 22:15:45+00:00,False,githubnext/agentics/workflows/daily-repo-status.md@69b5e3ae5fa7f35fa555b0a22aee14c36ab57ebb,ok,githubnext/agentics/workflows/daily-repo-status.md,githubnext/agentics/workflows/daily-repo-status.md,githubnext/agentics/workflows/daily-repo-status.md,False,3eae9b88d024036be45d668e3404f8662f94d878,2026-01-26 19:57:42+00:00,1.0,1.0,0.8548,0.8548
2381,483,Kong/kongctl,Kong,weekly-repo-status.md,2,2026-02-17 16:10:42+00:00,False,githubnext/agentics/workflows/daily-repo-status.md@69b5e3ae5fa7f35fa555b0a22aee14c36ab57ebb,ok,githubnext/agentics/workflows/daily-repo-status.md,githubnext/agentics/workflows/daily-repo-status.md,githubnext/agentics/workflows/daily-repo-status.md,False,3eae9b88d024036be45d668e3404f8662f94d878,2026-01-26 19:57:42+00:00,1.0,1.0,0.8548,0.8548
2382,483,Kong/kongctl,Kong,weekly-repo-status.md,3,2026-03-03 18:17:37+00:00,False,githubnext/agentics/workflows/daily-repo-status.md@69b5e3ae5fa7f35fa555b0a22aee14c36ab57ebb,ok,githubnext/agentics/workflows/daily-repo-status.md,githubnext/agentics/workflows/daily-repo-status.md,githubnext/agentics/workflows/daily-repo-status.md,False,3eae9b88d024036be45d668e3404f8662f94d878,2026-01-26 19:57:42+00:00,1.0,1.0,0.8548,0.8548
2383,483,Kong/kongctl,Kong,weekly-repo-status.md,4,2026-04-10 17:29:12+00:00,False,githubnext/agentics/workflows/daily-repo-status.md@69b5e3ae5fa7f35fa555b0a22aee14c36ab57ebb,ok,githubnext/agentics/workflows/daily-repo-status.md,githubnext/agentics/workflows/daily-repo-status.md,githubnext/agentics/workflows/daily-repo-status.md,False,3eae9b88d024036be45d668e3404f8662f94d878,2026-01-26 19:57:42+00:00,1.0,1.0,0.6687,0.6687
2384,483,Kong/kongctl,Kong,weekly-repo-status.md,5,2026-04-15 14:21:05+00:00,False,githubnext/agentics/workflows/daily-repo-status.md@69b5e3ae5fa7f35fa555b0a22aee14c36ab57ebb,ok,githubnext/agentics/workflows/daily-repo-status.md,githubnext/agentics/workflows/daily-repo-status.md,githubnext/agentics/workflows/daily-repo-status.md,False,3eae9b88d024036be45d668e3404f8662f94d878,2026-01-26 19:57:42+00:00,1.0,1.0,0.5649,0.5649
2385,484,shanselman/WindowsEdgeLight,shanselman,repo-assist.md,1,2026-04-14 02:26:42+00:00,False,githubnext/agentics/workflows/repo-assist.md@cbb46ab386962aa371045839fc9998ee4e97ca64,ok,githubnext/agentics/workflows/repo-assist.md,githubnext/agentics/workflows/repo-assist.md,githubnext/agentics/workflows/repo-assist.md,False,0ae10905c47f310d0ed58a020a4e611c0f890442,2026-03-08 00:31:06+00:00,22.0,22.0,1.0,1.0
2386,485,chrisreddington/trend-radar,chrisreddington,repo-assist.md,1,2026-03-20 07:43:20+00:00,False,githubnext/agentics/workflows/repo-assist.md@ee86d0ffcb1705d4ee4146e92125227bf9136aae,ok,githubnext/agentics/workflows/repo-assist.md,githubnext/agentics/workflows/repo-assist.md,githubnext/agentics/workflows/repo-assist.md,False,0ae10905c47f310d0ed58a020a4e611c0f890442,2026-03-08 00:31:06+00:00,22.0,22.0,1.0,1.0
2387,485,chrisreddington/trend-radar,chrisreddington,repo-assist.md,2,2026-04-17 09:10:42+00:00,False,githubnext/agentics/workflows/repo-assist.md@410f8f4fdfbd7d855fc58c2df6438d2ebfa7c93e,ok,githubnext/agentics/workflows/repo-assist.md,githubnext/agentics/workflows/repo-assist.md,githubnext/agentics/workflows/repo-assist.md,False,0ae10905c47f310d0ed58a020a4e611c0f890442,2026-03-08 00:31:06+00:00,22.0,22.0,1.0,1.0
2388,486,mcpc-tech/dev-inspector-mcp,mcpc-tech,daily-repo-status.md,1,2026-02-12 03:31:21+00:00,False,githubnext/agentics/workflows/daily-repo-status.md@5f9fc05ebcdab970d62cc9f463922c0630928ee6,ok,githubnext/agentics/workflows/daily-repo-status.md,githubnext/agentics/workflows/daily-repo-status.md,githubnext/agentics/workflows/daily-repo-status.md,False,3eae9b88d024036be45d668e3404f8662f94d878,2026-01-26 19:57:42+00:00,1.0,1.0,1.0,1.0
2389,487,hemanth/mcp-web-client,hemanth,daily-repo-status.md,1,2026-02-14 15:14:43+00:00,False,githubnext/agentics/workflows/daily-repo-status.md@69b5e3ae5fa7f35fa555b0a22aee14c36ab57ebb,ok,githubnext/agentics/workflows/daily-repo-status.md,githubnext/agentics/workflows/daily-repo-status.md,githubnext/agentics/workflows/daily-repo-status.md,False,3eae9b88d024036be45d668e3404f8662f94d878,2026-01-26 19:57:42+00:00,1.0,1.0,1.0,1.0
2390,488,meteostat/meteostat,meteostat,bug-reproducer.md,1,2026-02-14 18:09:57+00:00,False,,,,github/gh-aw/.github/workflows/ci-doctor.md,githubnext/agentics/workflows/ci-doctor.md,False,c19426f87652906fd05ff08a91d4753f8a96bfe2,2026-02-07 17:28:29+00:00,6.0,7.0,0.0619,
2391,488,meteostat/meteostat,meteostat,bug-reproducer.md,2,2026-02-14 18:12:12+00:00,False,,,,github/gh-aw/.github/workflows/ci-doctor.md,githubnext/agentics/workflows/ci-doctor.md,False,c19426f87652906fd05ff08a91d4753f8a96bfe2,2026-02-07 17:28:29+00:00,6.0,7.0,0.0619,
2392,489,meteostat/meteostat,meteostat,issue-triage-agent.md,1,2026-02-13 15:48:25+00:00,False,github/gh-aw/.github/workflows/issue-triage-agent.md@94662b1dee8ce96c876ba9f33b3ab8be32de82a4,ok,github/gh-aw/.github/workflows/issue-triage-agent.md,github/gh-aw/.github/workflows/issue-triage-agent.md,github/gh-aw/.github/workflows/issue-triage-agent.md,False,bc153047bde1afe62da5cd4bf03a9dc607d79c7d,2026-02-02 20:33:07+00:00,5.0,5.0,1.0,1.0
2393,489,meteostat/meteostat,meteostat,issue-triage-agent.md,2,2026-02-14 17:54:02+00:00,False,github/gh-aw/.github/workflows/issue-triage-agent.md@94662b1dee8ce96c876ba9f33b3ab8be32de82a4,ok,github/gh-aw/.github/workflows/issue-triage-agent.md,github/gh-aw/.github/workflows/issue-triage-agent.md,github/gh-aw/.github/workflows/issue-triage-agent.md,False,bc153047bde1afe62da5cd4bf03a9dc607d79c7d,2026-02-02 20:33:07+00:00,5.0,5.0,1.0,1.0
2394,490,navikt/copilot,navikt,news-excerpts.md,1,2026-03-09 07:45:02+00:00,False,,,,github/gh-aw/.github/workflows/daily-doc-updater.md,github/gh-aw/.github/workflows/daily-doc-updater.md,False,8b089d17e83805175b88a9ebf4bcc419595a307c,2026-02-26 20:31:29+00:00,7.0,7.0,0.0512,
2395,490,navikt/copilot,navikt,news-excerpts.md,2,2026-03-09 07:55:23+00:00,False,,,,github/gh-aw/.github/workflows/daily-doc-updater.md,github/gh-aw/.github/workflows/daily-doc-updater.md,False,8b089d17e83805175b88a9ebf4bcc419595a307c,2026-02-26 20:31:29+00:00,7.0,7.0,0.0528,
2396,490,navikt/copilot,navikt,news-excerpts.md,3,2026-03-09 08:08:06+00:00,False,,,,githubnext/agentics/workflows/repo-assist.md,githubnext/agentics/workflows/repo-assist.md,False,dcdcfd1fff79a8908465335200473a87fdee86f4,2026-02-25 19:20:49+00:00,16.0,22.0,0.0597,
2397,490,navikt/copilot,navikt,news-excerpts.md,4,2026-03-09 09:22:49+00:00,False,,,,githubnext/agentics/workflows/repo-assist.md,githubnext/agentics/workflows/repo-assist.md,False,dcdcfd1fff79a8908465335200473a87fdee86f4,2026-02-25 19:20:49+00:00,16.0,22.0,0.0597,
2398,490,navikt/copilot,navikt,news-excerpts.md,5,2026-04-06 16:07:17+00:00,False,,,,githubnext/agentics/workflows/repo-assist.md,githubnext/agentics/workflows/repo-assist.md,False,dcdcfd1fff79a8908465335200473a87fdee86f4,2026-02-25 19:20:49+00:00,16.0,22.0,0.0604,
2399,490,navikt/copilot,navikt,news-excerpts.md,6,2026-04-10 14:49:08+00:00,False,,,,githubnext/agentics/workflows/repo-assist.md,githubnext/agentics/workflows/repo-assist.md,False,dcdcfd1fff79a8908465335200473a87fdee86f4,2026-02-25 19:20:49+00:00,16.0,22.0,0.0607,
2400,490,navikt/copilot,navikt,news-excerpts.md,7,2026-04-13 19:51:54+00:00,False,,,,githubnext/agentics/workflows/repo-assist.md,githubnext/agentics/workflows/repo-assist.md,False,dcdcfd1fff79a8908465335200473a87fdee86f4,2026-02-25 19:20:49+00:00,16.0,22.0,0.0607,
2401,490,navikt/copilot,navikt,news-excerpts.md,8,2026-05-08 20:38:25+00:00,False,,,,githubnext/agentics/workflows/repo-assist.md,githubnext/agentics/workflows/repo-assist.md,False,dcdcfd1fff79a8908465335200473a87fdee86f4,2026-02-25 19:20:49+00:00,16.0,23.0,0.0607,
2402,491,BMayhew/awesome-sites-to-test-on,BMayhew,issue-site-submission.md,1,2026-03-02 06:17:29+00:00,False,,,,githubnext/agentics/workflows/link-checker.md,githubnext/agentics/workflows/link-checker.md,False,ebf240fb0d46f2cd7d654ab228f5c4aa50e29356,2026-02-18 00:03:17+00:00,1.0,1.0,0.0784,
2403,491,BMayhew/awesome-sites-to-test-on,BMayhew,issue-site-submission.md,2,2026-03-02 06:45:06+00:00,False,,,,githubnext/agentics/workflows/link-checker.md,githubnext/agentics/workflows/link-checker.md,False,ebf240fb0d46f2cd7d654ab228f5c4aa50e29356,2026-02-18 00:03:17+00:00,1.0,1.0,0.0829,
2404,492,github/copilot-sdk,github,cross-repo-issue-analysis.md,1,2026-03-05 00:34:33+00:00,False,,,,githubnext/agentics/workflows/daily-test-improver.md,githubnext/agentics/workflows/daily-test-improver.md,False,c0d2dfc74e69254c64924003dcf6b14cdb67e28e,2025-08-26 19:37:57+00:00,12.0,48.0,0.0745,
2405,492,github/copilot-sdk,github,cross-repo-issue-analysis.md,2,2026-03-05 00:40:32+00:00,False,,,,githubnext/agentics/workflows/daily-test-improver.md,githubnext/agentics/workflows/daily-test-improver.md,False,c0d2dfc74e69254c64924003dcf6b14cdb67e28e,2025-08-26 19:37:57+00:00,12.0,48.0,0.0745,
2406,492,github/copilot-sdk,github,cross-repo-issue-analysis.md,3,2026-03-05 00:49:37+00:00,False,,,,githubnext/agentics/workflows/daily-test-improver.md,githubnext/agentics/workflows/daily-test-improver.md,False,c0d2dfc74e69254c64924003dcf6b14cdb67e28e,2025-08-26 19:37:57+00:00,12.0,48.0,0.0744,
2407,492,github/copilot-sdk,github,cross-repo-issue-analysis.md,4,2026-03-05 00:53:06+00:00,False,,,,githubnext/agentics/workflows/daily-test-improver.md,githubnext/agentics/workflows/daily-test-improver.md,False,c0d2dfc74e69254c64924003dcf6b14cdb67e28e,2025-08-26 19:37:57+00:00,12.0,48.0,0.0771,
2408,492,github/copilot-sdk,github,cross-repo-issue-analysis.md,5,2026-03-05 01:02:25+00:00,False,,,,githubnext/agentics/workflows/daily-test-improver.md,githubnext/agentics/workflows/daily-test-improver.md,False,c0d2dfc74e69254c64924003dcf6b14cdb67e28e,2025-08-26 19:37:57+00:00,12.0,48.0,0.0776,
2409,492,github/copilot-sdk,github,cross-repo-issue-analysis.md,6,2026-03-05 01:33:08+00:00,False,,,,githubnext/agentics/workflows/daily-test-improver.md,githubnext/agentics/workflows/daily-test-improver.md,False,c0d2dfc74e69254c64924003dcf6b14cdb67e28e,2025-08-26 19:37:57+00:00,12.0,48.0,0.0776,
2410,492,github/copilot-sdk,github,cross-repo-issue-analysis.md,7,2026-03-05 01:34:50+00:00,False,,,,githubnext/agentics/workflows/daily-test-improver.md,githubnext/agentics/workflows/daily-test-improver.md,False,c0d2dfc74e69254c64924003dcf6b14cdb67e28e,2025-08-26 19:37:57+00:00,12.0,48.0,0.075,
2411,492,github/copilot-sdk,github,cross-repo-issue-analysis.md,8,2026-03-05 01:35:15+00:00,False,,,,githubnext/agentics/workflows/daily-test-improver.md,githubnext/agentics/workflows/daily-test-improver.md,False,c0d2dfc74e69254c64924003dcf6b14cdb67e28e,2025-08-26 19:37:57+00:00,12.0,48.0,0.0751,
2412,492,github/copilot-sdk,github,cross-repo-issue-analysis.md,9,2026-03-10 15:50:09+00:00,False,,,,githubnext/agentics/workflows/daily-test-improver.md,githubnext/agentics/workflows/daily-test-improver.md,False,c0d2dfc74e69254c64924003dcf6b14cdb67e28e,2025-08-26 19:37:57+00:00,12.0,51.0,0.0702,
2413,492,github/copilot-sdk,github,cross-repo-issue-analysis.md,10,2026-05-21 17:29:30+00:00,False,,,,githubnext/agentics/workflows/daily-test-improver.md,githubnext/agentics/workflows/daily-test-improver.md,False,c0d2dfc74e69254c64924003dcf6b14cdb67e28e,2025-08-26 19:37:57+00:00,12.0,51.0,0.0702,
2414,493,github/copilot-sdk,github,handle-bug.md,1,2026-04-02 17:49:33+00:00,False,,,,githubnext/agentics/workflows/daily-qa.md,githubnext/agentics/workflows/daily-qa.md,False,a34e6a2cfc27bcb28c6f4ace6301ef005df60aed,2025-08-02 00:27:54+00:00,4.0,27.0,0.0691,
2415,493,github/copilot-sdk,github,handle-bug.md,2,2026-04-03 01:35:11+00:00,False,,,,githubnext/agentics/workflows/daily-qa.md,githubnext/agentics/workflows/daily-qa.md,False,a34e6a2cfc27bcb28c6f4ace6301ef005df60aed,2025-08-02 00:27:54+00:00,4.0,27.0,0.0691,
2416,494,github/copilot-sdk,github,handle-documentation.md,1,2026-04-02 17:49:33+00:00,False,,,,github/gh-aw/.github/workflows/daily-doc-updater.md,github/gh-aw/.github/workflows/daily-doc-updater.md,False,87c50019107927467d3420fb6387a40ff7ffadb6,2026-03-31 01:06:29+00:00,12.0,12.0,0.0777,
2417,494,github/copilot-sdk,github,handle-documentation.md,2,2026-04-03 01:35:11+00:00,False,,,,github/gh-aw/.github/workflows/daily-doc-updater.md,github/gh-aw/.github/workflows/daily-doc-updater.md,False,87c50019107927467d3420fb6387a40ff7ffadb6,2026-03-31 01:06:29+00:00,12.0,12.0,0.0777,
2418,495,github/copilot-sdk,github,handle-enhancement.md,1,2026-04-02 17:49:33+00:00,True,,,,,,,,,,,,
2419,495,github/copilot-sdk,github,handle-enhancement.md,2,2026-04-03 01:35:11+00:00,True,,,,,,,,,,,,
2420,496,github/copilot-sdk,github,handle-question.md,1,2026-04-02 17:49:33+00:00,True,,,,,,,,,,,,
2421,496,github/copilot-sdk,github,handle-question.md,2,2026-04-03 01:35:11+00:00,True,,,,,,,,,,,,
2422,497,github/copilot-sdk,github,issue-classification.md,1,2026-04-02 17:49:33+00:00,False,,,,githubnext/agentics/workflows/issue-triage.md,githubnext/agentics/workflows/agentic-triage.md,False,eb489a0b6cb3bd7c7f94d5d3362237641c22cd31,2025-10-11 18:52:59+00:00,18.0,21.0,0.0583,
2423,498,github/copilot-sdk,github,issue-triage.md,1,2026-01-14 22:01:55+00:00,False,,,,githubnext/agentics/workflows/issue-triage.md,githubnext/agentics/workflows/agentic-triage.md,False,eb489a0b6cb3bd7c7f94d5d3362237641c22cd31,2025-10-11 18:52:59+00:00,18.0,20.0,0.0987,
2424,498,github/copilot-sdk,github,issue-triage.md,2,2026-01-14 23:56:27+00:00,False,,,,githubnext/agentics/workflows/issue-triage.md,githubnext/agentics/workflows/agentic-triage.md,False,eb489a0b6cb3bd7c7f94d5d3362237641c22cd31,2025-10-11 18:52:59+00:00,18.0,20.0,0.0987,
2425,498,github/copilot-sdk,github,issue-triage.md,3,2026-01-20 14:08:14+00:00,False,,,,githubnext/agentics/workflows/issue-triage.md,githubnext/agentics/workflows/agentic-triage.md,False,eb489a0b6cb3bd7c7f94d5d3362237641c22cd31,2025-10-11 18:52:59+00:00,18.0,20.0,0.0987,
2426,498,github/copilot-sdk,github,issue-triage.md,4,2026-04-02 10:03:46+00:00,False,,,,githubnext/agentics/workflows/issue-triage.md,githubnext/agentics/workflows/agentic-triage.md,False,eb489a0b6cb3bd7c7f94d5d3362237641c22cd31,2025-10-11 18:52:59+00:00,18.0,21.0,0.0987,
2427,498,github/copilot-sdk,github,issue-triage.md,5,2026-06-04 23:50:06+00:00,False,,,,githubnext/agentics/workflows/issue-triage.md,githubnext/agentics/workflows/agentic-triage.md,False,eb489a0b6cb3bd7c7f94d5d3362237641c22cd31,2025-10-11 18:52:59+00:00,18.0,23.0,0.0972,
2428,499,github/copilot-sdk,github,java-adapt-handwritten-code-to-accept-upgrade-changes.md,1,2026-06-04 21:53:03+00:00,False,,,,githubnext/agentics/workflows/maintainer.md,githubnext/agentics/workflows/maintainer.md,False,7fd31902e2252188bc7dfd0f9c603cad2b1b8b10,2025-10-22 17:41:11+00:00,1.0,1.0,0.0446,
2429,499,github/copilot-sdk,github,java-adapt-handwritten-code-to-accept-upgrade-changes.md,2,2026-06-06 19:43:49+00:00,False,,,,githubnext/agentics/workflows/maintainer.md,githubnext/agentics/workflows/maintainer.md,False,7fd31902e2252188bc7dfd0f9c603cad2b1b8b10,2025-10-22 17:41:11+00:00,1.0,1.0,0.0448,
2430,500,github/copilot-sdk,github,java-codegen-fix.md,1,2026-05-21 17:29:30+00:00,False,,,,githubnext/agentics/workflows/pr-fix.md,githubnext/agentics/workflows/pr-fix.md,False,eb489a0b6cb3bd7c7f94d5d3362237641c22cd31,2025-10-11 18:52:59+00:00,14.0,20.0,0.0649,
2431,500,github/copilot-sdk,github,java-codegen-fix.md,2,2026-05-27 00:12:15+00:00,False,,,,githubnext/agentics/workflows/pr-fix.md,githubnext/agentics/workflows/pr-fix.md,False,eb489a0b6cb3bd7c7f94d5d3362237641c22cd31,2025-10-11 18:52:59+00:00,14.0,20.0,0.0649,
2432,501,github/copilot-sdk,github,release-changelog.md,1,2026-03-03 16:32:51+00:00,False,,,,githubnext/agentics/workflows/repo-assist.md,githubnext/agentics/workflows/repo-assist.md,False,2f03fdaafb8c1ae62dfde7e0be762a822a201aeb,2026-02-23 19:47:18+00:00,14.0,18.0,0.0733,
2433,501,github/copilot-sdk,github,release-changelog.md,2,2026-03-03 17:19:55+00:00,False,,,,githubnext/agentics/workflows/repo-assist.md,githubnext/agentics/workflows/repo-assist.md,False,b6889159077cab6c0e585a31dcda5808c6a06aed,2026-02-21 14:43:04+00:00,3.0,18.0,0.0821,
2434,501,github/copilot-sdk,github,release-changelog.md,3,2026-03-03 17:34:01+00:00,False,,,,githubnext/agentics/workflows/repo-assist.md,githubnext/agentics/workflows/repo-assist.md,False,b6889159077cab6c0e585a31dcda5808c6a06aed,2026-02-21 14:43:04+00:00,3.0,18.0,0.0836,
2435,501,github/copilot-sdk,github,release-changelog.md,4,2026-04-10 11:24:43+00:00,False,,,,githubnext/agentics/workflows/repo-assist.md,githubnext/agentics/workflows/repo-assist.md,False,b6889159077cab6c0e585a31dcda5808c6a06aed,2026-02-21 14:43:04+00:00,3.0,22.0,0.0833,
2436,501,github/copilot-sdk,github,release-changelog.md,5,2026-05-22 20:52:21+00:00,False,,,,githubnext/agentics/workflows/repo-assist.md,githubnext/agentics/workflows/repo-assist.md,False,b6889159077cab6c0e585a31dcda5808c6a06aed,2026-02-21 14:43:04+00:00,3.0,25.0,0.0808,
2437,501,github/copilot-sdk,github,release-changelog.md,6,2026-05-30 00:09:22+00:00,False,,,,githubnext/agentics/workflows/repo-assist.md,githubnext/agentics/workflows/repo-assist.md,False,b6889159077cab6c0e585a31dcda5808c6a06aed,2026-02-21 14:43:04+00:00,3.0,25.0,0.0791,
2438,502,github/copilot-sdk,github,sdk-consistency-review.md,1,2026-01-23 11:14:12+00:00,False,,,,github/gh-aw/.github/workflows/code-simplifier.md,github/gh-aw/.github/workflows/code-simplifier.md,False,eb1a0fbdc96efb8fa74c31bb700f24caa36d5f9e,2026-01-22 17:22:21+00:00,3.0,3.0,0.06,
2439,502,github/copilot-sdk,github,sdk-consistency-review.md,2,2026-04-02 10:03:46+00:00,False,,,,github/gh-aw/.github/workflows/code-simplifier.md,github/gh-aw/.github/workflows/code-simplifier.md,False,bb3a3b3c35105d86add624c48ddb68e1419f5cb5,2026-02-16 17:09:36+00:00,4.0,5.0,0.0617,
2440,502,github/copilot-sdk,github,sdk-consistency-review.md,3,2026-06-04 23:50:06+00:00,False,,,,githubnext/agentics/workflows/code-simplifier.md,githubnext/agentics/workflows/code-simplifier.md,False,7647ef36ccd815ba6fd641c1227d5380b9bbc086,2026-02-20 11:59:02+00:00,2.0,3.0,0.0623,
2441,502,github/copilot-sdk,github,sdk-consistency-review.md,4,2026-06-05 20:14:34+00:00,False,,,,githubnext/agentics/workflows/code-simplifier.md,githubnext/agentics/workflows/code-simplifier.md,False,7647ef36ccd815ba6fd641c1227d5380b9bbc086,2026-02-20 11:59:02+00:00,2.0,3.0,0.0623,
2442,503,natnew/Awesome-Data-Science,natnew,issue-triage-agent.md,1,2026-02-18 09:37:05+00:00,False,github/gh-aw/.github/workflows/issue-triage-agent.md@852cb06ad52958b402ed982b69957ffc57ca0619,ok,github/gh-aw/.github/workflows/issue-triage-agent.md,github/gh-aw/.github/workflows/issue-triage-agent.md,github/gh-aw/.github/workflows/issue-triage-agent.md,False,9d9dd04e99eb03313b8267c86c59d33a644b3ee0,2026-02-15 16:32:48+00:00,6.0,6.0,1.0,1.0
2443,503,natnew/Awesome-Data-Science,natnew,issue-triage-agent.md,2,2026-02-18 09:48:39+00:00,False,github/gh-aw/.github/workflows/issue-triage-agent.md@852cb06ad52958b402ed982b69957ffc57ca0619,ok,github/gh-aw/.github/workflows/issue-triage-agent.md,github/gh-aw/.github/workflows/issue-triage-agent.md,github/gh-aw/.github/workflows/issue-triage-agent.md,False,9d9dd04e99eb03313b8267c86c59d33a644b3ee0,2026-02-15 16:32:48+00:00,6.0,6.0,1.0,1.0
2444,503,natnew/Awesome-Data-Science,natnew,issue-triage-agent.md,3,2026-02-18 10:05:18+00:00,False,,,,github/gh-aw/.github/workflows/issue-triage-agent.md,github/gh-aw/.github/workflows/issue-triage-agent.md,False,793df3e3b3f78414a93c977b0370404b467f6e75,2025-12-15 15:58:16+00:00,3.0,6.0,0.8267,
2445,504,neverinfamous/memory-journal-mcp,neverinfamous,ci-health-monitor.md,1,2026-03-12 12:39:35+00:00,False,,,,githubnext/agentics/workflows/daily-qa.md,githubnext/agentics/workflows/daily-qa.md,False,6afdc34917decdb97130473704c3f2f9206ca1f5,2025-10-03 01:47:36+00:00,21.0,27.0,0.0661,
2446,504,neverinfamous/memory-journal-mcp,neverinfamous,ci-health-monitor.md,2,2026-03-14 10:11:25+00:00,False,,,,githubnext/agentics/workflows/daily-qa.md,githubnext/agentics/workflows/daily-qa.md,False,6afdc34917decdb97130473704c3f2f9206ca1f5,2025-10-03 01:47:36+00:00,21.0,27.0,0.0661,
2447,504,neverinfamous/memory-journal-mcp,neverinfamous,ci-health-monitor.md,3,2026-04-11 01:45:17+00:00,False,,,,githubnext/agentics/workflows/daily-qa.md,githubnext/agentics/workflows/daily-qa.md,False,6afdc34917decdb97130473704c3f2f9206ca1f5,2025-10-03 01:47:36+00:00,21.0,27.0,0.0661,
2448,505,neverinfamous/memory-journal-mcp,neverinfamous,docs-drift-detector.md,1,2026-03-12 12:39:35+00:00,False,,,,github/gh-aw/.github/workflows/daily-doc-updater.md,github/gh-aw/.github/workflows/daily-doc-updater.md,False,8b089d17e83805175b88a9ebf4bcc419595a307c,2026-02-26 20:31:29+00:00,7.0,7.0,0.0691,
2449,505,neverinfamous/memory-journal-mcp,neverinfamous,docs-drift-detector.md,2,2026-03-12 15:36:21+00:00,False,,,,github/gh-aw/.github/workflows/daily-doc-updater.md,github/gh-aw/.github/workflows/daily-doc-updater.md,False,8b089d17e83805175b88a9ebf4bcc419595a307c,2026-02-26 20:31:29+00:00,7.0,7.0,0.0689,
2450,505,neverinfamous/memory-journal-mcp,neverinfamous,docs-drift-detector.md,3,2026-03-13 18:07:19+00:00,False,,,,github/gh-aw/.github/workflows/daily-doc-updater.md,github/gh-aw/.github/workflows/daily-doc-updater.md,False,8b089d17e83805175b88a9ebf4bcc419595a307c,2026-02-26 20:31:29+00:00,7.0,7.0,0.0685,
2451,505,neverinfamous/memory-journal-mcp,neverinfamous,docs-drift-detector.md,4,2026-03-14 10:11:25+00:00,False,,,,github/gh-aw/.github/workflows/daily-doc-updater.md,github/gh-aw/.github/workflows/daily-doc-updater.md,False,8b089d17e83805175b88a9ebf4bcc419595a307c,2026-02-26 20:31:29+00:00,7.0,7.0,0.0685,
2452,505,neverinfamous/memory-journal-mcp,neverinfamous,docs-drift-detector.md,5,2026-04-11 01:45:17+00:00,False,,,,github/gh-aw/.github/workflows/daily-doc-updater.md,github/gh-aw/.github/workflows/daily-doc-updater.md,False,87c50019107927467d3420fb6387a40ff7ffadb6,2026-03-31 01:06:29+00:00,12.0,14.0,0.0693,
2453,505,neverinfamous/memory-journal-mcp,neverinfamous,docs-drift-detector.md,6,2026-05-31 22:00:58+00:00,False,,,,github/gh-aw/.github/workflows/daily-doc-updater.md,github/gh-aw/.github/workflows/daily-doc-updater.md,False,87c50019107927467d3420fb6387a40ff7ffadb6,2026-03-31 01:06:29+00:00,12.0,23.0,0.0675,
2454,506,neverinfamous/memory-journal-mcp,neverinfamous,wiki-drift-detector.md,1,2026-03-23 20:49:27+00:00,False,,,,githubnext/agentics/workflows/agentic-wiki-coder.md,githubnext/agentics/workflows/agentic-wiki-coder.md,False,80cc9655c58cf986237af32982d19230cb2d83c3,2026-03-10 20:44:29+00:00,2.0,2.0,0.0855,
2455,506,neverinfamous/memory-journal-mcp,neverinfamous,wiki-drift-detector.md,2,2026-04-11 01:45:17+00:00,False,,,,githubnext/agentics/workflows/agentic-wiki-coder.md,githubnext/agentics/workflows/agentic-wiki-coder.md,False,80cc9655c58cf986237af32982d19230cb2d83c3,2026-03-10 20:44:29+00:00,2.0,2.0,0.0855,
2456,507,microsoft/skills,microsoft,update-llms-txt.md,1,2026-01-19 18:07:27+00:00,False,,,,github/gh-aw/.github/workflows/daily-doc-updater.md,github/gh-aw/.github/workflows/daily-doc-updater.md,False,ec47a730355c794af5ed2eec6468cbf617ec31a6,2025-11-13 22:20:45+00:00,2.0,3.0,0.0356,
2457,507,microsoft/skills,microsoft,update-llms-txt.md,2,2026-01-27 02:50:25+00:00,False,,,,github/gh-aw/.github/workflows/daily-doc-updater.md,github/gh-aw/.github/workflows/daily-doc-updater.md,False,e3c9c8577f044a1e57d1ba42d7185d6d867846c0,2026-01-20 21:44:41+00:00,4.0,4.0,0.0357,
2458,507,microsoft/skills,microsoft,update-llms-txt.md,3,2026-01-27 02:53:46+00:00,False,,,,github/gh-aw/.github/workflows/daily-doc-updater.md,github/gh-aw/.github/workflows/daily-doc-updater.md,False,e3c9c8577f044a1e57d1ba42d7185d6d867846c0,2026-01-20 21:44:41+00:00,4.0,4.0,0.0357,
2459,507,microsoft/skills,microsoft,update-llms-txt.md,4,2026-01-27 02:55:04+00:00,False,,,,github/gh-aw/.github/workflows/daily-doc-updater.md,github/gh-aw/.github/workflows/daily-doc-updater.md,False,e3c9c8577f044a1e57d1ba42d7185d6d867846c0,2026-01-20 21:44:41+00:00,4.0,4.0,0.0357,
2460,507,microsoft/skills,microsoft,update-llms-txt.md,5,2026-01-29 05:06:40+00:00,False,,,,github/gh-aw/.github/workflows/daily-doc-updater.md,github/gh-aw/.github/workflows/daily-doc-updater.md,False,e3c9c8577f044a1e57d1ba42d7185d6d867846c0,2026-01-20 21:44:41+00:00,4.0,5.0,0.0357,
2461,508,copilot-community-sdk/copilot-sdk-java,copilot-community-sdk,weekly-upstream-sync.md,1,2026-02-09 21:54:12+00:00,False,,,,githubnext/agentics/workflows/daily-qa.md,githubnext/agentics/workflows/daily-qa.md,False,a371b734efabc3c2ff136fb05f03f0b868ee2f0e,2025-08-12 19:49:30+00:00,7.0,25.0,0.0471,
2462,508,copilot-community-sdk/copilot-sdk-java,copilot-community-sdk,weekly-upstream-sync.md,2,2026-02-09 23:47:12+00:00,False,,,,githubnext/agentics/workflows/daily-qa.md,githubnext/agentics/workflows/daily-qa.md,False,a371b734efabc3c2ff136fb05f03f0b868ee2f0e,2025-08-12 19:49:30+00:00,7.0,25.0,0.0471,
2463,508,copilot-community-sdk/copilot-sdk-java,copilot-community-sdk,weekly-upstream-sync.md,3,2026-02-10 00:37:22+00:00,False,,,,githubnext/agentics/workflows/regular-solve-issue.md,githubnext/agentics/workflows/regular-solve-issue.md,False,6631cad64db5fe8e80fb307d045af948340ef361,2025-07-31 15:45:45+00:00,1.0,1.0,0.0457,
2464,508,copilot-community-sdk/copilot-sdk-java,copilot-community-sdk,weekly-upstream-sync.md,4,2026-02-10 00:44:39+00:00,False,,,,githubnext/agentics/workflows/regular-solve-issue.md,githubnext/agentics/workflows/regular-solve-issue.md,False,6631cad64db5fe8e80fb307d045af948340ef361,2025-07-31 15:45:45+00:00,1.0,1.0,0.0457,
2465,508,copilot-community-sdk/copilot-sdk-java,copilot-community-sdk,weekly-upstream-sync.md,5,2026-02-10 02:44:18+00:00,False,,,,githubnext/agentics/workflows/regular-solve-issue.md,githubnext/agentics/workflows/regular-solve-issue.md,False,6631cad64db5fe8e80fb307d045af948340ef361,2025-07-31 15:45:45+00:00,1.0,1.0,0.0457,
2466,508,copilot-community-sdk/copilot-sdk-java,copilot-community-sdk,weekly-upstream-sync.md,6,2026-02-11 01:11:31+00:00,False,,,,githubnext/agentics/workflows/regular-solve-issue.md,githubnext/agentics/workflows/regular-solve-issue.md,False,6631cad64db5fe8e80fb307d045af948340ef361,2025-07-31 15:45:45+00:00,1.0,1.0,0.0457,
2467,508,copilot-community-sdk/copilot-sdk-java,copilot-community-sdk,weekly-upstream-sync.md,7,2026-02-11 03:16:23+00:00,False,,,,githubnext/agentics/workflows/regular-solve-issue.md,githubnext/agentics/workflows/regular-solve-issue.md,False,6631cad64db5fe8e80fb307d045af948340ef361,2025-07-31 15:45:45+00:00,1.0,1.0,0.0575,
2468,508,copilot-community-sdk/copilot-sdk-java,copilot-community-sdk,weekly-upstream-sync.md,8,2026-03-02 22:01:32+00:00,False,,,,githubnext/agentics/workflows/regular-solve-issue.md,githubnext/agentics/workflows/regular-solve-issue.md,False,6631cad64db5fe8e80fb307d045af948340ef361,2025-07-31 15:45:45+00:00,1.0,1.0,0.0575,
2469,509,chrisreddington/flight-school,chrisreddington,daily-accessibility-review.md,1,2026-02-23 14:58:36+00:00,False,githubnext/agentics/workflows/daily-accessibility-review.md@828ac109efb43990f59475cbfce90ede5546586c,ok,githubnext/agentics/workflows/daily-accessibility-review.md,githubnext/agentics/workflows/daily-accessibility-review.md,githubnext/agentics/workflows/daily-accessibility-review.md,False,6afdc34917decdb97130473704c3f2f9206ca1f5,2025-10-03 01:47:36+00:00,7.0,9.0,0.0796,0.0777
2470,509,chrisreddington/flight-school,chrisreddington,daily-accessibility-review.md,2,2026-05-24 20:50:16+00:00,False,githubnext/agentics/workflows/daily-accessibility-review.md@828ac109efb43990f59475cbfce90ede5546586c,ok,githubnext/agentics/workflows/daily-accessibility-review.md,githubnext/agentics/workflows/daily-accessibility-review.md,githubnext/agentics/workflows/daily-accessibility-review.md,False,6afdc34917decdb97130473704c3f2f9206ca1f5,2025-10-03 01:47:36+00:00,7.0,9.0,0.079,0.0772
2471,510,chrisreddington/flight-school,chrisreddington,daily-perf-improver.md,1,2026-02-23 14:58:36+00:00,False,,,,github/gh-aw/.github/workflows/code-simplifier.md,github/gh-aw/.github/workflows/code-simplifier.md,False,bb3a3b3c35105d86add624c48ddb68e1419f5cb5,2026-02-16 17:09:36+00:00,4.0,4.0,0.0494,
2472,510,chrisreddington/flight-school,chrisreddington,daily-perf-improver.md,2,2026-05-24 20:50:16+00:00,False,,,,githubnext/agentics/workflows/repository-quality-improver.md,githubnext/agentics/workflows/repository-quality-improver.md,False,4c38dd19cf6bd04950dc2f98c91caba3d2acfcd6,2026-03-03 12:45:06+00:00,1.0,1.0,0.0652,
2473,511,chrisreddington/flight-school,chrisreddington,daily-qa.md,1,2026-02-23 14:58:36+00:00,False,githubnext/agentics/workflows/daily-qa.md@828ac109efb43990f59475cbfce90ede5546586c,ok,githubnext/agentics/workflows/daily-qa.md,githubnext/agentics/workflows/daily-qa.md,githubnext/agentics/workflows/daily-qa.md,False,eb489a0b6cb3bd7c7f94d5d3362237641c22cd31,2025-10-11 18:52:59+00:00,25.0,26.0,0.4019,0.4019
2474,511,chrisreddington/flight-school,chrisreddington,daily-qa.md,2,2026-03-03 20:33:36+00:00,False,githubnext/agentics/workflows/daily-qa.md@828ac109efb43990f59475cbfce90ede5546586c,ok,githubnext/agentics/workflows/daily-qa.md,githubnext/agentics/workflows/daily-qa.md,githubnext/agentics/workflows/daily-qa.md,False,ddd497457c64b021c3f5b1bed38325ce9e8862b0,2025-10-06 16:43:50+00:00,22.0,27.0,0.4012,0.3928
2475,511,chrisreddington/flight-school,chrisreddington,daily-qa.md,3,2026-03-03 20:35:53+00:00,False,githubnext/agentics/workflows/daily-qa.md@828ac109efb43990f59475cbfce90ede5546586c,ok,githubnext/agentics/workflows/daily-qa.md,githubnext/agentics/workflows/daily-qa.md,githubnext/agentics/workflows/daily-qa.md,False,ddd497457c64b021c3f5b1bed38325ce9e8862b0,2025-10-06 16:43:50+00:00,22.0,27.0,0.4012,0.3928
2476,511,chrisreddington/flight-school,chrisreddington,daily-qa.md,4,2026-05-24 20:50:16+00:00,False,githubnext/agentics/workflows/daily-qa.md@828ac109efb43990f59475cbfce90ede5546586c,ok,githubnext/agentics/workflows/daily-qa.md,githubnext/agentics/workflows/daily-qa.md,githubnext/agentics/workflows/daily-qa.md,False,ddd497457c64b021c3f5b1bed38325ce9e8862b0,2025-10-06 16:43:50+00:00,22.0,27.0,0.3953,0.387
2477,512,chrisreddington/flight-school,chrisreddington,daily-test-improver.md,1,2026-02-23 14:58:36+00:00,False,githubnext/agentics/workflows/daily-test-improver.md@828ac109efb43990f59475cbfce90ede5546586c,ok,githubnext/agentics/workflows/daily-test-improver.md,githubnext/agentics/workflows/daily-test-improver.md,githubnext/agentics/workflows/daily-test-improver.md,False,23e13c05577379414448095dac016862931b802f,2026-02-21 03:39:58+00:00,46.0,46.0,0.2138,0.2138
2478,512,chrisreddington/flight-school,chrisreddington,daily-test-improver.md,2,2026-03-03 20:33:36+00:00,False,githubnext/agentics/workflows/daily-test-improver.md@828ac109efb43990f59475cbfce90ede5546586c,ok,githubnext/agentics/workflows/daily-test-improver.md,githubnext/agentics/workflows/daily-test-improver.md,githubnext/agentics/workflows/daily-test-improver.md,False,23e13c05577379414448095dac016862931b802f,2026-02-21 03:39:58+00:00,46.0,48.0,0.2055,0.2055
2479,512,chrisreddington/flight-school,chrisreddington,daily-test-improver.md,3,2026-05-24 20:50:16+00:00,False,githubnext/agentics/workflows/daily-test-improver.md@828ac109efb43990f59475cbfce90ede5546586c,ok,githubnext/agentics/workflows/daily-test-improver.md,githubnext/agentics/workflows/daily-test-improver.md,githubnext/agentics/workflows/daily-test-improver.md,False,23e13c05577379414448095dac016862931b802f,2026-02-21 03:39:58+00:00,46.0,51.0,0.2038,0.2038
2480,513,chrisreddington/flight-school,chrisreddington,issue-triage.md,1,2026-01-24 00:54:10+00:00,False,githubnext/agentics/workflows/issue-triage.md@218075bad9c56b1203774796ba3a62ba3605c17f,ok,githubnext/agentics/workflows/issue-triage.md,githubnext/agentics/workflows/issue-triage.md,githubnext/agentics/workflows/agentic-triage.md,False,bf8d330e628f2c235cd9304310156bdbbfa61123,2025-10-24 19:03:24+00:00,20.0,20.0,1.0,1.0
2481,514,f/prompts.chat,f,spam-check.md,1,2026-02-18 17:29:04+00:00,False,,,,githubnext/agentics/workflows/ai-moderator.md,githubnext/agentics/workflows/ai-moderator.md,False,11f9246094b761e75c91953c6648813df1245cb1,2026-02-17 04:35:46+00:00,1.0,1.0,0.0607,
2482,515,microsoft/GitHub-Copilot-for-Azure,microsoft,analyze-test-run.md,1,2026-03-06 00:27:21+00:00,True,,,,,,,,,,,,
2483,515,microsoft/GitHub-Copilot-for-Azure,microsoft,analyze-test-run.md,2,2026-03-12 17:55:06+00:00,True,,,,,,,,,,,,
2484,515,microsoft/GitHub-Copilot-for-Azure,microsoft,analyze-test-run.md,3,2026-03-26 18:01:46+00:00,True,,,,,,,,,,,,
2485,515,microsoft/GitHub-Copilot-for-Azure,microsoft,analyze-test-run.md,4,2026-04-08 20:31:52+00:00,True,,,,,,,,,,,,
2486,515,microsoft/GitHub-Copilot-for-Azure,microsoft,analyze-test-run.md,5,2026-04-13 20:18:44+00:00,True,,,,,,,,,,,,
2487,515,microsoft/GitHub-Copilot-for-Azure,microsoft,analyze-test-run.md,6,2026-04-20 20:51:29+00:00,True,,,,,,,,,,,,
2488,515,microsoft/GitHub-Copilot-for-Azure,microsoft,analyze-test-run.md,7,2026-06-12 17:06:24+00:00,True,,,,,,,,,,,,
2489,516,microsoft/GitHub-Copilot-for-Azure,microsoft,issue-triage.md,1,2026-02-20 23:28:32+00:00,False,,,,githubnext/agentics/workflows/issue-triage.md,githubnext/agentics/workflows/agentic-triage.md,False,bf8d330e628f2c235cd9304310156bdbbfa61123,2025-10-24 19:03:24+00:00,20.0,21.0,0.0952,
2490,516,microsoft/GitHub-Copilot-for-Azure,microsoft,issue-triage.md,2,2026-04-01 21:25:14+00:00,False,,,,githubnext/agentics/workflows/issue-triage.md,githubnext/agentics/workflows/agentic-triage.md,False,bf8d330e628f2c235cd9304310156bdbbfa61123,2025-10-24 19:03:24+00:00,20.0,21.0,0.0955,
2491,516,microsoft/GitHub-Copilot-for-Azure,microsoft,issue-triage.md,3,2026-04-13 20:18:44+00:00,False,,,,githubnext/agentics/workflows/issue-triage.md,githubnext/agentics/workflows/agentic-triage.md,False,bf8d330e628f2c235cd9304310156bdbbfa61123,2025-10-24 19:03:24+00:00,20.0,21.0,0.0955,
2492,516,microsoft/GitHub-Copilot-for-Azure,microsoft,issue-triage.md,4,2026-04-20 20:51:29+00:00,False,,,,githubnext/agentics/workflows/issue-triage.md,githubnext/agentics/workflows/agentic-triage.md,False,bf8d330e628f2c235cd9304310156bdbbfa61123,2025-10-24 19:03:24+00:00,20.0,21.0,0.0955,
2493,517,microsoft/GitHub-Copilot-for-Azure,microsoft,weekly-repo-status.md,1,2026-02-20 19:20:59+00:00,False,githubnext/agentics/workflows/daily-repo-status.md@3a74730dbaddf484a9002a4bf34cd588cace7767,ok,githubnext/agentics/workflows/daily-repo-status.md,githubnext/agentics/workflows/daily-repo-status.md,githubnext/agentics/workflows/daily-repo-status.md,False,3eae9b88d024036be45d668e3404f8662f94d878,2026-01-26 19:57:42+00:00,1.0,1.0,0.9442,0.9442
2494,517,microsoft/GitHub-Copilot-for-Azure,microsoft,weekly-repo-status.md,2,2026-02-20 21:04:32+00:00,False,githubnext/agentics/workflows/daily-repo-status.md@3a74730dbaddf484a9002a4bf34cd588cace7767,ok,githubnext/agentics/workflows/daily-repo-status.md,githubnext/agentics/workflows/daily-repo-status.md,githubnext/agentics/workflows/daily-repo-status.md,False,3eae9b88d024036be45d668e3404f8662f94d878,2026-01-26 19:57:42+00:00,1.0,1.0,0.4599,0.4599
2495,517,microsoft/GitHub-Copilot-for-Azure,microsoft,weekly-repo-status.md,3,2026-04-13 20:18:44+00:00,False,githubnext/agentics/workflows/daily-repo-status.md@3a74730dbaddf484a9002a4bf34cd588cace7767,ok,githubnext/agentics/workflows/daily-repo-status.md,githubnext/agentics/workflows/daily-repo-status.md,githubnext/agentics/workflows/daily-repo-status.md,False,3eae9b88d024036be45d668e3404f8662f94d878,2026-01-26 19:57:42+00:00,1.0,1.0,0.4599,0.4599
2496,517,microsoft/GitHub-Copilot-for-Azure,microsoft,weekly-repo-status.md,4,2026-04-20 20:51:29+00:00,False,githubnext/agentics/workflows/daily-repo-status.md@3a74730dbaddf484a9002a4bf34cd588cace7767,ok,githubnext/agentics/workflows/daily-repo-status.md,githubnext/agentics/workflows/daily-repo-status.md,githubnext/agentics/workflows/daily-repo-status.md,False,3eae9b88d024036be45d668e3404f8662f94d878,2026-01-26 19:57:42+00:00,1.0,1.0,0.4599,0.4599
2497,517,microsoft/GitHub-Copilot-for-Azure,microsoft,weekly-repo-status.md,5,2026-06-15 22:11:49+00:00,False,githubnext/agentics/workflows/daily-repo-status.md@3a74730dbaddf484a9002a4bf34cd588cace7767,ok,githubnext/agentics/workflows/daily-repo-status.md,githubnext/agentics/workflows/repo-status.md,githubnext/agentics/workflows/daily-repo-status.md,False,497230d3867fe453aae74b15d06178d45a39fcce,2026-05-08 20:56:58+00:00,1.0,1.0,0.4642,0.4599
2498,517,microsoft/GitHub-Copilot-for-Azure,microsoft,weekly-repo-status.md,6,2026-06-18 18:57:04+00:00,False,githubnext/agentics/workflows/daily-repo-status.md@3a74730dbaddf484a9002a4bf34cd588cace7767,ok,githubnext/agentics/workflows/daily-repo-status.md,githubnext/agentics/workflows/repo-status.md,githubnext/agentics/workflows/daily-repo-status.md,False,497230d3867fe453aae74b15d06178d45a39fcce,2026-05-08 20:56:58+00:00,1.0,1.0,0.4642,0.4599
2499,518,pulumi/pulumi-docker-build,pulumi,gh-aw-pr-rereview.md,1,2026-05-12 06:35:37+00:00,True,pulumi-labs/gh-aw-internal/.github/workflows/gh-aw-pr-rereview.md@8a92f53fac170563f7727cacab2dbedb5d5b9e29,ok,pulumi-labs/gh-aw-internal/.github/workflows/gh-aw-pr-rereview.md,,,,,,,,,
2500,519,pulumi/pulumi-docker-build,pulumi,gh-aw-pr-review.md,1,2026-05-12 06:35:37+00:00,True,pulumi-labs/gh-aw-internal/.github/workflows/gh-aw-pr-review.md@8a92f53fac170563f7727cacab2dbedb5d5b9e29,ok,pulumi-labs/gh-aw-internal/.github/workflows/gh-aw-pr-review.md,,,,,,,,,
2501,520,influxdata/docs-v2,influxdata,weekly-repo-status.md,1,2026-03-29 19:00:13+00:00,False,githubnext/agentics/workflows/daily-repo-status.md@9a76aba267225767b9b2e1623188d11ed9b58f11,ok,githubnext/agentics/workflows/daily-repo-status.md,githubnext/agentics/workflows/daily-repo-status.md,githubnext/agentics/workflows/daily-repo-status.md,False,3eae9b88d024036be45d668e3404f8662f94d878,2026-01-26 19:57:42+00:00,1.0,1.0,0.9442,0.9442
2502,521,Flare-Animate/Flare,Flare-Animate,agentic-auto-fix.md,1,2026-03-05 08:24:42+00:00,False,,,,githubnext/agentics/workflows/repo-assist.md,githubnext/agentics/workflows/repo-assist.md,False,2f03fdaafb8c1ae62dfde7e0be762a822a201aeb,2026-02-23 19:47:18+00:00,14.0,18.0,0.0512,
2503,522,vbuch/oboapp,vbuch,ci-failure-fix.md,1,2026-04-17 16:13:54+00:00,False,,,,githubnext/agentics/workflows/pr-fix.md,githubnext/agentics/workflows/pr-fix.md,False,b0cfbcbd6be03e4e7ad56b83a8d588ca6aa3b220,2025-08-26 00:22:12+00:00,3.0,20.0,0.0777,
2504,523,shanselman/winget-tui,shanselman,repo-assist.md,1,2026-03-17 06:08:31+00:00,False,githubnext/agentics/workflows/repo-assist.md@cbb46ab386962aa371045839fc9998ee4e97ca64,ok,githubnext/agentics/workflows/repo-assist.md,githubnext/agentics/workflows/repo-assist.md,githubnext/agentics/workflows/repo-assist.md,False,0ae10905c47f310d0ed58a020a4e611c0f890442,2026-03-08 00:31:06+00:00,22.0,22.0,1.0,1.0
2505,524,chimon2000/good_first_issue,chimon2000,code-simplifier.md,1,2026-02-12 17:56:24+00:00,False,github/gh-aw/.github/workflows/code-simplifier.md@94662b1dee8ce96c876ba9f33b3ab8be32de82a4,ok,github/gh-aw/.github/workflows/code-simplifier.md,github/gh-aw/.github/workflows/code-simplifier.md,github/gh-aw/.github/workflows/code-simplifier.md,False,eb1a0fbdc96efb8fa74c31bb700f24caa36d5f9e,2026-01-22 17:22:21+00:00,3.0,3.0,1.0,1.0
2506,524,chimon2000/good_first_issue,chimon2000,code-simplifier.md,2,2026-02-12 18:49:29+00:00,False,github/gh-aw/.github/workflows/code-simplifier.md@94662b1dee8ce96c876ba9f33b3ab8be32de82a4,ok,github/gh-aw/.github/workflows/code-simplifier.md,github/gh-aw/.github/workflows/code-simplifier.md,github/gh-aw/.github/workflows/code-simplifier.md,False,eb1a0fbdc96efb8fa74c31bb700f24caa36d5f9e,2026-01-22 17:22:21+00:00,3.0,3.0,1.0,1.0
2507,524,chimon2000/good_first_issue,chimon2000,code-simplifier.md,3,2026-02-12 18:51:58+00:00,False,github/gh-aw/.github/workflows/code-simplifier.md@94662b1dee8ce96c876ba9f33b3ab8be32de82a4,ok,github/gh-aw/.github/workflows/code-simplifier.md,github/gh-aw/.github/workflows/code-simplifier.md,github/gh-aw/.github/workflows/code-simplifier.md,False,eb1a0fbdc96efb8fa74c31bb700f24caa36d5f9e,2026-01-22 17:22:21+00:00,3.0,3.0,0.9622,0.9622
2508,525,chimon2000/good_first_issue,chimon2000,duplicate-code-detector.md,1,2026-02-12 18:02:39+00:00,False,github/gh-aw/.github/workflows/duplicate-code-detector.md@94662b1dee8ce96c876ba9f33b3ab8be32de82a4,ok,github/gh-aw/.github/workflows/duplicate-code-detector.md,github/gh-aw/.github/workflows/duplicate-code-detector.md,github/gh-aw/.github/workflows/duplicate-code-detector.md,False,51163c67ad2476560f9410444709922fef9ef45d,2025-11-06 11:39:47+00:00,10.0,10.0,1.0,1.0
2509,525,chimon2000/good_first_issue,chimon2000,duplicate-code-detector.md,2,2026-02-12 18:36:25+00:00,False,github/gh-aw/.github/workflows/duplicate-code-detector.md@94662b1dee8ce96c876ba9f33b3ab8be32de82a4,ok,github/gh-aw/.github/workflows/duplicate-code-detector.md,github/gh-aw/.github/workflows/duplicate-code-detector.md,github/gh-aw/.github/workflows/duplicate-code-detector.md,False,51163c67ad2476560f9410444709922fef9ef45d,2025-11-06 11:39:47+00:00,10.0,10.0,0.9579,0.9579
2510,525,chimon2000/good_first_issue,chimon2000,duplicate-code-detector.md,3,2026-02-12 18:49:29+00:00,False,github/gh-aw/.github/workflows/duplicate-code-detector.md@94662b1dee8ce96c876ba9f33b3ab8be32de82a4,ok,github/gh-aw/.github/workflows/duplicate-code-detector.md,github/gh-aw/.github/workflows/duplicate-code-detector.md,github/gh-aw/.github/workflows/duplicate-code-detector.md,False,51163c67ad2476560f9410444709922fef9ef45d,2025-11-06 11:39:47+00:00,10.0,10.0,1.0,1.0
2511,525,chimon2000/good_first_issue,chimon2000,duplicate-code-detector.md,4,2026-02-12 20:01:24+00:00,False,github/gh-aw/.github/workflows/duplicate-code-detector.md@94662b1dee8ce96c876ba9f33b3ab8be32de82a4,ok,github/gh-aw/.github/workflows/duplicate-code-detector.md,github/gh-aw/.github/workflows/duplicate-code-detector.md,github/gh-aw/.github/workflows/duplicate-code-detector.md,False,51163c67ad2476560f9410444709922fef9ef45d,2025-11-06 11:39:47+00:00,10.0,10.0,0.9579,0.9579
2512,526,intent-integrity-chain/kit,intent-integrity-chain,review-anthropic.md,1,2026-05-22 16:45:51+00:00,False,,,,pulumi-labs/gh-aw-internal/.github/workflows/shared/plugins/code-review/code-review.md,pulumi-labs/gh-aw-internal/.github/workflows/shared/plugins/code-review/code-review.md,True,9a981e07d7134a447fac35073f0857f8512f16c4,2026-04-03 17:36:23+00:00,4.0,4.0,0.0633,
2513,526,intent-integrity-chain/kit,intent-integrity-chain,review-anthropic.md,2,2026-06-02 08:35:34+00:00,False,,,,pulumi-labs/gh-aw-internal/.github/workflows/shared/plugins/code-review/code-review.md,pulumi-labs/gh-aw-internal/.github/workflows/shared/plugins/code-review/code-review.md,True,242988150273951aad5f67b008256266bdff6112,2026-05-28 15:56:48+00:00,5.0,5.0,0.0648,
2514,527,intent-integrity-chain/kit,intent-integrity-chain,review-openai.md,1,2026-05-22 16:45:51+00:00,False,,,,pulumi-labs/gh-aw-internal/.github/workflows/shared/plugins/code-review/code-review.md,pulumi-labs/gh-aw-internal/.github/workflows/shared/plugins/code-review/code-review.md,True,9a981e07d7134a447fac35073f0857f8512f16c4,2026-04-03 17:36:23+00:00,4.0,4.0,0.0695,
2515,527,intent-integrity-chain/kit,intent-integrity-chain,review-openai.md,2,2026-06-02 08:35:34+00:00,False,,,,pulumi-labs/gh-aw-internal/.github/workflows/shared/plugins/code-review/code-review.md,pulumi-labs/gh-aw-internal/.github/workflows/shared/plugins/code-review/code-review.md,True,242988150273951aad5f67b008256266bdff6112,2026-05-28 15:56:48+00:00,5.0,5.0,0.0738,
2516,528,doggy8088/Apptopia,doggy8088,issue-auto-labeler.md,1,2026-02-17 08:17:56+00:00,False,,,,githubnext/agentics/workflows/agentic-triage.md,githubnext/agentics/workflows/agentic-triage.md,False,1b18060def133eff23cd45fa3e4a33cbef0f67d4,2025-07-28 16:13:02+00:00,2.0,3.0,0.0621,
2517,528,doggy8088/Apptopia,doggy8088,issue-auto-labeler.md,2,2026-02-17 08:23:56+00:00,False,,,,githubnext/agentics/workflows/issue-triage.md,githubnext/agentics/workflows/agentic-triage.md,False,eb489a0b6cb3bd7c7f94d5d3362237641c22cd31,2025-10-11 18:52:59+00:00,18.0,21.0,0.0533,
2518,528,doggy8088/Apptopia,doggy8088,issue-auto-labeler.md,3,2026-02-18 18:46:19+00:00,False,,,,githubnext/agentics/workflows/issue-triage.md,githubnext/agentics/workflows/agentic-triage.md,False,eb489a0b6cb3bd7c7f94d5d3362237641c22cd31,2025-10-11 18:52:59+00:00,18.0,21.0,0.0533,
2519,529,PureWeen/PolyPilot,PureWeen,agent-fix.md,1,2026-04-22 22:02:25+00:00,False,,,,githubnext/agentics/workflows/repo-assist.md,githubnext/agentics/workflows/repo-assist.md,False,69dc52f93e6abaaeb199c24e22b401f5bb1bac6f,2026-03-07 00:06:02+00:00,19.0,22.0,0.0707,
2520,529,PureWeen/PolyPilot,PureWeen,agent-fix.md,2,2026-04-22 22:08:38+00:00,False,,,,githubnext/agentics/workflows/daily-test-improver.md,githubnext/agentics/workflows/daily-test-improver.md,False,2a57789b0049f42aa68b482f1231cbba226eec96,2025-08-26 19:56:52+00:00,13.0,51.0,0.0701,
2521,529,PureWeen/PolyPilot,PureWeen,agent-fix.md,3,2026-04-22 23:19:07+00:00,False,,,,githubnext/agentics/workflows/daily-test-improver.md,githubnext/agentics/workflows/daily-test-improver.md,False,99ff98358e1e041aa3427b97ca8913947a08d349,2025-08-26 19:26:32+00:00,11.0,51.0,0.0742,
2522,529,PureWeen/PolyPilot,PureWeen,agent-fix.md,4,2026-04-23 03:23:37+00:00,False,,,,githubnext/agentics/workflows/daily-test-improver.md,githubnext/agentics/workflows/daily-test-improver.md,False,99ff98358e1e041aa3427b97ca8913947a08d349,2025-08-26 19:26:32+00:00,11.0,51.0,0.0742,
2523,529,PureWeen/PolyPilot,PureWeen,agent-fix.md,5,2026-04-23 04:01:31+00:00,False,,,,githubnext/agentics/workflows/daily-test-improver.md,githubnext/agentics/workflows/daily-test-improver.md,False,2a57789b0049f42aa68b482f1231cbba226eec96,2025-08-26 19:56:52+00:00,13.0,51.0,0.0736,
2524,529,PureWeen/PolyPilot,PureWeen,agent-fix.md,6,2026-04-23 19:33:24+00:00,False,,,,githubnext/agentics/workflows/daily-test-improver.md,githubnext/agentics/workflows/daily-test-improver.md,False,2a57789b0049f42aa68b482f1231cbba226eec96,2025-08-26 19:56:52+00:00,13.0,51.0,0.0726,
2525,529,PureWeen/PolyPilot,PureWeen,agent-fix.md,7,2026-04-28 11:12:13+00:00,False,,,,githubnext/agentics/workflows/daily-test-improver.md,githubnext/agentics/workflows/daily-test-improver.md,False,2a57789b0049f42aa68b482f1231cbba226eec96,2025-08-26 19:56:52+00:00,13.0,51.0,0.0767,
2526,529,PureWeen/PolyPilot,PureWeen,agent-fix.md,8,2026-04-28 12:02:00+00:00,False,,,,githubnext/agentics/workflows/daily-test-improver.md,githubnext/agentics/workflows/daily-test-improver.md,False,99ff98358e1e041aa3427b97ca8913947a08d349,2025-08-26 19:26:32+00:00,11.0,51.0,0.0776,
2527,529,PureWeen/PolyPilot,PureWeen,agent-fix.md,9,2026-04-28 16:58:41+00:00,False,,,,github/gh-aw/.github/workflows/daily-doc-updater.md,github/gh-aw/.github/workflows/daily-doc-updater.md,False,81811c5e30a0b454f36dce5b71b70328b0a7019a,2026-04-15 13:45:28+00:00,15.0,18.0,0.0769,
2528,529,PureWeen/PolyPilot,PureWeen,agent-fix.md,10,2026-04-28 17:17:04+00:00,False,,,,github/gh-aw/.github/workflows/daily-doc-updater.md,github/gh-aw/.github/workflows/daily-doc-updater.md,False,81811c5e30a0b454f36dce5b71b70328b0a7019a,2026-04-15 13:45:28+00:00,15.0,18.0,0.0784,
2529,529,PureWeen/PolyPilot,PureWeen,agent-fix.md,11,2026-04-28 20:12:12+00:00,False,,,,github/gh-aw/.github/workflows/daily-doc-updater.md,github/gh-aw/.github/workflows/daily-doc-updater.md,False,81811c5e30a0b454f36dce5b71b70328b0a7019a,2026-04-15 13:45:28+00:00,15.0,18.0,0.0784,
2530,530,PureWeen/PolyPilot,PureWeen,dep-update.md,1,2026-04-18 21:05:49+00:00,False,,,,githubnext/agentics/workflows/daily-dependency-updates.md,githubnext/agentics/workflows/daily-dependency-updates.md,False,6631cad64db5fe8e80fb307d045af948340ef361,2025-07-31 15:45:45+00:00,1.0,23.0,0.0427,
2531,530,PureWeen/PolyPilot,PureWeen,dep-update.md,2,2026-04-18 21:11:14+00:00,False,,,,githubnext/agentics/workflows/daily-dependency-updates.md,githubnext/agentics/workflows/daily-dependency-updates.md,False,6631cad64db5fe8e80fb307d045af948340ef361,2025-07-31 15:45:45+00:00,1.0,23.0,0.0427,
2532,530,PureWeen/PolyPilot,PureWeen,dep-update.md,3,2026-04-18 22:41:00+00:00,False,,,,githubnext/agentics/workflows/repo-assist.md,githubnext/agentics/workflows/repo-assist.md,False,ac4f63941a40c804d1fe02b2b7cbe10e39bbe58a,2026-02-21 13:36:20+00:00,1.0,22.0,0.0488,
2533,530,PureWeen/PolyPilot,PureWeen,dep-update.md,4,2026-04-19 04:31:49+00:00,False,,,,githubnext/agentics/workflows/repo-assist.md,githubnext/agentics/workflows/repo-assist.md,False,ac4f63941a40c804d1fe02b2b7cbe10e39bbe58a,2026-02-21 13:36:20+00:00,1.0,22.0,0.0488,
2534,530,PureWeen/PolyPilot,PureWeen,dep-update.md,5,2026-04-19 04:40:54+00:00,False,,,,githubnext/agentics/workflows/repo-assist.md,githubnext/agentics/workflows/repo-assist.md,False,ac4f63941a40c804d1fe02b2b7cbe10e39bbe58a,2026-02-21 13:36:20+00:00,1.0,22.0,0.0483,
2535,530,PureWeen/PolyPilot,PureWeen,dep-update.md,6,2026-04-19 04:59:05+00:00,False,,,,githubnext/agentics/workflows/daily-dependency-updates.md,githubnext/agentics/workflows/daily-dependency-updates.md,False,6631cad64db5fe8e80fb307d045af948340ef361,2025-07-31 15:45:45+00:00,1.0,23.0,0.054,
2536,530,PureWeen/PolyPilot,PureWeen,dep-update.md,7,2026-04-19 05:24:32+00:00,False,,,,githubnext/agentics/workflows/repo-assist.md,githubnext/agentics/workflows/repo-assist.md,False,ac4f63941a40c804d1fe02b2b7cbe10e39bbe58a,2026-02-21 13:36:20+00:00,1.0,22.0,0.0484,
2537,530,PureWeen/PolyPilot,PureWeen,dep-update.md,8,2026-04-19 05:43:24+00:00,False,,,,githubnext/agentics/workflows/repo-assist.md,githubnext/agentics/workflows/repo-assist.md,False,897b5c62f2e8c6fc729c6d385157de0b39a02d70,2026-02-21 13:44:06+00:00,2.0,22.0,0.0478,
2538,530,PureWeen/PolyPilot,PureWeen,dep-update.md,9,2026-04-19 12:24:35+00:00,False,,,,githubnext/agentics/workflows/repo-assist.md,githubnext/agentics/workflows/repo-assist.md,False,897b5c62f2e8c6fc729c6d385157de0b39a02d70,2026-02-21 13:44:06+00:00,2.0,22.0,0.0477,
2539,530,PureWeen/PolyPilot,PureWeen,dep-update.md,10,2026-04-19 12:41:36+00:00,False,,,,githubnext/agentics/workflows/repo-assist.md,githubnext/agentics/workflows/repo-assist.md,False,897b5c62f2e8c6fc729c6d385157de0b39a02d70,2026-02-21 13:44:06+00:00,2.0,22.0,0.0468,
2540,530,PureWeen/PolyPilot,PureWeen,dep-update.md,11,2026-04-19 14:05:01+00:00,False,,,,githubnext/agentics/workflows/repo-assist.md,githubnext/agentics/workflows/repo-assist.md,False,897b5c62f2e8c6fc729c6d385157de0b39a02d70,2026-02-21 13:44:06+00:00,2.0,22.0,0.0465,
2541,530,PureWeen/PolyPilot,PureWeen,dep-update.md,12,2026-04-19 14:11:55+00:00,False,,,,githubnext/agentics/workflows/repo-assist.md,githubnext/agentics/workflows/repo-assist.md,False,897b5c62f2e8c6fc729c6d385157de0b39a02d70,2026-02-21 13:44:06+00:00,2.0,22.0,0.0455,
2542,530,PureWeen/PolyPilot,PureWeen,dep-update.md,13,2026-04-21 18:54:21+00:00,False,,,,githubnext/agentics/workflows/repo-assist.md,githubnext/agentics/workflows/repo-assist.md,False,897b5c62f2e8c6fc729c6d385157de0b39a02d70,2026-02-21 13:44:06+00:00,2.0,22.0,0.0455,
2543,530,PureWeen/PolyPilot,PureWeen,dep-update.md,14,2026-04-21 19:44:00+00:00,False,,,,githubnext/agentics/workflows/repo-assist.md,githubnext/agentics/workflows/repo-assist.md,False,897b5c62f2e8c6fc729c6d385157de0b39a02d70,2026-02-21 13:44:06+00:00,2.0,22.0,0.0498,
2544,530,PureWeen/PolyPilot,PureWeen,dep-update.md,15,2026-04-22 03:53:12+00:00,False,,,,githubnext/agentics/workflows/repo-assist.md,githubnext/agentics/workflows/repo-assist.md,False,897b5c62f2e8c6fc729c6d385157de0b39a02d70,2026-02-21 13:44:06+00:00,2.0,22.0,0.0498,
2545,530,PureWeen/PolyPilot,PureWeen,dep-update.md,16,2026-04-22 04:06:24+00:00,False,,,,githubnext/agentics/workflows/repo-assist.md,githubnext/agentics/workflows/repo-assist.md,False,897b5c62f2e8c6fc729c6d385157de0b39a02d70,2026-02-21 13:44:06+00:00,2.0,22.0,0.0503,
2546,531,PureWeen/PolyPilot,PureWeen,expert-review.md,1,2026-04-28 16:58:41+00:00,True,,,,,,,,,,,,
2547,532,PureWeen/PolyPilot,PureWeen,fix-review-findings.md,1,2026-04-28 16:58:41+00:00,False,,,,githubnext/agentics/workflows/agentics/shared/gh-extra-pr-tools.md,githubnext/agentics/workflows/agentics/shared/gh-extra-pr-tools.md,True,776c61d12ae61942726673cffb9b8b667193d76b,2025-09-01 12:06:54+00:00,1.0,3.0,0.0675,
2548,532,PureWeen/PolyPilot,PureWeen,fix-review-findings.md,2,2026-04-28 18:25:26+00:00,False,,,,githubnext/agentics/workflows/agentics/shared/gh-extra-pr-tools.md,githubnext/agentics/workflows/agentics/shared/gh-extra-pr-tools.md,True,776c61d12ae61942726673cffb9b8b667193d76b,2025-09-01 12:06:54+00:00,1.0,3.0,0.0729,
2549,532,PureWeen/PolyPilot,PureWeen,fix-review-findings.md,3,2026-04-28 18:52:18+00:00,False,,,,githubnext/agentics/workflows/agentics/shared/gh-extra-pr-tools.md,githubnext/agentics/workflows/agentics/shared/gh-extra-pr-tools.md,True,776c61d12ae61942726673cffb9b8b667193d76b,2025-09-01 12:06:54+00:00,1.0,3.0,0.0716,
2550,532,PureWeen/PolyPilot,PureWeen,fix-review-findings.md,4,2026-04-28 20:12:12+00:00,False,,,,githubnext/agentics/workflows/agentics/shared/gh-extra-pr-tools.md,githubnext/agentics/workflows/agentics/shared/gh-extra-pr-tools.md,True,776c61d12ae61942726673cffb9b8b667193d76b,2025-09-01 12:06:54+00:00,1.0,3.0,0.0658,
2551,532,PureWeen/PolyPilot,PureWeen,fix-review-findings.md,5,2026-04-30 20:30:32+00:00,False,,,,githubnext/agentics/workflows/agentics/shared/gh-extra-pr-tools.md,githubnext/agentics/workflows/agentics/shared/gh-extra-pr-tools.md,True,776c61d12ae61942726673cffb9b8b667193d76b,2025-09-01 12:06:54+00:00,1.0,3.0,0.0651,
2552,533,PureWeen/PolyPilot,PureWeen,fix.agent.md,1,2026-04-22 03:16:04+00:00,True,,,,,,,,,,,,
2553,534,PureWeen/PolyPilot,PureWeen,instruction-drift.agent.md,1,2026-04-21 18:54:21+00:00,False,,,,github/gh-aw/.github/workflows/daily-doc-updater.md,github/gh-aw/.github/workflows/daily-doc-updater.md,False,00c8977ceb34a66b691cd5d8d4ff8f2e596fe990,2026-03-24 05:51:27+00:00,11.0,17.0,0.0774,
2554,534,PureWeen/PolyPilot,PureWeen,instruction-drift.agent.md,2,2026-04-22 02:24:58+00:00,False,,,,github/gh-aw/.github/workflows/shared/noop-reminder.md,github/gh-aw/.github/workflows/shared/noop-reminder.md,True,25fed92bcba25c4a0eb7765a29d05bec8f81ec3b,2026-04-18 01:02:45+00:00,1.0,1.0,0.0976,
2555,534,PureWeen/PolyPilot,PureWeen,instruction-drift.agent.md,3,2026-04-22 03:25:24+00:00,False,,,,github/gh-aw/.github/workflows/daily-doc-updater.md,github/gh-aw/.github/workflows/daily-doc-updater.md,False,00c8977ceb34a66b691cd5d8d4ff8f2e596fe990,2026-03-24 05:51:27+00:00,11.0,17.0,0.0748,
2556,534,PureWeen/PolyPilot,PureWeen,instruction-drift.agent.md,4,2026-04-22 03:57:22+00:00,False,,,,github/gh-aw/.github/workflows/shared/noop-reminder.md,github/gh-aw/.github/workflows/shared/noop-reminder.md,True,25fed92bcba25c4a0eb7765a29d05bec8f81ec3b,2026-04-18 01:02:45+00:00,1.0,1.0,0.0896,
2557,534,PureWeen/PolyPilot,PureWeen,instruction-drift.agent.md,5,2026-04-22 04:09:47+00:00,False,,,,github/gh-aw/.github/workflows/daily-doc-updater.md,github/gh-aw/.github/workflows/daily-doc-updater.md,False,00c8977ceb34a66b691cd5d8d4ff8f2e596fe990,2026-03-24 05:51:27+00:00,11.0,17.0,0.0752,
2558,534,PureWeen/PolyPilot,PureWeen,instruction-drift.agent.md,6,2026-04-22 12:21:07+00:00,False,,,,github/gh-aw/.github/workflows/daily-doc-updater.md,github/gh-aw/.github/workflows/daily-doc-updater.md,False,00c8977ceb34a66b691cd5d8d4ff8f2e596fe990,2026-03-24 05:51:27+00:00,11.0,17.0,0.0752,
2559,534,PureWeen/PolyPilot,PureWeen,instruction-drift.agent.md,7,2026-04-22 12:49:58+00:00,False,,,,github/gh-aw/.github/workflows/shared/noop-reminder.md,github/gh-aw/.github/workflows/shared/noop-reminder.md,True,25fed92bcba25c4a0eb7765a29d05bec8f81ec3b,2026-04-18 01:02:45+00:00,1.0,1.0,0.0732,
2560,534,PureWeen/PolyPilot,PureWeen,instruction-drift.agent.md,8,2026-04-23 16:45:46+00:00,False,,,,github/gh-aw/.github/workflows/shared/noop-reminder.md,github/gh-aw/.github/workflows/shared/noop-reminder.md,True,25fed92bcba25c4a0eb7765a29d05bec8f81ec3b,2026-04-18 01:02:45+00:00,1.0,1.0,0.0729,
2561,534,PureWeen/PolyPilot,PureWeen,instruction-drift.agent.md,9,2026-04-24 19:45:23+00:00,False,,,,github/gh-aw/.github/workflows/shared/noop-reminder.md,github/gh-aw/.github/workflows/shared/noop-reminder.md,True,25fed92bcba25c4a0eb7765a29d05bec8f81ec3b,2026-04-18 01:02:45+00:00,1.0,1.0,0.0717,
2562,534,PureWeen/PolyPilot,PureWeen,instruction-drift.agent.md,10,2026-04-24 20:09:32+00:00,False,,,,github/gh-aw/.github/workflows/shared/noop-reminder.md,github/gh-aw/.github/workflows/shared/noop-reminder.md,True,25fed92bcba25c4a0eb7765a29d05bec8f81ec3b,2026-04-18 01:02:45+00:00,1.0,1.0,0.0659,
2563,534,PureWeen/PolyPilot,PureWeen,instruction-drift.agent.md,11,2026-04-24 20:48:47+00:00,False,,,,github/gh-aw/.github/workflows/daily-doc-updater.md,github/gh-aw/.github/workflows/daily-doc-updater.md,False,1761033b239aafac483133af81eba1f3e2c2e283,2026-03-14 21:27:29+00:00,8.0,18.0,0.0688,
2564,535,PureWeen/PolyPilot,PureWeen,review-on-open.agent.md,1,2026-04-18 18:21:36+00:00,True,,,,,,,,,,,,
2565,535,PureWeen/PolyPilot,PureWeen,review-on-open.agent.md,2,2026-04-20 01:46:05+00:00,True,,,,,,,,,,,,
2566,535,PureWeen/PolyPilot,PureWeen,review-on-open.agent.md,3,2026-04-21 18:54:21+00:00,True,,,,,,,,,,,,
2567,535,PureWeen/PolyPilot,PureWeen,review-on-open.agent.md,4,2026-04-22 02:24:58+00:00,True,,,,,,,,,,,,
2568,535,PureWeen/PolyPilot,PureWeen,review-on-open.agent.md,5,2026-04-28 16:58:41+00:00,True,,,,,,,,,,,,
2569,536,PureWeen/PolyPilot,PureWeen,review-retro.agent.md,1,2026-04-22 03:16:04+00:00,False,,,,pulumi-labs/gh-aw-internal/.github/workflows/shared/plugins/code-review/code-review.md,pulumi-labs/gh-aw-internal/.github/workflows/shared/plugins/code-review/code-review.md,True,9a981e07d7134a447fac35073f0857f8512f16c4,2026-04-03 17:36:23+00:00,4.0,4.0,0.0696,
2570,536,PureWeen/PolyPilot,PureWeen,review-retro.agent.md,2,2026-04-28 16:58:41+00:00,False,,,,pulumi-labs/gh-aw-internal/.github/workflows/shared/plugins/code-review/code-review.md,pulumi-labs/gh-aw-internal/.github/workflows/shared/plugins/code-review/code-review.md,True,9a981e07d7134a447fac35073f0857f8512f16c4,2026-04-03 17:36:23+00:00,4.0,4.0,0.0696,
2571,537,jurre/huebar,jurre,code-review.md,1,2026-02-15 20:51:58+00:00,False,,,,githubnext/agentics/workflows/contribution-guidelines-checker.md,githubnext/agentics/workflows/contribution-guidelines-checker.md,False,ce666569727b3b361b87c801927c6081733ee1aa,2026-02-09 13:23:00+00:00,1.0,1.0,0.0489,
2572,538,jurre/huebar,jurre,release-notes.md,1,2026-02-15 20:51:58+00:00,False,,,,githubnext/agentics/workflows/agentic-release-manager.md,githubnext/agentics/workflows/agentic-release-manager.md,False,3630c0020def25a8f34676a94877d38dc9e8889b,2025-07-30 11:05:05+00:00,1.0,1.0,0.052,
2573,539,popey/sbom-vm,popey,repo-assist.md,1,2026-06-02 16:18:52+00:00,False,githubnext/agentics/workflows/repo-assist.md@c02eadfca420f2b351f9fcaee883c507a63ca316,ok,githubnext/agentics/workflows/repo-assist.md,githubnext/agentics/workflows/repo-assist.md,githubnext/agentics/workflows/repo-assist.md,False,c7d030cd6d4607b90d9ac3ffc8b24aff4f251632,2026-05-09 12:20:41+00:00,25.0,25.0,1.0,1.0
2574,539,popey/sbom-vm,popey,repo-assist.md,2,2026-06-03 10:30:35+00:00,False,githubnext/agentics/workflows/repo-assist.md@c02eadfca420f2b351f9fcaee883c507a63ca316,ok,githubnext/agentics/workflows/repo-assist.md,githubnext/agentics/workflows/repo-assist.md,githubnext/agentics/workflows/repo-assist.md,False,c7d030cd6d4607b90d9ac3ffc8b24aff4f251632,2026-05-09 12:20:41+00:00,25.0,25.0,1.0,1.0
2575,539,popey/sbom-vm,popey,repo-assist.md,3,2026-06-03 11:02:36+00:00,False,githubnext/agentics/workflows/repo-assist.md@c02eadfca420f2b351f9fcaee883c507a63ca316,ok,githubnext/agentics/workflows/repo-assist.md,githubnext/agentics/workflows/repo-assist.md,githubnext/agentics/workflows/repo-assist.md,False,c7d030cd6d4607b90d9ac3ffc8b24aff4f251632,2026-05-09 12:20:41+00:00,25.0,25.0,1.0,1.0
2576,539,popey/sbom-vm,popey,repo-assist.md,4,2026-06-04 07:57:02+00:00,False,githubnext/agentics/workflows/repo-assist.md@c02eadfca420f2b351f9fcaee883c507a63ca316,ok,githubnext/agentics/workflows/repo-assist.md,githubnext/agentics/workflows/repo-assist.md,githubnext/agentics/workflows/repo-assist.md,False,c7d030cd6d4607b90d9ac3ffc8b24aff4f251632,2026-05-09 12:20:41+00:00,25.0,25.0,1.0,1.0
2577,540,zircote/rlm-rs,zircote,ci-doctor.md,1,2026-02-17 02:34:49+00:00,False,githubnext/agentics/workflows/ci-doctor.md@adea00ee5830135f24022f1000d706c7f5fa24c4,ok,githubnext/agentics/workflows/ci-doctor.md,githubnext/agentics/workflows/ci-doctor.md,githubnext/agentics/workflows/ci-doctor.md,False,c11f94d8744b4d5ec3f2afe8a3c0cca787add16d,2026-01-24 10:49:13+00:00,9.0,10.0,1.0,1.0
2578,540,zircote/rlm-rs,zircote,ci-doctor.md,2,2026-02-27 18:58:05+00:00,False,githubnext/agentics/workflows/ci-doctor.md@adea00ee5830135f24022f1000d706c7f5fa24c4,ok,githubnext/agentics/workflows/ci-doctor.md,githubnext/agentics/workflows/ci-doctor.md,githubnext/agentics/workflows/ci-doctor.md,False,c11f94d8744b4d5ec3f2afe8a3c0cca787add16d,2026-01-24 10:49:13+00:00,9.0,10.0,1.0,1.0
2579,540,zircote/rlm-rs,zircote,ci-doctor.md,3,2026-05-15 13:22:59+00:00,False,githubnext/agentics/workflows/ci-doctor.md@adea00ee5830135f24022f1000d706c7f5fa24c4,ok,githubnext/agentics/workflows/ci-doctor.md,githubnext/agentics/workflows/ci-doctor.md,githubnext/agentics/workflows/ci-doctor.md,False,c11f94d8744b4d5ec3f2afe8a3c0cca787add16d,2026-01-24 10:49:13+00:00,9.0,11.0,1.0,1.0
2580,541,zircote/rlm-rs,zircote,daily-qa.md,1,2026-02-17 03:05:52+00:00,False,githubnext/agentics/workflows/daily-qa.md@adea00ee5830135f24022f1000d706c7f5fa24c4,ok,githubnext/agentics/workflows/daily-qa.md,githubnext/agentics/workflows/daily-qa.md,githubnext/agentics/workflows/daily-qa.md,False,eb489a0b6cb3bd7c7f94d5d3362237641c22cd31,2025-10-11 18:52:59+00:00,25.0,25.0,1.0,1.0
2581,541,zircote/rlm-rs,zircote,daily-qa.md,2,2026-02-27 18:58:05+00:00,False,githubnext/agentics/workflows/daily-qa.md@adea00ee5830135f24022f1000d706c7f5fa24c4,ok,githubnext/agentics/workflows/daily-qa.md,githubnext/agentics/workflows/daily-qa.md,githubnext/agentics/workflows/daily-qa.md,False,eb489a0b6cb3bd7c7f94d5d3362237641c22cd31,2025-10-11 18:52:59+00:00,25.0,27.0,1.0,1.0
2582,542,zircote/rlm-rs,zircote,docs-freshness.md,1,2026-02-26 21:36:38+00:00,False,,,,github/gh-aw/.github/workflows/daily-doc-updater.md,github/gh-aw/.github/workflows/daily-doc-updater.md,False,8b089d17e83805175b88a9ebf4bcc419595a307c,2026-02-26 20:31:29+00:00,7.0,7.0,0.0579,
2583,543,zircote/rlm-rs,zircote,issue-triage.md,1,2026-02-17 02:34:33+00:00,False,githubnext/agentics/workflows/issue-triage.md@adea00ee5830135f24022f1000d706c7f5fa24c4,ok,githubnext/agentics/workflows/issue-triage.md,githubnext/agentics/workflows/issue-triage.md,githubnext/agentics/workflows/agentic-triage.md,False,bf8d330e628f2c235cd9304310156bdbbfa61123,2025-10-24 19:03:24+00:00,20.0,21.0,1.0,1.0
2584,544,brunoborges/jairosvg,brunoborges,effort-labeler.md,1,2026-03-05 04:02:37+00:00,False,,,,github/gh-aw/.github/workflows/issue-triage-agent.md,github/gh-aw/.github/workflows/issue-triage-agent.md,False,b5d1b90b2e1ab16c567d0838ee8824a7aa5ba6dc,2025-11-25 05:59:16+00:00,1.0,7.0,0.0975,
2585,544,brunoborges/jairosvg,brunoborges,effort-labeler.md,2,2026-03-05 04:03:31+00:00,False,,,,github/gh-aw/.github/workflows/issue-triage-agent.md,github/gh-aw/.github/workflows/issue-triage-agent.md,False,b5d1b90b2e1ab16c567d0838ee8824a7aa5ba6dc,2025-11-25 05:59:16+00:00,1.0,7.0,0.0893,
2586,544,brunoborges/jairosvg,brunoborges,effort-labeler.md,3,2026-03-05 04:15:23+00:00,False,,,,github/gh-aw/.github/workflows/issue-triage-agent.md,github/gh-aw/.github/workflows/issue-triage-agent.md,False,b5d1b90b2e1ab16c567d0838ee8824a7aa5ba6dc,2025-11-25 05:59:16+00:00,1.0,7.0,0.0852,
2587,544,brunoborges/jairosvg,brunoborges,effort-labeler.md,4,2026-03-05 04:34:59+00:00,False,,,,github/gh-aw/.github/workflows/issue-triage-agent.md,github/gh-aw/.github/workflows/issue-triage-agent.md,False,b5d1b90b2e1ab16c567d0838ee8824a7aa5ba6dc,2025-11-25 05:59:16+00:00,1.0,7.0,0.0852,
2588,544,brunoborges/jairosvg,brunoborges,effort-labeler.md,5,2026-03-05 04:36:39+00:00,False,,,,github/gh-aw/.github/workflows/issue-triage-agent.md,github/gh-aw/.github/workflows/issue-triage-agent.md,False,b5d1b90b2e1ab16c567d0838ee8824a7aa5ba6dc,2025-11-25 05:59:16+00:00,1.0,7.0,0.0852,
2589,544,brunoborges/jairosvg,brunoborges,effort-labeler.md,6,2026-04-01 19:42:47+00:00,False,,,,github/gh-aw/.github/workflows/issue-triage-agent.md,github/gh-aw/.github/workflows/issue-triage-agent.md,False,b5d1b90b2e1ab16c567d0838ee8824a7aa5ba6dc,2025-11-25 05:59:16+00:00,1.0,7.0,0.0849,
2590,545,microsoft/agentrc,microsoft,ci-doctor.md,1,2026-02-27 23:58:53+00:00,False,,,,github/gh-aw/.github/workflows/ci-doctor.md,githubnext/agentics/workflows/ci-doctor.md,False,ba963a873b547e3365debe87ae4ed84220cd3c1f,2026-02-12 11:47:31+00:00,7.0,10.0,0.741,
2591,545,microsoft/agentrc,microsoft,ci-doctor.md,2,2026-05-13 23:28:00+00:00,False,,,,github/gh-aw/.github/workflows/ci-doctor.md,githubnext/agentics/workflows/ci-doctor.md,False,ba963a873b547e3365debe87ae4ed84220cd3c1f,2026-02-12 11:47:31+00:00,7.0,13.0,0.741,
2592,546,microsoft/agentrc,microsoft,code-simplifier.md,1,2026-02-27 23:58:53+00:00,False,,,,github/gh-aw/.github/workflows/code-simplifier.md,github/gh-aw/.github/workflows/code-simplifier.md,False,eb1a0fbdc96efb8fa74c31bb700f24caa36d5f9e,2026-01-22 17:22:21+00:00,3.0,5.0,0.6029,
2593,546,microsoft/agentrc,microsoft,code-simplifier.md,2,2026-05-13 23:28:00+00:00,False,,,,github/gh-aw/.github/workflows/code-simplifier.md,github/gh-aw/.github/workflows/code-simplifier.md,False,eb1a0fbdc96efb8fa74c31bb700f24caa36d5f9e,2026-01-22 17:22:21+00:00,3.0,7.0,0.6029,
2594,547,microsoft/agentrc,microsoft,daily-doc-updater.md,1,2026-02-27 23:58:53+00:00,False,,,,githubnext/agentics/workflows/daily-doc-updater.md,githubnext/agentics/workflows/daily-doc-updater.md,False,d10d12c3bfd79ae6baa99194e1c41de17ad0b8e6,2026-02-16 20:21:36+00:00,1.0,1.0,0.531,
2595,547,microsoft/agentrc,microsoft,daily-doc-updater.md,2,2026-03-17 04:45:08+00:00,False,,,,githubnext/agentics/workflows/daily-doc-updater.md,githubnext/agentics/workflows/daily-doc-updater.md,False,d10d12c3bfd79ae6baa99194e1c41de17ad0b8e6,2026-02-16 20:21:36+00:00,1.0,1.0,0.5084,
2596,547,microsoft/agentrc,microsoft,daily-doc-updater.md,3,2026-05-13 23:28:00+00:00,False,,,,githubnext/agentics/workflows/daily-doc-updater.md,githubnext/agentics/workflows/daily-doc-updater.md,False,d10d12c3bfd79ae6baa99194e1c41de17ad0b8e6,2026-02-16 20:21:36+00:00,1.0,1.0,0.5084,
2597,548,asizikov-demos/copilot-user-level-statistics-viewer,asizikov-demos,code-duplication-scan.md,1,2026-05-02 13:30:10+00:00,False,,,,githubnext/agentics/workflows/duplicate-code-detector.md,githubnext/agentics/workflows/duplicate-code-detector.md,False,d19056381ba48cb1f7c78510c23069701fa7ae87,2026-02-18 02:39:55+00:00,1.0,1.0,0.0656,
2598,548,asizikov-demos/copilot-user-level-statistics-viewer,asizikov-demos,code-duplication-scan.md,2,2026-05-22 20:07:53+00:00,False,,,,githubnext/agentics/workflows/duplicate-code-detector.md,githubnext/agentics/workflows/duplicate-code-detector.md,False,d19056381ba48cb1f7c78510c23069701fa7ae87,2026-02-18 02:39:55+00:00,1.0,1.0,0.0656,
2599,548,asizikov-demos/copilot-user-level-statistics-viewer,asizikov-demos,code-duplication-scan.md,3,2026-05-22 20:19:44+00:00,False,,,,githubnext/agentics/workflows/duplicate-code-detector.md,githubnext/agentics/workflows/duplicate-code-detector.md,False,d19056381ba48cb1f7c78510c23069701fa7ae87,2026-02-18 02:39:55+00:00,1.0,1.0,0.0656,
2600,548,asizikov-demos/copilot-user-level-statistics-viewer,asizikov-demos,code-duplication-scan.md,4,2026-05-23 06:32:31+00:00,False,,,,githubnext/agentics/workflows/duplicate-code-detector.md,githubnext/agentics/workflows/duplicate-code-detector.md,False,d19056381ba48cb1f7c78510c23069701fa7ae87,2026-02-18 02:39:55+00:00,1.0,1.0,0.0656,
2601,548,asizikov-demos/copilot-user-level-statistics-viewer,asizikov-demos,code-duplication-scan.md,5,2026-05-23 07:07:43+00:00,False,,,,githubnext/agentics/workflows/duplicate-code-detector.md,githubnext/agentics/workflows/duplicate-code-detector.md,False,d19056381ba48cb1f7c78510c23069701fa7ae87,2026-02-18 02:39:55+00:00,1.0,1.0,0.0656,
2602,548,asizikov-demos/copilot-user-level-statistics-viewer,asizikov-demos,code-duplication-scan.md,6,2026-06-07 18:26:11+00:00,False,,,,githubnext/agentics/workflows/duplicate-code-detector.md,githubnext/agentics/workflows/duplicate-code-detector.md,False,d19056381ba48cb1f7c78510c23069701fa7ae87,2026-02-18 02:39:55+00:00,1.0,1.0,0.0662,
2603,548,asizikov-demos/copilot-user-level-statistics-viewer,asizikov-demos,code-duplication-scan.md,7,2026-06-19 13:32:43+00:00,False,,,,githubnext/agentics/workflows/duplicate-code-detector.md,githubnext/agentics/workflows/duplicate-code-detector.md,False,d19056381ba48cb1f7c78510c23069701fa7ae87,2026-02-18 02:39:55+00:00,1.0,1.0,0.0662,
2604,549,asizikov-demos/copilot-user-level-statistics-viewer,asizikov-demos,dependency-audit.md,1,2026-02-21 12:56:04+00:00,False,,,,githubnext/agentics/workflows/code-simplifier.md,githubnext/agentics/workflows/code-simplifier.md,False,7647ef36ccd815ba6fd641c1227d5380b9bbc086,2026-02-20 11:59:02+00:00,2.0,3.0,0.0548,
2605,549,asizikov-demos/copilot-user-level-statistics-viewer,asizikov-demos,dependency-audit.md,2,2026-02-21 13:37:41+00:00,False,,,,githubnext/agentics/workflows/repo-assist.md,githubnext/agentics/workflows/repo-assist.md,False,ac4f63941a40c804d1fe02b2b7cbe10e39bbe58a,2026-02-21 13:36:20+00:00,1.0,1.0,0.0573,
2606,549,asizikov-demos/copilot-user-level-statistics-viewer,asizikov-demos,dependency-audit.md,3,2026-06-19 13:32:43+00:00,False,,,,githubnext/agentics/workflows/repo-assist.md,githubnext/agentics/workflows/repo-assist.md,False,ac4f63941a40c804d1fe02b2b7cbe10e39bbe58a,2026-02-21 13:36:20+00:00,1.0,25.0,0.0573,
2607,550,SonarSource/sonarqube-cli,SonarSource,ci-failure-triage-agent.md,1,2026-05-27 17:47:51+00:00,False,,,,github/gh-aw/.github/workflows/ci-doctor.md,githubnext/agentics/workflows/ci-doctor.md,False,c19426f87652906fd05ff08a91d4753f8a96bfe2,2026-02-07 17:28:29+00:00,6.0,14.0,0.0847,
2608,550,SonarSource/sonarqube-cli,SonarSource,ci-failure-triage-agent.md,2,2026-06-08 08:30:19+00:00,True,,,,,,,,,,,,
2609,551,henrybravo/docker-sandbox-run-copilot,henrybravo,check-copilot-version.md,1,2026-03-12 14:04:34+00:00,False,,,,githubnext/agentics/workflows/maintainer.md,githubnext/agentics/workflows/maintainer.md,False,7fd31902e2252188bc7dfd0f9c603cad2b1b8b10,2025-10-22 17:41:11+00:00,1.0,1.0,0.0559,
2610,551,henrybravo/docker-sandbox-run-copilot,henrybravo,check-copilot-version.md,2,2026-04-11 07:14:58+00:00,False,,,,githubnext/agentics/workflows/maintainer.md,githubnext/agentics/workflows/maintainer.md,False,7fd31902e2252188bc7dfd0f9c603cad2b1b8b10,2025-10-22 17:41:11+00:00,1.0,1.0,0.0559,
2611,552,elastic/elastic-docs-skills,elastic,skill-eval-test.md,1,2026-03-05 10:09:04+00:00,False,,,,githubnext/agentics/workflows/daily-test-improver.md,githubnext/agentics/workflows/daily-test-improver.md,False,600145940a960cc9d5518f12d84dfd58bb726c7c,2025-09-16 22:05:27+00:00,27.0,48.0,0.0476,
2612,552,elastic/elastic-docs-skills,elastic,skill-eval-test.md,2,2026-03-05 10:30:34+00:00,False,,,,githubnext/agentics/workflows/repo-assist.md,githubnext/agentics/workflows/repo-assist.md,False,828ac109efb43990f59475cbfce90ede5546586c,2026-02-22 22:43:36+00:00,13.0,18.0,0.0491,
2613,552,elastic/elastic-docs-skills,elastic,skill-eval-test.md,3,2026-06-22 06:45:07+00:00,False,,,,githubnext/agentics/workflows/repo-assist.md,githubnext/agentics/workflows/repo-assist.md,False,828ac109efb43990f59475cbfce90ede5546586c,2026-02-22 22:43:36+00:00,13.0,25.0,0.0491,
2614,553,elastic/elastic-docs-skills,elastic,skill-freshness.md,1,2026-02-23 13:56:00+00:00,False,,,,githubnext/agentics/workflows/daily-qa.md,githubnext/agentics/workflows/daily-qa.md,False,a371b734efabc3c2ff136fb05f03f0b868ee2f0e,2025-08-12 19:49:30+00:00,7.0,26.0,0.0369,
2615,553,elastic/elastic-docs-skills,elastic,skill-freshness.md,2,2026-02-23 17:13:17+00:00,False,,,,githubnext/agentics/workflows/daily-qa.md,githubnext/agentics/workflows/daily-qa.md,False,a371b734efabc3c2ff136fb05f03f0b868ee2f0e,2025-08-12 19:49:30+00:00,7.0,26.0,0.0369,
2616,553,elastic/elastic-docs-skills,elastic,skill-freshness.md,3,2026-02-23 17:25:51+00:00,False,,,,githubnext/agentics/workflows/link-checker.md,githubnext/agentics/workflows/link-checker.md,False,ebf240fb0d46f2cd7d654ab228f5c4aa50e29356,2026-02-18 00:03:17+00:00,1.0,1.0,0.0393,
2617,553,elastic/elastic-docs-skills,elastic,skill-freshness.md,4,2026-03-04 10:31:07+00:00,False,,,,githubnext/agentics/workflows/agentic-standards-compliance.md,githubnext/agentics/workflows/agentic-standards-compliance.md,False,475d83d3511afb28a9c911834bd24f517763a14f,2025-07-30 11:04:28+00:00,1.0,1.0,0.0488,
2618,553,elastic/elastic-docs-skills,elastic,skill-freshness.md,5,2026-03-05 10:09:04+00:00,False,,,,githubnext/agentics/workflows/agentic-wiki-writer.md,githubnext/agentics/workflows/agentic-wiki-writer.md,False,75d87ba672827b9ceef5b324cdb76f5a054cd117,2026-03-03 02:19:06+00:00,1.0,1.0,0.0461,
2619,553,elastic/elastic-docs-skills,elastic,skill-freshness.md,6,2026-03-05 10:24:01+00:00,False,,,,githubnext/agentics/workflows/agentic-standards-compliance.md,githubnext/agentics/workflows/agentic-standards-compliance.md,False,475d83d3511afb28a9c911834bd24f517763a14f,2025-07-30 11:04:28+00:00,1.0,1.0,0.0483,
2620,553,elastic/elastic-docs-skills,elastic,skill-freshness.md,7,2026-03-05 10:26:27+00:00,False,,,,githubnext/agentics/workflows/agentic-wiki-writer.md,githubnext/agentics/workflows/agentic-wiki-writer.md,False,75d87ba672827b9ceef5b324cdb76f5a054cd117,2026-03-03 02:19:06+00:00,1.0,1.0,0.0463,
2621,553,elastic/elastic-docs-skills,elastic,skill-freshness.md,8,2026-03-05 10:30:34+00:00,False,,,,githubnext/agentics/workflows/agentic-wiki-writer.md,githubnext/agentics/workflows/agentic-wiki-writer.md,False,75d87ba672827b9ceef5b324cdb76f5a054cd117,2026-03-03 02:19:06+00:00,1.0,1.0,0.0467,
2622,553,elastic/elastic-docs-skills,elastic,skill-freshness.md,9,2026-03-24 09:31:24+00:00,False,,,,github/gh-aw/.github/workflows/daily-doc-updater.md,github/gh-aw/.github/workflows/daily-doc-updater.md,False,00c8977ceb34a66b691cd5d8d4ff8f2e596fe990,2026-03-24 05:51:27+00:00,11.0,11.0,0.0489,
2623,553,elastic/elastic-docs-skills,elastic,skill-freshness.md,10,2026-05-26 10:54:10+00:00,False,,,,github/gh-aw/.github/workflows/daily-doc-updater.md,github/gh-aw/.github/workflows/daily-doc-updater.md,False,81811c5e30a0b454f36dce5b71b70328b0a7019a,2026-04-15 13:45:28+00:00,15.0,21.0,0.0571,
2624,553,elastic/elastic-docs-skills,elastic,skill-freshness.md,11,2026-06-22 06:45:07+00:00,False,,,,github/gh-aw/.github/workflows/daily-doc-updater.md,github/gh-aw/.github/workflows/daily-doc-updater.md,False,81811c5e30a0b454f36dce5b71b70328b0a7019a,2026-04-15 13:45:28+00:00,15.0,23.0,0.0571,
2625,554,elastic/elastic-docs-skills,elastic,skill-quality-review.md,1,2026-03-05 09:51:18+00:00,False,,,,githubnext/agentics/workflows/repo-assist.md,githubnext/agentics/workflows/repo-assist.md,False,afb00b92a9514fee9a14c583f059a03d05738f70,2026-02-26 13:40:39+00:00,18.0,18.0,0.0537,
2626,554,elastic/elastic-docs-skills,elastic,skill-quality-review.md,2,2026-03-05 10:30:34+00:00,False,,,,githubnext/agentics/workflows/repo-assist.md,githubnext/agentics/workflows/repo-assist.md,False,afb00b92a9514fee9a14c583f059a03d05738f70,2026-02-26 13:40:39+00:00,18.0,18.0,0.0569,
2627,554,elastic/elastic-docs-skills,elastic,skill-quality-review.md,3,2026-05-07 12:01:55+00:00,False,,,,githubnext/agentics/workflows/repo-assist.md,githubnext/agentics/workflows/repo-assist.md,False,afb00b92a9514fee9a14c583f059a03d05738f70,2026-02-26 13:40:39+00:00,18.0,23.0,0.0565,
2628,554,elastic/elastic-docs-skills,elastic,skill-quality-review.md,4,2026-06-22 06:45:07+00:00,False,,,,githubnext/agentics/workflows/repo-assist.md,githubnext/agentics/workflows/repo-assist.md,False,afb00b92a9514fee9a14c583f059a03d05738f70,2026-02-26 13:40:39+00:00,18.0,25.0,0.0565,
2629,555,AndreaGriffiths11/IssueCrush,AndreaGriffiths11,daily-repo-status.md,1,2026-02-15 05:01:28+00:00,False,githubnext/agentics/workflows/daily-repo-status.md@eb7950f37d350af6fa09d19827c4883e72947221,ok,githubnext/agentics/workflows/daily-repo-status.md,githubnext/agentics/workflows/daily-repo-status.md,githubnext/agentics/workflows/daily-repo-status.md,False,3eae9b88d024036be45d668e3404f8662f94d878,2026-01-26 19:57:42+00:00,1.0,1.0,1.0,1.0
2630,556,AndreaGriffiths11/IssueCrush,AndreaGriffiths11,update-docs.md,1,2026-02-15 05:01:28+00:00,False,githubnext/agentics/workflows/update-docs.md@eb7950f37d350af6fa09d19827c4883e72947221,ok,githubnext/agentics/workflows/update-docs.md,githubnext/agentics/workflows/update-docs.md,githubnext/agentics/workflows/starlight-scribe.md,False,eb489a0b6cb3bd7c7f94d5d3362237641c22cd31,2025-10-11 18:52:59+00:00,19.0,19.0,1.0,1.0
2631,557,hatch3r/hatch3r,hatch3r,generate-docusaurus-docs.md,1,2026-03-02 06:54:18+00:00,False,,,,github/gh-aw/.github/workflows/daily-doc-updater.md,github/gh-aw/.github/workflows/daily-doc-updater.md,False,fe2713ba4bb447a2e38905f4a47920531bc59cdd,2026-02-24 04:25:20+00:00,6.0,7.0,0.0598,
2632,558,pockebot/openpocket,pockebot,issue-fix.md,1,2026-02-23 01:29:41+00:00,False,,,,githubnext/agentics/workflows/pr-fix.md,githubnext/agentics/workflows/pr-fix.md,False,adea00ee5830135f24022f1000d706c7f5fa24c4,2026-02-16 20:30:45+00:00,18.0,20.0,0.0553,
2633,558,pockebot/openpocket,pockebot,issue-fix.md,2,2026-02-23 01:53:40+00:00,False,,,,githubnext/agentics/workflows/pr-fix.md,githubnext/agentics/workflows/pr-fix.md,False,adea00ee5830135f24022f1000d706c7f5fa24c4,2026-02-16 20:30:45+00:00,18.0,20.0,0.0609,
2634,559,pockebot/openpocket,pockebot,issue-plan.md,1,2026-02-23 01:29:41+00:00,False,,,,githubnext/agentics/workflows/pr-fix.md,githubnext/agentics/workflows/pr-fix.md,False,adea00ee5830135f24022f1000d706c7f5fa24c4,2026-02-16 20:30:45+00:00,18.0,20.0,0.0642,
2635,560,FalkorDB/falkordb-rs-next-gen,FalkorDB,flaky-test-rca.md,1,2026-06-01 16:34:44+00:00,False,,,,github/gh-aw/.github/workflows/ci-doctor.md,githubnext/agentics/workflows/ci-doctor.md,False,af7701aac244d773ba6b58a33fa5fa58968e053f,2026-03-23 18:54:16+00:00,11.0,14.0,0.0911,
2636,560,FalkorDB/falkordb-rs-next-gen,FalkorDB,flaky-test-rca.md,2,2026-06-04 08:16:08+00:00,False,,,,github/gh-aw/.github/workflows/ci-doctor.md,githubnext/agentics/workflows/ci-doctor.md,False,af7701aac244d773ba6b58a33fa5fa58968e053f,2026-03-23 18:54:16+00:00,11.0,14.0,0.0912,
2637,560,FalkorDB/falkordb-rs-next-gen,FalkorDB,flaky-test-rca.md,3,2026-06-04 08:43:13+00:00,False,,,,github/gh-aw/.github/workflows/ci-doctor.md,githubnext/agentics/workflows/ci-doctor.md,False,af7701aac244d773ba6b58a33fa5fa58968e053f,2026-03-23 18:54:16+00:00,11.0,14.0,0.0913,
2638,560,FalkorDB/falkordb-rs-next-gen,FalkorDB,flaky-test-rca.md,4,2026-06-04 09:08:43+00:00,False,,,,github/gh-aw/.github/workflows/ci-doctor.md,githubnext/agentics/workflows/ci-doctor.md,False,af7701aac244d773ba6b58a33fa5fa58968e053f,2026-03-23 18:54:16+00:00,11.0,14.0,0.0876,
2639,561,FalkorDB/falkordb-rs-next-gen,FalkorDB,flow-migration-rca.md,1,2026-06-04 15:31:29+00:00,False,,,,github/gh-aw/.github/workflows/ci-doctor.md,githubnext/agentics/workflows/ci-doctor.md,False,506b3c471b3764eb69f507f20a133d641b6eac6f,2026-05-23 15:11:12+00:00,14.0,14.0,0.0663,
2640,562,FalkorDB/falkordb-rs-next-gen,FalkorDB,flow-tests-migration.md,1,2026-06-01 17:21:42+00:00,False,,,,githubnext/agentics/workflows/repo-assist.md,githubnext/agentics/workflows/repo-assist.md,False,d975fee907421105562226072b27345545862e92,2026-03-07 18:15:29+00:00,20.0,25.0,0.0543,
2641,562,FalkorDB/falkordb-rs-next-gen,FalkorDB,flow-tests-migration.md,2,2026-06-01 17:41:36+00:00,False,,,,github/gh-aw/.github/workflows/daily-doc-updater.md,github/gh-aw/.github/workflows/daily-doc-updater.md,False,208cf613bf269c470f1e646e831a8918a4c6afb0,2026-05-06 12:37:31+00:00,21.0,23.0,0.0594,
2642,562,FalkorDB/falkordb-rs-next-gen,FalkorDB,flow-tests-migration.md,3,2026-06-04 15:31:29+00:00,False,,,,github/gh-aw/.github/workflows/daily-doc-updater.md,github/gh-aw/.github/workflows/daily-doc-updater.md,False,208cf613bf269c470f1e646e831a8918a4c6afb0,2026-05-06 12:37:31+00:00,21.0,23.0,0.0579,
2643,563,DevExpGbb/gh-devlake,DevExpGbb,docs-sync.md,1,2026-03-11 22:30:31+00:00,False,,,,githubnext/agentics/workflows/daily-doc-updater.md,githubnext/agentics/workflows/daily-doc-updater.md,False,d10d12c3bfd79ae6baa99194e1c41de17ad0b8e6,2026-02-16 20:21:36+00:00,1.0,1.0,0.0832,
2644,564,dorlugasigal/TermBeam,dorlugasigal,scorecard-monitor.md,1,2026-03-27 09:13:19+00:00,False,,,,githubnext/agentics/workflows/repo-assist.md,githubnext/agentics/workflows/repo-assist.md,False,2f03fdaafb8c1ae62dfde7e0be762a822a201aeb,2026-02-23 19:47:18+00:00,14.0,22.0,0.0422,
2645,564,dorlugasigal/TermBeam,dorlugasigal,scorecard-monitor.md,2,2026-03-27 10:06:46+00:00,False,,,,githubnext/agentics/workflows/repo-assist.md,githubnext/agentics/workflows/repo-assist.md,False,2f03fdaafb8c1ae62dfde7e0be762a822a201aeb,2026-02-23 19:47:18+00:00,14.0,22.0,0.043,
2646,565,inference-sh/shadcn-registry,inference-sh,code-review.md,1,2026-05-19 08:11:17+00:00,False,,,,github/gh-aw/.github/workflows/shared/ci-data-analysis.md,github/gh-aw/.github/workflows/shared/ci-data-analysis.md,True,92c32893fb180da8d837ab6149d379b2d229d7f0,2026-04-25 23:04:18+00:00,4.0,4.0,0.0482,
2647,565,inference-sh/shadcn-registry,inference-sh,code-review.md,2,2026-05-19 08:13:55+00:00,False,,,,github/gh-aw/.github/workflows/shared/ci-data-analysis.md,github/gh-aw/.github/workflows/shared/ci-data-analysis.md,True,92c32893fb180da8d837ab6149d379b2d229d7f0,2026-04-25 23:04:18+00:00,4.0,4.0,0.0482,
2648,566,microsoft/Microsoft-AI-Decision-Framework,microsoft,link-checker.md,1,2026-02-27 21:40:24+00:00,False,,,,githubnext/agentics/workflows/link-checker.md,githubnext/agentics/workflows/link-checker.md,False,ebf240fb0d46f2cd7d654ab228f5c4aa50e29356,2026-02-18 00:03:17+00:00,1.0,1.0,0.0816,
2649,566,microsoft/Microsoft-AI-Decision-Framework,microsoft,link-checker.md,2,2026-02-27 22:02:49+00:00,False,,,,githubnext/agentics/workflows/link-checker.md,githubnext/agentics/workflows/link-checker.md,False,ebf240fb0d46f2cd7d654ab228f5c4aa50e29356,2026-02-18 00:03:17+00:00,1.0,1.0,0.0816,
2650,566,microsoft/Microsoft-AI-Decision-Framework,microsoft,link-checker.md,3,2026-02-27 22:09:37+00:00,False,,,,githubnext/agentics/workflows/link-checker.md,githubnext/agentics/workflows/link-checker.md,False,ebf240fb0d46f2cd7d654ab228f5c4aa50e29356,2026-02-18 00:03:17+00:00,1.0,1.0,0.0816,
2651,566,microsoft/Microsoft-AI-Decision-Framework,microsoft,link-checker.md,4,2026-05-11 17:23:26+00:00,False,,,,githubnext/agentics/workflows/link-checker.md,githubnext/agentics/workflows/link-checker.md,False,ebf240fb0d46f2cd7d654ab228f5c4aa50e29356,2026-02-18 00:03:17+00:00,1.0,1.0,0.0829,
2652,566,microsoft/Microsoft-AI-Decision-Framework,microsoft,link-checker.md,5,2026-05-11 18:04:43+00:00,False,,,,githubnext/agentics/workflows/link-checker.md,githubnext/agentics/workflows/link-checker.md,False,ebf240fb0d46f2cd7d654ab228f5c4aa50e29356,2026-02-18 00:03:17+00:00,1.0,1.0,0.0906,
2653,566,microsoft/Microsoft-AI-Decision-Framework,microsoft,link-checker.md,6,2026-05-11 18:12:59+00:00,False,,,,githubnext/agentics/workflows/link-checker.md,githubnext/agentics/workflows/link-checker.md,False,ebf240fb0d46f2cd7d654ab228f5c4aa50e29356,2026-02-18 00:03:17+00:00,1.0,1.0,0.0906,
2654,566,microsoft/Microsoft-AI-Decision-Framework,microsoft,link-checker.md,7,2026-05-18 14:20:43+00:00,False,,,,githubnext/agentics/workflows/link-checker.md,githubnext/agentics/workflows/link-checker.md,False,ebf240fb0d46f2cd7d654ab228f5c4aa50e29356,2026-02-18 00:03:17+00:00,1.0,1.0,0.0774,
2655,567,github/gh-aw-actions,github,daily-runtime-threat-scan.md,1,2026-05-13 01:23:54+00:00,False,,,,githubnext/agentics/workflows/daily-malicious-code-scan.md,githubnext/agentics/workflows/daily-malicious-code-scan.md,False,6e3afce4db3e30c6d8e7201c37ea1efb130f6427,2026-02-21 03:44:06+00:00,1.0,2.0,0.0828,
2656,567,github/gh-aw-actions,github,daily-runtime-threat-scan.md,2,2026-06-12 22:18:56+00:00,False,,,,githubnext/agentics/workflows/malicious-code-scan.md,githubnext/agentics/workflows/daily-malicious-code-scan.md,False,054f7e0bbd8746b147fc60baf2df35a5dead710a,2026-06-06 12:32:28+00:00,2.0,2.0,0.0849,
2657,568,microsoft/physical-ai-toolchain,microsoft,aw-dependabot-pr-review.md,1,2026-04-20 16:15:27+00:00,False,,,,pulumi-labs/gh-aw-internal/.github/workflows/shared/review.md,pulumi-labs/gh-aw-internal/.github/workflows/shared/review.md,True,9a981e07d7134a447fac35073f0857f8512f16c4,2026-04-03 17:36:23+00:00,3.0,3.0,0.0699,
2658,568,microsoft/physical-ai-toolchain,microsoft,aw-dependabot-pr-review.md,2,2026-04-27 12:08:53+00:00,False,,,,pulumi-labs/gh-aw-internal/.github/workflows/shared/review.md,pulumi-labs/gh-aw-internal/.github/workflows/shared/review.md,True,9a981e07d7134a447fac35073f0857f8512f16c4,2026-04-03 17:36:23+00:00,3.0,3.0,0.0699,
2659,568,microsoft/physical-ai-toolchain,microsoft,aw-dependabot-pr-review.md,3,2026-04-27 12:42:52+00:00,False,,,,pulumi-labs/gh-aw-internal/.github/workflows/shared/review.md,pulumi-labs/gh-aw-internal/.github/workflows/shared/review.md,True,9a981e07d7134a447fac35073f0857f8512f16c4,2026-04-03 17:36:23+00:00,3.0,3.0,0.0699,
2660,568,microsoft/physical-ai-toolchain,microsoft,aw-dependabot-pr-review.md,4,2026-04-28 07:49:19+00:00,False,,,,pulumi-labs/gh-aw-internal/.github/workflows/gh-aw-pr-rereview.md,pulumi-labs/gh-aw-internal/.github/workflows/gh-aw-pr-rereview.md,False,a91379f7af34693fbdb0f83b1252e4bb945d09bf,2026-03-04 15:33:15+00:00,2.0,4.0,0.0651,
2661,568,microsoft/physical-ai-toolchain,microsoft,aw-dependabot-pr-review.md,5,2026-04-28 09:12:09+00:00,False,,,,pulumi-labs/gh-aw-internal/.github/workflows/gh-aw-pr-rereview.md,pulumi-labs/gh-aw-internal/.github/workflows/gh-aw-pr-rereview.md,False,a91379f7af34693fbdb0f83b1252e4bb945d09bf,2026-03-04 15:33:15+00:00,2.0,4.0,0.0651,
2662,568,microsoft/physical-ai-toolchain,microsoft,aw-dependabot-pr-review.md,6,2026-04-28 10:05:17+00:00,False,,,,pulumi-labs/gh-aw-internal/.github/workflows/gh-aw-pr-rereview.md,pulumi-labs/gh-aw-internal/.github/workflows/gh-aw-pr-rereview.md,False,a91379f7af34693fbdb0f83b1252e4bb945d09bf,2026-03-04 15:33:15+00:00,2.0,4.0,0.0651,
2663,568,microsoft/physical-ai-toolchain,microsoft,aw-dependabot-pr-review.md,7,2026-04-28 13:20:44+00:00,False,,,,pulumi-labs/gh-aw-internal/.github/workflows/gh-aw-pr-review.md,pulumi-labs/gh-aw-internal/.github/workflows/gh-aw-pr-review.md,False,a91379f7af34693fbdb0f83b1252e4bb945d09bf,2026-03-04 15:33:15+00:00,2.0,4.0,0.0689,
2664,568,microsoft/physical-ai-toolchain,microsoft,aw-dependabot-pr-review.md,8,2026-05-13 05:03:39+00:00,False,,,,pulumi-labs/gh-aw-internal/.github/workflows/gh-aw-pr-review.md,pulumi-labs/gh-aw-internal/.github/workflows/gh-aw-pr-review.md,False,a91379f7af34693fbdb0f83b1252e4bb945d09bf,2026-03-04 15:33:15+00:00,2.0,4.0,0.0761,
2665,568,microsoft/physical-ai-toolchain,microsoft,aw-dependabot-pr-review.md,9,2026-06-15 07:05:41+00:00,False,,,,pulumi-labs/gh-aw-internal/.github/workflows/gh-aw-pr-rereview.md,pulumi-labs/gh-aw-internal/.github/workflows/gh-aw-pr-rereview.md,False,a91379f7af34693fbdb0f83b1252e4bb945d09bf,2026-03-04 15:33:15+00:00,2.0,5.0,0.0741,
2666,568,microsoft/physical-ai-toolchain,microsoft,aw-dependabot-pr-review.md,10,2026-06-17 17:54:13+00:00,False,,,,pulumi-labs/gh-aw-internal/.github/workflows/gh-aw-pr-rereview.md,pulumi-labs/gh-aw-internal/.github/workflows/gh-aw-pr-rereview.md,False,a91379f7af34693fbdb0f83b1252e4bb945d09bf,2026-03-04 15:33:15+00:00,2.0,5.0,0.0735,
2667,568,microsoft/physical-ai-toolchain,microsoft,aw-dependabot-pr-review.md,11,2026-06-23 07:26:13+00:00,False,,,,pulumi-labs/gh-aw-internal/.github/workflows/gh-aw-pr-rereview.md,pulumi-labs/gh-aw-internal/.github/workflows/gh-aw-pr-rereview.md,False,a91379f7af34693fbdb0f83b1252e4bb945d09bf,2026-03-04 15:33:15+00:00,2.0,5.0,0.0735,
2668,569,webmaxru/web-ai-agent-skills,webmaxru,skill-update-worker.md,1,2026-03-15 18:31:31+00:00,False,,,,pulumi-labs/gh-aw-internal/.github/workflows/shared/plugins/code-review/README.md,pulumi-labs/gh-aw-internal/.github/workflows/shared/plugins/code-review/README.md,True,8a1d8d06210d302ab28217525d570752e77ea0bb,2026-03-12 12:42:15+00:00,2.0,2.0,0.0503,
2669,569,webmaxru/web-ai-agent-skills,webmaxru,skill-update-worker.md,2,2026-03-15 19:09:07+00:00,False,,,,pulumi-labs/gh-aw-internal/.github/workflows/shared/plugins/code-review/code-review.md,pulumi-labs/gh-aw-internal/.github/workflows/shared/plugins/code-review/code-review.md,True,9ba254ca77173b2ebc2e6dfe470b5cb3d7af25c9,2026-03-12 13:57:27+00:00,2.0,3.0,0.0489,
2670,569,webmaxru/web-ai-agent-skills,webmaxru,skill-update-worker.md,3,2026-03-16 10:51:13+00:00,False,,,,pulumi-labs/gh-aw-internal/.github/workflows/shared/plugins/code-review/code-review.md,pulumi-labs/gh-aw-internal/.github/workflows/shared/plugins/code-review/code-review.md,True,9ba254ca77173b2ebc2e6dfe470b5cb3d7af25c9,2026-03-12 13:57:27+00:00,2.0,3.0,0.0489,
2671,569,webmaxru/web-ai-agent-skills,webmaxru,skill-update-worker.md,4,2026-05-15 09:50:54+00:00,False,,,,github/gh-aw/.github/workflows/daily-doc-updater.md,github/gh-aw/.github/workflows/daily-doc-updater.md,False,208cf613bf269c470f1e646e831a8918a4c6afb0,2026-05-06 12:37:31+00:00,21.0,21.0,0.0494,
2672,570,dotnet/maui-labs,dotnet,ai-docs-audit.md,1,2026-03-29 18:47:12+00:00,False,,,,github/gh-aw/.github/workflows/daily-doc-updater.md,github/gh-aw/.github/workflows/daily-doc-updater.md,False,00c8977ceb34a66b691cd5d8d4ff8f2e596fe990,2026-03-24 05:51:27+00:00,11.0,11.0,0.0609,
2673,570,dotnet/maui-labs,dotnet,ai-docs-audit.md,2,2026-04-16 11:04:17+00:00,False,,,,github/gh-aw/.github/workflows/daily-doc-updater.md,github/gh-aw/.github/workflows/daily-doc-updater.md,False,00c8977ceb34a66b691cd5d8d4ff8f2e596fe990,2026-03-24 05:51:27+00:00,11.0,15.0,0.0644,
2674,570,dotnet/maui-labs,dotnet,ai-docs-audit.md,3,2026-04-16 11:10:31+00:00,False,,,,github/gh-aw/.github/workflows/daily-doc-updater.md,github/gh-aw/.github/workflows/daily-doc-updater.md,False,00c8977ceb34a66b691cd5d8d4ff8f2e596fe990,2026-03-24 05:51:27+00:00,11.0,15.0,0.0646,
2675,570,dotnet/maui-labs,dotnet,ai-docs-audit.md,4,2026-04-16 11:15:15+00:00,False,,,,github/gh-aw/.github/workflows/daily-doc-updater.md,github/gh-aw/.github/workflows/daily-doc-updater.md,False,00c8977ceb34a66b691cd5d8d4ff8f2e596fe990,2026-03-24 05:51:27+00:00,11.0,15.0,0.0661,
2676,570,dotnet/maui-labs,dotnet,ai-docs-audit.md,5,2026-04-16 11:28:54+00:00,False,,,,github/gh-aw/.github/workflows/daily-doc-updater.md,github/gh-aw/.github/workflows/daily-doc-updater.md,False,00c8977ceb34a66b691cd5d8d4ff8f2e596fe990,2026-03-24 05:51:27+00:00,11.0,15.0,0.0656,
2677,570,dotnet/maui-labs,dotnet,ai-docs-audit.md,6,2026-05-08 07:52:42+00:00,False,,,,github/gh-aw/.github/workflows/daily-doc-updater.md,github/gh-aw/.github/workflows/daily-doc-updater.md,False,f4c5ee6ef4557b7372bbe8848661a3cdc78f6e87,2026-05-05 22:07:23+00:00,20.0,21.0,0.0641,
2678,571,dotnet/maui-labs,dotnet,pr-docs-check.md,1,2026-04-16 09:15:21+00:00,False,,,,github/gh-aw/.github/workflows/daily-doc-updater.md,github/gh-aw/.github/workflows/daily-doc-updater.md,False,00c8977ceb34a66b691cd5d8d4ff8f2e596fe990,2026-03-24 05:51:27+00:00,11.0,15.0,0.1077,
2679,571,dotnet/maui-labs,dotnet,pr-docs-check.md,2,2026-04-16 10:40:13+00:00,False,,,,github/gh-aw/.github/workflows/daily-doc-updater.md,github/gh-aw/.github/workflows/daily-doc-updater.md,False,00c8977ceb34a66b691cd5d8d4ff8f2e596fe990,2026-03-24 05:51:27+00:00,11.0,15.0,0.1008,
2680,571,dotnet/maui-labs,dotnet,pr-docs-check.md,3,2026-04-16 14:26:03+00:00,False,,,,github/gh-aw/.github/workflows/daily-doc-updater.md,github/gh-aw/.github/workflows/daily-doc-updater.md,False,00c8977ceb34a66b691cd5d8d4ff8f2e596fe990,2026-03-24 05:51:27+00:00,11.0,15.0,0.0936,
2681,571,dotnet/maui-labs,dotnet,pr-docs-check.md,4,2026-05-06 14:15:01+00:00,False,,,,githubnext/agentics/workflows/daily-doc-updater.md,githubnext/agentics/workflows/daily-doc-updater.md,False,d10d12c3bfd79ae6baa99194e1c41de17ad0b8e6,2026-02-16 20:21:36+00:00,1.0,1.0,0.0994,
2682,571,dotnet/maui-labs,dotnet,pr-docs-check.md,5,2026-05-06 14:36:33+00:00,False,,,,githubnext/agentics/workflows/daily-doc-updater.md,githubnext/agentics/workflows/daily-doc-updater.md,False,d10d12c3bfd79ae6baa99194e1c41de17ad0b8e6,2026-02-16 20:21:36+00:00,1.0,1.0,0.0994,
2683,571,dotnet/maui-labs,dotnet,pr-docs-check.md,6,2026-05-06 21:18:32+00:00,False,,,,github/gh-aw/.github/workflows/daily-doc-updater.md,github/gh-aw/.github/workflows/daily-doc-updater.md,False,00c8977ceb34a66b691cd5d8d4ff8f2e596fe990,2026-03-24 05:51:27+00:00,11.0,21.0,0.094,
2684,571,dotnet/maui-labs,dotnet,pr-docs-check.md,7,2026-05-08 11:50:31+00:00,False,,,,github/gh-aw/.github/workflows/daily-doc-updater.md,github/gh-aw/.github/workflows/daily-doc-updater.md,False,00c8977ceb34a66b691cd5d8d4ff8f2e596fe990,2026-03-24 05:51:27+00:00,11.0,21.0,0.094,
2685,572,dotnet/maui-labs,dotnet,review-on-open.agent.md,1,2026-04-22 13:56:23+00:00,True,,,,,,,,,,,,
2686,572,dotnet/maui-labs,dotnet,review-on-open.agent.md,2,2026-04-28 21:54:03+00:00,True,,,,,,,,,,,,
2687,573,dotnet/maui-labs,dotnet,review.agent.md,1,2026-04-22 13:56:23+00:00,True,,,,,,,,,,,,
2688,573,dotnet/maui-labs,dotnet,review.agent.md,2,2026-04-28 21:54:03+00:00,True,,,,,,,,,,,,
2689,574,dotnet/skills,dotnet,close-stale-prs.agent.md,1,2026-03-25 12:00:10+00:00,False,,,,githubnext/agentics/workflows/draft-pr-cleanup.md,githubnext/agentics/workflows/draft-pr-cleanup.md,False,d7a0e9dd01a53f64fb5d7bd776c17615e4eae701,2026-02-17 21:09:07+00:00,1.0,1.0,0.127,
2690,574,dotnet/skills,dotnet,close-stale-prs.agent.md,2,2026-03-30 12:45:24+00:00,False,,,,githubnext/agentics/workflows/draft-pr-cleanup.md,githubnext/agentics/workflows/draft-pr-cleanup.md,False,d7a0e9dd01a53f64fb5d7bd776c17615e4eae701,2026-02-17 21:09:07+00:00,1.0,1.0,0.127,
2691,574,dotnet/skills,dotnet,close-stale-prs.agent.md,3,2026-04-07 10:37:30+00:00,False,,,,githubnext/agentics/workflows/draft-pr-cleanup.md,githubnext/agentics/workflows/draft-pr-cleanup.md,False,d7a0e9dd01a53f64fb5d7bd776c17615e4eae701,2026-02-17 21:09:07+00:00,1.0,1.0,0.127,
2692,574,dotnet/skills,dotnet,close-stale-prs.agent.md,4,2026-05-08 07:33:08+00:00,False,,,,githubnext/agentics/workflows/draft-pr-cleanup.md,githubnext/agentics/workflows/draft-pr-cleanup.md,False,d7a0e9dd01a53f64fb5d7bd776c17615e4eae701,2026-02-17 21:09:07+00:00,1.0,1.0,0.127,
2693,574,dotnet/skills,dotnet,close-stale-prs.agent.md,5,2026-06-09 17:58:25+00:00,False,,,,githubnext/agentics/workflows/draft-pr-cleanup.md,githubnext/agentics/workflows/draft-pr-cleanup.md,False,d7a0e9dd01a53f64fb5d7bd776c17615e4eae701,2026-02-17 21:09:07+00:00,1.0,1.0,0.127,
2694,574,dotnet/skills,dotnet,close-stale-prs.agent.md,6,2026-06-10 08:20:09+00:00,False,,,,githubnext/agentics/workflows/draft-pr-cleanup.md,githubnext/agentics/workflows/draft-pr-cleanup.md,False,d7a0e9dd01a53f64fb5d7bd776c17615e4eae701,2026-02-17 21:09:07+00:00,1.0,1.0,0.127,
2695,574,dotnet/skills,dotnet,close-stale-prs.agent.md,7,2026-06-25 22:35:22+00:00,False,,,,githubnext/agentics/workflows/draft-pr-cleanup.md,githubnext/agentics/workflows/draft-pr-cleanup.md,False,d7a0e9dd01a53f64fb5d7bd776c17615e4eae701,2026-02-17 21:09:07+00:00,1.0,1.0,0.127,
2696,575,dotnet/skills,dotnet,devops-health-check.md,1,2026-03-02 20:59:28+00:00,False,,,,githubnext/agentics/workflows/repo-assist.md,githubnext/agentics/workflows/repo-assist.md,False,dcdcfd1fff79a8908465335200473a87fdee86f4,2026-02-25 19:20:49+00:00,16.0,18.0,0.0672,
2697,575,dotnet/skills,dotnet,devops-health-check.md,2,2026-03-03 15:21:10+00:00,False,,,,githubnext/agentics/workflows/repo-assist.md,githubnext/agentics/workflows/repo-assist.md,False,dcdcfd1fff79a8908465335200473a87fdee86f4,2026-02-25 19:20:49+00:00,16.0,18.0,0.0696,
2698,575,dotnet/skills,dotnet,devops-health-check.md,3,2026-03-04 08:16:18+00:00,False,,,,githubnext/agentics/workflows/repo-assist.md,githubnext/agentics/workflows/repo-assist.md,False,dcdcfd1fff79a8908465335200473a87fdee86f4,2026-02-25 19:20:49+00:00,16.0,18.0,0.0696,
2699,575,dotnet/skills,dotnet,devops-health-check.md,4,2026-03-04 13:17:23+00:00,False,,,,githubnext/agentics/workflows/repo-assist.md,githubnext/agentics/workflows/repo-assist.md,False,dcdcfd1fff79a8908465335200473a87fdee86f4,2026-02-25 19:20:49+00:00,16.0,18.0,0.0686,
2700,575,dotnet/skills,dotnet,devops-health-check.md,5,2026-03-05 09:23:47+00:00,False,,,,githubnext/agentics/workflows/repo-assist.md,githubnext/agentics/workflows/repo-assist.md,False,dcdcfd1fff79a8908465335200473a87fdee86f4,2026-02-25 19:20:49+00:00,16.0,18.0,0.0693,
2701,575,dotnet/skills,dotnet,devops-health-check.md,6,2026-03-06 09:06:31+00:00,False,,,,githubnext/agentics/workflows/repo-assist.md,githubnext/agentics/workflows/repo-assist.md,False,dcdcfd1fff79a8908465335200473a87fdee86f4,2026-02-25 19:20:49+00:00,16.0,18.0,0.0722,
2702,575,dotnet/skills,dotnet,devops-health-check.md,7,2026-03-06 12:47:38+00:00,False,,,,githubnext/agentics/workflows/repo-assist.md,githubnext/agentics/workflows/repo-assist.md,False,dcdcfd1fff79a8908465335200473a87fdee86f4,2026-02-25 19:20:49+00:00,16.0,18.0,0.0724,
2703,575,dotnet/skills,dotnet,devops-health-check.md,8,2026-03-09 10:55:18+00:00,False,,,,githubnext/agentics/workflows/repo-assist.md,githubnext/agentics/workflows/repo-assist.md,False,dcdcfd1fff79a8908465335200473a87fdee86f4,2026-02-25 19:20:49+00:00,16.0,22.0,0.0733,
2704,575,dotnet/skills,dotnet,devops-health-check.md,9,2026-03-09 13:23:07+00:00,False,,,,githubnext/agentics/workflows/repo-assist.md,githubnext/agentics/workflows/repo-assist.md,False,dcdcfd1fff79a8908465335200473a87fdee86f4,2026-02-25 19:20:49+00:00,16.0,22.0,0.0708,
2705,575,dotnet/skills,dotnet,devops-health-check.md,10,2026-03-11 09:17:01+00:00,False,,,,githubnext/agentics/workflows/repo-assist.md,githubnext/agentics/workflows/repo-assist.md,False,dcdcfd1fff79a8908465335200473a87fdee86f4,2026-02-25 19:20:49+00:00,16.0,22.0,0.0708,
2706,575,dotnet/skills,dotnet,devops-health-check.md,11,2026-03-13 09:04:28+00:00,False,,,,githubnext/agentics/workflows/repo-assist.md,githubnext/agentics/workflows/repo-assist.md,False,dcdcfd1fff79a8908465335200473a87fdee86f4,2026-02-25 19:20:49+00:00,16.0,22.0,0.0708,
2707,575,dotnet/skills,dotnet,devops-health-check.md,12,2026-03-30 12:45:24+00:00,False,,,,githubnext/agentics/workflows/repo-assist.md,githubnext/agentics/workflows/repo-assist.md,False,dcdcfd1fff79a8908465335200473a87fdee86f4,2026-02-25 19:20:49+00:00,16.0,22.0,0.0708,
2708,575,dotnet/skills,dotnet,devops-health-check.md,13,2026-04-07 10:37:30+00:00,False,,,,githubnext/agentics/workflows/repo-assist.md,githubnext/agentics/workflows/repo-assist.md,False,dcdcfd1fff79a8908465335200473a87fdee86f4,2026-02-25 19:20:49+00:00,16.0,22.0,0.0708,
2709,575,dotnet/skills,dotnet,devops-health-check.md,14,2026-04-09 18:10:13+00:00,False,,,,githubnext/agentics/workflows/repo-assist.md,githubnext/agentics/workflows/repo-assist.md,False,dcdcfd1fff79a8908465335200473a87fdee86f4,2026-02-25 19:20:49+00:00,16.0,22.0,0.0715,
2710,575,dotnet/skills,dotnet,devops-health-check.md,15,2026-04-13 15:39:20+00:00,False,,,,github/gh-aw/.github/workflows/ci-doctor.md,githubnext/agentics/workflows/ci-doctor.md,False,e1e884c1a2b5c87e12069909bb80090772930fcf,2026-02-21 03:18:06+00:00,9.0,13.0,0.0721,
2711,575,dotnet/skills,dotnet,devops-health-check.md,16,2026-05-11 18:31:24+00:00,False,,,,github/gh-aw/.github/workflows/ci-doctor.md,githubnext/agentics/workflows/ci-doctor.md,False,e1e884c1a2b5c87e12069909bb80090772930fcf,2026-02-21 03:18:06+00:00,9.0,13.0,0.0722,
2712,575,dotnet/skills,dotnet,devops-health-check.md,17,2026-06-09 17:47:06+00:00,False,,,,githubnext/agentics/workflows/repo-assist.md,githubnext/agentics/workflows/repo-assist.md,False,dcdcfd1fff79a8908465335200473a87fdee86f4,2026-02-25 19:20:49+00:00,16.0,25.0,0.0747,
2713,575,dotnet/skills,dotnet,devops-health-check.md,18,2026-06-09 17:58:25+00:00,False,,,,githubnext/agentics/workflows/repo-assist.md,githubnext/agentics/workflows/repo-assist.md,False,dcdcfd1fff79a8908465335200473a87fdee86f4,2026-02-25 19:20:49+00:00,16.0,25.0,0.0747,
2714,575,dotnet/skills,dotnet,devops-health-check.md,19,2026-06-10 08:20:09+00:00,False,,,,githubnext/agentics/workflows/repo-assist.md,githubnext/agentics/workflows/repo-assist.md,False,dcdcfd1fff79a8908465335200473a87fdee86f4,2026-02-25 19:20:49+00:00,16.0,25.0,0.0747,
2715,575,dotnet/skills,dotnet,devops-health-check.md,20,2026-06-24 09:00:39+00:00,False,,,,githubnext/agentics/workflows/repo-assist.md,githubnext/agentics/workflows/repo-assist.md,False,dcdcfd1fff79a8908465335200473a87fdee86f4,2026-02-25 19:20:49+00:00,16.0,25.0,0.0749,
2716,575,dotnet/skills,dotnet,devops-health-check.md,21,2026-06-25 22:35:22+00:00,False,,,,githubnext/agentics/workflows/repo-assist.md,githubnext/agentics/workflows/repo-assist.md,False,dcdcfd1fff79a8908465335200473a87fdee86f4,2026-02-25 19:20:49+00:00,16.0,25.0,0.0749,
2717,576,dotnet/skills,dotnet,devops-health-groom.md,1,2026-03-05 09:23:47+00:00,False,,,,githubnext/agentics/workflows/repo-assist.md,githubnext/agentics/workflows/repo-assist.md,False,2f03fdaafb8c1ae62dfde7e0be762a822a201aeb,2026-02-23 19:47:18+00:00,14.0,18.0,0.0687,
2718,576,dotnet/skills,dotnet,devops-health-groom.md,2,2026-03-06 09:06:31+00:00,False,,,,githubnext/agentics/workflows/repo-assist.md,githubnext/agentics/workflows/repo-assist.md,False,2f03fdaafb8c1ae62dfde7e0be762a822a201aeb,2026-02-23 19:47:18+00:00,14.0,18.0,0.0687,
2719,576,dotnet/skills,dotnet,devops-health-groom.md,3,2026-03-06 12:47:38+00:00,False,,,,github/gh-aw/.github/workflows/ci-doctor.md,githubnext/agentics/workflows/ci-doctor.md,False,e1e884c1a2b5c87e12069909bb80090772930fcf,2026-02-21 03:18:06+00:00,9.0,10.0,0.0751,
2720,576,dotnet/skills,dotnet,devops-health-groom.md,4,2026-03-10 11:07:20+00:00,False,,,,github/gh-aw/.github/workflows/ci-doctor.md,githubnext/agentics/workflows/ci-doctor.md,False,e1e884c1a2b5c87e12069909bb80090772930fcf,2026-02-21 03:18:06+00:00,9.0,10.0,0.0746,
2721,576,dotnet/skills,dotnet,devops-health-groom.md,5,2026-03-11 09:17:01+00:00,False,,,,github/gh-aw/.github/workflows/ci-doctor.md,githubnext/agentics/workflows/ci-doctor.md,False,e1e884c1a2b5c87e12069909bb80090772930fcf,2026-02-21 03:18:06+00:00,9.0,10.0,0.0746,
2722,576,dotnet/skills,dotnet,devops-health-groom.md,6,2026-03-13 09:04:28+00:00,False,,,,github/gh-aw/.github/workflows/ci-doctor.md,githubnext/agentics/workflows/ci-doctor.md,False,e1e884c1a2b5c87e12069909bb80090772930fcf,2026-02-21 03:18:06+00:00,9.0,10.0,0.0746,
2723,576,dotnet/skills,dotnet,devops-health-groom.md,7,2026-03-30 12:45:24+00:00,False,,,,github/gh-aw/.github/workflows/ci-doctor.md,githubnext/agentics/workflows/ci-doctor.md,False,e1e884c1a2b5c87e12069909bb80090772930fcf,2026-02-21 03:18:06+00:00,9.0,12.0,0.0746,
2724,576,dotnet/skills,dotnet,devops-health-groom.md,8,2026-04-07 10:37:30+00:00,False,,,,github/gh-aw/.github/workflows/ci-doctor.md,githubnext/agentics/workflows/ci-doctor.md,False,e1e884c1a2b5c87e12069909bb80090772930fcf,2026-02-21 03:18:06+00:00,9.0,13.0,0.0746,
2725,576,dotnet/skills,dotnet,devops-health-groom.md,9,2026-04-09 18:10:13+00:00,False,,,,github/gh-aw/.github/workflows/ci-doctor.md,githubnext/agentics/workflows/ci-doctor.md,False,e1e884c1a2b5c87e12069909bb80090772930fcf,2026-02-21 03:18:06+00:00,9.0,13.0,0.0751,
2726,576,dotnet/skills,dotnet,devops-health-groom.md,10,2026-04-13 15:39:20+00:00,False,,,,github/gh-aw/.github/workflows/ci-doctor.md,githubnext/agentics/workflows/ci-doctor.md,False,e1e884c1a2b5c87e12069909bb80090772930fcf,2026-02-21 03:18:06+00:00,9.0,13.0,0.0751,
2727,576,dotnet/skills,dotnet,devops-health-groom.md,11,2026-04-15 17:01:40+00:00,False,,,,github/gh-aw/.github/workflows/ci-doctor.md,githubnext/agentics/workflows/ci-doctor.md,False,e1e884c1a2b5c87e12069909bb80090772930fcf,2026-02-21 03:18:06+00:00,9.0,13.0,0.0696,
2728,576,dotnet/skills,dotnet,devops-health-groom.md,12,2026-05-07 11:23:33+00:00,False,,,,githubnext/agentics/workflows/repo-assist.md,githubnext/agentics/workflows/repo-assist.md,False,69c1ee19e39e6aaba35519aafefb5cbf314de323,2026-02-26 11:32:52+00:00,17.0,23.0,0.0673,
2729,576,dotnet/skills,dotnet,devops-health-groom.md,13,2026-05-11 13:16:20+00:00,False,,,,githubnext/agentics/workflows/repo-assist.md,githubnext/agentics/workflows/repo-assist.md,False,69c1ee19e39e6aaba35519aafefb5cbf314de323,2026-02-26 11:32:52+00:00,17.0,25.0,0.0697,
2730,576,dotnet/skills,dotnet,devops-health-groom.md,14,2026-05-11 18:31:24+00:00,False,,,,githubnext/agentics/workflows/repo-assist.md,githubnext/agentics/workflows/repo-assist.md,False,69c1ee19e39e6aaba35519aafefb5cbf314de323,2026-02-26 11:32:52+00:00,17.0,25.0,0.0713,
2731,576,dotnet/skills,dotnet,devops-health-groom.md,15,2026-06-09 17:58:25+00:00,False,,,,githubnext/agentics/workflows/repo-assist.md,githubnext/agentics/workflows/repo-assist.md,False,69c1ee19e39e6aaba35519aafefb5cbf314de323,2026-02-26 11:32:52+00:00,17.0,25.0,0.0713,
2732,576,dotnet/skills,dotnet,devops-health-groom.md,16,2026-06-10 08:20:09+00:00,False,,,,githubnext/agentics/workflows/repo-assist.md,githubnext/agentics/workflows/repo-assist.md,False,69c1ee19e39e6aaba35519aafefb5cbf314de323,2026-02-26 11:32:52+00:00,17.0,25.0,0.0713,
2733,576,dotnet/skills,dotnet,devops-health-groom.md,17,2026-06-24 09:00:39+00:00,False,,,,githubnext/agentics/workflows/repo-assist.md,githubnext/agentics/workflows/repo-assist.md,False,69c1ee19e39e6aaba35519aafefb5cbf314de323,2026-02-26 11:32:52+00:00,17.0,25.0,0.0705,
2734,576,dotnet/skills,dotnet,devops-health-groom.md,18,2026-06-25 22:35:22+00:00,False,,,,githubnext/agentics/workflows/repo-assist.md,githubnext/agentics/workflows/repo-assist.md,False,69c1ee19e39e6aaba35519aafefb5cbf314de323,2026-02-26 11:32:52+00:00,17.0,25.0,0.0705,
2735,577,dotnet/skills,dotnet,devops-health-investigate.md,1,2026-03-02 20:59:28+00:00,False,,,,githubnext/agentics/workflows/ci-doctor.md,githubnext/agentics/workflows/ci-doctor.md,False,3dad04b2a1bec536ecfa2b12239e692a83eb0095,2025-08-25 15:29:17+00:00,1.0,10.0,0.0693,
2736,577,dotnet/skills,dotnet,devops-health-investigate.md,2,2026-03-03 15:21:10+00:00,False,,,,githubnext/agentics/workflows/ci-doctor.md,githubnext/agentics/workflows/ci-doctor.md,False,3dad04b2a1bec536ecfa2b12239e692a83eb0095,2025-08-25 15:29:17+00:00,1.0,10.0,0.0723,
2737,577,dotnet/skills,dotnet,devops-health-investigate.md,3,2026-03-05 09:23:47+00:00,False,,,,githubnext/agentics/workflows/ci-doctor.md,githubnext/agentics/workflows/ci-doctor.md,False,3dad04b2a1bec536ecfa2b12239e692a83eb0095,2025-08-25 15:29:17+00:00,1.0,10.0,0.0745,
2738,577,dotnet/skills,dotnet,devops-health-investigate.md,4,2026-03-06 09:06:31+00:00,False,,,,githubnext/agentics/workflows/ci-doctor.md,githubnext/agentics/workflows/ci-doctor.md,False,3dad04b2a1bec536ecfa2b12239e692a83eb0095,2025-08-25 15:29:17+00:00,1.0,10.0,0.0745,
2739,577,dotnet/skills,dotnet,devops-health-investigate.md,5,2026-03-09 10:55:18+00:00,False,,,,githubnext/agentics/workflows/ci-doctor.md,githubnext/agentics/workflows/ci-doctor.md,False,3dad04b2a1bec536ecfa2b12239e692a83eb0095,2025-08-25 15:29:17+00:00,1.0,10.0,0.0745,
2740,577,dotnet/skills,dotnet,devops-health-investigate.md,6,2026-03-13 09:04:28+00:00,False,,,,githubnext/agentics/workflows/ci-doctor.md,githubnext/agentics/workflows/ci-doctor.md,False,3dad04b2a1bec536ecfa2b12239e692a83eb0095,2025-08-25 15:29:17+00:00,1.0,10.0,0.0745,
2741,577,dotnet/skills,dotnet,devops-health-investigate.md,7,2026-03-30 12:45:24+00:00,False,,,,githubnext/agentics/workflows/ci-doctor.md,githubnext/agentics/workflows/ci-doctor.md,False,3dad04b2a1bec536ecfa2b12239e692a83eb0095,2025-08-25 15:29:17+00:00,1.0,11.0,0.0745,
2742,577,dotnet/skills,dotnet,devops-health-investigate.md,8,2026-04-07 10:37:30+00:00,False,,,,githubnext/agentics/workflows/ci-doctor.md,githubnext/agentics/workflows/ci-doctor.md,False,3dad04b2a1bec536ecfa2b12239e692a83eb0095,2025-08-25 15:29:17+00:00,1.0,11.0,0.0745,
2743,577,dotnet/skills,dotnet,devops-health-investigate.md,9,2026-04-13 15:39:20+00:00,False,,,,githubnext/agentics/workflows/ci-doctor.md,githubnext/agentics/workflows/ci-doctor.md,False,3dad04b2a1bec536ecfa2b12239e692a83eb0095,2025-08-25 15:29:17+00:00,1.0,11.0,0.0746,
2744,577,dotnet/skills,dotnet,devops-health-investigate.md,10,2026-06-09 17:58:25+00:00,False,,,,githubnext/agentics/workflows/ci-doctor.md,githubnext/agentics/workflows/ci-doctor.md,False,3dad04b2a1bec536ecfa2b12239e692a83eb0095,2025-08-25 15:29:17+00:00,1.0,11.0,0.0746,
2745,577,dotnet/skills,dotnet,devops-health-investigate.md,11,2026-06-10 08:20:09+00:00,False,,,,githubnext/agentics/workflows/ci-doctor.md,githubnext/agentics/workflows/ci-doctor.md,False,3dad04b2a1bec536ecfa2b12239e692a83eb0095,2025-08-25 15:29:17+00:00,1.0,11.0,0.0746,
2746,577,dotnet/skills,dotnet,devops-health-investigate.md,12,2026-06-25 22:35:22+00:00,False,,,,githubnext/agentics/workflows/ci-doctor.md,githubnext/agentics/workflows/ci-doctor.md,False,3dad04b2a1bec536ecfa2b12239e692a83eb0095,2025-08-25 15:29:17+00:00,1.0,12.0,0.0746,
2747,578,dotnet/skills,dotnet,issue-investigate.md,1,2026-05-06 13:39:20+00:00,False,,,,githubnext/agentics/workflows/issue-triage.md,githubnext/agentics/workflows/agentic-triage.md,False,bf8d330e628f2c235cd9304310156bdbbfa61123,2025-10-24 19:03:24+00:00,20.0,21.0,0.0912,
2748,578,dotnet/skills,dotnet,issue-investigate.md,2,2026-05-08 07:33:08+00:00,False,,,,githubnext/agentics/workflows/issue-triage.md,githubnext/agentics/workflows/agentic-triage.md,False,bf8d330e628f2c235cd9304310156bdbbfa61123,2025-10-24 19:03:24+00:00,20.0,21.0,0.0912,
2749,578,dotnet/skills,dotnet,issue-investigate.md,3,2026-06-09 17:58:25+00:00,False,,,,githubnext/agentics/workflows/issue-triage.md,githubnext/agentics/workflows/agentic-triage.md,False,bf8d330e628f2c235cd9304310156bdbbfa61123,2025-10-24 19:03:24+00:00,20.0,23.0,0.0912,
2750,578,dotnet/skills,dotnet,issue-investigate.md,4,2026-06-10 08:20:09+00:00,False,,,,githubnext/agentics/workflows/issue-triage.md,githubnext/agentics/workflows/agentic-triage.md,False,bf8d330e628f2c235cd9304310156bdbbfa61123,2025-10-24 19:03:24+00:00,20.0,23.0,0.0912,
2751,578,dotnet/skills,dotnet,issue-investigate.md,5,2026-06-25 22:35:22+00:00,False,,,,githubnext/agentics/workflows/issue-triage.md,githubnext/agentics/workflows/agentic-triage.md,False,bf8d330e628f2c235cd9304310156bdbbfa61123,2025-10-24 19:03:24+00:00,20.0,23.0,0.0912,
2752,579,dotnet/skills,dotnet,issue-triage.md,1,2026-05-06 13:39:20+00:00,False,,,,githubnext/agentics/workflows/issue-triage.md,githubnext/agentics/workflows/agentic-triage.md,False,bf8d330e628f2c235cd9304310156bdbbfa61123,2025-10-24 19:03:24+00:00,20.0,21.0,0.1328,
2753,579,dotnet/skills,dotnet,issue-triage.md,2,2026-05-07 10:42:56+00:00,False,,,,githubnext/agentics/workflows/issue-triage.md,githubnext/agentics/workflows/agentic-triage.md,False,bf8d330e628f2c235cd9304310156bdbbfa61123,2025-10-24 19:03:24+00:00,20.0,21.0,0.1293,
2754,579,dotnet/skills,dotnet,issue-triage.md,3,2026-06-03 18:31:02+00:00,False,,,,githubnext/agentics/workflows/issue-triage.md,githubnext/agentics/workflows/agentic-triage.md,False,bf8d330e628f2c235cd9304310156bdbbfa61123,2025-10-24 19:03:24+00:00,20.0,23.0,0.1293,
2755,579,dotnet/skills,dotnet,issue-triage.md,4,2026-06-08 16:20:31+00:00,False,,,,githubnext/agentics/workflows/issue-triage.md,githubnext/agentics/workflows/agentic-triage.md,False,bf8d330e628f2c235cd9304310156bdbbfa61123,2025-10-24 19:03:24+00:00,20.0,23.0,0.1294,
2756,579,dotnet/skills,dotnet,issue-triage.md,5,2026-06-09 17:58:25+00:00,False,,,,githubnext/agentics/workflows/issue-triage.md,githubnext/agentics/workflows/agentic-triage.md,False,bf8d330e628f2c235cd9304310156bdbbfa61123,2025-10-24 19:03:24+00:00,20.0,23.0,0.1294,
2757,579,dotnet/skills,dotnet,issue-triage.md,6,2026-06-10 08:20:09+00:00,False,,,,githubnext/agentics/workflows/issue-triage.md,githubnext/agentics/workflows/agentic-triage.md,False,bf8d330e628f2c235cd9304310156bdbbfa61123,2025-10-24 19:03:24+00:00,20.0,23.0,0.1294,
2758,579,dotnet/skills,dotnet,issue-triage.md,7,2026-06-10 08:22:55+00:00,False,,,,githubnext/agentics/workflows/issue-triage.md,githubnext/agentics/workflows/agentic-triage.md,False,bf8d330e628f2c235cd9304310156bdbbfa61123,2025-10-24 19:03:24+00:00,20.0,23.0,0.1272,
2759,579,dotnet/skills,dotnet,issue-triage.md,8,2026-06-25 22:35:22+00:00,False,,,,githubnext/agentics/workflows/issue-triage.md,githubnext/agentics/workflows/agentic-triage.md,False,bf8d330e628f2c235cd9304310156bdbbfa61123,2025-10-24 19:03:24+00:00,20.0,23.0,0.1272,
2760,580,dotnet/skills,dotnet,markdown-linter.md,1,2026-04-23 13:57:45+00:00,False,,,,githubnext/agentics/workflows/markdown-linter.md,githubnext/agentics/workflows/markdown-linter.md,False,e9d60822329eb50a32fcfc54ebd68078e4f5133e,2026-03-07 20:32:43+00:00,1.0,1.0,0.9929,
2761,580,dotnet/skills,dotnet,markdown-linter.md,2,2026-06-09 17:58:25+00:00,False,,,,githubnext/agentics/workflows/markdown-linter.md,githubnext/agentics/workflows/markdown-linter.md,False,e9d60822329eb50a32fcfc54ebd68078e4f5133e,2026-03-07 20:32:43+00:00,1.0,1.0,0.9929,
2762,580,dotnet/skills,dotnet,markdown-linter.md,3,2026-06-10 08:20:09+00:00,False,,,,githubnext/agentics/workflows/markdown-linter.md,githubnext/agentics/workflows/markdown-linter.md,False,e9d60822329eb50a32fcfc54ebd68078e4f5133e,2026-03-07 20:32:43+00:00,1.0,1.0,0.9929,
2763,580,dotnet/skills,dotnet,markdown-linter.md,4,2026-06-25 22:35:22+00:00,False,,,,githubnext/agentics/workflows/markdown-linter.md,githubnext/agentics/workflows/markdown-linter.md,False,e9d60822329eb50a32fcfc54ebd68078e4f5133e,2026-03-07 20:32:43+00:00,1.0,1.0,0.9929,
2764,581,dotnet/skills,dotnet,pr-malicious-scan.agent.md,1,2026-06-03 20:01:19+00:00,False,,,,githubnext/agentics/workflows/malicious-code-scan.md,githubnext/agentics/workflows/daily-malicious-code-scan.md,False,497230d3867fe453aae74b15d06178d45a39fcce,2026-05-08 20:56:58+00:00,1.0,1.0,0.0921,
2765,581,dotnet/skills,dotnet,pr-malicious-scan.agent.md,2,2026-06-04 10:30:55+00:00,False,,,,githubnext/agentics/workflows/malicious-code-scan.md,githubnext/agentics/workflows/daily-malicious-code-scan.md,False,497230d3867fe453aae74b15d06178d45a39fcce,2026-05-08 20:56:58+00:00,1.0,1.0,0.0904,
2766,581,dotnet/skills,dotnet,pr-malicious-scan.agent.md,3,2026-06-09 17:58:25+00:00,False,,,,githubnext/agentics/workflows/malicious-code-scan.md,githubnext/agentics/workflows/daily-malicious-code-scan.md,False,054f7e0bbd8746b147fc60baf2df35a5dead710a,2026-06-06 12:32:28+00:00,2.0,2.0,0.0906,
2767,581,dotnet/skills,dotnet,pr-malicious-scan.agent.md,4,2026-06-10 08:20:09+00:00,False,,,,githubnext/agentics/workflows/malicious-code-scan.md,githubnext/agentics/workflows/daily-malicious-code-scan.md,False,054f7e0bbd8746b147fc60baf2df35a5dead710a,2026-06-06 12:32:28+00:00,2.0,2.0,0.0906,
2768,581,dotnet/skills,dotnet,pr-malicious-scan.agent.md,5,2026-06-25 22:35:22+00:00,False,,,,githubnext/agentics/workflows/malicious-code-scan.md,githubnext/agentics/workflows/daily-malicious-code-scan.md,False,054f7e0bbd8746b147fc60baf2df35a5dead710a,2026-06-06 12:32:28+00:00,2.0,2.0,0.0906,
2769,582,iamnbutler/gpui-unofficial,iamnbutler,ci-fix.md,1,2026-04-03 01:30:15+00:00,False,,,,githubnext/agentics/workflows/ci-doctor.md,githubnext/agentics/workflows/ci-doctor.md,False,3dad04b2a1bec536ecfa2b12239e692a83eb0095,2025-08-25 15:29:17+00:00,1.0,11.0,0.0689,
2770,582,iamnbutler/gpui-unofficial,iamnbutler,ci-fix.md,2,2026-04-03 02:01:16+00:00,False,,,,githubnext/agentics/workflows/ci-doctor.md,githubnext/agentics/workflows/ci-doctor.md,False,3dad04b2a1bec536ecfa2b12239e692a83eb0095,2025-08-25 15:29:17+00:00,1.0,11.0,0.0689,
2771,582,iamnbutler/gpui-unofficial,iamnbutler,ci-fix.md,3,2026-04-17 14:18:05+00:00,False,,,,githubnext/agentics/workflows/ci-doctor.md,githubnext/agentics/workflows/ci-doctor.md,False,3dad04b2a1bec536ecfa2b12239e692a83eb0095,2025-08-25 15:29:17+00:00,1.0,11.0,0.0727,
2772,583,githubnext/autoloop,githubnext,autoloop.md,1,2026-04-03 06:23:35+00:00,False,githubnext/autoloop,no path in value,,githubnext/agentics/workflows/autoloop.md,githubnext/agentics/workflows/autoloop.md,False,b0de86aa38b9836e172be84df24815a2d8d19f03,2026-03-17 01:15:39+00:00,1.0,2.0,0.4705,0.0
2773,583,githubnext/autoloop,githubnext,autoloop.md,2,2026-04-03 17:22:07+00:00,False,githubnext/autoloop,no path in value,,githubnext/agentics/workflows/autoloop.md,githubnext/agentics/workflows/autoloop.md,False,ee86d0ffcb1705d4ee4146e92125227bf9136aae,2026-03-19 19:37:03+00:00,2.0,2.0,0.4301,0.0
2774,583,githubnext/autoloop,githubnext,autoloop.md,3,2026-04-04 04:56:14+00:00,False,githubnext/autoloop,no path in value,,githubnext/agentics/workflows/autoloop.md,githubnext/agentics/workflows/autoloop.md,False,ee86d0ffcb1705d4ee4146e92125227bf9136aae,2026-03-19 19:37:03+00:00,2.0,2.0,0.4267,0.0
2775,583,githubnext/autoloop,githubnext,autoloop.md,4,2026-04-22 22:26:27+00:00,False,githubnext/autoloop,no path in value,,githubnext/agentics/workflows/autoloop.md,githubnext/agentics/workflows/autoloop.md,False,ee86d0ffcb1705d4ee4146e92125227bf9136aae,2026-03-19 19:37:03+00:00,2.0,2.0,0.4267,0.0
2776,583,githubnext/autoloop,githubnext,autoloop.md,5,2026-04-22 22:33:29+00:00,False,githubnext/autoloop,no path in value,,githubnext/agentics/workflows/autoloop.md,githubnext/agentics/workflows/autoloop.md,False,ee86d0ffcb1705d4ee4146e92125227bf9136aae,2026-03-19 19:37:03+00:00,2.0,2.0,0.425,0.0
2777,583,githubnext/autoloop,githubnext,autoloop.md,6,2026-04-23 00:40:44+00:00,False,githubnext/autoloop,no path in value,,githubnext/agentics/workflows/autoloop.md,githubnext/agentics/workflows/autoloop.md,False,ee86d0ffcb1705d4ee4146e92125227bf9136aae,2026-03-19 19:37:03+00:00,2.0,2.0,0.425,0.0
2778,583,githubnext/autoloop,githubnext,autoloop.md,7,2026-04-23 15:00:53+00:00,False,githubnext/autoloop,no path in value,,githubnext/agentics/workflows/autoloop.md,githubnext/agentics/workflows/autoloop.md,False,ee86d0ffcb1705d4ee4146e92125227bf9136aae,2026-03-19 19:37:03+00:00,2.0,2.0,0.4259,0.0
2779,583,githubnext/autoloop,githubnext,autoloop.md,8,2026-04-25 14:55:20+00:00,False,githubnext/autoloop,no path in value,,githubnext/agentics/workflows/autoloop.md,githubnext/agentics/workflows/autoloop.md,False,ee86d0ffcb1705d4ee4146e92125227bf9136aae,2026-03-19 19:37:03+00:00,2.0,2.0,0.4261,0.0
2780,584,UbiHome/UbiHome,UbiHome,pr-documentation-check.md,1,2026-05-16 23:06:57+00:00,False,,,,github/gh-aw/.github/workflows/daily-doc-updater.md,github/gh-aw/.github/workflows/daily-doc-updater.md,False,fe2713ba4bb447a2e38905f4a47920531bc59cdd,2026-02-24 04:25:20+00:00,6.0,21.0,0.0737,
2781,584,UbiHome/UbiHome,UbiHome,pr-documentation-check.md,2,2026-05-23 21:52:31+00:00,False,,,,github/gh-aw/.github/workflows/daily-doc-updater.md,github/gh-aw/.github/workflows/daily-doc-updater.md,False,fe2713ba4bb447a2e38905f4a47920531bc59cdd,2026-02-24 04:25:20+00:00,6.0,21.0,0.0797,
2782,585,Azure/git-ape,Azure,daily-repo-status.md,1,2026-05-06 10:02:56+00:00,False,githubnext/agentics/workflows/daily-repo-status.md@fc4ab36dedc44e2a1cdc195cecce262f06c81230,ok,githubnext/agentics/workflows/daily-repo-status.md,githubnext/agentics/workflows/daily-repo-status.md,githubnext/agentics/workflows/daily-repo-status.md,False,3eae9b88d024036be45d668e3404f8662f94d878,2026-01-26 19:57:42+00:00,1.0,1.0,1.0,1.0
2783,585,Azure/git-ape,Azure,daily-repo-status.md,2,2026-05-27 02:02:48+00:00,False,githubnext/agentics/workflows/daily-repo-status.md@fc4ab36dedc44e2a1cdc195cecce262f06c81230,ok,githubnext/agentics/workflows/daily-repo-status.md,githubnext/agentics/workflows/daily-repo-status.md,githubnext/agentics/workflows/daily-repo-status.md,False,3eae9b88d024036be45d668e3404f8662f94d878,2026-01-26 19:57:42+00:00,1.0,1.0,1.0,1.0
2784,586,Azure/git-ape,Azure,git-ape-workshop-content-updater.md,1,2026-06-15 05:32:27+00:00,False,,,,github/gh-aw/.github/workflows/daily-doc-updater.md,github/gh-aw/.github/workflows/daily-doc-updater.md,False,208cf613bf269c470f1e646e831a8918a4c6afb0,2026-05-06 12:37:31+00:00,21.0,23.0,0.063,
2785,586,Azure/git-ape,Azure,git-ape-workshop-content-updater.md,2,2026-06-18 05:26:45+00:00,False,,,,github/gh-aw/.github/workflows/daily-doc-updater.md,github/gh-aw/.github/workflows/daily-doc-updater.md,False,208cf613bf269c470f1e646e831a8918a4c6afb0,2026-05-06 12:37:31+00:00,21.0,23.0,0.063,
2786,587,Azure/git-ape,Azure,issue-triage-agent.md,1,2026-05-06 10:49:25+00:00,False,github/gh-aw/.github/workflows/issue-triage-agent.md@852cb06ad52958b402ed982b69957ffc57ca0619,ok,github/gh-aw/.github/workflows/issue-triage-agent.md,github/gh-aw/.github/workflows/issue-triage-agent.md,github/gh-aw/.github/workflows/issue-triage-agent.md,False,9d9dd04e99eb03313b8267c86c59d33a644b3ee0,2026-02-15 16:32:48+00:00,6.0,10.0,1.0,1.0
2787,587,Azure/git-ape,Azure,issue-triage-agent.md,2,2026-05-06 11:13:42+00:00,False,github/gh-aw/.github/workflows/issue-triage-agent.md@852cb06ad52958b402ed982b69957ffc57ca0619,ok,github/gh-aw/.github/workflows/issue-triage-agent.md,github/gh-aw/.github/workflows/issue-triage-agent.md,github/gh-aw/.github/workflows/issue-triage-agent.md,False,9d9dd04e99eb03313b8267c86c59d33a644b3ee0,2026-02-15 16:32:48+00:00,6.0,10.0,1.0,1.0
2788,587,Azure/git-ape,Azure,issue-triage-agent.md,3,2026-05-25 02:52:05+00:00,False,github/gh-aw/.github/workflows/issue-triage-agent.md@852cb06ad52958b402ed982b69957ffc57ca0619,ok,github/gh-aw/.github/workflows/issue-triage-agent.md,github/gh-aw/.github/workflows/issue-triage-agent.md,github/gh-aw/.github/workflows/issue-triage-agent.md,False,9d9dd04e99eb03313b8267c86c59d33a644b3ee0,2026-02-15 16:32:48+00:00,6.0,10.0,1.0,1.0
2789,588,Azure-Samples/octocat-supply,Azure-Samples,auto-analyze-failures.md,1,2026-03-05 23:41:27+00:00,False,,,,githubnext/agentics/workflows/ci-doctor.md,githubnext/agentics/workflows/ci-doctor.md,False,3dad04b2a1bec536ecfa2b12239e692a83eb0095,2025-08-25 15:29:17+00:00,1.0,10.0,0.1122,
2790,589,Azure-Samples/octocat-supply,Azure-Samples,daily-repo-activity-summary.md,1,2026-03-05 23:41:27+00:00,False,,,,githubnext/agentics/workflows/daily-doc-updater.md,githubnext/agentics/workflows/daily-doc-updater.md,False,d10d12c3bfd79ae6baa99194e1c41de17ad0b8e6,2026-02-16 20:21:36+00:00,1.0,1.0,0.077,
2791,590,microsoft/apm-action,microsoft,apm-demo.md,1,2026-03-05 22:35:04+00:00,False,,,,githubnext/agentics/workflows/shared/job-summary.md,githubnext/agentics/workflows/shared/job-summary.md,True,ffa53c458739e73028a175fc831cf3dc72b523c9,2025-07-31 09:45:09+00:00,2.0,7.0,0.0387,
2792,591,DanWahlin/github-azure-agentic-journeys,DanWahlin,journey-e2e-test.md,1,2026-04-11 23:27:32+00:00,False,,,,github/gh-aw/.github/workflows/shared/mcp/azure.md,github/gh-aw/.github/workflows/shared/mcp/azure.md,True,f4873587601c5a1d358ba7228fb1166fc44bd378,2025-10-14 00:44:30+00:00,1.0,1.0,0.0926,
2793,591,DanWahlin/github-azure-agentic-journeys,DanWahlin,journey-e2e-test.md,2,2026-04-12 00:51:15+00:00,False,,,,github/gh-aw/.github/workflows/shared/mcp/azure.md,github/gh-aw/.github/workflows/shared/mcp/azure.md,True,f4873587601c5a1d358ba7228fb1166fc44bd378,2025-10-14 00:44:30+00:00,1.0,1.0,0.0862,
2794,591,DanWahlin/github-azure-agentic-journeys,DanWahlin,journey-e2e-test.md,3,2026-05-18 11:19:27+00:00,False,,,,github/gh-aw/.github/workflows/shared/mcp/azure.md,github/gh-aw/.github/workflows/shared/mcp/azure.md,True,f4873587601c5a1d358ba7228fb1166fc44bd378,2025-10-14 00:44:30+00:00,1.0,1.0,0.0862,
2795,591,DanWahlin/github-azure-agentic-journeys,DanWahlin,journey-e2e-test.md,4,2026-05-18 11:38:33+00:00,False,,,,github/gh-aw/.github/workflows/shared/mcp/azure.md,github/gh-aw/.github/workflows/shared/mcp/azure.md,True,f4873587601c5a1d358ba7228fb1166fc44bd378,2025-10-14 00:44:30+00:00,1.0,1.0,0.0862,
2796,591,DanWahlin/github-azure-agentic-journeys,DanWahlin,journey-e2e-test.md,5,2026-05-18 12:51:54+00:00,False,,,,github/gh-aw/.github/workflows/shared/mcp/azure.md,github/gh-aw/.github/workflows/shared/mcp/azure.md,True,f4873587601c5a1d358ba7228fb1166fc44bd378,2025-10-14 00:44:30+00:00,1.0,1.0,0.0829,
2797,591,DanWahlin/github-azure-agentic-journeys,DanWahlin,journey-e2e-test.md,6,2026-05-18 14:20:42+00:00,False,,,,github/gh-aw/.github/workflows/shared/mcp/azure.md,github/gh-aw/.github/workflows/shared/mcp/azure.md,True,f4873587601c5a1d358ba7228fb1166fc44bd378,2025-10-14 00:44:30+00:00,1.0,1.0,0.0811,
2798,591,DanWahlin/github-azure-agentic-journeys,DanWahlin,journey-e2e-test.md,7,2026-05-18 15:42:39+00:00,False,,,,github/gh-aw/.github/workflows/shared/mcp/azure.md,github/gh-aw/.github/workflows/shared/mcp/azure.md,True,f4873587601c5a1d358ba7228fb1166fc44bd378,2025-10-14 00:44:30+00:00,1.0,1.0,0.0764,
2799,592,oboapp/oboapp,oboapp,ci-failure-fix.md,1,2026-04-17 16:13:54+00:00,False,,,,githubnext/agentics/workflows/pr-fix.md,githubnext/agentics/workflows/pr-fix.md,False,b0cfbcbd6be03e4e7ad56b83a8d588ca6aa3b220,2025-08-26 00:22:12+00:00,3.0,20.0,0.0777,
2804,596,fqfqgo/clash-verge-rev,fqfqgo,pr-ai-slop-review.md,1,2026-03-17 18:07:27+00:00,False,,,,pulumi-labs/gh-aw-internal/.github/snippets/code-review.md,pulumi-labs/gh-aw-internal/.github/snippets/code-review.md,True,43b3a0eda6d8dc7d8a35019f8c317813131ed939,2026-03-05 10:51:14+00:00,2.0,2.0,0.0643,
2805,596,fqfqgo/clash-verge-rev,fqfqgo,pr-ai-slop-review.md,2,2026-03-23 16:19:59+00:00,False,,,,pulumi-labs/gh-aw-internal/.github/snippets/code-review.md,pulumi-labs/gh-aw-internal/.github/snippets/code-review.md,True,43b3a0eda6d8dc7d8a35019f8c317813131ed939,2026-03-05 10:51:14+00:00,2.0,2.0,0.0643,
2806,596,fqfqgo/clash-verge-rev,fqfqgo,pr-ai-slop-review.md,3,2026-03-26 14:00:56+00:00,False,,,,githubnext/agentics/workflows/repo-assist.md,githubnext/agentics/workflows/repo-assist.md,False,ac4f63941a40c804d1fe02b2b7cbe10e39bbe58a,2026-02-21 13:36:20+00:00,1.0,22.0,0.0611,
2807,596,fqfqgo/clash-verge-rev,fqfqgo,pr-ai-slop-review.md,4,2026-04-14 09:46:21+00:00,False,,,,pulumi-labs/gh-aw-internal/.github/workflows/shared/plugins/code-review/code-review.md,pulumi-labs/gh-aw-internal/.github/workflows/shared/plugins/code-review/code-review.md,True,9a981e07d7134a447fac35073f0857f8512f16c4,2026-04-03 17:36:23+00:00,4.0,4.0,0.0709,
2808,596,fqfqgo/clash-verge-rev,fqfqgo,pr-ai-slop-review.md,5,2026-04-21 16:11:44+00:00,False,,,,pulumi-labs/gh-aw-internal/.github/workflows/shared/plugins/code-review/code-review.md,pulumi-labs/gh-aw-internal/.github/workflows/shared/plugins/code-review/code-review.md,True,9a981e07d7134a447fac35073f0857f8512f16c4,2026-04-03 17:36:23+00:00,4.0,4.0,0.0753,
2809,596,fqfqgo/clash-verge-rev,fqfqgo,pr-ai-slop-review.md,6,2026-05-10 09:17:43+00:00,False,,,,pulumi-labs/gh-aw-internal/.github/workflows/shared/plugins/code-review/code-review.md,pulumi-labs/gh-aw-internal/.github/workflows/shared/plugins/code-review/code-review.md,True,9a981e07d7134a447fac35073f0857f8512f16c4,2026-04-03 17:36:23+00:00,4.0,4.0,0.0761,
2810,597,microsoft/AI-Engineering-Coach,microsoft,issue-triage.md,1,2026-06-07 18:40:49+00:00,False,githubnext/agentics/workflows/issue-triage.md@df35cf29fb856d1c3b8f023ed46d19126e7813bf,ok,githubnext/agentics/workflows/issue-triage.md,githubnext/agentics/workflows/issue-triage.md,githubnext/agentics/workflows/agentic-triage.md,False,e59994b330d765823202927b3fb26e909fbc72ab,2026-05-12 13:58:09+00:00,23.0,23.0,0.8498,0.8498
2811,597,microsoft/AI-Engineering-Coach,microsoft,issue-triage.md,2,2026-06-10 15:43:43+00:00,False,githubnext/agentics/workflows/issue-triage.md@df35cf29fb856d1c3b8f023ed46d19126e7813bf,ok,githubnext/agentics/workflows/issue-triage.md,githubnext/agentics/workflows/issue-triage.md,githubnext/agentics/workflows/agentic-triage.md,False,e59994b330d765823202927b3fb26e909fbc72ab,2026-05-12 13:58:09+00:00,23.0,23.0,0.8498,0.8498
2812,597,microsoft/AI-Engineering-Coach,microsoft,issue-triage.md,3,2026-06-19 08:30:28+00:00,False,githubnext/agentics/workflows/issue-triage.md@df35cf29fb856d1c3b8f023ed46d19126e7813bf,ok,githubnext/agentics/workflows/issue-triage.md,githubnext/agentics/workflows/issue-triage.md,githubnext/agentics/workflows/agentic-triage.md,False,e59994b330d765823202927b3fb26e909fbc72ab,2026-05-12 13:58:09+00:00,23.0,23.0,0.8498,0.8498
2813,598,drasi-project/drasi-server,drasi-project,pr-correctness-reviewer.md,1,2026-06-05 16:40:00+00:00,False,,,,pulumi-labs/gh-aw-internal/.github/workflows/shared/plugins/code-review/code-review.md,pulumi-labs/gh-aw-internal/.github/workflows/shared/plugins/code-review/code-review.md,True,fccb0509de811cdc59bfe4e77504af0d4b5ebaa1,2026-06-04 14:18:40+00:00,6.0,6.0,0.0774,
2814,599,drasi-project/drasi-server,drasi-project,pr-design-reviewer.md,1,2026-06-05 16:40:00+00:00,False,,,,pulumi-labs/gh-aw-internal/.github/workflows/shared/plugins/code-review/code-review.md,pulumi-labs/gh-aw-internal/.github/workflows/shared/plugins/code-review/code-review.md,True,fccb0509de811cdc59bfe4e77504af0d4b5ebaa1,2026-06-04 14:18:40+00:00,6.0,6.0,0.0891,
2815,600,drasi-project/drasi-server,drasi-project,pr-docs-reviewer.md,1,2026-06-05 16:40:00+00:00,False,,,,pulumi-labs/gh-aw-internal/.github/workflows/shared/plugins/code-review/code-review.md,pulumi-labs/gh-aw-internal/.github/workflows/shared/plugins/code-review/code-review.md,True,fccb0509de811cdc59bfe4e77504af0d4b5ebaa1,2026-06-04 14:18:40+00:00,6.0,6.0,0.0949,
2816,601,drasi-project/drasi-server,drasi-project,pr-prior-art-reviewer.md,1,2026-06-05 16:40:00+00:00,False,,,,pulumi-labs/gh-aw-internal/.github/workflows/shared/plugins/code-review/code-review.md,pulumi-labs/gh-aw-internal/.github/workflows/shared/plugins/code-review/code-review.md,True,fccb0509de811cdc59bfe4e77504af0d4b5ebaa1,2026-06-04 14:18:40+00:00,6.0,6.0,0.0829,
2817,602,drasi-project/drasi-server,drasi-project,pr-security-reviewer.md,1,2026-06-05 16:40:00+00:00,False,,,,pulumi-labs/gh-aw-internal/.github/workflows/shared/plugins/code-review/code-review.md,pulumi-labs/gh-aw-internal/.github/workflows/shared/plugins/code-review/code-review.md,True,fccb0509de811cdc59bfe4e77504af0d4b5ebaa1,2026-06-04 14:18:40+00:00,6.0,6.0,0.0913,
2818,603,drasi-project/drasi-server,drasi-project,pr-testing-reviewer.md,1,2026-06-05 16:40:00+00:00,False,,,,pulumi-labs/gh-aw-internal/.github/workflows/shared/plugins/code-review/code-review.md,pulumi-labs/gh-aw-internal/.github/workflows/shared/plugins/code-review/code-review.md,True,fccb0509de811cdc59bfe4e77504af0d4b5ebaa1,2026-06-04 14:18:40+00:00,6.0,6.0,0.0911,
2819,604,drasi-project/drasi-server,drasi-project,validate-yaml-snippets.md,1,2026-01-15 23:14:12+00:00,False,,,,githubnext/agentics/workflows/daily-test-improver.md,githubnext/agentics/workflows/daily-test-improver.md,False,776c61d12ae61942726673cffb9b8b667193d76b,2025-09-01 12:06:54+00:00,19.0,43.0,0.0448,
2820,604,drasi-project/drasi-server,drasi-project,validate-yaml-snippets.md,2,2026-06-16 21:32:02+00:00,False,,,,githubnext/agentics/workflows/daily-test-improver.md,githubnext/agentics/workflows/daily-test-improver.md,False,776c61d12ae61942726673cffb9b8b667193d76b,2025-09-01 12:06:54+00:00,19.0,51.0,0.0461,
