version_id,history_id,repo,filename,rank,same_repo_cos,same_repo_version_id,same_repo_repo,same_repo_filename,same_repo_lag_days,same_owner_cos,same_owner_version_id,same_owner_repo,same_owner_filename,same_owner_lag_days,other_owner_cos,other_owner_version_id,other_owner_repo,other_owner_filename,other_owner_lag_days,best_scope,best_cos
1,1,apache/cloudstack,daily-issue-triage.md,1,0.0286,2.0,apache/cloudstack,daily-repo-status.md,120.13,,,,,,0.5264,2810.0,microsoft/AI-Engineering-Coach,issue-triage.md,9.98,other_owner,0.5264
2,2,apache/cloudstack,daily-repo-status.md,1,,,,,,,,,,,1.0,86.0,dotnet/maui,daily-repo-status.md,3.96,other_owner,1.0
3,2,apache/cloudstack,daily-repo-status.md,2,,,,,,,,,,,1.0,86.0,dotnet/maui,daily-repo-status.md,4.68,other_owner,1.0
4,2,apache/cloudstack,daily-repo-status.md,3,,,,,,,,,,,1.0,1842.0,timrogers/iata-code-decoder-api,daily-repo-status.md,9.5,other_owner,1.0
5,2,apache/cloudstack,daily-repo-status.md,4,,,,,,,,,,,1.0,1842.0,timrogers/iata-code-decoder-api,daily-repo-status.md,28.87,other_owner,1.0
6,3,brunoborges/fx2048,create-sample-issue.md,1,,,,,,,,,,,0.1361,2461.0,copilot-community-sdk/copilot-sdk-java,weekly-upstream-sync.md,0.04,other_owner,0.1361
7,3,brunoborges/fx2048,create-sample-issue.md,2,,,,,,,,,,,0.0434,2461.0,copilot-community-sdk/copilot-sdk-java,weekly-upstream-sync.md,0.05,other_owner,0.0434
8,3,brunoborges/fx2048,create-sample-issue.md,3,,,,,,,,,,,0.0645,2461.0,copilot-community-sdk/copilot-sdk-java,weekly-upstream-sync.md,0.06,other_owner,0.0645
9,4,vaadin/flow,doc-bot.md,1,,,,,,,,,,,0.1213,1273.0,microsoft/aspire,pr-docs-check.md,50.38,other_owner,0.1213
10,4,vaadin/flow,doc-bot.md,2,,,,,,,,,,,0.1213,1273.0,microsoft/aspire,pr-docs-check.md,50.48,other_owner,0.1213
11,5,Activiti/activiti-cloud,supply-chain-review.md,1,,,,,,,,,,,1.0,318.0,Alfresco/alfresco-ng2-components,supply-chain-review.md,0.04,other_owner,1.0
12,5,Activiti/activiti-cloud,supply-chain-review.md,2,,,,,,,,,,,1.0,319.0,Alfresco/alfresco-ng2-components,supply-chain-review.md,0.03,other_owner,1.0
13,5,Activiti/activiti-cloud,supply-chain-review.md,3,,,,,,,,,,,1.0,1163.0,Alfresco/alfresco-build-tools,supply-chain-review.md,0.96,other_owner,1.0
14,6,duckduckgo/Android,android-maintenance-worker.md,1,0.0231,17.0,duckduckgo/Android,daily-repo-status.md,27.51,,,,,,0.1156,1459.0,ionide/ionide-vscode-fsharp,repo-assist.md,34.06,other_owner,0.1156
15,6,duckduckgo/Android,android-maintenance-worker.md,2,0.0213,17.0,duckduckgo/Android,daily-repo-status.md,48.5,,,,,,0.1117,1456.0,ionide/ionide-vscode-fsharp,repo-assist.md,57.91,other_owner,0.1117
16,6,duckduckgo/Android,android-maintenance-worker.md,3,0.0215,17.0,duckduckgo/Android,daily-repo-status.md,56.23,,,,,,0.0954,1459.0,ionide/ionide-vscode-fsharp,repo-assist.md,62.79,other_owner,0.0954
17,7,duckduckgo/Android,daily-repo-status.md,1,,,,,,,,,,,1.0,2.0,apache/cloudstack,daily-repo-status.md,14.73,other_owner,1.0
18,8,duckduckgo/Android,drift-audit.md,1,0.1372,16.0,duckduckgo/Android,android-maintenance-worker.md,48.27,,,,,,0.0603,54.0,uxsoft/AppleWirelessKeyboard,repo-assist.md,55.07,same_repo,0.1372
19,9,executeautomation/ExecuteAutomationWebApp,daily-repo-status.md,1,,,,,,,,,,,1.0,2.0,apache/cloudstack,daily-repo-status.md,13.45,other_owner,1.0
20,10,Dedac/Beam,fix-top-improvement.md,1,0.1799,22.0,Dedac/Beam,weekly-improvements.md,0.0,,,,,,0.0724,1673.0,fsprojects/FSharp.Control.AsyncSeq,repo-assist.md,60.04,same_repo,0.1799
21,10,Dedac/Beam,fix-top-improvement.md,2,0.1759,22.0,Dedac/Beam,weekly-improvements.md,0.03,,,,,,0.0762,1673.0,fsprojects/FSharp.Control.AsyncSeq,repo-assist.md,60.07,same_repo,0.1759
22,11,Dedac/Beam,weekly-improvements.md,1,,,,,,,,,,,0.0659,1133.0,talk2MeGooseman/stream_closed_captioner_phoenix,repository-quality-improver.md,10.48,other_owner,0.0659
23,12,mono/SkiaSharp,auto-skia-sync.md,1,0.0976,35.0,mono/SkiaSharp,auto-triage.md,17.1,,,,,,0.0655,877.0,elastic/terraform-provider-elasticstack,schema-coverage-rotation.md,26.97,same_repo,0.0976
24,12,mono/SkiaSharp,auto-skia-sync.md,2,0.0976,35.0,mono/SkiaSharp,auto-triage.md,20.16,,,,,,0.0655,877.0,elastic/terraform-provider-elasticstack,schema-coverage-rotation.md,30.03,same_repo,0.0976
25,12,mono/SkiaSharp,auto-skia-sync.md,3,0.0973,35.0,mono/SkiaSharp,auto-triage.md,23.65,,,,,,0.0719,877.0,elastic/terraform-provider-elasticstack,schema-coverage-rotation.md,33.51,same_repo,0.0973
26,12,mono/SkiaSharp,auto-skia-sync.md,4,0.0973,35.0,mono/SkiaSharp,auto-triage.md,28.99,,,,,,0.0719,877.0,elastic/terraform-provider-elasticstack,schema-coverage-rotation.md,38.86,same_repo,0.0973
27,12,mono/SkiaSharp,auto-skia-sync.md,5,0.0973,35.0,mono/SkiaSharp,auto-triage.md,29.16,,,,,,0.0719,877.0,elastic/terraform-provider-elasticstack,schema-coverage-rotation.md,39.02,same_repo,0.0973
28,12,mono/SkiaSharp,auto-skia-sync.md,6,0.0908,35.0,mono/SkiaSharp,auto-triage.md,65.25,,,,,,0.0658,2031.0,dotnet/macios,code-radiator.md,3.36,same_repo,0.0908
29,12,mono/SkiaSharp,auto-skia-sync.md,7,0.0826,35.0,mono/SkiaSharp,auto-triage.md,66.03,,,,,,0.0665,2031.0,dotnet/macios,code-radiator.md,4.14,same_repo,0.0826
30,12,mono/SkiaSharp,auto-skia-sync.md,8,0.0826,35.0,mono/SkiaSharp,auto-triage.md,66.18,,,,,,0.0665,2031.0,dotnet/macios,code-radiator.md,4.29,same_repo,0.0826
31,13,mono/SkiaSharp,auto-triage.md,1,,,,,,,,,,,0.0597,2348.0,Kong/kongctl,opened-issue-triage.md,64.89,other_owner,0.0597
32,13,mono/SkiaSharp,auto-triage.md,2,,,,,,,,,,,0.0597,2348.0,Kong/kongctl,opened-issue-triage.md,64.9,other_owner,0.0597
33,13,mono/SkiaSharp,auto-triage.md,3,,,,,,,,,,,0.0605,877.0,elastic/terraform-provider-elasticstack,schema-coverage-rotation.md,9.28,other_owner,0.0605
34,13,mono/SkiaSharp,auto-triage.md,4,,,,,,,,,,,0.0605,877.0,elastic/terraform-provider-elasticstack,schema-coverage-rotation.md,9.3,other_owner,0.0605
35,13,mono/SkiaSharp,auto-triage.md,5,,,,,,,,,,,0.0692,877.0,elastic/terraform-provider-elasticstack,schema-coverage-rotation.md,9.86,other_owner,0.0692
36,13,mono/SkiaSharp,auto-triage.md,6,,,,,,,,,,,0.0682,877.0,elastic/terraform-provider-elasticstack,schema-coverage-rotation.md,12.3,other_owner,0.0682
37,13,mono/SkiaSharp,auto-triage.md,7,0.0341,40.0,mono/SkiaSharp,update-release-notes.md,10.26,,,,,,0.0649,877.0,elastic/terraform-provider-elasticstack,schema-coverage-rotation.md,26.94,other_owner,0.0649
38,13,mono/SkiaSharp,auto-triage.md,8,0.0865,23.0,mono/SkiaSharp,auto-skia-sync.md,49.07,,,,,,0.065,877.0,elastic/terraform-provider-elasticstack,schema-coverage-rotation.md,76.04,same_repo,0.0865
39,14,mono/SkiaSharp,update-release-notes.md,1,0.0401,35.0,mono/SkiaSharp,auto-triage.md,6.38,,,,,,0.0708,2434.0,github/copilot-sdk,release-changelog.md,55.38,other_owner,0.0708
40,14,mono/SkiaSharp,update-release-notes.md,2,0.0401,35.0,mono/SkiaSharp,auto-triage.md,6.82,,,,,,0.0724,2434.0,github/copilot-sdk,release-changelog.md,55.82,other_owner,0.0724
41,14,mono/SkiaSharp,update-release-notes.md,3,0.0208,31.0,mono/SkiaSharp,auto-triage.md,7.85,,,,,,0.0498,2155.0,tosin2013/mcp-adr-analysis-server,ai-release-notes-agent.md,71.2,other_owner,0.0498
42,14,mono/SkiaSharp,update-release-notes.md,4,0.0208,31.0,mono/SkiaSharp,auto-triage.md,8.96,,,,,,0.0498,2155.0,tosin2013/mcp-adr-analysis-server,ai-release-notes-agent.md,72.31,other_owner,0.0498
43,14,mono/SkiaSharp,update-release-notes.md,5,0.0208,31.0,mono/SkiaSharp,auto-triage.md,9.57,,,,,,0.0498,2155.0,tosin2013/mcp-adr-analysis-server,ai-release-notes-agent.md,72.92,other_owner,0.0498
44,14,mono/SkiaSharp,update-release-notes.md,6,0.0208,31.0,mono/SkiaSharp,auto-triage.md,9.7,,,,,,0.0498,2155.0,tosin2013/mcp-adr-analysis-server,ai-release-notes-agent.md,73.05,other_owner,0.0498
45,14,mono/SkiaSharp,update-release-notes.md,7,0.0208,31.0,mono/SkiaSharp,auto-triage.md,13.88,,,,,,0.0498,2155.0,tosin2013/mcp-adr-analysis-server,ai-release-notes-agent.md,77.23,other_owner,0.0498
46,14,mono/SkiaSharp,update-release-notes.md,8,0.0208,31.0,mono/SkiaSharp,auto-triage.md,13.92,,,,,,0.0498,2155.0,tosin2013/mcp-adr-analysis-server,ai-release-notes-agent.md,77.27,other_owner,0.0498
47,14,mono/SkiaSharp,update-release-notes.md,9,0.0263,23.0,mono/SkiaSharp,auto-skia-sync.md,16.06,,,,,,0.0772,2022.0,dotnet/macios,code-radiator.md,17.63,other_owner,0.0772
48,14,mono/SkiaSharp,update-release-notes.md,10,0.0328,25.0,mono/SkiaSharp,auto-skia-sync.md,32.35,,,,,,0.061,1884.0,carlkidcrypto/ezsnmp,sync_open_prs_with_main.md,61.6,other_owner,0.061
49,14,mono/SkiaSharp,update-release-notes.md,11,0.0537,23.0,mono/SkiaSharp,auto-skia-sync.md,40.79,,,,,,0.0552,810.0,elastic/terraform-provider-elasticstack,openspec-verify-label.md,80.33,other_owner,0.0552
50,14,mono/SkiaSharp,update-release-notes.md,12,0.0449,25.0,mono/SkiaSharp,auto-skia-sync.md,34.36,,,,,,0.0559,810.0,elastic/terraform-provider-elasticstack,openspec-verify-label.md,80.46,other_owner,0.0559
51,14,mono/SkiaSharp,update-release-notes.md,13,0.045,25.0,mono/SkiaSharp,auto-skia-sync.md,38.46,,,,,,0.056,810.0,elastic/terraform-provider-elasticstack,openspec-verify-label.md,84.55,other_owner,0.056
52,14,mono/SkiaSharp,update-release-notes.md,14,0.0488,25.0,mono/SkiaSharp,auto-skia-sync.md,39.32,,,,,,0.062,1249.0,microsoft/aspire,extension-changelog.md,23.92,other_owner,0.062
53,14,mono/SkiaSharp,update-release-notes.md,15,0.0501,25.0,mono/SkiaSharp,auto-skia-sync.md,42.52,,,,,,0.0619,1249.0,microsoft/aspire,extension-changelog.md,27.12,other_owner,0.0619
54,15,uxsoft/AppleWirelessKeyboard,repo-assist.md,1,,,,,,,,,,,1.0,991.0,py-why/dowhy,repo-assist.md,35.09,other_owner,1.0
55,16,dotnet/maui,agentic-labeler.md,1,0.0717,75.0,dotnet/maui,copilot-evaluate-tests.md,29.93,0.0842,2753.0,dotnet/skills,issue-triage.md,8.2,0.0958,2374.0,Kong/kongctl,slash-cmd-issue-triage.md,31.03,other_owner,0.0958
56,16,dotnet/maui,agentic-labeler.md,2,0.0717,75.0,dotnet/maui,copilot-evaluate-tests.md,29.96,0.0842,2753.0,dotnet/skills,issue-triage.md,8.24,0.0958,2374.0,Kong/kongctl,slash-cmd-issue-triage.md,31.06,other_owner,0.0958
57,16,dotnet/maui,agentic-labeler.md,3,0.0717,75.0,dotnet/maui,copilot-evaluate-tests.md,33.11,0.0842,2753.0,dotnet/skills,issue-triage.md,11.39,0.0958,2374.0,Kong/kongctl,slash-cmd-issue-triage.md,34.21,other_owner,0.0958
58,16,dotnet/maui,agentic-labeler.md,4,0.0717,75.0,dotnet/maui,copilot-evaluate-tests.md,34.88,0.0842,2753.0,dotnet/skills,issue-triage.md,13.16,0.0958,2374.0,Kong/kongctl,slash-cmd-issue-triage.md,35.98,other_owner,0.0958
59,16,dotnet/maui,agentic-labeler.md,5,0.0721,75.0,dotnet/maui,copilot-evaluate-tests.md,36.19,0.0893,2753.0,dotnet/skills,issue-triage.md,14.47,0.0944,2374.0,Kong/kongctl,slash-cmd-issue-triage.md,37.29,other_owner,0.0944
60,16,dotnet/maui,agentic-labeler.md,6,0.0721,75.0,dotnet/maui,copilot-evaluate-tests.md,63.14,0.1031,2758.0,dotnet/skills,issue-triage.md,7.51,0.0944,2374.0,Kong/kongctl,slash-cmd-issue-triage.md,64.24,same_owner,0.1031
61,17,dotnet/maui,ci-status-fix-net11.md,1,0.1609,68.0,dotnet/maui,ci-status-net11.md,14.77,0.2099,267.0,dotnet/runtime,ci-failure-fix.md,14.2,0.0791,421.0,Azure/azure-sdk-for-js,mgmt-review.md,77.18,same_owner,0.2099
62,18,dotnet/maui,ci-status-fix.md,1,0.155,68.0,dotnet/maui,ci-status-net11.md,14.77,0.2129,267.0,dotnet/runtime,ci-failure-fix.md,14.2,0.0807,421.0,Azure/azure-sdk-for-js,mgmt-review.md,77.18,same_owner,0.2129
63,19,dotnet/maui,ci-status-main.md,1,0.0408,59.0,dotnet/maui,agentic-labeler.md,17.91,0.2636,276.0,dotnet/runtime,ci-failure-scan.md,33.14,0.0764,245.0,openvinotoolkit/openvino,ci-doctor-mq.md,20.25,same_owner,0.2636
64,19,dotnet/maui,ci-status-main.md,2,0.9775,68.0,dotnet/maui,ci-status-net11.md,0.96,0.2636,276.0,dotnet/runtime,ci-failure-scan.md,34.1,0.0764,245.0,openvinotoolkit/openvino,ci-doctor-mq.md,21.21,same_repo,0.9775
65,19,dotnet/maui,ci-status-main.md,3,0.9775,68.0,dotnet/maui,ci-status-net11.md,9.01,0.2636,276.0,dotnet/runtime,ci-failure-scan.md,42.14,0.0764,245.0,openvinotoolkit/openvino,ci-doctor-mq.md,29.26,same_repo,0.9775
66,19,dotnet/maui,ci-status-main.md,4,0.8155,68.0,dotnet/maui,ci-status-net11.md,14.77,0.2401,276.0,dotnet/runtime,ci-failure-scan.md,47.91,0.0846,250.0,openvinotoolkit/openvino,ci-doctor-mq.md,6.15,same_repo,0.8155
67,19,dotnet/maui,ci-status-main.md,5,0.8819,71.0,dotnet/maui,ci-status-net11.md,2.09,0.2389,276.0,dotnet/runtime,ci-failure-scan.md,49.99,0.0877,254.0,openvinotoolkit/openvino,ci-doctor-mq.md,0.07,same_repo,0.8819
68,20,dotnet/maui,ci-status-net11.md,1,0.0404,59.0,dotnet/maui,agentic-labeler.md,17.91,0.26,276.0,dotnet/runtime,ci-failure-scan.md,33.14,0.0755,245.0,openvinotoolkit/openvino,ci-doctor-mq.md,20.25,same_owner,0.26
69,20,dotnet/maui,ci-status-net11.md,2,0.9775,63.0,dotnet/maui,ci-status-main.md,0.96,0.26,276.0,dotnet/runtime,ci-failure-scan.md,34.1,0.0755,245.0,openvinotoolkit/openvino,ci-doctor-mq.md,21.21,same_repo,0.9775
70,20,dotnet/maui,ci-status-net11.md,3,0.9775,63.0,dotnet/maui,ci-status-main.md,9.01,0.26,276.0,dotnet/runtime,ci-failure-scan.md,42.14,0.0755,245.0,openvinotoolkit/openvino,ci-doctor-mq.md,29.26,same_repo,0.9775
71,20,dotnet/maui,ci-status-net11.md,4,0.8174,63.0,dotnet/maui,ci-status-main.md,14.77,0.2375,276.0,dotnet/runtime,ci-failure-scan.md,47.91,0.084,250.0,openvinotoolkit/openvino,ci-doctor-mq.md,6.15,same_repo,0.8174
72,20,dotnet/maui,ci-status-net11.md,5,0.8822,66.0,dotnet/maui,ci-status-main.md,2.09,0.2368,276.0,dotnet/runtime,ci-failure-scan.md,49.99,0.0871,254.0,openvinotoolkit/openvino,ci-doctor-mq.md,0.07,same_repo,0.8822
73,21,dotnet/maui,copilot-evaluate-tests.md,1,0.0165,86.0,dotnet/maui,daily-repo-status.md,39.94,0.0682,294.0,dotnet/runtime,code-review.md,0.54,0.0535,624.0,pulumi/pulumi-terraform-bridge,terraform-bridge-pr-review.md,18.83,same_owner,0.0682
74,21,dotnet/maui,copilot-evaluate-tests.md,2,0.0165,86.0,dotnet/maui,daily-repo-status.md,40.2,0.0682,294.0,dotnet/runtime,code-review.md,0.81,0.0535,624.0,pulumi/pulumi-terraform-bridge,terraform-bridge-pr-review.md,19.09,same_owner,0.0682
75,21,dotnet/maui,copilot-evaluate-tests.md,3,0.0157,86.0,dotnet/maui,daily-repo-status.md,61.05,0.1767,265.0,dotnet/runtime,breaking-change-doc.md,11.69,0.0669,1269.0,microsoft/aspire,pr-docs-check.md,7.99,same_owner,0.1767
76,21,dotnet/maui,copilot-evaluate-tests.md,4,0.0152,86.0,dotnet/maui,daily-repo-status.md,75.9,0.1743,265.0,dotnet/runtime,breaking-change-doc.md,26.54,0.071,2300.0,microsoft/apm,pr-review-panel.md,4.22,same_owner,0.1743
77,21,dotnet/maui,copilot-evaluate-tests.md,5,0.178,81.0,dotnet/maui,copilot-review-tests.md,6.93,0.1743,265.0,dotnet/runtime,breaking-change-doc.md,74.8,0.0723,221.0,Azure/azure-sdk-for-net,mgmt-review.md,19.66,same_repo,0.178
78,21,dotnet/maui,copilot-evaluate-tests.md,6,0.178,81.0,dotnet/maui,copilot-review-tests.md,6.96,0.1743,265.0,dotnet/runtime,breaking-change-doc.md,74.83,0.0723,221.0,Azure/azure-sdk-for-net,mgmt-review.md,19.69,same_repo,0.178
79,22,dotnet/maui,copilot-review-tests.md,1,0.1706,75.0,dotnet/maui,copilot-evaluate-tests.md,54.19,0.0981,265.0,dotnet/runtime,breaking-change-doc.md,65.89,0.0785,2610.0,henrybravo/docker-sandbox-run-copilot,check-copilot-version.md,58.61,same_repo,0.1706
80,22,dotnet/maui,copilot-review-tests.md,2,0.1759,75.0,dotnet/maui,copilot-evaluate-tests.md,55.07,0.1002,265.0,dotnet/runtime,breaking-change-doc.md,66.76,0.0801,2610.0,henrybravo/docker-sandbox-run-copilot,check-copilot-version.md,59.49,same_repo,0.1759
81,22,dotnet/maui,copilot-review-tests.md,3,0.1795,75.0,dotnet/maui,copilot-evaluate-tests.md,56.18,0.1002,265.0,dotnet/runtime,breaking-change-doc.md,67.87,0.0735,2610.0,henrybravo/docker-sandbox-run-copilot,check-copilot-version.md,60.6,same_repo,0.1795
82,22,dotnet/maui,copilot-review-tests.md,4,0.1795,75.0,dotnet/maui,copilot-evaluate-tests.md,63.14,0.1002,265.0,dotnet/runtime,breaking-change-doc.md,74.83,0.0735,2610.0,henrybravo/docker-sandbox-run-copilot,check-copilot-version.md,67.56,same_repo,0.1795
83,22,dotnet/maui,copilot-review-tests.md,5,0.1795,75.0,dotnet/maui,copilot-evaluate-tests.md,63.89,0.1002,265.0,dotnet/runtime,breaking-change-doc.md,75.59,0.0735,2610.0,henrybravo/docker-sandbox-run-copilot,check-copilot-version.md,68.31,same_repo,0.1795
84,22,dotnet/maui,copilot-review-tests.md,6,0.1795,75.0,dotnet/maui,copilot-evaluate-tests.md,65.1,0.1002,265.0,dotnet/runtime,breaking-change-doc.md,76.79,0.0735,2610.0,henrybravo/docker-sandbox-run-copilot,check-copilot-version.md,69.52,same_repo,0.1795
85,22,dotnet/maui,copilot-review-tests.md,7,0.1079,75.0,dotnet/maui,copilot-evaluate-tests.md,70.96,0.0629,279.0,dotnet/runtime,ci-failure-scan.md,47.85,0.0616,222.0,Azure/azure-sdk-for-net,mgmt-review.md,23.39,same_repo,0.1079
86,23,dotnet/maui,daily-repo-status.md,1,,,,,,,,,,,1.0,513.0,microsoft/Web-Dev-For-Beginners,daily-repo-status.md,7.03,other_owner,1.0
87,23,dotnet/maui,daily-repo-status.md,2,,,,,,,,,,,1.0,2.0,apache/cloudstack,daily-repo-status.md,0.91,other_owner,1.0
88,23,dotnet/maui,daily-repo-status.md,3,0.0205,89.0,dotnet/maui,rerun-review-scanner.md,8.95,0.0532,1419.0,dotnet/fsharp,repo-assist.md,93.27,1.0,2.0,apache/cloudstack,daily-repo-status.md,120.2,other_owner,1.0
89,24,dotnet/maui,rerun-review-scanner.md,1,0.0606,59.0,dotnet/maui,agentic-labeler.md,17.97,0.0502,1427.0,dotnet/fsharp,repo-assist.md,53.53,0.0616,223.0,Azure/azure-sdk-for-net,mgmt-review.md,4.76,other_owner,0.0616
90,24,dotnet/maui,rerun-review-scanner.md,2,0.0607,59.0,dotnet/maui,agentic-labeler.md,24.95,0.0502,1427.0,dotnet/fsharp,repo-assist.md,60.51,0.0617,223.0,Azure/azure-sdk-for-net,mgmt-review.md,11.74,other_owner,0.0617
91,24,dotnet/maui,rerun-review-scanner.md,3,0.0607,59.0,dotnet/maui,agentic-labeler.md,26.92,0.0502,1427.0,dotnet/fsharp,repo-assist.md,62.48,0.0617,223.0,Azure/azure-sdk-for-net,mgmt-review.md,13.71,other_owner,0.0617
92,24,dotnet/maui,rerun-review-scanner.md,4,0.0615,59.0,dotnet/maui,agentic-labeler.md,31.71,0.0499,1427.0,dotnet/fsharp,repo-assist.md,67.27,0.0623,223.0,Azure/azure-sdk-for-net,mgmt-review.md,18.5,other_owner,0.0623
93,24,dotnet/maui,rerun-review-scanner.md,5,0.0526,59.0,dotnet/maui,agentic-labeler.md,34.74,0.0511,172.0,dotnet/msbuild,flaky-test-detector.agent.md,20.09,0.0637,223.0,Azure/azure-sdk-for-net,mgmt-review.md,21.53,other_owner,0.0637
94,25,dotnet/machinelearning,ci-scan-feedback.agent.md,1,0.0801,98.0,dotnet/machinelearning,repo-health-check.md,93.52,0.6524,271.0,dotnet/runtime,ci-failure-scan-feedback.md,6.81,0.0649,1438.0,fable-compiler/Fable,repo-assist.md,36.0,same_owner,0.6524
95,25,dotnet/machinelearning,ci-scan-feedback.agent.md,2,0.1535,96.0,dotnet/machinelearning,ci-scan.agent.md,1.07,0.6535,272.0,dotnet/runtime,ci-failure-scan-feedback.md,0.93,0.0649,1438.0,fable-compiler/Fable,repo-assist.md,37.07,same_owner,0.6535
96,26,dotnet/machinelearning,ci-scan.agent.md,1,0.082,102.0,dotnet/machinelearning,repo-health-investigate.md,93.52,0.2459,283.0,dotnet/runtime,ci-failure-scan.md,10.68,0.0574,423.0,Azure/azure-sdk-for-js,mgmt-review.md,60.08,same_owner,0.2459
97,27,dotnet/machinelearning,issue-triage.agent.md,1,0.026,98.0,dotnet/machinelearning,repo-health-check.md,14.0,0.0315,1419.0,dotnet/fsharp,repo-assist.md,4.24,0.0815,2423.0,github/copilot-sdk,issue-triage.md,64.89,other_owner,0.0815
98,28,dotnet/machinelearning,repo-health-check.md,1,,,,,,0.1142,2700.0,dotnet/skills,devops-health-check.md,1.41,0.056,1932.0,foxminchan/BookWorm,daily-repo-status.md,16.79,same_owner,0.1142
99,28,dotnet/machinelearning,repo-health-check.md,2,0.1978,102.0,dotnet/machinelearning,repo-health-investigate.md,3.67,0.1142,2700.0,dotnet/skills,devops-health-check.md,5.08,0.056,1932.0,foxminchan/BookWorm,daily-repo-status.md,20.46,same_repo,0.1978
100,29,dotnet/machinelearning,repo-health-groom.md,1,,,,,,0.1681,2717.0,dotnet/skills,devops-health-groom.md,1.41,0.0468,584.0,licensee/licensee,repo-assist.md,4.67,same_owner,0.1681
101,29,dotnet/machinelearning,repo-health-groom.md,2,0.1305,98.0,dotnet/machinelearning,repo-health-check.md,3.67,0.1681,2717.0,dotnet/skills,devops-health-groom.md,5.08,0.0468,584.0,licensee/licensee,repo-assist.md,8.34,same_owner,0.1681
102,30,dotnet/machinelearning,repo-health-investigate.md,1,,,,,,0.0997,2735.0,dotnet/skills,devops-health-investigate.md,3.93,0.0571,2577.0,zircote/rlm-rs,ci-doctor.md,17.7,same_owner,0.0997
103,30,dotnet/machinelearning,repo-health-investigate.md,2,0.1978,98.0,dotnet/machinelearning,repo-health-check.md,3.67,0.0997,2735.0,dotnet/skills,devops-health-investigate.md,7.6,0.0571,2577.0,zircote/rlm-rs,ci-doctor.md,21.37,same_repo,0.1978
104,31,npgsql/efcore.pg,sync-to-latest-ef.md,1,,,,,,,,,,,0.061,2089.0,kaito-project/aikit,daily-test-improver.md,114.48,other_owner,0.061
105,31,npgsql/efcore.pg,sync-to-latest-ef.md,2,,,,,,,,,,,0.0628,2089.0,kaito-project/aikit,daily-test-improver.md,131.5,other_owner,0.0628
106,31,npgsql/efcore.pg,sync-to-latest-ef.md,3,,,,,,,,,,,,,,,,,
107,32,microsoft/vstest,build-failure-analysis-command.md,1,,,,,,,,,,,,,,,,,
108,33,microsoft/vstest,build-failure-analysis.md,1,0.0154,140.0,microsoft/vstest,pr-expert-reviewer.md,36.15,0.0218,1060.0,microsoft/security-devops-action,ci-doctor.md,94.87,0.0422,2789.0,Azure-Samples/octocat-supply,auto-analyze-failures.md,105.52,other_owner,0.0422
109,34,microsoft/vstest,code-simplifier.md,1,0.045,131.0,microsoft/vstest,issue-repro-triage.md,32.12,0.5779,2592.0,microsoft/agentrc,code-simplifier.md,111.51,0.9974,1025.0,baizhiheizi/quill,code-simplifier.md,9.6,other_owner,0.9974
110,35,microsoft/vstest,daily-file-diet.md,1,0.0356,138.0,microsoft/vstest,pr-expert-reviewer.md,38.08,0.0631,2592.0,microsoft/agentrc,code-simplifier.md,111.51,0.6327,1031.0,baizhiheizi/quill,large-file-simplifier.md,9.6,other_owner,0.6327
111,36,microsoft/vstest,daily-qa.md,1,,,,,,0.0559,1258.0,microsoft/aspire,milestone-changelog.md,7.23,0.0891,584.0,licensee/licensee,repo-assist.md,71.29,other_owner,0.0891
112,36,microsoft/vstest,daily-qa.md,2,0.0981,138.0,microsoft/vstest,pr-expert-reviewer.md,0.04,0.0559,1258.0,microsoft/aspire,milestone-changelog.md,7.27,0.0891,584.0,licensee/licensee,repo-assist.md,71.33,same_repo,0.0981
113,36,microsoft/vstest,daily-qa.md,3,0.0979,144.0,microsoft/vstest,pr-iteration.md,0.78,0.0578,1258.0,microsoft/aspire,milestone-changelog.md,8.2,0.0895,584.0,licensee/licensee,repo-assist.md,72.27,same_repo,0.0979
114,36,microsoft/vstest,daily-qa.md,4,0.1119,123.0,microsoft/vstest,issue-repro-triage.md,0.13,0.0576,1258.0,microsoft/aspire,milestone-changelog.md,8.33,0.0917,1460.0,ionide/ionide-vscode-fsharp,repo-assist.md,76.05,same_repo,0.1119
115,36,microsoft/vstest,daily-qa.md,5,0.1303,124.0,microsoft/vstest,issue-repro-triage.md,0.82,0.0576,1258.0,microsoft/aspire,milestone-changelog.md,9.15,0.0951,1460.0,ionide/ionide-vscode-fsharp,repo-assist.md,76.87,same_repo,0.1303
116,36,microsoft/vstest,daily-qa.md,6,0.1303,124.0,microsoft/vstest,issue-repro-triage.md,0.83,0.0576,1258.0,microsoft/aspire,milestone-changelog.md,9.16,0.0951,1460.0,ionide/ionide-vscode-fsharp,repo-assist.md,76.87,same_repo,0.1303
117,36,microsoft/vstest,daily-qa.md,7,0.1278,124.0,microsoft/vstest,issue-repro-triage.md,4.83,0.0584,1258.0,microsoft/aspire,milestone-changelog.md,13.16,0.0956,1460.0,ionide/ionide-vscode-fsharp,repo-assist.md,80.88,same_repo,0.1278
118,37,microsoft/vstest,efficiency-improver.md,1,0.0598,130.0,microsoft/vstest,issue-repro-triage.md,32.14,0.0682,1383.0,microsoft/finnts,repo-improver.md,50.63,0.9733,159.0,Shazwazza/Articulate,efficiency-improver.md,24.71,other_owner,0.9733
119,38,microsoft/vstest,http-link-checker.md,1,0.0549,150.0,microsoft/vstest,pr-iteration.md,27.08,0.0973,2652.0,microsoft/Microsoft-AI-Decision-Framework,link-checker.md,29.81,0.9347,2119.0,githubnext/agentics,link-checker.md,113.38,other_owner,0.9347
120,38,microsoft/vstest,http-link-checker.md,2,0.5974,134.0,microsoft/vstest,md-link-checker.md,1.92,0.0973,2652.0,microsoft/Microsoft-AI-Decision-Framework,link-checker.md,31.73,0.9347,2119.0,githubnext/agentics,link-checker.md,115.3,other_owner,0.9347
121,39,microsoft/vstest,issue-repro-triage.md,1,,,,,,0.0632,1155.0,microsoft/vscode-mypy,issue-triage.md,73.6,0.0897,54.0,uxsoft/AppleWirelessKeyboard,repo-assist.md,19.63,other_owner,0.0897
122,39,microsoft/vstest,issue-repro-triage.md,2,0.0857,111.0,microsoft/vstest,daily-qa.md,0.2,0.0634,1155.0,microsoft/vscode-mypy,issue-triage.md,73.8,0.0901,54.0,uxsoft/AppleWirelessKeyboard,repo-assist.md,19.83,other_owner,0.0901
123,39,microsoft/vstest,issue-repro-triage.md,3,0.1231,144.0,microsoft/vstest,pr-iteration.md,0.78,0.0642,1155.0,microsoft/vscode-mypy,issue-triage.md,74.57,0.0939,54.0,uxsoft/AppleWirelessKeyboard,repo-assist.md,20.61,same_repo,0.1231
124,39,microsoft/vstest,issue-repro-triage.md,4,0.1192,144.0,microsoft/vstest,pr-iteration.md,0.9,0.0664,1155.0,microsoft/vscode-mypy,issue-triage.md,74.7,0.102,54.0,uxsoft/AppleWirelessKeyboard,repo-assist.md,20.74,same_repo,0.1192
125,39,microsoft/vstest,issue-repro-triage.md,5,0.1213,114.0,microsoft/vstest,daily-qa.md,0.08,0.0664,1155.0,microsoft/vscode-mypy,issue-triage.md,74.78,0.102,54.0,uxsoft/AppleWirelessKeyboard,repo-assist.md,20.82,same_repo,0.1213
126,39,microsoft/vstest,issue-repro-triage.md,6,0.1165,144.0,microsoft/vstest,pr-iteration.md,1.73,0.071,1155.0,microsoft/vscode-mypy,issue-triage.md,75.52,0.1081,1460.0,ionide/ionide-vscode-fsharp,repo-assist.md,76.87,same_repo,0.1165
127,39,microsoft/vstest,issue-repro-triage.md,7,0.1235,115.0,microsoft/vstest,daily-qa.md,0.11,0.071,1155.0,microsoft/vscode-mypy,issue-triage.md,75.64,0.1081,1460.0,ionide/ionide-vscode-fsharp,repo-assist.md,76.98,same_repo,0.1235
128,39,microsoft/vstest,issue-repro-triage.md,8,0.1277,150.0,microsoft/vstest,pr-iteration.md,0.84,0.0771,1155.0,microsoft/vscode-mypy,issue-triage.md,76.48,0.1145,1460.0,ionide/ionide-vscode-fsharp,repo-assist.md,77.83,same_repo,0.1277
129,39,microsoft/vstest,issue-repro-triage.md,9,0.1281,115.0,microsoft/vstest,daily-qa.md,4.01,0.0737,1155.0,microsoft/vscode-mypy,issue-triage.md,79.53,0.1112,1460.0,ionide/ionide-vscode-fsharp,repo-assist.md,80.87,same_repo,0.1281
130,39,microsoft/vstest,issue-repro-triage.md,10,0.1262,115.0,microsoft/vstest,daily-qa.md,4.01,0.0742,1155.0,microsoft/vscode-mypy,issue-triage.md,79.53,0.1111,1460.0,ionide/ionide-vscode-fsharp,repo-assist.md,80.88,same_repo,0.1262
131,39,microsoft/vstest,issue-repro-triage.md,11,0.1575,117.0,microsoft/vstest,daily-qa.md,0.03,0.0701,1155.0,microsoft/vscode-mypy,issue-triage.md,79.56,0.1024,1460.0,ionide/ionide-vscode-fsharp,repo-assist.md,80.91,same_repo,0.1575
132,40,microsoft/vstest,malicious-code-scan.md,1,0.0478,140.0,microsoft/vstest,pr-expert-reviewer.md,36.15,0.0569,2592.0,microsoft/agentrc,code-simplifier.md,111.51,0.9987,1033.0,baizhiheizi/quill,malicious-code-scan.md,9.6,other_owner,0.9987
133,41,microsoft/vstest,markdown-linter.md,1,0.0449,143.0,microsoft/vstest,pr-expert-reviewer.md,24.87,0.0635,2088.0,microsoft/wassette,scout.md,253.59,0.9933,2760.0,dotnet/skills,markdown-linter.md,56.92,other_owner,0.9933
134,42,microsoft/vstest,md-link-checker.md,1,0.0542,130.0,microsoft/vstest,issue-repro-triage.md,23.2,0.0772,2652.0,microsoft/Microsoft-AI-Decision-Framework,link-checker.md,29.81,0.5796,2119.0,githubnext/agentics,link-checker.md,113.38,other_owner,0.5796
135,42,microsoft/vstest,md-link-checker.md,2,0.5974,119.0,microsoft/vstest,http-link-checker.md,0.21,0.0772,2652.0,microsoft/Microsoft-AI-Decision-Framework,link-checker.md,30.02,0.5796,2119.0,githubnext/agentics,link-checker.md,113.59,same_repo,0.5974
136,42,microsoft/vstest,md-link-checker.md,3,0.5497,119.0,microsoft/vstest,http-link-checker.md,9.02,0.0782,2652.0,microsoft/Microsoft-AI-Decision-Framework,link-checker.md,38.83,0.5352,2119.0,githubnext/agentics,link-checker.md,122.4,same_repo,0.5497
137,43,microsoft/vstest,msbuild-quality-review.md,1,,,,,,,,,,,,,,,,,
138,44,microsoft/vstest,pr-expert-reviewer.md,1,,,,,,0.0644,327.0,microsoft/pxt,documentation.md,152.48,0.0916,345.0,Azure/azure-sdk-for-js,archie.md,5.68,other_owner,0.0916
139,44,microsoft/vstest,pr-expert-reviewer.md,2,0.0981,111.0,microsoft/vstest,daily-qa.md,0.04,0.0644,327.0,microsoft/pxt,documentation.md,152.52,0.0916,345.0,Azure/azure-sdk-for-js,archie.md,5.72,same_repo,0.0981
140,44,microsoft/vstest,pr-expert-reviewer.md,3,0.098,111.0,microsoft/vstest,daily-qa.md,1.93,0.0644,327.0,microsoft/pxt,documentation.md,154.4,0.0914,345.0,Azure/azure-sdk-for-js,archie.md,7.61,same_repo,0.098
141,44,microsoft/vstest,pr-expert-reviewer.md,4,0.0942,111.0,microsoft/vstest,daily-qa.md,2.03,0.0606,325.0,microsoft/pxt,documentation.md,154.63,0.076,345.0,Azure/azure-sdk-for-js,archie.md,7.71,same_repo,0.0942
142,44,microsoft/vstest,pr-expert-reviewer.md,5,0.0959,111.0,microsoft/vstest,daily-qa.md,5.93,0.0612,325.0,microsoft/pxt,documentation.md,158.54,0.0765,345.0,Azure/azure-sdk-for-js,archie.md,11.62,same_repo,0.0959
143,44,microsoft/vstest,pr-expert-reviewer.md,6,0.1267,117.0,microsoft/vstest,daily-qa.md,7.27,0.0609,325.0,microsoft/pxt,documentation.md,165.82,0.0778,345.0,Azure/azure-sdk-for-js,archie.md,18.89,same_repo,0.1267
144,45,microsoft/vstest,pr-iteration.md,1,0.0987,111.0,microsoft/vstest,daily-qa.md,0.2,0.0584,1147.0,microsoft/vscode-mypy,extension-template-sync.md,75.62,0.12,1414.0,dotnet/fsharp,regression-pr-shepherd.md,41.11,other_owner,0.12
145,45,microsoft/vstest,pr-iteration.md,2,0.1058,122.0,microsoft/vstest,issue-repro-triage.md,0.7,0.0584,1147.0,microsoft/vscode-mypy,extension-template-sync.md,76.32,0.12,1414.0,dotnet/fsharp,regression-pr-shepherd.md,41.82,other_owner,0.12
146,45,microsoft/vstest,pr-iteration.md,3,0.1051,122.0,microsoft/vstest,issue-repro-triage.md,0.78,0.0551,1255.0,microsoft/aspire,milestone-changelog.md,19.84,0.1186,1414.0,dotnet/fsharp,regression-pr-shepherd.md,41.89,other_owner,0.1186
147,45,microsoft/vstest,pr-iteration.md,4,0.1228,123.0,microsoft/vstest,issue-repro-triage.md,0.04,0.0551,1255.0,microsoft/aspire,milestone-changelog.md,19.88,0.1186,1414.0,dotnet/fsharp,regression-pr-shepherd.md,41.94,same_repo,0.1228
148,45,microsoft/vstest,pr-iteration.md,5,0.1205,123.0,microsoft/vstest,issue-repro-triage.md,0.95,0.0617,1147.0,microsoft/vscode-mypy,extension-template-sync.md,77.35,0.1162,1414.0,dotnet/fsharp,regression-pr-shepherd.md,42.84,same_repo,0.1205
149,45,microsoft/vstest,pr-iteration.md,6,0.1197,123.0,microsoft/vstest,issue-repro-triage.md,0.95,0.0625,1147.0,microsoft/vscode-mypy,extension-template-sync.md,77.35,0.1167,1414.0,dotnet/fsharp,regression-pr-shepherd.md,42.85,same_repo,0.1197
150,45,microsoft/vstest,pr-iteration.md,7,0.1251,123.0,microsoft/vstest,issue-repro-triage.md,1.07,0.0614,1147.0,microsoft/vscode-mypy,extension-template-sync.md,77.47,0.1132,1414.0,dotnet/fsharp,regression-pr-shepherd.md,42.96,same_repo,0.1251
151,45,microsoft/vstest,pr-iteration.md,8,0.1238,123.0,microsoft/vstest,issue-repro-triage.md,1.08,0.0612,1147.0,microsoft/vscode-mypy,extension-template-sync.md,77.48,0.1122,1414.0,dotnet/fsharp,regression-pr-shepherd.md,42.97,same_repo,0.1238
152,45,microsoft/vstest,pr-iteration.md,9,0.1247,128.0,microsoft/vstest,issue-repro-triage.md,3.05,0.0619,1147.0,microsoft/vscode-mypy,extension-template-sync.md,81.35,0.1129,1414.0,dotnet/fsharp,regression-pr-shepherd.md,46.85,same_repo,0.1247
153,46,microsoft/vstest,repository-quality-improver.md,1,0.0432,140.0,microsoft/vstest,pr-expert-reviewer.md,36.15,0.0596,1381.0,microsoft/finnts,repo-improver.md,50.63,0.9985,1046.0,baizhiheizi/quill,repository-quality-improver.md,9.6,other_owner,0.9985
154,47,dotnet/SqlClient,issue-triage.md,1,,,,,,0.0926,2753.0,dotnet/skills,issue-triage.md,5.44,0.0884,307.0,microsoft/pxt-arcade,triage.md,160.08,same_owner,0.0926
155,47,dotnet/SqlClient,issue-triage.md,2,,,,,,0.0924,2753.0,dotnet/skills,issue-triage.md,5.86,0.085,307.0,microsoft/pxt-arcade,triage.md,160.51,same_owner,0.0924
156,47,dotnet/SqlClient,issue-triage.md,3,,,,,,0.0786,2753.0,dotnet/skills,issue-triage.md,11.88,0.0842,307.0,microsoft/pxt-arcade,triage.md,166.52,other_owner,0.0842
157,47,dotnet/SqlClient,issue-triage.md,4,,,,,,0.0791,2758.0,dotnet/skills,issue-triage.md,0.98,0.0692,2810.0,microsoft/AI-Engineering-Coach,issue-triage.md,3.55,same_owner,0.0791
158,47,dotnet/SqlClient,issue-triage.md,5,,,,,,0.0791,2758.0,dotnet/skills,issue-triage.md,5.37,0.0692,2810.0,microsoft/AI-Engineering-Coach,issue-triage.md,7.94,same_owner,0.0791
159,48,Shazwazza/Articulate,efficiency-improver.md,1,,,,,,,,,,,0.3827,1130.0,talk2MeGooseman/stream_closed_captioner_phoenix,daily-test-improver.md,86.0,other_owner,0.3827
160,48,Shazwazza/Articulate,efficiency-improver.md,2,,,,,,,,,,,0.532,1035.0,baizhiheizi/quill,perf-improver.md,2.08,other_owner,0.532
161,49,dotnet/msbuild,close-stale-prs.agent.md,1,,,,,,0.0539,1419.0,dotnet/fsharp,repo-assist.md,0.9,0.0655,2481.0,f/prompts.chat,spam-check.md,26.73,other_owner,0.0655
162,49,dotnet/msbuild,close-stale-prs.agent.md,2,,,,,,0.0659,1419.0,dotnet/fsharp,repo-assist.md,0.97,0.0823,2072.0,github/awesome-copilot,resource-staleness-report.md,26.56,other_owner,0.0823
163,49,dotnet/msbuild,close-stale-prs.agent.md,3,,,,,,0.977,2689.0,dotnet/skills,close-stale-prs.agent.md,12.94,0.0823,2072.0,github/awesome-copilot,resource-staleness-report.md,47.47,same_owner,0.977
164,49,dotnet/msbuild,close-stale-prs.agent.md,4,0.0435,167.0,dotnet/msbuild,flaky-test-detector.agent.md,0.13,0.977,2689.0,dotnet/skills,close-stale-prs.agent.md,69.06,0.0823,2072.0,github/awesome-copilot,resource-staleness-report.md,103.59,same_owner,0.977
165,49,dotnet/msbuild,close-stale-prs.agent.md,5,0.0514,172.0,dotnet/msbuild,flaky-test-detector.agent.md,4.82,0.977,2689.0,dotnet/skills,close-stale-prs.agent.md,76.88,0.1204,1380.0,rancher/dashboard,weekly-stale-issue-manager.md,3.31,same_owner,0.977
166,49,dotnet/msbuild,close-stale-prs.agent.md,6,0.0514,172.0,dotnet/msbuild,flaky-test-detector.agent.md,19.9,0.977,2689.0,dotnet/skills,close-stale-prs.agent.md,91.96,0.1204,1380.0,rancher/dashboard,weekly-stale-issue-manager.md,18.39,same_owner,0.977
167,50,dotnet/msbuild,flaky-test-detector.agent.md,1,0.0435,162.0,dotnet/msbuild,close-stale-prs.agent.md,76.9,0.1019,279.0,dotnet/runtime,ci-failure-scan.md,24.59,0.0783,1464.0,ionide/ionide-vscode-fsharp,repo-assist.md,87.42,same_owner,0.1019
168,50,dotnet/msbuild,flaky-test-detector.agent.md,2,0.0439,162.0,dotnet/msbuild,close-stale-prs.agent.md,77.02,0.104,279.0,dotnet/runtime,ci-failure-scan.md,24.72,0.0796,1464.0,ionide/ionide-vscode-fsharp,repo-assist.md,87.55,same_owner,0.104
169,50,dotnet/msbuild,flaky-test-detector.agent.md,3,0.0466,162.0,dotnet/msbuild,close-stale-prs.agent.md,77.87,0.1045,279.0,dotnet/runtime,ci-failure-scan.md,25.57,0.0819,1464.0,ionide/ionide-vscode-fsharp,repo-assist.md,88.4,same_owner,0.1045
170,50,dotnet/msbuild,flaky-test-detector.agent.md,4,0.0475,162.0,dotnet/msbuild,close-stale-prs.agent.md,77.96,0.1109,279.0,dotnet/runtime,ci-failure-scan.md,25.66,0.082,1489.0,fsprojects/fantomas,repo-assist.md,88.49,same_owner,0.1109
171,50,dotnet/msbuild,flaky-test-detector.agent.md,5,0.0513,162.0,dotnet/msbuild,close-stale-prs.agent.md,79.97,0.1115,279.0,dotnet/runtime,ci-failure-scan.md,27.66,0.0837,1484.0,fsprojects/fantomas,repo-assist.md,99.02,same_owner,0.1115
172,50,dotnet/msbuild,flaky-test-detector.agent.md,6,0.3863,177.0,dotnet/msbuild,flaky-test-fixer.agent.md,0.06,0.1136,279.0,dotnet/runtime,ci-failure-scan.md,27.72,0.0839,1484.0,fsprojects/fantomas,repo-assist.md,99.08,same_repo,0.3863
173,50,dotnet/msbuild,flaky-test-detector.agent.md,7,0.3774,178.0,dotnet/msbuild,flaky-test-fixer.agent.md,0.1,0.1152,279.0,dotnet/runtime,ci-failure-scan.md,27.82,0.0833,1484.0,fsprojects/fantomas,repo-assist.md,99.18,same_repo,0.3774
174,50,dotnet/msbuild,flaky-test-detector.agent.md,8,0.3882,179.0,dotnet/msbuild,flaky-test-fixer.agent.md,4.08,0.1151,279.0,dotnet/runtime,ci-failure-scan.md,31.9,0.0831,1484.0,fsprojects/fantomas,repo-assist.md,103.26,same_repo,0.3882
175,50,dotnet/msbuild,flaky-test-detector.agent.md,9,0.3882,179.0,dotnet/msbuild,flaky-test-fixer.agent.md,4.71,0.1151,279.0,dotnet/runtime,ci-failure-scan.md,32.54,0.0831,1484.0,fsprojects/fantomas,repo-assist.md,103.89,same_repo,0.3882
176,50,dotnet/msbuild,flaky-test-detector.agent.md,10,0.3882,179.0,dotnet/msbuild,flaky-test-fixer.agent.md,19.8,0.1151,279.0,dotnet/runtime,ci-failure-scan.md,47.62,0.0866,397.0,Azure/azure-sdk-for-js,fix-test-failures.md,7.6,same_repo,0.3882
177,51,dotnet/msbuild,flaky-test-fixer.agent.md,1,0.344,170.0,dotnet/msbuild,flaky-test-detector.agent.md,2.01,0.112,279.0,dotnet/runtime,ci-failure-scan.md,27.66,0.0784,1438.0,fable-compiler/Fable,repo-assist.md,33.18,same_repo,0.344
178,51,dotnet/msbuild,flaky-test-fixer.agent.md,2,0.391,171.0,dotnet/msbuild,flaky-test-detector.agent.md,0.06,0.1119,279.0,dotnet/runtime,ci-failure-scan.md,27.72,0.0781,1438.0,fable-compiler/Fable,repo-assist.md,33.23,same_repo,0.391
179,51,dotnet/msbuild,flaky-test-fixer.agent.md,3,0.3795,171.0,dotnet/msbuild,flaky-test-detector.agent.md,0.16,0.1135,279.0,dotnet/runtime,ci-failure-scan.md,27.82,0.0788,1438.0,fable-compiler/Fable,repo-assist.md,33.34,same_repo,0.3795
180,51,dotnet/msbuild,flaky-test-fixer.agent.md,4,0.39,173.0,dotnet/msbuild,flaky-test-detector.agent.md,4.71,0.1135,279.0,dotnet/runtime,ci-failure-scan.md,32.54,0.0788,1438.0,fable-compiler/Fable,repo-assist.md,38.05,same_repo,0.39
181,51,dotnet/msbuild,flaky-test-fixer.agent.md,5,0.39,173.0,dotnet/msbuild,flaky-test-detector.agent.md,19.8,0.1165,62.0,dotnet/maui,ci-status-fix.md,1.86,0.0808,397.0,Azure/azure-sdk-for-js,fix-test-failures.md,7.6,same_repo,0.39
182,52,dotnet/msbuild,review-on-open.agent.md,1,,,,,,,,,,,,,,,,,
183,52,dotnet/msbuild,review-on-open.agent.md,2,,,,,,,,,,,,,,,,,
184,52,dotnet/msbuild,review-on-open.agent.md,3,,,,,,,,,,,,,,,,,
185,52,dotnet/msbuild,review-on-open.agent.md,4,,,,,,,,,,,,,,,,,
186,52,dotnet/msbuild,review-on-open.agent.md,5,,,,,,,,,,,,,,,,,
187,52,dotnet/msbuild,review-on-open.agent.md,6,,,,,,,,,,,,,,,,,
188,52,dotnet/msbuild,review-on-open.agent.md,7,,,,,,,,,,,,,,,,,
189,52,dotnet/msbuild,review-on-open.agent.md,8,,,,,,,,,,,,,,,,,
190,52,dotnet/msbuild,review-on-open.agent.md,9,,,,,,,,,,,,,,,,,
191,52,dotnet/msbuild,review-on-open.agent.md,10,,,,,,,,,,,,,,,,,
192,52,dotnet/msbuild,review-on-open.agent.md,11,,,,,,,,,,,,,,,,,
193,52,dotnet/msbuild,review-on-open.agent.md,12,,,,,,,,,,,,,,,,,
194,53,dotnet/msbuild,review.agent.md,1,,,,,,,,,,,,,,,,,
195,53,dotnet/msbuild,review.agent.md,2,,,,,,,,,,,,,,,,,
196,53,dotnet/msbuild,review.agent.md,3,,,,,,,,,,,,,,,,,
197,53,dotnet/msbuild,review.agent.md,4,,,,,,,,,,,,,,,,,
198,53,dotnet/msbuild,review.agent.md,5,,,,,,,,,,,,,,,,,
199,53,dotnet/msbuild,review.agent.md,6,,,,,,,,,,,,,,,,,
200,54,Azure/azure-sdk-for-net,issue-triage.md,1,,,,,,0.9024,942.0,Azure/azure-sdk-for-rust,issue-triage.md,0.57,0.621,242.0,taosdata/TDengine,issue-triage.md,14.28,same_owner,0.9024
201,54,Azure/azure-sdk-for-net,issue-triage.md,2,,,,,,0.2008,942.0,Azure/azure-sdk-for-rust,issue-triage.md,3.72,0.135,2090.0,kaito-project/aikit,issue-triage.md,140.11,same_owner,0.2008
202,54,Azure/azure-sdk-for-net,issue-triage.md,3,,,,,,0.2043,942.0,Azure/azure-sdk-for-rust,issue-triage.md,6.66,0.1314,2090.0,kaito-project/aikit,issue-triage.md,143.05,same_owner,0.2043
203,54,Azure/azure-sdk-for-net,issue-triage.md,4,,,,,,0.2065,942.0,Azure/azure-sdk-for-rust,issue-triage.md,7.83,0.1335,2090.0,kaito-project/aikit,issue-triage.md,144.21,same_owner,0.2065
204,54,Azure/azure-sdk-for-net,issue-triage.md,5,,,,,,0.21,942.0,Azure/azure-sdk-for-rust,issue-triage.md,10.91,0.1348,2090.0,kaito-project/aikit,issue-triage.md,147.29,same_owner,0.21
205,54,Azure/azure-sdk-for-net,issue-triage.md,6,,,,,,0.2085,942.0,Azure/azure-sdk-for-rust,issue-triage.md,13.77,0.1338,2090.0,kaito-project/aikit,issue-triage.md,150.16,same_owner,0.2085
206,54,Azure/azure-sdk-for-net,issue-triage.md,7,,,,,,0.2072,942.0,Azure/azure-sdk-for-rust,issue-triage.md,14.86,0.1337,2090.0,kaito-project/aikit,issue-triage.md,151.25,same_owner,0.2072
207,54,Azure/azure-sdk-for-net,issue-triage.md,8,,,,,,0.2054,942.0,Azure/azure-sdk-for-rust,issue-triage.md,15.64,0.1322,2090.0,kaito-project/aikit,issue-triage.md,152.03,same_owner,0.2054
208,54,Azure/azure-sdk-for-net,issue-triage.md,9,,,,,,0.1802,942.0,Azure/azure-sdk-for-rust,issue-triage.md,23.56,0.1009,2090.0,kaito-project/aikit,issue-triage.md,159.95,same_owner,0.1802
209,54,Azure/azure-sdk-for-net,issue-triage.md,10,,,,,,0.1715,942.0,Azure/azure-sdk-for-rust,issue-triage.md,24.84,0.0959,2090.0,kaito-project/aikit,issue-triage.md,161.23,same_owner,0.1715
210,54,Azure/azure-sdk-for-net,issue-triage.md,11,,,,,,0.1714,942.0,Azure/azure-sdk-for-rust,issue-triage.md,25.69,0.0965,2090.0,kaito-project/aikit,issue-triage.md,162.07,same_owner,0.1714
211,54,Azure/azure-sdk-for-net,issue-triage.md,12,,,,,,0.1706,942.0,Azure/azure-sdk-for-rust,issue-triage.md,27.69,0.0962,2090.0,kaito-project/aikit,issue-triage.md,164.08,same_owner,0.1706
212,54,Azure/azure-sdk-for-net,issue-triage.md,13,,,,,,0.1731,942.0,Azure/azure-sdk-for-rust,issue-triage.md,27.85,0.0976,2090.0,kaito-project/aikit,issue-triage.md,164.24,same_owner,0.1731
213,54,Azure/azure-sdk-for-net,issue-triage.md,14,,,,,,0.1711,942.0,Azure/azure-sdk-for-rust,issue-triage.md,29.55,0.0965,2090.0,kaito-project/aikit,issue-triage.md,165.94,same_owner,0.1711
214,54,Azure/azure-sdk-for-net,issue-triage.md,15,,,,,,0.1704,942.0,Azure/azure-sdk-for-rust,issue-triage.md,34.59,0.0966,2090.0,kaito-project/aikit,issue-triage.md,170.98,same_owner,0.1704
215,54,Azure/azure-sdk-for-net,issue-triage.md,16,,,,,,0.7749,401.0,Azure/azure-sdk-for-js,issue-triage.md,1.32,0.0951,2090.0,kaito-project/aikit,issue-triage.md,175.27,same_owner,0.7749
216,54,Azure/azure-sdk-for-net,issue-triage.md,17,,,,,,0.8407,657.0,Azure/azure-sdk-for-go,issue-triage.md,0.98,0.0964,2090.0,kaito-project/aikit,issue-triage.md,179.24,same_owner,0.8407
217,54,Azure/azure-sdk-for-net,issue-triage.md,18,,,,,,0.8407,657.0,Azure/azure-sdk-for-go,issue-triage.md,2.78,0.0964,2090.0,kaito-project/aikit,issue-triage.md,181.03,same_owner,0.8407
218,54,Azure/azure-sdk-for-net,issue-triage.md,19,0.0678,225.0,Azure/azure-sdk-for-net,mgmt-review.md,14.62,0.8407,657.0,Azure/azure-sdk-for-go,issue-triage.md,65.91,0.1105,2758.0,dotnet/skills,issue-triage.md,15.57,same_owner,0.8407
219,54,Azure/azure-sdk-for-net,issue-triage.md,20,0.0678,225.0,Azure/azure-sdk-for-net,mgmt-review.md,15.62,0.8407,657.0,Azure/azure-sdk-for-go,issue-triage.md,66.91,0.1105,2758.0,dotnet/skills,issue-triage.md,16.57,same_owner,0.8407
220,55,Azure/azure-sdk-for-net,mgmt-review.md,1,0.0668,200.0,Azure/azure-sdk-for-net,issue-triage.md,77.45,0.1275,412.0,Azure/azure-sdk-for-js,mgmt-review.md,70.44,0.0845,1814.0,dotnet/android,android-reviewer.md,39.33,same_owner,0.1275
221,55,Azure/azure-sdk-for-net,mgmt-review.md,2,0.067,211.0,Azure/azure-sdk-for-net,issue-triage.md,52.34,0.1233,412.0,Azure/azure-sdk-for-js,mgmt-review.md,72.46,0.0858,1835.0,dotnet/android-tools,android-tools-reviewer.md,28.55,same_owner,0.1233
222,55,Azure/azure-sdk-for-net,mgmt-review.md,3,0.0671,211.0,Azure/azure-sdk-for-net,issue-triage.md,56.46,0.1221,412.0,Azure/azure-sdk-for-js,mgmt-review.md,76.58,0.0854,1835.0,dotnet/android-tools,android-tools-reviewer.md,32.68,same_owner,0.1221
223,55,Azure/azure-sdk-for-net,mgmt-review.md,4,0.0679,212.0,Azure/azure-sdk-for-net,issue-triage.md,58.14,0.1251,412.0,Azure/azure-sdk-for-js,mgmt-review.md,78.41,0.0848,1835.0,dotnet/android-tools,android-tools-reviewer.md,34.51,same_owner,0.1251
224,55,Azure/azure-sdk-for-net,mgmt-review.md,5,0.0687,212.0,Azure/azure-sdk-for-net,issue-triage.md,65.27,0.1203,412.0,Azure/azure-sdk-for-js,mgmt-review.md,85.54,0.0802,2037.0,dotnet/macios,macios-reviewer.md,35.01,same_owner,0.1203
225,55,Azure/azure-sdk-for-net,mgmt-review.md,6,0.0694,212.0,Azure/azure-sdk-for-net,issue-triage.md,65.31,0.1193,412.0,Azure/azure-sdk-for-js,mgmt-review.md,85.59,0.0809,1238.0,jonathanpeppers/dotnes,dotnes-reviewer.md,40.38,same_owner,0.1193
226,55,Azure/azure-sdk-for-net,mgmt-review.md,7,0.0694,212.0,Azure/azure-sdk-for-net,issue-triage.md,79.94,0.1193,412.0,Azure/azure-sdk-for-js,mgmt-review.md,100.22,0.0809,1238.0,jonathanpeppers/dotnes,dotnes-reviewer.md,55.01,same_owner,0.1193
227,55,Azure/azure-sdk-for-net,mgmt-review.md,8,0.0694,212.0,Azure/azure-sdk-for-net,issue-triage.md,80.93,0.1193,412.0,Azure/azure-sdk-for-js,mgmt-review.md,101.2,0.0809,1238.0,jonathanpeppers/dotnes,dotnes-reviewer.md,55.99,same_owner,0.1193
228,56,OpenMS/OpenMS,changelog-sync.md,1,0.2728,230.0,OpenMS/OpenMS,doc-sync.md,10.28,,,,,,0.097,2643.0,DevExpGbb/gh-devlake,docs-sync.md,4.67,same_repo,0.2728
229,57,OpenMS/OpenMS,doc-sync.md,1,,,,,,,,,,,0.1443,1916.0,Azure/typespec-azure,docs-sync.md,5.53,other_owner,0.1443
230,57,OpenMS/OpenMS,doc-sync.md,2,,,,,,,,,,,0.1429,1916.0,Azure/typespec-azure,docs-sync.md,7.43,other_owner,0.1429
231,57,OpenMS/OpenMS,doc-sync.md,3,,,,,,,,,,,0.1429,1916.0,Azure/typespec-azure,docs-sync.md,7.62,other_owner,0.1429
232,57,OpenMS/OpenMS,doc-sync.md,4,,,,,,,,,,,0.1429,1916.0,Azure/typespec-azure,docs-sync.md,10.61,other_owner,0.1429
233,58,ReactiveX/RxPY,repo-assist.md,1,,,,,,,,,,,0.648,991.0,py-why/dowhy,repo-assist.md,29.95,other_owner,0.648
234,58,ReactiveX/RxPY,repo-assist.md,2,,,,,,,,,,,0.648,54.0,uxsoft/AppleWirelessKeyboard,repo-assist.md,16.59,other_owner,0.648
235,59,pulumi/pulumi-vsphere,gh-aw-pr-rereview.md,1,,,,,,,,,,,,,,,,,
236,60,pulumi/pulumi-vsphere,gh-aw-pr-review.md,1,,,,,,,,,,,,,,,,,
237,61,pulumi/pulumi-openstack,gh-aw-pr-rereview.md,1,,,,,,,,,,,,,,,,,
238,62,pulumi/pulumi-openstack,gh-aw-pr-review.md,1,,,,,,,,,,,,,,,,,
239,63,pulumi/pulumi-eks,gh-aw-pr-rereview.md,1,,,,,,,,,,,,,,,,,
240,64,pulumi/pulumi-eks,gh-aw-pr-review.md,1,,,,,,,,,,,,,,,,,
241,65,Azure/azure-sdk-for-python,doc-consistency-check.md,1,,,,,,0.806,383.0,Azure/azure-sdk-for-js,docs-consistency-check.md,61.07,0.0698,229.0,OpenMS/OpenMS,doc-sync.md,54.56,same_owner,0.806
242,66,taosdata/TDengine,issue-triage.md,1,,,,,,,,,,,1.0,329.0,PowerShell/vscode-powershell,issue-triage.md,0.5,other_owner,1.0
243,66,taosdata/TDengine,issue-triage.md,2,,,,,,,,,,,1.0,329.0,PowerShell/vscode-powershell,issue-triage.md,0.5,other_owner,1.0
244,67,taosdata/TDengine,weekly-report.md,1,0.0356,242.0,taosdata/TDengine,issue-triage.md,11.87,,,,,,0.0753,1300.0,stride3d/stride-community-toolkit,daily-activity-report.md,19.93,other_owner,0.0753
245,68,openvinotoolkit/openvino,ci-doctor-mq.md,1,0.551,256.0,openvinotoolkit/openvino,ci-doctor.md,22.02,0.3923,1319.0,openvinotoolkit/openvino.genai,ci-doctor.md,82.95,0.416,937.0,anweiss/cddl,ci-doctor.md,42.79,same_repo,0.551
246,68,openvinotoolkit/openvino,ci-doctor-mq.md,2,0.551,256.0,openvinotoolkit/openvino,ci-doctor.md,38.94,0.3923,1319.0,openvinotoolkit/openvino.genai,ci-doctor.md,99.88,0.416,937.0,anweiss/cddl,ci-doctor.md,59.71,same_repo,0.551
247,68,openvinotoolkit/openvino,ci-doctor-mq.md,3,0.551,256.0,openvinotoolkit/openvino,ci-doctor.md,43.04,0.3923,1319.0,openvinotoolkit/openvino.genai,ci-doctor.md,103.97,0.416,937.0,anweiss/cddl,ci-doctor.md,63.81,same_repo,0.551
248,68,openvinotoolkit/openvino,ci-doctor-mq.md,4,0.5417,256.0,openvinotoolkit/openvino,ci-doctor.md,43.98,0.3827,1319.0,openvinotoolkit/openvino.genai,ci-doctor.md,104.91,0.4044,937.0,anweiss/cddl,ci-doctor.md,64.75,same_repo,0.5417
249,68,openvinotoolkit/openvino,ci-doctor-mq.md,5,0.5361,256.0,openvinotoolkit/openvino,ci-doctor.md,45.72,0.3789,1320.0,openvinotoolkit/openvino.genai,ci-doctor.md,84.82,0.4,937.0,anweiss/cddl,ci-doctor.md,66.49,same_repo,0.5361
250,68,openvinotoolkit/openvino,ci-doctor-mq.md,6,0.5102,256.0,openvinotoolkit/openvino,ci-doctor.md,50.89,0.3609,1320.0,openvinotoolkit/openvino.genai,ci-doctor.md,89.99,0.3804,937.0,anweiss/cddl,ci-doctor.md,71.66,same_repo,0.5102
251,68,openvinotoolkit/openvino,ci-doctor-mq.md,7,0.5102,256.0,openvinotoolkit/openvino,ci-doctor.md,52.89,0.3609,1320.0,openvinotoolkit/openvino.genai,ci-doctor.md,91.99,0.3804,937.0,anweiss/cddl,ci-doctor.md,73.66,same_repo,0.5102
252,68,openvinotoolkit/openvino,ci-doctor-mq.md,8,0.5102,256.0,openvinotoolkit/openvino,ci-doctor.md,55.87,0.3609,1320.0,openvinotoolkit/openvino.genai,ci-doctor.md,94.97,0.3804,937.0,anweiss/cddl,ci-doctor.md,76.64,same_repo,0.5102
253,68,openvinotoolkit/openvino,ci-doctor-mq.md,9,0.5102,256.0,openvinotoolkit/openvino,ci-doctor.md,57.84,0.3609,1320.0,openvinotoolkit/openvino.genai,ci-doctor.md,96.94,0.3804,937.0,anweiss/cddl,ci-doctor.md,78.61,same_repo,0.5102
254,68,openvinotoolkit/openvino,ci-doctor-mq.md,10,0.4939,256.0,openvinotoolkit/openvino,ci-doctor.md,59.06,0.3509,1320.0,openvinotoolkit/openvino.genai,ci-doctor.md,98.16,0.3681,937.0,anweiss/cddl,ci-doctor.md,79.83,same_repo,0.4939
255,69,openvinotoolkit/openvino,ci-doctor.md,1,,,,,,0.8256,1320.0,openvinotoolkit/openvino.genai,ci-doctor.md,31.99,0.8451,937.0,anweiss/cddl,ci-doctor.md,13.66,other_owner,0.8451
256,69,openvinotoolkit/openvino,ci-doctor.md,2,,,,,,0.7011,1320.0,openvinotoolkit/openvino.genai,ci-doctor.md,39.1,0.7147,937.0,anweiss/cddl,ci-doctor.md,20.77,other_owner,0.7147
257,69,openvinotoolkit/openvino,ci-doctor.md,3,,,,,,0.7011,1320.0,openvinotoolkit/openvino.genai,ci-doctor.md,40.84,0.7147,937.0,anweiss/cddl,ci-doctor.md,22.51,other_owner,0.7147
258,69,openvinotoolkit/openvino,ci-doctor.md,4,0.551,245.0,openvinotoolkit/openvino,ci-doctor-mq.md,23.7,0.7011,1320.0,openvinotoolkit/openvino.genai,ci-doctor.md,84.82,0.7147,937.0,anweiss/cddl,ci-doctor.md,66.49,other_owner,0.7147
259,69,openvinotoolkit/openvino,ci-doctor.md,5,0.551,245.0,openvinotoolkit/openvino,ci-doctor-mq.md,33.85,0.7011,1320.0,openvinotoolkit/openvino.genai,ci-doctor.md,94.97,0.7147,937.0,anweiss/cddl,ci-doctor.md,76.64,other_owner,0.7147
260,70,internetarchive/openlibrary,issue_refinement.md,1,,,,,,,,,,,0.0737,505.0,appwrite/appwrite,issue-triage.md,113.17,other_owner,0.0737
261,70,internetarchive/openlibrary,issue_refinement.md,2,,,,,,,,,,,0.0739,505.0,appwrite/appwrite,issue-triage.md,117.9,other_owner,0.0739
262,70,internetarchive/openlibrary,issue_refinement.md,3,,,,,,,,,,,0.0741,505.0,appwrite/appwrite,issue-triage.md,119.76,other_owner,0.0741
263,70,internetarchive/openlibrary,issue_refinement.md,4,,,,,,,,,,,0.0706,505.0,appwrite/appwrite,issue-triage.md,119.76,other_owner,0.0706
264,70,internetarchive/openlibrary,issue_refinement.md,5,,,,,,,,,,,0.0708,505.0,appwrite/appwrite,issue-triage.md,120.06,other_owner,0.0708
265,71,dotnet/runtime,breaking-change-doc.md,1,0.0771,294.0,dotnet/runtime,code-review.md,9.96,0.0588,73.0,dotnet/maui,copilot-evaluate-tests.md,9.41,0.0692,624.0,pulumi/pulumi-terraform-bridge,terraform-bridge-pr-review.md,28.24,same_repo,0.0771
266,71,dotnet/runtime,breaking-change-doc.md,2,0.0771,294.0,dotnet/runtime,code-review.md,44.74,0.1767,75.0,dotnet/maui,copilot-evaluate-tests.md,23.09,0.0747,1269.0,microsoft/aspire,pr-docs-check.md,31.07,same_owner,0.1767
267,72,dotnet/runtime,ci-failure-fix.md,1,0.2738,285.0,dotnet/runtime,ci-failure-scan.md,7.97,0.1359,96.0,dotnet/machinelearning,ci-scan.agent.md,1.07,0.0827,1464.0,ionide/ionide-vscode-fsharp,repo-assist.md,94.39,same_repo,0.2738
268,72,dotnet/runtime,ci-failure-fix.md,2,0.2726,285.0,dotnet/runtime,ci-failure-scan.md,15.11,0.1353,96.0,dotnet/machinelearning,ci-scan.agent.md,8.22,0.0833,1464.0,ionide/ionide-vscode-fsharp,repo-assist.md,101.54,same_repo,0.2726
269,73,dotnet/runtime,ci-failure-scan-feedback.md,1,0.1192,281.0,dotnet/runtime,ci-failure-scan.md,9.91,0.0756,2728.0,dotnet/skills,devops-health-groom.md,20.98,0.0692,1258.0,microsoft/aspire,milestone-changelog.md,23.26,same_repo,0.1192
270,73,dotnet/runtime,ci-failure-scan-feedback.md,2,0.1372,282.0,dotnet/runtime,ci-failure-scan.md,1.2,0.0755,2728.0,dotnet/skills,devops-health-groom.md,22.18,0.0695,1262.0,microsoft/aspire,milestone-changelog.md,15.06,same_repo,0.1372
271,73,dotnet/runtime,ci-failure-scan-feedback.md,3,0.1579,282.0,dotnet/runtime,ci-failure-scan.md,4.06,0.0732,2709.0,dotnet/skills,devops-health-check.md,52.76,0.0734,1260.0,microsoft/aspire,milestone-changelog.md,21.12,same_repo,0.1579
272,73,dotnet/runtime,ci-failure-scan-feedback.md,4,0.1605,285.0,dotnet/runtime,ci-failure-scan.md,7.04,0.6535,94.0,dotnet/machinelearning,ci-scan-feedback.agent.md,0.14,0.0737,1265.0,microsoft/aspire,milestone-changelog.md,4.87,same_owner,0.6535
273,73,dotnet/runtime,ci-failure-scan-feedback.md,5,0.1492,287.0,dotnet/runtime,ci-failure-scan.md,7.8,0.5037,94.0,dotnet/machinelearning,ci-scan-feedback.agent.md,1.07,0.0702,1460.0,ionide/ionide-vscode-fsharp,repo-assist.md,102.92,same_owner,0.5037
274,73,dotnet/runtime,ci-failure-scan-feedback.md,6,0.1983,267.0,dotnet/runtime,ci-failure-fix.md,0.01,0.5037,94.0,dotnet/machinelearning,ci-scan-feedback.agent.md,1.08,0.0702,1460.0,ionide/ionide-vscode-fsharp,repo-assist.md,102.93,same_owner,0.5037
275,73,dotnet/runtime,ci-failure-scan-feedback.md,7,0.1973,267.0,dotnet/runtime,ci-failure-fix.md,1.92,0.4962,94.0,dotnet/machinelearning,ci-scan-feedback.agent.md,2.99,0.0708,1460.0,ionide/ionide-vscode-fsharp,repo-assist.md,104.83,same_owner,0.4962
276,74,dotnet/runtime,ci-failure-scan.md,1,0.0346,294.0,dotnet/runtime,code-review.md,42.62,0.0763,1427.0,dotnet/fsharp,repo-assist.md,20.34,0.0799,423.0,Azure/azure-sdk-for-js,mgmt-review.md,27.45,other_owner,0.0799
277,74,dotnet/runtime,ci-failure-scan.md,2,0.0346,294.0,dotnet/runtime,code-review.md,44.36,0.0763,1427.0,dotnet/fsharp,repo-assist.md,22.08,0.0802,426.0,Azure/azure-sdk-for-js,mgmt-review.md,1.69,other_owner,0.0802
278,74,dotnet/runtime,ci-failure-scan.md,3,0.0346,294.0,dotnet/runtime,code-review.md,44.74,0.0763,1427.0,dotnet/fsharp,repo-assist.md,22.45,0.0802,426.0,Azure/azure-sdk-for-js,mgmt-review.md,2.07,other_owner,0.0802
279,74,dotnet/runtime,ci-failure-scan.md,4,0.0324,294.0,dotnet/runtime,code-review.md,44.77,0.0792,1427.0,dotnet/fsharp,repo-assist.md,22.48,0.0789,426.0,Azure/azure-sdk-for-js,mgmt-review.md,2.1,same_owner,0.0792
280,74,dotnet/runtime,ci-failure-scan.md,5,0.0366,294.0,dotnet/runtime,code-review.md,50.32,0.0735,1427.0,dotnet/fsharp,repo-assist.md,28.03,0.0753,426.0,Azure/azure-sdk-for-js,mgmt-review.md,7.64,other_owner,0.0753
281,74,dotnet/runtime,ci-failure-scan.md,6,0.0353,294.0,dotnet/runtime,code-review.md,54.48,0.0752,1427.0,dotnet/fsharp,repo-assist.md,32.19,0.0743,426.0,Azure/azure-sdk-for-js,mgmt-review.md,11.8,same_owner,0.0752
282,74,dotnet/runtime,ci-failure-scan.md,7,0.0343,294.0,dotnet/runtime,code-review.md,64.39,0.0759,1427.0,dotnet/fsharp,repo-assist.md,42.1,0.085,245.0,openvinotoolkit/openvino,ci-doctor-mq.md,8.88,other_owner,0.085
283,74,dotnet/runtime,ci-failure-scan.md,8,0.1285,269.0,dotnet/runtime,ci-failure-scan-feedback.md,0.19,0.0755,1427.0,dotnet/fsharp,repo-assist.md,42.3,0.0794,245.0,openvinotoolkit/openvino,ci-doctor-mq.md,9.08,same_repo,0.1285
284,74,dotnet/runtime,ci-failure-scan.md,9,0.1304,270.0,dotnet/runtime,ci-failure-scan-feedback.md,2.75,0.0759,1427.0,dotnet/fsharp,repo-assist.md,46.05,0.0792,245.0,openvinotoolkit/openvino,ci-doctor-mq.md,12.83,same_repo,0.1304
285,74,dotnet/runtime,ci-failure-scan.md,10,0.136,270.0,dotnet/runtime,ci-failure-scan-feedback.md,2.78,0.0778,1427.0,dotnet/fsharp,repo-assist.md,46.08,0.0805,245.0,openvinotoolkit/openvino,ci-doctor-mq.md,12.86,same_repo,0.136
286,74,dotnet/runtime,ci-failure-scan.md,11,0.1538,271.0,dotnet/runtime,ci-failure-scan-feedback.md,0.0,0.0798,1427.0,dotnet/fsharp,repo-assist.md,46.16,0.0818,245.0,openvinotoolkit/openvino,ci-doctor-mq.md,12.94,same_repo,0.1538
287,74,dotnet/runtime,ci-failure-scan.md,12,0.1542,271.0,dotnet/runtime,ci-failure-scan-feedback.md,0.09,0.0799,1427.0,dotnet/fsharp,repo-assist.md,46.25,0.0816,245.0,openvinotoolkit/openvino,ci-doctor-mq.md,13.03,same_repo,0.1542
288,74,dotnet/runtime,ci-failure-scan.md,13,0.1538,271.0,dotnet/runtime,ci-failure-scan-feedback.md,0.31,0.0796,1427.0,dotnet/fsharp,repo-assist.md,46.47,0.0813,245.0,openvinotoolkit/openvino,ci-doctor-mq.md,13.25,same_repo,0.1538
289,74,dotnet/runtime,ci-failure-scan.md,14,0.1532,271.0,dotnet/runtime,ci-failure-scan-feedback.md,0.83,0.0802,1427.0,dotnet/fsharp,repo-assist.md,46.98,0.0818,245.0,openvinotoolkit/openvino,ci-doctor-mq.md,13.76,same_repo,0.1532
290,74,dotnet/runtime,ci-failure-scan.md,15,0.1599,272.0,dotnet/runtime,ci-failure-scan-feedback.md,0.92,0.2343,96.0,dotnet/machinelearning,ci-scan.agent.md,1.07,0.0818,245.0,openvinotoolkit/openvino,ci-doctor-mq.md,20.82,same_owner,0.2343
291,74,dotnet/runtime,ci-failure-scan.md,16,0.1441,272.0,dotnet/runtime,ci-failure-scan-feedback.md,0.93,0.2512,96.0,dotnet/machinelearning,ci-scan.agent.md,1.07,0.0744,245.0,openvinotoolkit/openvino,ci-doctor-mq.md,20.82,same_owner,0.2512
292,74,dotnet/runtime,ci-failure-scan.md,17,0.2385,267.0,dotnet/runtime,ci-failure-fix.md,1.92,0.2507,96.0,dotnet/machinelearning,ci-scan.agent.md,2.99,0.0743,245.0,openvinotoolkit/openvino,ci-doctor-mq.md,22.74,same_owner,0.2507
293,74,dotnet/runtime,ci-failure-scan.md,18,0.227,267.0,dotnet/runtime,ci-failure-fix.md,9.13,0.2392,96.0,dotnet/machinelearning,ci-scan.agent.md,10.2,0.0728,245.0,openvinotoolkit/openvino,ci-doctor-mq.md,29.96,same_owner,0.2392
294,75,dotnet/runtime,code-review.md,1,0.0234,297.0,dotnet/runtime,copilot-echo.md,0.03,0.0378,1419.0,dotnet/fsharp,repo-assist.md,8.51,0.0822,624.0,pulumi/pulumi-terraform-bridge,terraform-bridge-pr-review.md,18.28,other_owner,0.0822
295,75,dotnet/runtime,code-review.md,2,0.0771,265.0,dotnet/runtime,breaking-change-doc.md,34.78,0.1209,1819.0,dotnet/android,android-reviewer.md,4.45,0.1279,1238.0,jonathanpeppers/dotnes,dotnes-reviewer.md,6.89,other_owner,0.1279
296,75,dotnet/runtime,code-review.md,3,0.108,265.0,dotnet/runtime,breaking-change-doc.md,72.45,0.1058,73.0,dotnet/maui,copilot-evaluate-tests.md,81.87,0.1101,624.0,pulumi/pulumi-terraform-bridge,terraform-bridge-pr-review.md,100.7,other_owner,0.1101
297,76,dotnet/runtime,copilot-echo.md,1,,,,,,0.0318,1419.0,dotnet/fsharp,repo-assist.md,8.47,0.0595,2114.0,githubnext/agentics,import-workflow.md,35.25,other_owner,0.0595
298,76,dotnet/runtime,copilot-echo.md,2,0.041,265.0,dotnet/runtime,breaking-change-doc.md,34.78,0.0402,75.0,dotnet/maui,copilot-evaluate-tests.md,23.09,0.0595,2114.0,githubnext/agentics,import-workflow.md,80.02,other_owner,0.0595
299,77,dgreif/ring,issue-triage.md,1,,,,,,,,,,,0.0718,1484.0,fsprojects/fantomas,repo-assist.md,100.01,other_owner,0.0718
300,77,dgreif/ring,issue-triage.md,2,,,,,,,,,,,0.085,330.0,PowerShell/vscode-powershell,issue-triage.md,6.81,other_owner,0.085
301,78,pulumi/pulumi-random,gh-aw-pr-rereview.md,1,,,,,,,,,,,,,,,,,
302,79,pulumi/pulumi-random,gh-aw-pr-review.md,1,,,,,,,,,,,,,,,,,
303,80,microsoft/pxt-arcade,documentation.md,1,0.059,314.0,microsoft/pxt-arcade,triage.md,2.08,0.0664,2088.0,microsoft/wassette,scout.md,62.89,0.0505,563.0,lablup/backend.ai-webui,daily-test-improver.md,8.38,same_owner,0.0664
304,80,microsoft/pxt-arcade,documentation.md,2,0.0587,314.0,microsoft/pxt-arcade,triage.md,2.25,0.2543,327.0,microsoft/pxt,documentation.md,0.03,0.0504,563.0,lablup/backend.ai-webui,daily-test-improver.md,8.55,same_owner,0.2543
305,80,microsoft/pxt-arcade,documentation.md,3,0.0587,314.0,microsoft/pxt-arcade,triage.md,66.25,0.2543,327.0,microsoft/pxt,documentation.md,64.03,0.1021,2209.0,kubestellar/docs,technical-doc-writer.md,58.15,same_owner,0.2543
306,81,microsoft/pxt-arcade,triage.md,1,,,,,,0.0819,2083.0,microsoft/wassette,issue-triage.md,42.61,0.0941,502.0,appwrite/appwrite,issue-triage.md,29.91,other_owner,0.0941
307,81,microsoft/pxt-arcade,triage.md,2,,,,,,0.0843,2083.0,microsoft/wassette,issue-triage.md,42.66,0.0946,502.0,appwrite/appwrite,issue-triage.md,29.96,other_owner,0.0946
308,81,microsoft/pxt-arcade,triage.md,3,,,,,,0.0793,2083.0,microsoft/wassette,issue-triage.md,42.69,0.0885,502.0,appwrite/appwrite,issue-triage.md,29.99,other_owner,0.0885
309,81,microsoft/pxt-arcade,triage.md,4,,,,,,0.0786,2083.0,microsoft/wassette,issue-triage.md,42.84,0.0873,502.0,appwrite/appwrite,issue-triage.md,30.14,other_owner,0.0873
310,81,microsoft/pxt-arcade,triage.md,5,,,,,,0.0777,2083.0,microsoft/wassette,issue-triage.md,43.65,0.0881,502.0,appwrite/appwrite,issue-triage.md,30.95,other_owner,0.0881
311,81,microsoft/pxt-arcade,triage.md,6,,,,,,0.0777,2083.0,microsoft/wassette,issue-triage.md,43.77,0.0881,502.0,appwrite/appwrite,issue-triage.md,31.08,other_owner,0.0881
312,81,microsoft/pxt-arcade,triage.md,7,,,,,,0.0777,2083.0,microsoft/wassette,issue-triage.md,43.8,0.0881,502.0,appwrite/appwrite,issue-triage.md,31.1,other_owner,0.0881
313,81,microsoft/pxt-arcade,triage.md,8,,,,,,0.0769,2083.0,microsoft/wassette,issue-triage.md,43.81,0.0895,502.0,appwrite/appwrite,issue-triage.md,31.12,other_owner,0.0895
314,81,microsoft/pxt-arcade,triage.md,9,,,,,,0.0745,2083.0,microsoft/wassette,issue-triage.md,47.59,0.088,502.0,appwrite/appwrite,issue-triage.md,34.89,other_owner,0.088
315,81,microsoft/pxt-arcade,triage.md,10,,,,,,,,,,,,,,,,,
316,81,microsoft/pxt-arcade,triage.md,11,,,,,,,,,,,,,,,,,
317,81,microsoft/pxt-arcade,triage.md,12,,,,,,,,,,,,,,,,,
318,82,Alfresco/alfresco-ng2-components,supply-chain-review.md,1,,,,,,1.0,1159.0,Alfresco/alfresco-build-tools,supply-chain-review.md,1.0,0.0988,1069.0,microsoft/security-devops-action,msdo-breach-monitor.md,66.89,same_owner,1.0
319,82,Alfresco/alfresco-ng2-components,supply-chain-review.md,2,,,,,,1.0,1162.0,Alfresco/alfresco-build-tools,supply-chain-review.md,0.72,0.9974,11.0,Activiti/activiti-cloud,supply-chain-review.md,5.74,same_owner,1.0
320,82,Alfresco/alfresco-ng2-components,supply-chain-review.md,3,,,,,,1.0,1163.0,Alfresco/alfresco-build-tools,supply-chain-review.md,0.96,1.0,13.0,Activiti/activiti-cloud,supply-chain-review.md,0.0,same_owner,1.0
321,83,storybookjs/storybook,code-simplifier.md,1,,,,,,,,,,,1.0,1190.0,sytone/obsidian-queryallthethings,code-simplifier.md,8.79,other_owner,1.0
322,83,storybookjs/storybook,code-simplifier.md,2,,,,,,,,,,,0.9326,2505.0,chimon2000/good_first_issue,code-simplifier.md,23.07,other_owner,0.9326
323,84,storybookjs/storybook,duplicate-code-detector.md,1,0.0928,321.0,storybookjs/storybook,code-simplifier.md,0.02,,,,,,1.0,490.0,ptarmiganlabs/butler-sos,duplicate-code-detector.md,5.56,other_owner,1.0
324,84,storybookjs/storybook,duplicate-code-detector.md,2,0.092,321.0,storybookjs/storybook,code-simplifier.md,0.04,,,,,,0.932,490.0,ptarmiganlabs/butler-sos,duplicate-code-detector.md,5.58,other_owner,0.932
325,85,microsoft/pxt,documentation.md,1,,,,,,0.2328,303.0,microsoft/pxt-arcade,documentation.md,0.02,0.0533,563.0,lablup/backend.ai-webui,daily-test-improver.md,8.4,same_owner,0.2328
326,85,microsoft/pxt,documentation.md,2,,,,,,0.2083,303.0,microsoft/pxt-arcade,documentation.md,0.04,0.0536,2125.0,githubnext/agentics,maintainer.md,49.08,same_owner,0.2083
327,85,microsoft/pxt,documentation.md,3,,,,,,0.2077,303.0,microsoft/pxt-arcade,documentation.md,0.14,0.0536,2125.0,githubnext/agentics,maintainer.md,49.19,same_owner,0.2077
328,86,PowerShell/vscode-powershell,issue-comment-handler.md,1,0.0578,329.0,PowerShell/vscode-powershell,issue-triage.md,114.8,,,,,,0.0759,1424.0,dotnet/fsharp,repo-assist.md,80.29,other_owner,0.0759
329,87,PowerShell/vscode-powershell,issue-triage.md,1,,,,,,,,,,,1.0,500.0,appwrite/appwrite,issue-triage.md,118.8,other_owner,1.0
330,87,PowerShell/vscode-powershell,issue-triage.md,2,,,,,,,,,,,0.0977,2810.0,microsoft/AI-Engineering-Coach,issue-triage.md,10.95,other_owner,0.0977
331,88,PowerShell/vscode-powershell,stale-closer.md,1,0.0534,329.0,PowerShell/vscode-powershell,issue-triage.md,114.8,,,,,,0.0873,1380.0,rancher/dashboard,weekly-stale-issue-manager.md,11.65,other_owner,0.0873
332,89,Azure/azure-sdk-for-js,agent-observability.md,1,0.0548,430.0,Azure/azure-sdk-for-js,mgmt-review.md,3.65,0.0429,658.0,Azure/azure-sdk-for-go,mgmt-review.md,55.91,0.0547,1297.0,microsoft/aspire,repo-pulse.md,48.92,same_repo,0.0548
333,89,Azure/azure-sdk-for-js,agent-observability.md,2,0.0548,430.0,Azure/azure-sdk-for-js,mgmt-review.md,12.82,0.0466,1084.0,Azure/azure-dev,update-instructions-from-pr-reviews.md,7.12,0.0547,1297.0,microsoft/aspire,repo-pulse.md,58.09,same_repo,0.0548
334,89,Azure/azure-sdk-for-js,agent-observability.md,3,0.0548,430.0,Azure/azure-sdk-for-js,mgmt-review.md,12.84,0.0466,1084.0,Azure/azure-dev,update-instructions-from-pr-reviews.md,7.14,0.0547,1297.0,microsoft/aspire,repo-pulse.md,58.11,same_repo,0.0548
335,89,Azure/azure-sdk-for-js,agent-observability.md,4,0.0548,430.0,Azure/azure-sdk-for-js,mgmt-review.md,13.71,0.0466,1084.0,Azure/azure-dev,update-instructions-from-pr-reviews.md,8.01,0.0547,1297.0,microsoft/aspire,repo-pulse.md,58.97,same_repo,0.0548
336,90,Azure/azure-sdk-for-js,archie.md,1,0.4981,412.0,Azure/azure-sdk-for-js,mgmt-review.md,7.19,0.0496,1916.0,Azure/typespec-azure,docs-sync.md,26.01,0.0856,2046.0,elastic/opentelemetry-collector-components,pr-review.md,38.81,same_repo,0.4981
337,90,Azure/azure-sdk-for-js,archie.md,2,0.4981,412.0,Azure/azure-sdk-for-js,mgmt-review.md,8.03,0.0496,1916.0,Azure/typespec-azure,docs-sync.md,26.84,0.0856,2046.0,elastic/opentelemetry-collector-components,pr-review.md,39.65,same_repo,0.4981
338,90,Azure/azure-sdk-for-js,archie.md,3,0.4981,412.0,Azure/azure-sdk-for-js,mgmt-review.md,8.19,0.0496,1916.0,Azure/typespec-azure,docs-sync.md,27.01,0.0856,2046.0,elastic/opentelemetry-collector-components,pr-review.md,39.81,same_repo,0.4981
339,90,Azure/azure-sdk-for-js,archie.md,4,0.4755,412.0,Azure/azure-sdk-for-js,mgmt-review.md,8.42,0.0484,1916.0,Azure/typespec-azure,docs-sync.md,27.24,0.084,2046.0,elastic/opentelemetry-collector-components,pr-review.md,40.04,same_repo,0.4755
340,90,Azure/azure-sdk-for-js,archie.md,5,0.4755,412.0,Azure/azure-sdk-for-js,mgmt-review.md,10.0,0.0484,1916.0,Azure/typespec-azure,docs-sync.md,28.81,0.084,2046.0,elastic/opentelemetry-collector-components,pr-review.md,41.62,same_repo,0.4755
341,90,Azure/azure-sdk-for-js,archie.md,6,0.4755,412.0,Azure/azure-sdk-for-js,mgmt-review.md,15.15,0.0484,1916.0,Azure/typespec-azure,docs-sync.md,33.96,0.084,2046.0,elastic/opentelemetry-collector-components,pr-review.md,46.77,same_repo,0.4755
342,90,Azure/azure-sdk-for-js,archie.md,7,0.4755,412.0,Azure/azure-sdk-for-js,mgmt-review.md,22.0,0.0484,1916.0,Azure/typespec-azure,docs-sync.md,40.82,0.084,2046.0,elastic/opentelemetry-collector-components,pr-review.md,53.62,same_repo,0.4755
343,90,Azure/azure-sdk-for-js,archie.md,8,0.4755,412.0,Azure/azure-sdk-for-js,mgmt-review.md,24.06,0.0484,1916.0,Azure/typespec-azure,docs-sync.md,42.87,0.084,2046.0,elastic/opentelemetry-collector-components,pr-review.md,55.68,same_repo,0.4755
344,90,Azure/azure-sdk-for-js,archie.md,9,0.4755,412.0,Azure/azure-sdk-for-js,mgmt-review.md,26.96,0.0484,1916.0,Azure/typespec-azure,docs-sync.md,45.78,0.084,2046.0,elastic/opentelemetry-collector-components,pr-review.md,58.58,same_repo,0.4755
345,90,Azure/azure-sdk-for-js,archie.md,10,0.4652,412.0,Azure/azure-sdk-for-js,mgmt-review.md,50.03,0.0495,210.0,Azure/azure-sdk-for-net,issue-triage.md,31.92,0.0861,2046.0,elastic/opentelemetry-collector-components,pr-review.md,81.65,same_repo,0.4652
346,90,Azure/azure-sdk-for-js,archie.md,11,0.4652,412.0,Azure/azure-sdk-for-js,mgmt-review.md,62.13,0.0495,210.0,Azure/azure-sdk-for-net,issue-triage.md,44.02,0.0916,138.0,microsoft/vstest,pr-expert-reviewer.md,6.42,same_repo,0.4652
347,90,Azure/azure-sdk-for-js,archie.md,12,0.4652,412.0,Azure/azure-sdk-for-js,mgmt-review.md,87.16,0.0959,220.0,Azure/azure-sdk-for-net,mgmt-review.md,16.72,0.0916,138.0,microsoft/vstest,pr-expert-reviewer.md,31.45,same_repo,0.4652
348,90,Azure/azure-sdk-for-js,archie.md,13,0.4652,412.0,Azure/azure-sdk-for-js,mgmt-review.md,87.24,0.0959,220.0,Azure/azure-sdk-for-net,mgmt-review.md,16.8,0.0916,138.0,microsoft/vstest,pr-expert-reviewer.md,31.52,same_repo,0.4652
349,90,Azure/azure-sdk-for-js,archie.md,14,0.4652,412.0,Azure/azure-sdk-for-js,mgmt-review.md,99.24,0.0959,220.0,Azure/azure-sdk-for-net,mgmt-review.md,28.8,0.0916,138.0,microsoft/vstest,pr-expert-reviewer.md,43.53,same_repo,0.4652
350,90,Azure/azure-sdk-for-js,archie.md,15,0.4652,412.0,Azure/azure-sdk-for-js,mgmt-review.md,99.26,0.0959,220.0,Azure/azure-sdk-for-net,mgmt-review.md,28.83,0.0916,138.0,microsoft/vstest,pr-expert-reviewer.md,43.55,same_repo,0.4652
351,90,Azure/azure-sdk-for-js,archie.md,16,0.4652,412.0,Azure/azure-sdk-for-js,mgmt-review.md,100.13,0.0959,220.0,Azure/azure-sdk-for-net,mgmt-review.md,29.69,0.0916,138.0,microsoft/vstest,pr-expert-reviewer.md,44.41,same_repo,0.4652
352,91,Azure/azure-sdk-for-js,dash.md,1,0.3191,412.0,Azure/azure-sdk-for-js,mgmt-review.md,7.07,0.0378,1916.0,Azure/typespec-azure,docs-sync.md,25.89,0.0777,2046.0,elastic/opentelemetry-collector-components,pr-review.md,38.69,same_repo,0.3191
353,91,Azure/azure-sdk-for-js,dash.md,2,0.4572,452.0,Azure/azure-sdk-for-js,sentinel.md,0.95,0.0378,1916.0,Azure/typespec-azure,docs-sync.md,26.84,0.0777,2046.0,elastic/opentelemetry-collector-components,pr-review.md,39.65,same_repo,0.4572
354,91,Azure/azure-sdk-for-js,dash.md,3,0.4572,452.0,Azure/azure-sdk-for-js,sentinel.md,1.12,0.0378,1916.0,Azure/typespec-azure,docs-sync.md,27.01,0.0777,2046.0,elastic/opentelemetry-collector-components,pr-review.md,39.81,same_repo,0.4572
355,91,Azure/azure-sdk-for-js,dash.md,4,0.4572,452.0,Azure/azure-sdk-for-js,sentinel.md,2.92,0.0378,1916.0,Azure/typespec-azure,docs-sync.md,28.81,0.0777,2046.0,elastic/opentelemetry-collector-components,pr-review.md,41.62,same_repo,0.4572
356,91,Azure/azure-sdk-for-js,dash.md,5,0.3333,452.0,Azure/azure-sdk-for-js,sentinel.md,5.98,0.0382,942.0,Azure/azure-sdk-for-rust,issue-triage.md,20.63,0.0747,2046.0,elastic/opentelemetry-collector-components,pr-review.md,44.67,same_repo,0.3333
357,91,Azure/azure-sdk-for-js,dash.md,6,0.3333,452.0,Azure/azure-sdk-for-js,sentinel.md,14.93,0.0395,1196.0,Azure/LogicAppsUX,issue-triage-agent.md,6.84,0.0747,2046.0,elastic/opentelemetry-collector-components,pr-review.md,53.62,same_repo,0.3333
358,91,Azure/azure-sdk-for-js,dash.md,7,0.3333,452.0,Azure/azure-sdk-for-js,sentinel.md,16.98,0.045,1198.0,Azure/LogicAppsUX,issue-triage-agent.md,1.9,0.0747,2046.0,elastic/opentelemetry-collector-components,pr-review.md,55.68,same_repo,0.3333
359,91,Azure/azure-sdk-for-js,dash.md,8,0.3333,452.0,Azure/azure-sdk-for-js,sentinel.md,19.89,0.045,1198.0,Azure/LogicAppsUX,issue-triage-agent.md,4.8,0.0747,2046.0,elastic/opentelemetry-collector-components,pr-review.md,58.58,same_repo,0.3333
360,91,Azure/azure-sdk-for-js,dash.md,9,0.3303,452.0,Azure/azure-sdk-for-js,sentinel.md,42.95,0.0455,1198.0,Azure/LogicAppsUX,issue-triage-agent.md,27.87,0.0768,2046.0,elastic/opentelemetry-collector-components,pr-review.md,81.65,same_repo,0.3303
361,91,Azure/azure-sdk-for-js,dash.md,10,0.3554,475.0,Azure/azure-sdk-for-js,tester.md,12.1,0.0455,1198.0,Azure/LogicAppsUX,issue-triage-agent.md,39.97,0.0768,2046.0,elastic/opentelemetry-collector-components,pr-review.md,93.75,same_repo,0.3554
362,91,Azure/azure-sdk-for-js,dash.md,11,0.3554,475.0,Azure/azure-sdk-for-js,tester.md,37.13,0.0666,225.0,Azure/azure-sdk-for-net,mgmt-review.md,1.57,0.0811,1035.0,baizhiheizi/quill,perf-improver.md,13.3,same_repo,0.3554
363,91,Azure/azure-sdk-for-js,dash.md,12,0.3554,475.0,Azure/azure-sdk-for-js,tester.md,37.21,0.0666,225.0,Azure/azure-sdk-for-net,mgmt-review.md,1.65,0.0811,1035.0,baizhiheizi/quill,perf-improver.md,13.38,same_repo,0.3554
364,91,Azure/azure-sdk-for-js,dash.md,13,0.3554,475.0,Azure/azure-sdk-for-js,tester.md,49.21,0.0666,225.0,Azure/azure-sdk-for-net,mgmt-review.md,13.65,0.0811,1035.0,baizhiheizi/quill,perf-improver.md,25.38,same_repo,0.3554
365,91,Azure/azure-sdk-for-js,dash.md,14,0.3554,475.0,Azure/azure-sdk-for-js,tester.md,49.23,0.0666,225.0,Azure/azure-sdk-for-net,mgmt-review.md,13.68,0.0811,1035.0,baizhiheizi/quill,perf-improver.md,25.4,same_repo,0.3554
366,91,Azure/azure-sdk-for-js,dash.md,15,0.3554,475.0,Azure/azure-sdk-for-js,tester.md,50.1,0.0666,225.0,Azure/azure-sdk-for-net,mgmt-review.md,14.54,0.0811,1035.0,baizhiheizi/quill,perf-improver.md,26.27,same_repo,0.3554
367,92,Azure/azure-sdk-for-js,dexter.md,1,0.3854,452.0,Azure/azure-sdk-for-js,sentinel.md,0.03,0.0451,1916.0,Azure/typespec-azure,docs-sync.md,25.92,0.0721,2046.0,elastic/opentelemetry-collector-components,pr-review.md,38.73,same_repo,0.3854
368,92,Azure/azure-sdk-for-js,dexter.md,2,0.4257,336.0,Azure/azure-sdk-for-js,archie.md,0.84,0.0451,1916.0,Azure/typespec-azure,docs-sync.md,26.84,0.0721,2046.0,elastic/opentelemetry-collector-components,pr-review.md,39.65,same_repo,0.4257
369,92,Azure/azure-sdk-for-js,dexter.md,3,0.4257,336.0,Azure/azure-sdk-for-js,archie.md,1.0,0.0451,1916.0,Azure/typespec-azure,docs-sync.md,27.01,0.0721,2046.0,elastic/opentelemetry-collector-components,pr-review.md,39.81,same_repo,0.4257
370,92,Azure/azure-sdk-for-js,dexter.md,4,0.4257,336.0,Azure/azure-sdk-for-js,archie.md,2.8,0.0451,1916.0,Azure/typespec-azure,docs-sync.md,28.81,0.0721,2046.0,elastic/opentelemetry-collector-components,pr-review.md,41.62,same_repo,0.4257
371,92,Azure/azure-sdk-for-js,dexter.md,5,0.4257,336.0,Azure/azure-sdk-for-js,archie.md,7.96,0.0451,1916.0,Azure/typespec-azure,docs-sync.md,33.96,0.0721,2046.0,elastic/opentelemetry-collector-components,pr-review.md,46.77,same_repo,0.4257
372,92,Azure/azure-sdk-for-js,dexter.md,6,0.4257,336.0,Azure/azure-sdk-for-js,archie.md,14.81,0.0451,1916.0,Azure/typespec-azure,docs-sync.md,40.82,0.0721,2046.0,elastic/opentelemetry-collector-components,pr-review.md,53.62,same_repo,0.4257
373,92,Azure/azure-sdk-for-js,dexter.md,7,0.4257,336.0,Azure/azure-sdk-for-js,archie.md,16.86,0.0451,1916.0,Azure/typespec-azure,docs-sync.md,42.87,0.0721,2046.0,elastic/opentelemetry-collector-components,pr-review.md,55.68,same_repo,0.4257
374,92,Azure/azure-sdk-for-js,dexter.md,8,0.4257,336.0,Azure/azure-sdk-for-js,archie.md,19.77,0.0451,1916.0,Azure/typespec-azure,docs-sync.md,45.78,0.0721,2046.0,elastic/opentelemetry-collector-components,pr-review.md,58.58,same_repo,0.4257
375,92,Azure/azure-sdk-for-js,dexter.md,9,0.4257,336.0,Azure/azure-sdk-for-js,archie.md,34.91,0.0451,1916.0,Azure/typespec-azure,docs-sync.md,60.92,0.0807,1814.0,dotnet/android,android-reviewer.md,11.0,same_repo,0.4257
376,92,Azure/azure-sdk-for-js,dexter.md,10,0.4169,336.0,Azure/azure-sdk-for-js,archie.md,42.84,0.0469,210.0,Azure/azure-sdk-for-net,issue-triage.md,31.92,0.0821,1835.0,dotnet/android-tools,android-tools-reviewer.md,6.13,same_repo,0.4169
377,92,Azure/azure-sdk-for-js,dexter.md,11,0.4316,345.0,Azure/azure-sdk-for-js,archie.md,12.1,0.0469,210.0,Azure/azure-sdk-for-net,issue-triage.md,44.02,0.0821,1835.0,dotnet/android-tools,android-tools-reviewer.md,18.23,same_repo,0.4316
378,92,Azure/azure-sdk-for-js,dexter.md,12,0.4316,345.0,Azure/azure-sdk-for-js,archie.md,37.13,0.0727,223.0,Azure/azure-sdk-for-net,mgmt-review.md,8.75,0.0821,1835.0,dotnet/android-tools,android-tools-reviewer.md,43.26,same_repo,0.4316
379,92,Azure/azure-sdk-for-js,dexter.md,13,0.4316,345.0,Azure/azure-sdk-for-js,archie.md,37.21,0.0727,223.0,Azure/azure-sdk-for-net,mgmt-review.md,8.83,0.0821,1835.0,dotnet/android-tools,android-tools-reviewer.md,43.34,same_repo,0.4316
380,92,Azure/azure-sdk-for-js,dexter.md,14,0.4316,345.0,Azure/azure-sdk-for-js,archie.md,49.21,0.0727,223.0,Azure/azure-sdk-for-net,mgmt-review.md,20.83,0.0821,1835.0,dotnet/android-tools,android-tools-reviewer.md,55.34,same_repo,0.4316
381,92,Azure/azure-sdk-for-js,dexter.md,15,0.4316,345.0,Azure/azure-sdk-for-js,archie.md,49.23,0.0727,223.0,Azure/azure-sdk-for-net,mgmt-review.md,20.85,0.0821,1835.0,dotnet/android-tools,android-tools-reviewer.md,55.36,same_repo,0.4316
382,92,Azure/azure-sdk-for-js,dexter.md,16,0.4316,345.0,Azure/azure-sdk-for-js,archie.md,50.1,0.0727,223.0,Azure/azure-sdk-for-net,mgmt-review.md,21.72,0.0821,1835.0,dotnet/android-tools,android-tools-reviewer.md,56.23,same_repo,0.4316
383,93,Azure/azure-sdk-for-js,docs-consistency-check.md,1,,,,,,0.0146,1195.0,Azure/LogicAppsUX,daily-repo-status.md,1.25,0.0739,2289.0,microsoft/apm,daily-doc-updater.md,0.94,other_owner,0.0739
384,93,Azure/azure-sdk-for-js,docs-consistency-check.md,2,0.0501,437.0,Azure/azure-sdk-for-js,scribe.md,35.03,0.806,241.0,Azure/azure-sdk-for-python,doc-consistency-check.md,0.84,0.0763,2141.0,fideus-labs/ngff-zarr,daily-doc-updater.md,56.98,same_owner,0.806
385,93,Azure/azure-sdk-for-js,docs-consistency-check.md,3,0.0502,445.0,Azure/azure-sdk-for-js,scribe.md,37.13,0.806,241.0,Azure/azure-sdk-for-python,doc-consistency-check.md,45.89,0.0763,2141.0,fideus-labs/ngff-zarr,daily-doc-updater.md,102.04,same_owner,0.806
386,93,Azure/azure-sdk-for-js,docs-consistency-check.md,4,0.0502,445.0,Azure/azure-sdk-for-js,scribe.md,37.21,0.806,241.0,Azure/azure-sdk-for-python,doc-consistency-check.md,45.97,0.0763,2141.0,fideus-labs/ngff-zarr,daily-doc-updater.md,102.11,same_owner,0.806
387,93,Azure/azure-sdk-for-js,docs-consistency-check.md,5,0.0502,445.0,Azure/azure-sdk-for-js,scribe.md,49.21,0.806,241.0,Azure/azure-sdk-for-python,doc-consistency-check.md,57.97,0.0763,2141.0,fideus-labs/ngff-zarr,daily-doc-updater.md,114.12,same_owner,0.806
388,93,Azure/azure-sdk-for-js,docs-consistency-check.md,6,0.0502,445.0,Azure/azure-sdk-for-js,scribe.md,49.23,0.806,241.0,Azure/azure-sdk-for-python,doc-consistency-check.md,57.99,0.0763,2141.0,fideus-labs/ngff-zarr,daily-doc-updater.md,114.14,same_owner,0.806
389,93,Azure/azure-sdk-for-js,docs-consistency-check.md,7,0.0502,445.0,Azure/azure-sdk-for-js,scribe.md,50.1,0.806,241.0,Azure/azure-sdk-for-python,doc-consistency-check.md,58.86,0.0763,2141.0,fideus-labs/ngff-zarr,daily-doc-updater.md,115.0,same_owner,0.806
390,94,Azure/azure-sdk-for-js,fix-test-failures.md,1,0.0431,383.0,Azure/azure-sdk-for-js,docs-consistency-check.md,6.94,0.0484,1916.0,Azure/typespec-azure,docs-sync.md,5.95,0.0754,1319.0,openvinotoolkit/openvino.genai,ci-doctor.md,7.23,other_owner,0.0754
391,94,Azure/azure-sdk-for-js,fix-test-failures.md,2,0.0431,383.0,Azure/azure-sdk-for-js,docs-consistency-check.md,8.01,0.0484,1916.0,Azure/typespec-azure,docs-sync.md,7.03,0.0754,1319.0,openvinotoolkit/openvino.genai,ci-doctor.md,8.3,other_owner,0.0754
392,94,Azure/azure-sdk-for-js,fix-test-failures.md,3,0.0756,467.0,Azure/azure-sdk-for-js,tester.md,2.94,0.0611,200.0,Azure/azure-sdk-for-net,issue-triage.md,17.05,0.0735,1320.0,openvinotoolkit/openvino.genai,ci-doctor.md,8.3,same_repo,0.0756
393,94,Azure/azure-sdk-for-js,fix-test-failures.md,4,0.1112,421.0,Azure/azure-sdk-for-js,mgmt-review.md,21.4,0.0813,658.0,Azure/azure-sdk-for-go,mgmt-review.md,7.94,0.0849,256.0,openvinotoolkit/openvino,ci-doctor.md,1.27,same_repo,0.1112
394,94,Azure/azure-sdk-for-js,fix-test-failures.md,5,0.1017,429.0,Azure/azure-sdk-for-js,mgmt-review.md,21.11,0.0794,659.0,Azure/azure-sdk-for-go,mgmt-review.md,27.8,0.0835,256.0,openvinotoolkit/openvino,ci-doctor.md,46.27,same_repo,0.1017
395,94,Azure/azure-sdk-for-js,fix-test-failures.md,6,0.1017,429.0,Azure/azure-sdk-for-js,mgmt-review.md,21.16,0.0794,659.0,Azure/azure-sdk-for-go,mgmt-review.md,27.85,0.0835,256.0,openvinotoolkit/openvino,ci-doctor.md,46.32,same_repo,0.1017
396,94,Azure/azure-sdk-for-js,fix-test-failures.md,7,0.1017,429.0,Azure/azure-sdk-for-js,mgmt-review.md,21.23,0.0794,659.0,Azure/azure-sdk-for-go,mgmt-review.md,27.93,0.0835,256.0,openvinotoolkit/openvino,ci-doctor.md,46.4,same_repo,0.1017
397,94,Azure/azure-sdk-for-js,fix-test-failures.md,8,0.1141,429.0,Azure/azure-sdk-for-js,mgmt-review.md,26.14,0.084,659.0,Azure/azure-sdk-for-go,mgmt-review.md,32.83,0.0866,173.0,dotnet/msbuild,flaky-test-detector.agent.md,12.19,same_repo,0.1141
398,94,Azure/azure-sdk-for-js,fix-test-failures.md,9,0.1141,429.0,Azure/azure-sdk-for-js,mgmt-review.md,33.24,0.084,659.0,Azure/azure-sdk-for-go,mgmt-review.md,39.93,0.0866,173.0,dotnet/msbuild,flaky-test-detector.agent.md,19.29,same_repo,0.1141
399,94,Azure/azure-sdk-for-js,fix-test-failures.md,10,0.1141,429.0,Azure/azure-sdk-for-js,mgmt-review.md,33.26,0.084,659.0,Azure/azure-sdk-for-go,mgmt-review.md,39.95,0.0866,173.0,dotnet/msbuild,flaky-test-detector.agent.md,19.32,same_repo,0.1141
400,94,Azure/azure-sdk-for-js,fix-test-failures.md,11,0.1141,429.0,Azure/azure-sdk-for-js,mgmt-review.md,34.12,0.084,659.0,Azure/azure-sdk-for-go,mgmt-review.md,40.82,0.0866,173.0,dotnet/msbuild,flaky-test-detector.agent.md,20.18,same_repo,0.1141
401,95,Azure/azure-sdk-for-js,issue-triage.md,1,0.0737,421.0,Azure/azure-sdk-for-js,mgmt-review.md,9.28,0.8123,214.0,Azure/azure-sdk-for-net,issue-triage.md,2.97,0.0945,2090.0,kaito-project/aikit,issue-triage.md,173.95,same_owner,0.8123
402,95,Azure/azure-sdk-for-js,issue-triage.md,2,0.0737,421.0,Azure/azure-sdk-for-js,mgmt-review.md,21.4,0.8123,214.0,Azure/azure-sdk-for-net,issue-triage.md,15.09,0.0945,2090.0,kaito-project/aikit,issue-triage.md,186.07,same_owner,0.8123
403,95,Azure/azure-sdk-for-js,issue-triage.md,3,0.0755,394.0,Azure/azure-sdk-for-js,fix-test-failures.md,0.05,0.8123,214.0,Azure/azure-sdk-for-net,issue-triage.md,60.14,0.1088,2758.0,dotnet/skills,issue-triage.md,2.52,same_owner,0.8123
404,95,Azure/azure-sdk-for-js,issue-triage.md,4,0.0755,394.0,Azure/azure-sdk-for-js,fix-test-failures.md,0.13,0.8123,214.0,Azure/azure-sdk-for-net,issue-triage.md,60.22,0.1088,2758.0,dotnet/skills,issue-triage.md,2.6,same_owner,0.8123
405,95,Azure/azure-sdk-for-js,issue-triage.md,5,0.0763,397.0,Azure/azure-sdk-for-js,fix-test-failures.md,7.1,0.8123,214.0,Azure/azure-sdk-for-net,issue-triage.md,72.23,0.1088,2758.0,dotnet/skills,issue-triage.md,14.61,same_owner,0.8123
406,95,Azure/azure-sdk-for-js,issue-triage.md,6,0.0763,397.0,Azure/azure-sdk-for-js,fix-test-failures.md,7.12,0.8123,214.0,Azure/azure-sdk-for-net,issue-triage.md,72.25,0.1088,2758.0,dotnet/skills,issue-triage.md,14.63,same_owner,0.8123
407,95,Azure/azure-sdk-for-js,issue-triage.md,7,0.0763,397.0,Azure/azure-sdk-for-js,fix-test-failures.md,7.99,0.8123,214.0,Azure/azure-sdk-for-net,issue-triage.md,73.11,0.1088,2758.0,dotnet/skills,issue-triage.md,15.49,same_owner,0.8123
408,96,Azure/azure-sdk-for-js,mgmt-guidance.md,1,0.4075,429.0,Azure/azure-sdk-for-js,mgmt-review.md,26.67,0.1666,658.0,Azure/azure-sdk-for-go,mgmt-review.md,58.51,0.0642,102.0,dotnet/machinelearning,repo-health-investigate.md,103.58,same_repo,0.4075
409,96,Azure/azure-sdk-for-js,mgmt-guidance.md,2,0.4075,429.0,Azure/azure-sdk-for-js,mgmt-review.md,33.24,0.1666,658.0,Azure/azure-sdk-for-go,mgmt-review.md,65.08,0.0642,102.0,dotnet/machinelearning,repo-health-investigate.md,110.15,same_repo,0.4075
410,96,Azure/azure-sdk-for-js,mgmt-guidance.md,3,0.4075,429.0,Azure/azure-sdk-for-js,mgmt-review.md,33.26,0.1666,658.0,Azure/azure-sdk-for-go,mgmt-review.md,65.1,0.0642,102.0,dotnet/machinelearning,repo-health-investigate.md,110.17,same_repo,0.4075
411,96,Azure/azure-sdk-for-js,mgmt-guidance.md,4,0.4075,429.0,Azure/azure-sdk-for-js,mgmt-review.md,34.12,0.1666,658.0,Azure/azure-sdk-for-go,mgmt-review.md,65.96,0.0642,102.0,dotnet/machinelearning,repo-health-investigate.md,111.04,same_repo,0.4075
412,97,Azure/azure-sdk-for-js,mgmt-review.md,1,0.0562,390.0,Azure/azure-sdk-for-js,fix-test-failures.md,12.86,0.0629,200.0,Azure/azure-sdk-for-net,issue-triage.md,7.01,0.0832,2571.0,jurre/huebar,code-review.md,29.84,other_owner,0.0832
413,97,Azure/azure-sdk-for-js,mgmt-review.md,2,0.0562,390.0,Azure/azure-sdk-for-js,fix-test-failures.md,13.26,0.0629,200.0,Azure/azure-sdk-for-net,issue-triage.md,7.41,0.0832,2571.0,jurre/huebar,code-review.md,30.25,other_owner,0.0832
414,97,Azure/azure-sdk-for-js,mgmt-review.md,3,0.0562,390.0,Azure/azure-sdk-for-js,fix-test-failures.md,18.44,0.0629,200.0,Azure/azure-sdk-for-net,issue-triage.md,12.58,0.0832,2571.0,jurre/huebar,code-review.md,35.42,other_owner,0.0832
415,97,Azure/azure-sdk-for-js,mgmt-review.md,4,0.2587,336.0,Azure/azure-sdk-for-js,archie.md,6.5,0.0605,207.0,Azure/azure-sdk-for-net,issue-triage.md,5.62,0.0735,589.0,licensee/licensee,repo-assist.md,7.49,same_repo,0.2587
416,97,Azure/azure-sdk-for-js,mgmt-review.md,5,0.2445,336.0,Azure/azure-sdk-for-js,archie.md,7.48,0.0614,203.0,Azure/azure-sdk-for-net,issue-triage.md,14.42,0.075,589.0,licensee/licensee,repo-assist.md,8.47,same_repo,0.2445
417,97,Azure/azure-sdk-for-js,mgmt-review.md,6,0.2487,336.0,Azure/azure-sdk-for-js,archie.md,8.46,0.0637,207.0,Azure/azure-sdk-for-net,issue-triage.md,7.59,0.077,589.0,licensee/licensee,repo-assist.md,9.46,same_repo,0.2487
418,97,Azure/azure-sdk-for-js,mgmt-review.md,7,0.2391,336.0,Azure/azure-sdk-for-js,archie.md,13.23,0.0679,212.0,Azure/azure-sdk-for-net,issue-triage.md,0.15,0.0764,589.0,licensee/licensee,repo-assist.md,14.23,same_repo,0.2391
419,97,Azure/azure-sdk-for-js,mgmt-review.md,8,0.2391,336.0,Azure/azure-sdk-for-js,archie.md,13.38,0.0679,212.0,Azure/azure-sdk-for-net,issue-triage.md,0.3,0.0764,589.0,licensee/licensee,repo-assist.md,14.37,same_repo,0.2391
420,97,Azure/azure-sdk-for-js,mgmt-review.md,9,0.2385,336.0,Azure/azure-sdk-for-js,archie.md,13.47,0.068,212.0,Azure/azure-sdk-for-net,issue-triage.md,0.38,0.0763,589.0,licensee/licensee,repo-assist.md,14.46,same_repo,0.2385
421,97,Azure/azure-sdk-for-js,mgmt-review.md,10,0.2107,336.0,Azure/azure-sdk-for-js,archie.md,13.51,0.0714,212.0,Azure/azure-sdk-for-net,issue-triage.md,0.43,0.0836,589.0,licensee/licensee,repo-assist.md,14.5,same_repo,0.2107
422,97,Azure/azure-sdk-for-js,mgmt-review.md,11,0.2153,336.0,Azure/azure-sdk-for-js,archie.md,14.81,0.0705,212.0,Azure/azure-sdk-for-net,issue-triage.md,1.72,0.0838,1460.0,ionide/ionide-vscode-fsharp,repo-assist.md,41.23,same_repo,0.2153
423,97,Azure/azure-sdk-for-js,mgmt-review.md,12,0.2225,336.0,Azure/azure-sdk-for-js,archie.md,15.34,0.07,212.0,Azure/azure-sdk-for-net,issue-triage.md,2.26,0.0859,1460.0,ionide/ionide-vscode-fsharp,repo-assist.md,41.76,same_repo,0.2225
424,97,Azure/azure-sdk-for-js,mgmt-review.md,13,0.2225,336.0,Azure/azure-sdk-for-js,archie.md,16.86,0.07,212.0,Azure/azure-sdk-for-net,issue-triage.md,3.78,0.0859,1460.0,ionide/ionide-vscode-fsharp,repo-assist.md,43.29,same_repo,0.2225
425,97,Azure/azure-sdk-for-js,mgmt-review.md,14,0.2225,336.0,Azure/azure-sdk-for-js,archie.md,19.77,0.07,212.0,Azure/azure-sdk-for-net,issue-triage.md,6.69,0.0859,1460.0,ionide/ionide-vscode-fsharp,repo-assist.md,46.19,same_repo,0.2225
426,97,Azure/azure-sdk-for-js,mgmt-review.md,15,0.2226,336.0,Azure/azure-sdk-for-js,archie.md,42.84,0.1918,658.0,Azure/azure-sdk-for-go,mgmt-review.md,15.87,0.0877,599.0,licensee/licensee,repo-assist.md,0.08,same_repo,0.2226
427,97,Azure/azure-sdk-for-js,mgmt-review.md,16,0.2349,345.0,Azure/azure-sdk-for-js,archie.md,6.98,0.1918,658.0,Azure/azure-sdk-for-go,mgmt-review.md,22.85,0.0877,599.0,licensee/licensee,repo-assist.md,7.06,same_repo,0.2349
428,97,Azure/azure-sdk-for-js,mgmt-review.md,17,0.2349,345.0,Azure/azure-sdk-for-js,archie.md,12.1,0.1918,658.0,Azure/azure-sdk-for-go,mgmt-review.md,27.97,0.0877,599.0,licensee/licensee,repo-assist.md,12.18,same_repo,0.2349
429,97,Azure/azure-sdk-for-js,mgmt-review.md,18,0.2388,345.0,Azure/azure-sdk-for-js,archie.md,15.97,0.193,658.0,Azure/azure-sdk-for-go,mgmt-review.md,31.84,0.0854,599.0,licensee/licensee,repo-assist.md,16.05,same_repo,0.2388
430,97,Azure/azure-sdk-for-js,mgmt-review.md,19,0.2358,345.0,Azure/azure-sdk-for-js,archie.md,36.39,0.1891,658.0,Azure/azure-sdk-for-go,mgmt-review.md,52.26,0.0857,599.0,licensee/licensee,repo-assist.md,36.47,same_repo,0.2358
431,97,Azure/azure-sdk-for-js,mgmt-review.md,20,0.2358,345.0,Azure/azure-sdk-for-js,archie.md,37.13,0.1891,658.0,Azure/azure-sdk-for-go,mgmt-review.md,53.0,0.0857,599.0,licensee/licensee,repo-assist.md,37.21,same_repo,0.2358
432,97,Azure/azure-sdk-for-js,mgmt-review.md,21,0.2358,345.0,Azure/azure-sdk-for-js,archie.md,37.21,0.1891,658.0,Azure/azure-sdk-for-go,mgmt-review.md,53.07,0.0857,599.0,licensee/licensee,repo-assist.md,37.28,same_repo,0.2358
433,97,Azure/azure-sdk-for-js,mgmt-review.md,22,0.4429,345.0,Azure/azure-sdk-for-js,archie.md,42.64,0.1146,220.0,Azure/azure-sdk-for-net,mgmt-review.md,22.23,0.0889,1331.0,CliMA/ClimaAtmos.jl,pr-review.md,30.46,same_repo,0.4429
434,97,Azure/azure-sdk-for-js,mgmt-review.md,23,0.4429,345.0,Azure/azure-sdk-for-js,archie.md,49.21,0.1146,220.0,Azure/azure-sdk-for-net,mgmt-review.md,28.8,0.0889,1331.0,CliMA/ClimaAtmos.jl,pr-review.md,37.03,same_repo,0.4429
435,97,Azure/azure-sdk-for-js,mgmt-review.md,24,0.4429,345.0,Azure/azure-sdk-for-js,archie.md,49.23,0.1146,220.0,Azure/azure-sdk-for-net,mgmt-review.md,28.83,0.0889,1331.0,CliMA/ClimaAtmos.jl,pr-review.md,37.05,same_repo,0.4429
436,97,Azure/azure-sdk-for-js,mgmt-review.md,25,0.4429,345.0,Azure/azure-sdk-for-js,archie.md,50.1,0.1146,220.0,Azure/azure-sdk-for-net,mgmt-review.md,29.69,0.0889,1331.0,CliMA/ClimaAtmos.jl,pr-review.md,37.91,same_repo,0.4429
437,98,Azure/azure-sdk-for-js,scribe.md,1,0.4236,352.0,Azure/azure-sdk-for-js,dash.md,0.01,0.045,1916.0,Azure/typespec-azure,docs-sync.md,25.89,0.0742,2046.0,elastic/opentelemetry-collector-components,pr-review.md,38.7,same_repo,0.4236
438,98,Azure/azure-sdk-for-js,scribe.md,2,0.4916,467.0,Azure/azure-sdk-for-js,tester.md,0.93,0.045,1916.0,Azure/typespec-azure,docs-sync.md,26.84,0.0742,2046.0,elastic/opentelemetry-collector-components,pr-review.md,39.65,same_repo,0.4916
439,98,Azure/azure-sdk-for-js,scribe.md,3,0.4916,467.0,Azure/azure-sdk-for-js,tester.md,1.09,0.045,1916.0,Azure/typespec-azure,docs-sync.md,27.01,0.0742,2046.0,elastic/opentelemetry-collector-components,pr-review.md,39.81,same_repo,0.4916
440,98,Azure/azure-sdk-for-js,scribe.md,4,0.4916,467.0,Azure/azure-sdk-for-js,tester.md,2.9,0.045,1916.0,Azure/typespec-azure,docs-sync.md,28.81,0.0742,2046.0,elastic/opentelemetry-collector-components,pr-review.md,41.62,same_repo,0.4916
441,98,Azure/azure-sdk-for-js,scribe.md,5,0.4916,467.0,Azure/azure-sdk-for-js,tester.md,8.05,0.045,1916.0,Azure/typespec-azure,docs-sync.md,33.96,0.0742,2046.0,elastic/opentelemetry-collector-components,pr-review.md,46.77,same_repo,0.4916
442,98,Azure/azure-sdk-for-js,scribe.md,6,0.4916,467.0,Azure/azure-sdk-for-js,tester.md,14.9,0.045,1916.0,Azure/typespec-azure,docs-sync.md,40.82,0.0742,2046.0,elastic/opentelemetry-collector-components,pr-review.md,53.62,same_repo,0.4916
443,98,Azure/azure-sdk-for-js,scribe.md,7,0.4916,467.0,Azure/azure-sdk-for-js,tester.md,16.96,0.045,1916.0,Azure/typespec-azure,docs-sync.md,42.87,0.0742,2046.0,elastic/opentelemetry-collector-components,pr-review.md,55.68,same_repo,0.4916
444,98,Azure/azure-sdk-for-js,scribe.md,8,0.4916,467.0,Azure/azure-sdk-for-js,tester.md,19.86,0.045,1916.0,Azure/typespec-azure,docs-sync.md,45.78,0.0742,2046.0,elastic/opentelemetry-collector-components,pr-review.md,58.58,same_repo,0.4916
445,98,Azure/azure-sdk-for-js,scribe.md,9,0.48,467.0,Azure/azure-sdk-for-js,tester.md,42.93,0.0482,241.0,Azure/azure-sdk-for-python,doc-consistency-check.md,8.76,0.0768,2046.0,elastic/opentelemetry-collector-components,pr-review.md,81.65,same_repo,0.48
446,98,Azure/azure-sdk-for-js,scribe.md,10,0.5126,475.0,Azure/azure-sdk-for-js,tester.md,12.1,0.0482,241.0,Azure/azure-sdk-for-python,doc-consistency-check.md,20.86,0.0771,138.0,microsoft/vstest,pr-expert-reviewer.md,6.42,same_repo,0.5126
447,98,Azure/azure-sdk-for-js,scribe.md,11,0.5126,475.0,Azure/azure-sdk-for-js,tester.md,37.13,0.0762,224.0,Azure/azure-sdk-for-net,mgmt-review.md,1.62,0.0843,2815.0,drasi-project/drasi-server,pr-docs-reviewer.md,7.18,same_repo,0.5126
448,98,Azure/azure-sdk-for-js,scribe.md,12,0.5126,475.0,Azure/azure-sdk-for-js,tester.md,37.21,0.0762,224.0,Azure/azure-sdk-for-net,mgmt-review.md,1.7,0.0843,2815.0,drasi-project/drasi-server,pr-docs-reviewer.md,7.26,same_repo,0.5126
449,98,Azure/azure-sdk-for-js,scribe.md,13,0.5126,475.0,Azure/azure-sdk-for-js,tester.md,49.21,0.0762,224.0,Azure/azure-sdk-for-net,mgmt-review.md,13.7,0.0843,2815.0,drasi-project/drasi-server,pr-docs-reviewer.md,19.26,same_repo,0.5126
450,98,Azure/azure-sdk-for-js,scribe.md,14,0.5126,475.0,Azure/azure-sdk-for-js,tester.md,49.23,0.0762,224.0,Azure/azure-sdk-for-net,mgmt-review.md,13.72,0.0843,2815.0,drasi-project/drasi-server,pr-docs-reviewer.md,19.28,same_repo,0.5126
451,98,Azure/azure-sdk-for-js,scribe.md,15,0.5126,475.0,Azure/azure-sdk-for-js,tester.md,50.1,0.0762,224.0,Azure/azure-sdk-for-net,mgmt-review.md,14.58,0.0843,2815.0,drasi-project/drasi-server,pr-docs-reviewer.md,20.15,same_repo,0.5126
452,99,Azure/azure-sdk-for-js,sentinel.md,1,0.4572,352.0,Azure/azure-sdk-for-js,dash.md,0.0,0.0489,204.0,Azure/azure-sdk-for-net,issue-triage.md,3.74,0.0902,2046.0,elastic/opentelemetry-collector-components,pr-review.md,38.69,same_repo,0.4572
453,99,Azure/azure-sdk-for-js,sentinel.md,2,0.4572,352.0,Azure/azure-sdk-for-js,dash.md,0.96,0.0492,206.0,Azure/azure-sdk-for-net,issue-triage.md,0.74,0.0902,2046.0,elastic/opentelemetry-collector-components,pr-review.md,39.65,same_repo,0.4572
454,99,Azure/azure-sdk-for-js,sentinel.md,3,0.4572,352.0,Azure/azure-sdk-for-js,dash.md,1.12,0.0492,207.0,Azure/azure-sdk-for-net,issue-triage.md,0.12,0.0902,2046.0,elastic/opentelemetry-collector-components,pr-review.md,39.81,same_repo,0.4572
455,99,Azure/azure-sdk-for-js,sentinel.md,4,0.4572,352.0,Azure/azure-sdk-for-js,dash.md,2.92,0.0492,207.0,Azure/azure-sdk-for-net,issue-triage.md,1.93,0.0902,2046.0,elastic/opentelemetry-collector-components,pr-review.md,41.62,same_repo,0.4572
456,99,Azure/azure-sdk-for-js,sentinel.md,5,0.4572,352.0,Azure/azure-sdk-for-js,dash.md,8.08,0.0492,207.0,Azure/azure-sdk-for-net,issue-triage.md,7.08,0.0902,2046.0,elastic/opentelemetry-collector-components,pr-review.md,46.77,same_repo,0.4572
457,99,Azure/azure-sdk-for-js,sentinel.md,6,0.4572,352.0,Azure/azure-sdk-for-js,dash.md,14.93,0.0518,210.0,Azure/azure-sdk-for-net,issue-triage.md,3.89,0.0902,2046.0,elastic/opentelemetry-collector-components,pr-review.md,53.62,same_repo,0.4572
458,99,Azure/azure-sdk-for-js,sentinel.md,7,0.4572,352.0,Azure/azure-sdk-for-js,dash.md,16.99,0.0518,210.0,Azure/azure-sdk-for-net,issue-triage.md,5.95,0.0902,2046.0,elastic/opentelemetry-collector-components,pr-review.md,55.68,same_repo,0.4572
459,99,Azure/azure-sdk-for-js,sentinel.md,8,0.4572,352.0,Azure/azure-sdk-for-js,dash.md,19.89,0.0518,210.0,Azure/azure-sdk-for-net,issue-triage.md,8.85,0.0902,2046.0,elastic/opentelemetry-collector-components,pr-review.md,58.58,same_repo,0.4572
460,99,Azure/azure-sdk-for-js,sentinel.md,9,0.4495,352.0,Azure/azure-sdk-for-js,dash.md,42.96,0.0555,210.0,Azure/azure-sdk-for-net,issue-triage.md,31.92,0.0923,2046.0,elastic/opentelemetry-collector-components,pr-review.md,81.65,same_repo,0.4495
461,99,Azure/azure-sdk-for-js,sentinel.md,10,0.4495,352.0,Azure/azure-sdk-for-js,dash.md,55.06,0.0555,210.0,Azure/azure-sdk-for-net,issue-triage.md,44.02,0.0923,2046.0,elastic/opentelemetry-collector-components,pr-review.md,93.75,same_repo,0.4495
462,99,Azure/azure-sdk-for-js,sentinel.md,11,0.4495,352.0,Azure/azure-sdk-for-js,dash.md,80.09,0.0752,220.0,Azure/azure-sdk-for-net,mgmt-review.md,16.72,0.1041,2817.0,drasi-project/drasi-server,pr-security-reviewer.md,7.18,same_repo,0.4495
463,99,Azure/azure-sdk-for-js,sentinel.md,12,0.4495,352.0,Azure/azure-sdk-for-js,dash.md,80.17,0.0752,220.0,Azure/azure-sdk-for-net,mgmt-review.md,16.8,0.1041,2817.0,drasi-project/drasi-server,pr-security-reviewer.md,7.26,same_repo,0.4495
464,99,Azure/azure-sdk-for-js,sentinel.md,13,0.4495,352.0,Azure/azure-sdk-for-js,dash.md,92.17,0.0752,220.0,Azure/azure-sdk-for-net,mgmt-review.md,28.8,0.1041,2817.0,drasi-project/drasi-server,pr-security-reviewer.md,19.26,same_repo,0.4495
465,99,Azure/azure-sdk-for-js,sentinel.md,14,0.4495,352.0,Azure/azure-sdk-for-js,dash.md,92.19,0.0752,220.0,Azure/azure-sdk-for-net,mgmt-review.md,28.83,0.1041,2817.0,drasi-project/drasi-server,pr-security-reviewer.md,19.28,same_repo,0.4495
466,99,Azure/azure-sdk-for-js,sentinel.md,15,0.4495,352.0,Azure/azure-sdk-for-js,dash.md,93.06,0.0752,220.0,Azure/azure-sdk-for-net,mgmt-review.md,29.69,0.1041,2817.0,drasi-project/drasi-server,pr-security-reviewer.md,20.15,same_repo,0.4495
467,100,Azure/azure-sdk-for-js,tester.md,1,0.4916,437.0,Azure/azure-sdk-for-js,scribe.md,0.02,0.0395,1916.0,Azure/typespec-azure,docs-sync.md,25.92,0.0783,2046.0,elastic/opentelemetry-collector-components,pr-review.md,38.72,same_repo,0.4916
468,100,Azure/azure-sdk-for-js,tester.md,2,0.4916,437.0,Azure/azure-sdk-for-js,scribe.md,0.95,0.0395,1916.0,Azure/typespec-azure,docs-sync.md,26.84,0.0783,2046.0,elastic/opentelemetry-collector-components,pr-review.md,39.65,same_repo,0.4916
469,100,Azure/azure-sdk-for-js,tester.md,3,0.4916,437.0,Azure/azure-sdk-for-js,scribe.md,1.11,0.0395,1916.0,Azure/typespec-azure,docs-sync.md,27.01,0.0783,2046.0,elastic/opentelemetry-collector-components,pr-review.md,39.81,same_repo,0.4916
470,100,Azure/azure-sdk-for-js,tester.md,4,0.4916,437.0,Azure/azure-sdk-for-js,scribe.md,2.92,0.0395,1916.0,Azure/typespec-azure,docs-sync.md,28.81,0.0783,2046.0,elastic/opentelemetry-collector-components,pr-review.md,41.62,same_repo,0.4916
471,100,Azure/azure-sdk-for-js,tester.md,5,0.4916,437.0,Azure/azure-sdk-for-js,scribe.md,8.07,0.0395,1916.0,Azure/typespec-azure,docs-sync.md,33.96,0.0783,2046.0,elastic/opentelemetry-collector-components,pr-review.md,46.77,same_repo,0.4916
472,100,Azure/azure-sdk-for-js,tester.md,6,0.4916,437.0,Azure/azure-sdk-for-js,scribe.md,14.92,0.0395,1916.0,Azure/typespec-azure,docs-sync.md,40.82,0.0783,2046.0,elastic/opentelemetry-collector-components,pr-review.md,53.62,same_repo,0.4916
473,100,Azure/azure-sdk-for-js,tester.md,7,0.4916,437.0,Azure/azure-sdk-for-js,scribe.md,16.98,0.0395,1916.0,Azure/typespec-azure,docs-sync.md,42.87,0.0783,2046.0,elastic/opentelemetry-collector-components,pr-review.md,55.68,same_repo,0.4916
474,100,Azure/azure-sdk-for-js,tester.md,8,0.4916,437.0,Azure/azure-sdk-for-js,scribe.md,19.89,0.0395,1916.0,Azure/typespec-azure,docs-sync.md,45.78,0.0783,2046.0,elastic/opentelemetry-collector-components,pr-review.md,58.58,same_repo,0.4916
475,100,Azure/azure-sdk-for-js,tester.md,9,0.4802,437.0,Azure/azure-sdk-for-js,scribe.md,42.95,0.0417,1910.0,Azure/typespec-azure,doc-update.md,22.4,0.0811,2046.0,elastic/opentelemetry-collector-components,pr-review.md,81.65,same_repo,0.4802
476,100,Azure/azure-sdk-for-js,tester.md,10,0.5126,445.0,Azure/azure-sdk-for-js,scribe.md,12.1,0.0417,1910.0,Azure/typespec-azure,doc-update.md,34.5,0.0811,2046.0,elastic/opentelemetry-collector-components,pr-review.md,93.75,same_repo,0.5126
477,100,Azure/azure-sdk-for-js,tester.md,11,0.5126,445.0,Azure/azure-sdk-for-js,scribe.md,37.13,0.0733,223.0,Azure/azure-sdk-for-net,mgmt-review.md,8.75,0.097,2818.0,drasi-project/drasi-server,pr-testing-reviewer.md,7.18,same_repo,0.5126
478,100,Azure/azure-sdk-for-js,tester.md,12,0.5126,445.0,Azure/azure-sdk-for-js,scribe.md,37.21,0.0733,223.0,Azure/azure-sdk-for-net,mgmt-review.md,8.83,0.097,2818.0,drasi-project/drasi-server,pr-testing-reviewer.md,7.26,same_repo,0.5126
479,100,Azure/azure-sdk-for-js,tester.md,13,0.5126,445.0,Azure/azure-sdk-for-js,scribe.md,49.21,0.0733,223.0,Azure/azure-sdk-for-net,mgmt-review.md,20.83,0.097,2818.0,drasi-project/drasi-server,pr-testing-reviewer.md,19.26,same_repo,0.5126
480,100,Azure/azure-sdk-for-js,tester.md,14,0.5126,445.0,Azure/azure-sdk-for-js,scribe.md,49.23,0.0733,223.0,Azure/azure-sdk-for-net,mgmt-review.md,20.85,0.097,2818.0,drasi-project/drasi-server,pr-testing-reviewer.md,19.28,same_repo,0.5126
481,100,Azure/azure-sdk-for-js,tester.md,15,0.5126,445.0,Azure/azure-sdk-for-js,scribe.md,50.1,0.0733,223.0,Azure/azure-sdk-for-net,mgmt-review.md,21.72,0.097,2818.0,drasi-project/drasi-server,pr-testing-reviewer.md,20.15,same_repo,0.5126
482,101,Azure/azure-sdk-for-js,upgrade-agentic-workflows.md,1,0.0626,390.0,Azure/azure-sdk-for-js,fix-test-failures.md,96.85,0.0628,222.0,Azure/azure-sdk-for-net,mgmt-review.md,7.41,0.1442,1398.0,dotnet/fsharp,aw-auto-update.md,12.03,other_owner,0.1442
483,101,Azure/azure-sdk-for-js,upgrade-agentic-workflows.md,2,0.0626,390.0,Azure/azure-sdk-for-js,fix-test-failures.md,99.0,0.0628,222.0,Azure/azure-sdk-for-net,mgmt-review.md,9.56,0.1442,1398.0,dotnet/fsharp,aw-auto-update.md,14.18,other_owner,0.1442
484,101,Azure/azure-sdk-for-js,upgrade-agentic-workflows.md,3,0.0626,390.0,Azure/azure-sdk-for-js,fix-test-failures.md,100.02,0.0628,222.0,Azure/azure-sdk-for-net,mgmt-review.md,10.58,0.1442,1398.0,dotnet/fsharp,aw-auto-update.md,15.2,other_owner,0.1442
485,101,Azure/azure-sdk-for-js,upgrade-agentic-workflows.md,4,0.0626,390.0,Azure/azure-sdk-for-js,fix-test-failures.md,100.1,0.0628,222.0,Azure/azure-sdk-for-net,mgmt-review.md,10.66,0.1442,1398.0,dotnet/fsharp,aw-auto-update.md,15.28,other_owner,0.1442
486,101,Azure/azure-sdk-for-js,upgrade-agentic-workflows.md,5,0.0626,390.0,Azure/azure-sdk-for-js,fix-test-failures.md,112.1,0.0628,222.0,Azure/azure-sdk-for-net,mgmt-review.md,22.66,0.1442,1398.0,dotnet/fsharp,aw-auto-update.md,27.28,other_owner,0.1442
487,101,Azure/azure-sdk-for-js,upgrade-agentic-workflows.md,6,0.0626,390.0,Azure/azure-sdk-for-js,fix-test-failures.md,112.12,0.0628,222.0,Azure/azure-sdk-for-net,mgmt-review.md,22.69,0.1442,1398.0,dotnet/fsharp,aw-auto-update.md,27.3,other_owner,0.1442
488,101,Azure/azure-sdk-for-js,upgrade-agentic-workflows.md,7,0.0626,390.0,Azure/azure-sdk-for-js,fix-test-failures.md,112.99,0.0628,222.0,Azure/azure-sdk-for-net,mgmt-review.md,23.55,0.1452,1398.0,dotnet/fsharp,aw-auto-update.md,28.17,other_owner,0.1452
489,102,WordPress/grunt-patch-wordpress,dependabot-pr-review.md,1,,,,,,,,,,,0.0425,376.0,Azure/azure-sdk-for-js,dexter.md,21.42,other_owner,0.0425
490,103,ptarmiganlabs/butler-sos,duplicate-code-detector.md,1,,,,,,,,,,,1.0,2508.0,chimon2000/good_first_issue,duplicate-code-detector.md,17.52,other_owner,1.0
491,103,ptarmiganlabs/butler-sos,duplicate-code-detector.md,2,,,,,,,,,,,0.9122,2509.0,chimon2000/good_first_issue,duplicate-code-detector.md,17.5,other_owner,0.9122
492,103,ptarmiganlabs/butler-sos,duplicate-code-detector.md,3,,,,,,,,,,,0.9122,2509.0,chimon2000/good_first_issue,duplicate-code-detector.md,78.09,other_owner,0.9122
493,103,ptarmiganlabs/butler-sos,duplicate-code-detector.md,4,,,,,,,,,,,1.0,1367.0,rancher/dashboard,duplicate-code-detector.md,44.87,other_owner,1.0
494,103,ptarmiganlabs/butler-sos,duplicate-code-detector.md,5,,,,,,,,,,,1.0,1367.0,rancher/dashboard,duplicate-code-detector.md,44.89,other_owner,1.0
495,104,ptarmiganlabs/butler-sos,grumpy-reviewer.md,1,0.0537,493.0,ptarmiganlabs/butler-sos,duplicate-code-detector.md,0.03,,,,,,0.1075,1331.0,CliMA/ClimaAtmos.jl,pr-review.md,4.33,other_owner,0.1075
496,104,ptarmiganlabs/butler-sos,grumpy-reviewer.md,2,0.0537,493.0,ptarmiganlabs/butler-sos,duplicate-code-detector.md,0.39,,,,,,0.1075,1331.0,CliMA/ClimaAtmos.jl,pr-review.md,4.69,other_owner,0.1075
497,104,ptarmiganlabs/butler-sos,grumpy-reviewer.md,3,0.0537,493.0,ptarmiganlabs/butler-sos,duplicate-code-detector.md,0.4,,,,,,0.1075,1331.0,CliMA/ClimaAtmos.jl,pr-review.md,4.7,other_owner,0.1075
498,105,IgniteUI/igniteui-docfx,sync-jp-docs.md,1,,,,,,,,,,,0.0686,229.0,OpenMS/OpenMS,doc-sync.md,8.11,other_owner,0.0686
499,105,IgniteUI/igniteui-docfx,sync-jp-docs.md,2,,,,,,0.635,1957.0,IgniteUI/igniteui-xplat-docs,sync-jp-docs.md,5.92,0.0638,229.0,OpenMS/OpenMS,doc-sync.md,22.14,same_owner,0.635
500,106,appwrite/appwrite,issue-triage.md,1,,,,,,,,,,,1.0,2091.0,kaito-project/aikit,issue-triage.md,3.28,other_owner,1.0
501,106,appwrite/appwrite,issue-triage.md,2,,,,,,,,,,,0.8791,2091.0,kaito-project/aikit,issue-triage.md,7.81,other_owner,0.8791
502,106,appwrite/appwrite,issue-triage.md,3,,,,,,,,,,,0.8286,2091.0,kaito-project/aikit,issue-triage.md,9.99,other_owner,0.8286
503,106,appwrite/appwrite,issue-triage.md,4,,,,,,,,,,,0.8286,2091.0,kaito-project/aikit,issue-triage.md,12.97,other_owner,0.8286
504,106,appwrite/appwrite,issue-triage.md,5,,,,,,,,,,,0.8015,2091.0,kaito-project/aikit,issue-triage.md,13.09,other_owner,0.8015
505,106,appwrite/appwrite,issue-triage.md,6,,,,,,,,,,,0.8019,2091.0,kaito-project/aikit,issue-triage.md,13.11,other_owner,0.8019
506,106,appwrite/appwrite,issue-triage.md,7,,,,,,,,,,,0.8019,2091.0,kaito-project/aikit,issue-triage.md,13.14,other_owner,0.8019
507,106,appwrite/appwrite,issue-triage.md,8,,,,,,,,,,,0.8019,2091.0,kaito-project/aikit,issue-triage.md,13.99,other_owner,0.8019
508,106,appwrite/appwrite,issue-triage.md,9,,,,,,,,,,,0.7023,2091.0,kaito-project/aikit,issue-triage.md,14.0,other_owner,0.7023
509,106,appwrite/appwrite,issue-triage.md,10,,,,,,,,,,,0.5596,2091.0,kaito-project/aikit,issue-triage.md,14.0,other_owner,0.5596
510,106,appwrite/appwrite,issue-triage.md,11,,,,,,,,,,,0.5638,2091.0,kaito-project/aikit,issue-triage.md,14.0,other_owner,0.5638
511,106,appwrite/appwrite,issue-triage.md,12,,,,,,,,,,,0.5494,2091.0,kaito-project/aikit,issue-triage.md,18.94,other_owner,0.5494
512,106,appwrite/appwrite,issue-triage.md,13,,,,,,,,,,,0.5453,2091.0,kaito-project/aikit,issue-triage.md,18.98,other_owner,0.5453
513,107,microsoft/Web-Dev-For-Beginners,daily-repo-status.md,1,,,,,,0.0378,2088.0,microsoft/wassette,scout.md,120.73,1.0,938.0,r12f/rnp,daily-repo-status.md,3.59,other_owner,1.0
514,108,elastic/kibana,backlog-groom.md,1,0.0491,524.0,elastic/kibana,failed-test-investigator.md,14.16,0.0998,747.0,elastic/terraform-provider-elasticstack,code-factory-issue.md,13.54,0.0563,1746.0,opsmill/infrahub,bug-agent-fix.md,25.4,same_owner,0.0998
515,108,elastic/kibana,backlog-groom.md,2,0.0491,524.0,elastic/kibana,failed-test-investigator.md,22.39,0.0998,747.0,elastic/terraform-provider-elasticstack,code-factory-issue.md,21.77,0.0563,1746.0,opsmill/infrahub,bug-agent-fix.md,33.63,same_owner,0.0998
516,108,elastic/kibana,backlog-groom.md,3,0.0491,524.0,elastic/kibana,failed-test-investigator.md,28.99,0.0998,747.0,elastic/terraform-provider-elasticstack,code-factory-issue.md,28.36,0.0563,1746.0,opsmill/infrahub,bug-agent-fix.md,40.22,same_owner,0.0998
517,109,elastic/kibana,failed-backport-resolver.md,1,0.0519,524.0,elastic/kibana,failed-test-investigator.md,10.17,0.0483,737.0,elastic/terraform-provider-elasticstack,code-factory-issue.md,21.74,0.0896,2022.0,dotnet/macios,code-radiator.md,8.47,other_owner,0.0896
518,109,elastic/kibana,failed-backport-resolver.md,2,0.0512,524.0,elastic/kibana,failed-test-investigator.md,10.23,0.0493,714.0,elastic/terraform-provider-elasticstack,change-factory-issue.md,4.7,0.088,2022.0,dotnet/macios,code-radiator.md,8.53,other_owner,0.088
519,109,elastic/kibana,failed-backport-resolver.md,3,0.0532,524.0,elastic/kibana,failed-test-investigator.md,14.46,0.053,756.0,elastic/terraform-provider-elasticstack,code-factory-issue.md,2.58,0.0899,2022.0,dotnet/macios,code-radiator.md,12.76,other_owner,0.0899
520,109,elastic/kibana,failed-backport-resolver.md,4,0.05,524.0,elastic/kibana,failed-test-investigator.md,14.58,0.0564,737.0,elastic/terraform-provider-elasticstack,code-factory-issue.md,26.16,0.0863,2022.0,dotnet/macios,code-radiator.md,12.88,other_owner,0.0863
521,109,elastic/kibana,failed-backport-resolver.md,5,0.0445,524.0,elastic/kibana,failed-test-investigator.md,15.21,0.0544,737.0,elastic/terraform-provider-elasticstack,code-factory-issue.md,26.79,0.0688,1276.0,microsoft/aspire,pr-docs-check.md,12.93,other_owner,0.0688
522,109,elastic/kibana,failed-backport-resolver.md,6,0.0445,524.0,elastic/kibana,failed-test-investigator.md,15.29,0.0544,737.0,elastic/terraform-provider-elasticstack,code-factory-issue.md,26.86,0.0688,1276.0,microsoft/aspire,pr-docs-check.md,13.01,other_owner,0.0688
523,109,elastic/kibana,failed-backport-resolver.md,7,0.0448,524.0,elastic/kibana,failed-test-investigator.md,49.27,0.0581,654.0,elastic/elasticsearch-specification,spec-drift.md,33.47,0.0692,1276.0,microsoft/aspire,pr-docs-check.md,46.99,other_owner,0.0692
524,110,elastic/kibana,failed-test-investigator.md,1,0.0116,544.0,elastic/kibana,reviewer-claude.md,6.68,0.0514,780.0,elastic/terraform-provider-elasticstack,flaky-test-catcher.md,0.11,0.0703,964.0,microsoft/vscode-pylint,issue-triage.md,69.51,other_owner,0.0703
525,110,elastic/kibana,failed-test-investigator.md,2,0.0116,544.0,elastic/kibana,reviewer-claude.md,8.83,0.0517,781.0,elastic/terraform-provider-elasticstack,flaky-test-catcher.md,1.53,0.0703,964.0,microsoft/vscode-pylint,issue-triage.md,71.67,other_owner,0.0703
526,110,elastic/kibana,failed-test-investigator.md,3,0.0116,544.0,elastic/kibana,reviewer-claude.md,16.69,0.0553,834.0,elastic/terraform-provider-elasticstack,reproducer-factory-issue.md,1.45,0.0703,964.0,microsoft/vscode-pylint,issue-triage.md,79.52,other_owner,0.0703
527,110,elastic/kibana,failed-test-investigator.md,4,0.0435,517.0,elastic/kibana,failed-backport-resolver.md,2.66,0.0638,834.0,elastic/terraform-provider-elasticstack,reproducer-factory-issue.md,4.27,0.0692,390.0,Azure/azure-sdk-for-js,fix-test-failures.md,74.53,other_owner,0.0692
528,110,elastic/kibana,failed-test-investigator.md,5,0.0435,517.0,elastic/kibana,failed-backport-resolver.md,3.84,0.0638,834.0,elastic/terraform-provider-elasticstack,reproducer-factory-issue.md,5.45,0.0692,390.0,Azure/azure-sdk-for-js,fix-test-failures.md,75.71,other_owner,0.0692
529,110,elastic/kibana,failed-test-investigator.md,6,0.043,514.0,elastic/kibana,backlog-groom.md,8.79,0.0537,834.0,elastic/terraform-provider-elasticstack,reproducer-factory-issue.md,14.4,0.0582,1305.0,clash-verge-rev/clash-verge-rev,pr-ai-slop-review.md,62.92,other_owner,0.0582
530,110,elastic/kibana,failed-test-investigator.md,7,0.0444,514.0,elastic/kibana,backlog-groom.md,12.64,0.0536,781.0,elastic/terraform-provider-elasticstack,flaky-test-catcher.md,26.17,0.0666,256.0,openvinotoolkit/openvino,ci-doctor.md,34.8,other_owner,0.0666
531,110,elastic/kibana,failed-test-investigator.md,8,0.0445,514.0,elastic/kibana,backlog-groom.md,21.56,0.0563,838.0,elastic/terraform-provider-elasticstack,reproducer-factory-issue.md,23.14,0.0695,256.0,openvinotoolkit/openvino,ci-doctor.md,43.72,other_owner,0.0695
532,110,elastic/kibana,failed-test-investigator.md,9,0.0698,538.0,elastic/kibana,flaky-test-fixer.md,5.26,0.0563,838.0,elastic/terraform-provider-elasticstack,reproducer-factory-issue.md,28.4,0.0695,256.0,openvinotoolkit/openvino,ci-doctor.md,48.98,same_repo,0.0698
533,110,elastic/kibana,failed-test-investigator.md,10,0.087,538.0,elastic/kibana,flaky-test-fixer.md,7.07,0.0591,834.0,elastic/terraform-provider-elasticstack,reproducer-factory-issue.md,34.23,0.0722,2638.0,FalkorDB/falkordb-rs-next-gen,flaky-test-rca.md,12.96,same_repo,0.087
534,110,elastic/kibana,failed-test-investigator.md,11,0.087,538.0,elastic/kibana,flaky-test-fixer.md,7.39,0.0598,834.0,elastic/terraform-provider-elasticstack,reproducer-factory-issue.md,34.56,0.0723,2638.0,FalkorDB/falkordb-rs-next-gen,flaky-test-rca.md,13.28,same_repo,0.087
535,110,elastic/kibana,failed-test-investigator.md,12,0.1046,542.0,elastic/kibana,flaky-test-fixer.md,0.74,0.06,834.0,elastic/terraform-provider-elasticstack,reproducer-factory-issue.md,35.3,0.0747,248.0,openvinotoolkit/openvino,ci-doctor-mq.md,7.88,same_repo,0.1046
536,110,elastic/kibana,failed-test-investigator.md,13,0.1051,542.0,elastic/kibana,flaky-test-fixer.md,1.69,0.0628,838.0,elastic/terraform-provider-elasticstack,reproducer-factory-issue.md,32.23,0.0742,248.0,openvinotoolkit/openvino,ci-doctor-mq.md,8.83,same_repo,0.1051
537,110,elastic/kibana,failed-test-investigator.md,14,0.1051,542.0,elastic/kibana,flaky-test-fixer.md,1.95,0.0628,838.0,elastic/terraform-provider-elasticstack,reproducer-factory-issue.md,32.48,0.0742,248.0,openvinotoolkit/openvino,ci-doctor-mq.md,9.08,same_repo,0.1051
538,111,elastic/kibana,flaky-test-fixer.md,1,0.093,529.0,elastic/kibana,failed-test-investigator.md,12.77,0.0522,780.0,elastic/terraform-provider-elasticstack,flaky-test-catcher.md,35.82,0.0599,390.0,Azure/azure-sdk-for-js,fix-test-failures.md,97.42,same_repo,0.093
539,111,elastic/kibana,flaky-test-fixer.md,2,0.093,529.0,elastic/kibana,failed-test-investigator.md,18.03,0.0522,780.0,elastic/terraform-provider-elasticstack,flaky-test-catcher.md,41.08,0.0599,390.0,Azure/azure-sdk-for-js,fix-test-failures.md,102.68,same_repo,0.093
540,111,elastic/kibana,flaky-test-fixer.md,3,0.0895,529.0,elastic/kibana,failed-test-investigator.md,19.84,0.0551,780.0,elastic/terraform-provider-elasticstack,flaky-test-catcher.md,42.89,0.064,390.0,Azure/azure-sdk-for-js,fix-test-failures.md,104.49,same_repo,0.0895
541,111,elastic/kibana,flaky-test-fixer.md,4,0.0895,529.0,elastic/kibana,failed-test-investigator.md,20.0,0.0551,780.0,elastic/terraform-provider-elasticstack,flaky-test-catcher.md,43.05,0.064,390.0,Azure/azure-sdk-for-js,fix-test-failures.md,104.65,same_repo,0.0895
542,111,elastic/kibana,flaky-test-fixer.md,5,0.1043,533.0,elastic/kibana,failed-test-investigator.md,0.32,0.0543,780.0,elastic/terraform-provider-elasticstack,flaky-test-catcher.md,43.21,0.0633,390.0,Azure/azure-sdk-for-js,fix-test-failures.md,104.81,same_repo,0.1043
543,111,elastic/kibana,flaky-test-fixer.md,6,0.1043,533.0,elastic/kibana,failed-test-investigator.md,1.07,0.0543,780.0,elastic/terraform-provider-elasticstack,flaky-test-catcher.md,43.96,0.0633,390.0,Azure/azure-sdk-for-js,fix-test-failures.md,105.56,same_repo,0.1043
544,112,elastic/kibana,reviewer-claude.md,1,,,,,,0.0132,2611.0,elastic/elastic-docs-skills,skill-eval-test.md,54.45,0.0345,952.0,prowler-cloud/prowler,issue-triage.md,64.24,other_owner,0.0345
545,112,elastic/kibana,reviewer-claude.md,2,,,,,,0.0132,2611.0,elastic/elastic-docs-skills,skill-eval-test.md,54.74,0.0345,952.0,prowler-cloud/prowler,issue-triage.md,64.53,other_owner,0.0345
546,112,elastic/kibana,reviewer-claude.md,3,,,,,,0.0132,2611.0,elastic/elastic-docs-skills,skill-eval-test.md,54.78,0.0345,952.0,prowler-cloud/prowler,issue-triage.md,64.57,other_owner,0.0345
547,112,elastic/kibana,reviewer-claude.md,4,0.8948,555.0,elastic/kibana,reviewer-codex.md,1.74,0.0132,2611.0,elastic/elastic-docs-skills,skill-eval-test.md,63.29,0.0345,952.0,prowler-cloud/prowler,issue-triage.md,73.08,same_repo,0.8948
548,112,elastic/kibana,reviewer-claude.md,5,0.4997,555.0,elastic/kibana,reviewer-codex.md,12.92,0.0228,805.0,elastic/terraform-provider-elasticstack,openspec-verify-label.md,53.6,0.0464,624.0,pulumi/pulumi-terraform-bridge,terraform-bridge-pr-review.md,73.1,same_repo,0.4997
549,112,elastic/kibana,reviewer-claude.md,6,0.7974,556.0,elastic/kibana,reviewer-codex.md,0.02,0.0228,805.0,elastic/terraform-provider-elasticstack,openspec-verify-label.md,53.62,0.0464,624.0,pulumi/pulumi-terraform-bridge,terraform-bridge-pr-review.md,73.12,same_repo,0.7974
550,112,elastic/kibana,reviewer-claude.md,7,0.7974,556.0,elastic/kibana,reviewer-codex.md,15.65,0.0228,805.0,elastic/terraform-provider-elasticstack,openspec-verify-label.md,69.25,0.0479,605.0,pulumi/pulumi-kubernetes-operator,kubernetes-operator-pr-review.md,4.56,same_repo,0.7974
551,112,elastic/kibana,reviewer-claude.md,8,0.6073,556.0,elastic/kibana,reviewer-codex.md,15.84,0.0263,2046.0,elastic/opentelemetry-collector-components,pr-review.md,109.64,0.0468,624.0,pulumi/pulumi-terraform-bridge,terraform-bridge-pr-review.md,88.95,same_repo,0.6073
552,112,elastic/kibana,reviewer-claude.md,9,0.8233,559.0,elastic/kibana,reviewer-codex.md,2.02,0.0263,2046.0,elastic/opentelemetry-collector-components,pr-review.md,111.66,0.0468,624.0,pulumi/pulumi-terraform-bridge,terraform-bridge-pr-review.md,90.97,same_repo,0.8233
553,112,elastic/kibana,reviewer-claude.md,10,0.8233,559.0,elastic/kibana,reviewer-codex.md,2.07,0.0263,2046.0,elastic/opentelemetry-collector-components,pr-review.md,111.71,0.0468,624.0,pulumi/pulumi-terraform-bridge,terraform-bridge-pr-review.md,91.02,same_repo,0.8233
554,112,elastic/kibana,reviewer-claude.md,11,0.8233,559.0,elastic/kibana,reviewer-codex.md,20.22,0.0263,2046.0,elastic/opentelemetry-collector-components,pr-review.md,129.86,0.0468,624.0,pulumi/pulumi-terraform-bridge,terraform-bridge-pr-review.md,109.17,same_repo,0.8233
555,113,elastic/kibana,reviewer-codex.md,1,0.8948,544.0,elastic/kibana,reviewer-claude.md,7.1,0.0112,808.0,elastic/terraform-provider-elasticstack,openspec-verify-label.md,36.88,0.0341,952.0,prowler-cloud/prowler,issue-triage.md,71.34,same_repo,0.8948
556,113,elastic/kibana,reviewer-codex.md,2,0.4176,544.0,elastic/kibana,reviewer-claude.md,20.02,0.0287,707.0,elastic/terraform-provider-elasticstack,change-factory-issue.md,21.74,0.0835,624.0,pulumi/pulumi-terraform-bridge,terraform-bridge-pr-review.md,73.1,same_repo,0.4176
557,113,elastic/kibana,reviewer-codex.md,3,0.7974,548.0,elastic/kibana,reviewer-claude.md,0.02,0.0287,707.0,elastic/terraform-provider-elasticstack,change-factory-issue.md,21.76,0.0835,624.0,pulumi/pulumi-terraform-bridge,terraform-bridge-pr-review.md,73.12,same_repo,0.7974
558,113,elastic/kibana,reviewer-codex.md,4,0.7974,548.0,elastic/kibana,reviewer-claude.md,15.65,0.0287,707.0,elastic/terraform-provider-elasticstack,change-factory-issue.md,37.39,0.0835,624.0,pulumi/pulumi-terraform-bridge,terraform-bridge-pr-review.md,88.75,same_repo,0.7974
559,113,elastic/kibana,reviewer-codex.md,5,0.6553,548.0,elastic/kibana,reviewer-claude.md,15.84,0.0323,705.0,elastic/terraform-provider-elasticstack,change-factory-issue.md,38.56,0.0779,624.0,pulumi/pulumi-terraform-bridge,terraform-bridge-pr-review.md,88.95,same_repo,0.6553
560,114,elastic/kibana,reviewer-scout.md,1,0.9111,559.0,elastic/kibana,reviewer-codex.md,15.83,0.0321,705.0,elastic/terraform-provider-elasticstack,change-factory-issue.md,54.39,0.0762,296.0,dotnet/runtime,code-review.md,4.08,same_repo,0.9111
561,114,elastic/kibana,reviewer-scout.md,2,0.9111,559.0,elastic/kibana,reviewer-codex.md,15.9,0.0321,705.0,elastic/terraform-provider-elasticstack,change-factory-issue.md,54.46,0.0762,296.0,dotnet/runtime,code-review.md,4.15,same_repo,0.9111
562,115,lablup/backend.ai-webui,daily-test-improver.md,1,,,,,,,,,,,0.6802,2089.0,kaito-project/aikit,daily-test-improver.md,31.48,other_owner,0.6802
563,115,lablup/backend.ai-webui,daily-test-improver.md,2,,,,,,,,,,,0.6728,2089.0,kaito-project/aikit,daily-test-improver.md,38.51,other_owner,0.6728
564,115,lablup/backend.ai-webui,daily-test-improver.md,3,,,,,,,,,,,0.6728,2089.0,kaito-project/aikit,daily-test-improver.md,39.16,other_owner,0.6728
565,115,lablup/backend.ai-webui,daily-test-improver.md,4,0.0306,575.0,lablup/backend.ai-webui,weekly-team-status.md,28.66,,,,,,0.6728,2089.0,kaito-project/aikit,daily-test-improver.md,73.11,other_owner,0.6728
566,116,lablup/backend.ai-webui,e2e-healer.md,1,0.0477,563.0,lablup/backend.ai-webui,daily-test-improver.md,69.21,,,,,,0.0554,1954.0,ohcnetwork/care_fe,daily-playwright-improver.md,1.71,other_owner,0.0554
567,116,lablup/backend.ai-webui,e2e-healer.md,2,0.8231,570.0,lablup/backend.ai-webui,e2e-watchdog.md,87.98,,,,,,0.0554,1954.0,ohcnetwork/care_fe,daily-playwright-improver.md,89.69,same_repo,0.8231
568,116,lablup/backend.ai-webui,e2e-healer.md,3,0.8231,570.0,lablup/backend.ai-webui,e2e-watchdog.md,91.44,,,,,,0.0554,1954.0,ohcnetwork/care_fe,daily-playwright-improver.md,93.15,same_repo,0.8231
569,116,lablup/backend.ai-webui,e2e-healer.md,4,0.8231,570.0,lablup/backend.ai-webui,e2e-watchdog.md,124.84,,,,,,0.0554,1954.0,ohcnetwork/care_fe,daily-playwright-improver.md,126.55,same_repo,0.8231
570,117,lablup/backend.ai-webui,e2e-watchdog.md,1,0.8231,566.0,lablup/backend.ai-webui,e2e-healer.md,0.0,,,,,,0.0505,1954.0,ohcnetwork/care_fe,daily-playwright-improver.md,1.71,same_repo,0.8231
571,117,lablup/backend.ai-webui,e2e-watchdog.md,2,0.8231,566.0,lablup/backend.ai-webui,e2e-healer.md,87.98,,,,,,0.0541,524.0,elastic/kibana,failed-test-investigator.md,3.06,same_repo,0.8231
572,117,lablup/backend.ai-webui,e2e-watchdog.md,3,0.8231,566.0,lablup/backend.ai-webui,e2e-healer.md,91.44,,,,,,0.0541,524.0,elastic/kibana,failed-test-investigator.md,6.52,same_repo,0.8231
573,117,lablup/backend.ai-webui,e2e-watchdog.md,4,0.8231,566.0,lablup/backend.ai-webui,e2e-healer.md,124.84,,,,,,0.0541,524.0,elastic/kibana,failed-test-investigator.md,39.92,same_repo,0.8231
574,118,lablup/backend.ai-webui,storybook-coverage-checker.md,1,0.0449,563.0,lablup/backend.ai-webui,daily-test-improver.md,63.88,,,,,,0.0471,327.0,microsoft/pxt,documentation.md,55.35,other_owner,0.0471
575,119,lablup/backend.ai-webui,weekly-team-status.md,1,0.0309,562.0,lablup/backend.ai-webui,daily-test-improver.md,12.97,,,,,,0.9469,2186.0,kubestellar/docs,daily-team-status.md,4.55,other_owner,0.9469
576,119,lablup/backend.ai-webui,weekly-team-status.md,2,0.0309,562.0,lablup/backend.ai-webui,daily-test-improver.md,41.63,,,,,,0.9469,2186.0,kubestellar/docs,daily-team-status.md,33.22,other_owner,0.9469
577,120,Josverl/micropython-stubs,quality-issue-triage.md,1,,,,,,,,,,,0.0661,2084.0,microsoft/wassette,plan.md,178.55,other_owner,0.0661
578,120,Josverl/micropython-stubs,quality-issue-triage.md,2,,,,,,,,,,,0.0667,2084.0,microsoft/wassette,plan.md,178.57,other_owner,0.0667
579,120,Josverl/micropython-stubs,quality-issue-triage.md,3,,,,,,,,,,,0.0667,2084.0,microsoft/wassette,plan.md,179.47,other_owner,0.0667
580,121,pulumi/pulumi-postgresql,gh-aw-pr-rereview.md,1,,,,,,,,,,,,,,,,,
581,122,pulumi/pulumi-postgresql,gh-aw-pr-review.md,1,,,,,,,,,,,,,,,,,
582,123,pulumi/pulumi-linode,gh-aw-pr-rereview.md,1,,,,,,,,,,,,,,,,,
583,124,pulumi/pulumi-linode,gh-aw-pr-review.md,1,,,,,,,,,,,,,,,,,
584,125,licensee/licensee,repo-assist.md,1,,,,,,,,,,,1.0,1461.0,ionide/ionide-vscode-fsharp,repo-assist.md,3.57,other_owner,1.0
585,125,licensee/licensee,repo-assist.md,2,,,,,,,,,,,1.0,1461.0,ionide/ionide-vscode-fsharp,repo-assist.md,8.4,other_owner,1.0
586,125,licensee/licensee,repo-assist.md,3,,,,,,,,,,,0.96,1461.0,ionide/ionide-vscode-fsharp,repo-assist.md,20.62,other_owner,0.96
587,125,licensee/licensee,repo-assist.md,4,,,,,,,,,,,0.96,1461.0,ionide/ionide-vscode-fsharp,repo-assist.md,20.62,other_owner,0.96
588,125,licensee/licensee,repo-assist.md,5,,,,,,,,,,,0.9601,1461.0,ionide/ionide-vscode-fsharp,repo-assist.md,20.62,other_owner,0.9601
589,125,licensee/licensee,repo-assist.md,6,,,,,,,,,,,0.9137,1461.0,ionide/ionide-vscode-fsharp,repo-assist.md,25.34,other_owner,0.9137
590,125,licensee/licensee,repo-assist.md,7,,,,,,,,,,,0.9601,1461.0,ionide/ionide-vscode-fsharp,repo-assist.md,26.11,other_owner,0.9601
591,125,licensee/licensee,repo-assist.md,8,,,,,,,,,,,0.9601,1461.0,ionide/ionide-vscode-fsharp,repo-assist.md,26.55,other_owner,0.9601
592,125,licensee/licensee,repo-assist.md,9,,,,,,,,,,,0.9601,1461.0,ionide/ionide-vscode-fsharp,repo-assist.md,35.2,other_owner,0.9601
593,125,licensee/licensee,repo-assist.md,10,,,,,,,,,,,0.9601,1461.0,ionide/ionide-vscode-fsharp,repo-assist.md,36.46,other_owner,0.9601
594,125,licensee/licensee,repo-assist.md,11,,,,,,,,,,,0.9601,1461.0,ionide/ionide-vscode-fsharp,repo-assist.md,37.53,other_owner,0.9601
595,125,licensee/licensee,repo-assist.md,12,,,,,,,,,,,0.9552,1461.0,ionide/ionide-vscode-fsharp,repo-assist.md,39.43,other_owner,0.9552
596,125,licensee/licensee,repo-assist.md,13,,,,,,,,,,,0.9321,1461.0,ionide/ionide-vscode-fsharp,repo-assist.md,57.41,other_owner,0.9321
597,125,licensee/licensee,repo-assist.md,14,,,,,,,,,,,0.9209,1461.0,ionide/ionide-vscode-fsharp,repo-assist.md,67.03,other_owner,0.9209
598,125,licensee/licensee,repo-assist.md,15,,,,,,,,,,,0.9117,1461.0,ionide/ionide-vscode-fsharp,repo-assist.md,69.1,other_owner,0.9117
599,125,licensee/licensee,repo-assist.md,16,,,,,,,,,,,0.8826,1461.0,ionide/ionide-vscode-fsharp,repo-assist.md,69.1,other_owner,0.8826
600,126,pulumi/pulumi-kubernetes-operator,kubernetes-operator-pr-rereview.md,1,,,,,,,,,,,,,,,,,
601,126,pulumi/pulumi-kubernetes-operator,kubernetes-operator-pr-rereview.md,2,,,,,,,,,,,,,,,,,
602,126,pulumi/pulumi-kubernetes-operator,kubernetes-operator-pr-rereview.md,3,,,,,,0.1653,620.0,pulumi/pulumi-terraform-bridge,terraform-bridge-pr-rereview.md,84.19,0.0518,1330.0,CliMA/ClimaAtmos.jl,pr-review.md,11.15,same_owner,0.1653
603,127,pulumi/pulumi-kubernetes-operator,kubernetes-operator-pr-review.md,1,,,,,,,,,,,,,,,,,
604,127,pulumi/pulumi-kubernetes-operator,kubernetes-operator-pr-review.md,2,,,,,,,,,,,,,,,,,
605,127,pulumi/pulumi-kubernetes-operator,kubernetes-operator-pr-review.md,3,,,,,,0.0992,624.0,pulumi/pulumi-terraform-bridge,terraform-bridge-pr-review.md,84.19,0.0538,556.0,elastic/kibana,reviewer-codex.md,11.09,same_owner,0.0992
606,128,pulumi/pulumi-terraform,gh-aw-pr-rereview.md,1,,,,,,,,,,,,,,,,,
607,129,pulumi/pulumi-terraform,gh-aw-pr-review.md,1,,,,,,,,,,,,,,,,,
608,130,pulumi/pulumi-digitalocean,gh-aw-pr-rereview.md,1,,,,,,,,,,,,,,,,,
609,131,pulumi/pulumi-digitalocean,gh-aw-pr-review.md,1,,,,,,,,,,,,,,,,,
610,132,pulumi/pulumi-docker,gh-aw-pr-rereview.md,1,,,,,,,,,,,,,,,,,
611,133,pulumi/pulumi-docker,gh-aw-pr-review.md,1,,,,,,,,,,,,,,,,,
612,134,pulumi/pulumi-alicloud,gh-aw-pr-rereview.md,1,,,,,,,,,,,,,,,,,
613,135,pulumi/pulumi-alicloud,gh-aw-pr-review.md,1,,,,,,,,,,,,,,,,,
614,136,pulumi/pulumi-cloudflare,gh-aw-pr-rereview.md,1,,,,,,,,,,,,,,,,,
615,137,pulumi/pulumi-cloudflare,gh-aw-pr-review.md,1,,,,,,,,,,,,,,,,,
616,138,pulumi/pulumi-gcp,gh-aw-pr-rereview.md,1,,,,,,,,,,,,,,,,,
617,139,pulumi/pulumi-gcp,gh-aw-pr-review.md,1,,,,,,,,,,,,,,,,,
618,140,pulumi/pulumi-azure,gh-aw-pr-rereview.md,1,,,,,,,,,,,,,,,,,
619,141,pulumi/pulumi-azure,gh-aw-pr-review.md,1,,,,,,,,,,,,,,,,,
620,142,pulumi/pulumi-terraform-bridge,terraform-bridge-pr-rereview.md,1,,,,,,,,,,,0.0546,2633.0,pockebot/openpocket,issue-fix.md,11.71,other_owner,0.0546
621,142,pulumi/pulumi-terraform-bridge,terraform-bridge-pr-rereview.md,2,,,,,,,,,,,,,,,,,
622,142,pulumi/pulumi-terraform-bridge,terraform-bridge-pr-rereview.md,3,,,,,,,,,,,,,,,,,
623,142,pulumi/pulumi-terraform-bridge,terraform-bridge-pr-rereview.md,4,0.0359,624.0,pulumi/pulumi-terraform-bridge,terraform-bridge-pr-review.md,88.98,1.0,602.0,pulumi/pulumi-kubernetes-operator,kubernetes-operator-pr-rereview.md,4.79,0.0518,1330.0,CliMA/ClimaAtmos.jl,pr-review.md,15.94,same_owner,1.0
624,143,pulumi/pulumi-terraform-bridge,terraform-bridge-pr-review.md,1,,,,,,,,,,,0.0556,2571.0,jurre/huebar,code-review.md,18.92,other_owner,0.0556
625,143,pulumi/pulumi-terraform-bridge,terraform-bridge-pr-review.md,2,,,,,,,,,,,,,,,,,
626,143,pulumi/pulumi-terraform-bridge,terraform-bridge-pr-review.md,3,,,,,,,,,,,,,,,,,
627,143,pulumi/pulumi-terraform-bridge,terraform-bridge-pr-review.md,4,0.0391,620.0,pulumi/pulumi-terraform-bridge,terraform-bridge-pr-rereview.md,88.98,1.0,605.0,pulumi/pulumi-kubernetes-operator,kubernetes-operator-pr-review.md,4.79,0.0538,556.0,elastic/kibana,reviewer-codex.md,15.87,same_owner,1.0
628,144,pulumi/pulumi-provider-boilerplate,gh-aw-pr-rereview.md,1,,,,,,,,,,,,,,,,,
629,145,pulumi/pulumi-provider-boilerplate,gh-aw-pr-review.md,1,,,,,,,,,,,,,,,,,
630,146,pulumi/pulumi-kubernetes,gh-aw-pr-rereview.md,1,,,,,,,,,,,,,,,,,
631,147,pulumi/pulumi-kubernetes,gh-aw-pr-review.md,1,,,,,,,,,,,,,,,,,
632,148,pulumi/pulumi-aws,gh-aw-pr-rereview.md,1,,,,,,,,,,,,,,,,,
633,149,pulumi/pulumi-aws,gh-aw-pr-review.md,1,,,,,,,,,,,,,,,,,
634,150,royshil/obs-backgroundremoval,validate-pr.md,1,,,,,,,,,,,0.046,1928.0,foxminchan/BookWorm,contribution-guidelines-checker.md,2.13,other_owner,0.046
635,151,RustPython/RustPython,upgrade-pylib.md,1,,,,,,,,,,,0.0426,2131.0,githubnext/agentics,maintainer.md,11.08,other_owner,0.0426
636,151,RustPython/RustPython,upgrade-pylib.md,2,,,,,,,,,,,0.0418,2131.0,githubnext/agentics,maintainer.md,11.18,other_owner,0.0418
637,151,RustPython/RustPython,upgrade-pylib.md,3,,,,,,,,,,,0.041,2131.0,githubnext/agentics,maintainer.md,11.23,other_owner,0.041
638,151,RustPython/RustPython,upgrade-pylib.md,4,,,,,,,,,,,0.0366,2081.0,microsoft/wassette,ci-doctor.md,128.42,other_owner,0.0366
639,151,RustPython/RustPython,upgrade-pylib.md,5,,,,,,,,,,,0.0408,2177.0,tosin2013/mcp-adr-analysis-server,mcp-server-validation.md,7.53,other_owner,0.0408
640,151,RustPython/RustPython,upgrade-pylib.md,6,,,,,,,,,,,0.0443,416.0,Azure/azure-sdk-for-js,mgmt-review.md,8.35,other_owner,0.0443
641,151,RustPython/RustPython,upgrade-pylib.md,7,,,,,,,,,,,0.0605,1392.0,dotnet/fsharp,aw-auto-update.md,51.45,other_owner,0.0605
642,152,wp-media/wp-rocket,pr-release-doc-generator.md,1,,,,,,,,,,,0.0616,304.0,microsoft/pxt-arcade,documentation.md,71.75,other_owner,0.0616
643,152,wp-media/wp-rocket,pr-release-doc-generator.md,2,,,,,,,,,,,0.0639,304.0,microsoft/pxt-arcade,documentation.md,71.92,other_owner,0.0639
644,152,wp-media/wp-rocket,pr-release-doc-generator.md,3,,,,,,,,,,,0.0638,304.0,microsoft/pxt-arcade,documentation.md,71.94,other_owner,0.0638
645,152,wp-media/wp-rocket,pr-release-doc-generator.md,4,,,,,,,,,,,0.0638,304.0,microsoft/pxt-arcade,documentation.md,71.96,other_owner,0.0638
646,153,pulumi/pulumi-github,gh-aw-pr-rereview.md,1,,,,,,,,,,,,,,,,,
647,154,pulumi/pulumi-github,gh-aw-pr-review.md,1,,,,,,,,,,,,,,,,,
648,155,elastic/elasticsearch-specification,kibana-type-check-analysis.md,1,0.0927,654.0,elastic/elasticsearch-specification,spec-drift.md,1.42,0.0735,795.0,elastic/terraform-provider-elasticstack,kibana-spec-impact.md,28.79,0.0517,390.0,Azure/azure-sdk-for-js,fix-test-failures.md,78.92,same_repo,0.0927
649,155,elastic/elasticsearch-specification,kibana-type-check-analysis.md,2,0.0902,656.0,elastic/elasticsearch-specification,spec-drift.md,1.3,0.0828,795.0,elastic/terraform-provider-elasticstack,kibana-spec-impact.md,34.73,0.0536,390.0,Azure/azure-sdk-for-js,fix-test-failures.md,84.86,same_repo,0.0902
650,155,elastic/elasticsearch-specification,kibana-type-check-analysis.md,3,0.0902,656.0,elastic/elasticsearch-specification,spec-drift.md,2.18,0.0828,795.0,elastic/terraform-provider-elasticstack,kibana-spec-impact.md,35.61,0.0536,390.0,Azure/azure-sdk-for-js,fix-test-failures.md,85.74,same_repo,0.0902
651,155,elastic/elasticsearch-specification,kibana-type-check-analysis.md,4,0.0787,656.0,elastic/elasticsearch-specification,spec-drift.md,2.32,0.0768,795.0,elastic/terraform-provider-elasticstack,kibana-spec-impact.md,35.75,0.064,390.0,Azure/azure-sdk-for-js,fix-test-failures.md,85.88,same_repo,0.0787
652,155,elastic/elasticsearch-specification,kibana-type-check-analysis.md,5,0.0813,656.0,elastic/elasticsearch-specification,spec-drift.md,20.13,0.0675,795.0,elastic/terraform-provider-elasticstack,kibana-spec-impact.md,53.56,0.0597,390.0,Azure/azure-sdk-for-js,fix-test-failures.md,103.68,same_repo,0.0813
653,155,elastic/elasticsearch-specification,kibana-type-check-analysis.md,6,0.0813,656.0,elastic/elasticsearch-specification,spec-drift.md,28.96,0.0675,795.0,elastic/terraform-provider-elasticstack,kibana-spec-impact.md,62.39,0.0597,390.0,Azure/azure-sdk-for-js,fix-test-failures.md,112.51,same_repo,0.0813
654,156,elastic/elasticsearch-specification,spec-drift.md,1,,,,,,0.0739,518.0,elastic/kibana,failed-backport-resolver.md,5.57,0.0651,1274.0,microsoft/aspire,pr-docs-check.md,30.2,same_owner,0.0739
655,156,elastic/elasticsearch-specification,spec-drift.md,2,,,,,,0.0739,518.0,elastic/kibana,failed-backport-resolver.md,5.61,0.0651,1274.0,microsoft/aspire,pr-docs-check.md,30.25,same_owner,0.0739
656,156,elastic/elasticsearch-specification,spec-drift.md,3,0.0943,648.0,elastic/elasticsearch-specification,kibana-type-check-analysis.md,4.64,0.0636,518.0,elastic/kibana,failed-backport-resolver.md,11.62,0.0637,1151.0,microsoft/vscode-mypy,extension-template-sync.md,63.38,same_repo,0.0943
657,157,Azure/azure-sdk-for-go,issue-triage.md,1,0.0636,658.0,Azure/azure-sdk-for-go,mgmt-review.md,0.13,0.8347,215.0,Azure/azure-sdk-for-net,issue-triage.md,2.99,0.102,2090.0,kaito-project/aikit,issue-triage.md,178.25,same_owner,0.8347
658,158,Azure/azure-sdk-for-go,mgmt-review.md,1,,,,,,0.1923,423.0,Azure/azure-sdk-for-js,mgmt-review.md,11.63,0.0604,1457.0,ionide/ionide-vscode-fsharp,repo-assist.md,55.7,same_owner,0.1923
659,158,Azure/azure-sdk-for-go,mgmt-review.md,2,0.0678,657.0,Azure/azure-sdk-for-go,issue-triage.md,25.02,0.1797,426.0,Azure/azure-sdk-for-js,mgmt-review.md,9.28,0.0614,1459.0,ionide/ionide-vscode-fsharp,repo-assist.md,79.22,same_owner,0.1797
660,159,SatelliteQE/broker,wiki-sync.md,1,,,,,,,,,,,0.0785,2258.0,YousefHadder/markdown-plus.nvim,daily-doc-updater.md,41.75,other_owner,0.0785
661,160,sergey-tihon/Clippit,clippy.md,1,,,,,,,,,,,0.9473,1440.0,fslaborg/Deedle,repo-assist.md,2.88,other_owner,0.9473
662,160,sergey-tihon/Clippit,clippy.md,2,,,,,,,,,,,0.9597,991.0,py-why/dowhy,repo-assist.md,14.04,other_owner,0.9597
663,160,sergey-tihon/Clippit,clippy.md,3,,,,,,,,,,,0.9597,991.0,py-why/dowhy,repo-assist.md,14.71,other_owner,0.9597
664,160,sergey-tihon/Clippit,clippy.md,4,,,,,,,,,,,0.9597,991.0,py-why/dowhy,repo-assist.md,27.83,other_owner,0.9597
665,160,sergey-tihon/Clippit,clippy.md,5,,,,,,,,,,,0.9597,991.0,py-why/dowhy,repo-assist.md,34.83,other_owner,0.9597
666,160,sergey-tihon/Clippit,clippy.md,6,,,,,,,,,,,0.9597,54.0,uxsoft/AppleWirelessKeyboard,repo-assist.md,2.54,other_owner,0.9597
667,160,sergey-tihon/Clippit,clippy.md,7,,,,,,,,,,,0.9677,1613.0,fsprojects/SwaggerProvider,repo-assist.md,0.0,other_owner,0.9677
668,160,sergey-tihon/Clippit,clippy.md,8,,,,,,,,,,,0.9677,1613.0,fsprojects/SwaggerProvider,repo-assist.md,0.31,other_owner,0.9677
669,160,sergey-tihon/Clippit,clippy.md,9,,,,,,,,,,,0.9677,1615.0,fsprojects/SwaggerProvider,repo-assist.md,0.03,other_owner,0.9677
670,160,sergey-tihon/Clippit,clippy.md,10,,,,,,,,,,,0.9674,1615.0,fsprojects/SwaggerProvider,repo-assist.md,1.59,other_owner,0.9674
671,160,sergey-tihon/Clippit,clippy.md,11,,,,,,,,,,,0.9676,1449.0,fslaborg/Deedle,repo-assist.md,3.72,other_owner,0.9676
672,160,sergey-tihon/Clippit,clippy.md,12,,,,,,,,,,,0.9676,1449.0,fslaborg/Deedle,repo-assist.md,6.88,other_owner,0.9676
673,160,sergey-tihon/Clippit,clippy.md,13,,,,,,,,,,,0.9676,1449.0,fslaborg/Deedle,repo-assist.md,10.75,other_owner,0.9676
674,160,sergey-tihon/Clippit,clippy.md,14,,,,,,,,,,,0.9676,1449.0,fslaborg/Deedle,repo-assist.md,20.81,other_owner,0.9676
675,160,sergey-tihon/Clippit,clippy.md,15,,,,,,,,,,,0.9676,1043.0,baizhiheizi/quill,repo-assist.md,2.54,other_owner,0.9676
676,160,sergey-tihon/Clippit,clippy.md,16,,,,,,,,,,,0.9676,1043.0,baizhiheizi/quill,repo-assist.md,2.54,other_owner,0.9676
677,160,sergey-tihon/Clippit,clippy.md,17,,,,,,,,,,,0.9676,1043.0,baizhiheizi/quill,repo-assist.md,13.19,other_owner,0.9676
678,160,sergey-tihon/Clippit,clippy.md,18,,,,,,,,,,,0.9676,1043.0,baizhiheizi/quill,repo-assist.md,15.74,other_owner,0.9676
679,161,microsoft/gctoolkit,relevance-check.md,1,,,,,,0.0657,2088.0,microsoft/wassette,scout.md,140.68,0.0657,1484.0,fsprojects/fantomas,repo-assist.md,0.11,same_owner,0.0657
680,161,microsoft/gctoolkit,relevance-check.md,2,,,,,,0.0633,1154.0,microsoft/vscode-mypy,issue-triage.md,0.86,0.0671,1461.0,ionide/ionide-vscode-fsharp,repo-assist.md,0.04,other_owner,0.0671
681,161,microsoft/gctoolkit,relevance-check.md,3,,,,,,0.0633,1154.0,microsoft/vscode-mypy,issue-triage.md,0.91,0.0671,1461.0,ionide/ionide-vscode-fsharp,repo-assist.md,0.09,other_owner,0.0671
682,162,microsoft/gctoolkit,relevance-summary.md,1,0.1976,679.0,microsoft/gctoolkit,relevance-check.md,0.16,0.0433,1245.0,microsoft/aspire,daily-repo-status.md,0.96,0.0623,1457.0,ionide/ionide-vscode-fsharp,repo-assist.md,2.58,same_repo,0.1976
683,163,apolloconfig/apollo,issue-triage.md,1,,,,,,,,,,,0.0638,2423.0,github/copilot-sdk,issue-triage.md,26.66,other_owner,0.0638
684,163,apolloconfig/apollo,issue-triage.md,2,,,,,,,,,,,0.0638,2423.0,github/copilot-sdk,issue-triage.md,29.44,other_owner,0.0638
685,164,evcc-io/evcc,triage-agent.md,1,,,,,,,,,,,0.0638,2085.0,microsoft/wassette,pr-triage.md,93.45,other_owner,0.0638
686,164,evcc-io/evcc,triage-agent.md,2,,,,,,,,,,,0.0643,2085.0,microsoft/wassette,pr-triage.md,95.22,other_owner,0.0643
687,164,evcc-io/evcc,triage-agent.md,3,,,,,,,,,,,0.0643,2085.0,microsoft/wassette,pr-triage.md,96.44,other_owner,0.0643
688,165,pulumi/pulumi-keycloak,gh-aw-pr-rereview.md,1,,,,,,,,,,,,,,,,,
689,166,pulumi/pulumi-keycloak,gh-aw-pr-review.md,1,,,,,,,,,,,,,,,,,
690,167,pulumi/pulumi-aws-native,gh-aw-pr-rereview.md,1,,,,,,,,,,,,,,,,,
691,168,pulumi/pulumi-aws-native,gh-aw-pr-review.md,1,,,,,,,,,,,,,,,,,
692,169,adoptium/containers,dockerfile-readiness.md,1,,,,,,,,,,,0.0428,921.0,advanced-security/advanced-security-material,codeql-version-tracker.md,1.62,other_owner,0.0428
693,169,adoptium/containers,dockerfile-readiness.md,2,,,,,,,,,,,0.0523,921.0,advanced-security/advanced-security-material,codeql-version-tracker.md,2.61,other_owner,0.0523
694,169,adoptium/containers,dockerfile-readiness.md,3,,,,,,,,,,,0.0525,921.0,advanced-security/advanced-security-material,codeql-version-tracker.md,6.59,other_owner,0.0525
695,169,adoptium/containers,dockerfile-readiness.md,4,,,,,,,,,,,0.0525,921.0,advanced-security/advanced-security-material,codeql-version-tracker.md,12.56,other_owner,0.0525
696,169,adoptium/containers,dockerfile-readiness.md,5,,,,,,,,,,,0.0525,921.0,advanced-security/advanced-security-material,codeql-version-tracker.md,12.59,other_owner,0.0525
697,169,adoptium/containers,dockerfile-readiness.md,6,,,,,,,,,,,0.0527,1258.0,microsoft/aspire,milestone-changelog.md,0.3,other_owner,0.0527
698,169,adoptium/containers,dockerfile-readiness.md,7,,,,,,0.0618,970.0,adoptium/api.adoptium.net,production-branch-checker.md,16.28,0.0544,1220.0,home-assistant/core,check-requirements.md,26.34,same_owner,0.0618
699,170,pulumi/pulumi-hcloud,gh-aw-pr-rereview.md,1,,,,,,,,,,,,,,,,,
700,171,pulumi/pulumi-hcloud,gh-aw-pr-review.md,1,,,,,,,,,,,,,,,,,
701,172,pulumi/pulumi-azuredevops,gh-aw-pr-rereview.md,1,,,,,,,,,,,,,,,,,
702,173,pulumi/pulumi-azuredevops,gh-aw-pr-review.md,1,,,,,,,,,,,,,,,,,
703,174,pulumi/pulumi-auth0,gh-aw-pr-rereview.md,1,,,,,,,,,,,,,,,,,
704,175,pulumi/pulumi-auth0,gh-aw-pr-review.md,1,,,,,,,,,,,,,,,,,
705,176,elastic/terraform-provider-elasticstack,change-factory-issue.md,1,0.2725,737.0,elastic/terraform-provider-elasticstack,code-factory-issue.md,2.19,0.0387,2626.0,elastic/elastic-docs-skills,skill-quality-review.md,51.74,0.0625,1459.0,ionide/ionide-vscode-fsharp,repo-assist.md,59.37,same_repo,0.2725
706,176,elastic/terraform-provider-elasticstack,change-factory-issue.md,2,0.2725,737.0,elastic/terraform-provider-elasticstack,code-factory-issue.md,3.1,0.0387,2626.0,elastic/elastic-docs-skills,skill-quality-review.md,52.65,0.0625,1459.0,ionide/ionide-vscode-fsharp,repo-assist.md,60.28,same_repo,0.2725
707,176,elastic/terraform-provider-elasticstack,change-factory-issue.md,3,0.2646,737.0,elastic/terraform-provider-elasticstack,code-factory-issue.md,3.17,0.0403,2621.0,elastic/elastic-docs-skills,skill-freshness.md,52.72,0.0635,1459.0,ionide/ionide-vscode-fsharp,repo-assist.md,60.35,same_repo,0.2646
708,176,elastic/terraform-provider-elasticstack,change-factory-issue.md,4,0.3326,742.0,elastic/terraform-provider-elasticstack,code-factory-issue.md,7.18,0.0403,2621.0,elastic/elastic-docs-skills,skill-freshness.md,59.89,0.0635,1459.0,ionide/ionide-vscode-fsharp,repo-assist.md,67.52,same_repo,0.3326
709,176,elastic/terraform-provider-elasticstack,change-factory-issue.md,5,0.3326,742.0,elastic/terraform-provider-elasticstack,code-factory-issue.md,7.18,0.0403,2621.0,elastic/elastic-docs-skills,skill-freshness.md,59.9,0.0635,1459.0,ionide/ionide-vscode-fsharp,repo-assist.md,67.53,same_repo,0.3326
710,176,elastic/terraform-provider-elasticstack,change-factory-issue.md,6,0.3326,742.0,elastic/terraform-provider-elasticstack,code-factory-issue.md,8.0,0.0403,2621.0,elastic/elastic-docs-skills,skill-freshness.md,60.72,0.0635,1459.0,ionide/ionide-vscode-fsharp,repo-assist.md,68.35,same_repo,0.3326
711,176,elastic/terraform-provider-elasticstack,change-factory-issue.md,7,0.3326,742.0,elastic/terraform-provider-elasticstack,code-factory-issue.md,8.18,0.0403,2621.0,elastic/elastic-docs-skills,skill-freshness.md,60.89,0.0635,1459.0,ionide/ionide-vscode-fsharp,repo-assist.md,68.52,same_repo,0.3326
712,176,elastic/terraform-provider-elasticstack,change-factory-issue.md,8,0.3036,742.0,elastic/terraform-provider-elasticstack,code-factory-issue.md,11.37,0.051,524.0,elastic/kibana,failed-test-investigator.md,2.97,0.0643,589.0,licensee/licensee,repo-assist.md,45.61,same_repo,0.3036
713,176,elastic/terraform-provider-elasticstack,change-factory-issue.md,9,0.2901,742.0,elastic/terraform-provider-elasticstack,code-factory-issue.md,12.36,0.0513,524.0,elastic/kibana,failed-test-investigator.md,3.96,0.0682,1615.0,fsprojects/SwaggerProvider,repo-assist.md,0.24,same_repo,0.2901
714,176,elastic/terraform-provider-elasticstack,change-factory-issue.md,10,0.2855,742.0,elastic/terraform-provider-elasticstack,code-factory-issue.md,13.93,0.0533,524.0,elastic/kibana,failed-test-investigator.md,5.53,0.0685,1615.0,fsprojects/SwaggerProvider,repo-assist.md,1.82,same_repo,0.2855
715,176,elastic/terraform-provider-elasticstack,change-factory-issue.md,11,0.2855,742.0,elastic/terraform-provider-elasticstack,code-factory-issue.md,14.06,0.0533,524.0,elastic/kibana,failed-test-investigator.md,5.66,0.0685,1615.0,fsprojects/SwaggerProvider,repo-assist.md,1.94,same_repo,0.2855
716,176,elastic/terraform-provider-elasticstack,change-factory-issue.md,12,0.2734,742.0,elastic/terraform-provider-elasticstack,code-factory-issue.md,16.95,0.055,524.0,elastic/kibana,failed-test-investigator.md,8.55,0.0693,1615.0,fsprojects/SwaggerProvider,repo-assist.md,4.84,same_repo,0.2734
717,176,elastic/terraform-provider-elasticstack,change-factory-issue.md,13,0.2734,742.0,elastic/terraform-provider-elasticstack,code-factory-issue.md,17.07,0.055,524.0,elastic/kibana,failed-test-investigator.md,8.67,0.0693,1615.0,fsprojects/SwaggerProvider,repo-assist.md,4.95,same_repo,0.2734
718,176,elastic/terraform-provider-elasticstack,change-factory-issue.md,14,0.2734,742.0,elastic/terraform-provider-elasticstack,code-factory-issue.md,18.72,0.055,524.0,elastic/kibana,failed-test-investigator.md,10.31,0.0693,1615.0,fsprojects/SwaggerProvider,repo-assist.md,6.6,same_repo,0.2734
719,176,elastic/terraform-provider-elasticstack,change-factory-issue.md,15,0.2734,742.0,elastic/terraform-provider-elasticstack,code-factory-issue.md,19.32,0.055,524.0,elastic/kibana,failed-test-investigator.md,10.92,0.0693,1615.0,fsprojects/SwaggerProvider,repo-assist.md,7.2,same_repo,0.2734
720,176,elastic/terraform-provider-elasticstack,change-factory-issue.md,16,0.2734,742.0,elastic/terraform-provider-elasticstack,code-factory-issue.md,20.3,0.055,524.0,elastic/kibana,failed-test-investigator.md,11.9,0.0693,1615.0,fsprojects/SwaggerProvider,repo-assist.md,8.18,same_repo,0.2734
721,176,elastic/terraform-provider-elasticstack,change-factory-issue.md,17,0.2734,742.0,elastic/terraform-provider-elasticstack,code-factory-issue.md,20.98,0.055,524.0,elastic/kibana,failed-test-investigator.md,12.57,0.0693,1615.0,fsprojects/SwaggerProvider,repo-assist.md,8.86,same_repo,0.2734
722,176,elastic/terraform-provider-elasticstack,change-factory-issue.md,18,0.2734,742.0,elastic/terraform-provider-elasticstack,code-factory-issue.md,21.22,0.055,524.0,elastic/kibana,failed-test-investigator.md,12.82,0.0693,1615.0,fsprojects/SwaggerProvider,repo-assist.md,9.11,same_repo,0.2734
723,176,elastic/terraform-provider-elasticstack,change-factory-issue.md,19,0.2734,742.0,elastic/terraform-provider-elasticstack,code-factory-issue.md,21.32,0.055,524.0,elastic/kibana,failed-test-investigator.md,12.92,0.0693,1615.0,fsprojects/SwaggerProvider,repo-assist.md,9.21,same_repo,0.2734
724,176,elastic/terraform-provider-elasticstack,change-factory-issue.md,20,0.2734,742.0,elastic/terraform-provider-elasticstack,code-factory-issue.md,22.29,0.055,524.0,elastic/kibana,failed-test-investigator.md,13.89,0.0693,1615.0,fsprojects/SwaggerProvider,repo-assist.md,10.18,same_repo,0.2734
725,176,elastic/terraform-provider-elasticstack,change-factory-issue.md,21,0.2734,742.0,elastic/terraform-provider-elasticstack,code-factory-issue.md,23.06,0.0742,514.0,elastic/kibana,backlog-groom.md,0.5,0.0693,1615.0,fsprojects/SwaggerProvider,repo-assist.md,10.95,same_repo,0.2734
726,176,elastic/terraform-provider-elasticstack,change-factory-issue.md,22,0.2734,742.0,elastic/terraform-provider-elasticstack,code-factory-issue.md,25.13,0.0742,514.0,elastic/kibana,backlog-groom.md,2.57,0.0693,1615.0,fsprojects/SwaggerProvider,repo-assist.md,13.01,same_repo,0.2734
727,176,elastic/terraform-provider-elasticstack,change-factory-issue.md,23,0.2734,742.0,elastic/terraform-provider-elasticstack,code-factory-issue.md,36.33,0.0742,514.0,elastic/kibana,backlog-groom.md,13.77,0.0693,1615.0,fsprojects/SwaggerProvider,repo-assist.md,24.21,same_repo,0.2734
728,177,elastic/terraform-provider-elasticstack,ci-deadcode-removal-rotation.md,1,0.1321,885.0,elastic/terraform-provider-elasticstack,schema-coverage-rotation.md,11.34,0.0279,518.0,elastic/kibana,failed-backport-resolver.md,0.71,0.0583,25.0,mono/SkiaSharp,auto-skia-sync.md,1.12,same_repo,0.1321
729,177,elastic/terraform-provider-elasticstack,ci-deadcode-removal-rotation.md,2,0.1321,885.0,elastic/terraform-provider-elasticstack,schema-coverage-rotation.md,11.37,0.0279,518.0,elastic/kibana,failed-backport-resolver.md,0.74,0.0583,25.0,mono/SkiaSharp,auto-skia-sync.md,1.15,same_repo,0.1321
730,177,elastic/terraform-provider-elasticstack,ci-deadcode-removal-rotation.md,3,0.1416,885.0,elastic/terraform-provider-elasticstack,schema-coverage-rotation.md,11.77,0.0303,518.0,elastic/kibana,failed-backport-resolver.md,1.14,0.0616,25.0,mono/SkiaSharp,auto-skia-sync.md,1.55,same_repo,0.1416
731,177,elastic/terraform-provider-elasticstack,ci-deadcode-removal-rotation.md,4,0.1416,885.0,elastic/terraform-provider-elasticstack,schema-coverage-rotation.md,12.97,0.0303,518.0,elastic/kibana,failed-backport-resolver.md,2.34,0.0616,25.0,mono/SkiaSharp,auto-skia-sync.md,2.75,same_repo,0.1416
732,177,elastic/terraform-provider-elasticstack,ci-deadcode-removal-rotation.md,5,0.1416,885.0,elastic/terraform-provider-elasticstack,schema-coverage-rotation.md,13.22,0.0303,518.0,elastic/kibana,failed-backport-resolver.md,2.59,0.0616,25.0,mono/SkiaSharp,auto-skia-sync.md,3.0,same_repo,0.1416
733,177,elastic/terraform-provider-elasticstack,ci-deadcode-removal-rotation.md,6,0.142,885.0,elastic/terraform-provider-elasticstack,schema-coverage-rotation.md,15.36,0.0333,514.0,elastic/kibana,backlog-groom.md,0.8,0.0614,25.0,mono/SkiaSharp,auto-skia-sync.md,5.14,same_repo,0.142
734,177,elastic/terraform-provider-elasticstack,ci-deadcode-removal-rotation.md,7,0.142,885.0,elastic/terraform-provider-elasticstack,schema-coverage-rotation.md,17.12,0.0333,514.0,elastic/kibana,backlog-groom.md,2.57,0.0614,25.0,mono/SkiaSharp,auto-skia-sync.md,6.9,same_repo,0.142
735,177,elastic/terraform-provider-elasticstack,ci-deadcode-removal-rotation.md,8,0.142,885.0,elastic/terraform-provider-elasticstack,schema-coverage-rotation.md,28.33,0.0333,514.0,elastic/kibana,backlog-groom.md,13.77,0.0614,25.0,mono/SkiaSharp,auto-skia-sync.md,18.1,same_repo,0.142
736,177,elastic/terraform-provider-elasticstack,ci-deadcode-removal-rotation.md,9,0.142,885.0,elastic/terraform-provider-elasticstack,schema-coverage-rotation.md,29.05,0.0333,514.0,elastic/kibana,backlog-groom.md,14.49,0.0614,25.0,mono/SkiaSharp,auto-skia-sync.md,18.83,same_repo,0.142
737,178,elastic/terraform-provider-elasticstack,code-factory-issue.md,1,0.0755,882.0,elastic/terraform-provider-elasticstack,schema-coverage-rotation.md,0.81,0.0368,2046.0,elastic/opentelemetry-collector-components,pr-review.md,68.89,0.0913,21.0,Dedac/Beam,fix-top-improvement.md,1.34,other_owner,0.0913
738,178,elastic/terraform-provider-elasticstack,code-factory-issue.md,2,0.0755,882.0,elastic/terraform-provider-elasticstack,schema-coverage-rotation.md,0.83,0.0368,2046.0,elastic/opentelemetry-collector-components,pr-review.md,68.91,0.0913,21.0,Dedac/Beam,fix-top-improvement.md,1.35,other_owner,0.0913
739,178,elastic/terraform-provider-elasticstack,code-factory-issue.md,3,0.0755,882.0,elastic/terraform-provider-elasticstack,schema-coverage-rotation.md,1.31,0.0368,2046.0,elastic/opentelemetry-collector-components,pr-review.md,69.39,0.0913,21.0,Dedac/Beam,fix-top-improvement.md,1.84,other_owner,0.0913
740,178,elastic/terraform-provider-elasticstack,code-factory-issue.md,4,0.0755,882.0,elastic/terraform-provider-elasticstack,schema-coverage-rotation.md,3.0,0.0368,2046.0,elastic/opentelemetry-collector-components,pr-review.md,71.08,0.0913,21.0,Dedac/Beam,fix-top-improvement.md,3.53,other_owner,0.0913
741,178,elastic/terraform-provider-elasticstack,code-factory-issue.md,5,0.2725,705.0,elastic/terraform-provider-elasticstack,change-factory-issue.md,0.91,0.0368,2046.0,elastic/opentelemetry-collector-components,pr-review.md,71.99,0.0913,21.0,Dedac/Beam,fix-top-improvement.md,4.44,same_repo,0.2725
742,178,elastic/terraform-provider-elasticstack,code-factory-issue.md,6,0.2589,705.0,elastic/terraform-provider-elasticstack,change-factory-issue.md,0.98,0.0406,2046.0,elastic/opentelemetry-collector-components,pr-review.md,72.06,0.0875,21.0,Dedac/Beam,fix-top-improvement.md,4.51,same_repo,0.2589
743,178,elastic/terraform-provider-elasticstack,code-factory-issue.md,7,0.3326,707.0,elastic/terraform-provider-elasticstack,change-factory-issue.md,7.18,0.0406,2046.0,elastic/opentelemetry-collector-components,pr-review.md,79.24,0.0875,21.0,Dedac/Beam,fix-top-improvement.md,11.68,same_repo,0.3326
744,178,elastic/terraform-provider-elasticstack,code-factory-issue.md,8,0.3326,707.0,elastic/terraform-provider-elasticstack,change-factory-issue.md,7.18,0.0406,2046.0,elastic/opentelemetry-collector-components,pr-review.md,79.24,0.0875,21.0,Dedac/Beam,fix-top-improvement.md,11.69,same_repo,0.3326
745,178,elastic/terraform-provider-elasticstack,code-factory-issue.md,9,0.3326,707.0,elastic/terraform-provider-elasticstack,change-factory-issue.md,8.0,0.0406,2046.0,elastic/opentelemetry-collector-components,pr-review.md,80.06,0.0875,21.0,Dedac/Beam,fix-top-improvement.md,12.51,same_repo,0.3326
746,178,elastic/terraform-provider-elasticstack,code-factory-issue.md,10,0.3326,707.0,elastic/terraform-provider-elasticstack,change-factory-issue.md,8.18,0.0406,2046.0,elastic/opentelemetry-collector-components,pr-review.md,80.24,0.0875,21.0,Dedac/Beam,fix-top-improvement.md,12.68,same_repo,0.3326
747,178,elastic/terraform-provider-elasticstack,code-factory-issue.md,11,0.3114,707.0,elastic/terraform-provider-elasticstack,change-factory-issue.md,9.02,0.0475,524.0,elastic/kibana,failed-test-investigator.md,0.62,0.0733,35.0,mono/SkiaSharp,auto-triage.md,14.45,same_repo,0.3114
748,178,elastic/terraform-provider-elasticstack,code-factory-issue.md,12,0.2912,707.0,elastic/terraform-provider-elasticstack,change-factory-issue.md,11.92,0.0442,524.0,elastic/kibana,failed-test-investigator.md,3.52,0.0682,35.0,mono/SkiaSharp,auto-triage.md,17.35,same_repo,0.2912
749,178,elastic/terraform-provider-elasticstack,code-factory-issue.md,13,0.2824,707.0,elastic/terraform-provider-elasticstack,change-factory-issue.md,12.36,0.0441,524.0,elastic/kibana,failed-test-investigator.md,3.96,0.0678,35.0,mono/SkiaSharp,auto-triage.md,17.79,same_repo,0.2824
750,178,elastic/terraform-provider-elasticstack,code-factory-issue.md,14,0.2824,707.0,elastic/terraform-provider-elasticstack,change-factory-issue.md,13.93,0.0441,524.0,elastic/kibana,failed-test-investigator.md,5.53,0.0678,35.0,mono/SkiaSharp,auto-triage.md,19.36,same_repo,0.2824
751,178,elastic/terraform-provider-elasticstack,code-factory-issue.md,15,0.2824,707.0,elastic/terraform-provider-elasticstack,change-factory-issue.md,14.06,0.0441,524.0,elastic/kibana,failed-test-investigator.md,5.66,0.0678,35.0,mono/SkiaSharp,auto-triage.md,19.49,same_repo,0.2824
752,178,elastic/terraform-provider-elasticstack,code-factory-issue.md,16,0.2824,707.0,elastic/terraform-provider-elasticstack,change-factory-issue.md,16.95,0.0441,524.0,elastic/kibana,failed-test-investigator.md,8.55,0.0678,35.0,mono/SkiaSharp,auto-triage.md,22.38,same_repo,0.2824
753,178,elastic/terraform-provider-elasticstack,code-factory-issue.md,17,0.3016,834.0,elastic/terraform-provider-elasticstack,reproducer-factory-issue.md,0.12,0.0441,524.0,elastic/kibana,failed-test-investigator.md,8.67,0.0678,35.0,mono/SkiaSharp,auto-triage.md,22.5,same_repo,0.3016
754,178,elastic/terraform-provider-elasticstack,code-factory-issue.md,18,0.3016,834.0,elastic/terraform-provider-elasticstack,reproducer-factory-issue.md,2.36,0.045,518.0,elastic/kibana,failed-backport-resolver.md,0.68,0.0678,35.0,mono/SkiaSharp,auto-triage.md,24.74,same_repo,0.3016
755,178,elastic/terraform-provider-elasticstack,code-factory-issue.md,19,0.3016,834.0,elastic/terraform-provider-elasticstack,reproducer-factory-issue.md,3.17,0.045,518.0,elastic/kibana,failed-backport-resolver.md,1.49,0.0678,35.0,mono/SkiaSharp,auto-triage.md,25.55,same_repo,0.3016
756,178,elastic/terraform-provider-elasticstack,code-factory-issue.md,20,0.267,707.0,elastic/terraform-provider-elasticstack,change-factory-issue.md,20.28,0.0491,518.0,elastic/kibana,failed-backport-resolver.md,1.65,0.0653,35.0,mono/SkiaSharp,auto-triage.md,25.71,same_repo,0.267
757,178,elastic/terraform-provider-elasticstack,code-factory-issue.md,21,0.267,707.0,elastic/terraform-provider-elasticstack,change-factory-issue.md,20.3,0.0491,518.0,elastic/kibana,failed-backport-resolver.md,1.67,0.0653,35.0,mono/SkiaSharp,auto-triage.md,25.73,same_repo,0.267
758,178,elastic/terraform-provider-elasticstack,code-factory-issue.md,22,0.267,707.0,elastic/terraform-provider-elasticstack,change-factory-issue.md,20.31,0.0491,518.0,elastic/kibana,failed-backport-resolver.md,1.67,0.0653,35.0,mono/SkiaSharp,auto-triage.md,25.73,same_repo,0.267
759,178,elastic/terraform-provider-elasticstack,code-factory-issue.md,23,0.267,707.0,elastic/terraform-provider-elasticstack,change-factory-issue.md,20.98,0.0491,518.0,elastic/kibana,failed-backport-resolver.md,2.34,0.0653,35.0,mono/SkiaSharp,auto-triage.md,26.4,same_repo,0.267
760,178,elastic/terraform-provider-elasticstack,code-factory-issue.md,24,0.267,707.0,elastic/terraform-provider-elasticstack,change-factory-issue.md,21.22,0.0491,518.0,elastic/kibana,failed-backport-resolver.md,2.59,0.0653,35.0,mono/SkiaSharp,auto-triage.md,26.65,same_repo,0.267
761,178,elastic/terraform-provider-elasticstack,code-factory-issue.md,25,0.267,707.0,elastic/terraform-provider-elasticstack,change-factory-issue.md,21.32,0.0491,518.0,elastic/kibana,failed-backport-resolver.md,2.69,0.0653,35.0,mono/SkiaSharp,auto-triage.md,26.75,same_repo,0.267
762,178,elastic/terraform-provider-elasticstack,code-factory-issue.md,26,0.2791,834.0,elastic/terraform-provider-elasticstack,reproducer-factory-issue.md,4.97,0.0487,518.0,elastic/kibana,failed-backport-resolver.md,3.28,0.0661,35.0,mono/SkiaSharp,auto-triage.md,27.35,same_repo,0.2791
763,178,elastic/terraform-provider-elasticstack,code-factory-issue.md,27,0.2859,841.0,elastic/terraform-provider-elasticstack,reproducer-factory-issue.md,0.37,0.0487,518.0,elastic/kibana,failed-backport-resolver.md,3.66,0.0661,35.0,mono/SkiaSharp,auto-triage.md,27.72,same_repo,0.2859
764,178,elastic/terraform-provider-elasticstack,code-factory-issue.md,28,0.2859,841.0,elastic/terraform-provider-elasticstack,reproducer-factory-issue.md,3.21,0.0905,514.0,elastic/kibana,backlog-groom.md,2.57,0.0661,35.0,mono/SkiaSharp,auto-triage.md,30.55,same_repo,0.2859
765,178,elastic/terraform-provider-elasticstack,code-factory-issue.md,29,0.2487,841.0,elastic/terraform-provider-elasticstack,reproducer-factory-issue.md,12.01,0.0888,514.0,elastic/kibana,backlog-groom.md,11.37,0.0668,1745.0,opsmill/infrahub,bug-agent-fix.md,36.81,same_repo,0.2487
766,178,elastic/terraform-provider-elasticstack,code-factory-issue.md,30,0.2487,841.0,elastic/terraform-provider-elasticstack,reproducer-factory-issue.md,14.41,0.0888,514.0,elastic/kibana,backlog-groom.md,13.77,0.0668,1745.0,opsmill/infrahub,bug-agent-fix.md,39.21,same_repo,0.2487
767,179,elastic/terraform-provider-elasticstack,duplicate-code-detector.md,1,0.1187,877.0,elastic/terraform-provider-elasticstack,schema-coverage-rotation.md,11.31,0.0509,2046.0,elastic/opentelemetry-collector-components,pr-review.md,68.08,0.939,1367.0,rancher/dashboard,duplicate-code-detector.md,14.82,other_owner,0.939
768,179,elastic/terraform-provider-elasticstack,duplicate-code-detector.md,2,0.1212,882.0,elastic/terraform-provider-elasticstack,schema-coverage-rotation.md,0.01,0.0509,2046.0,elastic/opentelemetry-collector-components,pr-review.md,68.08,0.939,1367.0,rancher/dashboard,duplicate-code-detector.md,14.82,other_owner,0.939
769,179,elastic/terraform-provider-elasticstack,duplicate-code-detector.md,3,0.1212,882.0,elastic/terraform-provider-elasticstack,schema-coverage-rotation.md,0.09,0.0509,2046.0,elastic/opentelemetry-collector-components,pr-review.md,68.16,0.939,1367.0,rancher/dashboard,duplicate-code-detector.md,14.91,other_owner,0.939
770,179,elastic/terraform-provider-elasticstack,duplicate-code-detector.md,4,0.1212,882.0,elastic/terraform-provider-elasticstack,schema-coverage-rotation.md,1.16,0.051,2046.0,elastic/opentelemetry-collector-components,pr-review.md,69.23,0.9365,1367.0,rancher/dashboard,duplicate-code-detector.md,15.97,other_owner,0.9365
771,179,elastic/terraform-provider-elasticstack,duplicate-code-detector.md,5,0.1212,882.0,elastic/terraform-provider-elasticstack,schema-coverage-rotation.md,11.16,0.051,2046.0,elastic/opentelemetry-collector-components,pr-review.md,79.24,0.9365,1367.0,rancher/dashboard,duplicate-code-detector.md,25.98,other_owner,0.9365
772,179,elastic/terraform-provider-elasticstack,duplicate-code-detector.md,6,0.1212,882.0,elastic/terraform-provider-elasticstack,schema-coverage-rotation.md,11.16,0.051,2046.0,elastic/opentelemetry-collector-components,pr-review.md,79.24,0.9365,1367.0,rancher/dashboard,duplicate-code-detector.md,25.98,other_owner,0.9365
773,179,elastic/terraform-provider-elasticstack,duplicate-code-detector.md,7,0.3599,896.0,elastic/terraform-provider-elasticstack,semantic-function-refactor.md,0.18,0.051,2046.0,elastic/opentelemetry-collector-components,pr-review.md,80.06,0.9365,1367.0,rancher/dashboard,duplicate-code-detector.md,26.8,other_owner,0.9365
774,179,elastic/terraform-provider-elasticstack,duplicate-code-detector.md,8,0.3599,896.0,elastic/terraform-provider-elasticstack,semantic-function-refactor.md,0.45,0.051,2046.0,elastic/opentelemetry-collector-components,pr-review.md,80.33,0.9365,1367.0,rancher/dashboard,duplicate-code-detector.md,27.07,other_owner,0.9365
775,179,elastic/terraform-provider-elasticstack,duplicate-code-detector.md,9,0.3599,896.0,elastic/terraform-provider-elasticstack,semantic-function-refactor.md,11.53,0.051,2046.0,elastic/opentelemetry-collector-components,pr-review.md,91.41,0.9365,1367.0,rancher/dashboard,duplicate-code-detector.md,38.15,other_owner,0.9365
776,179,elastic/terraform-provider-elasticstack,duplicate-code-detector.md,10,0.3599,896.0,elastic/terraform-provider-elasticstack,semantic-function-refactor.md,13.4,0.051,2046.0,elastic/opentelemetry-collector-components,pr-review.md,93.28,0.9365,1367.0,rancher/dashboard,duplicate-code-detector.md,40.02,other_owner,0.9365
777,179,elastic/terraform-provider-elasticstack,duplicate-code-detector.md,11,0.3599,896.0,elastic/terraform-provider-elasticstack,semantic-function-refactor.md,13.5,0.051,2046.0,elastic/opentelemetry-collector-components,pr-review.md,93.38,0.9365,1367.0,rancher/dashboard,duplicate-code-detector.md,40.12,other_owner,0.9365
778,179,elastic/terraform-provider-elasticstack,duplicate-code-detector.md,12,0.3771,907.0,elastic/terraform-provider-elasticstack,semantic-function-refactor.md,0.23,0.0519,2046.0,elastic/opentelemetry-collector-components,pr-review.md,97.42,0.926,1367.0,rancher/dashboard,duplicate-code-detector.md,44.16,other_owner,0.926
779,179,elastic/terraform-provider-elasticstack,duplicate-code-detector.md,13,0.3771,907.0,elastic/terraform-provider-elasticstack,semantic-function-refactor.md,11.2,0.0519,2046.0,elastic/opentelemetry-collector-components,pr-review.md,108.39,0.926,493.0,ptarmiganlabs/butler-sos,duplicate-code-detector.md,10.26,other_owner,0.926
780,180,elastic/terraform-provider-elasticstack,flaky-test-catcher.md,1,0.1713,882.0,elastic/terraform-provider-elasticstack,schema-coverage-rotation.md,12.28,0.0421,2621.0,elastic/elastic-docs-skills,skill-freshness.md,61.01,0.0741,390.0,Azure/azure-sdk-for-js,fix-test-failures.md,61.6,same_repo,0.1713
781,180,elastic/terraform-provider-elasticstack,flaky-test-catcher.md,2,0.1712,882.0,elastic/terraform-provider-elasticstack,schema-coverage-rotation.md,13.01,0.0517,524.0,elastic/kibana,failed-test-investigator.md,0.62,0.0736,390.0,Azure/azure-sdk-for-js,fix-test-failures.md,62.32,same_repo,0.1712
782,180,elastic/terraform-provider-elasticstack,flaky-test-catcher.md,3,0.1976,886.0,elastic/terraform-provider-elasticstack,schema-coverage-rotation.md,10.33,0.0517,524.0,elastic/kibana,failed-test-investigator.md,10.95,0.0736,390.0,Azure/azure-sdk-for-js,fix-test-failures.md,72.65,same_repo,0.1976
783,180,elastic/terraform-provider-elasticstack,flaky-test-catcher.md,4,0.1976,886.0,elastic/terraform-provider-elasticstack,schema-coverage-rotation.md,12.2,0.0517,524.0,elastic/kibana,failed-test-investigator.md,12.82,0.0736,390.0,Azure/azure-sdk-for-js,fix-test-failures.md,74.52,same_repo,0.1976
784,180,elastic/terraform-provider-elasticstack,flaky-test-catcher.md,5,0.1976,886.0,elastic/terraform-provider-elasticstack,schema-coverage-rotation.md,12.3,0.0575,527.0,elastic/kibana,failed-test-investigator.md,0.09,0.0736,390.0,Azure/azure-sdk-for-js,fix-test-failures.md,74.62,same_repo,0.1976
785,180,elastic/terraform-provider-elasticstack,flaky-test-catcher.md,6,0.1976,886.0,elastic/terraform-provider-elasticstack,schema-coverage-rotation.md,16.34,0.0575,527.0,elastic/kibana,failed-test-investigator.md,4.13,0.0736,390.0,Azure/azure-sdk-for-js,fix-test-failures.md,78.66,same_repo,0.1976
786,180,elastic/terraform-provider-elasticstack,flaky-test-catcher.md,7,0.1976,886.0,elastic/terraform-provider-elasticstack,schema-coverage-rotation.md,27.31,0.0575,527.0,elastic/kibana,failed-test-investigator.md,15.1,0.0736,390.0,Azure/azure-sdk-for-js,fix-test-failures.md,89.63,same_repo,0.1976
787,181,elastic/terraform-provider-elasticstack,issue-classifier.md,1,0.0988,714.0,elastic/terraform-provider-elasticstack,change-factory-issue.md,3.39,0.0437,524.0,elastic/kibana,failed-test-investigator.md,8.92,0.0741,2374.0,Kong/kongctl,slash-cmd-issue-triage.md,29.85,same_repo,0.0988
788,181,elastic/terraform-provider-elasticstack,issue-classifier.md,2,0.0988,714.0,elastic/terraform-provider-elasticstack,change-factory-issue.md,3.94,0.0437,524.0,elastic/kibana,failed-test-investigator.md,9.47,0.0741,2374.0,Kong/kongctl,slash-cmd-issue-triage.md,30.4,same_repo,0.0988
789,181,elastic/terraform-provider-elasticstack,issue-classifier.md,3,0.0988,714.0,elastic/terraform-provider-elasticstack,change-factory-issue.md,7.29,0.0437,524.0,elastic/kibana,failed-test-investigator.md,12.82,0.0741,2374.0,Kong/kongctl,slash-cmd-issue-triage.md,33.75,same_repo,0.0988
790,181,elastic/terraform-provider-elasticstack,issue-classifier.md,4,0.0988,714.0,elastic/terraform-provider-elasticstack,change-factory-issue.md,7.39,0.0437,524.0,elastic/kibana,failed-test-investigator.md,12.92,0.0741,2374.0,Kong/kongctl,slash-cmd-issue-triage.md,33.85,same_repo,0.0988
791,181,elastic/terraform-provider-elasticstack,issue-classifier.md,5,0.0988,714.0,elastic/terraform-provider-elasticstack,change-factory-issue.md,11.19,0.0491,514.0,elastic/kibana,backlog-groom.md,2.57,0.0741,2374.0,Kong/kongctl,slash-cmd-issue-triage.md,37.66,same_repo,0.0988
792,181,elastic/terraform-provider-elasticstack,issue-classifier.md,6,0.0988,714.0,elastic/terraform-provider-elasticstack,change-factory-issue.md,22.4,0.0494,530.0,elastic/kibana,failed-test-investigator.md,1.13,0.0741,2374.0,Kong/kongctl,slash-cmd-issue-triage.md,48.86,same_repo,0.0988
793,182,elastic/terraform-provider-elasticstack,kibana-spec-impact.md,1,0.1303,879.0,elastic/terraform-provider-elasticstack,schema-coverage-rotation.md,3.02,0.0246,2046.0,elastic/opentelemetry-collector-components,pr-review.md,62.23,0.0481,1419.0,dotnet/fsharp,repo-assist.md,31.76,same_repo,0.1303
794,182,elastic/terraform-provider-elasticstack,kibana-spec-impact.md,2,0.1303,879.0,elastic/terraform-provider-elasticstack,schema-coverage-rotation.md,7.72,0.0246,2046.0,elastic/opentelemetry-collector-components,pr-review.md,66.94,0.0481,1419.0,dotnet/fsharp,repo-assist.md,36.47,same_repo,0.1303
795,182,elastic/terraform-provider-elasticstack,kibana-spec-impact.md,3,0.132,882.0,elastic/terraform-provider-elasticstack,schema-coverage-rotation.md,0.81,0.0242,2046.0,elastic/opentelemetry-collector-components,pr-review.md,68.88,0.0583,35.0,mono/SkiaSharp,auto-triage.md,2.25,same_repo,0.132
796,182,elastic/terraform-provider-elasticstack,kibana-spec-impact.md,4,0.132,882.0,elastic/terraform-provider-elasticstack,schema-coverage-rotation.md,7.1,0.0242,2046.0,elastic/opentelemetry-collector-components,pr-review.md,75.18,0.0583,35.0,mono/SkiaSharp,auto-triage.md,8.54,same_repo,0.132
797,182,elastic/terraform-provider-elasticstack,kibana-spec-impact.md,5,0.132,882.0,elastic/terraform-provider-elasticstack,schema-coverage-rotation.md,11.16,0.0242,2046.0,elastic/opentelemetry-collector-components,pr-review.md,79.24,0.0583,35.0,mono/SkiaSharp,auto-triage.md,12.6,same_repo,0.132
798,182,elastic/terraform-provider-elasticstack,kibana-spec-impact.md,6,0.132,882.0,elastic/terraform-provider-elasticstack,schema-coverage-rotation.md,11.16,0.0242,2046.0,elastic/opentelemetry-collector-components,pr-review.md,79.24,0.0583,35.0,mono/SkiaSharp,auto-triage.md,12.61,same_repo,0.132
799,182,elastic/terraform-provider-elasticstack,kibana-spec-impact.md,7,0.132,882.0,elastic/terraform-provider-elasticstack,schema-coverage-rotation.md,11.99,0.0242,2046.0,elastic/opentelemetry-collector-components,pr-review.md,80.06,0.0583,35.0,mono/SkiaSharp,auto-triage.md,13.43,same_repo,0.132
800,182,elastic/terraform-provider-elasticstack,kibana-spec-impact.md,8,0.1334,885.0,elastic/terraform-provider-elasticstack,schema-coverage-rotation.md,12.97,0.0447,518.0,elastic/kibana,failed-backport-resolver.md,2.34,0.0583,35.0,mono/SkiaSharp,auto-triage.md,26.4,same_repo,0.1334
801,182,elastic/terraform-provider-elasticstack,kibana-spec-impact.md,9,0.1334,885.0,elastic/terraform-provider-elasticstack,schema-coverage-rotation.md,13.22,0.0447,518.0,elastic/kibana,failed-backport-resolver.md,2.59,0.0583,35.0,mono/SkiaSharp,auto-triage.md,26.65,same_repo,0.1334
802,182,elastic/terraform-provider-elasticstack,kibana-spec-impact.md,10,0.1334,885.0,elastic/terraform-provider-elasticstack,schema-coverage-rotation.md,17.12,0.0447,518.0,elastic/kibana,failed-backport-resolver.md,6.49,0.0583,35.0,mono/SkiaSharp,auto-triage.md,30.55,same_repo,0.1334
803,182,elastic/terraform-provider-elasticstack,kibana-spec-impact.md,11,0.1334,885.0,elastic/terraform-provider-elasticstack,schema-coverage-rotation.md,28.33,0.0828,649.0,elastic/elasticsearch-specification,kibana-type-check-analysis.md,4.77,0.0583,35.0,mono/SkiaSharp,auto-triage.md,41.75,same_repo,0.1334
804,183,elastic/terraform-provider-elasticstack,openspec-verify-label.md,1,0.0437,875.0,elastic/terraform-provider-elasticstack,schema-coverage-rotation.md,1.06,0.0557,2046.0,elastic/opentelemetry-collector-components,pr-review.md,39.07,0.0628,620.0,pulumi/pulumi-terraform-bridge,terraform-bridge-pr-rereview.md,18.37,other_owner,0.0628
805,183,elastic/terraform-provider-elasticstack,openspec-verify-label.md,2,0.0438,875.0,elastic/terraform-provider-elasticstack,schema-coverage-rotation.md,2.2,0.0557,2046.0,elastic/opentelemetry-collector-components,pr-review.md,40.2,0.0628,620.0,pulumi/pulumi-terraform-bridge,terraform-bridge-pr-rereview.md,19.51,other_owner,0.0628
806,183,elastic/terraform-provider-elasticstack,openspec-verify-label.md,3,0.0438,875.0,elastic/terraform-provider-elasticstack,schema-coverage-rotation.md,3.32,0.0543,2046.0,elastic/opentelemetry-collector-components,pr-review.md,41.33,0.0623,367.0,Azure/azure-sdk-for-js,dexter.md,2.6,other_owner,0.0623
807,183,elastic/terraform-provider-elasticstack,openspec-verify-label.md,4,0.0448,875.0,elastic/terraform-provider-elasticstack,schema-coverage-rotation.md,5.33,0.0553,2046.0,elastic/opentelemetry-collector-components,pr-review.md,43.33,0.0625,620.0,pulumi/pulumi-terraform-bridge,terraform-bridge-pr-rereview.md,22.64,other_owner,0.0625
808,183,elastic/terraform-provider-elasticstack,openspec-verify-label.md,5,0.0373,875.0,elastic/terraform-provider-elasticstack,schema-coverage-rotation.md,6.0,0.0541,2046.0,elastic/opentelemetry-collector-components,pr-review.md,44.0,0.0586,620.0,pulumi/pulumi-terraform-bridge,terraform-bridge-pr-rereview.md,23.31,other_owner,0.0586
809,183,elastic/terraform-provider-elasticstack,openspec-verify-label.md,6,0.0373,875.0,elastic/terraform-provider-elasticstack,schema-coverage-rotation.md,6.04,0.0541,2046.0,elastic/opentelemetry-collector-components,pr-review.md,44.05,0.0586,620.0,pulumi/pulumi-terraform-bridge,terraform-bridge-pr-rereview.md,23.35,other_owner,0.0586
810,183,elastic/terraform-provider-elasticstack,openspec-verify-label.md,7,0.0368,875.0,elastic/terraform-provider-elasticstack,schema-coverage-rotation.md,6.19,0.0543,2046.0,elastic/opentelemetry-collector-components,pr-review.md,44.19,0.061,620.0,pulumi/pulumi-terraform-bridge,terraform-bridge-pr-rereview.md,23.5,other_owner,0.061
811,183,elastic/terraform-provider-elasticstack,openspec-verify-label.md,8,0.0369,875.0,elastic/terraform-provider-elasticstack,schema-coverage-rotation.md,11.3,0.0541,2046.0,elastic/opentelemetry-collector-components,pr-review.md,49.31,0.0602,991.0,py-why/dowhy,repo-assist.md,16.7,other_owner,0.0602
812,183,elastic/terraform-provider-elasticstack,openspec-verify-label.md,9,0.0345,875.0,elastic/terraform-provider-elasticstack,schema-coverage-rotation.md,13.43,0.0551,2046.0,elastic/opentelemetry-collector-components,pr-review.md,51.43,0.0608,620.0,pulumi/pulumi-terraform-bridge,terraform-bridge-pr-rereview.md,30.74,other_owner,0.0608
813,183,elastic/terraform-provider-elasticstack,openspec-verify-label.md,10,0.0342,875.0,elastic/terraform-provider-elasticstack,schema-coverage-rotation.md,13.81,0.0541,2046.0,elastic/opentelemetry-collector-components,pr-review.md,51.81,0.0599,620.0,pulumi/pulumi-terraform-bridge,terraform-bridge-pr-rereview.md,31.12,other_owner,0.0599
814,183,elastic/terraform-provider-elasticstack,openspec-verify-label.md,11,0.0369,875.0,elastic/terraform-provider-elasticstack,schema-coverage-rotation.md,14.0,0.0526,2046.0,elastic/opentelemetry-collector-components,pr-review.md,52.0,0.0575,620.0,pulumi/pulumi-terraform-bridge,terraform-bridge-pr-rereview.md,31.31,other_owner,0.0575
815,183,elastic/terraform-provider-elasticstack,openspec-verify-label.md,12,0.0367,875.0,elastic/terraform-provider-elasticstack,schema-coverage-rotation.md,14.0,0.0525,2046.0,elastic/opentelemetry-collector-components,pr-review.md,52.0,0.0574,620.0,pulumi/pulumi-terraform-bridge,terraform-bridge-pr-rereview.md,31.31,other_owner,0.0574
816,183,elastic/terraform-provider-elasticstack,openspec-verify-label.md,13,0.0363,875.0,elastic/terraform-provider-elasticstack,schema-coverage-rotation.md,14.0,0.0528,2046.0,elastic/opentelemetry-collector-components,pr-review.md,52.01,0.0585,620.0,pulumi/pulumi-terraform-bridge,terraform-bridge-pr-rereview.md,31.31,other_owner,0.0585
817,183,elastic/terraform-provider-elasticstack,openspec-verify-label.md,14,0.0335,875.0,elastic/terraform-provider-elasticstack,schema-coverage-rotation.md,14.21,0.0544,2046.0,elastic/opentelemetry-collector-components,pr-review.md,52.21,0.059,620.0,pulumi/pulumi-terraform-bridge,terraform-bridge-pr-rereview.md,31.52,other_owner,0.059
818,183,elastic/terraform-provider-elasticstack,openspec-verify-label.md,15,0.0817,879.0,elastic/terraform-provider-elasticstack,schema-coverage-rotation.md,0.17,0.0544,2046.0,elastic/opentelemetry-collector-components,pr-review.md,59.38,0.059,620.0,pulumi/pulumi-terraform-bridge,terraform-bridge-pr-rereview.md,38.69,same_repo,0.0817
819,183,elastic/terraform-provider-elasticstack,openspec-verify-label.md,16,0.0826,879.0,elastic/terraform-provider-elasticstack,schema-coverage-rotation.md,0.18,0.0559,2046.0,elastic/opentelemetry-collector-components,pr-review.md,59.4,0.0586,620.0,pulumi/pulumi-terraform-bridge,terraform-bridge-pr-rereview.md,38.7,same_repo,0.0826
820,183,elastic/terraform-provider-elasticstack,openspec-verify-label.md,17,0.0826,879.0,elastic/terraform-provider-elasticstack,schema-coverage-rotation.md,7.72,0.0559,2046.0,elastic/opentelemetry-collector-components,pr-review.md,66.94,0.0631,1814.0,dotnet/android,android-reviewer.md,4.2,same_repo,0.0826
821,183,elastic/terraform-provider-elasticstack,openspec-verify-label.md,18,0.1289,705.0,elastic/terraform-provider-elasticstack,change-factory-issue.md,0.91,0.0559,2046.0,elastic/opentelemetry-collector-components,pr-review.md,71.99,0.0631,1814.0,dotnet/android,android-reviewer.md,9.26,same_repo,0.1289
822,183,elastic/terraform-provider-elasticstack,openspec-verify-label.md,19,0.1289,705.0,elastic/terraform-provider-elasticstack,change-factory-issue.md,8.15,0.0559,2046.0,elastic/opentelemetry-collector-components,pr-review.md,79.24,0.0631,1814.0,dotnet/android,android-reviewer.md,16.5,same_repo,0.1289
823,183,elastic/terraform-provider-elasticstack,openspec-verify-label.md,20,0.1289,705.0,elastic/terraform-provider-elasticstack,change-factory-issue.md,8.16,0.0559,2046.0,elastic/opentelemetry-collector-components,pr-review.md,79.24,0.0631,1814.0,dotnet/android,android-reviewer.md,16.51,same_repo,0.1289
824,183,elastic/terraform-provider-elasticstack,openspec-verify-label.md,21,0.1289,705.0,elastic/terraform-provider-elasticstack,change-factory-issue.md,8.98,0.0559,2046.0,elastic/opentelemetry-collector-components,pr-review.md,80.06,0.065,1819.0,dotnet/android,android-reviewer.md,0.8,same_repo,0.1289
825,183,elastic/terraform-provider-elasticstack,openspec-verify-label.md,22,0.1289,705.0,elastic/terraform-provider-elasticstack,change-factory-issue.md,10.05,0.0559,2046.0,elastic/opentelemetry-collector-components,pr-review.md,81.14,0.065,1819.0,dotnet/android,android-reviewer.md,1.87,same_repo,0.1289
826,183,elastic/terraform-provider-elasticstack,openspec-verify-label.md,23,0.1042,705.0,elastic/terraform-provider-elasticstack,change-factory-issue.md,12.06,0.0533,2046.0,elastic/opentelemetry-collector-components,pr-review.md,83.14,0.0593,1836.0,dotnet/android-tools,android-tools-reviewer.md,3.64,same_repo,0.1042
827,183,elastic/terraform-provider-elasticstack,openspec-verify-label.md,24,0.1289,705.0,elastic/terraform-provider-elasticstack,change-factory-issue.md,12.2,0.0559,2046.0,elastic/opentelemetry-collector-components,pr-review.md,83.29,0.065,1819.0,dotnet/android,android-reviewer.md,4.02,same_repo,0.1289
828,183,elastic/terraform-provider-elasticstack,openspec-verify-label.md,25,0.1289,705.0,elastic/terraform-provider-elasticstack,change-factory-issue.md,21.95,0.0559,2046.0,elastic/opentelemetry-collector-components,pr-review.md,93.04,0.065,1819.0,dotnet/android,android-reviewer.md,13.77,same_repo,0.1289
829,183,elastic/terraform-provider-elasticstack,openspec-verify-label.md,26,0.1289,705.0,elastic/terraform-provider-elasticstack,change-factory-issue.md,22.2,0.0559,2046.0,elastic/opentelemetry-collector-components,pr-review.md,93.28,0.065,1819.0,dotnet/android,android-reviewer.md,14.02,same_repo,0.1289
830,183,elastic/terraform-provider-elasticstack,openspec-verify-label.md,27,0.1289,705.0,elastic/terraform-provider-elasticstack,change-factory-issue.md,22.3,0.0559,2046.0,elastic/opentelemetry-collector-components,pr-review.md,93.38,0.065,1819.0,dotnet/android,android-reviewer.md,14.11,same_repo,0.1289
831,183,elastic/terraform-provider-elasticstack,openspec-verify-label.md,28,0.1289,705.0,elastic/terraform-provider-elasticstack,change-factory-issue.md,25.98,0.0559,2046.0,elastic/opentelemetry-collector-components,pr-review.md,97.06,0.065,1819.0,dotnet/android,android-reviewer.md,17.8,same_repo,0.1289
832,183,elastic/terraform-provider-elasticstack,openspec-verify-label.md,29,0.1289,705.0,elastic/terraform-provider-elasticstack,change-factory-issue.md,26.11,0.0559,2046.0,elastic/opentelemetry-collector-components,pr-review.md,97.19,0.065,1819.0,dotnet/android,android-reviewer.md,17.92,same_repo,0.1289
833,183,elastic/terraform-provider-elasticstack,openspec-verify-label.md,30,0.1289,705.0,elastic/terraform-provider-elasticstack,change-factory-issue.md,37.31,0.0559,2046.0,elastic/opentelemetry-collector-components,pr-review.md,108.39,0.065,1819.0,dotnet/android,android-reviewer.md,29.13,same_repo,0.1289
834,184,elastic/terraform-provider-elasticstack,reproducer-factory-issue.md,1,0.3016,749.0,elastic/terraform-provider-elasticstack,code-factory-issue.md,4.59,0.0553,524.0,elastic/kibana,failed-test-investigator.md,8.55,0.0689,35.0,mono/SkiaSharp,auto-triage.md,22.38,same_repo,0.3016
835,184,elastic/terraform-provider-elasticstack,reproducer-factory-issue.md,2,0.3016,749.0,elastic/terraform-provider-elasticstack,code-factory-issue.md,6.36,0.0553,524.0,elastic/kibana,failed-test-investigator.md,10.31,0.0689,35.0,mono/SkiaSharp,auto-triage.md,24.14,same_repo,0.3016
836,184,elastic/terraform-provider-elasticstack,reproducer-factory-issue.md,3,0.3016,749.0,elastic/terraform-provider-elasticstack,code-factory-issue.md,6.96,0.0553,524.0,elastic/kibana,failed-test-investigator.md,10.92,0.0689,35.0,mono/SkiaSharp,auto-triage.md,24.74,same_repo,0.3016
837,184,elastic/terraform-provider-elasticstack,reproducer-factory-issue.md,4,0.3016,749.0,elastic/terraform-provider-elasticstack,code-factory-issue.md,7.94,0.0553,524.0,elastic/kibana,failed-test-investigator.md,11.9,0.0689,35.0,mono/SkiaSharp,auto-triage.md,25.73,same_repo,0.3016
838,184,elastic/terraform-provider-elasticstack,reproducer-factory-issue.md,5,0.2545,756.0,elastic/terraform-provider-elasticstack,code-factory-issue.md,0.69,0.055,524.0,elastic/kibana,failed-test-investigator.md,12.57,0.0685,35.0,mono/SkiaSharp,auto-triage.md,26.4,same_repo,0.2545
839,184,elastic/terraform-provider-elasticstack,reproducer-factory-issue.md,6,0.2545,756.0,elastic/terraform-provider-elasticstack,code-factory-issue.md,0.94,0.055,524.0,elastic/kibana,failed-test-investigator.md,12.82,0.0685,35.0,mono/SkiaSharp,auto-triage.md,26.65,same_repo,0.2545
840,184,elastic/terraform-provider-elasticstack,reproducer-factory-issue.md,7,0.2545,756.0,elastic/terraform-provider-elasticstack,code-factory-issue.md,1.04,0.061,527.0,elastic/kibana,failed-test-investigator.md,0.09,0.0685,35.0,mono/SkiaSharp,auto-triage.md,26.75,same_repo,0.2545
841,184,elastic/terraform-provider-elasticstack,reproducer-factory-issue.md,8,0.2875,749.0,elastic/terraform-provider-elasticstack,code-factory-issue.md,9.56,0.059,527.0,elastic/kibana,failed-test-investigator.md,0.69,0.0678,35.0,mono/SkiaSharp,auto-triage.md,27.35,same_repo,0.2875
842,184,elastic/terraform-provider-elasticstack,reproducer-factory-issue.md,9,0.2875,749.0,elastic/terraform-provider-elasticstack,code-factory-issue.md,9.56,0.059,527.0,elastic/kibana,failed-test-investigator.md,0.69,0.0678,35.0,mono/SkiaSharp,auto-triage.md,27.35,same_repo,0.2875
843,184,elastic/terraform-provider-elasticstack,reproducer-factory-issue.md,10,0.2875,749.0,elastic/terraform-provider-elasticstack,code-factory-issue.md,9.93,0.059,527.0,elastic/kibana,failed-test-investigator.md,1.07,0.0678,35.0,mono/SkiaSharp,auto-triage.md,27.72,same_repo,0.2875
844,184,elastic/terraform-provider-elasticstack,reproducer-factory-issue.md,11,0.2875,749.0,elastic/terraform-provider-elasticstack,code-factory-issue.md,10.7,0.059,527.0,elastic/kibana,failed-test-investigator.md,1.84,0.0678,35.0,mono/SkiaSharp,auto-triage.md,28.49,same_repo,0.2875
845,184,elastic/terraform-provider-elasticstack,reproducer-factory-issue.md,12,0.2875,749.0,elastic/terraform-provider-elasticstack,code-factory-issue.md,12.77,0.059,527.0,elastic/kibana,failed-test-investigator.md,3.9,0.0678,35.0,mono/SkiaSharp,auto-triage.md,30.55,same_repo,0.2875
846,184,elastic/terraform-provider-elasticstack,reproducer-factory-issue.md,13,0.2875,749.0,elastic/terraform-provider-elasticstack,code-factory-issue.md,23.97,0.059,527.0,elastic/kibana,failed-test-investigator.md,15.1,0.0678,35.0,mono/SkiaSharp,auto-triage.md,41.75,same_repo,0.2875
847,185,elastic/terraform-provider-elasticstack,research-factory-issue.md,1,0.1946,747.0,elastic/terraform-provider-elasticstack,code-factory-issue.md,2.35,0.036,524.0,elastic/kibana,failed-test-investigator.md,2.97,0.0599,1489.0,fsprojects/fantomas,repo-assist.md,62.52,same_repo,0.1946
848,185,elastic/terraform-provider-elasticstack,research-factory-issue.md,2,0.1983,712.0,elastic/terraform-provider-elasticstack,change-factory-issue.md,0.01,0.036,524.0,elastic/kibana,failed-test-investigator.md,2.98,0.0614,1489.0,fsprojects/fantomas,repo-assist.md,62.53,same_repo,0.1983
849,185,elastic/terraform-provider-elasticstack,research-factory-issue.md,3,0.1874,747.0,elastic/terraform-provider-elasticstack,code-factory-issue.md,3.34,0.0418,524.0,elastic/kibana,failed-test-investigator.md,3.96,0.0638,1489.0,fsprojects/fantomas,repo-assist.md,63.51,same_repo,0.1874
850,185,elastic/terraform-provider-elasticstack,research-factory-issue.md,4,0.1958,713.0,elastic/terraform-provider-elasticstack,change-factory-issue.md,0.03,0.0415,524.0,elastic/kibana,failed-test-investigator.md,3.99,0.0644,1489.0,fsprojects/fantomas,repo-assist.md,63.54,same_repo,0.1958
851,185,elastic/terraform-provider-elasticstack,research-factory-issue.md,5,0.1958,713.0,elastic/terraform-provider-elasticstack,change-factory-issue.md,0.04,0.0415,524.0,elastic/kibana,failed-test-investigator.md,4.0,0.0644,1489.0,fsprojects/fantomas,repo-assist.md,63.55,same_repo,0.1958
852,185,elastic/terraform-provider-elasticstack,research-factory-issue.md,6,0.1958,713.0,elastic/terraform-provider-elasticstack,change-factory-issue.md,0.96,0.0415,524.0,elastic/kibana,failed-test-investigator.md,4.92,0.0644,1489.0,fsprojects/fantomas,repo-assist.md,64.47,same_repo,0.1958
853,185,elastic/terraform-provider-elasticstack,research-factory-issue.md,7,0.1958,713.0,elastic/terraform-provider-elasticstack,change-factory-issue.md,1.57,0.0415,524.0,elastic/kibana,failed-test-investigator.md,5.53,0.0644,1489.0,fsprojects/fantomas,repo-assist.md,65.08,same_repo,0.1958
854,185,elastic/terraform-provider-elasticstack,research-factory-issue.md,8,0.1958,713.0,elastic/terraform-provider-elasticstack,change-factory-issue.md,1.7,0.0415,524.0,elastic/kibana,failed-test-investigator.md,5.66,0.0644,1489.0,fsprojects/fantomas,repo-assist.md,65.21,same_repo,0.1958
855,185,elastic/terraform-provider-elasticstack,research-factory-issue.md,9,0.1958,713.0,elastic/terraform-provider-elasticstack,change-factory-issue.md,4.59,0.0415,524.0,elastic/kibana,failed-test-investigator.md,8.55,0.0644,1489.0,fsprojects/fantomas,repo-assist.md,68.1,same_repo,0.1958
856,185,elastic/terraform-provider-elasticstack,research-factory-issue.md,10,0.2512,834.0,elastic/terraform-provider-elasticstack,reproducer-factory-issue.md,2.36,0.0415,524.0,elastic/kibana,failed-test-investigator.md,10.92,0.0644,1489.0,fsprojects/fantomas,repo-assist.md,70.47,same_repo,0.2512
857,185,elastic/terraform-provider-elasticstack,research-factory-issue.md,11,0.2512,834.0,elastic/terraform-provider-elasticstack,reproducer-factory-issue.md,3.35,0.0415,524.0,elastic/kibana,failed-test-investigator.md,11.9,0.0644,1489.0,fsprojects/fantomas,repo-assist.md,71.45,same_repo,0.2512
858,185,elastic/terraform-provider-elasticstack,research-factory-issue.md,12,0.2512,834.0,elastic/terraform-provider-elasticstack,reproducer-factory-issue.md,4.02,0.0415,524.0,elastic/kibana,failed-test-investigator.md,12.57,0.0644,1489.0,fsprojects/fantomas,repo-assist.md,72.12,same_repo,0.2512
859,185,elastic/terraform-provider-elasticstack,research-factory-issue.md,13,0.2512,834.0,elastic/terraform-provider-elasticstack,reproducer-factory-issue.md,4.27,0.0415,524.0,elastic/kibana,failed-test-investigator.md,12.82,0.0644,1489.0,fsprojects/fantomas,repo-assist.md,72.37,same_repo,0.2512
860,185,elastic/terraform-provider-elasticstack,research-factory-issue.md,14,0.2512,834.0,elastic/terraform-provider-elasticstack,reproducer-factory-issue.md,4.37,0.0476,527.0,elastic/kibana,failed-test-investigator.md,0.09,0.0644,1489.0,fsprojects/fantomas,repo-assist.md,72.47,same_repo,0.2512
861,185,elastic/terraform-provider-elasticstack,research-factory-issue.md,15,0.2512,834.0,elastic/terraform-provider-elasticstack,reproducer-factory-issue.md,4.97,0.0476,527.0,elastic/kibana,failed-test-investigator.md,0.69,0.0644,1489.0,fsprojects/fantomas,repo-assist.md,73.07,same_repo,0.2512
862,185,elastic/terraform-provider-elasticstack,research-factory-issue.md,16,0.2512,834.0,elastic/terraform-provider-elasticstack,reproducer-factory-issue.md,4.97,0.0476,527.0,elastic/kibana,failed-test-investigator.md,0.69,0.0644,1489.0,fsprojects/fantomas,repo-assist.md,73.07,same_repo,0.2512
863,185,elastic/terraform-provider-elasticstack,research-factory-issue.md,17,0.2512,834.0,elastic/terraform-provider-elasticstack,reproducer-factory-issue.md,5.34,0.0476,527.0,elastic/kibana,failed-test-investigator.md,1.07,0.0644,1489.0,fsprojects/fantomas,repo-assist.md,73.44,same_repo,0.2512
864,185,elastic/terraform-provider-elasticstack,research-factory-issue.md,18,0.2512,834.0,elastic/terraform-provider-elasticstack,reproducer-factory-issue.md,8.17,0.0476,527.0,elastic/kibana,failed-test-investigator.md,3.9,0.0644,1489.0,fsprojects/fantomas,repo-assist.md,76.27,same_repo,0.2512
865,185,elastic/terraform-provider-elasticstack,research-factory-issue.md,19,0.2512,834.0,elastic/terraform-provider-elasticstack,reproducer-factory-issue.md,19.37,0.0501,651.0,elastic/elasticsearch-specification,kibana-type-check-analysis.md,3.75,0.0644,1489.0,fsprojects/fantomas,repo-assist.md,87.48,same_repo,0.2512
866,186,elastic/terraform-provider-elasticstack,schema-coverage-rotation.md,1,,,,,,0.0374,2614.0,elastic/elastic-docs-skills,skill-freshness.md,9.45,0.0468,1130.0,talk2MeGooseman/stream_closed_captioner_phoenix,daily-test-improver.md,4.23,other_owner,0.0468
867,186,elastic/terraform-provider-elasticstack,schema-coverage-rotation.md,2,,,,,,0.0374,2614.0,elastic/elastic-docs-skills,skill-freshness.md,9.53,0.0468,1130.0,talk2MeGooseman/stream_closed_captioner_phoenix,daily-test-improver.md,4.31,other_owner,0.0468
868,186,elastic/terraform-provider-elasticstack,schema-coverage-rotation.md,3,,,,,,0.0438,2614.0,elastic/elastic-docs-skills,skill-freshness.md,9.54,0.0509,1130.0,talk2MeGooseman/stream_closed_captioner_phoenix,daily-test-improver.md,4.33,other_owner,0.0509
869,186,elastic/terraform-provider-elasticstack,schema-coverage-rotation.md,4,,,,,,0.0429,2614.0,elastic/elastic-docs-skills,skill-freshness.md,9.59,0.0547,1130.0,talk2MeGooseman/stream_closed_captioner_phoenix,daily-test-improver.md,4.38,other_owner,0.0547
870,186,elastic/terraform-provider-elasticstack,schema-coverage-rotation.md,5,,,,,,0.0429,2614.0,elastic/elastic-docs-skills,skill-freshness.md,9.65,0.0587,1130.0,talk2MeGooseman/stream_closed_captioner_phoenix,daily-test-improver.md,4.44,other_owner,0.0587
871,186,elastic/terraform-provider-elasticstack,schema-coverage-rotation.md,6,,,,,,0.0429,2614.0,elastic/elastic-docs-skills,skill-freshness.md,9.73,0.0587,1130.0,talk2MeGooseman/stream_closed_captioner_phoenix,daily-test-improver.md,4.51,other_owner,0.0587
872,186,elastic/terraform-provider-elasticstack,schema-coverage-rotation.md,7,,,,,,0.0476,2621.0,elastic/elastic-docs-skills,skill-freshness.md,7.65,0.0609,1130.0,talk2MeGooseman/stream_closed_captioner_phoenix,daily-test-improver.md,12.3,other_owner,0.0609
873,186,elastic/terraform-provider-elasticstack,schema-coverage-rotation.md,8,,,,,,0.0476,2621.0,elastic/elastic-docs-skills,skill-freshness.md,7.67,0.0609,1130.0,talk2MeGooseman/stream_closed_captioner_phoenix,daily-test-improver.md,12.31,other_owner,0.0609
874,186,elastic/terraform-provider-elasticstack,schema-coverage-rotation.md,9,,,,,,0.0476,2621.0,elastic/elastic-docs-skills,skill-freshness.md,18.63,0.0609,1130.0,talk2MeGooseman/stream_closed_captioner_phoenix,daily-test-improver.md,23.28,other_owner,0.0609
875,186,elastic/terraform-provider-elasticstack,schema-coverage-rotation.md,10,,,,,,0.0477,2621.0,elastic/elastic-docs-skills,skill-freshness.md,18.66,0.0611,1130.0,talk2MeGooseman/stream_closed_captioner_phoenix,daily-test-improver.md,23.3,other_owner,0.0611
876,186,elastic/terraform-provider-elasticstack,schema-coverage-rotation.md,11,0.0448,807.0,elastic/terraform-provider-elasticstack,openspec-verify-label.md,11.06,0.0476,2621.0,elastic/elastic-docs-skills,skill-freshness.md,35.04,0.0629,1361.0,rancher/dashboard,daily-test-improver.md,1.13,other_owner,0.0629
877,186,elastic/terraform-provider-elasticstack,schema-coverage-rotation.md,12,0.082,808.0,elastic/terraform-provider-elasticstack,openspec-verify-label.md,12.77,0.0477,2621.0,elastic/elastic-docs-skills,skill-freshness.md,37.43,0.0616,1361.0,rancher/dashboard,daily-test-improver.md,3.51,same_repo,0.082
878,186,elastic/terraform-provider-elasticstack,schema-coverage-rotation.md,13,0.0946,808.0,elastic/terraform-provider-elasticstack,openspec-verify-label.md,13.44,0.0463,2622.0,elastic/elastic-docs-skills,skill-freshness.md,19.13,0.0619,1361.0,rancher/dashboard,daily-test-improver.md,4.18,same_repo,0.0946
879,186,elastic/terraform-provider-elasticstack,schema-coverage-rotation.md,14,0.0968,811.0,elastic/terraform-provider-elasticstack,openspec-verify-label.md,9.91,0.0377,2611.0,elastic/elastic-docs-skills,skill-eval-test.md,39.88,0.0606,1361.0,rancher/dashboard,daily-test-improver.md,5.95,same_repo,0.0968
880,186,elastic/terraform-provider-elasticstack,schema-coverage-rotation.md,15,0.0968,811.0,elastic/terraform-provider-elasticstack,openspec-verify-label.md,10.56,0.0377,2611.0,elastic/elastic-docs-skills,skill-eval-test.md,40.54,0.0606,1361.0,rancher/dashboard,daily-test-improver.md,6.61,same_repo,0.0968
881,186,elastic/terraform-provider-elasticstack,schema-coverage-rotation.md,16,0.1303,793.0,elastic/terraform-provider-elasticstack,kibana-spec-impact.md,4.7,0.0377,2611.0,elastic/elastic-docs-skills,skill-eval-test.md,47.61,0.065,35.0,mono/SkiaSharp,auto-triage.md,0.3,same_repo,0.1303
882,186,elastic/terraform-provider-elasticstack,schema-coverage-rotation.md,17,0.1304,793.0,elastic/terraform-provider-elasticstack,kibana-spec-impact.md,5.84,0.0377,2611.0,elastic/elastic-docs-skills,skill-eval-test.md,48.75,0.0651,35.0,mono/SkiaSharp,auto-triage.md,1.44,same_repo,0.1304
883,186,elastic/terraform-provider-elasticstack,schema-coverage-rotation.md,18,0.132,795.0,elastic/terraform-provider-elasticstack,kibana-spec-impact.md,10.35,0.0377,2611.0,elastic/elastic-docs-skills,skill-eval-test.md,59.91,0.0651,35.0,mono/SkiaSharp,auto-triage.md,12.6,same_repo,0.132
884,186,elastic/terraform-provider-elasticstack,schema-coverage-rotation.md,19,0.132,795.0,elastic/terraform-provider-elasticstack,kibana-spec-impact.md,10.36,0.0377,2611.0,elastic/elastic-docs-skills,skill-eval-test.md,59.91,0.0651,35.0,mono/SkiaSharp,auto-triage.md,12.61,same_repo,0.132
885,186,elastic/terraform-provider-elasticstack,schema-coverage-rotation.md,20,0.1334,795.0,elastic/terraform-provider-elasticstack,kibana-spec-impact.md,11.18,0.0355,2611.0,elastic/elastic-docs-skills,skill-eval-test.md,60.73,0.0638,35.0,mono/SkiaSharp,auto-triage.md,13.43,same_repo,0.1334
886,186,elastic/terraform-provider-elasticstack,schema-coverage-rotation.md,21,0.1729,780.0,elastic/terraform-provider-elasticstack,flaky-test-catcher.md,0.73,0.036,2611.0,elastic/elastic-docs-skills,skill-eval-test.md,61.75,0.0634,35.0,mono/SkiaSharp,auto-triage.md,14.45,same_repo,0.1729
887,186,elastic/terraform-provider-elasticstack,schema-coverage-rotation.md,22,0.1976,781.0,elastic/terraform-provider-elasticstack,flaky-test-catcher.md,10.33,0.0412,518.0,elastic/kibana,failed-backport-resolver.md,0.72,0.068,25.0,mono/SkiaSharp,auto-skia-sync.md,1.13,same_repo,0.1976
888,186,elastic/terraform-provider-elasticstack,schema-coverage-rotation.md,23,0.1976,781.0,elastic/terraform-provider-elasticstack,flaky-test-catcher.md,11.95,0.0412,518.0,elastic/kibana,failed-backport-resolver.md,2.34,0.068,25.0,mono/SkiaSharp,auto-skia-sync.md,2.75,same_repo,0.1976
889,186,elastic/terraform-provider-elasticstack,schema-coverage-rotation.md,24,0.1976,781.0,elastic/terraform-provider-elasticstack,flaky-test-catcher.md,12.2,0.0412,518.0,elastic/kibana,failed-backport-resolver.md,2.59,0.068,25.0,mono/SkiaSharp,auto-skia-sync.md,3.0,same_repo,0.1976
890,186,elastic/terraform-provider-elasticstack,schema-coverage-rotation.md,25,0.1976,781.0,elastic/terraform-provider-elasticstack,flaky-test-catcher.md,12.3,0.0412,518.0,elastic/kibana,failed-backport-resolver.md,2.69,0.068,25.0,mono/SkiaSharp,auto-skia-sync.md,3.1,same_repo,0.1976
891,186,elastic/terraform-provider-elasticstack,schema-coverage-rotation.md,26,0.1976,781.0,elastic/terraform-provider-elasticstack,flaky-test-catcher.md,16.1,0.0417,521.0,elastic/kibana,failed-backport-resolver.md,1.51,0.068,25.0,mono/SkiaSharp,auto-skia-sync.md,6.9,same_repo,0.1976
892,186,elastic/terraform-provider-elasticstack,schema-coverage-rotation.md,27,0.1976,781.0,elastic/terraform-provider-elasticstack,flaky-test-catcher.md,16.34,0.0417,521.0,elastic/kibana,failed-backport-resolver.md,1.74,0.068,25.0,mono/SkiaSharp,auto-skia-sync.md,7.13,same_repo,0.1976
893,186,elastic/terraform-provider-elasticstack,schema-coverage-rotation.md,28,0.1976,781.0,elastic/terraform-provider-elasticstack,flaky-test-catcher.md,27.31,0.0448,651.0,elastic/elasticsearch-specification,kibana-type-check-analysis.md,3.75,0.068,25.0,mono/SkiaSharp,auto-skia-sync.md,18.1,same_repo,0.1976
894,187,elastic/terraform-provider-elasticstack,security-role-docs-drift.md,1,0.0605,795.0,elastic/terraform-provider-elasticstack,kibana-spec-impact.md,33.47,0.0501,648.0,elastic/elasticsearch-specification,kibana-type-check-analysis.md,4.68,0.0593,2555.0,PureWeen/PolyPilot,instruction-drift.agent.md,35.31,same_repo,0.0605
895,187,elastic/terraform-provider-elasticstack,security-role-docs-drift.md,2,0.0605,795.0,elastic/terraform-provider-elasticstack,kibana-spec-impact.md,39.51,0.0601,651.0,elastic/elasticsearch-specification,kibana-type-check-analysis.md,3.75,0.0593,2555.0,PureWeen/PolyPilot,instruction-drift.agent.md,41.34,same_repo,0.0605
896,188,elastic/terraform-provider-elasticstack,semantic-function-refactor.md,1,0.3599,770.0,elastic/terraform-provider-elasticstack,duplicate-code-detector.md,10.65,0.0442,2046.0,elastic/opentelemetry-collector-components,pr-review.md,79.88,0.331,323.0,storybookjs/storybook,duplicate-code-detector.md,58.14,same_repo,0.3599
897,188,elastic/terraform-provider-elasticstack,semantic-function-refactor.md,2,0.3599,770.0,elastic/terraform-provider-elasticstack,duplicate-code-detector.md,10.83,0.0442,2046.0,elastic/opentelemetry-collector-components,pr-review.md,80.06,0.331,323.0,storybookjs/storybook,duplicate-code-detector.md,58.33,same_repo,0.3599
898,188,elastic/terraform-provider-elasticstack,semantic-function-refactor.md,3,0.3582,770.0,elastic/terraform-provider-elasticstack,duplicate-code-detector.md,11.85,0.0449,2046.0,elastic/opentelemetry-collector-components,pr-review.md,81.08,0.3293,323.0,storybookjs/storybook,duplicate-code-detector.md,59.35,same_repo,0.3582
899,188,elastic/terraform-provider-elasticstack,semantic-function-refactor.md,4,0.3582,770.0,elastic/terraform-provider-elasticstack,duplicate-code-detector.md,22.18,0.0449,2046.0,elastic/opentelemetry-collector-components,pr-review.md,91.41,0.3293,323.0,storybookjs/storybook,duplicate-code-detector.md,69.68,same_repo,0.3582
900,188,elastic/terraform-provider-elasticstack,semantic-function-refactor.md,5,0.3582,770.0,elastic/terraform-provider-elasticstack,duplicate-code-detector.md,24.05,0.0449,2046.0,elastic/opentelemetry-collector-components,pr-review.md,93.28,0.3293,323.0,storybookjs/storybook,duplicate-code-detector.md,71.55,same_repo,0.3582
901,188,elastic/terraform-provider-elasticstack,semantic-function-refactor.md,6,0.3582,770.0,elastic/terraform-provider-elasticstack,duplicate-code-detector.md,24.15,0.0449,2046.0,elastic/opentelemetry-collector-components,pr-review.md,93.38,0.3293,323.0,storybookjs/storybook,duplicate-code-detector.md,71.65,same_repo,0.3582
902,188,elastic/terraform-provider-elasticstack,semantic-function-refactor.md,7,0.3582,770.0,elastic/terraform-provider-elasticstack,duplicate-code-detector.md,24.75,0.0449,2046.0,elastic/opentelemetry-collector-components,pr-review.md,93.98,0.3293,323.0,storybookjs/storybook,duplicate-code-detector.md,72.25,same_repo,0.3582
903,188,elastic/terraform-provider-elasticstack,semantic-function-refactor.md,8,0.3631,770.0,elastic/terraform-provider-elasticstack,duplicate-code-detector.md,25.01,0.045,2046.0,elastic/opentelemetry-collector-components,pr-review.md,94.24,0.3282,323.0,storybookjs/storybook,duplicate-code-detector.md,72.51,same_repo,0.3631
904,188,elastic/terraform-provider-elasticstack,semantic-function-refactor.md,9,0.3631,770.0,elastic/terraform-provider-elasticstack,duplicate-code-detector.md,25.57,0.045,2046.0,elastic/opentelemetry-collector-components,pr-review.md,94.8,0.3282,323.0,storybookjs/storybook,duplicate-code-detector.md,73.06,same_repo,0.3631
905,188,elastic/terraform-provider-elasticstack,semantic-function-refactor.md,10,0.3631,770.0,elastic/terraform-provider-elasticstack,duplicate-code-detector.md,25.67,0.045,2046.0,elastic/opentelemetry-collector-components,pr-review.md,94.91,0.3282,323.0,storybookjs/storybook,duplicate-code-detector.md,73.17,same_repo,0.3631
906,188,elastic/terraform-provider-elasticstack,semantic-function-refactor.md,11,0.3631,770.0,elastic/terraform-provider-elasticstack,duplicate-code-detector.md,25.7,0.045,2046.0,elastic/opentelemetry-collector-components,pr-review.md,94.94,0.3282,323.0,storybookjs/storybook,duplicate-code-detector.md,73.2,same_repo,0.3631
907,188,elastic/terraform-provider-elasticstack,semantic-function-refactor.md,12,0.3648,770.0,elastic/terraform-provider-elasticstack,duplicate-code-detector.md,27.95,0.0449,2046.0,elastic/opentelemetry-collector-components,pr-review.md,97.19,0.3295,323.0,storybookjs/storybook,duplicate-code-detector.md,75.45,same_repo,0.3648
908,188,elastic/terraform-provider-elasticstack,semantic-function-refactor.md,13,0.3648,770.0,elastic/terraform-provider-elasticstack,duplicate-code-detector.md,28.19,0.0449,2046.0,elastic/opentelemetry-collector-components,pr-review.md,97.42,0.3295,323.0,storybookjs/storybook,duplicate-code-detector.md,75.68,same_repo,0.3648
909,188,elastic/terraform-provider-elasticstack,semantic-function-refactor.md,14,0.3771,778.0,elastic/terraform-provider-elasticstack,duplicate-code-detector.md,10.97,0.0449,2046.0,elastic/opentelemetry-collector-components,pr-review.md,108.39,0.3295,323.0,storybookjs/storybook,duplicate-code-detector.md,86.65,same_repo,0.3771
910,189,pulumi/pulumi-azuread,gh-aw-pr-rereview.md,1,,,,,,,,,,,,,,,,,
911,190,pulumi/pulumi-azuread,gh-aw-pr-review.md,1,,,,,,,,,,,,,,,,,
912,191,pulumi/pulumi-gitlab,gh-aw-pr-rereview.md,1,,,,,,,,,,,,,,,,,
913,192,pulumi/pulumi-gitlab,gh-aw-pr-review.md,1,,,,,,,,,,,,,,,,,
914,193,pulumi/pulumi-datadog,gh-aw-pr-rereview.md,1,,,,,,,,,,,,,,,,,
915,194,pulumi/pulumi-datadog,gh-aw-pr-review.md,1,,,,,,,,,,,,,,,,,
916,195,advanced-security/advanced-security-material,codeql-version-tracker.md,1,0.1419,925.0,advanced-security/advanced-security-material,update-ghas-matrix.md,31.92,,,,,,0.0679,588.0,licensee/licensee,repo-assist.md,33.61,same_repo,0.1419
917,195,advanced-security/advanced-security-material,codeql-version-tracker.md,2,0.1362,925.0,advanced-security/advanced-security-material,update-ghas-matrix.md,32.85,,,,,,0.0759,588.0,licensee/licensee,repo-assist.md,34.53,same_repo,0.1362
918,195,advanced-security/advanced-security-material,codeql-version-tracker.md,3,0.1357,925.0,advanced-security/advanced-security-material,update-ghas-matrix.md,32.86,,,,,,0.077,588.0,licensee/licensee,repo-assist.md,34.54,same_repo,0.1357
919,195,advanced-security/advanced-security-material,codeql-version-tracker.md,4,0.1357,925.0,advanced-security/advanced-security-material,update-ghas-matrix.md,32.87,,,,,,0.077,588.0,licensee/licensee,repo-assist.md,34.55,same_repo,0.1357
920,195,advanced-security/advanced-security-material,codeql-version-tracker.md,5,0.1356,925.0,advanced-security/advanced-security-material,update-ghas-matrix.md,32.88,,,,,,0.077,588.0,licensee/licensee,repo-assist.md,34.56,same_repo,0.1356
921,195,advanced-security/advanced-security-material,codeql-version-tracker.md,6,0.1364,925.0,advanced-security/advanced-security-material,update-ghas-matrix.md,32.9,,,,,,0.0775,588.0,licensee/licensee,repo-assist.md,34.58,same_repo,0.1364
922,195,advanced-security/advanced-security-material,codeql-version-tracker.md,7,0.1364,925.0,advanced-security/advanced-security-material,update-ghas-matrix.md,94.78,,,,,,0.0797,596.0,licensee/licensee,repo-assist.md,59.68,same_repo,0.1364
923,195,advanced-security/advanced-security-material,codeql-version-tracker.md,8,0.1364,925.0,advanced-security/advanced-security-material,update-ghas-matrix.md,94.82,,,,,,0.0797,596.0,licensee/licensee,repo-assist.md,59.72,same_repo,0.1364
924,196,advanced-security/advanced-security-material,update-ghas-matrix.md,1,,,,,,,,,,,0.0762,953.0,microsoft/vscode-pylint,check-python-versions.md,30.97,other_owner,0.0762
925,196,advanced-security/advanced-security-material,update-ghas-matrix.md,2,,,,,,,,,,,0.0761,953.0,microsoft/vscode-pylint,check-python-versions.md,30.97,other_owner,0.0761
926,196,advanced-security/advanced-security-material,update-ghas-matrix.md,3,,,,,,,,,,,0.0761,953.0,microsoft/vscode-pylint,check-python-versions.md,31.04,other_owner,0.0761
927,196,advanced-security/advanced-security-material,update-ghas-matrix.md,4,,,,,,,,,,,0.0761,953.0,microsoft/vscode-pylint,check-python-versions.md,31.2,other_owner,0.0761
928,196,advanced-security/advanced-security-material,update-ghas-matrix.md,5,,,,,,,,,,,0.0776,2064.0,github/awesome-copilot,learning-hub-updater.md,13.61,other_owner,0.0776
929,196,advanced-security/advanced-security-material,update-ghas-matrix.md,6,,,,,,,,,,,0.0789,2064.0,github/awesome-copilot,learning-hub-updater.md,13.62,other_owner,0.0789
930,196,advanced-security/advanced-security-material,update-ghas-matrix.md,7,,,,,,,,,,,0.079,2064.0,github/awesome-copilot,learning-hub-updater.md,13.63,other_owner,0.079
931,196,advanced-security/advanced-security-material,update-ghas-matrix.md,8,0.1369,916.0,advanced-security/advanced-security-material,codeql-version-tracker.md,0.95,,,,,,0.0789,2064.0,github/awesome-copilot,learning-hub-updater.md,36.62,same_repo,0.1369
932,196,advanced-security/advanced-security-material,update-ghas-matrix.md,9,0.1345,916.0,advanced-security/advanced-security-material,codeql-version-tracker.md,0.97,,,,,,0.0802,2064.0,github/awesome-copilot,learning-hub-updater.md,36.63,same_repo,0.1345
933,196,advanced-security/advanced-security-material,update-ghas-matrix.md,10,0.119,916.0,advanced-security/advanced-security-material,codeql-version-tracker.md,62.85,,,,,,0.0804,1291.0,microsoft/aspire,release-update-support-mdx.md,46.81,same_repo,0.119
934,196,advanced-security/advanced-security-material,update-ghas-matrix.md,11,0.119,916.0,advanced-security/advanced-security-material,codeql-version-tracker.md,62.86,,,,,,0.0804,1291.0,microsoft/aspire,release-update-support-mdx.md,46.82,same_repo,0.119
935,197,pulumi/pulumi-command,gh-aw-pr-rereview.md,1,,,,,,,,,,,,,,,,,
936,198,pulumi/pulumi-command,gh-aw-pr-review.md,1,,,,,,,,,,,,,,,,,
937,199,anweiss/cddl,ci-doctor.md,1,,,,,,,,,,,0.8413,2577.0,zircote/rlm-rs,ci-doctor.md,48.68,other_owner,0.8413
938,200,r12f/rnp,daily-repo-status.md,1,,,,,,,,,,,0.61,2186.0,kubestellar/docs,daily-team-status.md,61.25,other_owner,0.61
939,201,guitarrapc/githubactions-lab,monthly-oss-repo-status.md,1,,,,,,,,,,,0.1892,2.0,apache/cloudstack,daily-repo-status.md,42.7,other_owner,0.1892
940,201,guitarrapc/githubactions-lab,monthly-oss-repo-status.md,2,,,,,,,,,,,0.1892,2.0,apache/cloudstack,daily-repo-status.md,42.72,other_owner,0.1892
941,201,guitarrapc/githubactions-lab,monthly-oss-repo-status.md,3,,,,,,,,,,,0.1892,2.0,apache/cloudstack,daily-repo-status.md,42.82,other_owner,0.1892
942,202,Azure/azure-sdk-for-rust,issue-triage.md,1,,,,,,0.072,2092.0,Azure/AppConfiguration-KubernetesProvider,issue-triage.md,4.87,0.5972,242.0,taosdata/TDengine,issue-triage.md,13.72,other_owner,0.5972
943,202,Azure/azure-sdk-for-rust,issue-triage.md,2,,,,,,0.3129,200.0,Azure/azure-sdk-for-net,issue-triage.md,2.31,0.2859,242.0,taosdata/TDengine,issue-triage.md,16.59,same_owner,0.3129
944,202,Azure/azure-sdk-for-rust,issue-triage.md,3,,,,,,0.3129,200.0,Azure/azure-sdk-for-net,issue-triage.md,6.26,0.2859,242.0,taosdata/TDengine,issue-triage.md,20.55,same_owner,0.3129
945,202,Azure/azure-sdk-for-rust,issue-triage.md,4,,,,,,0.3129,200.0,Azure/azure-sdk-for-net,issue-triage.md,9.37,0.2859,242.0,taosdata/TDengine,issue-triage.md,23.65,same_owner,0.3129
946,202,Azure/azure-sdk-for-rust,issue-triage.md,5,,,,,,0.3129,200.0,Azure/azure-sdk-for-net,issue-triage.md,14.21,0.2859,242.0,taosdata/TDengine,issue-triage.md,28.49,same_owner,0.3129
947,202,Azure/azure-sdk-for-rust,issue-triage.md,6,,,,,,0.3129,200.0,Azure/azure-sdk-for-net,issue-triage.md,15.26,0.2859,242.0,taosdata/TDengine,issue-triage.md,29.54,same_owner,0.3129
948,202,Azure/azure-sdk-for-rust,issue-triage.md,7,,,,,,0.3129,200.0,Azure/azure-sdk-for-net,issue-triage.md,16.17,0.2859,242.0,taosdata/TDengine,issue-triage.md,30.45,same_owner,0.3129
949,202,Azure/azure-sdk-for-rust,issue-triage.md,8,,,,,,0.3123,200.0,Azure/azure-sdk-for-net,issue-triage.md,42.31,0.2844,242.0,taosdata/TDengine,issue-triage.md,56.59,same_owner,0.3123
950,202,Azure/azure-sdk-for-rust,issue-triage.md,9,,,,,,0.3129,200.0,Azure/azure-sdk-for-net,issue-triage.md,43.31,0.2792,242.0,taosdata/TDengine,issue-triage.md,57.59,same_owner,0.3129
951,202,Azure/azure-sdk-for-rust,issue-triage.md,10,,,,,,0.6444,657.0,Azure/azure-sdk-for-go,issue-triage.md,27.8,0.1009,2753.0,dotnet/skills,issue-triage.md,11.36,same_owner,0.6444
952,203,prowler-cloud/prowler,issue-triage.md,1,,,,,,,,,,,0.0718,2348.0,Kong/kongctl,opened-issue-triage.md,8.5,other_owner,0.0718
953,204,microsoft/vscode-pylint,check-python-versions.md,1,,,,,,1.0,995.0,microsoft/vscode-isort,check-python-versions.md,0.01,0.0434,635.0,RustPython/RustPython,upgrade-pylib.md,3.8,same_owner,1.0
954,204,microsoft/vscode-pylint,check-python-versions.md,2,,,,,,1.0,996.0,microsoft/vscode-isort,check-python-versions.md,4.04,0.0467,1684.0,fsprojects/FSharp.Control.AsyncSeq,repo-assist.md,0.23,same_owner,1.0
955,204,microsoft/vscode-pylint,check-python-versions.md,3,0.0886,958.0,microsoft/vscode-pylint,extension-template-sync.md,102.0,1.0,996.0,microsoft/vscode-isort,check-python-versions.md,109.72,0.1572,1876.0,carlkidcrypto/ezsnmp,python_version_watcher.md,36.81,same_owner,1.0
956,204,microsoft/vscode-pylint,check-python-versions.md,4,0.0886,958.0,microsoft/vscode-pylint,extension-template-sync.md,116.08,1.0,996.0,microsoft/vscode-isort,check-python-versions.md,123.8,0.1572,1876.0,carlkidcrypto/ezsnmp,python_version_watcher.md,50.89,same_owner,1.0
957,205,microsoft/vscode-pylint,extension-template-sync.md,1,0.3177,964.0,microsoft/vscode-pylint,issue-triage.md,0.74,0.2667,986.0,microsoft/vscode-black-formatter,issue-triage.md,0.04,0.0741,2505.0,chimon2000/good_first_issue,code-simplifier.md,13.03,same_repo,0.3177
958,205,microsoft/vscode-pylint,extension-template-sync.md,2,0.3165,964.0,microsoft/vscode-pylint,issue-triage.md,2.69,0.8944,979.0,microsoft/vscode-black-formatter,extension-template-sync.md,1.95,0.0734,2103.0,githubnext/agentics,daily-workflow-sync.md,24.71,same_owner,0.8944
959,205,microsoft/vscode-pylint,extension-template-sync.md,3,0.3332,964.0,microsoft/vscode-pylint,issue-triage.md,6.72,0.5477,980.0,microsoft/vscode-black-formatter,extension-template-sync.md,4.03,0.0685,2103.0,githubnext/agentics,daily-workflow-sync.md,28.74,same_owner,0.5477
960,205,microsoft/vscode-pylint,extension-template-sync.md,4,0.3282,964.0,microsoft/vscode-pylint,issue-triage.md,23.79,0.9072,1150.0,microsoft/vscode-mypy,extension-template-sync.md,0.0,0.073,2433.0,github/copilot-sdk,release-changelog.md,17.11,same_owner,0.9072
961,205,microsoft/vscode-pylint,extension-template-sync.md,5,0.3243,964.0,microsoft/vscode-pylint,issue-triage.md,28.64,0.9147,1003.0,microsoft/vscode-isort,extension-template-sync.md,1.0,0.0742,2433.0,github/copilot-sdk,release-changelog.md,21.96,same_owner,0.9147
962,205,microsoft/vscode-pylint,extension-template-sync.md,6,0.3243,964.0,microsoft/vscode-pylint,issue-triage.md,104.69,0.9207,983.0,microsoft/vscode-black-formatter,extension-template-sync.md,73.83,0.0773,2683.0,dotnet/maui-labs,pr-docs-check.md,33.84,same_owner,0.9207
963,205,microsoft/vscode-pylint,extension-template-sync.md,7,0.3243,964.0,microsoft/vscode-pylint,issue-triage.md,118.76,0.9207,983.0,microsoft/vscode-black-formatter,extension-template-sync.md,87.91,0.0773,2683.0,dotnet/maui-labs,pr-docs-check.md,47.92,same_owner,0.9207
964,206,microsoft/vscode-pylint,issue-triage.md,1,0.0612,953.0,microsoft/vscode-pylint,check-python-versions.md,7.14,0.0743,313.0,microsoft/pxt-arcade,triage.md,82.09,0.0896,2349.0,Kong/kongctl,opened-issue-triage.md,9.9,other_owner,0.0896
965,206,microsoft/vscode-pylint,issue-triage.md,2,0.0612,953.0,microsoft/vscode-pylint,check-python-versions.md,7.15,0.0743,313.0,microsoft/pxt-arcade,triage.md,82.1,0.0896,2349.0,Kong/kongctl,opened-issue-triage.md,9.91,other_owner,0.0896
966,206,microsoft/vscode-pylint,issue-triage.md,3,0.3111,957.0,microsoft/vscode-pylint,extension-template-sync.md,2.05,0.8421,987.0,microsoft/vscode-black-formatter,issue-triage.md,0.0,0.0927,2349.0,Kong/kongctl,opened-issue-triage.md,12.69,same_owner,0.8421
967,206,microsoft/vscode-pylint,issue-triage.md,4,0.2992,957.0,microsoft/vscode-pylint,extension-template-sync.md,5.98,0.8318,987.0,microsoft/vscode-black-formatter,issue-triage.md,3.93,0.0937,2349.0,Kong/kongctl,opened-issue-triage.md,16.62,same_owner,0.8318
968,206,microsoft/vscode-pylint,issue-triage.md,5,0.3102,959.0,microsoft/vscode-pylint,extension-template-sync.md,97.97,0.8798,989.0,microsoft/vscode-black-formatter,issue-triage.md,0.0,0.1075,2404.0,github/copilot-sdk,cross-repo-issue-analysis.md,96.71,same_owner,0.8798
969,206,microsoft/vscode-pylint,issue-triage.md,6,0.3102,959.0,microsoft/vscode-pylint,extension-template-sync.md,112.05,0.8798,989.0,microsoft/vscode-black-formatter,issue-triage.md,14.08,0.1075,2404.0,github/copilot-sdk,cross-repo-issue-analysis.md,110.78,same_owner,0.8798
970,207,adoptium/api.adoptium.net,production-branch-checker.md,1,,,,,,0.0659,693.0,adoptium/containers,dockerfile-readiness.md,34.26,0.0613,11.0,Activiti/activiti-cloud,supply-chain-review.md,0.03,same_owner,0.0659
971,207,adoptium/api.adoptium.net,production-branch-checker.md,2,,,,,,0.0655,693.0,adoptium/containers,dockerfile-readiness.md,37.07,0.0617,11.0,Activiti/activiti-cloud,supply-chain-review.md,2.84,same_owner,0.0655
972,208,pulumi/pulumi-vault,gh-aw-pr-rereview.md,1,,,,,,,,,,,,,,,,,
973,209,pulumi/pulumi-vault,gh-aw-pr-review.md,1,,,,,,,,,,,,,,,,,
974,210,pulumi/pulumi-cdk,cdk-pr-rereview.md,1,,,,,,1.0,620.0,pulumi/pulumi-terraform-bridge,terraform-bridge-pr-rereview.md,4.77,0.0546,2633.0,pockebot/openpocket,issue-fix.md,16.47,same_owner,1.0
975,211,pulumi/pulumi-cdk,cdk-pr-review.md,1,,,,,,1.0,624.0,pulumi/pulumi-terraform-bridge,terraform-bridge-pr-review.md,4.77,0.0556,2571.0,jurre/huebar,code-review.md,23.68,same_owner,1.0
976,212,microsoft/vscode-black-formatter,check-python-versions.md,1,,,,,,0.9967,996.0,microsoft/vscode-isort,check-python-versions.md,0.93,0.0467,2222.0,drehelis/gcp-emulator-ui,check-emulator-updates.md,0.39,same_owner,0.9967
977,212,microsoft/vscode-black-formatter,check-python-versions.md,2,0.0875,980.0,microsoft/vscode-black-formatter,extension-template-sync.md,102.0,0.9967,954.0,microsoft/vscode-pylint,check-python-versions.md,105.68,0.1564,1876.0,carlkidcrypto/ezsnmp,python_version_watcher.md,36.81,same_owner,0.9967
978,212,microsoft/vscode-black-formatter,check-python-versions.md,3,0.0875,980.0,microsoft/vscode-black-formatter,extension-template-sync.md,116.07,0.9967,954.0,microsoft/vscode-pylint,check-python-versions.md,119.75,0.1564,1876.0,carlkidcrypto/ezsnmp,python_version_watcher.md,50.89,same_owner,0.9967
979,213,microsoft/vscode-black-formatter,extension-template-sync.md,1,0.3181,986.0,microsoft/vscode-black-formatter,issue-triage.md,0.04,0.9245,957.0,microsoft/vscode-pylint,extension-template-sync.md,0.0,0.0718,2505.0,chimon2000/good_first_issue,code-simplifier.md,13.03,same_owner,0.9245
980,213,microsoft/vscode-black-formatter,extension-template-sync.md,2,0.3168,986.0,microsoft/vscode-black-formatter,issue-triage.md,1.99,0.9268,958.0,microsoft/vscode-pylint,extension-template-sync.md,0.0,0.0734,2103.0,githubnext/agentics,daily-workflow-sync.md,24.71,same_owner,0.9268
981,213,microsoft/vscode-black-formatter,extension-template-sync.md,3,0.3333,986.0,microsoft/vscode-black-formatter,issue-triage.md,6.02,0.9102,959.0,microsoft/vscode-pylint,extension-template-sync.md,0.0,0.0686,2103.0,githubnext/agentics,daily-workflow-sync.md,28.74,same_owner,0.9102
982,213,microsoft/vscode-black-formatter,extension-template-sync.md,4,0.3284,986.0,microsoft/vscode-black-formatter,issue-triage.md,23.09,0.9186,960.0,microsoft/vscode-pylint,extension-template-sync.md,0.0,0.0729,2433.0,github/copilot-sdk,release-changelog.md,17.11,same_owner,0.9186
983,213,microsoft/vscode-black-formatter,extension-template-sync.md,5,0.3244,986.0,microsoft/vscode-black-formatter,issue-triage.md,30.16,0.9207,961.0,microsoft/vscode-pylint,extension-template-sync.md,2.21,0.0742,2433.0,github/copilot-sdk,release-changelog.md,24.18,same_owner,0.9207
984,213,microsoft/vscode-black-formatter,extension-template-sync.md,6,0.3244,986.0,microsoft/vscode-black-formatter,issue-triage.md,103.99,0.9207,961.0,microsoft/vscode-pylint,extension-template-sync.md,76.05,0.0775,2683.0,dotnet/maui-labs,pr-docs-check.md,33.84,same_owner,0.9207
985,213,microsoft/vscode-black-formatter,extension-template-sync.md,7,0.3244,986.0,microsoft/vscode-black-formatter,issue-triage.md,118.06,0.9207,961.0,microsoft/vscode-pylint,extension-template-sync.md,90.12,0.0775,2683.0,dotnet/maui-labs,pr-docs-check.md,47.92,same_owner,0.9207
986,214,microsoft/vscode-black-formatter,issue-triage.md,1,0.0574,976.0,microsoft/vscode-black-formatter,check-python-versions.md,4.81,0.8309,964.0,microsoft/vscode-pylint,issue-triage.md,0.7,0.0897,2349.0,Kong/kongctl,opened-issue-triage.md,10.6,same_owner,0.8309
987,214,microsoft/vscode-black-formatter,issue-triage.md,2,0.3114,979.0,microsoft/vscode-black-formatter,extension-template-sync.md,2.05,0.8128,964.0,microsoft/vscode-pylint,issue-triage.md,2.79,0.0928,2349.0,Kong/kongctl,opened-issue-triage.md,12.69,same_owner,0.8128
988,214,microsoft/vscode-black-formatter,issue-triage.md,3,0.2997,979.0,microsoft/vscode-black-formatter,extension-template-sync.md,5.98,0.8403,967.0,microsoft/vscode-pylint,issue-triage.md,0.0,0.0937,2349.0,Kong/kongctl,opened-issue-triage.md,16.62,same_owner,0.8403
989,214,microsoft/vscode-black-formatter,issue-triage.md,4,0.3101,981.0,microsoft/vscode-black-formatter,extension-template-sync.md,97.97,0.8798,1009.0,microsoft/vscode-isort,issue-triage.md,0.0,0.1078,2404.0,github/copilot-sdk,cross-repo-issue-analysis.md,96.71,same_owner,0.8798
990,214,microsoft/vscode-black-formatter,issue-triage.md,5,0.3101,981.0,microsoft/vscode-black-formatter,extension-template-sync.md,112.04,0.8798,1009.0,microsoft/vscode-isort,issue-triage.md,14.07,0.1078,2404.0,github/copilot-sdk,cross-repo-issue-analysis.md,110.78,same_owner,0.8798
991,215,py-why/dowhy,repo-assist.md,1,,,,,,,,,,,1.0,1440.0,fslaborg/Deedle,repo-assist.md,9.79,other_owner,1.0
992,215,py-why/dowhy,repo-assist.md,2,,,,,,,,,,,1.0,1440.0,fslaborg/Deedle,repo-assist.md,23.4,other_owner,1.0
993,215,py-why/dowhy,repo-assist.md,3,,,,,,,,,,,1.0,1440.0,fslaborg/Deedle,repo-assist.md,32.72,other_owner,1.0
994,215,py-why/dowhy,repo-assist.md,4,,,,,,,,,,,1.0,1440.0,fslaborg/Deedle,repo-assist.md,36.4,other_owner,1.0
995,216,microsoft/vscode-isort,check-python-versions.md,1,,,,,,0.0377,2460.0,microsoft/skills,update-llms-txt.md,19.68,0.0434,635.0,RustPython/RustPython,upgrade-pylib.md,3.8,other_owner,0.0434
996,216,microsoft/vscode-isort,check-python-versions.md,2,,,,,,0.9259,953.0,microsoft/vscode-pylint,check-python-versions.md,2.1,0.0419,635.0,RustPython/RustPython,upgrade-pylib.md,5.91,same_owner,0.9259
997,216,microsoft/vscode-isort,check-python-versions.md,3,0.0855,1000.0,microsoft/vscode-isort,extension-template-sync.md,102.0,1.0,954.0,microsoft/vscode-pylint,check-python-versions.md,105.68,0.1572,1876.0,carlkidcrypto/ezsnmp,python_version_watcher.md,36.81,same_owner,1.0
998,216,microsoft/vscode-isort,check-python-versions.md,4,0.0855,1000.0,microsoft/vscode-isort,extension-template-sync.md,116.07,1.0,954.0,microsoft/vscode-pylint,check-python-versions.md,119.75,0.1572,1876.0,carlkidcrypto/ezsnmp,python_version_watcher.md,50.89,same_owner,1.0
999,217,microsoft/vscode-isort,extension-template-sync.md,1,0.2951,1006.0,microsoft/vscode-isort,issue-triage.md,0.04,0.9233,979.0,microsoft/vscode-black-formatter,extension-template-sync.md,0.0,0.0743,2505.0,chimon2000/good_first_issue,code-simplifier.md,13.03,same_owner,0.9233
1000,217,microsoft/vscode-isort,extension-template-sync.md,2,0.2941,1006.0,microsoft/vscode-isort,issue-triage.md,1.99,0.9407,1148.0,microsoft/vscode-mypy,extension-template-sync.md,0.0,0.0757,2103.0,githubnext/agentics,daily-workflow-sync.md,24.71,same_owner,0.9407
1001,217,microsoft/vscode-isort,extension-template-sync.md,3,0.3092,1006.0,microsoft/vscode-isort,issue-triage.md,6.02,0.9264,1149.0,microsoft/vscode-mypy,extension-template-sync.md,0.0,0.0712,2103.0,githubnext/agentics,daily-workflow-sync.md,28.74,same_owner,0.9264
1002,217,microsoft/vscode-isort,extension-template-sync.md,4,0.305,1006.0,microsoft/vscode-isort,issue-triage.md,23.22,0.9337,1150.0,microsoft/vscode-mypy,extension-template-sync.md,0.14,0.0743,2433.0,github/copilot-sdk,release-changelog.md,17.25,same_owner,0.9337
1003,217,microsoft/vscode-isort,extension-template-sync.md,5,0.3011,1006.0,microsoft/vscode-isort,issue-triage.md,26.94,0.9132,1150.0,microsoft/vscode-mypy,extension-template-sync.md,3.86,0.0755,2433.0,github/copilot-sdk,release-changelog.md,20.97,same_owner,0.9132
1004,217,microsoft/vscode-isort,extension-template-sync.md,6,0.3011,1006.0,microsoft/vscode-isort,issue-triage.md,103.98,0.9354,1151.0,microsoft/vscode-mypy,extension-template-sync.md,76.7,0.0793,2683.0,dotnet/maui-labs,pr-docs-check.md,33.84,same_owner,0.9354
1005,217,microsoft/vscode-isort,extension-template-sync.md,7,0.3011,1006.0,microsoft/vscode-isort,issue-triage.md,118.06,0.9354,1151.0,microsoft/vscode-mypy,extension-template-sync.md,90.78,0.0793,2683.0,dotnet/maui-labs,pr-docs-check.md,47.92,same_owner,0.9354
1006,218,microsoft/vscode-isort,issue-triage.md,1,0.0585,995.0,microsoft/vscode-isort,check-python-versions.md,7.85,0.8193,964.0,microsoft/vscode-pylint,issue-triage.md,0.7,0.0908,2349.0,Kong/kongctl,opened-issue-triage.md,10.6,same_owner,0.8193
1007,218,microsoft/vscode-isort,issue-triage.md,2,0.2891,999.0,microsoft/vscode-isort,extension-template-sync.md,2.05,0.8422,1155.0,microsoft/vscode-mypy,issue-triage.md,0.0,0.0938,2349.0,Kong/kongctl,opened-issue-triage.md,12.69,same_owner,0.8422
1008,218,microsoft/vscode-isort,issue-triage.md,3,0.2769,1000.0,microsoft/vscode-isort,extension-template-sync.md,4.03,0.8403,1156.0,microsoft/vscode-mypy,issue-triage.md,0.0,0.0948,2349.0,Kong/kongctl,opened-issue-triage.md,16.62,same_owner,0.8403
1009,218,microsoft/vscode-isort,issue-triage.md,4,0.2901,1001.0,microsoft/vscode-isort,extension-template-sync.md,97.97,0.7611,1156.0,microsoft/vscode-mypy,issue-triage.md,97.97,0.1064,2404.0,github/copilot-sdk,cross-repo-issue-analysis.md,96.71,same_owner,0.7611
1010,218,microsoft/vscode-isort,issue-triage.md,5,0.2901,1001.0,microsoft/vscode-isort,extension-template-sync.md,112.04,0.8812,1157.0,microsoft/vscode-mypy,issue-triage.md,14.07,0.1064,2404.0,github/copilot-sdk,cross-repo-issue-analysis.md,110.78,same_owner,0.8812
1011,219,pulumi/pulumi-oci,gh-aw-pr-rereview.md,1,,,,,,,,,,,,,,,,,
1012,220,pulumi/pulumi-oci,gh-aw-pr-review.md,1,,,,,,,,,,,,,,,,,
1013,221,NikiforovAll/keycloak-authorization-services-dotnet,keybot.md,1,,,,,,,,,,,0.3953,1645.0,fsprojects/FSharp.Data.SqlClient,repo-assist.md,21.55,other_owner,0.3953
1014,221,NikiforovAll/keycloak-authorization-services-dotnet,keybot.md,2,,,,,,,,,,,0.3953,1645.0,fsprojects/FSharp.Data.SqlClient,repo-assist.md,21.57,other_owner,0.3953
1015,221,NikiforovAll/keycloak-authorization-services-dotnet,keybot.md,3,,,,,,,,,,,0.3953,1645.0,fsprojects/FSharp.Data.SqlClient,repo-assist.md,21.58,other_owner,0.3953
1016,221,NikiforovAll/keycloak-authorization-services-dotnet,keybot.md,4,,,,,,,,,,,0.3914,1645.0,fsprojects/FSharp.Data.SqlClient,repo-assist.md,36.25,other_owner,0.3914
1017,221,NikiforovAll/keycloak-authorization-services-dotnet,keybot.md,5,,,,,,,,,,,0.3914,1645.0,fsprojects/FSharp.Data.SqlClient,repo-assist.md,55.67,other_owner,0.3914
1018,222,getindata/kedro-vertexai,dependabot-fix.md,1,,,,,,,,,,,0.0598,1459.0,ionide/ionide-vscode-fsharp,repo-assist.md,21.69,other_owner,0.0598
1019,223,getindata/kedro-vertexai,dependabot-review.md,1,0.2116,1018.0,getindata/kedro-vertexai,dependabot-fix.md,6.03,,,,,,0.068,2224.0,drehelis/gcp-emulator-ui,check-emulator-updates.md,32.95,same_repo,0.2116
1020,224,baizhiheizi/quill,accessibility-review.md,1,0.0545,1043.0,baizhiheizi/quill,repo-assist.md,1.83,,,,,,0.5571,1341.0,rancher/dashboard,daily-accessibility-review.md,62.55,other_owner,0.5571
1021,224,baizhiheizi/quill,accessibility-review.md,2,0.0545,1043.0,baizhiheizi/quill,repo-assist.md,6.98,,,,,,0.5571,1341.0,rancher/dashboard,daily-accessibility-review.md,67.71,other_owner,0.5571
1022,224,baizhiheizi/quill,accessibility-review.md,3,0.0331,1043.0,baizhiheizi/quill,repo-assist.md,7.12,,,,,,0.7334,1341.0,rancher/dashboard,daily-accessibility-review.md,67.85,other_owner,0.7334
1023,225,baizhiheizi/quill,agentic-wiki-writer.md,1,0.0625,1043.0,baizhiheizi/quill,repo-assist.md,1.83,,,,,,0.0841,1258.0,microsoft/aspire,milestone-changelog.md,35.71,other_owner,0.0841
1024,225,baizhiheizi/quill,agentic-wiki-writer.md,2,0.0625,1043.0,baizhiheizi/quill,repo-assist.md,6.98,,,,,,0.0841,1258.0,microsoft/aspire,milestone-changelog.md,40.86,other_owner,0.0841
1025,226,baizhiheizi/quill,code-simplifier.md,1,0.0769,1050.0,baizhiheizi/quill,test-improver.md,8.6,,,,,,0.8716,2323.0,Kong/kongctl,code-simplifier.md,113.87,other_owner,0.8716
1026,226,baizhiheizi/quill,code-simplifier.md,2,0.086,1031.0,baizhiheizi/quill,large-file-simplifier.md,5.16,,,,,,0.8716,2323.0,Kong/kongctl,code-simplifier.md,119.02,other_owner,0.8716
1027,227,baizhiheizi/quill,discussion-task-miner.md,1,0.0778,1043.0,baizhiheizi/quill,repo-assist.md,6.51,,,,,,0.0786,1489.0,fsprojects/fantomas,repo-assist.md,99.58,other_owner,0.0786
1028,227,baizhiheizi/quill,discussion-task-miner.md,2,0.0778,1043.0,baizhiheizi/quill,repo-assist.md,6.98,,,,,,0.0786,1489.0,fsprojects/fantomas,repo-assist.md,100.05,other_owner,0.0786
1029,228,baizhiheizi/quill,efficiency-improver.md,1,0.532,1035.0,baizhiheizi/quill,perf-improver.md,10.33,,,,,,1.0,159.0,Shazwazza/Articulate,efficiency-improver.md,15.11,other_owner,1.0
1030,228,baizhiheizi/quill,efficiency-improver.md,2,0.532,1035.0,baizhiheizi/quill,perf-improver.md,15.49,,,,,,1.0,159.0,Shazwazza/Articulate,efficiency-improver.md,20.27,other_owner,1.0
1031,229,baizhiheizi/quill,large-file-simplifier.md,1,0.0476,1050.0,baizhiheizi/quill,test-improver.md,8.6,,,,,,0.2896,2261.0,YousefHadder/markdown-plus.nvim,daily-file-diet.md,94.59,other_owner,0.2896
1032,229,baizhiheizi/quill,large-file-simplifier.md,2,0.086,1025.0,baizhiheizi/quill,code-simplifier.md,5.16,,,,,,0.2896,2261.0,YousefHadder/markdown-plus.nvim,daily-file-diet.md,99.75,other_owner,0.2896
1033,230,baizhiheizi/quill,malicious-code-scan.md,1,0.0422,1043.0,baizhiheizi/quill,repo-assist.md,1.83,,,,,,0.0927,2764.0,dotnet/skills,pr-malicious-scan.agent.md,6.07,other_owner,0.0927
1034,230,baizhiheizi/quill,malicious-code-scan.md,2,0.0687,1025.0,baizhiheizi/quill,code-simplifier.md,5.16,,,,,,0.0927,2764.0,dotnet/skills,pr-malicious-scan.agent.md,11.23,other_owner,0.0927
1035,231,baizhiheizi/quill,perf-improver.md,1,,,,,,,,,,,0.5352,1132.0,talk2MeGooseman/stream_closed_captioner_phoenix,daily-test-improver.md,48.44,other_owner,0.5352
1036,231,baizhiheizi/quill,perf-improver.md,2,,,,,,,,,,,0.5352,1132.0,talk2MeGooseman/stream_closed_captioner_phoenix,daily-test-improver.md,48.44,other_owner,0.5352
1037,231,baizhiheizi/quill,perf-improver.md,3,0.5354,1050.0,baizhiheizi/quill,test-improver.md,4.75,,,,,,0.5352,1132.0,talk2MeGooseman/stream_closed_captioner_phoenix,daily-test-improver.md,54.91,same_repo,0.5354
1038,231,baizhiheizi/quill,perf-improver.md,4,0.5354,1050.0,baizhiheizi/quill,test-improver.md,6.78,,,,,,0.5352,1132.0,talk2MeGooseman/stream_closed_captioner_phoenix,daily-test-improver.md,56.94,same_repo,0.5354
1039,231,baizhiheizi/quill,perf-improver.md,5,0.5354,1050.0,baizhiheizi/quill,test-improver.md,8.6,,,,,,0.5352,1132.0,talk2MeGooseman/stream_closed_captioner_phoenix,daily-test-improver.md,58.77,same_repo,0.5354
1040,231,baizhiheizi/quill,perf-improver.md,6,0.5354,1050.0,baizhiheizi/quill,test-improver.md,13.76,,,,,,0.5352,1132.0,talk2MeGooseman/stream_closed_captioner_phoenix,daily-test-improver.md,63.93,same_repo,0.5354
1041,232,baizhiheizi/quill,pr-fix.md,1,0.0825,1043.0,baizhiheizi/quill,repo-assist.md,1.85,,,,,,0.7727,1376.0,rancher/dashboard,pr-fix.md,62.57,other_owner,0.7727
1042,232,baizhiheizi/quill,pr-fix.md,2,0.0825,1043.0,baizhiheizi/quill,repo-assist.md,6.98,,,,,,0.7727,1376.0,rancher/dashboard,pr-fix.md,67.71,other_owner,0.7727
1043,233,baizhiheizi/quill,repo-assist.md,1,0.3694,1050.0,baizhiheizi/quill,test-improver.md,6.78,,,,,,1.0,1449.0,fslaborg/Deedle,repo-assist.md,29.56,other_owner,1.0
1044,233,baizhiheizi/quill,repo-assist.md,2,0.3694,1050.0,baizhiheizi/quill,test-improver.md,8.6,,,,,,1.0,1449.0,fslaborg/Deedle,repo-assist.md,31.39,other_owner,1.0
1045,233,baizhiheizi/quill,repo-assist.md,3,0.3694,1050.0,baizhiheizi/quill,test-improver.md,13.76,,,,,,1.0,1449.0,fslaborg/Deedle,repo-assist.md,36.54,other_owner,1.0
1046,234,baizhiheizi/quill,repository-quality-improver.md,1,0.0569,1035.0,baizhiheizi/quill,perf-improver.md,10.33,,,,,,1.0,1133.0,talk2MeGooseman/stream_closed_captioner_phoenix,repository-quality-improver.md,58.77,other_owner,1.0
1047,234,baizhiheizi/quill,repository-quality-improver.md,2,0.0797,1031.0,baizhiheizi/quill,large-file-simplifier.md,5.16,,,,,,1.0,1133.0,talk2MeGooseman/stream_closed_captioner_phoenix,repository-quality-improver.md,63.93,other_owner,1.0
1048,235,baizhiheizi/quill,sub-issue-closer.md,1,0.0482,1043.0,baizhiheizi/quill,repo-assist.md,1.83,,,,,,0.0735,2084.0,microsoft/wassette,plan.md,209.64,other_owner,0.0735
1049,235,baizhiheizi/quill,sub-issue-closer.md,2,0.0482,1043.0,baizhiheizi/quill,repo-assist.md,6.98,,,,,,0.0735,2084.0,microsoft/wassette,plan.md,214.79,other_owner,0.0735
1050,236,baizhiheizi/quill,test-improver.md,1,0.5354,1035.0,baizhiheizi/quill,perf-improver.md,1.73,,,,,,0.9997,1132.0,talk2MeGooseman/stream_closed_captioner_phoenix,daily-test-improver.md,50.17,other_owner,0.9997
1051,236,baizhiheizi/quill,test-improver.md,2,0.5354,1035.0,baizhiheizi/quill,perf-improver.md,1.85,,,,,,0.9997,1132.0,talk2MeGooseman/stream_closed_captioner_phoenix,daily-test-improver.md,50.3,other_owner,0.9997
1052,236,baizhiheizi/quill,test-improver.md,3,0.5354,1035.0,baizhiheizi/quill,perf-improver.md,6.47,,,,,,0.9997,1132.0,talk2MeGooseman/stream_closed_captioner_phoenix,daily-test-improver.md,54.91,other_owner,0.9997
1053,236,baizhiheizi/quill,test-improver.md,4,0.5354,1035.0,baizhiheizi/quill,perf-improver.md,8.5,,,,,,0.9997,1132.0,talk2MeGooseman/stream_closed_captioner_phoenix,daily-test-improver.md,56.94,other_owner,0.9997
1054,236,baizhiheizi/quill,test-improver.md,5,0.5354,1035.0,baizhiheizi/quill,perf-improver.md,10.33,,,,,,0.9997,1132.0,talk2MeGooseman/stream_closed_captioner_phoenix,daily-test-improver.md,58.77,other_owner,0.9997
1055,236,baizhiheizi/quill,test-improver.md,6,0.5354,1035.0,baizhiheizi/quill,perf-improver.md,15.49,,,,,,0.9997,1132.0,talk2MeGooseman/stream_closed_captioner_phoenix,daily-test-improver.md,63.93,other_owner,0.9997
1056,237,baizhiheizi/quill,unbloat-docs.md,1,0.0586,1043.0,baizhiheizi/quill,repo-assist.md,1.83,,,,,,0.0711,322.0,storybookjs/storybook,code-simplifier.md,94.09,other_owner,0.0711
1057,237,baizhiheizi/quill,unbloat-docs.md,2,0.0671,1025.0,baizhiheizi/quill,code-simplifier.md,5.16,,,,,,0.0711,322.0,storybookjs/storybook,code-simplifier.md,99.25,other_owner,0.0711
1058,238,baizhiheizi/quill,weekly-research.md,1,0.0289,1050.0,baizhiheizi/quill,test-improver.md,8.6,,,,,,0.0838,2580.0,zircote/rlm-rs,daily-qa.md,112.78,other_owner,0.0838
1059,238,baizhiheizi/quill,weekly-research.md,2,0.0363,1020.0,baizhiheizi/quill,accessibility-review.md,5.16,,,,,,0.0838,2580.0,zircote/rlm-rs,daily-qa.md,117.93,other_owner,0.0838
1060,239,microsoft/security-devops-action,ci-doctor.md,1,0.0867,1072.0,microsoft/security-devops-action,msdo-issue-assistant.md,25.39,0.1261,2590.0,microsoft/agentrc,ci-doctor.md,16.64,0.1257,2577.0,zircote/rlm-rs,ci-doctor.md,27.53,same_owner,0.1261
1061,239,microsoft/security-devops-action,ci-doctor.md,2,0.0867,1072.0,microsoft/security-devops-action,msdo-issue-assistant.md,25.5,0.1261,2590.0,microsoft/agentrc,ci-doctor.md,16.76,0.1257,2577.0,zircote/rlm-rs,ci-doctor.md,27.65,same_owner,0.1261
1062,239,microsoft/security-devops-action,ci-doctor.md,3,0.0867,1072.0,microsoft/security-devops-action,msdo-issue-assistant.md,25.64,0.1261,2590.0,microsoft/agentrc,ci-doctor.md,16.9,0.1257,2577.0,zircote/rlm-rs,ci-doctor.md,27.79,same_owner,0.1261
1063,239,microsoft/security-devops-action,ci-doctor.md,4,0.0867,1072.0,microsoft/security-devops-action,msdo-issue-assistant.md,30.16,0.1261,2590.0,microsoft/agentrc,ci-doctor.md,21.41,0.1257,2577.0,zircote/rlm-rs,ci-doctor.md,32.3,same_owner,0.1261
1064,239,microsoft/security-devops-action,ci-doctor.md,5,0.1016,1066.0,microsoft/security-devops-action,msdo-breach-monitor.md,33.87,0.1261,2590.0,microsoft/agentrc,ci-doctor.md,55.3,0.126,937.0,anweiss/cddl,ci-doctor.md,17.51,same_owner,0.1261
1065,239,microsoft/security-devops-action,ci-doctor.md,6,0.1016,1066.0,microsoft/security-devops-action,msdo-breach-monitor.md,33.9,0.1261,2590.0,microsoft/agentrc,ci-doctor.md,55.32,0.126,937.0,anweiss/cddl,ci-doctor.md,17.53,same_owner,0.1261
1066,240,microsoft/security-devops-action,msdo-breach-monitor.md,1,0.1141,1072.0,microsoft/security-devops-action,msdo-issue-assistant.md,30.17,0.0512,1002.0,microsoft/vscode-isort,extension-template-sync.md,0.45,0.0454,1419.0,dotnet/fsharp,repo-assist.md,4.86,same_repo,0.1141
1067,240,microsoft/security-devops-action,msdo-breach-monitor.md,2,0.1065,1074.0,microsoft/security-devops-action,msdo-issue-assistant.md,26.78,0.0536,1007.0,microsoft/vscode-isort,issue-triage.md,22.78,0.0525,2698.0,dotnet/skills,devops-health-check.md,18.27,same_repo,0.1065
1068,240,microsoft/security-devops-action,msdo-breach-monitor.md,3,0.1065,1074.0,microsoft/security-devops-action,msdo-issue-assistant.md,27.48,0.0536,1007.0,microsoft/vscode-isort,issue-triage.md,23.49,0.0525,2698.0,dotnet/skills,devops-health-check.md,18.98,same_repo,0.1065
1069,240,microsoft/security-devops-action,msdo-breach-monitor.md,4,0.1058,1074.0,microsoft/security-devops-action,msdo-issue-assistant.md,27.86,0.0533,1007.0,microsoft/vscode-isort,issue-triage.md,23.86,0.0529,2698.0,dotnet/skills,devops-health-check.md,19.35,same_repo,0.1058
1070,240,microsoft/security-devops-action,msdo-breach-monitor.md,5,0.1058,1074.0,microsoft/security-devops-action,msdo-issue-assistant.md,59.46,0.081,2657.0,microsoft/physical-ai-toolchain,aw-dependabot-pr-review.md,3.62,0.0557,2532.0,PureWeen/PolyPilot,dep-update.md,5.35,same_repo,0.1058
1071,240,microsoft/security-devops-action,msdo-breach-monitor.md,6,0.1058,1074.0,microsoft/security-devops-action,msdo-issue-assistant.md,59.49,0.081,2657.0,microsoft/physical-ai-toolchain,aw-dependabot-pr-review.md,3.65,0.0557,2532.0,PureWeen/PolyPilot,dep-update.md,5.38,same_repo,0.1058
1072,241,microsoft/security-devops-action,msdo-issue-assistant.md,1,,,,,,0.0581,2083.0,microsoft/wassette,issue-triage.md,120.11,0.0755,2351.0,Kong/kongctl,opened-issue-triage.md,4.07,other_owner,0.0755
1073,241,microsoft/security-devops-action,msdo-issue-assistant.md,2,,,,,,0.0581,2083.0,microsoft/wassette,issue-triage.md,124.66,0.0755,2351.0,Kong/kongctl,opened-issue-triage.md,8.62,other_owner,0.0755
1074,241,microsoft/security-devops-action,msdo-issue-assistant.md,3,,,,,,0.0584,2083.0,microsoft/wassette,issue-triage.md,124.7,0.0757,2351.0,Kong/kongctl,opened-issue-triage.md,8.66,other_owner,0.0757
1075,241,microsoft/security-devops-action,msdo-issue-assistant.md,4,,,,,,0.0621,1154.0,microsoft/vscode-mypy,issue-triage.md,0.03,0.0757,2351.0,Kong/kongctl,opened-issue-triage.md,10.6,other_owner,0.0757
1076,241,microsoft/security-devops-action,msdo-issue-assistant.md,5,,,,,,0.0624,1155.0,microsoft/vscode-mypy,issue-triage.md,3.87,0.0776,2373.0,Kong/kongctl,slash-cmd-issue-triage.md,16.53,other_owner,0.0776
1077,241,microsoft/security-devops-action,msdo-issue-assistant.md,6,0.0857,1060.0,microsoft/security-devops-action,ci-doctor.md,4.77,0.0626,1156.0,microsoft/vscode-mypy,issue-triage.md,17.65,0.0776,2373.0,Kong/kongctl,slash-cmd-issue-triage.md,34.23,same_repo,0.0857
1078,241,microsoft/security-devops-action,msdo-issue-assistant.md,7,0.1109,1066.0,microsoft/security-devops-action,msdo-breach-monitor.md,22.84,0.0571,1008.0,microsoft/vscode-isort,issue-triage.md,40.5,0.068,2373.0,Kong/kongctl,slash-cmd-issue-triage.md,57.09,same_repo,0.1109
1079,241,microsoft/security-devops-action,msdo-issue-assistant.md,8,0.1103,1066.0,microsoft/security-devops-action,msdo-breach-monitor.md,33.87,0.0579,1007.0,microsoft/vscode-isort,issue-triage.md,55.46,0.0697,2373.0,Kong/kongctl,slash-cmd-issue-triage.md,68.12,same_repo,0.1103
1080,241,microsoft/security-devops-action,msdo-issue-assistant.md,9,0.1093,1066.0,microsoft/security-devops-action,msdo-breach-monitor.md,33.9,0.0573,1007.0,microsoft/vscode-isort,issue-triage.md,55.49,0.0693,2373.0,Kong/kongctl,slash-cmd-issue-triage.md,68.14,same_repo,0.1093
1081,241,microsoft/security-devops-action,msdo-issue-assistant.md,10,0.1092,1066.0,microsoft/security-devops-action,msdo-breach-monitor.md,33.9,0.0572,1007.0,microsoft/vscode-isort,issue-triage.md,55.49,0.0692,2373.0,Kong/kongctl,slash-cmd-issue-triage.md,68.15,same_repo,0.1092
1082,242,Azure/azure-dev,extension-pr-labeler.md,1,,,,,,0.0595,200.0,Azure/azure-sdk-for-net,issue-triage.md,71.03,0.0718,55.0,dotnet/maui,agentic-labeler.md,5.09,other_owner,0.0718
1083,242,Azure/azure-dev,extension-pr-labeler.md,2,0.0339,1084.0,Azure/azure-dev,update-instructions-from-pr-reviews.md,2.07,0.0597,200.0,Azure/azure-sdk-for-net,issue-triage.md,101.19,0.0749,55.0,dotnet/maui,agentic-labeler.md,35.25,other_owner,0.0749
1084,243,Azure/azure-dev,update-instructions-from-pr-reviews.md,1,0.0406,1082.0,Azure/azure-dev,extension-pr-labeler.md,28.1,0.0674,223.0,Azure/azure-sdk-for-net,mgmt-review.md,13.71,0.0785,1276.0,microsoft/aspire,pr-docs-check.md,41.0,other_owner,0.0785
1085,243,Azure/azure-dev,update-instructions-from-pr-reviews.md,2,0.0406,1082.0,Azure/azure-dev,extension-pr-labeler.md,30.17,0.0674,223.0,Azure/azure-sdk-for-net,mgmt-review.md,15.77,0.0785,1276.0,microsoft/aspire,pr-docs-check.md,43.06,other_owner,0.0785
1086,244,libxengine/XEngine_Authorize,auto-code.md,1,0.0304,1099.0,libxengine/XEngine_Authorize,issue-triage.md,2.99,,,,,,0.0352,1166.0,runhey/OnmyojiAutoScript,issue-handle-enhancement.md,2.65,other_owner,0.0352
1087,244,libxengine/XEngine_Authorize,auto-code.md,2,0.0305,1103.0,libxengine/XEngine_Authorize,issue-triage.md,45.93,,,,,,0.0353,1166.0,runhey/OnmyojiAutoScript,issue-handle-enhancement.md,48.57,other_owner,0.0353
1088,244,libxengine/XEngine_Authorize,auto-code.md,3,0.0305,1103.0,libxengine/XEngine_Authorize,issue-triage.md,45.95,,,,,,0.0353,1166.0,runhey/OnmyojiAutoScript,issue-handle-enhancement.md,48.6,other_owner,0.0353
1089,244,libxengine/XEngine_Authorize,auto-code.md,4,0.0305,1103.0,libxengine/XEngine_Authorize,issue-triage.md,56.0,,,,,,0.0353,1166.0,runhey/OnmyojiAutoScript,issue-handle-enhancement.md,58.65,other_owner,0.0353
1090,244,libxengine/XEngine_Authorize,auto-code.md,5,0.0305,1103.0,libxengine/XEngine_Authorize,issue-triage.md,56.69,,,,,,0.0353,1166.0,runhey/OnmyojiAutoScript,issue-handle-enhancement.md,59.34,other_owner,0.0353
1091,244,libxengine/XEngine_Authorize,auto-code.md,6,0.0305,1103.0,libxengine/XEngine_Authorize,issue-triage.md,56.71,,,,,,0.0353,1166.0,runhey/OnmyojiAutoScript,issue-handle-enhancement.md,59.35,other_owner,0.0353
1092,244,libxengine/XEngine_Authorize,auto-code.md,7,0.0305,1103.0,libxengine/XEngine_Authorize,issue-triage.md,56.89,,,,,,0.0353,1166.0,runhey/OnmyojiAutoScript,issue-handle-enhancement.md,59.53,other_owner,0.0353
1093,244,libxengine/XEngine_Authorize,auto-code.md,8,0.0289,1103.0,libxengine/XEngine_Authorize,issue-triage.md,56.9,,,,,,0.0356,1166.0,runhey/OnmyojiAutoScript,issue-handle-enhancement.md,59.55,other_owner,0.0356
1094,244,libxengine/XEngine_Authorize,auto-code.md,9,0.0289,1103.0,libxengine/XEngine_Authorize,issue-triage.md,56.93,,,,,,0.0356,1166.0,runhey/OnmyojiAutoScript,issue-handle-enhancement.md,59.58,other_owner,0.0356
1095,244,libxengine/XEngine_Authorize,auto-code.md,10,0.0289,1103.0,libxengine/XEngine_Authorize,issue-triage.md,57.01,,,,,,0.0356,1166.0,runhey/OnmyojiAutoScript,issue-handle-enhancement.md,59.66,other_owner,0.0356
1096,244,libxengine/XEngine_Authorize,auto-code.md,11,0.0289,1103.0,libxengine/XEngine_Authorize,issue-triage.md,57.7,,,,,,0.0356,1166.0,runhey/OnmyojiAutoScript,issue-handle-enhancement.md,60.35,other_owner,0.0356
1097,244,libxengine/XEngine_Authorize,auto-code.md,12,0.0284,1103.0,libxengine/XEngine_Authorize,issue-triage.md,57.87,,,,,,0.035,1166.0,runhey/OnmyojiAutoScript,issue-handle-enhancement.md,60.52,other_owner,0.035
1098,244,libxengine/XEngine_Authorize,auto-code.md,13,0.0283,1103.0,libxengine/XEngine_Authorize,issue-triage.md,57.92,,,,,,0.0349,1166.0,runhey/OnmyojiAutoScript,issue-handle-enhancement.md,60.57,other_owner,0.0349
1099,245,libxengine/XEngine_Authorize,issue-triage.md,1,,,,,,,,,,,0.0192,2444.0,natnew/Awesome-Data-Science,issue-triage-agent.md,64.98,other_owner,0.0192
1100,245,libxengine/XEngine_Authorize,issue-triage.md,2,,,,,,,,,,,0.0192,2444.0,natnew/Awesome-Data-Science,issue-triage-agent.md,67.85,other_owner,0.0192
1101,245,libxengine/XEngine_Authorize,issue-triage.md,3,,,,,,,,,,,0.0192,2444.0,natnew/Awesome-Data-Science,issue-triage-agent.md,67.92,other_owner,0.0192
1102,245,libxengine/XEngine_Authorize,issue-triage.md,4,,,,,,,,,,,0.0192,2444.0,natnew/Awesome-Data-Science,issue-triage-agent.md,67.93,other_owner,0.0192
1103,245,libxengine/XEngine_Authorize,issue-triage.md,5,,,,,,,,,,,0.0193,2444.0,natnew/Awesome-Data-Science,issue-triage-agent.md,67.97,other_owner,0.0193
1104,245,libxengine/XEngine_Authorize,issue-triage.md,6,0.0305,1086.0,libxengine/XEngine_Authorize,auto-code.md,45.93,,,,,,0.0193,2444.0,natnew/Awesome-Data-Science,issue-triage-agent.md,113.89,same_repo,0.0305
1105,245,libxengine/XEngine_Authorize,issue-triage.md,7,0.0305,1087.0,libxengine/XEngine_Authorize,auto-code.md,0.02,,,,,,0.0193,2444.0,natnew/Awesome-Data-Science,issue-triage-agent.md,113.92,same_repo,0.0305
1106,245,libxengine/XEngine_Authorize,issue-triage.md,8,0.0305,1087.0,libxengine/XEngine_Authorize,auto-code.md,10.08,,,,,,0.0193,2444.0,natnew/Awesome-Data-Science,issue-triage-agent.md,123.97,same_repo,0.0305
1107,245,libxengine/XEngine_Authorize,issue-triage.md,9,0.0305,1087.0,libxengine/XEngine_Authorize,auto-code.md,10.77,,,,,,0.0193,2444.0,natnew/Awesome-Data-Science,issue-triage-agent.md,124.66,same_repo,0.0305
1108,245,libxengine/XEngine_Authorize,issue-triage.md,10,0.0305,1087.0,libxengine/XEngine_Authorize,auto-code.md,10.78,,,,,,0.0193,2444.0,natnew/Awesome-Data-Science,issue-triage-agent.md,124.67,same_repo,0.0305
1109,245,libxengine/XEngine_Authorize,issue-triage.md,11,0.0305,1087.0,libxengine/XEngine_Authorize,auto-code.md,10.79,,,,,,0.0193,2444.0,natnew/Awesome-Data-Science,issue-triage-agent.md,124.69,same_repo,0.0305
1110,245,libxengine/XEngine_Authorize,issue-triage.md,12,0.0305,1087.0,libxengine/XEngine_Authorize,auto-code.md,10.8,,,,,,0.0193,2444.0,natnew/Awesome-Data-Science,issue-triage-agent.md,124.69,same_repo,0.0305
1111,245,libxengine/XEngine_Authorize,issue-triage.md,13,0.0305,1087.0,libxengine/XEngine_Authorize,auto-code.md,10.83,,,,,,0.0193,2444.0,natnew/Awesome-Data-Science,issue-triage-agent.md,124.72,same_repo,0.0305
1112,245,libxengine/XEngine_Authorize,issue-triage.md,14,0.0305,1087.0,libxengine/XEngine_Authorize,auto-code.md,10.84,,,,,,0.0193,2444.0,natnew/Awesome-Data-Science,issue-triage-agent.md,124.73,same_repo,0.0305
1113,245,libxengine/XEngine_Authorize,issue-triage.md,15,0.0305,1087.0,libxengine/XEngine_Authorize,auto-code.md,10.94,,,,,,0.0193,2444.0,natnew/Awesome-Data-Science,issue-triage-agent.md,124.83,same_repo,0.0305
1114,245,libxengine/XEngine_Authorize,issue-triage.md,16,0.0305,1087.0,libxengine/XEngine_Authorize,auto-code.md,10.95,,,,,,0.0193,2444.0,natnew/Awesome-Data-Science,issue-triage-agent.md,124.84,same_repo,0.0305
1115,245,libxengine/XEngine_Authorize,issue-triage.md,17,0.0305,1087.0,libxengine/XEngine_Authorize,auto-code.md,10.96,,,,,,0.0193,2444.0,natnew/Awesome-Data-Science,issue-triage-agent.md,124.85,same_repo,0.0305
1116,245,libxengine/XEngine_Authorize,issue-triage.md,18,0.0305,1087.0,libxengine/XEngine_Authorize,auto-code.md,10.97,,,,,,0.0192,2444.0,natnew/Awesome-Data-Science,issue-triage-agent.md,124.86,same_repo,0.0305
1117,245,libxengine/XEngine_Authorize,issue-triage.md,19,0.0305,1087.0,libxengine/XEngine_Authorize,auto-code.md,11.01,,,,,,0.0192,2444.0,natnew/Awesome-Data-Science,issue-triage-agent.md,124.9,same_repo,0.0305
1118,245,libxengine/XEngine_Authorize,issue-triage.md,20,0.0305,1087.0,libxengine/XEngine_Authorize,auto-code.md,11.78,,,,,,0.0192,2444.0,natnew/Awesome-Data-Science,issue-triage-agent.md,125.67,same_repo,0.0305
1119,246,pulumi/pulumi-aiven,gh-aw-pr-rereview.md,1,,,,,,,,,,,,,,,,,
1120,247,pulumi/pulumi-aiven,gh-aw-pr-review.md,1,,,,,,,,,,,,,,,,,
1121,248,pulumi/pulumi-tailscale,gh-aw-pr-rereview.md,1,,,,,,,,,,,,,,,,,
1122,249,pulumi/pulumi-tailscale,gh-aw-pr-review.md,1,,,,,,,,,,,,,,,,,
1123,250,pulumi/pulumi-kubernetes-cert-manager,gh-aw-pr-rereview.md,1,,,,,,,,,,,,,,,,,
1124,251,pulumi/pulumi-kubernetes-cert-manager,gh-aw-pr-review.md,1,,,,,,,,,,,,,,,,,
1125,252,talk2MeGooseman/stream_closed_captioner_phoenix,daily-test-improver.md,1,,,,,,,,,,,1.0,562.0,lablup/backend.ai-webui,daily-test-improver.md,54.65,other_owner,1.0
1126,252,talk2MeGooseman/stream_closed_captioner_phoenix,daily-test-improver.md,2,,,,,,,,,,,1.0,562.0,lablup/backend.ai-webui,daily-test-improver.md,54.65,other_owner,1.0
1127,252,talk2MeGooseman/stream_closed_captioner_phoenix,daily-test-improver.md,3,,,,,,,,,,,1.0,562.0,lablup/backend.ai-webui,daily-test-improver.md,54.65,other_owner,1.0
1128,252,talk2MeGooseman/stream_closed_captioner_phoenix,daily-test-improver.md,4,,,,,,,,,,,1.0,562.0,lablup/backend.ai-webui,daily-test-improver.md,54.92,other_owner,1.0
1129,252,talk2MeGooseman/stream_closed_captioner_phoenix,daily-test-improver.md,5,,,,,,,,,,,1.0,562.0,lablup/backend.ai-webui,daily-test-improver.md,55.27,other_owner,1.0
1130,252,talk2MeGooseman/stream_closed_captioner_phoenix,daily-test-improver.md,6,,,,,,,,,,,0.4299,1457.0,ionide/ionide-vscode-fsharp,repo-assist.md,4.62,other_owner,0.4299
1131,252,talk2MeGooseman/stream_closed_captioner_phoenix,daily-test-improver.md,7,,,,,,,,,,,0.4299,1457.0,ionide/ionide-vscode-fsharp,repo-assist.md,4.7,other_owner,0.4299
1132,252,talk2MeGooseman/stream_closed_captioner_phoenix,daily-test-improver.md,8,,,,,,,,,,,0.957,1361.0,rancher/dashboard,daily-test-improver.md,3.78,other_owner,0.957
1133,253,talk2MeGooseman/stream_closed_captioner_phoenix,repository-quality-improver.md,1,0.0537,1130.0,talk2MeGooseman/stream_closed_captioner_phoenix,daily-test-improver.md,42.34,,,,,,0.0746,2261.0,YousefHadder/markdown-plus.nvim,daily-file-diet.md,35.82,other_owner,0.0746
1134,254,pulumi/pulumi-mongodbatlas,gh-aw-pr-rereview.md,1,,,,,,,,,,,,,,,,,
1135,255,pulumi/pulumi-mongodbatlas,gh-aw-pr-review.md,1,,,,,,,,,,,,,,,,,
1136,256,pulumi/pulumi-kafka,gh-aw-pr-rereview.md,1,,,,,,,,,,,,,,,,,
1137,257,pulumi/pulumi-kafka,gh-aw-pr-review.md,1,,,,,,,,,,,,,,,,,
1138,258,pulumi/pulumi-newrelic,gh-aw-pr-rereview.md,1,,,,,,,,,,,,,,,,,
1139,259,pulumi/pulumi-newrelic,gh-aw-pr-review.md,1,,,,,,,,,,,,,,,,,
1140,260,microsoft/pylance-release,issue-assignment.md,1,,,,,,0.0473,2083.0,microsoft/wassette,issue-triage.md,114.77,0.0474,500.0,appwrite/appwrite,issue-triage.md,108.78,other_owner,0.0474
1141,261,pulumi/pulumi-pulumiservice,gh-aw-pr-rereview.md,1,,,,,,,,,,,,,,,,,
1142,262,pulumi/pulumi-pulumiservice,gh-aw-pr-review.md,1,,,,,,,,,,,,,,,,,
1143,263,microsoft/vscode-mypy,check-python-versions.md,1,,,,,,1.0,995.0,microsoft/vscode-isort,check-python-versions.md,0.0,0.0434,635.0,RustPython/RustPython,upgrade-pylib.md,3.8,same_owner,1.0
1144,263,microsoft/vscode-mypy,check-python-versions.md,2,,,,,,1.0,996.0,microsoft/vscode-isort,check-python-versions.md,4.02,0.0467,1684.0,fsprojects/FSharp.Control.AsyncSeq,repo-assist.md,0.2,same_owner,1.0
1145,263,microsoft/vscode-mypy,check-python-versions.md,3,0.0864,1148.0,microsoft/vscode-mypy,extension-template-sync.md,102.0,1.0,954.0,microsoft/vscode-pylint,check-python-versions.md,105.68,0.1572,1876.0,carlkidcrypto/ezsnmp,python_version_watcher.md,36.81,same_owner,1.0
1146,263,microsoft/vscode-mypy,check-python-versions.md,4,0.0864,1148.0,microsoft/vscode-mypy,extension-template-sync.md,116.08,1.0,954.0,microsoft/vscode-pylint,check-python-versions.md,119.76,0.1572,1876.0,carlkidcrypto/ezsnmp,python_version_watcher.md,50.89,same_owner,1.0
1147,264,microsoft/vscode-mypy,extension-template-sync.md,1,0.2858,1154.0,microsoft/vscode-mypy,issue-triage.md,0.26,0.9387,999.0,microsoft/vscode-isort,extension-template-sync.md,0.22,0.0737,2103.0,githubnext/agentics,daily-workflow-sync.md,22.98,same_owner,0.9387
1148,264,microsoft/vscode-mypy,extension-template-sync.md,2,0.2849,1154.0,microsoft/vscode-mypy,issue-triage.md,1.98,0.9168,958.0,microsoft/vscode-pylint,extension-template-sync.md,0.0,0.0756,2103.0,githubnext/agentics,daily-workflow-sync.md,24.71,same_owner,0.9168
1149,264,microsoft/vscode-mypy,extension-template-sync.md,3,0.2994,1154.0,microsoft/vscode-mypy,issue-triage.md,6.02,0.8973,959.0,microsoft/vscode-pylint,extension-template-sync.md,0.0,0.0711,2103.0,githubnext/agentics,daily-workflow-sync.md,28.74,same_owner,0.8973
1150,264,microsoft/vscode-mypy,extension-template-sync.md,4,0.2957,1154.0,microsoft/vscode-mypy,issue-triage.md,23.09,0.8699,1001.0,microsoft/vscode-isort,extension-template-sync.md,17.07,0.0752,2433.0,github/copilot-sdk,release-changelog.md,17.11,same_owner,0.8699
1151,264,microsoft/vscode-mypy,extension-template-sync.md,5,0.2919,1154.0,microsoft/vscode-mypy,issue-triage.md,27.28,0.9354,1003.0,microsoft/vscode-isort,extension-template-sync.md,0.34,0.0764,2433.0,github/copilot-sdk,release-changelog.md,21.31,same_owner,0.9354
1152,264,microsoft/vscode-mypy,extension-template-sync.md,6,0.2919,1154.0,microsoft/vscode-mypy,issue-triage.md,103.99,0.9354,1003.0,microsoft/vscode-isort,extension-template-sync.md,77.04,0.0797,2683.0,dotnet/maui-labs,pr-docs-check.md,33.84,same_owner,0.9354
1153,264,microsoft/vscode-mypy,extension-template-sync.md,7,0.2919,1154.0,microsoft/vscode-mypy,issue-triage.md,118.06,0.9354,1003.0,microsoft/vscode-isort,extension-template-sync.md,91.12,0.0797,2683.0,dotnet/maui-labs,pr-docs-check.md,47.92,same_owner,0.9354
1154,265,microsoft/vscode-mypy,issue-triage.md,1,0.0613,1143.0,microsoft/vscode-mypy,check-python-versions.md,7.85,0.8306,1006.0,microsoft/vscode-isort,issue-triage.md,0.0,0.0922,2349.0,Kong/kongctl,opened-issue-triage.md,10.6,same_owner,0.8306
1155,265,microsoft/vscode-mypy,issue-triage.md,2,0.2801,1148.0,microsoft/vscode-mypy,extension-template-sync.md,0.1,0.837,987.0,microsoft/vscode-black-formatter,issue-triage.md,0.0,0.0952,2349.0,Kong/kongctl,opened-issue-triage.md,12.69,same_owner,0.837
1156,265,microsoft/vscode-mypy,issue-triage.md,3,0.2676,1148.0,microsoft/vscode-mypy,extension-template-sync.md,4.03,0.8371,967.0,microsoft/vscode-pylint,issue-triage.md,0.0,0.0962,2349.0,Kong/kongctl,opened-issue-triage.md,16.62,same_owner,0.8371
1157,265,microsoft/vscode-mypy,issue-triage.md,4,0.2813,1149.0,microsoft/vscode-mypy,extension-template-sync.md,97.97,0.8812,1009.0,microsoft/vscode-isort,issue-triage.md,0.0,0.108,2404.0,github/copilot-sdk,cross-repo-issue-analysis.md,96.71,same_owner,0.8812
1158,265,microsoft/vscode-mypy,issue-triage.md,5,0.2813,1149.0,microsoft/vscode-mypy,extension-template-sync.md,112.04,0.8812,1009.0,microsoft/vscode-isort,issue-triage.md,14.08,0.108,2404.0,github/copilot-sdk,cross-repo-issue-analysis.md,110.78,same_owner,0.8812
1159,266,Alfresco/alfresco-build-tools,supply-chain-review.md,1,,,,,,,,,,,0.0988,1069.0,microsoft/security-devops-action,msdo-breach-monitor.md,65.89,other_owner,0.0988
1160,266,Alfresco/alfresco-build-tools,supply-chain-review.md,2,,,,,,,,,,,0.0988,1069.0,microsoft/security-devops-action,msdo-breach-monitor.md,66.76,other_owner,0.0988
1161,266,Alfresco/alfresco-build-tools,supply-chain-review.md,3,,,,,,,,,,,0.0988,1069.0,microsoft/security-devops-action,msdo-breach-monitor.md,66.86,other_owner,0.0988
1162,266,Alfresco/alfresco-build-tools,supply-chain-review.md,4,,,,,,0.9974,318.0,Alfresco/alfresco-ng2-components,supply-chain-review.md,5.05,0.9974,11.0,Activiti/activiti-cloud,supply-chain-review.md,5.02,same_owner,0.9974
1163,266,Alfresco/alfresco-build-tools,supply-chain-review.md,5,,,,,,0.9749,319.0,Alfresco/alfresco-ng2-components,supply-chain-review.md,6.13,0.9749,12.0,Activiti/activiti-cloud,supply-chain-review.md,6.09,same_owner,0.9749
1164,267,runhey/OnmyojiAutoScript,issue-handle-bug.md,1,,,,,,,,,,,0.0185,2374.0,Kong/kongctl,slash-cmd-issue-triage.md,10.11,other_owner,0.0185
1165,267,runhey/OnmyojiAutoScript,issue-handle-bug.md,2,0.3911,1166.0,runhey/OnmyojiAutoScript,issue-handle-enhancement.md,18.95,,,,,,0.027,1086.0,libxengine/XEngine_Authorize,auto-code.md,16.31,same_repo,0.3911
1166,268,runhey/OnmyojiAutoScript,issue-handle-enhancement.md,1,,,,,,,,,,,0.0262,2374.0,Kong/kongctl,slash-cmd-issue-triage.md,10.11,other_owner,0.0262
1167,268,runhey/OnmyojiAutoScript,issue-handle-enhancement.md,2,0.4858,1172.0,runhey/OnmyojiAutoScript,issue-handle-question.md,4.94,,,,,,0.0352,1086.0,libxengine/XEngine_Authorize,auto-code.md,2.29,same_repo,0.4858
1168,268,runhey/OnmyojiAutoScript,issue-handle-enhancement.md,3,0.4858,1172.0,runhey/OnmyojiAutoScript,issue-handle-question.md,18.95,,,,,,0.0352,1086.0,libxengine/XEngine_Authorize,auto-code.md,16.31,same_repo,0.4858
1169,269,runhey/OnmyojiAutoScript,issue-handle-other.md,1,,,,,,,,,,,0.0246,2374.0,Kong/kongctl,slash-cmd-issue-triage.md,10.11,other_owner,0.0246
1170,269,runhey/OnmyojiAutoScript,issue-handle-other.md,2,0.3936,1172.0,runhey/OnmyojiAutoScript,issue-handle-question.md,4.94,,,,,,0.0274,1086.0,libxengine/XEngine_Authorize,auto-code.md,2.29,same_repo,0.3936
1171,269,runhey/OnmyojiAutoScript,issue-handle-other.md,3,0.3936,1172.0,runhey/OnmyojiAutoScript,issue-handle-question.md,18.95,,,,,,0.0274,1086.0,libxengine/XEngine_Authorize,auto-code.md,16.31,same_repo,0.3936
1172,270,runhey/OnmyojiAutoScript,issue-handle-question.md,1,,,,,,,,,,,0.0248,2374.0,Kong/kongctl,slash-cmd-issue-triage.md,10.11,other_owner,0.0248
1173,270,runhey/OnmyojiAutoScript,issue-handle-question.md,2,0.2558,1169.0,runhey/OnmyojiAutoScript,issue-handle-other.md,4.94,,,,,,0.0229,1086.0,libxengine/XEngine_Authorize,auto-code.md,2.29,same_repo,0.2558
1174,270,runhey/OnmyojiAutoScript,issue-handle-question.md,3,0.2558,1169.0,runhey/OnmyojiAutoScript,issue-handle-other.md,18.95,,,,,,0.0229,1086.0,libxengine/XEngine_Authorize,auto-code.md,16.31,same_repo,0.2558
1175,271,runhey/OnmyojiAutoScript,issue-triage.md,1,,,,,,,,,,,0.0333,952.0,prowler-cloud/prowler,issue-triage.md,60.11,other_owner,0.0333
1176,271,runhey/OnmyojiAutoScript,issue-triage.md,2,0.1627,1169.0,runhey/OnmyojiAutoScript,issue-handle-other.md,4.94,,,,,,0.0294,1086.0,libxengine/XEngine_Authorize,auto-code.md,2.29,same_repo,0.1627
1177,272,runhey/OnmyojiAutoScript,pr-review-checklist.md,1,0.2232,1182.0,runhey/OnmyojiAutoScript,pr-review-intent.md,1.71,,,,,,0.0638,2080.0,microsoft/wassette,changelog-pr-link.md,191.13,same_repo,0.2232
1178,272,runhey/OnmyojiAutoScript,pr-review-checklist.md,2,0.2208,1182.0,runhey/OnmyojiAutoScript,pr-review-intent.md,1.73,,,,,,0.0766,2080.0,microsoft/wassette,changelog-pr-link.md,191.15,same_repo,0.2208
1179,272,runhey/OnmyojiAutoScript,pr-review-checklist.md,3,0.2208,1182.0,runhey/OnmyojiAutoScript,pr-review-intent.md,2.54,,,,,,0.0766,2080.0,microsoft/wassette,changelog-pr-link.md,191.96,same_repo,0.2208
1180,272,runhey/OnmyojiAutoScript,pr-review-checklist.md,4,0.2189,1182.0,runhey/OnmyojiAutoScript,pr-review-intent.md,4.72,,,,,,0.0772,2080.0,microsoft/wassette,changelog-pr-link.md,194.14,same_repo,0.2189
1181,272,runhey/OnmyojiAutoScript,pr-review-checklist.md,5,0.1653,1182.0,runhey/OnmyojiAutoScript,pr-review-intent.md,4.88,,,,,,0.0606,2080.0,microsoft/wassette,changelog-pr-link.md,194.3,same_repo,0.1653
1182,273,runhey/OnmyojiAutoScript,pr-review-intent.md,1,0.0397,1175.0,runhey/OnmyojiAutoScript,issue-triage.md,4.94,,,,,,0.0549,2080.0,microsoft/wassette,changelog-pr-link.md,189.42,other_owner,0.0549
1183,273,runhey/OnmyojiAutoScript,pr-review-intent.md,2,0.0395,1176.0,runhey/OnmyojiAutoScript,issue-triage.md,1.71,,,,,,0.054,2080.0,microsoft/wassette,changelog-pr-link.md,191.13,other_owner,0.054
1184,273,runhey/OnmyojiAutoScript,pr-review-intent.md,3,0.2192,1177.0,runhey/OnmyojiAutoScript,pr-review-checklist.md,0.83,,,,,,0.054,2080.0,microsoft/wassette,changelog-pr-link.md,191.96,same_repo,0.2192
1185,273,runhey/OnmyojiAutoScript,pr-review-intent.md,4,0.2174,1177.0,runhey/OnmyojiAutoScript,pr-review-checklist.md,3.01,,,,,,0.0544,2080.0,microsoft/wassette,changelog-pr-link.md,194.14,same_repo,0.2174
1186,273,runhey/OnmyojiAutoScript,pr-review-intent.md,5,0.2189,1180.0,runhey/OnmyojiAutoScript,pr-review-checklist.md,0.16,,,,,,0.0544,2080.0,microsoft/wassette,changelog-pr-link.md,194.3,same_repo,0.2189
1187,274,runhey/OnmyojiAutoScript,weekly-report.md,1,0.0409,1175.0,runhey/OnmyojiAutoScript,issue-triage.md,9.66,,,,,,0.0247,2206.0,kubestellar/docs,maintainer-metrics.md,33.36,same_repo,0.0409
1188,274,runhey/OnmyojiAutoScript,weekly-report.md,2,0.0373,1183.0,runhey/OnmyojiAutoScript,pr-review-intent.md,3.17,,,,,,0.0238,2206.0,kubestellar/docs,maintainer-metrics.md,33.52,same_repo,0.0373
1189,274,runhey/OnmyojiAutoScript,weekly-report.md,3,0.0373,1183.0,runhey/OnmyojiAutoScript,pr-review-intent.md,40.71,,,,,,0.0238,2206.0,kubestellar/docs,maintainer-metrics.md,71.06,same_repo,0.0373
1190,275,sytone/obsidian-queryallthethings,code-simplifier.md,1,,,,,,,,,,,0.9664,2505.0,chimon2000/good_first_issue,code-simplifier.md,14.27,other_owner,0.9664
1191,276,pulumi/pulumi-snowflake,gh-aw-pr-rereview.md,1,,,,,,,,,,,,,,,,,
1192,277,pulumi/pulumi-snowflake,gh-aw-pr-review.md,1,,,,,,,,,,,,,,,,,
1193,278,pulumi/pulumi-azure-native,azure-native-pr-rereview.md,1,,,,,,,,,,,,,,,,,
1194,279,pulumi/pulumi-azure-native,azure-native-pr-review.md,1,,,,,,,,,,,,,,,,,
1195,280,Azure/LogicAppsUX,daily-repo-status.md,1,,,,,,,,,,,1.0,2.0,apache/cloudstack,daily-repo-status.md,7.03,other_owner,1.0
1196,281,Azure/LogicAppsUX,issue-triage-agent.md,1,0.0171,1195.0,Azure/LogicAppsUX,daily-repo-status.md,36.21,0.0675,200.0,Azure/azure-sdk-for-net,issue-triage.md,22.17,0.0973,307.0,microsoft/pxt-arcade,triage.md,119.07,other_owner,0.0973
1197,281,Azure/LogicAppsUX,issue-triage-agent.md,2,0.1511,1199.0,Azure/LogicAppsUX,issue-triage-feedback.md,0.24,0.0675,200.0,Azure/azure-sdk-for-net,issue-triage.md,22.41,0.0973,307.0,microsoft/pxt-arcade,triage.md,119.32,same_repo,0.1511
1198,281,Azure/LogicAppsUX,issue-triage-agent.md,3,0.1288,1199.0,Azure/LogicAppsUX,issue-triage-feedback.md,7.0,0.0693,200.0,Azure/azure-sdk-for-net,issue-triage.md,29.17,0.1003,1156.0,microsoft/vscode-mypy,issue-triage.md,36.11,same_repo,0.1288
1199,282,Azure/LogicAppsUX,issue-triage-feedback.md,1,0.0124,1195.0,Azure/LogicAppsUX,daily-repo-status.md,36.21,0.0527,203.0,Azure/azure-sdk-for-net,issue-triage.md,14.91,0.0649,2349.0,Kong/kongctl,opened-issue-triage.md,45.73,other_owner,0.0649
1200,282,Azure/LogicAppsUX,issue-triage-feedback.md,2,0.1571,1196.0,Azure/LogicAppsUX,issue-triage-agent.md,7.0,0.0511,210.0,Azure/azure-sdk-for-net,issue-triage.md,4.05,0.0636,2349.0,Kong/kongctl,opened-issue-triage.md,52.73,same_repo,0.1571
1201,283,microsoft/typespec,bump-tcgc-csharp.md,1,0.0991,1208.0,microsoft/typespec,issue-triage.md,0.29,0.0511,1151.0,microsoft/vscode-mypy,extension-template-sync.md,33.84,0.0812,2610.0,henrybravo/docker-sandbox-run-copilot,check-copilot-version.md,16.57,same_repo,0.0991
1202,283,microsoft/typespec,bump-tcgc-csharp.md,2,0.0991,1208.0,microsoft/typespec,issue-triage.md,1.04,0.0511,1151.0,microsoft/vscode-mypy,extension-template-sync.md,34.58,0.0812,2610.0,henrybravo/docker-sandbox-run-copilot,check-copilot-version.md,17.31,same_repo,0.0991
1203,283,microsoft/typespec,bump-tcgc-csharp.md,3,0.0991,1208.0,microsoft/typespec,issue-triage.md,1.11,0.0511,1151.0,microsoft/vscode-mypy,extension-template-sync.md,34.66,0.0812,2610.0,henrybravo/docker-sandbox-run-copilot,check-copilot-version.md,17.39,same_repo,0.0991
1204,283,microsoft/typespec,bump-tcgc-csharp.md,4,0.0991,1208.0,microsoft/typespec,issue-triage.md,58.32,0.0511,1151.0,microsoft/vscode-mypy,extension-template-sync.md,91.87,0.0812,2610.0,henrybravo/docker-sandbox-run-copilot,check-copilot-version.md,74.59,same_repo,0.0991
1205,284,microsoft/typespec,issue-triage.md,1,,,,,,0.1881,2083.0,microsoft/wassette,issue-triage.md,180.45,0.2059,242.0,taosdata/TDengine,issue-triage.md,55.16,other_owner,0.2059
1206,284,microsoft/typespec,issue-triage.md,2,,,,,,0.1881,2083.0,microsoft/wassette,issue-triage.md,181.81,0.2059,242.0,taosdata/TDengine,issue-triage.md,56.52,other_owner,0.2059
1207,284,microsoft/typespec,issue-triage.md,3,,,,,,0.1782,2083.0,microsoft/wassette,issue-triage.md,187.4,0.1984,242.0,taosdata/TDengine,issue-triage.md,62.12,other_owner,0.1984
1208,284,microsoft/typespec,issue-triage.md,4,,,,,,0.1761,2083.0,microsoft/wassette,issue-triage.md,187.44,0.1962,242.0,taosdata/TDengine,issue-triage.md,62.15,other_owner,0.1962
1209,284,microsoft/typespec,issue-triage.md,5,0.0991,1201.0,microsoft/typespec,bump-tcgc-csharp.md,0.75,0.1761,2083.0,microsoft/wassette,issue-triage.md,188.48,0.1962,242.0,taosdata/TDengine,issue-triage.md,63.19,other_owner,0.1962
1210,284,microsoft/typespec,issue-triage.md,6,0.0991,1201.0,microsoft/typespec,bump-tcgc-csharp.md,3.6,0.1761,2083.0,microsoft/wassette,issue-triage.md,191.34,0.1962,242.0,taosdata/TDengine,issue-triage.md,66.05,other_owner,0.1962
1211,284,microsoft/typespec,issue-triage.md,7,0.0991,1201.0,microsoft/typespec,bump-tcgc-csharp.md,39.04,0.1761,2083.0,microsoft/wassette,issue-triage.md,226.77,0.1962,242.0,taosdata/TDengine,issue-triage.md,101.48,other_owner,0.1962
1212,284,microsoft/typespec,issue-triage.md,8,0.0991,1201.0,microsoft/typespec,bump-tcgc-csharp.md,58.03,0.1761,2083.0,microsoft/wassette,issue-triage.md,245.76,0.1962,242.0,taosdata/TDengine,issue-triage.md,120.47,other_owner,0.1962
1213,285,Keboo/DotnetTemplates,update-dependencies.md,1,,,,,,,,,,,0.0774,1970.0,CommunityToolkit/Aspire,aspire-upgrade.md,20.0,other_owner,0.0774
1214,285,Keboo/DotnetTemplates,update-dependencies.md,2,,,,,,,,,,,0.0774,1970.0,CommunityToolkit/Aspire,aspire-upgrade.md,28.73,other_owner,0.0774
1215,285,Keboo/DotnetTemplates,update-dependencies.md,3,,,,,,,,,,,0.0765,1970.0,CommunityToolkit/Aspire,aspire-upgrade.md,28.74,other_owner,0.0765
1216,285,Keboo/DotnetTemplates,update-dependencies.md,4,,,,,,,,,,,0.0985,2534.0,PureWeen/PolyPilot,dep-update.md,19.53,other_owner,0.0985
1217,285,Keboo/DotnetTemplates,update-dependencies.md,5,,,,,,,,,,,0.0985,2534.0,PureWeen/PolyPilot,dep-update.md,24.99,other_owner,0.0985
1218,286,home-assistant/core,check-requirements.md,1,,,,,,,,,,,0.0722,1852.0,carlkidcrypto/ezsnmp,auto_release_notes.md,55.03,other_owner,0.0722
1219,286,home-assistant/core,check-requirements.md,2,,,,,,,,,,,0.0722,1852.0,carlkidcrypto/ezsnmp,auto_release_notes.md,55.17,other_owner,0.0722
1220,286,home-assistant/core,check-requirements.md,3,,,,,,,,,,,0.0738,1852.0,carlkidcrypto/ezsnmp,auto_release_notes.md,55.99,other_owner,0.0738
1221,286,home-assistant/core,check-requirements.md,4,,,,,,,,,,,0.0724,1278.0,microsoft/aspire,pr-docs-check.md,6.06,other_owner,0.0724
1222,286,home-assistant/core,check-requirements.md,5,,,,,,,,,,,0.0645,1285.0,microsoft/aspire,release-notes-generate.md,1.75,other_owner,0.0645
1223,286,home-assistant/core,check-requirements.md,6,,,,,,,,,,,0.0646,1285.0,microsoft/aspire,release-notes-generate.md,2.05,other_owner,0.0646
1224,286,home-assistant/core,check-requirements.md,7,,,,,,,,,,,0.0663,1285.0,microsoft/aspire,release-notes-generate.md,2.06,other_owner,0.0663
1225,286,home-assistant/core,check-requirements.md,8,,,,,,,,,,,0.0563,2765.0,dotnet/skills,pr-malicious-scan.agent.md,7.17,other_owner,0.0563
1226,286,home-assistant/core,check-requirements.md,9,,,,,,,,,,,0.0759,2764.0,dotnet/skills,pr-malicious-scan.agent.md,7.82,other_owner,0.0759
1227,286,home-assistant/core,check-requirements.md,10,,,,,,,,,,,0.0766,2765.0,dotnet/skills,pr-malicious-scan.agent.md,11.12,other_owner,0.0766
1228,286,home-assistant/core,check-requirements.md,11,,,,,,,,,,,0.0759,2764.0,dotnet/skills,pr-malicious-scan.agent.md,12.54,other_owner,0.0759
1229,286,home-assistant/core,check-requirements.md,12,,,,,,,,,,,0.0759,2764.0,dotnet/skills,pr-malicious-scan.agent.md,14.48,other_owner,0.0759
1230,286,home-assistant/core,check-requirements.md,13,,,,,,,,,,,0.0759,2764.0,dotnet/skills,pr-malicious-scan.agent.md,21.78,other_owner,0.0759
1231,287,unipept/unipept,dependency-update.md,1,,,,,,,,,,,0.0723,1213.0,Keboo/DotnetTemplates,update-dependencies.md,55.28,other_owner,0.0723
1232,287,unipept/unipept,dependency-update.md,2,,,,,,,,,,,0.072,1213.0,Keboo/DotnetTemplates,update-dependencies.md,55.31,other_owner,0.072
1233,287,unipept/unipept,dependency-update.md,3,,,,,,,,,,,0.072,1213.0,Keboo/DotnetTemplates,update-dependencies.md,55.34,other_owner,0.072
1234,288,pulumi/pulumi-tls,gh-aw-pr-rereview.md,1,,,,,,,,,,,,,,,,,
1235,289,pulumi/pulumi-tls,gh-aw-pr-review.md,1,,,,,,,,,,,,,,,,,
1236,290,pulumi/pulumi-kubernetes-ingress-nginx,gh-aw-pr-rereview.md,1,,,,,,,,,,,,,,,,,
1237,291,pulumi/pulumi-kubernetes-ingress-nginx,gh-aw-pr-review.md,1,,,,,,,,,,,,,,,,,
1238,292,jonathanpeppers/dotnes,dotnes-reviewer.md,1,,,,,,,,,,,0.6454,1835.0,dotnet/android-tools,android-tools-reviewer.md,1.31,other_owner,0.6454
1239,293,dotnet/maintenance-packages,version-maintenance.md,1,,,,,,0.0355,2697.0,dotnet/skills,devops-health-check.md,6.06,0.0392,105.0,npgsql/efcore.pg,sync-to-latest-ef.md,4.29,other_owner,0.0392
1240,293,dotnet/maintenance-packages,version-maintenance.md,2,,,,,,0.0359,2704.0,dotnet/skills,devops-health-check.md,1.08,0.0414,105.0,npgsql/efcore.pg,sync-to-latest-ef.md,5.23,other_owner,0.0414
1241,293,dotnet/maintenance-packages,version-maintenance.md,3,,,,,,0.0359,2704.0,dotnet/skills,devops-health-check.md,9.16,0.0581,1970.0,CommunityToolkit/Aspire,aspire-upgrade.md,0.47,other_owner,0.0581
1242,294,microsoft/aspire,daily-repo-status.md,1,,,,,,1.0,513.0,microsoft/Web-Dev-For-Beginners,daily-repo-status.md,11.1,1.0,2.0,apache/cloudstack,daily-repo-status.md,0.11,same_owner,1.0
1243,294,microsoft/aspire,daily-repo-status.md,2,,,,,,0.0663,513.0,microsoft/Web-Dev-For-Beginners,daily-repo-status.md,12.42,0.1168,1300.0,stride3d/stride-community-toolkit,daily-activity-report.md,2.71,other_owner,0.1168
1244,294,microsoft/aspire,daily-repo-status.md,3,,,,,,0.0696,513.0,microsoft/Web-Dev-For-Beginners,daily-repo-status.md,14.22,0.1256,1300.0,stride3d/stride-community-toolkit,daily-activity-report.md,4.51,other_owner,0.1256
1245,294,microsoft/aspire,daily-repo-status.md,4,,,,,,0.0676,2494.0,microsoft/GitHub-Copilot-for-Azure,weekly-repo-status.md,4.92,0.1217,1300.0,stride3d/stride-community-toolkit,daily-activity-report.md,9.43,other_owner,0.1217
1246,294,microsoft/aspire,daily-repo-status.md,5,0.1238,1296.0,microsoft/aspire,repo-pulse.md,5.8,0.0676,2494.0,microsoft/GitHub-Copilot-for-Azure,weekly-repo-status.md,67.87,0.1217,1300.0,stride3d/stride-community-toolkit,daily-activity-report.md,72.38,same_repo,0.1238
1247,294,microsoft/aspire,daily-repo-status.md,6,0.1238,1296.0,microsoft/aspire,repo-pulse.md,55.03,0.0676,2494.0,microsoft/GitHub-Copilot-for-Azure,weekly-repo-status.md,117.09,0.1217,1300.0,stride3d/stride-community-toolkit,daily-activity-report.md,121.61,same_repo,0.1238
1248,294,microsoft/aspire,daily-repo-status.md,7,0.1238,1296.0,microsoft/aspire,repo-pulse.md,55.17,0.0676,2494.0,microsoft/GitHub-Copilot-for-Azure,weekly-repo-status.md,117.24,0.1217,1300.0,stride3d/stride-community-toolkit,daily-activity-report.md,121.75,same_repo,0.1238
1249,295,microsoft/aspire,extension-changelog.md,1,0.2612,1285.0,microsoft/aspire,release-notes-generate.md,11.87,0.0726,1148.0,microsoft/vscode-mypy,extension-template-sync.md,92.05,0.0855,2433.0,github/copilot-sdk,release-changelog.md,88.06,same_repo,0.2612
1250,295,microsoft/aspire,extension-changelog.md,2,0.2612,1285.0,microsoft/aspire,release-notes-generate.md,13.04,0.0726,1148.0,microsoft/vscode-mypy,extension-template-sync.md,93.22,0.0855,2433.0,github/copilot-sdk,release-changelog.md,89.23,same_repo,0.2612
1251,295,microsoft/aspire,extension-changelog.md,3,0.256,1285.0,microsoft/aspire,release-notes-generate.md,13.89,0.0751,2080.0,microsoft/wassette,changelog-pr-link.md,222.55,0.0854,2433.0,github/copilot-sdk,release-changelog.md,90.08,same_repo,0.256
1252,295,microsoft/aspire,extension-changelog.md,4,0.2498,1285.0,microsoft/aspire,release-notes-generate.md,15.0,0.0746,2080.0,microsoft/wassette,changelog-pr-link.md,223.66,0.0865,2433.0,github/copilot-sdk,release-changelog.md,91.2,same_repo,0.2498
1253,295,microsoft/aspire,extension-changelog.md,5,0.271,1287.0,microsoft/aspire,release-notes-generate.md,15.05,0.0746,2080.0,microsoft/wassette,changelog-pr-link.md,238.72,0.0865,2433.0,github/copilot-sdk,release-changelog.md,106.25,same_repo,0.271
1254,295,microsoft/aspire,extension-changelog.md,6,0.271,1287.0,microsoft/aspire,release-notes-generate.md,15.2,0.0746,2080.0,microsoft/wassette,changelog-pr-link.md,238.86,0.0865,2433.0,github/copilot-sdk,release-changelog.md,106.39,same_repo,0.271
1255,296,microsoft/aspire,milestone-changelog.md,1,0.1054,1245.0,microsoft/aspire,daily-repo-status.md,56.77,0.0723,1151.0,microsoft/vscode-mypy,extension-template-sync.md,29.54,0.0885,1457.0,ionide/ionide-vscode-fsharp,repo-assist.md,58.39,same_repo,0.1054
1256,296,microsoft/aspire,milestone-changelog.md,2,0.1008,1274.0,microsoft/aspire,pr-docs-check.md,10.49,0.0766,1151.0,microsoft/vscode-mypy,extension-template-sync.md,37.62,0.0854,1645.0,fsprojects/FSharp.Data.SqlClient,repo-assist.md,54.64,same_repo,0.1008
1257,296,microsoft/aspire,milestone-changelog.md,3,0.1049,1274.0,microsoft/aspire,pr-docs-check.md,12.97,0.0775,1151.0,microsoft/vscode-mypy,extension-template-sync.md,40.1,0.0866,2435.0,github/copilot-sdk,release-changelog.md,23.65,same_repo,0.1049
1258,296,microsoft/aspire,milestone-changelog.md,4,0.0974,1274.0,microsoft/aspire,pr-docs-check.md,14.04,0.0745,1151.0,microsoft/vscode-mypy,extension-template-sync.md,41.17,0.0911,1645.0,fsprojects/FSharp.Data.SqlClient,repo-assist.md,58.2,same_repo,0.0974
1259,296,microsoft/aspire,milestone-changelog.md,5,0.1052,1274.0,microsoft/aspire,pr-docs-check.md,14.98,0.0714,1151.0,microsoft/vscode-mypy,extension-template-sync.md,42.1,0.0865,1645.0,fsprojects/FSharp.Data.SqlClient,repo-assist.md,59.13,same_repo,0.1052
1260,296,microsoft/aspire,milestone-changelog.md,6,0.1072,1274.0,microsoft/aspire,pr-docs-check.md,20.23,0.0691,2080.0,microsoft/wassette,changelog-pr-link.md,201.14,0.0859,584.0,licensee/licensee,repo-assist.md,70.25,same_repo,0.1072
1261,296,microsoft/aspire,milestone-changelog.md,7,0.1072,1274.0,microsoft/aspire,pr-docs-check.md,21.17,0.0691,2080.0,microsoft/wassette,changelog-pr-link.md,202.07,0.0859,584.0,licensee/licensee,repo-assist.md,71.19,same_repo,0.1072
1262,296,microsoft/aspire,milestone-changelog.md,8,0.1076,1274.0,microsoft/aspire,pr-docs-check.md,23.44,0.0691,2080.0,microsoft/wassette,changelog-pr-link.md,204.34,0.086,584.0,licensee/licensee,repo-assist.md,73.46,same_repo,0.1076
1263,296,microsoft/aspire,milestone-changelog.md,9,0.1076,1274.0,microsoft/aspire,pr-docs-check.md,42.25,0.0691,2080.0,microsoft/wassette,changelog-pr-link.md,223.15,0.086,584.0,licensee/licensee,repo-assist.md,92.27,same_repo,0.1076
1264,296,microsoft/aspire,milestone-changelog.md,10,0.1083,1274.0,microsoft/aspire,pr-docs-check.md,42.76,0.0693,1151.0,microsoft/vscode-mypy,extension-template-sync.md,69.89,0.0865,1645.0,fsprojects/FSharp.Data.SqlClient,repo-assist.md,86.91,same_repo,0.1083
1265,296,microsoft/aspire,milestone-changelog.md,11,0.1083,1274.0,microsoft/aspire,pr-docs-check.md,43.44,0.0699,1151.0,microsoft/vscode-mypy,extension-template-sync.md,70.57,0.0865,1645.0,fsprojects/FSharp.Data.SqlClient,repo-assist.md,87.6,same_repo,0.1083
1266,296,microsoft/aspire,milestone-changelog.md,12,0.1083,1274.0,microsoft/aspire,pr-docs-check.md,57.82,0.0699,1151.0,microsoft/vscode-mypy,extension-template-sync.md,84.94,0.0865,1645.0,fsprojects/FSharp.Data.SqlClient,repo-assist.md,101.97,same_repo,0.1083
1267,296,microsoft/aspire,milestone-changelog.md,13,0.1083,1274.0,microsoft/aspire,pr-docs-check.md,57.96,0.0699,1151.0,microsoft/vscode-mypy,extension-template-sync.md,85.09,0.0865,1645.0,fsprojects/FSharp.Data.SqlClient,repo-assist.md,102.11,same_repo,0.1083
1268,297,microsoft/aspire,pr-docs-check.md,1,0.0379,1243.0,microsoft/aspire,daily-repo-status.md,47.04,0.1229,325.0,microsoft/pxt,documentation.md,117.29,0.1345,2214.0,kubestellar/docs,technical-doc-writer.md,111.25,other_owner,0.1345
1269,297,microsoft/aspire,pr-docs-check.md,2,0.0402,1243.0,microsoft/aspire,daily-repo-status.md,47.67,0.1177,2289.0,microsoft/apm,daily-doc-updater.md,41.77,0.132,2214.0,kubestellar/docs,technical-doc-writer.md,111.88,other_owner,0.132
1270,297,microsoft/aspire,pr-docs-check.md,3,0.0402,1243.0,microsoft/aspire,daily-repo-status.md,47.73,0.1177,2289.0,microsoft/apm,daily-doc-updater.md,41.83,0.132,2214.0,kubestellar/docs,technical-doc-writer.md,111.94,other_owner,0.132
1271,297,microsoft/aspire,pr-docs-check.md,4,0.0402,1243.0,microsoft/aspire,daily-repo-status.md,49.47,0.1177,2289.0,microsoft/apm,daily-doc-updater.md,43.57,0.132,2214.0,kubestellar/docs,technical-doc-writer.md,113.68,other_owner,0.132
1272,297,microsoft/aspire,pr-docs-check.md,5,0.0402,1243.0,microsoft/aspire,daily-repo-status.md,54.1,0.1177,2289.0,microsoft/apm,daily-doc-updater.md,48.2,0.132,2214.0,kubestellar/docs,technical-doc-writer.md,118.32,other_owner,0.132
1273,297,microsoft/aspire,pr-docs-check.md,6,0.041,1245.0,microsoft/aspire,daily-repo-status.md,48.19,0.1149,2289.0,microsoft/apm,daily-doc-updater.md,49.02,0.1281,2214.0,kubestellar/docs,technical-doc-writer.md,119.13,other_owner,0.1281
1274,297,microsoft/aspire,pr-docs-check.md,7,0.0775,1243.0,microsoft/aspire,daily-repo-status.md,61.09,0.0994,325.0,microsoft/pxt,documentation.md,131.34,0.1788,2678.0,dotnet/maui-labs,pr-docs-check.md,4.77,other_owner,0.1788
1275,297,microsoft/aspire,pr-docs-check.md,8,0.0991,1255.0,microsoft/aspire,milestone-changelog.md,4.52,0.0994,325.0,microsoft/pxt,documentation.md,138.27,0.1788,2678.0,dotnet/maui-labs,pr-docs-check.md,11.7,other_owner,0.1788
1276,297,microsoft/aspire,pr-docs-check.md,9,0.1038,1257.0,microsoft/aspire,milestone-changelog.md,3.71,0.0855,2289.0,microsoft/apm,daily-doc-updater.md,71.87,0.178,2681.0,dotnet/maui-labs,pr-docs-check.md,1.24,other_owner,0.178
1277,297,microsoft/aspire,pr-docs-check.md,10,0.1047,1291.0,microsoft/aspire,release-update-support-mdx.md,4.23,0.0821,2289.0,microsoft/apm,daily-doc-updater.md,76.1,0.1696,2681.0,dotnet/maui-labs,pr-docs-check.md,5.47,other_owner,0.1696
1278,297,microsoft/aspire,pr-docs-check.md,11,0.1045,1257.0,microsoft/aspire,milestone-changelog.md,9.6,0.0735,2137.0,microsoft/mcp,doc-gap-detector.md,6.84,0.1299,2681.0,dotnet/maui-labs,pr-docs-check.md,7.13,other_owner,0.1299
1279,297,microsoft/aspire,pr-docs-check.md,12,0.1045,1257.0,microsoft/aspire,milestone-changelog.md,23.33,0.0735,2137.0,microsoft/mcp,doc-gap-detector.md,20.57,0.1299,2681.0,dotnet/maui-labs,pr-docs-check.md,20.86,other_owner,0.1299
1280,297,microsoft/aspire,pr-docs-check.md,13,0.1051,1265.0,microsoft/aspire,milestone-changelog.md,14.37,0.0735,2137.0,microsoft/mcp,doc-gap-detector.md,42.09,0.1299,2681.0,dotnet/maui-labs,pr-docs-check.md,42.38,other_owner,0.1299
1281,297,microsoft/aspire,pr-docs-check.md,14,0.1051,1265.0,microsoft/aspire,milestone-changelog.md,14.51,0.0735,2137.0,microsoft/mcp,doc-gap-detector.md,42.23,0.1299,2681.0,dotnet/maui-labs,pr-docs-check.md,42.52,other_owner,0.1299
1282,297,microsoft/aspire,pr-docs-check.md,15,0.1051,1265.0,microsoft/aspire,milestone-changelog.md,22.18,0.0736,2137.0,microsoft/mcp,doc-gap-detector.md,49.89,0.1301,2681.0,dotnet/maui-labs,pr-docs-check.md,50.19,other_owner,0.1301
1283,297,microsoft/aspire,pr-docs-check.md,16,0.1015,1265.0,microsoft/aspire,milestone-changelog.md,23.35,0.0708,966.0,microsoft/vscode-pylint,issue-triage.md,119.12,0.1224,2681.0,dotnet/maui-labs,pr-docs-check.md,51.36,other_owner,0.1224
1284,298,microsoft/aspire,release-notes-generate.md,1,0.1888,1291.0,microsoft/aspire,release-update-support-mdx.md,7.26,0.0521,1151.0,microsoft/vscode-mypy,extension-template-sync.md,51.07,0.1088,2433.0,github/copilot-sdk,release-changelog.md,72.37,same_repo,0.1888
1285,298,microsoft/aspire,release-notes-generate.md,2,0.1809,1291.0,microsoft/aspire,release-update-support-mdx.md,11.08,0.0635,2313.0,microsoft/apm,triage-panel.md,11.08,0.1056,1853.0,carlkidcrypto/ezsnmp,auto_release_notes.md,53.3,same_repo,0.1809
1286,298,microsoft/aspire,release-notes-generate.md,3,0.1809,1291.0,microsoft/aspire,release-update-support-mdx.md,12.13,0.0635,2313.0,microsoft/apm,triage-panel.md,12.13,0.1056,1853.0,carlkidcrypto/ezsnmp,auto_release_notes.md,54.35,same_repo,0.1809
1287,298,microsoft/aspire,release-notes-generate.md,4,0.2603,1249.0,microsoft/aspire,extension-changelog.md,3.13,0.0637,2313.0,microsoft/apm,triage-panel.md,26.09,0.1059,1853.0,carlkidcrypto/ezsnmp,auto_release_notes.md,68.3,same_repo,0.2603
1288,298,microsoft/aspire,release-notes-generate.md,5,0.271,1252.0,microsoft/aspire,extension-changelog.md,0.96,0.0637,2313.0,microsoft/apm,triage-panel.md,27.04,0.1059,1853.0,carlkidcrypto/ezsnmp,auto_release_notes.md,69.26,same_repo,0.271
1289,298,microsoft/aspire,release-notes-generate.md,6,0.271,1252.0,microsoft/aspire,extension-changelog.md,15.05,0.0637,2313.0,microsoft/apm,triage-panel.md,41.14,0.1059,1853.0,carlkidcrypto/ezsnmp,auto_release_notes.md,83.36,same_repo,0.271
1290,298,microsoft/aspire,release-notes-generate.md,7,0.271,1252.0,microsoft/aspire,extension-changelog.md,15.2,0.0637,2313.0,microsoft/apm,triage-panel.md,41.28,0.1059,1853.0,carlkidcrypto/ezsnmp,auto_release_notes.md,83.5,same_repo,0.271
1291,299,microsoft/aspire,release-update-support-mdx.md,1,0.119,1274.0,microsoft/aspire,pr-docs-check.md,16.68,0.0685,953.0,microsoft/vscode-pylint,check-python-versions.md,78.93,0.0842,2048.0,svenjacobs/lokksmith,update-dependency-matrix.md,48.41,same_repo,0.119
1292,299,microsoft/aspire,release-update-support-mdx.md,2,0.1888,1284.0,microsoft/aspire,release-notes-generate.md,5.81,0.0685,953.0,microsoft/vscode-pylint,check-python-versions.md,92.0,0.0842,2048.0,svenjacobs/lokksmith,update-dependency-matrix.md,61.48,same_repo,0.1888
1293,299,microsoft/aspire,release-update-support-mdx.md,3,0.1888,1284.0,microsoft/aspire,release-notes-generate.md,19.78,0.0685,953.0,microsoft/vscode-pylint,check-python-versions.md,105.97,0.0842,2048.0,svenjacobs/lokksmith,update-dependency-matrix.md,75.45,same_repo,0.1888
1294,299,microsoft/aspire,release-update-support-mdx.md,4,0.1888,1284.0,microsoft/aspire,release-notes-generate.md,33.88,0.0685,953.0,microsoft/vscode-pylint,check-python-versions.md,120.07,0.0842,2048.0,svenjacobs/lokksmith,update-dependency-matrix.md,89.55,same_repo,0.1888
1295,299,microsoft/aspire,release-update-support-mdx.md,5,0.1888,1284.0,microsoft/aspire,release-notes-generate.md,34.02,0.0685,953.0,microsoft/vscode-pylint,check-python-versions.md,120.21,0.0842,2048.0,svenjacobs/lokksmith,update-dependency-matrix.md,89.69,same_repo,0.1888
1296,300,microsoft/aspire,repo-pulse.md,1,0.1279,1244.0,microsoft/aspire,daily-repo-status.md,62.07,0.0546,1151.0,microsoft/vscode-mypy,extension-template-sync.md,29.91,0.0839,1300.0,stride3d/stride-community-toolkit,daily-activity-report.md,66.58,same_repo,0.1279
1297,300,microsoft/aspire,repo-pulse.md,2,0.0962,1244.0,microsoft/aspire,daily-repo-status.md,66.0,0.0549,2306.0,microsoft/apm,triage-panel.md,1.21,0.0713,2725.0,dotnet/skills,devops-health-groom.md,18.11,same_repo,0.0962
1298,300,microsoft/aspire,repo-pulse.md,3,0.0962,1244.0,microsoft/aspire,daily-repo-status.md,117.1,0.0549,2306.0,microsoft/apm,triage-panel.md,52.31,0.0722,2730.0,dotnet/skills,devops-health-groom.md,37.2,same_repo,0.0962
1299,300,microsoft/aspire,repo-pulse.md,4,0.0962,1244.0,microsoft/aspire,daily-repo-status.md,117.25,0.0549,2306.0,microsoft/apm,triage-panel.md,52.45,0.0722,2730.0,dotnet/skills,devops-health-groom.md,37.34,same_repo,0.0962
1300,301,stride3d/stride-community-toolkit,daily-activity-report.md,1,,,,,,,,,,,0.0669,86.0,dotnet/maui,daily-repo-status.md,2.69,other_owner,0.0669
1301,301,stride3d/stride-community-toolkit,daily-activity-report.md,2,,,,,,,,,,,0.1194,1935.0,foxminchan/BookWorm,daily-repo-status.md,32.05,other_owner,0.1194
1302,301,stride3d/stride-community-toolkit,daily-activity-report.md,3,,,,,,,,,,,0.1241,1935.0,foxminchan/BookWorm,daily-repo-status.md,57.15,other_owner,0.1241
1303,302,clash-verge-rev/clash-verge-rev,pr-ai-slop-review.md,1,,,,,,,,,,,0.0586,1156.0,microsoft/vscode-mypy,issue-triage.md,13.99,other_owner,0.0586
1304,302,clash-verge-rev/clash-verge-rev,pr-ai-slop-review.md,2,,,,,,,,,,,1.0,2804.0,fqfqgo/clash-verge-rev,pr-ai-slop-review.md,5.93,other_owner,1.0
1305,302,clash-verge-rev/clash-verge-rev,pr-ai-slop-review.md,3,,,,,,,,,,,0.8442,2804.0,fqfqgo/clash-verge-rev,pr-ai-slop-review.md,8.83,other_owner,0.8442
1306,302,clash-verge-rev/clash-verge-rev,pr-ai-slop-review.md,4,,,,,,,,,,,1.0,2806.0,fqfqgo/clash-verge-rev,pr-ai-slop-review.md,18.82,other_owner,1.0
1307,302,clash-verge-rev/clash-verge-rev,pr-ai-slop-review.md,5,,,,,,,,,,,0.9268,2806.0,fqfqgo/clash-verge-rev,pr-ai-slop-review.md,26.09,other_owner,0.9268
1308,302,clash-verge-rev/clash-verge-rev,pr-ai-slop-review.md,6,,,,,,,,,,,0.9704,2808.0,fqfqgo/clash-verge-rev,pr-ai-slop-review.md,18.71,other_owner,0.9704
1309,302,clash-verge-rev/clash-verge-rev,pr-ai-slop-review.md,7,,,,,,,,,,,1.0,2809.0,fqfqgo/clash-verge-rev,pr-ai-slop-review.md,10.99,other_owner,1.0
1310,302,clash-verge-rev/clash-verge-rev,pr-ai-slop-review.md,8,,,,,,,,,,,1.0,2809.0,fqfqgo/clash-verge-rev,pr-ai-slop-review.md,11.05,other_owner,1.0
1311,302,clash-verge-rev/clash-verge-rev,pr-ai-slop-review.md,9,,,,,,,,,,,0.851,2809.0,fqfqgo/clash-verge-rev,pr-ai-slop-review.md,12.07,other_owner,0.851
1312,302,clash-verge-rev/clash-verge-rev,pr-ai-slop-review.md,10,,,,,,,,,,,0.851,2809.0,fqfqgo/clash-verge-rev,pr-ai-slop-review.md,12.08,other_owner,0.851
1313,302,clash-verge-rev/clash-verge-rev,pr-ai-slop-review.md,11,,,,,,,,,,,0.851,2809.0,fqfqgo/clash-verge-rev,pr-ai-slop-review.md,12.81,other_owner,0.851
1314,302,clash-verge-rev/clash-verge-rev,pr-ai-slop-review.md,12,,,,,,,,,,,0.8131,2809.0,fqfqgo/clash-verge-rev,pr-ai-slop-review.md,15.98,other_owner,0.8131
1315,302,clash-verge-rev/clash-verge-rev,pr-ai-slop-review.md,13,,,,,,,,,,,0.7022,2809.0,fqfqgo/clash-verge-rev,pr-ai-slop-review.md,23.17,other_owner,0.7022
1316,302,clash-verge-rev/clash-verge-rev,pr-ai-slop-review.md,14,,,,,,,,,,,0.7022,2809.0,fqfqgo/clash-verge-rev,pr-ai-slop-review.md,40.3,other_owner,0.7022
1317,303,pulumi/pulumi-databricks,gh-aw-pr-rereview.md,1,,,,,,,,,,,,,,,,,
1318,304,pulumi/pulumi-databricks,gh-aw-pr-review.md,1,,,,,,,,,,,,,,,,,
1319,305,openvinotoolkit/openvino.genai,ci-doctor.md,1,,,,,,,,,,,0.9541,2577.0,zircote/rlm-rs,ci-doctor.md,8.51,other_owner,0.9541
1320,305,openvinotoolkit/openvino.genai,ci-doctor.md,2,,,,,,,,,,,0.7133,2577.0,zircote/rlm-rs,ci-doctor.md,30.35,other_owner,0.7133
1321,305,openvinotoolkit/openvino.genai,ci-doctor.md,3,,,,,,,,,,,0.7133,2577.0,zircote/rlm-rs,ci-doctor.md,41.56,other_owner,0.7133
1322,305,openvinotoolkit/openvino.genai,ci-doctor.md,4,,,,,,,,,,,0.7133,2577.0,zircote/rlm-rs,ci-doctor.md,42.26,other_owner,0.7133
1323,305,openvinotoolkit/openvino.genai,ci-doctor.md,5,,,,,,,,,,,0.7834,937.0,anweiss/cddl,ci-doctor.md,0.87,other_owner,0.7834
1324,305,openvinotoolkit/openvino.genai,ci-doctor.md,6,,,,,,,,,,,0.7888,937.0,anweiss/cddl,ci-doctor.md,0.89,other_owner,0.7888
1325,305,openvinotoolkit/openvino.genai,ci-doctor.md,7,,,,,,,,,,,0.7888,937.0,anweiss/cddl,ci-doctor.md,7.5,other_owner,0.7888
1326,305,openvinotoolkit/openvino.genai,ci-doctor.md,8,,,,,,0.7367,255.0,openvinotoolkit/openvino,ci-doctor.md,1.06,0.7268,937.0,anweiss/cddl,ci-doctor.md,14.72,same_owner,0.7367
1327,306,pulumi/pulumi-nomad,gh-aw-pr-rereview.md,1,,,,,,,,,,,,,,,,,
1328,307,pulumi/pulumi-nomad,gh-aw-pr-review.md,1,,,,,,,,,,,,,,,,,
1329,308,GuyKh/iec-custom-component,issue-duplicate-finder.md,1,,,,,,,,,,,0.0822,508.0,appwrite/appwrite,issue-triage.md,99.82,other_owner,0.0822
1330,309,CliMA/ClimaAtmos.jl,pr-review.md,1,,,,,,,,,,,0.0908,620.0,pulumi/pulumi-terraform-bridge,terraform-bridge-pr-rereview.md,73.04,other_owner,0.0908
1331,309,CliMA/ClimaAtmos.jl,pr-review.md,2,,,,,,,,,,,0.0971,620.0,pulumi/pulumi-terraform-bridge,terraform-bridge-pr-rereview.md,73.14,other_owner,0.0971
1332,309,CliMA/ClimaAtmos.jl,pr-review.md,3,,,,,,,,,,,0.1075,495.0,ptarmiganlabs/butler-sos,grumpy-reviewer.md,4.76,other_owner,0.1075
1333,310,KunalSin9h/meltcd,daily-repo-status.md,1,,,,,,,,,,,1.0,2.0,apache/cloudstack,daily-repo-status.md,9.13,other_owner,1.0
1334,310,KunalSin9h/meltcd,daily-repo-status.md,2,,,,,,,,,,,1.0,2.0,apache/cloudstack,daily-repo-status.md,9.14,other_owner,1.0
1335,311,KunalSin9h/meltcd,new.md,1,,,,,,,,,,,,,,,,,
1336,311,KunalSin9h/meltcd,new.md,2,0.0056,1333.0,KunalSin9h/meltcd,daily-repo-status.md,0.51,,,,,,0.0263,685.0,evcc-io/evcc,triage-agent.md,34.57,other_owner,0.0263
1337,312,KunalSin9h/meltcd,safedep-on-pr.md,1,,,,,,,,,,,,,,,,,
1338,312,KunalSin9h/meltcd,safedep-on-pr.md,2,,,,,,,,,,,,,,,,,
1339,312,KunalSin9h/meltcd,safedep-on-pr.md,3,,,,,,,,,,,,,,,,,
1340,312,KunalSin9h/meltcd,safedep-on-pr.md,4,,,,,,,,,,,,,,,,,
1341,313,rancher/dashboard,daily-accessibility-review.md,1,0.0238,1353.0,rancher/dashboard,daily-issue-grooming.md,14.51,,,,,,0.0733,2580.0,zircote/rlm-rs,daily-qa.md,50.22,other_owner,0.0733
1342,313,rancher/dashboard,daily-accessibility-review.md,2,0.0418,1372.0,rancher/dashboard,issue-triage.md,1.31,,,,,,0.0733,2580.0,zircote/rlm-rs,daily-qa.md,51.53,other_owner,0.0733
1343,313,rancher/dashboard,daily-accessibility-review.md,3,0.0418,1372.0,rancher/dashboard,issue-triage.md,21.1,,,,,,0.0733,2580.0,zircote/rlm-rs,daily-qa.md,71.33,other_owner,0.0733
1344,313,rancher/dashboard,daily-accessibility-review.md,4,0.0418,1372.0,rancher/dashboard,issue-triage.md,33.01,,,,,,0.0733,2580.0,zircote/rlm-rs,daily-qa.md,83.23,other_owner,0.0733
1345,313,rancher/dashboard,daily-accessibility-review.md,5,0.0418,1372.0,rancher/dashboard,issue-triage.md,35.57,,,,,,0.0733,2580.0,zircote/rlm-rs,daily-qa.md,85.8,other_owner,0.0733
1346,313,rancher/dashboard,daily-accessibility-review.md,6,0.0418,1372.0,rancher/dashboard,issue-triage.md,36.4,,,,,,0.0733,2580.0,zircote/rlm-rs,daily-qa.md,86.62,other_owner,0.0733
1347,313,rancher/dashboard,daily-accessibility-review.md,7,0.0418,1372.0,rancher/dashboard,issue-triage.md,51.38,,,,,,0.0733,2580.0,zircote/rlm-rs,daily-qa.md,101.61,other_owner,0.0733
1348,314,rancher/dashboard,daily-issue-grooming.md,1,,,,,,,,,,,0.0717,1456.0,ionide/ionide-vscode-fsharp,repo-assist.md,11.02,other_owner,0.0717
1349,314,rancher/dashboard,daily-issue-grooming.md,2,,,,,,,,,,,0.0724,1456.0,ionide/ionide-vscode-fsharp,repo-assist.md,16.96,other_owner,0.0724
1350,314,rancher/dashboard,daily-issue-grooming.md,3,,,,,,,,,,,0.0724,1456.0,ionide/ionide-vscode-fsharp,repo-assist.md,16.99,other_owner,0.0724
1351,314,rancher/dashboard,daily-issue-grooming.md,4,,,,,,,,,,,0.0724,1456.0,ionide/ionide-vscode-fsharp,repo-assist.md,16.99,other_owner,0.0724
1352,314,rancher/dashboard,daily-issue-grooming.md,5,,,,,,,,,,,0.0724,1456.0,ionide/ionide-vscode-fsharp,repo-assist.md,17.69,other_owner,0.0724
1353,314,rancher/dashboard,daily-issue-grooming.md,6,,,,,,,,,,,0.0736,1484.0,fsprojects/fantomas,repo-assist.md,26.36,other_owner,0.0736
1354,314,rancher/dashboard,daily-issue-grooming.md,7,0.0587,1372.0,rancher/dashboard,issue-triage.md,33.01,,,,,,0.0736,1484.0,fsprojects/fantomas,repo-assist.md,73.88,other_owner,0.0736
1355,314,rancher/dashboard,daily-issue-grooming.md,8,0.0587,1372.0,rancher/dashboard,issue-triage.md,36.4,,,,,,0.0815,126.0,microsoft/vstest,issue-repro-triage.md,0.4,other_owner,0.0815
1356,314,rancher/dashboard,daily-issue-grooming.md,9,0.0587,1372.0,rancher/dashboard,issue-triage.md,51.38,,,,,,0.0816,129.0,microsoft/vstest,issue-repro-triage.md,11.38,other_owner,0.0816
1357,315,rancher/dashboard,daily-repo-status.md,1,0.0217,1348.0,rancher/dashboard,daily-issue-grooming.md,33.39,,,,,,0.9839,2.0,apache/cloudstack,daily-repo-status.md,49.72,other_owner,0.9839
1358,315,rancher/dashboard,daily-repo-status.md,2,0.0513,1362.0,rancher/dashboard,daily-test-improver.md,11.9,,,,,,0.9839,2.0,apache/cloudstack,daily-repo-status.md,82.73,other_owner,0.9839
1359,315,rancher/dashboard,daily-repo-status.md,3,0.0513,1362.0,rancher/dashboard,daily-test-improver.md,15.3,,,,,,0.9839,2.0,apache/cloudstack,daily-repo-status.md,86.12,other_owner,0.9839
1360,315,rancher/dashboard,daily-repo-status.md,4,0.0513,1362.0,rancher/dashboard,daily-test-improver.md,30.28,,,,,,0.9839,2.0,apache/cloudstack,daily-repo-status.md,101.1,other_owner,0.9839
1361,316,rancher/dashboard,daily-test-improver.md,1,0.0512,1348.0,rancher/dashboard,daily-issue-grooming.md,33.39,,,,,,0.9559,1130.0,talk2MeGooseman/stream_closed_captioner_phoenix,daily-test-improver.md,38.56,other_owner,0.9559
1362,316,rancher/dashboard,daily-test-improver.md,2,0.065,1367.0,rancher/dashboard,duplicate-code-detector.md,21.1,,,,,,0.9529,1132.0,talk2MeGooseman/stream_closed_captioner_phoenix,daily-test-improver.md,17.32,other_owner,0.9529
1363,316,rancher/dashboard,daily-test-improver.md,3,0.0645,1367.0,rancher/dashboard,duplicate-code-detector.md,33.01,,,,,,0.9443,1132.0,talk2MeGooseman/stream_closed_captioner_phoenix,daily-test-improver.md,29.23,other_owner,0.9443
1364,316,rancher/dashboard,daily-test-improver.md,4,0.0635,1367.0,rancher/dashboard,duplicate-code-detector.md,36.22,,,,,,0.8587,1132.0,talk2MeGooseman/stream_closed_captioner_phoenix,daily-test-improver.md,32.44,other_owner,0.8587
1365,316,rancher/dashboard,daily-test-improver.md,5,0.0637,1367.0,rancher/dashboard,duplicate-code-detector.md,36.4,,,,,,0.8621,1132.0,talk2MeGooseman/stream_closed_captioner_phoenix,daily-test-improver.md,32.62,other_owner,0.8621
1366,316,rancher/dashboard,daily-test-improver.md,6,0.0636,1367.0,rancher/dashboard,duplicate-code-detector.md,51.38,,,,,,0.8608,1132.0,talk2MeGooseman/stream_closed_captioner_phoenix,daily-test-improver.md,47.6,other_owner,0.8608
1367,317,rancher/dashboard,duplicate-code-detector.md,1,0.0285,1353.0,rancher/dashboard,daily-issue-grooming.md,14.51,,,,,,0.8089,324.0,storybookjs/storybook,duplicate-code-detector.md,31.5,other_owner,0.8089
1368,317,rancher/dashboard,duplicate-code-detector.md,2,0.0651,1361.0,rancher/dashboard,daily-test-improver.md,21.1,,,,,,0.939,767.0,elastic/terraform-provider-elasticstack,duplicate-code-detector.md,6.28,other_owner,0.939
1369,317,rancher/dashboard,duplicate-code-detector.md,3,0.0651,1361.0,rancher/dashboard,daily-test-improver.md,33.01,,,,,,0.939,767.0,elastic/terraform-provider-elasticstack,duplicate-code-detector.md,18.19,other_owner,0.939
1370,317,rancher/dashboard,duplicate-code-detector.md,4,0.0651,1361.0,rancher/dashboard,daily-test-improver.md,36.4,,,,,,0.939,767.0,elastic/terraform-provider-elasticstack,duplicate-code-detector.md,21.58,other_owner,0.939
1371,317,rancher/dashboard,duplicate-code-detector.md,5,0.0651,1361.0,rancher/dashboard,daily-test-improver.md,51.38,,,,,,1.0,493.0,ptarmiganlabs/butler-sos,duplicate-code-detector.md,6.51,other_owner,1.0
1372,318,rancher/dashboard,issue-triage.md,1,0.0587,1353.0,rancher/dashboard,daily-issue-grooming.md,14.51,,,,,,0.9163,242.0,taosdata/TDengine,issue-triage.md,42.93,other_owner,0.9163
1373,318,rancher/dashboard,issue-triage.md,2,0.0603,1362.0,rancher/dashboard,daily-test-improver.md,11.9,,,,,,0.9163,242.0,taosdata/TDengine,issue-triage.md,75.94,other_owner,0.9163
1374,318,rancher/dashboard,issue-triage.md,3,0.0605,1363.0,rancher/dashboard,daily-test-improver.md,3.39,,,,,,0.9163,242.0,taosdata/TDengine,issue-triage.md,79.33,other_owner,0.9163
1375,318,rancher/dashboard,issue-triage.md,4,0.0605,1363.0,rancher/dashboard,daily-test-improver.md,18.38,,,,,,0.9163,242.0,taosdata/TDengine,issue-triage.md,94.31,other_owner,0.9163
1376,319,rancher/dashboard,pr-fix.md,1,0.0409,1348.0,rancher/dashboard,daily-issue-grooming.md,33.39,,,,,,0.082,1457.0,ionide/ionide-vscode-fsharp,repo-assist.md,43.17,other_owner,0.082
1377,319,rancher/dashboard,pr-fix.md,2,0.0647,1361.0,rancher/dashboard,daily-test-improver.md,33.01,,,,,,0.082,1457.0,ionide/ionide-vscode-fsharp,repo-assist.md,76.18,other_owner,0.082
1378,319,rancher/dashboard,pr-fix.md,3,0.0647,1361.0,rancher/dashboard,daily-test-improver.md,36.4,,,,,,0.082,1457.0,ionide/ionide-vscode-fsharp,repo-assist.md,79.57,other_owner,0.082
1379,319,rancher/dashboard,pr-fix.md,4,0.0647,1361.0,rancher/dashboard,daily-test-improver.md,51.38,,,,,,0.082,1457.0,ionide/ionide-vscode-fsharp,repo-assist.md,94.56,other_owner,0.082
1380,320,rancher/dashboard,weekly-stale-issue-manager.md,1,0.0659,1353.0,rancher/dashboard,daily-issue-grooming.md,74.23,,,,,,0.1222,2689.0,dotnet/skills,close-stale-prs.agent.md,73.57,other_owner,0.1222
1381,321,microsoft/finnts,repo-improver.md,1,,,,,,0.0575,2592.0,microsoft/agentrc,code-simplifier.md,60.88,0.0931,1132.0,talk2MeGooseman/stream_closed_captioner_phoenix,daily-test-improver.md,17.74,other_owner,0.0931
1382,321,microsoft/finnts,repo-improver.md,2,,,,,,0.0574,2592.0,microsoft/agentrc,code-simplifier.md,60.88,0.0936,1132.0,talk2MeGooseman/stream_closed_captioner_phoenix,daily-test-improver.md,17.75,other_owner,0.0936
1383,321,microsoft/finnts,repo-improver.md,3,,,,,,0.0558,2592.0,microsoft/agentrc,code-simplifier.md,60.88,0.0927,1132.0,talk2MeGooseman/stream_closed_captioner_phoenix,daily-test-improver.md,17.75,other_owner,0.0927
1384,322,lrascao/rebar3_gpb_plugin,daily-repo-status.md,1,,,,,,,,,,,1.0,86.0,dotnet/maui,daily-repo-status.md,2.06,other_owner,1.0
1385,322,lrascao/rebar3_gpb_plugin,daily-repo-status.md,2,,,,,,,,,,,0.9448,86.0,dotnet/maui,daily-repo-status.md,2.08,other_owner,0.9448
1386,323,dotnet/fsharp,agentic-state-machine.md,1,0.0298,1427.0,dotnet/fsharp,repo-assist.md,26.02,0.0373,2677.0,dotnet/maui-labs,ai-docs-audit.md,4.05,0.0445,2631.0,hatch3r/hatch3r,generate-docusaurus-docs.md,71.09,other_owner,0.0445
1387,323,dotnet/fsharp,agentic-state-machine.md,2,0.0472,1406.0,dotnet/fsharp,labelops-pr-security-scan.md,0.15,0.0368,2677.0,dotnet/maui-labs,ai-docs-audit.md,4.2,0.0446,2631.0,hatch3r/hatch3r,generate-docusaurus-docs.md,71.24,same_repo,0.0472
1388,323,dotnet/fsharp,agentic-state-machine.md,3,0.0308,1408.0,dotnet/fsharp,labelops-pr-security-scan.md,6.02,0.0369,2677.0,dotnet/maui-labs,ai-docs-audit.md,13.07,0.0447,2631.0,hatch3r/hatch3r,generate-docusaurus-docs.md,80.11,other_owner,0.0447
1389,323,dotnet/fsharp,agentic-state-machine.md,4,0.0328,1398.0,dotnet/fsharp,aw-auto-update.md,0.02,0.0369,2677.0,dotnet/maui-labs,ai-docs-audit.md,20.37,0.0447,2631.0,hatch3r/hatch3r,generate-docusaurus-docs.md,87.41,other_owner,0.0447
1390,323,dotnet/fsharp,agentic-state-machine.md,5,0.0606,1425.0,dotnet/fsharp,repo-assist.md,76.98,0.0683,289.0,dotnet/runtime,ci-failure-scan.md,14.03,0.0671,1023.0,baizhiheizi/quill,agentic-wiki-writer.md,6.47,same_owner,0.0683
1391,324,dotnet/fsharp,aw-auto-update.md,1,0.0373,1419.0,dotnet/fsharp,repo-assist.md,14.84,0.0335,297.0,dotnet/runtime,copilot-echo.md,6.37,0.1046,2125.0,githubnext/agentics,maintainer.md,159.64,other_owner,0.1046
1392,324,dotnet/fsharp,aw-auto-update.md,2,0.0658,1416.0,dotnet/fsharp,regression-pr-shepherd.md,5.28,0.0357,2678.0,dotnet/maui-labs,pr-docs-check.md,5.25,0.1011,2125.0,githubnext/agentics,maintainer.md,180.88,other_owner,0.1011
1393,324,dotnet/fsharp,aw-auto-update.md,3,0.0658,1416.0,dotnet/fsharp,regression-pr-shepherd.md,12.02,0.0357,2678.0,dotnet/maui-labs,pr-docs-check.md,11.99,0.1011,2125.0,githubnext/agentics,maintainer.md,187.61,other_owner,0.1011
1394,324,dotnet/fsharp,aw-auto-update.md,4,0.0658,1416.0,dotnet/fsharp,regression-pr-shepherd.md,13.12,0.0357,2678.0,dotnet/maui-labs,pr-docs-check.md,13.09,0.1011,2125.0,githubnext/agentics,maintainer.md,188.72,other_owner,0.1011
1395,324,dotnet/fsharp,aw-auto-update.md,5,0.0658,1416.0,dotnet/fsharp,regression-pr-shepherd.md,17.94,0.0357,2678.0,dotnet/maui-labs,pr-docs-check.md,17.91,0.1011,2125.0,githubnext/agentics,maintainer.md,193.54,other_owner,0.1011
1396,324,dotnet/fsharp,aw-auto-update.md,6,0.0633,1416.0,dotnet/fsharp,regression-pr-shepherd.md,32.02,0.0471,2022.0,dotnet/macios,code-radiator.md,11.12,0.1093,2125.0,githubnext/agentics,maintainer.md,207.62,other_owner,0.1093
1397,324,dotnet/fsharp,aw-auto-update.md,7,0.0633,1416.0,dotnet/fsharp,regression-pr-shepherd.md,42.05,0.0471,2022.0,dotnet/macios,code-radiator.md,21.15,0.1093,2125.0,githubnext/agentics,maintainer.md,217.64,other_owner,0.1093
1398,324,dotnet/fsharp,aw-auto-update.md,8,0.0637,1416.0,dotnet/fsharp,regression-pr-shepherd.md,42.32,0.0553,269.0,dotnet/runtime,ci-failure-scan-feedback.md,0.22,0.0931,2131.0,githubnext/agentics,maintainer.md,114.65,other_owner,0.0931
1399,324,dotnet/fsharp,aw-auto-update.md,9,0.0637,1416.0,dotnet/fsharp,regression-pr-shepherd.md,63.22,0.0599,171.0,dotnet/msbuild,flaky-test-detector.agent.md,13.07,0.1442,482.0,Azure/azure-sdk-for-js,upgrade-agentic-workflows.md,8.87,other_owner,0.1442
1400,325,dotnet/fsharp,labelops-flake-fix.md,1,0.0502,1416.0,dotnet/fsharp,regression-pr-shepherd.md,20.05,0.0363,1239.0,dotnet/maintenance-packages,version-maintenance.md,57.7,0.054,1745.0,opsmill/infrahub,bug-agent-fix.md,12.13,other_owner,0.054
1401,326,dotnet/fsharp,labelops-pr-maintenance.md,1,0.1072,1415.0,dotnet/fsharp,regression-pr-shepherd.md,26.88,0.0444,98.0,dotnet/machinelearning,repo-health-check.md,60.6,0.0566,1514.0,fsprojects/FSharp.Formatting,repo-assist.md,73.06,same_repo,0.1072
1402,326,dotnet/fsharp,labelops-pr-maintenance.md,2,0.1247,1400.0,dotnet/fsharp,labelops-flake-fix.md,11.96,0.0595,2022.0,dotnet/macios,code-radiator.md,11.11,0.0668,148.0,microsoft/vstest,pr-iteration.md,4.01,same_repo,0.1247
1403,326,dotnet/fsharp,labelops-pr-maintenance.md,3,0.1151,1400.0,dotnet/fsharp,labelops-flake-fix.md,21.97,0.0601,2022.0,dotnet/macios,code-radiator.md,21.12,0.0678,148.0,microsoft/vstest,pr-iteration.md,14.02,same_repo,0.1151
1404,326,dotnet/fsharp,labelops-pr-maintenance.md,4,0.1151,1400.0,dotnet/fsharp,labelops-flake-fix.md,22.2,0.0601,2022.0,dotnet/macios,code-radiator.md,21.35,0.0678,148.0,microsoft/vstest,pr-iteration.md,14.25,same_repo,0.1151
1405,326,dotnet/fsharp,labelops-pr-maintenance.md,5,0.1151,1400.0,dotnet/fsharp,labelops-flake-fix.md,43.17,0.0612,169.0,dotnet/msbuild,flaky-test-detector.agent.md,15.16,0.0678,148.0,microsoft/vstest,pr-iteration.md,35.22,same_repo,0.1151
1406,327,dotnet/fsharp,labelops-pr-security-scan.md,1,0.0581,1415.0,dotnet/fsharp,regression-pr-shepherd.md,32.85,0.0505,2036.0,dotnet/macios,macios-reviewer.md,19.12,0.0578,212.0,Azure/azure-sdk-for-net,issue-triage.md,35.39,same_repo,0.0581
1407,327,dotnet/fsharp,labelops-pr-security-scan.md,2,0.0596,1415.0,dotnet/fsharp,regression-pr-shepherd.md,32.85,0.05,2036.0,dotnet/macios,macios-reviewer.md,19.12,0.0578,54.0,uxsoft/AppleWirelessKeyboard,repo-assist.md,19.59,same_repo,0.0596
1408,327,dotnet/fsharp,labelops-pr-security-scan.md,3,0.0624,1415.0,dotnet/fsharp,regression-pr-shepherd.md,35.85,0.0532,2730.0,dotnet/skills,devops-health-groom.md,3.6,0.0671,54.0,uxsoft/AppleWirelessKeyboard,repo-assist.md,22.58,other_owner,0.0671
1409,327,dotnet/fsharp,labelops-pr-security-scan.md,4,0.0624,1415.0,dotnet/fsharp,regression-pr-shepherd.md,49.88,0.057,55.0,dotnet/maui,agentic-labeler.md,13.76,0.0671,54.0,uxsoft/AppleWirelessKeyboard,repo-assist.md,36.61,other_owner,0.0671
1410,327,dotnet/fsharp,labelops-pr-security-scan.md,5,0.0635,1415.0,dotnet/fsharp,regression-pr-shepherd.md,55.14,0.057,170.0,dotnet/msbuild,flaky-test-detector.agent.md,0.18,0.069,54.0,uxsoft/AppleWirelessKeyboard,repo-assist.md,41.88,other_owner,0.069
1411,327,dotnet/fsharp,labelops-pr-security-scan.md,6,0.0635,1415.0,dotnet/fsharp,regression-pr-shepherd.md,70.04,0.063,2765.0,dotnet/skills,pr-malicious-scan.agent.md,14.13,0.069,54.0,uxsoft/AppleWirelessKeyboard,repo-assist.md,56.78,other_owner,0.069
1412,328,dotnet/fsharp,msbuild-quality-review.md,1,0.0658,1425.0,dotnet/fsharp,repo-assist.md,77.97,0.0542,2677.0,dotnet/maui-labs,ai-docs-audit.md,40.03,0.0549,1437.0,fable-compiler/Fable,repo-assist.md,51.79,same_repo,0.0658
1413,329,dotnet/fsharp,regression-pr-shepherd.md,1,0.1003,1419.0,dotnet/fsharp,repo-assist.md,13.87,0.0484,2719.0,dotnet/skills,devops-health-groom.md,23.9,0.0969,1456.0,ionide/ionide-vscode-fsharp,repo-assist.md,35.49,same_repo,0.1003
1414,329,dotnet/fsharp,regression-pr-shepherd.md,2,0.1395,1424.0,dotnet/fsharp,repo-assist.md,2.08,0.0501,2719.0,dotnet/skills,devops-health-groom.md,25.98,0.0982,1456.0,ionide/ionide-vscode-fsharp,repo-assist.md,37.56,same_repo,0.1395
1415,329,dotnet/fsharp,regression-pr-shepherd.md,3,0.1399,1424.0,dotnet/fsharp,repo-assist.md,10.09,0.0512,2719.0,dotnet/skills,devops-health-groom.md,34.0,0.0965,1464.0,ionide/ionide-vscode-fsharp,repo-assist.md,33.52,same_repo,0.1399
1416,329,dotnet/fsharp,regression-pr-shepherd.md,4,0.1425,1425.0,dotnet/fsharp,repo-assist.md,15.96,0.0557,2725.0,dotnet/skills,devops-health-groom.md,6.6,0.0976,1464.0,ionide/ionide-vscode-fsharp,repo-assist.md,40.34,same_repo,0.1425
1417,329,dotnet/fsharp,regression-pr-shepherd.md,5,0.1453,1427.0,dotnet/fsharp,repo-assist.md,13.12,0.0571,2678.0,dotnet/maui-labs,pr-docs-check.md,13.09,0.0976,1464.0,ionide/ionide-vscode-fsharp,repo-assist.md,53.46,same_repo,0.1453
1418,329,dotnet/fsharp,regression-pr-shepherd.md,6,0.1453,1427.0,dotnet/fsharp,repo-assist.md,63.22,0.0787,178.0,dotnet/msbuild,flaky-test-fixer.agent.md,13.01,0.1154,144.0,microsoft/vstest,pr-iteration.md,36.95,same_repo,0.1453
1419,330,dotnet/fsharp,repo-assist.md,1,,,,,,0.0708,2719.0,dotnet/skills,devops-health-groom.md,10.03,0.6768,1464.0,ionide/ionide-vscode-fsharp,repo-assist.md,9.55,other_owner,0.6768
1420,330,dotnet/fsharp,repo-assist.md,2,,,,,,0.0708,2719.0,dotnet/skills,devops-health-groom.md,10.97,0.6768,1464.0,ionide/ionide-vscode-fsharp,repo-assist.md,10.49,other_owner,0.6768
1421,330,dotnet/fsharp,repo-assist.md,3,,,,,,0.0674,2719.0,dotnet/skills,devops-health-groom.md,16.95,0.5257,1464.0,ionide/ionide-vscode-fsharp,repo-assist.md,16.47,other_owner,0.5257
1422,330,dotnet/fsharp,repo-assist.md,4,,,,,,0.0674,2719.0,dotnet/skills,devops-health-groom.md,17.0,0.5257,1464.0,ionide/ionide-vscode-fsharp,repo-assist.md,16.52,other_owner,0.5257
1423,330,dotnet/fsharp,repo-assist.md,5,,,,,,0.0674,2719.0,dotnet/skills,devops-health-groom.md,21.24,0.5257,1464.0,ionide/ionide-vscode-fsharp,repo-assist.md,20.76,other_owner,0.5257
1424,330,dotnet/fsharp,repo-assist.md,6,0.1423,1413.0,dotnet/fsharp,regression-pr-shepherd.md,0.0,0.0686,2720.0,dotnet/skills,devops-health-groom.md,19.97,0.3325,1464.0,ionide/ionide-vscode-fsharp,repo-assist.md,23.42,other_owner,0.3325
1425,330,dotnet/fsharp,repo-assist.md,7,0.1407,1413.0,dotnet/fsharp,regression-pr-shepherd.md,0.96,0.0732,2720.0,dotnet/skills,devops-health-groom.md,20.93,0.3268,1464.0,ionide/ionide-vscode-fsharp,repo-assist.md,24.38,other_owner,0.3268
1426,330,dotnet/fsharp,repo-assist.md,8,0.1407,1413.0,dotnet/fsharp,regression-pr-shepherd.md,8.96,0.0732,2720.0,dotnet/skills,devops-health-groom.md,28.93,0.3268,1464.0,ionide/ionide-vscode-fsharp,repo-assist.md,32.38,other_owner,0.3268
1427,330,dotnet/fsharp,repo-assist.md,9,0.14,1413.0,dotnet/fsharp,regression-pr-shepherd.md,16.92,0.0767,2725.0,dotnet/skills,devops-health-groom.md,6.6,0.325,1464.0,ionide/ionide-vscode-fsharp,repo-assist.md,40.34,other_owner,0.325
1428,330,dotnet/fsharp,repo-assist.md,10,0.1453,1416.0,dotnet/fsharp,regression-pr-shepherd.md,13.12,0.0767,2725.0,dotnet/skills,devops-health-groom.md,19.72,0.325,1464.0,ionide/ionide-vscode-fsharp,repo-assist.md,53.46,other_owner,0.325
1429,330,dotnet/fsharp,repo-assist.md,11,0.1453,1416.0,dotnet/fsharp,regression-pr-shepherd.md,42.03,0.0792,279.0,dotnet/runtime,ci-failure-scan.md,19.54,0.325,1464.0,ionide/ionide-vscode-fsharp,repo-assist.md,82.37,other_owner,0.325
1430,331,fable-compiler/Fable,repo-assist.md,1,,,,,,,,,,,0.7558,1440.0,fslaborg/Deedle,repo-assist.md,5.97,other_owner,0.7558
1431,331,fable-compiler/Fable,repo-assist.md,2,,,,,,,,,,,0.7558,991.0,py-why/dowhy,repo-assist.md,3.14,other_owner,0.7558
1432,331,fable-compiler/Fable,repo-assist.md,3,,,,,,,,,,,0.7558,991.0,py-why/dowhy,repo-assist.md,16.81,other_owner,0.7558
1433,331,fable-compiler/Fable,repo-assist.md,4,,,,,,,,,,,0.7589,991.0,py-why/dowhy,repo-assist.md,18.56,other_owner,0.7589
1434,331,fable-compiler/Fable,repo-assist.md,5,,,,,,0.617,1711.0,fable-compiler/Fable.Python,repo-assist.md,1.59,0.7589,991.0,py-why/dowhy,repo-assist.md,29.93,other_owner,0.7589
1435,331,fable-compiler/Fable,repo-assist.md,6,,,,,,0.6148,1711.0,fable-compiler/Fable.Python,repo-assist.md,5.8,0.7596,991.0,py-why/dowhy,repo-assist.md,34.15,other_owner,0.7596
1436,331,fable-compiler/Fable,repo-assist.md,7,,,,,,0.6078,1711.0,fable-compiler/Fable.Python,repo-assist.md,9.37,0.7509,54.0,uxsoft/AppleWirelessKeyboard,repo-assist.md,2.63,other_owner,0.7509
1437,331,fable-compiler/Fable,repo-assist.md,8,,,,,,0.599,1711.0,fable-compiler/Fable.Python,repo-assist.md,10.53,0.7396,54.0,uxsoft/AppleWirelessKeyboard,repo-assist.md,3.78,other_owner,0.7396
1438,331,fable-compiler/Fable,repo-assist.md,9,,,,,,0.5752,1711.0,fable-compiler/Fable.Python,repo-assist.md,17.28,0.7092,54.0,uxsoft/AppleWirelessKeyboard,repo-assist.md,10.53,other_owner,0.7092
1439,331,fable-compiler/Fable,repo-assist.md,10,,,,,,0.5752,1711.0,fable-compiler/Fable.Python,repo-assist.md,23.45,0.7092,54.0,uxsoft/AppleWirelessKeyboard,repo-assist.md,16.7,other_owner,0.7092
1440,332,fslaborg/Deedle,repo-assist.md,1,,,,,,,,,,,1.0,1625.0,fsprojects/FSharpx.Collections,repo-assist.md,0.2,other_owner,1.0
1441,332,fslaborg/Deedle,repo-assist.md,2,,,,,,,,,,,1.0,1467.0,ionide/ionide-vscode-fsharp,repo-assist.md,5.88,other_owner,1.0
1442,332,fslaborg/Deedle,repo-assist.md,3,,,,,,,,,,,1.0,991.0,py-why/dowhy,repo-assist.md,4.26,other_owner,1.0
1443,332,fslaborg/Deedle,repo-assist.md,4,,,,,,1.0,1660.0,fslaborg/FSharp.Stats,repo-assist.md,0.82,1.0,991.0,py-why/dowhy,repo-assist.md,5.1,same_owner,1.0
1444,332,fslaborg/Deedle,repo-assist.md,5,,,,,,1.0,1660.0,fslaborg/FSharp.Stats,repo-assist.md,3.99,1.0,991.0,py-why/dowhy,repo-assist.md,8.27,same_owner,1.0
1445,332,fslaborg/Deedle,repo-assist.md,6,,,,,,1.0,1660.0,fslaborg/FSharp.Stats,repo-assist.md,11.05,1.0,991.0,py-why/dowhy,repo-assist.md,15.33,same_owner,1.0
1446,332,fslaborg/Deedle,repo-assist.md,7,,,,,,1.0,1660.0,fslaborg/FSharp.Stats,repo-assist.md,12.64,1.0,991.0,py-why/dowhy,repo-assist.md,16.91,same_owner,1.0
1447,332,fslaborg/Deedle,repo-assist.md,8,,,,,,1.0,1660.0,fslaborg/FSharp.Stats,repo-assist.md,28.14,1.0,991.0,py-why/dowhy,repo-assist.md,32.41,same_owner,1.0
1448,332,fslaborg/Deedle,repo-assist.md,9,,,,,,0.9618,1660.0,fslaborg/FSharp.Stats,repo-assist.md,44.54,1.0,1477.0,ionide/ionide-vscode-fsharp,repo-assist.md,0.0,other_owner,1.0
1449,332,fslaborg/Deedle,repo-assist.md,10,,,,,,0.9901,1669.0,fslaborg/FSharp.Stats,repo-assist.md,3.0,1.0,1478.0,ionide/ionide-vscode-fsharp,repo-assist.md,0.0,other_owner,1.0
1450,332,fslaborg/Deedle,repo-assist.md,11,,,,,,1.0,1670.0,fslaborg/FSharp.Stats,repo-assist.md,25.09,1.0,1478.0,ionide/ionide-vscode-fsharp,repo-assist.md,25.09,same_owner,1.0
1451,332,fslaborg/Deedle,repo-assist.md,12,,,,,,1.0,1670.0,fslaborg/FSharp.Stats,repo-assist.md,34.25,1.0,1043.0,baizhiheizi/quill,repo-assist.md,4.69,same_owner,1.0
1452,333,ionide/ionide-vscode-fsharp,repo-assist.md,1,,,,,,1.0,1545.0,ionide/FsAutoComplete,repo-assist.md,0.01,0.9885,1515.0,fsprojects/FSharp.Formatting,repo-assist.md,0.05,same_owner,1.0
1453,333,ionide/ionide-vscode-fsharp,repo-assist.md,2,,,,,,1.0,1545.0,ionide/FsAutoComplete,repo-assist.md,0.04,1.0,1516.0,fsprojects/FSharp.Formatting,repo-assist.md,0.02,same_owner,1.0
1454,333,ionide/ionide-vscode-fsharp,repo-assist.md,3,,,,,,1.0,1546.0,ionide/FsAutoComplete,repo-assist.md,0.0,1.0,1517.0,fsprojects/FSharp.Formatting,repo-assist.md,0.0,same_owner,1.0
1455,333,ionide/ionide-vscode-fsharp,repo-assist.md,4,,,,,,1.0,1547.0,ionide/FsAutoComplete,repo-assist.md,0.0,1.0,1518.0,fsprojects/FSharp.Formatting,repo-assist.md,0.0,same_owner,1.0
1456,333,ionide/ionide-vscode-fsharp,repo-assist.md,5,,,,,,1.0,1548.0,ionide/FsAutoComplete,repo-assist.md,0.0,1.0,1519.0,fsprojects/FSharp.Formatting,repo-assist.md,0.0,same_owner,1.0
1457,333,ionide/ionide-vscode-fsharp,repo-assist.md,6,,,,,,1.0,1550.0,ionide/FsAutoComplete,repo-assist.md,0.0,1.0,1520.0,fsprojects/FSharp.Formatting,repo-assist.md,0.0,same_owner,1.0
1458,333,ionide/ionide-vscode-fsharp,repo-assist.md,7,,,,,,1.0,1550.0,ionide/FsAutoComplete,repo-assist.md,0.62,1.0,1520.0,fsprojects/FSharp.Formatting,repo-assist.md,0.62,same_owner,1.0
1459,333,ionide/ionide-vscode-fsharp,repo-assist.md,8,,,,,,1.0,1552.0,ionide/FsAutoComplete,repo-assist.md,0.0,1.0,1522.0,fsprojects/FSharp.Formatting,repo-assist.md,0.0,same_owner,1.0
1460,333,ionide/ionide-vscode-fsharp,repo-assist.md,9,,,,,,1.0,1553.0,ionide/FsAutoComplete,repo-assist.md,0.0,1.0,1523.0,fsprojects/FSharp.Formatting,repo-assist.md,0.0,same_owner,1.0
1461,333,ionide/ionide-vscode-fsharp,repo-assist.md,10,,,,,,1.0,1554.0,ionide/FsAutoComplete,repo-assist.md,0.0,1.0,1524.0,fsprojects/FSharp.Formatting,repo-assist.md,0.0,same_owner,1.0
1462,333,ionide/ionide-vscode-fsharp,repo-assist.md,11,,,,,,1.0,1554.0,ionide/FsAutoComplete,repo-assist.md,2.49,1.0,1524.0,fsprojects/FSharp.Formatting,repo-assist.md,2.49,same_owner,1.0
1463,333,ionide/ionide-vscode-fsharp,repo-assist.md,12,,,,,,1.0,1554.0,ionide/FsAutoComplete,repo-assist.md,5.41,1.0,584.0,licensee/licensee,repo-assist.md,1.85,same_owner,1.0
1464,333,ionide/ionide-vscode-fsharp,repo-assist.md,13,,,,,,1.0,1557.0,ionide/FsAutoComplete,repo-assist.md,0.0,1.0,1527.0,fsprojects/FSharp.Formatting,repo-assist.md,0.0,same_owner,1.0
1465,333,ionide/ionide-vscode-fsharp,repo-assist.md,14,,,,,,1.0,1557.0,ionide/FsAutoComplete,repo-assist.md,0.0,1.0,1527.0,fsprojects/FSharp.Formatting,repo-assist.md,0.0,same_owner,1.0
1466,333,ionide/ionide-vscode-fsharp,repo-assist.md,15,,,,,,1.0,1557.0,ionide/FsAutoComplete,repo-assist.md,0.01,1.0,1527.0,fsprojects/FSharp.Formatting,repo-assist.md,0.01,same_owner,1.0
1467,333,ionide/ionide-vscode-fsharp,repo-assist.md,16,,,,,,1.0,1561.0,ionide/FsAutoComplete,repo-assist.md,0.0,1.0,1440.0,fslaborg/Deedle,repo-assist.md,0.02,same_owner,1.0
1468,333,ionide/ionide-vscode-fsharp,repo-assist.md,17,,,,,,1.0,1561.0,ionide/FsAutoComplete,repo-assist.md,10.15,1.0,991.0,py-why/dowhy,repo-assist.md,0.39,same_owner,1.0
1469,333,ionide/ionide-vscode-fsharp,repo-assist.md,18,,,,,,1.0,1561.0,ionide/FsAutoComplete,repo-assist.md,10.2,1.0,991.0,py-why/dowhy,repo-assist.md,0.44,same_owner,1.0
1470,333,ionide/ionide-vscode-fsharp,repo-assist.md,19,,,,,,1.0,1561.0,ionide/FsAutoComplete,repo-assist.md,14.86,1.0,991.0,py-why/dowhy,repo-assist.md,5.1,same_owner,1.0
1471,333,ionide/ionide-vscode-fsharp,repo-assist.md,20,,,,,,1.0,1561.0,ionide/FsAutoComplete,repo-assist.md,18.03,1.0,991.0,py-why/dowhy,repo-assist.md,8.27,same_owner,1.0
1472,333,ionide/ionide-vscode-fsharp,repo-assist.md,21,,,,,,1.0,1561.0,ionide/FsAutoComplete,repo-assist.md,23.8,1.0,991.0,py-why/dowhy,repo-assist.md,14.04,same_owner,1.0
1473,333,ionide/ionide-vscode-fsharp,repo-assist.md,22,,,,,,1.0,1561.0,ionide/FsAutoComplete,repo-assist.md,25.09,1.0,991.0,py-why/dowhy,repo-assist.md,15.33,same_owner,1.0
1474,333,ionide/ionide-vscode-fsharp,repo-assist.md,23,,,,,,1.0,1561.0,ionide/FsAutoComplete,repo-assist.md,26.68,1.0,991.0,py-why/dowhy,repo-assist.md,16.91,same_owner,1.0
1475,333,ionide/ionide-vscode-fsharp,repo-assist.md,24,,,,,,1.0,1561.0,ionide/FsAutoComplete,repo-assist.md,34.26,1.0,991.0,py-why/dowhy,repo-assist.md,24.49,same_owner,1.0
1476,333,ionide/ionide-vscode-fsharp,repo-assist.md,25,,,,,,1.0,1561.0,ionide/FsAutoComplete,repo-assist.md,42.18,1.0,991.0,py-why/dowhy,repo-assist.md,32.42,same_owner,1.0
1477,333,ionide/ionide-vscode-fsharp,repo-assist.md,26,,,,,,1.0,1571.0,ionide/FsAutoComplete,repo-assist.md,0.0,1.0,1539.0,fsprojects/FSharp.Formatting,repo-assist.md,0.0,same_owner,1.0
1478,333,ionide/ionide-vscode-fsharp,repo-assist.md,27,,,,,,1.0,1572.0,ionide/FsAutoComplete,repo-assist.md,0.0,1.0,1540.0,fsprojects/FSharp.Formatting,repo-assist.md,0.0,same_owner,1.0
1479,333,ionide/ionide-vscode-fsharp,repo-assist.md,28,,,,,,1.0,1572.0,ionide/FsAutoComplete,repo-assist.md,25.09,1.0,1449.0,fslaborg/Deedle,repo-assist.md,25.09,same_owner,1.0
1480,333,ionide/ionide-vscode-fsharp,repo-assist.md,29,,,,,,1.0,1572.0,ionide/FsAutoComplete,repo-assist.md,34.25,1.0,1043.0,baizhiheizi/quill,repo-assist.md,4.69,same_owner,1.0
1481,334,fsprojects/fantomas,repo-assist.md,1,,,,,,1.0,1519.0,fsprojects/FSharp.Formatting,repo-assist.md,0.63,1.0,1456.0,ionide/ionide-vscode-fsharp,repo-assist.md,0.63,same_owner,1.0
1482,334,fsprojects/fantomas,repo-assist.md,2,,,,,,0.9059,1519.0,fsprojects/FSharp.Formatting,repo-assist.md,0.64,0.9059,1456.0,ionide/ionide-vscode-fsharp,repo-assist.md,0.64,same_owner,0.9059
1483,334,fsprojects/fantomas,repo-assist.md,3,,,,,,0.8525,1519.0,fsprojects/FSharp.Formatting,repo-assist.md,0.66,0.8525,1456.0,ionide/ionide-vscode-fsharp,repo-assist.md,0.66,same_owner,0.8525
1484,334,fsprojects/fantomas,repo-assist.md,4,,,,,,0.8778,1523.0,fsprojects/FSharp.Formatting,repo-assist.md,0.0,0.8248,1459.0,ionide/ionide-vscode-fsharp,repo-assist.md,0.68,same_owner,0.8778
1485,334,fsprojects/fantomas,repo-assist.md,5,,,,,,0.8605,1523.0,fsprojects/FSharp.Formatting,repo-assist.md,0.09,0.8605,1460.0,ionide/ionide-vscode-fsharp,repo-assist.md,0.09,same_owner,0.8605
1486,334,fsprojects/fantomas,repo-assist.md,6,,,,,,0.8828,1524.0,fsprojects/FSharp.Formatting,repo-assist.md,2.49,0.8828,1461.0,ionide/ionide-vscode-fsharp,repo-assist.md,2.49,same_owner,0.8828
1487,334,fsprojects/fantomas,repo-assist.md,7,,,,,,0.8828,1524.0,fsprojects/FSharp.Formatting,repo-assist.md,5.41,0.8828,584.0,licensee/licensee,repo-assist.md,1.85,same_owner,0.8828
1488,334,fsprojects/fantomas,repo-assist.md,8,,,,,,0.7115,1524.0,fsprojects/FSharp.Formatting,repo-assist.md,8.43,0.7115,584.0,licensee/licensee,repo-assist.md,4.87,same_owner,0.7115
1489,334,fsprojects/fantomas,repo-assist.md,9,,,,,,0.7063,1523.0,fsprojects/FSharp.Formatting,repo-assist.md,8.52,0.7063,1460.0,ionide/ionide-vscode-fsharp,repo-assist.md,8.52,same_owner,0.7063
1490,334,fsprojects/fantomas,repo-assist.md,10,,,,,,0.8784,1527.0,fsprojects/FSharp.Formatting,repo-assist.md,0.01,0.8784,1464.0,ionide/ionide-vscode-fsharp,repo-assist.md,0.01,same_owner,0.8784
1491,334,fsprojects/fantomas,repo-assist.md,11,,,,,,0.7202,1527.0,fsprojects/FSharp.Formatting,repo-assist.md,0.53,0.7202,1464.0,ionide/ionide-vscode-fsharp,repo-assist.md,0.53,same_owner,0.7202
1492,334,fsprojects/fantomas,repo-assist.md,12,,,,,,0.7232,1601.0,fsprojects/SwaggerProvider,repo-assist.md,0.0,0.7232,1440.0,fslaborg/Deedle,repo-assist.md,0.02,same_owner,0.7232
1493,334,fsprojects/fantomas,repo-assist.md,13,,,,,,0.7232,1530.0,fsprojects/FSharp.Formatting,repo-assist.md,0.4,0.7232,1440.0,fslaborg/Deedle,repo-assist.md,0.42,same_owner,0.7232
1494,334,fsprojects/fantomas,repo-assist.md,14,,,,,,0.7232,1530.0,fsprojects/FSharp.Formatting,repo-assist.md,10.15,0.7232,991.0,py-why/dowhy,repo-assist.md,0.39,same_owner,0.7232
1495,334,fsprojects/fantomas,repo-assist.md,15,,,,,,0.7232,1530.0,fsprojects/FSharp.Formatting,repo-assist.md,10.2,0.7232,991.0,py-why/dowhy,repo-assist.md,0.44,same_owner,0.7232
1496,334,fsprojects/fantomas,repo-assist.md,16,,,,,,0.7232,1530.0,fsprojects/FSharp.Formatting,repo-assist.md,10.2,0.7232,991.0,py-why/dowhy,repo-assist.md,0.44,same_owner,0.7232
1497,334,fsprojects/fantomas,repo-assist.md,17,,,,,,0.7232,1530.0,fsprojects/FSharp.Formatting,repo-assist.md,14.86,0.7232,991.0,py-why/dowhy,repo-assist.md,5.09,same_owner,0.7232
1498,334,fsprojects/fantomas,repo-assist.md,18,,,,,,0.7232,1530.0,fsprojects/FSharp.Formatting,repo-assist.md,18.03,0.7232,991.0,py-why/dowhy,repo-assist.md,8.27,same_owner,0.7232
1499,334,fsprojects/fantomas,repo-assist.md,19,,,,,,0.7232,1530.0,fsprojects/FSharp.Formatting,repo-assist.md,23.73,0.7232,991.0,py-why/dowhy,repo-assist.md,13.97,same_owner,0.7232
1500,334,fsprojects/fantomas,repo-assist.md,20,,,,,,0.7232,1530.0,fsprojects/FSharp.Formatting,repo-assist.md,23.8,0.7232,991.0,py-why/dowhy,repo-assist.md,14.04,same_owner,0.7232
1501,334,fsprojects/fantomas,repo-assist.md,21,,,,,,0.7232,1530.0,fsprojects/FSharp.Formatting,repo-assist.md,25.09,0.7232,991.0,py-why/dowhy,repo-assist.md,15.32,same_owner,0.7232
1502,334,fsprojects/fantomas,repo-assist.md,22,,,,,,0.7232,1530.0,fsprojects/FSharp.Formatting,repo-assist.md,26.68,0.7232,991.0,py-why/dowhy,repo-assist.md,16.91,same_owner,0.7232
1503,334,fsprojects/fantomas,repo-assist.md,23,,,,,,0.7232,1530.0,fsprojects/FSharp.Formatting,repo-assist.md,34.23,0.7232,991.0,py-why/dowhy,repo-assist.md,24.47,same_owner,0.7232
1504,334,fsprojects/fantomas,repo-assist.md,24,,,,,,0.7232,1530.0,fsprojects/FSharp.Formatting,repo-assist.md,42.18,0.7232,991.0,py-why/dowhy,repo-assist.md,32.41,same_owner,0.7232
1505,334,fsprojects/fantomas,repo-assist.md,25,,,,,,0.7223,1530.0,fsprojects/FSharp.Formatting,repo-assist.md,43.34,0.7223,991.0,py-why/dowhy,repo-assist.md,33.57,same_owner,0.7223
1506,334,fsprojects/fantomas,repo-assist.md,26,,,,,,0.7383,1613.0,fsprojects/SwaggerProvider,repo-assist.md,0.93,0.7145,667.0,sergey-tihon/Clippit,clippy.md,0.93,same_owner,0.7383
1507,334,fsprojects/fantomas,repo-assist.md,27,,,,,,0.7381,1613.0,fsprojects/SwaggerProvider,repo-assist.md,0.93,0.7144,667.0,sergey-tihon/Clippit,clippy.md,0.93,same_owner,0.7381
1508,334,fsprojects/fantomas,repo-assist.md,28,,,,,,0.7365,1615.0,fsprojects/SwaggerProvider,repo-assist.md,0.24,0.7324,1448.0,fslaborg/Deedle,repo-assist.md,2.99,same_owner,0.7365
1509,334,fsprojects/fantomas,repo-assist.md,29,,,,,,0.74,1540.0,fsprojects/FSharp.Formatting,repo-assist.md,25.09,0.74,1449.0,fslaborg/Deedle,repo-assist.md,25.09,same_owner,0.74
1510,334,fsprojects/fantomas,repo-assist.md,30,,,,,,0.74,1540.0,fsprojects/FSharp.Formatting,repo-assist.md,34.24,0.74,1043.0,baizhiheizi/quill,repo-assist.md,4.68,same_owner,0.74
1511,335,fsprojects/FSharp.Formatting,repo-assist.md,1,,,,,,1.0,1676.0,fsprojects/FSharp.Control.AsyncSeq,repo-assist.md,0.01,0.0924,562.0,lablup/backend.ai-webui,daily-test-improver.md,88.6,same_owner,1.0
1512,335,fsprojects/FSharp.Formatting,repo-assist.md,2,,,,,,1.0,1676.0,fsprojects/FSharp.Control.AsyncSeq,repo-assist.md,0.01,0.0924,562.0,lablup/backend.ai-webui,daily-test-improver.md,88.61,same_owner,1.0
1513,335,fsprojects/FSharp.Formatting,repo-assist.md,3,,,,,,1.0,1677.0,fsprojects/FSharp.Control.AsyncSeq,repo-assist.md,0.0,0.0948,2089.0,kaito-project/aikit,daily-test-improver.md,120.1,same_owner,1.0
1514,335,fsprojects/FSharp.Formatting,repo-assist.md,4,,,,,,1.0,1678.0,fsprojects/FSharp.Control.AsyncSeq,repo-assist.md,0.0,0.0868,505.0,appwrite/appwrite,issue-triage.md,107.38,same_owner,1.0
1515,335,fsprojects/FSharp.Formatting,repo-assist.md,5,,,,,,1.0,1679.0,fsprojects/FSharp.Control.AsyncSeq,repo-assist.md,0.0,0.0868,505.0,appwrite/appwrite,issue-triage.md,107.72,same_owner,1.0
1516,335,fsprojects/FSharp.Formatting,repo-assist.md,6,,,,,,1.0,1680.0,fsprojects/FSharp.Control.AsyncSeq,repo-assist.md,0.0,1.0,1452.0,ionide/ionide-vscode-fsharp,repo-assist.md,0.01,same_owner,1.0
1517,335,fsprojects/FSharp.Formatting,repo-assist.md,7,,,,,,1.0,1681.0,fsprojects/FSharp.Control.AsyncSeq,repo-assist.md,0.0,0.9402,1452.0,ionide/ionide-vscode-fsharp,repo-assist.md,0.03,same_owner,1.0
1518,335,fsprojects/FSharp.Formatting,repo-assist.md,8,,,,,,1.0,1682.0,fsprojects/FSharp.Control.AsyncSeq,repo-assist.md,0.0,0.9891,1454.0,ionide/ionide-vscode-fsharp,repo-assist.md,0.01,same_owner,1.0
1519,335,fsprojects/FSharp.Formatting,repo-assist.md,9,,,,,,1.0,1683.0,fsprojects/FSharp.Control.AsyncSeq,repo-assist.md,0.0,0.9671,1455.0,ionide/ionide-vscode-fsharp,repo-assist.md,0.16,same_owner,1.0
1520,335,fsprojects/FSharp.Formatting,repo-assist.md,10,,,,,,1.0,1684.0,fsprojects/FSharp.Control.AsyncSeq,repo-assist.md,0.35,0.9489,1456.0,ionide/ionide-vscode-fsharp,repo-assist.md,1.23,same_owner,1.0
1521,335,fsprojects/FSharp.Formatting,repo-assist.md,11,,,,,,1.0,1684.0,fsprojects/FSharp.Control.AsyncSeq,repo-assist.md,0.97,1.0,1457.0,ionide/ionide-vscode-fsharp,repo-assist.md,0.62,same_owner,1.0
1522,335,fsprojects/FSharp.Formatting,repo-assist.md,12,,,,,,1.0,1687.0,fsprojects/FSharp.Control.AsyncSeq,repo-assist.md,0.0,0.9715,1457.0,ionide/ionide-vscode-fsharp,repo-assist.md,1.63,same_owner,1.0
1523,335,fsprojects/FSharp.Formatting,repo-assist.md,13,,,,,,1.0,1688.0,fsprojects/FSharp.Control.AsyncSeq,repo-assist.md,0.0,0.918,1459.0,ionide/ionide-vscode-fsharp,repo-assist.md,0.67,same_owner,1.0
1524,335,fsprojects/FSharp.Formatting,repo-assist.md,14,,,,,,1.0,1689.0,fsprojects/FSharp.Control.AsyncSeq,repo-assist.md,0.0,0.9687,1460.0,ionide/ionide-vscode-fsharp,repo-assist.md,0.09,same_owner,1.0
1525,335,fsprojects/FSharp.Formatting,repo-assist.md,15,,,,,,1.0,1578.0,fsprojects/FSharp.TypeProviders.SDK,repo-assist.md,2.49,1.0,1461.0,ionide/ionide-vscode-fsharp,repo-assist.md,2.49,same_owner,1.0
1526,335,fsprojects/FSharp.Formatting,repo-assist.md,16,,,,,,1.0,1578.0,fsprojects/FSharp.TypeProviders.SDK,repo-assist.md,5.41,1.0,584.0,licensee/licensee,repo-assist.md,1.85,same_owner,1.0
1527,335,fsprojects/FSharp.Formatting,repo-assist.md,17,,,,,,1.0,1692.0,fsprojects/FSharp.Control.AsyncSeq,repo-assist.md,0.0,0.7887,1457.0,ionide/ionide-vscode-fsharp,repo-assist.md,10.83,same_owner,1.0
1528,335,fsprojects/FSharp.Formatting,repo-assist.md,18,,,,,,1.0,1692.0,fsprojects/FSharp.Control.AsyncSeq,repo-assist.md,0.0,0.7887,1457.0,ionide/ionide-vscode-fsharp,repo-assist.md,10.83,same_owner,1.0
1529,335,fsprojects/FSharp.Formatting,repo-assist.md,19,,,,,,1.0,1581.0,fsprojects/FSharp.TypeProviders.SDK,repo-assist.md,0.01,1.0,1464.0,ionide/ionide-vscode-fsharp,repo-assist.md,0.01,same_owner,1.0
1530,335,fsprojects/FSharp.Formatting,repo-assist.md,20,,,,,,1.0,1601.0,fsprojects/SwaggerProvider,repo-assist.md,0.01,1.0,1440.0,fslaborg/Deedle,repo-assist.md,0.02,same_owner,1.0
1531,335,fsprojects/FSharp.Formatting,repo-assist.md,21,,,,,,1.0,1543.0,fsprojects/FsHttp,repo-assist.md,9.56,1.0,991.0,py-why/dowhy,repo-assist.md,0.39,same_owner,1.0
1532,335,fsprojects/FSharp.Formatting,repo-assist.md,22,,,,,,1.0,1543.0,fsprojects/FsHttp,repo-assist.md,9.61,1.0,991.0,py-why/dowhy,repo-assist.md,0.44,same_owner,1.0
1533,335,fsprojects/FSharp.Formatting,repo-assist.md,23,,,,,,1.0,1543.0,fsprojects/FsHttp,repo-assist.md,14.27,1.0,991.0,py-why/dowhy,repo-assist.md,5.1,same_owner,1.0
1534,335,fsprojects/FSharp.Formatting,repo-assist.md,24,,,,,,1.0,1543.0,fsprojects/FsHttp,repo-assist.md,17.44,1.0,991.0,py-why/dowhy,repo-assist.md,8.27,same_owner,1.0
1535,335,fsprojects/FSharp.Formatting,repo-assist.md,25,,,,,,1.0,1543.0,fsprojects/FsHttp,repo-assist.md,23.22,1.0,991.0,py-why/dowhy,repo-assist.md,14.04,same_owner,1.0
1536,335,fsprojects/FSharp.Formatting,repo-assist.md,26,,,,,,1.0,1543.0,fsprojects/FsHttp,repo-assist.md,33.67,1.0,991.0,py-why/dowhy,repo-assist.md,24.49,same_owner,1.0
1537,335,fsprojects/FSharp.Formatting,repo-assist.md,27,,,,,,1.0,1543.0,fsprojects/FsHttp,repo-assist.md,41.59,1.0,991.0,py-why/dowhy,repo-assist.md,32.42,same_owner,1.0
1538,335,fsprojects/FSharp.Formatting,repo-assist.md,28,,,,,,1.0,1543.0,fsprojects/FsHttp,repo-assist.md,52.8,1.0,54.0,uxsoft/AppleWirelessKeyboard,repo-assist.md,8.54,same_owner,1.0
1539,335,fsprojects/FSharp.Formatting,repo-assist.md,29,,,,,,1.0,1613.0,fsprojects/SwaggerProvider,repo-assist.md,0.94,0.9677,667.0,sergey-tihon/Clippit,clippy.md,0.93,same_owner,1.0
1540,335,fsprojects/FSharp.Formatting,repo-assist.md,30,,,,,,1.0,1641.0,fsprojects/FSharpx.Collections,repo-assist.md,0.0,0.9901,1448.0,fslaborg/Deedle,repo-assist.md,3.0,same_owner,1.0
1541,335,fsprojects/FSharp.Formatting,repo-assist.md,31,,,,,,1.0,1598.0,fsprojects/FSharp.TypeProviders.SDK,repo-assist.md,25.09,1.0,1449.0,fslaborg/Deedle,repo-assist.md,25.09,same_owner,1.0
1542,335,fsprojects/FSharp.Formatting,repo-assist.md,32,,,,,,1.0,1598.0,fsprojects/FSharp.TypeProviders.SDK,repo-assist.md,34.25,1.0,1043.0,baizhiheizi/quill,repo-assist.md,4.69,same_owner,1.0
1543,336,fsprojects/FsHttp,repo-assist.md,1,,,,,,1.0,1530.0,fsprojects/FSharp.Formatting,repo-assist.md,0.59,1.0,1440.0,fslaborg/Deedle,repo-assist.md,0.61,same_owner,1.0
1544,337,ionide/FsAutoComplete,repo-assist.md,1,,,,,,,,,,,1.0,1515.0,fsprojects/FSharp.Formatting,repo-assist.md,0.03,other_owner,1.0
1545,337,ionide/FsAutoComplete,repo-assist.md,2,,,,,,,,,,,0.9885,1515.0,fsprojects/FSharp.Formatting,repo-assist.md,0.04,other_owner,0.9885
1546,337,ionide/FsAutoComplete,repo-assist.md,3,,,,,,0.9402,1452.0,ionide/ionide-vscode-fsharp,repo-assist.md,0.03,1.0,1517.0,fsprojects/FSharp.Formatting,repo-assist.md,0.0,other_owner,1.0
1547,337,ionide/FsAutoComplete,repo-assist.md,4,,,,,,0.9891,1454.0,ionide/ionide-vscode-fsharp,repo-assist.md,0.01,1.0,1518.0,fsprojects/FSharp.Formatting,repo-assist.md,0.0,other_owner,1.0
1548,337,ionide/FsAutoComplete,repo-assist.md,5,,,,,,0.9671,1455.0,ionide/ionide-vscode-fsharp,repo-assist.md,0.16,1.0,1519.0,fsprojects/FSharp.Formatting,repo-assist.md,0.0,other_owner,1.0
1549,337,ionide/FsAutoComplete,repo-assist.md,6,,,,,,1.0,1456.0,ionide/ionide-vscode-fsharp,repo-assist.md,0.9,1.0,1481.0,fsprojects/fantomas,repo-assist.md,0.27,same_owner,1.0
1550,337,ionide/FsAutoComplete,repo-assist.md,7,,,,,,0.9489,1456.0,ionide/ionide-vscode-fsharp,repo-assist.md,1.23,1.0,1520.0,fsprojects/FSharp.Formatting,repo-assist.md,0.0,other_owner,1.0
1551,337,ionide/FsAutoComplete,repo-assist.md,8,,,,,,1.0,1457.0,ionide/ionide-vscode-fsharp,repo-assist.md,0.62,1.0,1520.0,fsprojects/FSharp.Formatting,repo-assist.md,0.62,same_owner,1.0
1552,337,ionide/FsAutoComplete,repo-assist.md,9,,,,,,0.9715,1457.0,ionide/ionide-vscode-fsharp,repo-assist.md,1.63,1.0,1522.0,fsprojects/FSharp.Formatting,repo-assist.md,0.0,other_owner,1.0
1553,337,ionide/FsAutoComplete,repo-assist.md,10,,,,,,0.918,1459.0,ionide/ionide-vscode-fsharp,repo-assist.md,0.68,1.0,1523.0,fsprojects/FSharp.Formatting,repo-assist.md,0.0,other_owner,1.0
1554,337,ionide/FsAutoComplete,repo-assist.md,11,,,,,,0.9687,1460.0,ionide/ionide-vscode-fsharp,repo-assist.md,0.09,1.0,1524.0,fsprojects/FSharp.Formatting,repo-assist.md,0.0,other_owner,1.0
1555,337,ionide/FsAutoComplete,repo-assist.md,12,,,,,,1.0,1461.0,ionide/ionide-vscode-fsharp,repo-assist.md,2.49,1.0,1524.0,fsprojects/FSharp.Formatting,repo-assist.md,2.49,same_owner,1.0
1556,337,ionide/FsAutoComplete,repo-assist.md,13,,,,,,1.0,1461.0,ionide/ionide-vscode-fsharp,repo-assist.md,5.41,1.0,584.0,licensee/licensee,repo-assist.md,1.85,same_owner,1.0
1557,337,ionide/FsAutoComplete,repo-assist.md,14,,,,,,0.7887,1457.0,ionide/ionide-vscode-fsharp,repo-assist.md,10.83,1.0,1527.0,fsprojects/FSharp.Formatting,repo-assist.md,0.0,other_owner,1.0
1558,337,ionide/FsAutoComplete,repo-assist.md,15,,,,,,1.0,1464.0,ionide/ionide-vscode-fsharp,repo-assist.md,0.0,1.0,1527.0,fsprojects/FSharp.Formatting,repo-assist.md,0.0,same_owner,1.0
1559,337,ionide/FsAutoComplete,repo-assist.md,16,,,,,,1.0,1464.0,ionide/ionide-vscode-fsharp,repo-assist.md,0.0,1.0,1527.0,fsprojects/FSharp.Formatting,repo-assist.md,0.0,same_owner,1.0
1560,337,ionide/FsAutoComplete,repo-assist.md,17,,,,,,1.0,1464.0,ionide/ionide-vscode-fsharp,repo-assist.md,0.01,1.0,1527.0,fsprojects/FSharp.Formatting,repo-assist.md,0.01,same_owner,1.0
1561,337,ionide/FsAutoComplete,repo-assist.md,18,,,,,,0.9906,1464.0,ionide/ionide-vscode-fsharp,repo-assist.md,1.93,1.0,1440.0,fslaborg/Deedle,repo-assist.md,0.02,other_owner,1.0
1562,337,ionide/FsAutoComplete,repo-assist.md,19,,,,,,1.0,1467.0,ionide/ionide-vscode-fsharp,repo-assist.md,10.15,1.0,991.0,py-why/dowhy,repo-assist.md,0.39,same_owner,1.0
1563,337,ionide/FsAutoComplete,repo-assist.md,20,,,,,,1.0,1467.0,ionide/ionide-vscode-fsharp,repo-assist.md,10.2,1.0,991.0,py-why/dowhy,repo-assist.md,0.44,same_owner,1.0
1564,337,ionide/FsAutoComplete,repo-assist.md,21,,,,,,1.0,1467.0,ionide/ionide-vscode-fsharp,repo-assist.md,14.86,1.0,991.0,py-why/dowhy,repo-assist.md,5.1,same_owner,1.0
1565,337,ionide/FsAutoComplete,repo-assist.md,22,,,,,,1.0,1467.0,ionide/ionide-vscode-fsharp,repo-assist.md,18.03,1.0,991.0,py-why/dowhy,repo-assist.md,8.27,same_owner,1.0
1566,337,ionide/FsAutoComplete,repo-assist.md,23,,,,,,1.0,1467.0,ionide/ionide-vscode-fsharp,repo-assist.md,23.8,1.0,991.0,py-why/dowhy,repo-assist.md,14.04,same_owner,1.0
1567,337,ionide/FsAutoComplete,repo-assist.md,24,,,,,,1.0,1467.0,ionide/ionide-vscode-fsharp,repo-assist.md,25.09,1.0,991.0,py-why/dowhy,repo-assist.md,15.33,same_owner,1.0
1568,337,ionide/FsAutoComplete,repo-assist.md,25,,,,,,1.0,1467.0,ionide/ionide-vscode-fsharp,repo-assist.md,26.68,1.0,991.0,py-why/dowhy,repo-assist.md,16.91,same_owner,1.0
1569,337,ionide/FsAutoComplete,repo-assist.md,26,,,,,,1.0,1467.0,ionide/ionide-vscode-fsharp,repo-assist.md,34.26,1.0,991.0,py-why/dowhy,repo-assist.md,24.49,same_owner,1.0
1570,337,ionide/FsAutoComplete,repo-assist.md,27,,,,,,1.0,1467.0,ionide/ionide-vscode-fsharp,repo-assist.md,42.18,1.0,991.0,py-why/dowhy,repo-assist.md,32.42,same_owner,1.0
1571,337,ionide/FsAutoComplete,repo-assist.md,28,,,,,,0.9631,1464.0,ionide/ionide-vscode-fsharp,repo-assist.md,60.51,1.0,1539.0,fsprojects/FSharp.Formatting,repo-assist.md,0.0,other_owner,1.0
1572,337,ionide/FsAutoComplete,repo-assist.md,29,,,,,,0.9901,1477.0,ionide/ionide-vscode-fsharp,repo-assist.md,3.0,1.0,1540.0,fsprojects/FSharp.Formatting,repo-assist.md,0.0,other_owner,1.0
1573,337,ionide/FsAutoComplete,repo-assist.md,30,,,,,,1.0,1478.0,ionide/ionide-vscode-fsharp,repo-assist.md,34.25,1.0,1043.0,baizhiheizi/quill,repo-assist.md,4.69,same_owner,1.0
1574,338,MoiraeSoftware/Myriad,q.md,1,,,,,,,,,,,0.0888,1319.0,openvinotoolkit/openvino.genai,ci-doctor.md,0.04,other_owner,0.0888
1575,339,fsprojects/FSharp.TypeProviders.SDK,repo-assist.md,1,,,,,,1.0,1520.0,fsprojects/FSharp.Formatting,repo-assist.md,0.72,1.0,1457.0,ionide/ionide-vscode-fsharp,repo-assist.md,0.72,same_owner,1.0
1576,339,fsprojects/FSharp.TypeProviders.SDK,repo-assist.md,2,,,,,,1.0,1522.0,fsprojects/FSharp.Formatting,repo-assist.md,0.01,1.0,1459.0,ionide/ionide-vscode-fsharp,repo-assist.md,0.01,same_owner,1.0
1577,339,fsprojects/FSharp.TypeProviders.SDK,repo-assist.md,3,,,,,,1.0,1523.0,fsprojects/FSharp.Formatting,repo-assist.md,0.0,0.918,1459.0,ionide/ionide-vscode-fsharp,repo-assist.md,0.68,same_owner,1.0
1578,339,fsprojects/FSharp.TypeProviders.SDK,repo-assist.md,4,,,,,,1.0,1524.0,fsprojects/FSharp.Formatting,repo-assist.md,0.0,0.9687,1460.0,ionide/ionide-vscode-fsharp,repo-assist.md,0.09,same_owner,1.0
1579,339,fsprojects/FSharp.TypeProviders.SDK,repo-assist.md,5,,,,,,1.0,1524.0,fsprojects/FSharp.Formatting,repo-assist.md,2.49,1.0,1461.0,ionide/ionide-vscode-fsharp,repo-assist.md,2.49,same_owner,1.0
1580,339,fsprojects/FSharp.TypeProviders.SDK,repo-assist.md,6,,,,,,1.0,1524.0,fsprojects/FSharp.Formatting,repo-assist.md,5.41,1.0,584.0,licensee/licensee,repo-assist.md,1.85,same_owner,1.0
1581,339,fsprojects/FSharp.TypeProviders.SDK,repo-assist.md,7,,,,,,1.0,1527.0,fsprojects/FSharp.Formatting,repo-assist.md,0.0,0.7887,1457.0,ionide/ionide-vscode-fsharp,repo-assist.md,10.83,same_owner,1.0
1582,339,fsprojects/FSharp.TypeProviders.SDK,repo-assist.md,8,,,,,,1.0,1527.0,fsprojects/FSharp.Formatting,repo-assist.md,0.0,0.7887,1457.0,ionide/ionide-vscode-fsharp,repo-assist.md,10.83,same_owner,1.0
1583,339,fsprojects/FSharp.TypeProviders.SDK,repo-assist.md,9,,,,,,1.0,1527.0,fsprojects/FSharp.Formatting,repo-assist.md,0.01,1.0,1464.0,ionide/ionide-vscode-fsharp,repo-assist.md,0.01,same_owner,1.0
1584,339,fsprojects/FSharp.TypeProviders.SDK,repo-assist.md,10,,,,,,1.0,1530.0,fsprojects/FSharp.Formatting,repo-assist.md,0.0,1.0,1440.0,fslaborg/Deedle,repo-assist.md,0.02,same_owner,1.0
1585,339,fsprojects/FSharp.TypeProviders.SDK,repo-assist.md,11,,,,,,1.0,1530.0,fsprojects/FSharp.Formatting,repo-assist.md,10.15,1.0,991.0,py-why/dowhy,repo-assist.md,0.39,same_owner,1.0
1586,339,fsprojects/FSharp.TypeProviders.SDK,repo-assist.md,12,,,,,,1.0,1530.0,fsprojects/FSharp.Formatting,repo-assist.md,10.2,1.0,991.0,py-why/dowhy,repo-assist.md,0.44,same_owner,1.0
1587,339,fsprojects/FSharp.TypeProviders.SDK,repo-assist.md,13,,,,,,1.0,1530.0,fsprojects/FSharp.Formatting,repo-assist.md,14.86,1.0,991.0,py-why/dowhy,repo-assist.md,5.1,same_owner,1.0
1588,339,fsprojects/FSharp.TypeProviders.SDK,repo-assist.md,14,,,,,,1.0,1530.0,fsprojects/FSharp.Formatting,repo-assist.md,16.66,1.0,991.0,py-why/dowhy,repo-assist.md,6.9,same_owner,1.0
1589,339,fsprojects/FSharp.TypeProviders.SDK,repo-assist.md,15,,,,,,1.0,1530.0,fsprojects/FSharp.Formatting,repo-assist.md,16.66,1.0,991.0,py-why/dowhy,repo-assist.md,6.9,same_owner,1.0
1590,339,fsprojects/FSharp.TypeProviders.SDK,repo-assist.md,16,,,,,,1.0,1530.0,fsprojects/FSharp.Formatting,repo-assist.md,18.03,1.0,991.0,py-why/dowhy,repo-assist.md,8.27,same_owner,1.0
1591,339,fsprojects/FSharp.TypeProviders.SDK,repo-assist.md,17,,,,,,1.0,1530.0,fsprojects/FSharp.Formatting,repo-assist.md,23.8,1.0,991.0,py-why/dowhy,repo-assist.md,14.04,same_owner,1.0
1592,339,fsprojects/FSharp.TypeProviders.SDK,repo-assist.md,18,,,,,,1.0,1530.0,fsprojects/FSharp.Formatting,repo-assist.md,25.09,1.0,991.0,py-why/dowhy,repo-assist.md,15.32,same_owner,1.0
1593,339,fsprojects/FSharp.TypeProviders.SDK,repo-assist.md,19,,,,,,1.0,1530.0,fsprojects/FSharp.Formatting,repo-assist.md,26.68,1.0,991.0,py-why/dowhy,repo-assist.md,16.91,same_owner,1.0
1594,339,fsprojects/FSharp.TypeProviders.SDK,repo-assist.md,20,,,,,,1.0,1530.0,fsprojects/FSharp.Formatting,repo-assist.md,34.26,1.0,991.0,py-why/dowhy,repo-assist.md,24.49,same_owner,1.0
1595,339,fsprojects/FSharp.TypeProviders.SDK,repo-assist.md,21,,,,,,1.0,1530.0,fsprojects/FSharp.Formatting,repo-assist.md,42.18,1.0,991.0,py-why/dowhy,repo-assist.md,32.42,same_owner,1.0
1596,339,fsprojects/FSharp.TypeProviders.SDK,repo-assist.md,22,,,,,,1.0,1530.0,fsprojects/FSharp.Formatting,repo-assist.md,53.39,1.0,54.0,uxsoft/AppleWirelessKeyboard,repo-assist.md,8.54,same_owner,1.0
1597,339,fsprojects/FSharp.TypeProviders.SDK,repo-assist.md,23,,,,,,1.0,1539.0,fsprojects/FSharp.Formatting,repo-assist.md,0.0,0.9677,667.0,sergey-tihon/Clippit,clippy.md,0.93,same_owner,1.0
1598,339,fsprojects/FSharp.TypeProviders.SDK,repo-assist.md,24,,,,,,1.0,1540.0,fsprojects/FSharp.Formatting,repo-assist.md,0.0,0.9901,1448.0,fslaborg/Deedle,repo-assist.md,3.0,same_owner,1.0
1599,339,fsprojects/FSharp.TypeProviders.SDK,repo-assist.md,25,,,,,,1.0,1540.0,fsprojects/FSharp.Formatting,repo-assist.md,25.09,1.0,1449.0,fslaborg/Deedle,repo-assist.md,25.09,same_owner,1.0
1600,339,fsprojects/FSharp.TypeProviders.SDK,repo-assist.md,26,,,,,,1.0,1540.0,fsprojects/FSharp.Formatting,repo-assist.md,34.25,1.0,1043.0,baizhiheizi/quill,repo-assist.md,4.69,same_owner,1.0
1601,340,fsprojects/SwaggerProvider,repo-assist.md,1,,,,,,1.0,1625.0,fsprojects/FSharpx.Collections,repo-assist.md,0.21,1.0,1440.0,fslaborg/Deedle,repo-assist.md,0.02,same_owner,1.0
1602,340,fsprojects/SwaggerProvider,repo-assist.md,2,,,,,,1.0,1530.0,fsprojects/FSharp.Formatting,repo-assist.md,0.0,1.0,1440.0,fslaborg/Deedle,repo-assist.md,0.03,same_owner,1.0
1603,340,fsprojects/SwaggerProvider,repo-assist.md,3,,,,,,1.0,1530.0,fsprojects/FSharp.Formatting,repo-assist.md,10.21,1.0,991.0,py-why/dowhy,repo-assist.md,0.44,same_owner,1.0
1604,340,fsprojects/SwaggerProvider,repo-assist.md,4,,,,,,1.0,1530.0,fsprojects/FSharp.Formatting,repo-assist.md,14.86,1.0,991.0,py-why/dowhy,repo-assist.md,5.1,same_owner,1.0
1605,340,fsprojects/SwaggerProvider,repo-assist.md,5,,,,,,1.0,1530.0,fsprojects/FSharp.Formatting,repo-assist.md,18.03,1.0,991.0,py-why/dowhy,repo-assist.md,8.27,same_owner,1.0
1606,340,fsprojects/SwaggerProvider,repo-assist.md,6,,,,,,1.0,1530.0,fsprojects/FSharp.Formatting,repo-assist.md,23.81,1.0,991.0,py-why/dowhy,repo-assist.md,14.04,same_owner,1.0
1607,340,fsprojects/SwaggerProvider,repo-assist.md,7,,,,,,1.0,1530.0,fsprojects/FSharp.Formatting,repo-assist.md,25.09,1.0,991.0,py-why/dowhy,repo-assist.md,15.33,same_owner,1.0
1608,340,fsprojects/SwaggerProvider,repo-assist.md,8,,,,,,1.0,1530.0,fsprojects/FSharp.Formatting,repo-assist.md,26.68,1.0,991.0,py-why/dowhy,repo-assist.md,16.91,same_owner,1.0
1609,340,fsprojects/SwaggerProvider,repo-assist.md,9,,,,,,1.0,1530.0,fsprojects/FSharp.Formatting,repo-assist.md,33.59,1.0,991.0,py-why/dowhy,repo-assist.md,23.82,same_owner,1.0
1610,340,fsprojects/SwaggerProvider,repo-assist.md,10,,,,,,1.0,1530.0,fsprojects/FSharp.Formatting,repo-assist.md,34.26,1.0,991.0,py-why/dowhy,repo-assist.md,24.49,same_owner,1.0
1611,340,fsprojects/SwaggerProvider,repo-assist.md,11,,,,,,1.0,1530.0,fsprojects/FSharp.Formatting,repo-assist.md,40.38,1.0,991.0,py-why/dowhy,repo-assist.md,30.62,same_owner,1.0
1612,340,fsprojects/SwaggerProvider,repo-assist.md,12,,,,,,1.0,1530.0,fsprojects/FSharp.Formatting,repo-assist.md,47.39,1.0,54.0,uxsoft/AppleWirelessKeyboard,repo-assist.md,2.54,same_owner,1.0
1613,340,fsprojects/SwaggerProvider,repo-assist.md,13,,,,,,0.9662,1645.0,fsprojects/FSharp.Data.SqlClient,repo-assist.md,58.58,0.9631,1464.0,ionide/ionide-vscode-fsharp,repo-assist.md,59.57,same_owner,0.9662
1614,340,fsprojects/SwaggerProvider,repo-assist.md,14,,,,,,0.9662,1645.0,fsprojects/FSharp.Data.SqlClient,repo-assist.md,58.9,0.9677,667.0,sergey-tihon/Clippit,clippy.md,0.31,other_owner,0.9677
1615,340,fsprojects/SwaggerProvider,repo-assist.md,15,,,,,,0.9944,1539.0,fsprojects/FSharp.Formatting,repo-assist.md,2.75,0.9944,1448.0,fslaborg/Deedle,repo-assist.md,2.75,same_owner,0.9944
1616,340,fsprojects/SwaggerProvider,repo-assist.md,16,,,,,,1.0,1540.0,fsprojects/FSharp.Formatting,repo-assist.md,0.0,1.0,1478.0,ionide/ionide-vscode-fsharp,repo-assist.md,0.0,same_owner,1.0
1617,340,fsprojects/SwaggerProvider,repo-assist.md,17,,,,,,1.0,1540.0,fsprojects/FSharp.Formatting,repo-assist.md,1.17,1.0,1449.0,fslaborg/Deedle,repo-assist.md,1.17,same_owner,1.0
1618,340,fsprojects/SwaggerProvider,repo-assist.md,18,,,,,,1.0,1540.0,fsprojects/FSharp.Formatting,repo-assist.md,3.74,1.0,1449.0,fslaborg/Deedle,repo-assist.md,3.74,same_owner,1.0
1619,340,fsprojects/SwaggerProvider,repo-assist.md,19,,,,,,1.0,1540.0,fsprojects/FSharp.Formatting,repo-assist.md,6.87,1.0,1449.0,fslaborg/Deedle,repo-assist.md,6.87,same_owner,1.0
1620,340,fsprojects/SwaggerProvider,repo-assist.md,20,,,,,,1.0,1540.0,fsprojects/FSharp.Formatting,repo-assist.md,10.75,1.0,1449.0,fslaborg/Deedle,repo-assist.md,10.75,same_owner,1.0
1621,340,fsprojects/SwaggerProvider,repo-assist.md,21,,,,,,1.0,1540.0,fsprojects/FSharp.Formatting,repo-assist.md,18.26,1.0,1449.0,fslaborg/Deedle,repo-assist.md,18.26,same_owner,1.0
1622,340,fsprojects/SwaggerProvider,repo-assist.md,22,,,,,,1.0,1540.0,fsprojects/FSharp.Formatting,repo-assist.md,18.36,1.0,1449.0,fslaborg/Deedle,repo-assist.md,18.36,same_owner,1.0
1623,340,fsprojects/SwaggerProvider,repo-assist.md,23,,,,,,1.0,1540.0,fsprojects/FSharp.Formatting,repo-assist.md,20.81,1.0,1449.0,fslaborg/Deedle,repo-assist.md,20.81,same_owner,1.0
1624,340,fsprojects/SwaggerProvider,repo-assist.md,24,,,,,,1.0,1540.0,fsprojects/FSharp.Formatting,repo-assist.md,34.25,1.0,1043.0,baizhiheizi/quill,repo-assist.md,4.69,same_owner,1.0
1625,341,fsprojects/FSharpx.Collections,repo-assist.md,1,,,,,,1.0,1646.0,fsprojects/FSharp.Data.SqlClient,repo-assist.md,0.61,0.9906,1464.0,ionide/ionide-vscode-fsharp,repo-assist.md,1.71,same_owner,1.0
1626,341,fsprojects/FSharpx.Collections,repo-assist.md,2,,,,,,1.0,1646.0,fsprojects/FSharp.Data.SqlClient,repo-assist.md,0.64,0.9906,1464.0,ionide/ionide-vscode-fsharp,repo-assist.md,1.73,same_owner,1.0
1627,341,fsprojects/FSharpx.Collections,repo-assist.md,3,,,,,,1.0,1646.0,fsprojects/FSharp.Data.SqlClient,repo-assist.md,0.64,0.9906,1464.0,ionide/ionide-vscode-fsharp,repo-assist.md,1.74,same_owner,1.0
1628,341,fsprojects/FSharpx.Collections,repo-assist.md,4,,,,,,1.0,1646.0,fsprojects/FSharp.Data.SqlClient,repo-assist.md,0.8,0.9906,1464.0,ionide/ionide-vscode-fsharp,repo-assist.md,1.89,same_owner,1.0
1629,341,fsprojects/FSharpx.Collections,repo-assist.md,5,,,,,,1.0,1601.0,fsprojects/SwaggerProvider,repo-assist.md,0.01,1.0,1440.0,fslaborg/Deedle,repo-assist.md,0.02,same_owner,1.0
1630,341,fsprojects/FSharpx.Collections,repo-assist.md,6,,,,,,1.0,1530.0,fsprojects/FSharp.Formatting,repo-assist.md,7.65,1.0,1440.0,fslaborg/Deedle,repo-assist.md,7.68,same_owner,1.0
1631,341,fsprojects/FSharpx.Collections,repo-assist.md,7,,,,,,1.0,1530.0,fsprojects/FSharp.Formatting,repo-assist.md,10.15,1.0,991.0,py-why/dowhy,repo-assist.md,0.39,same_owner,1.0
1632,341,fsprojects/FSharpx.Collections,repo-assist.md,8,,,,,,1.0,1530.0,fsprojects/FSharp.Formatting,repo-assist.md,10.2,1.0,991.0,py-why/dowhy,repo-assist.md,0.44,same_owner,1.0
1633,341,fsprojects/FSharpx.Collections,repo-assist.md,9,,,,,,1.0,1530.0,fsprojects/FSharp.Formatting,repo-assist.md,14.86,1.0,991.0,py-why/dowhy,repo-assist.md,5.1,same_owner,1.0
1634,341,fsprojects/FSharpx.Collections,repo-assist.md,10,,,,,,1.0,1530.0,fsprojects/FSharp.Formatting,repo-assist.md,18.03,1.0,991.0,py-why/dowhy,repo-assist.md,8.27,same_owner,1.0
1635,341,fsprojects/FSharpx.Collections,repo-assist.md,11,,,,,,1.0,1530.0,fsprojects/FSharp.Formatting,repo-assist.md,23.8,1.0,991.0,py-why/dowhy,repo-assist.md,14.04,same_owner,1.0
1636,341,fsprojects/FSharpx.Collections,repo-assist.md,12,,,,,,1.0,1530.0,fsprojects/FSharp.Formatting,repo-assist.md,25.09,1.0,991.0,py-why/dowhy,repo-assist.md,15.32,same_owner,1.0
1637,341,fsprojects/FSharpx.Collections,repo-assist.md,13,,,,,,1.0,1530.0,fsprojects/FSharp.Formatting,repo-assist.md,26.68,1.0,991.0,py-why/dowhy,repo-assist.md,16.91,same_owner,1.0
1638,341,fsprojects/FSharpx.Collections,repo-assist.md,14,,,,,,1.0,1530.0,fsprojects/FSharp.Formatting,repo-assist.md,34.26,1.0,991.0,py-why/dowhy,repo-assist.md,24.49,same_owner,1.0
1639,341,fsprojects/FSharpx.Collections,repo-assist.md,15,,,,,,1.0,1530.0,fsprojects/FSharp.Formatting,repo-assist.md,42.18,1.0,991.0,py-why/dowhy,repo-assist.md,32.42,same_owner,1.0
1640,341,fsprojects/FSharpx.Collections,repo-assist.md,16,,,,,,1.0,1613.0,fsprojects/SwaggerProvider,repo-assist.md,0.94,0.9677,667.0,sergey-tihon/Clippit,clippy.md,0.93,same_owner,1.0
1641,341,fsprojects/FSharpx.Collections,repo-assist.md,17,,,,,,1.0,1708.0,fsprojects/FSharp.Control.AsyncSeq,repo-assist.md,0.0,0.9901,1448.0,fslaborg/Deedle,repo-assist.md,3.0,same_owner,1.0
1642,341,fsprojects/FSharpx.Collections,repo-assist.md,18,,,,,,1.0,1540.0,fsprojects/FSharp.Formatting,repo-assist.md,25.09,1.0,1449.0,fslaborg/Deedle,repo-assist.md,25.09,same_owner,1.0
1643,341,fsprojects/FSharpx.Collections,repo-assist.md,19,,,,,,1.0,1540.0,fsprojects/FSharp.Formatting,repo-assist.md,34.25,1.0,1043.0,baizhiheizi/quill,repo-assist.md,4.69,same_owner,1.0
1644,342,fsprojects/FSharp.Data.SqlClient,repo-assist.md,1,,,,,,1.0,1527.0,fsprojects/FSharp.Formatting,repo-assist.md,0.85,1.0,1464.0,ionide/ionide-vscode-fsharp,repo-assist.md,0.85,same_owner,1.0
1645,342,fsprojects/FSharp.Data.SqlClient,repo-assist.md,2,,,,,,0.9967,1527.0,fsprojects/FSharp.Formatting,repo-assist.md,0.99,0.9967,1464.0,ionide/ionide-vscode-fsharp,repo-assist.md,0.99,same_owner,0.9967
1646,342,fsprojects/FSharp.Data.SqlClient,repo-assist.md,3,,,,,,1.0,1715.0,fsprojects/FSharp.Control.TaskSeq,repo-assist.md,0.0,0.9906,1464.0,ionide/ionide-vscode-fsharp,repo-assist.md,1.1,same_owner,1.0
1647,342,fsprojects/FSharp.Data.SqlClient,repo-assist.md,4,,,,,,1.0,1601.0,fsprojects/SwaggerProvider,repo-assist.md,0.01,1.0,1440.0,fslaborg/Deedle,repo-assist.md,0.02,same_owner,1.0
1648,342,fsprojects/FSharp.Data.SqlClient,repo-assist.md,5,,,,,,1.0,1530.0,fsprojects/FSharp.Formatting,repo-assist.md,7.67,1.0,1440.0,fslaborg/Deedle,repo-assist.md,7.69,same_owner,1.0
1649,342,fsprojects/FSharp.Data.SqlClient,repo-assist.md,6,,,,,,1.0,1530.0,fsprojects/FSharp.Formatting,repo-assist.md,14.86,1.0,991.0,py-why/dowhy,repo-assist.md,5.1,same_owner,1.0
1650,342,fsprojects/FSharp.Data.SqlClient,repo-assist.md,7,,,,,,1.0,1530.0,fsprojects/FSharp.Formatting,repo-assist.md,20.65,1.0,991.0,py-why/dowhy,repo-assist.md,10.88,same_owner,1.0
1651,342,fsprojects/FSharp.Data.SqlClient,repo-assist.md,8,,,,,,1.0,1530.0,fsprojects/FSharp.Formatting,repo-assist.md,23.8,1.0,991.0,py-why/dowhy,repo-assist.md,14.04,same_owner,1.0
1652,342,fsprojects/FSharp.Data.SqlClient,repo-assist.md,9,,,,,,1.0,1530.0,fsprojects/FSharp.Formatting,repo-assist.md,25.09,1.0,991.0,py-why/dowhy,repo-assist.md,15.32,same_owner,1.0
1653,342,fsprojects/FSharp.Data.SqlClient,repo-assist.md,10,,,,,,1.0,1530.0,fsprojects/FSharp.Formatting,repo-assist.md,26.68,1.0,991.0,py-why/dowhy,repo-assist.md,16.91,same_owner,1.0
1654,342,fsprojects/FSharp.Data.SqlClient,repo-assist.md,11,,,,,,1.0,1530.0,fsprojects/FSharp.Formatting,repo-assist.md,34.26,1.0,991.0,py-why/dowhy,repo-assist.md,24.49,same_owner,1.0
1655,342,fsprojects/FSharp.Data.SqlClient,repo-assist.md,12,,,,,,1.0,1530.0,fsprojects/FSharp.Formatting,repo-assist.md,42.18,1.0,991.0,py-why/dowhy,repo-assist.md,32.42,same_owner,1.0
1656,342,fsprojects/FSharp.Data.SqlClient,repo-assist.md,13,,,,,,1.0,1613.0,fsprojects/SwaggerProvider,repo-assist.md,0.94,0.9677,667.0,sergey-tihon/Clippit,clippy.md,0.93,same_owner,1.0
1657,342,fsprojects/FSharp.Data.SqlClient,repo-assist.md,14,,,,,,1.0,1641.0,fsprojects/FSharpx.Collections,repo-assist.md,0.0,0.9901,1448.0,fslaborg/Deedle,repo-assist.md,3.0,same_owner,1.0
1658,342,fsprojects/FSharp.Data.SqlClient,repo-assist.md,15,,,,,,1.0,1540.0,fsprojects/FSharp.Formatting,repo-assist.md,25.09,1.0,1449.0,fslaborg/Deedle,repo-assist.md,25.09,same_owner,1.0
1659,342,fsprojects/FSharp.Data.SqlClient,repo-assist.md,16,,,,,,1.0,1540.0,fsprojects/FSharp.Formatting,repo-assist.md,34.25,1.0,1043.0,baizhiheizi/quill,repo-assist.md,4.69,same_owner,1.0
1660,343,fslaborg/FSharp.Stats,repo-assist.md,1,,,,,,1.0,1440.0,fslaborg/Deedle,repo-assist.md,14.06,1.0,991.0,py-why/dowhy,repo-assist.md,4.28,same_owner,1.0
1661,343,fslaborg/FSharp.Stats,repo-assist.md,2,,,,,,1.0,1440.0,fslaborg/Deedle,repo-assist.md,14.89,1.0,991.0,py-why/dowhy,repo-assist.md,5.1,same_owner,1.0
1662,343,fslaborg/FSharp.Stats,repo-assist.md,3,,,,,,1.0,1440.0,fslaborg/Deedle,repo-assist.md,18.06,1.0,991.0,py-why/dowhy,repo-assist.md,8.27,same_owner,1.0
1663,343,fslaborg/FSharp.Stats,repo-assist.md,4,,,,,,1.0,1440.0,fslaborg/Deedle,repo-assist.md,23.83,1.0,991.0,py-why/dowhy,repo-assist.md,14.04,same_owner,1.0
1664,343,fslaborg/FSharp.Stats,repo-assist.md,5,,,,,,1.0,1440.0,fslaborg/Deedle,repo-assist.md,25.11,1.0,991.0,py-why/dowhy,repo-assist.md,15.33,same_owner,1.0
1665,343,fslaborg/FSharp.Stats,repo-assist.md,6,,,,,,1.0,1440.0,fslaborg/Deedle,repo-assist.md,26.7,1.0,991.0,py-why/dowhy,repo-assist.md,16.92,same_owner,1.0
1666,343,fslaborg/FSharp.Stats,repo-assist.md,7,,,,,,1.0,1440.0,fslaborg/Deedle,repo-assist.md,34.28,1.0,991.0,py-why/dowhy,repo-assist.md,24.49,same_owner,1.0
1667,343,fslaborg/FSharp.Stats,repo-assist.md,8,,,,,,1.0,1440.0,fslaborg/Deedle,repo-assist.md,42.19,1.0,991.0,py-why/dowhy,repo-assist.md,32.4,same_owner,1.0
1668,343,fslaborg/FSharp.Stats,repo-assist.md,9,,,,,,1.0,1440.0,fslaborg/Deedle,repo-assist.md,42.21,1.0,991.0,py-why/dowhy,repo-assist.md,32.42,same_owner,1.0
1669,343,fslaborg/FSharp.Stats,repo-assist.md,10,,,,,,1.0,1448.0,fslaborg/Deedle,repo-assist.md,0.0,1.0,1477.0,ionide/ionide-vscode-fsharp,repo-assist.md,0.0,same_owner,1.0
1670,343,fslaborg/FSharp.Stats,repo-assist.md,11,,,,,,1.0,1449.0,fslaborg/Deedle,repo-assist.md,0.0,1.0,1478.0,ionide/ionide-vscode-fsharp,repo-assist.md,0.0,same_owner,1.0
1671,343,fslaborg/FSharp.Stats,repo-assist.md,12,,,,,,1.0,1449.0,fslaborg/Deedle,repo-assist.md,25.09,1.0,1478.0,ionide/ionide-vscode-fsharp,repo-assist.md,25.09,same_owner,1.0
1672,343,fslaborg/FSharp.Stats,repo-assist.md,13,,,,,,1.0,1449.0,fslaborg/Deedle,repo-assist.md,34.25,1.0,1043.0,baizhiheizi/quill,repo-assist.md,4.69,same_owner,1.0
1673,344,fsprojects/FSharp.Control.AsyncSeq,repo-assist.md,1,,,,,,,,,,,0.0887,505.0,appwrite/appwrite,issue-triage.md,106.62,other_owner,0.0887
1674,344,fsprojects/FSharp.Control.AsyncSeq,repo-assist.md,2,,,,,,,,,,,0.0887,505.0,appwrite/appwrite,issue-triage.md,106.64,other_owner,0.0887
1675,344,fsprojects/FSharp.Control.AsyncSeq,repo-assist.md,3,,,,,,,,,,,0.0887,562.0,lablup/backend.ai-webui,daily-test-improver.md,88.26,other_owner,0.0887
1676,344,fsprojects/FSharp.Control.AsyncSeq,repo-assist.md,4,,,,,,,,,,,0.0924,562.0,lablup/backend.ai-webui,daily-test-improver.md,88.6,other_owner,0.0924
1677,344,fsprojects/FSharp.Control.AsyncSeq,repo-assist.md,5,,,,,,0.9935,1511.0,fsprojects/FSharp.Formatting,repo-assist.md,0.01,0.0948,2089.0,kaito-project/aikit,daily-test-improver.md,120.1,same_owner,0.9935
1678,344,fsprojects/FSharp.Control.AsyncSeq,repo-assist.md,6,,,,,,0.4111,1513.0,fsprojects/FSharp.Formatting,repo-assist.md,0.33,0.0868,505.0,appwrite/appwrite,issue-triage.md,107.38,same_owner,0.4111
1679,344,fsprojects/FSharp.Control.AsyncSeq,repo-assist.md,7,,,,,,0.9976,1514.0,fsprojects/FSharp.Formatting,repo-assist.md,0.34,0.0868,505.0,appwrite/appwrite,issue-triage.md,107.72,same_owner,0.9976
1680,344,fsprojects/FSharp.Control.AsyncSeq,repo-assist.md,8,,,,,,0.9885,1515.0,fsprojects/FSharp.Formatting,repo-assist.md,0.06,1.0,1452.0,ionide/ionide-vscode-fsharp,repo-assist.md,0.01,other_owner,1.0
1681,344,fsprojects/FSharp.Control.AsyncSeq,repo-assist.md,9,,,,,,0.9402,1516.0,fsprojects/FSharp.Formatting,repo-assist.md,0.03,0.9402,1452.0,ionide/ionide-vscode-fsharp,repo-assist.md,0.03,same_owner,0.9402
1682,344,fsprojects/FSharp.Control.AsyncSeq,repo-assist.md,10,,,,,,0.9891,1517.0,fsprojects/FSharp.Formatting,repo-assist.md,0.01,0.9891,1454.0,ionide/ionide-vscode-fsharp,repo-assist.md,0.01,same_owner,0.9891
1683,344,fsprojects/FSharp.Control.AsyncSeq,repo-assist.md,11,,,,,,0.9671,1518.0,fsprojects/FSharp.Formatting,repo-assist.md,0.16,0.9671,1455.0,ionide/ionide-vscode-fsharp,repo-assist.md,0.16,same_owner,0.9671
1684,344,fsprojects/FSharp.Control.AsyncSeq,repo-assist.md,12,,,,,,0.9489,1481.0,fsprojects/fantomas,repo-assist.md,0.25,0.9489,1456.0,ionide/ionide-vscode-fsharp,repo-assist.md,0.88,same_owner,0.9489
1685,344,fsprojects/FSharp.Control.AsyncSeq,repo-assist.md,13,,,,,,0.9489,1481.0,fsprojects/fantomas,repo-assist.md,0.6,0.9489,1456.0,ionide/ionide-vscode-fsharp,repo-assist.md,1.23,same_owner,0.9489
1686,344,fsprojects/FSharp.Control.AsyncSeq,repo-assist.md,14,,,,,,1.0,1520.0,fsprojects/FSharp.Formatting,repo-assist.md,0.62,1.0,1457.0,ionide/ionide-vscode-fsharp,repo-assist.md,0.62,same_owner,1.0
1687,344,fsprojects/FSharp.Control.AsyncSeq,repo-assist.md,15,,,,,,0.9715,1520.0,fsprojects/FSharp.Formatting,repo-assist.md,1.63,0.9715,1457.0,ionide/ionide-vscode-fsharp,repo-assist.md,1.63,same_owner,0.9715
1688,344,fsprojects/FSharp.Control.AsyncSeq,repo-assist.md,16,,,,,,0.918,1522.0,fsprojects/FSharp.Formatting,repo-assist.md,0.68,0.918,1459.0,ionide/ionide-vscode-fsharp,repo-assist.md,0.67,same_owner,0.918
1689,344,fsprojects/FSharp.Control.AsyncSeq,repo-assist.md,17,,,,,,0.9687,1523.0,fsprojects/FSharp.Formatting,repo-assist.md,0.09,0.9687,1460.0,ionide/ionide-vscode-fsharp,repo-assist.md,0.09,same_owner,0.9687
1690,344,fsprojects/FSharp.Control.AsyncSeq,repo-assist.md,18,,,,,,1.0,1524.0,fsprojects/FSharp.Formatting,repo-assist.md,2.49,1.0,1461.0,ionide/ionide-vscode-fsharp,repo-assist.md,2.49,same_owner,1.0
1691,344,fsprojects/FSharp.Control.AsyncSeq,repo-assist.md,19,,,,,,1.0,1524.0,fsprojects/FSharp.Formatting,repo-assist.md,5.41,1.0,584.0,licensee/licensee,repo-assist.md,1.85,same_owner,1.0
1692,344,fsprojects/FSharp.Control.AsyncSeq,repo-assist.md,20,,,,,,0.8784,1489.0,fsprojects/fantomas,repo-assist.md,0.0,0.7887,1457.0,ionide/ionide-vscode-fsharp,repo-assist.md,10.83,same_owner,0.8784
1693,344,fsprojects/FSharp.Control.AsyncSeq,repo-assist.md,21,,,,,,0.8784,1489.0,fsprojects/fantomas,repo-assist.md,0.0,0.7887,1457.0,ionide/ionide-vscode-fsharp,repo-assist.md,10.83,same_owner,0.8784
1694,344,fsprojects/FSharp.Control.AsyncSeq,repo-assist.md,22,,,,,,1.0,1527.0,fsprojects/FSharp.Formatting,repo-assist.md,0.01,1.0,1464.0,ionide/ionide-vscode-fsharp,repo-assist.md,0.01,same_owner,1.0
1695,344,fsprojects/FSharp.Control.AsyncSeq,repo-assist.md,23,,,,,,1.0,1601.0,fsprojects/SwaggerProvider,repo-assist.md,0.0,1.0,1440.0,fslaborg/Deedle,repo-assist.md,0.02,same_owner,1.0
1696,344,fsprojects/FSharp.Control.AsyncSeq,repo-assist.md,24,,,,,,1.0,1530.0,fsprojects/FSharp.Formatting,repo-assist.md,10.15,1.0,991.0,py-why/dowhy,repo-assist.md,0.39,same_owner,1.0
1697,344,fsprojects/FSharp.Control.AsyncSeq,repo-assist.md,25,,,,,,1.0,1530.0,fsprojects/FSharp.Formatting,repo-assist.md,10.2,1.0,991.0,py-why/dowhy,repo-assist.md,0.44,same_owner,1.0
1698,344,fsprojects/FSharp.Control.AsyncSeq,repo-assist.md,26,,,,,,1.0,1530.0,fsprojects/FSharp.Formatting,repo-assist.md,14.86,1.0,991.0,py-why/dowhy,repo-assist.md,5.09,same_owner,1.0
1699,344,fsprojects/FSharp.Control.AsyncSeq,repo-assist.md,27,,,,,,1.0,1530.0,fsprojects/FSharp.Formatting,repo-assist.md,18.03,1.0,991.0,py-why/dowhy,repo-assist.md,8.27,same_owner,1.0
1700,344,fsprojects/FSharp.Control.AsyncSeq,repo-assist.md,28,,,,,,1.0,1530.0,fsprojects/FSharp.Formatting,repo-assist.md,23.8,1.0,991.0,py-why/dowhy,repo-assist.md,14.04,same_owner,1.0
1701,344,fsprojects/FSharp.Control.AsyncSeq,repo-assist.md,29,,,,,,1.0,1530.0,fsprojects/FSharp.Formatting,repo-assist.md,25.09,1.0,991.0,py-why/dowhy,repo-assist.md,15.32,same_owner,1.0
1702,344,fsprojects/FSharp.Control.AsyncSeq,repo-assist.md,30,,,,,,1.0,1530.0,fsprojects/FSharp.Formatting,repo-assist.md,26.68,1.0,991.0,py-why/dowhy,repo-assist.md,16.91,same_owner,1.0
1703,344,fsprojects/FSharp.Control.AsyncSeq,repo-assist.md,31,,,,,,1.0,1530.0,fsprojects/FSharp.Formatting,repo-assist.md,34.26,1.0,991.0,py-why/dowhy,repo-assist.md,24.49,same_owner,1.0
1704,344,fsprojects/FSharp.Control.AsyncSeq,repo-assist.md,32,,,,,,1.0,1530.0,fsprojects/FSharp.Formatting,repo-assist.md,39.37,1.0,991.0,py-why/dowhy,repo-assist.md,29.61,same_owner,1.0
1705,344,fsprojects/FSharp.Control.AsyncSeq,repo-assist.md,33,,,,,,1.0,1530.0,fsprojects/FSharp.Formatting,repo-assist.md,42.18,1.0,991.0,py-why/dowhy,repo-assist.md,32.42,same_owner,1.0
1706,344,fsprojects/FSharp.Control.AsyncSeq,repo-assist.md,34,,,,,,1.0,1530.0,fsprojects/FSharp.Formatting,repo-assist.md,53.39,1.0,54.0,uxsoft/AppleWirelessKeyboard,repo-assist.md,8.54,same_owner,1.0
1707,344,fsprojects/FSharp.Control.AsyncSeq,repo-assist.md,35,,,,,,1.0,1613.0,fsprojects/SwaggerProvider,repo-assist.md,0.93,0.9677,667.0,sergey-tihon/Clippit,clippy.md,0.93,same_owner,1.0
1708,344,fsprojects/FSharp.Control.AsyncSeq,repo-assist.md,36,,,,,,0.9956,1615.0,fsprojects/SwaggerProvider,repo-assist.md,0.25,0.9901,1448.0,fslaborg/Deedle,repo-assist.md,3.0,same_owner,0.9956
1709,344,fsprojects/FSharp.Control.AsyncSeq,repo-assist.md,37,,,,,,1.0,1540.0,fsprojects/FSharp.Formatting,repo-assist.md,25.09,1.0,1449.0,fslaborg/Deedle,repo-assist.md,25.09,same_owner,1.0
1710,344,fsprojects/FSharp.Control.AsyncSeq,repo-assist.md,38,,,,,,1.0,1540.0,fsprojects/FSharp.Formatting,repo-assist.md,34.25,1.0,1043.0,baizhiheizi/quill,repo-assist.md,4.69,same_owner,1.0
1711,345,fable-compiler/Fable.Python,repo-assist.md,1,,,,,,0.617,1433.0,fable-compiler/Fable,repo-assist.md,9.79,0.6735,991.0,py-why/dowhy,repo-assist.md,28.35,other_owner,0.6735
1712,345,fable-compiler/Fable.Python,repo-assist.md,2,,,,,,0.617,1433.0,fable-compiler/Fable,repo-assist.md,33.21,0.6735,54.0,uxsoft/AppleWirelessKeyboard,repo-assist.md,16.68,other_owner,0.6735
1713,346,fsprojects/FSharp.Control.TaskSeq,repo-assist.md,1,,,,,,1.0,1527.0,fsprojects/FSharp.Formatting,repo-assist.md,0.79,1.0,1464.0,ionide/ionide-vscode-fsharp,repo-assist.md,0.79,same_owner,1.0
1714,346,fsprojects/FSharp.Control.TaskSeq,repo-assist.md,2,,,,,,1.0,1645.0,fsprojects/FSharp.Data.SqlClient,repo-assist.md,0.02,0.9967,1464.0,ionide/ionide-vscode-fsharp,repo-assist.md,1.01,same_owner,1.0
1715,346,fsprojects/FSharp.Control.TaskSeq,repo-assist.md,3,,,,,,0.994,1645.0,fsprojects/FSharp.Data.SqlClient,repo-assist.md,0.1,0.9906,1464.0,ionide/ionide-vscode-fsharp,repo-assist.md,1.1,same_owner,0.994
1716,346,fsprojects/FSharp.Control.TaskSeq,repo-assist.md,4,,,,,,1.0,1601.0,fsprojects/SwaggerProvider,repo-assist.md,0.0,1.0,1440.0,fslaborg/Deedle,repo-assist.md,0.02,same_owner,1.0
1717,346,fsprojects/FSharp.Control.TaskSeq,repo-assist.md,5,,,,,,1.0,1530.0,fsprojects/FSharp.Formatting,repo-assist.md,3.17,1.0,1440.0,fslaborg/Deedle,repo-assist.md,3.2,same_owner,1.0
1718,346,fsprojects/FSharp.Control.TaskSeq,repo-assist.md,6,,,,,,1.0,1530.0,fsprojects/FSharp.Formatting,repo-assist.md,10.15,1.0,991.0,py-why/dowhy,repo-assist.md,0.39,same_owner,1.0
1719,346,fsprojects/FSharp.Control.TaskSeq,repo-assist.md,7,,,,,,1.0,1530.0,fsprojects/FSharp.Formatting,repo-assist.md,10.2,1.0,991.0,py-why/dowhy,repo-assist.md,0.44,same_owner,1.0
1720,346,fsprojects/FSharp.Control.TaskSeq,repo-assist.md,8,,,,,,1.0,1530.0,fsprojects/FSharp.Formatting,repo-assist.md,14.86,1.0,991.0,py-why/dowhy,repo-assist.md,5.09,same_owner,1.0
1721,346,fsprojects/FSharp.Control.TaskSeq,repo-assist.md,9,,,,,,1.0,1530.0,fsprojects/FSharp.Formatting,repo-assist.md,18.03,1.0,991.0,py-why/dowhy,repo-assist.md,8.27,same_owner,1.0
1722,346,fsprojects/FSharp.Control.TaskSeq,repo-assist.md,10,,,,,,1.0,1530.0,fsprojects/FSharp.Formatting,repo-assist.md,23.8,1.0,991.0,py-why/dowhy,repo-assist.md,14.04,same_owner,1.0
1723,346,fsprojects/FSharp.Control.TaskSeq,repo-assist.md,11,,,,,,1.0,1530.0,fsprojects/FSharp.Formatting,repo-assist.md,25.09,1.0,991.0,py-why/dowhy,repo-assist.md,15.32,same_owner,1.0
1724,346,fsprojects/FSharp.Control.TaskSeq,repo-assist.md,12,,,,,,1.0,1530.0,fsprojects/FSharp.Formatting,repo-assist.md,26.68,1.0,991.0,py-why/dowhy,repo-assist.md,16.91,same_owner,1.0
1725,346,fsprojects/FSharp.Control.TaskSeq,repo-assist.md,13,,,,,,1.0,1530.0,fsprojects/FSharp.Formatting,repo-assist.md,34.26,1.0,991.0,py-why/dowhy,repo-assist.md,24.49,same_owner,1.0
1726,346,fsprojects/FSharp.Control.TaskSeq,repo-assist.md,14,,,,,,1.0,1530.0,fsprojects/FSharp.Formatting,repo-assist.md,42.18,1.0,991.0,py-why/dowhy,repo-assist.md,32.42,same_owner,1.0
1727,346,fsprojects/FSharp.Control.TaskSeq,repo-assist.md,15,,,,,,1.0,1530.0,fsprojects/FSharp.Formatting,repo-assist.md,53.39,1.0,54.0,uxsoft/AppleWirelessKeyboard,repo-assist.md,8.54,same_owner,1.0
1728,346,fsprojects/FSharp.Control.TaskSeq,repo-assist.md,16,,,,,,1.0,1613.0,fsprojects/SwaggerProvider,repo-assist.md,0.94,0.9677,667.0,sergey-tihon/Clippit,clippy.md,0.93,same_owner,1.0
1729,346,fsprojects/FSharp.Control.TaskSeq,repo-assist.md,17,,,,,,1.0,1708.0,fsprojects/FSharp.Control.AsyncSeq,repo-assist.md,0.0,0.9901,1448.0,fslaborg/Deedle,repo-assist.md,3.0,same_owner,1.0
1730,346,fsprojects/FSharp.Control.TaskSeq,repo-assist.md,18,,,,,,1.0,1540.0,fsprojects/FSharp.Formatting,repo-assist.md,25.09,1.0,1449.0,fslaborg/Deedle,repo-assist.md,25.09,same_owner,1.0
1731,346,fsprojects/FSharp.Control.TaskSeq,repo-assist.md,19,,,,,,1.0,1540.0,fsprojects/FSharp.Formatting,repo-assist.md,34.25,1.0,1043.0,baizhiheizi/quill,repo-assist.md,4.69,same_owner,1.0
1732,347,opsmill/infrahub,bug-agent-analyst.md,1,,,,,,,,,,,0.0743,1155.0,microsoft/vscode-mypy,issue-triage.md,55.45,other_owner,0.0743
1733,347,opsmill/infrahub,bug-agent-analyst.md,2,0.1987,1781.0,opsmill/infrahub,bug-agent-test.md,11.26,,,,,,0.0743,1155.0,microsoft/vscode-mypy,issue-triage.md,66.75,same_repo,0.1987
1734,347,opsmill/infrahub,bug-agent-analyst.md,3,0.1987,1781.0,opsmill/infrahub,bug-agent-test.md,11.26,,,,,,0.0743,1155.0,microsoft/vscode-mypy,issue-triage.md,66.75,same_repo,0.1987
1735,347,opsmill/infrahub,bug-agent-analyst.md,4,0.1984,1781.0,opsmill/infrahub,bug-agent-test.md,11.32,,,,,,0.0743,1155.0,microsoft/vscode-mypy,issue-triage.md,66.81,same_repo,0.1984
1736,347,opsmill/infrahub,bug-agent-analyst.md,5,0.2002,1787.0,opsmill/infrahub,bug-agent-test.md,0.01,,,,,,0.0743,1155.0,microsoft/vscode-mypy,issue-triage.md,66.82,same_repo,0.2002
1737,347,opsmill/infrahub,bug-agent-analyst.md,6,0.2002,1787.0,opsmill/infrahub,bug-agent-test.md,0.24,,,,,,0.0743,1155.0,microsoft/vscode-mypy,issue-triage.md,67.05,same_repo,0.2002
1738,347,opsmill/infrahub,bug-agent-analyst.md,7,0.2002,1787.0,opsmill/infrahub,bug-agent-test.md,0.24,,,,,,0.0743,1155.0,microsoft/vscode-mypy,issue-triage.md,67.05,same_repo,0.2002
1739,347,opsmill/infrahub,bug-agent-analyst.md,8,0.2002,1787.0,opsmill/infrahub,bug-agent-test.md,0.24,,,,,,0.0743,1155.0,microsoft/vscode-mypy,issue-triage.md,67.05,same_repo,0.2002
1740,347,opsmill/infrahub,bug-agent-analyst.md,9,0.2002,1787.0,opsmill/infrahub,bug-agent-test.md,0.24,,,,,,0.0743,1155.0,microsoft/vscode-mypy,issue-triage.md,67.05,same_repo,0.2002
1741,347,opsmill/infrahub,bug-agent-analyst.md,10,0.2002,1787.0,opsmill/infrahub,bug-agent-test.md,15.72,,,,,,0.0789,2747.0,dotnet/skills,issue-investigate.md,14.8,same_repo,0.2002
1742,347,opsmill/infrahub,bug-agent-analyst.md,11,0.2002,1787.0,opsmill/infrahub,bug-agent-test.md,17.13,,,,,,0.0789,2747.0,dotnet/skills,issue-investigate.md,16.2,same_repo,0.2002
1743,347,opsmill/infrahub,bug-agent-analyst.md,12,0.2002,1787.0,opsmill/infrahub,bug-agent-test.md,21.11,,,,,,0.0789,2747.0,dotnet/skills,issue-investigate.md,20.18,same_repo,0.2002
1744,347,opsmill/infrahub,bug-agent-analyst.md,13,0.2002,1787.0,opsmill/infrahub,bug-agent-test.md,28.69,,,,,,0.0789,2747.0,dotnet/skills,issue-investigate.md,27.77,same_repo,0.2002
1745,348,opsmill/infrahub,bug-agent-fix.md,1,,,,,,,,,,,0.0811,1415.0,dotnet/fsharp,regression-pr-shepherd.md,14.75,other_owner,0.0811
1746,348,opsmill/infrahub,bug-agent-fix.md,2,0.3323,1780.0,opsmill/infrahub,bug-agent-test.md,0.04,,,,,,0.0807,1413.0,dotnet/fsharp,regression-pr-shepherd.md,24.88,same_repo,0.3323
1747,348,opsmill/infrahub,bug-agent-fix.md,3,0.3347,1781.0,opsmill/infrahub,bug-agent-test.md,11.26,,,,,,0.0807,1413.0,dotnet/fsharp,regression-pr-shepherd.md,36.14,same_repo,0.3347
1748,348,opsmill/infrahub,bug-agent-fix.md,4,0.3347,1781.0,opsmill/infrahub,bug-agent-test.md,11.26,,,,,,0.0807,1413.0,dotnet/fsharp,regression-pr-shepherd.md,36.15,same_repo,0.3347
1749,348,opsmill/infrahub,bug-agent-fix.md,5,0.3347,1781.0,opsmill/infrahub,bug-agent-test.md,11.27,,,,,,0.0807,1413.0,dotnet/fsharp,regression-pr-shepherd.md,36.16,same_repo,0.3347
1750,348,opsmill/infrahub,bug-agent-fix.md,6,0.3347,1781.0,opsmill/infrahub,bug-agent-test.md,11.28,,,,,,0.0807,1413.0,dotnet/fsharp,regression-pr-shepherd.md,36.16,same_repo,0.3347
1751,348,opsmill/infrahub,bug-agent-fix.md,7,0.3335,1781.0,opsmill/infrahub,bug-agent-test.md,11.32,,,,,,0.0804,1415.0,dotnet/fsharp,regression-pr-shepherd.md,26.11,same_repo,0.3335
1752,348,opsmill/infrahub,bug-agent-fix.md,8,0.3438,1787.0,opsmill/infrahub,bug-agent-test.md,0.01,,,,,,0.0804,1415.0,dotnet/fsharp,regression-pr-shepherd.md,26.12,same_repo,0.3438
1753,348,opsmill/infrahub,bug-agent-fix.md,9,0.3438,1787.0,opsmill/infrahub,bug-agent-test.md,0.24,,,,,,0.0804,1415.0,dotnet/fsharp,regression-pr-shepherd.md,26.35,same_repo,0.3438
1754,348,opsmill/infrahub,bug-agent-fix.md,10,0.3438,1787.0,opsmill/infrahub,bug-agent-test.md,0.24,,,,,,0.0804,1415.0,dotnet/fsharp,regression-pr-shepherd.md,26.35,same_repo,0.3438
1755,348,opsmill/infrahub,bug-agent-fix.md,11,0.3438,1787.0,opsmill/infrahub,bug-agent-test.md,0.24,,,,,,0.0804,1415.0,dotnet/fsharp,regression-pr-shepherd.md,26.35,same_repo,0.3438
1756,348,opsmill/infrahub,bug-agent-fix.md,12,0.3438,1787.0,opsmill/infrahub,bug-agent-test.md,0.24,,,,,,0.0804,1415.0,dotnet/fsharp,regression-pr-shepherd.md,26.36,same_repo,0.3438
1757,348,opsmill/infrahub,bug-agent-fix.md,13,0.3438,1787.0,opsmill/infrahub,bug-agent-test.md,0.24,,,,,,0.0804,1415.0,dotnet/fsharp,regression-pr-shepherd.md,26.36,same_repo,0.3438
1758,348,opsmill/infrahub,bug-agent-fix.md,14,0.3438,1787.0,opsmill/infrahub,bug-agent-test.md,0.24,,,,,,0.0804,1415.0,dotnet/fsharp,regression-pr-shepherd.md,26.36,same_repo,0.3438
1759,348,opsmill/infrahub,bug-agent-fix.md,15,0.3438,1787.0,opsmill/infrahub,bug-agent-test.md,0.67,,,,,,0.0804,1415.0,dotnet/fsharp,regression-pr-shepherd.md,26.78,same_repo,0.3438
1760,348,opsmill/infrahub,bug-agent-fix.md,16,0.3438,1787.0,opsmill/infrahub,bug-agent-test.md,15.72,,,,,,0.0804,1415.0,dotnet/fsharp,regression-pr-shepherd.md,41.84,same_repo,0.3438
1761,348,opsmill/infrahub,bug-agent-fix.md,17,0.3438,1787.0,opsmill/infrahub,bug-agent-test.md,17.13,,,,,,0.0804,1415.0,dotnet/fsharp,regression-pr-shepherd.md,43.24,same_repo,0.3438
1762,348,opsmill/infrahub,bug-agent-fix.md,18,0.3438,1787.0,opsmill/infrahub,bug-agent-test.md,21.11,,,,,,0.0804,1415.0,dotnet/fsharp,regression-pr-shepherd.md,47.22,same_repo,0.3438
1763,348,opsmill/infrahub,bug-agent-fix.md,19,0.3438,1787.0,opsmill/infrahub,bug-agent-test.md,27.15,,,,,,0.0804,1415.0,dotnet/fsharp,regression-pr-shepherd.md,53.27,same_repo,0.3438
1764,348,opsmill/infrahub,bug-agent-fix.md,20,0.3438,1787.0,opsmill/infrahub,bug-agent-test.md,28.69,,,,,,0.0804,1415.0,dotnet/fsharp,regression-pr-shepherd.md,54.81,same_repo,0.3438
1765,349,opsmill/infrahub,bug-agent-review.md,1,,,,,,,,,,,0.0651,1489.0,fsprojects/fantomas,repo-assist.md,48.27,other_owner,0.0651
1766,349,opsmill/infrahub,bug-agent-review.md,2,0.1898,1746.0,opsmill/infrahub,bug-agent-fix.md,11.26,,,,,,0.0651,1489.0,fsprojects/fantomas,repo-assist.md,59.57,same_repo,0.1898
1767,349,opsmill/infrahub,bug-agent-review.md,3,0.1881,1746.0,opsmill/infrahub,bug-agent-fix.md,11.32,,,,,,0.0645,1489.0,fsprojects/fantomas,repo-assist.md,59.64,same_repo,0.1881
1768,349,opsmill/infrahub,bug-agent-review.md,4,0.1892,1751.0,opsmill/infrahub,bug-agent-fix.md,0.01,,,,,,0.0645,1489.0,fsprojects/fantomas,repo-assist.md,59.65,same_repo,0.1892
1769,349,opsmill/infrahub,bug-agent-review.md,5,0.1892,1751.0,opsmill/infrahub,bug-agent-fix.md,0.14,,,,,,0.0645,1489.0,fsprojects/fantomas,repo-assist.md,59.78,same_repo,0.1892
1770,349,opsmill/infrahub,bug-agent-review.md,6,0.1892,1751.0,opsmill/infrahub,bug-agent-fix.md,0.24,,,,,,0.0645,1489.0,fsprojects/fantomas,repo-assist.md,59.88,same_repo,0.1892
1771,349,opsmill/infrahub,bug-agent-review.md,7,0.1892,1751.0,opsmill/infrahub,bug-agent-fix.md,0.24,,,,,,0.0645,1489.0,fsprojects/fantomas,repo-assist.md,59.88,same_repo,0.1892
1772,349,opsmill/infrahub,bug-agent-review.md,8,0.1892,1751.0,opsmill/infrahub,bug-agent-fix.md,0.24,,,,,,0.0645,1489.0,fsprojects/fantomas,repo-assist.md,59.88,same_repo,0.1892
1773,349,opsmill/infrahub,bug-agent-review.md,9,0.1892,1751.0,opsmill/infrahub,bug-agent-fix.md,0.24,,,,,,0.0645,1489.0,fsprojects/fantomas,repo-assist.md,59.88,same_repo,0.1892
1774,349,opsmill/infrahub,bug-agent-review.md,10,0.1892,1751.0,opsmill/infrahub,bug-agent-fix.md,0.24,,,,,,0.0645,1489.0,fsprojects/fantomas,repo-assist.md,59.88,same_repo,0.1892
1775,349,opsmill/infrahub,bug-agent-review.md,11,0.1892,1751.0,opsmill/infrahub,bug-agent-fix.md,15.72,,,,,,0.0645,1489.0,fsprojects/fantomas,repo-assist.md,75.36,same_repo,0.1892
1776,349,opsmill/infrahub,bug-agent-review.md,12,0.1892,1751.0,opsmill/infrahub,bug-agent-fix.md,17.13,,,,,,0.0645,1489.0,fsprojects/fantomas,repo-assist.md,76.77,same_repo,0.1892
1777,349,opsmill/infrahub,bug-agent-review.md,13,0.1892,1751.0,opsmill/infrahub,bug-agent-fix.md,21.11,,,,,,0.0645,1489.0,fsprojects/fantomas,repo-assist.md,80.74,same_repo,0.1892
1778,349,opsmill/infrahub,bug-agent-review.md,14,0.1892,1751.0,opsmill/infrahub,bug-agent-fix.md,28.69,,,,,,0.0645,1489.0,fsprojects/fantomas,repo-assist.md,88.33,same_repo,0.1892
1779,349,opsmill/infrahub,bug-agent-review.md,15,0.1892,1751.0,opsmill/infrahub,bug-agent-fix.md,28.75,,,,,,0.0645,1489.0,fsprojects/fantomas,repo-assist.md,88.39,same_repo,0.1892
1780,350,opsmill/infrahub,bug-agent-test.md,1,,,,,,,,,,,0.0763,2521.0,PureWeen/PolyPilot,agent-fix.md,1.3,other_owner,0.0763
1781,350,opsmill/infrahub,bug-agent-test.md,2,0.3322,1745.0,opsmill/infrahub,bug-agent-fix.md,0.04,,,,,,0.0762,2521.0,PureWeen/PolyPilot,agent-fix.md,1.35,same_repo,0.3322
1782,350,opsmill/infrahub,bug-agent-test.md,3,0.3347,1746.0,opsmill/infrahub,bug-agent-fix.md,11.26,,,,,,0.0767,2526.0,PureWeen/PolyPilot,agent-fix.md,7.08,same_repo,0.3347
1783,350,opsmill/infrahub,bug-agent-test.md,4,0.3347,1746.0,opsmill/infrahub,bug-agent-fix.md,11.26,,,,,,0.0767,2526.0,PureWeen/PolyPilot,agent-fix.md,7.08,same_repo,0.3347
1784,350,opsmill/infrahub,bug-agent-test.md,5,0.3347,1746.0,opsmill/infrahub,bug-agent-fix.md,11.27,,,,,,0.0767,2526.0,PureWeen/PolyPilot,agent-fix.md,7.09,same_repo,0.3347
1785,350,opsmill/infrahub,bug-agent-test.md,6,0.3347,1746.0,opsmill/infrahub,bug-agent-fix.md,11.28,,,,,,0.0767,2526.0,PureWeen/PolyPilot,agent-fix.md,7.09,same_repo,0.3347
1786,350,opsmill/infrahub,bug-agent-test.md,7,0.3347,1746.0,opsmill/infrahub,bug-agent-fix.md,11.3,,,,,,0.0767,2526.0,PureWeen/PolyPilot,agent-fix.md,7.12,same_repo,0.3347
1787,350,opsmill/infrahub,bug-agent-test.md,8,0.3349,1746.0,opsmill/infrahub,bug-agent-fix.md,11.32,,,,,,0.0767,2526.0,PureWeen/PolyPilot,agent-fix.md,7.14,same_repo,0.3349
1788,350,opsmill/infrahub,bug-agent-test.md,9,0.3438,1751.0,opsmill/infrahub,bug-agent-fix.md,0.01,,,,,,0.0767,2526.0,PureWeen/PolyPilot,agent-fix.md,7.15,same_repo,0.3438
1789,350,opsmill/infrahub,bug-agent-test.md,10,0.3438,1751.0,opsmill/infrahub,bug-agent-fix.md,0.24,,,,,,0.0767,2526.0,PureWeen/PolyPilot,agent-fix.md,7.38,same_repo,0.3438
1790,350,opsmill/infrahub,bug-agent-test.md,11,0.3438,1751.0,opsmill/infrahub,bug-agent-fix.md,0.24,,,,,,0.0767,2526.0,PureWeen/PolyPilot,agent-fix.md,7.38,same_repo,0.3438
1791,350,opsmill/infrahub,bug-agent-test.md,12,0.3438,1751.0,opsmill/infrahub,bug-agent-fix.md,0.24,,,,,,0.0767,2526.0,PureWeen/PolyPilot,agent-fix.md,7.38,same_repo,0.3438
1792,350,opsmill/infrahub,bug-agent-test.md,13,0.3438,1751.0,opsmill/infrahub,bug-agent-fix.md,0.24,,,,,,0.0767,2526.0,PureWeen/PolyPilot,agent-fix.md,7.38,same_repo,0.3438
1793,350,opsmill/infrahub,bug-agent-test.md,14,0.3438,1751.0,opsmill/infrahub,bug-agent-fix.md,0.24,,,,,,0.0767,2526.0,PureWeen/PolyPilot,agent-fix.md,7.38,same_repo,0.3438
1794,350,opsmill/infrahub,bug-agent-test.md,15,0.3438,1751.0,opsmill/infrahub,bug-agent-fix.md,0.24,,,,,,0.0767,2526.0,PureWeen/PolyPilot,agent-fix.md,7.38,same_repo,0.3438
1795,350,opsmill/infrahub,bug-agent-test.md,16,0.3438,1751.0,opsmill/infrahub,bug-agent-fix.md,0.67,,,,,,0.0767,2526.0,PureWeen/PolyPilot,agent-fix.md,7.81,same_repo,0.3438
1796,350,opsmill/infrahub,bug-agent-test.md,17,0.3438,1751.0,opsmill/infrahub,bug-agent-fix.md,15.72,,,,,,0.0767,2526.0,PureWeen/PolyPilot,agent-fix.md,22.87,same_repo,0.3438
1797,350,opsmill/infrahub,bug-agent-test.md,18,0.3438,1751.0,opsmill/infrahub,bug-agent-fix.md,17.13,,,,,,0.0767,2526.0,PureWeen/PolyPilot,agent-fix.md,24.27,same_repo,0.3438
1798,350,opsmill/infrahub,bug-agent-test.md,19,0.3438,1751.0,opsmill/infrahub,bug-agent-fix.md,21.11,,,,,,0.0767,2526.0,PureWeen/PolyPilot,agent-fix.md,28.25,same_repo,0.3438
1799,350,opsmill/infrahub,bug-agent-test.md,20,0.3438,1751.0,opsmill/infrahub,bug-agent-fix.md,27.15,,,,,,0.0767,2526.0,PureWeen/PolyPilot,agent-fix.md,34.3,same_repo,0.3438
1800,350,opsmill/infrahub,bug-agent-test.md,21,0.3438,1751.0,opsmill/infrahub,bug-agent-fix.md,28.69,,,,,,0.0767,2526.0,PureWeen/PolyPilot,agent-fix.md,35.83,same_repo,0.3438
1801,351,pulumi/pulumi-aws-apigateway,gh-aw-pr-rereview.md,1,,,,,,,,,,,,,,,,,
1802,352,pulumi/pulumi-aws-apigateway,gh-aw-pr-review.md,1,,,,,,,,,,,,,,,,,
1803,353,mongodb-js/devtools-shared,security-quality-agent.md,1,,,,,,,,,,,0.0559,1433.0,fable-compiler/Fable,repo-assist.md,10.4,other_owner,0.0559
1804,353,mongodb-js/devtools-shared,security-quality-agent.md,2,,,,,,,,,,,0.0602,1433.0,fable-compiler/Fable,repo-assist.md,10.49,other_owner,0.0602
1805,353,mongodb-js/devtools-shared,security-quality-agent.md,3,,,,,,,,,,,0.0614,1435.0,fable-compiler/Fable,repo-assist.md,1.76,other_owner,0.0614
1806,354,dotnet/java-interop,java-interop-reviewer.md,1,,,,,,0.8238,1819.0,dotnet/android,android-reviewer.md,2.28,0.5667,1238.0,jonathanpeppers/dotnes,dotnes-reviewer.md,4.72,same_owner,0.8238
1807,354,dotnet/java-interop,java-interop-reviewer.md,2,,,,,,0.8238,1819.0,dotnet/android,android-reviewer.md,39.46,0.5667,1238.0,jonathanpeppers/dotnes,dotnes-reviewer.md,41.89,same_owner,0.8238
1808,354,dotnet/java-interop,java-interop-reviewer.md,3,,,,,,0.8238,1819.0,dotnet/android,android-reviewer.md,39.55,0.5667,1238.0,jonathanpeppers/dotnes,dotnes-reviewer.md,41.98,same_owner,0.8238
1809,354,dotnet/java-interop,java-interop-reviewer.md,4,,,,,,0.8238,1819.0,dotnet/android,android-reviewer.md,43.22,0.5667,1238.0,jonathanpeppers/dotnes,dotnes-reviewer.md,45.66,same_owner,0.8238
1810,354,dotnet/java-interop,java-interop-reviewer.md,5,,,,,,0.8238,1819.0,dotnet/android,android-reviewer.md,43.26,0.5667,1238.0,jonathanpeppers/dotnes,dotnes-reviewer.md,45.7,same_owner,0.8238
1811,354,dotnet/java-interop,java-interop-reviewer.md,6,,,,,,0.8238,1819.0,dotnet/android,android-reviewer.md,43.28,0.5667,1238.0,jonathanpeppers/dotnes,dotnes-reviewer.md,45.72,same_owner,0.8238
1812,354,dotnet/java-interop,java-interop-reviewer.md,7,,,,,,0.8238,1819.0,dotnet/android,android-reviewer.md,43.36,0.5667,1238.0,jonathanpeppers/dotnes,dotnes-reviewer.md,45.8,same_owner,0.8238
1813,354,dotnet/java-interop,java-interop-reviewer.md,8,,,,,,0.8238,1819.0,dotnet/android,android-reviewer.md,44.44,0.5667,1238.0,jonathanpeppers/dotnes,dotnes-reviewer.md,46.87,same_owner,0.8238
1814,355,dotnet/android,android-reviewer.md,1,,,,,,0.1154,294.0,dotnet/runtime,code-review.md,23.76,0.0876,412.0,Azure/azure-sdk-for-js,mgmt-review.md,31.11,same_owner,0.1154
1815,355,dotnet/android,android-reviewer.md,2,,,,,,0.1154,294.0,dotnet/runtime,code-review.md,23.76,0.0876,412.0,Azure/azure-sdk-for-js,mgmt-review.md,31.12,same_owner,0.1154
1816,355,dotnet/android,android-reviewer.md,3,,,,,,0.1154,294.0,dotnet/runtime,code-review.md,23.8,0.0876,412.0,Azure/azure-sdk-for-js,mgmt-review.md,31.16,same_owner,0.1154
1817,355,dotnet/android,android-reviewer.md,4,,,,,,0.1154,294.0,dotnet/runtime,code-review.md,26.51,0.0876,412.0,Azure/azure-sdk-for-js,mgmt-review.md,33.87,same_owner,0.1154
1818,355,dotnet/android,android-reviewer.md,5,,,,,,0.1154,294.0,dotnet/runtime,code-review.md,27.73,0.0876,412.0,Azure/azure-sdk-for-js,mgmt-review.md,35.09,same_owner,0.1154
1819,355,dotnet/android,android-reviewer.md,6,,,,,,0.864,1834.0,dotnet/android-tools,android-tools-reviewer.md,6.03,0.5774,1238.0,jonathanpeppers/dotnes,dotnes-reviewer.md,2.44,same_owner,0.864
1820,355,dotnet/android,android-reviewer.md,7,0.0452,1826.0,dotnet/android,nightly-fix-finder.md,1.97,0.7915,1834.0,dotnet/android-tools,android-tools-reviewer.md,23.54,0.5307,1238.0,jonathanpeppers/dotnes,dotnes-reviewer.md,19.94,same_owner,0.7915
1821,355,dotnet/android,android-reviewer.md,8,0.0452,1826.0,dotnet/android,nightly-fix-finder.md,23.93,0.7915,1834.0,dotnet/android-tools,android-tools-reviewer.md,45.5,0.5307,1238.0,jonathanpeppers/dotnes,dotnes-reviewer.md,41.9,same_owner,0.7915
1822,355,dotnet/android,android-reviewer.md,9,0.0452,1826.0,dotnet/android,nightly-fix-finder.md,23.94,0.7915,1834.0,dotnet/android-tools,android-tools-reviewer.md,45.51,0.5307,1238.0,jonathanpeppers/dotnes,dotnes-reviewer.md,41.91,same_owner,0.7915
1823,355,dotnet/android,android-reviewer.md,10,0.0452,1826.0,dotnet/android,nightly-fix-finder.md,27.92,0.7915,1834.0,dotnet/android-tools,android-tools-reviewer.md,49.49,0.5307,1238.0,jonathanpeppers/dotnes,dotnes-reviewer.md,45.89,same_owner,0.7915
1824,355,dotnet/android,android-reviewer.md,11,0.0452,1826.0,dotnet/android,nightly-fix-finder.md,28.9,0.7915,1834.0,dotnet/android-tools,android-tools-reviewer.md,50.47,0.5307,1238.0,jonathanpeppers/dotnes,dotnes-reviewer.md,46.87,same_owner,0.7915
1825,355,dotnet/android,android-reviewer.md,12,0.0433,1826.0,dotnet/android,nightly-fix-finder.md,38.18,0.7177,1834.0,dotnet/android-tools,android-tools-reviewer.md,59.75,0.4764,1238.0,jonathanpeppers/dotnes,dotnes-reviewer.md,56.15,same_owner,0.7177
1826,356,dotnet/android,nightly-fix-finder.md,1,0.0489,1814.0,dotnet/android,android-reviewer.md,32.07,0.0521,2680.0,dotnet/maui-labs,pr-docs-check.md,33.29,0.0701,1381.0,microsoft/finnts,repo-improver.md,20.02,other_owner,0.0701
1827,356,dotnet/android,nightly-fix-finder.md,2,0.0489,1814.0,dotnet/android,android-reviewer.md,34.04,0.0521,2680.0,dotnet/maui-labs,pr-docs-check.md,35.26,0.0701,1381.0,microsoft/finnts,repo-improver.md,21.99,other_owner,0.0701
1828,356,dotnet/android,nightly-fix-finder.md,3,0.0409,1820.0,dotnet/android,android-reviewer.md,5.46,0.0568,279.0,dotnet/runtime,ci-failure-scan.md,18.48,0.0571,256.0,openvinotoolkit/openvino,ci-doctor.md,29.77,other_owner,0.0571
1829,356,dotnet/android,nightly-fix-finder.md,4,0.0409,1820.0,dotnet/android,android-reviewer.md,21.96,0.0586,170.0,dotnet/msbuild,flaky-test-detector.agent.md,9.33,0.0571,256.0,openvinotoolkit/openvino,ci-doctor.md,46.27,same_owner,0.0586
1830,356,dotnet/android,nightly-fix-finder.md,5,0.0409,1820.0,dotnet/android,android-reviewer.md,21.97,0.0586,170.0,dotnet/msbuild,flaky-test-detector.agent.md,9.34,0.0571,256.0,openvinotoolkit/openvino,ci-doctor.md,46.28,same_owner,0.0586
1831,356,dotnet/android,nightly-fix-finder.md,6,0.0409,1820.0,dotnet/android,android-reviewer.md,25.95,0.0586,170.0,dotnet/msbuild,flaky-test-detector.agent.md,13.32,0.0571,256.0,openvinotoolkit/openvino,ci-doctor.md,50.26,same_owner,0.0586
1832,356,dotnet/android,nightly-fix-finder.md,7,0.0409,1820.0,dotnet/android,android-reviewer.md,26.93,0.0586,170.0,dotnet/msbuild,flaky-test-detector.agent.md,14.3,0.0571,256.0,openvinotoolkit/openvino,ci-doctor.md,51.24,same_owner,0.0586
1833,356,dotnet/android,nightly-fix-finder.md,8,0.0409,1820.0,dotnet/android,android-reviewer.md,35.52,0.0586,170.0,dotnet/msbuild,flaky-test-detector.agent.md,22.89,0.0571,256.0,openvinotoolkit/openvino,ci-doctor.md,59.83,same_owner,0.0586
1834,357,dotnet/android-tools,android-tools-reviewer.md,1,,,,,,0.9429,1814.0,dotnet/android,android-reviewer.md,10.5,0.0855,412.0,Azure/azure-sdk-for-js,mgmt-review.md,41.61,same_owner,0.9429
1835,357,dotnet/android-tools,android-tools-reviewer.md,2,,,,,,0.8746,1814.0,dotnet/android,android-reviewer.md,12.79,0.0885,412.0,Azure/azure-sdk-for-js,mgmt-review.md,43.9,same_owner,0.8746
1836,357,dotnet/android-tools,android-tools-reviewer.md,3,,,,,,0.8381,1819.0,dotnet/android,android-reviewer.md,0.24,0.6401,1238.0,jonathanpeppers/dotnes,dotnes-reviewer.md,2.67,same_owner,0.8381
1837,357,dotnet/android-tools,android-tools-reviewer.md,4,,,,,,0.8381,1819.0,dotnet/android,android-reviewer.md,42.03,0.6401,1238.0,jonathanpeppers/dotnes,dotnes-reviewer.md,44.46,same_owner,0.8381
1838,357,dotnet/android-tools,android-tools-reviewer.md,5,,,,,,0.8381,1819.0,dotnet/android,android-reviewer.md,44.25,0.6401,1238.0,jonathanpeppers/dotnes,dotnes-reviewer.md,46.69,same_owner,0.8381
1839,357,dotnet/android-tools,android-tools-reviewer.md,6,,,,,,0.8381,1819.0,dotnet/android,android-reviewer.md,44.44,0.6401,1238.0,jonathanpeppers/dotnes,dotnes-reviewer.md,46.87,same_owner,0.8381
1840,358,erigontech/erigon,daily-repo-status.md,1,,,,,,,,,,,0.9365,86.0,dotnet/maui,daily-repo-status.md,2.9,other_owner,0.9365
1841,358,erigontech/erigon,daily-repo-status.md,2,,,,,,,,,,,0.8347,2.0,apache/cloudstack,daily-repo-status.md,31.04,other_owner,0.8347
1842,359,timrogers/iata-code-decoder-api,daily-repo-status.md,1,,,,,,,,,,,0.9928,2.0,apache/cloudstack,daily-repo-status.md,91.25,other_owner,0.9928
1843,360,carlkidcrypto/ezsnmp,auto_change_log.md,1,0.0666,1900.0,carlkidcrypto/ezsnmp,update_docker_python_versions.md,1.01,,,,,,0.0569,228.0,OpenMS/OpenMS,changelog-sync.md,6.3,same_repo,0.0666
1844,360,carlkidcrypto/ezsnmp,auto_change_log.md,2,0.0666,1900.0,carlkidcrypto/ezsnmp,update_docker_python_versions.md,2.7,,,,,,0.0569,228.0,OpenMS/OpenMS,changelog-sync.md,7.99,same_repo,0.0666
1845,360,carlkidcrypto/ezsnmp,auto_change_log.md,3,0.1216,1852.0,carlkidcrypto/ezsnmp,auto_release_notes.md,2.02,,,,,,0.0892,2434.0,github/copilot-sdk,release-changelog.md,22.88,same_repo,0.1216
1846,360,carlkidcrypto/ezsnmp,auto_change_log.md,4,0.1845,1853.0,carlkidcrypto/ezsnmp,auto_release_notes.md,14.14,,,,,,0.0893,2434.0,github/copilot-sdk,release-changelog.md,37.02,same_repo,0.1845
1847,360,carlkidcrypto/ezsnmp,auto_change_log.md,5,0.1845,1853.0,carlkidcrypto/ezsnmp,auto_release_notes.md,30.51,,,,,,0.0971,2435.0,github/copilot-sdk,release-changelog.md,15.65,same_repo,0.1845
1848,360,carlkidcrypto/ezsnmp,auto_change_log.md,6,0.1845,1853.0,carlkidcrypto/ezsnmp,auto_release_notes.md,37.06,,,,,,0.0971,2435.0,github/copilot-sdk,release-changelog.md,22.2,same_repo,0.1845
1849,360,carlkidcrypto/ezsnmp,auto_change_log.md,7,0.1845,1853.0,carlkidcrypto/ezsnmp,auto_release_notes.md,38.47,,,,,,0.0971,2435.0,github/copilot-sdk,release-changelog.md,23.61,same_repo,0.1845
1850,360,carlkidcrypto/ezsnmp,auto_change_log.md,8,0.1845,1853.0,carlkidcrypto/ezsnmp,auto_release_notes.md,38.49,,,,,,0.0971,2435.0,github/copilot-sdk,release-changelog.md,23.63,same_repo,0.1845
1851,360,carlkidcrypto/ezsnmp,auto_change_log.md,9,0.1845,1853.0,carlkidcrypto/ezsnmp,auto_release_notes.md,38.53,,,,,,0.0971,2435.0,github/copilot-sdk,release-changelog.md,23.67,same_repo,0.1845
1852,361,carlkidcrypto/ezsnmp,auto_release_notes.md,1,0.0949,1843.0,carlkidcrypto/ezsnmp,auto_change_log.md,1.69,,,,,,0.1059,2155.0,tosin2013/mcp-adr-analysis-server,ai-release-notes-agent.md,35.93,other_owner,0.1059
1853,361,carlkidcrypto/ezsnmp,auto_release_notes.md,2,0.0994,1843.0,carlkidcrypto/ezsnmp,auto_change_log.md,3.7,,,,,,0.1065,2434.0,github/copilot-sdk,release-changelog.md,22.88,other_owner,0.1065
1854,361,carlkidcrypto/ezsnmp,auto_release_notes.md,3,0.2339,1845.0,carlkidcrypto/ezsnmp,auto_change_log.md,37.06,,,,,,0.1075,2435.0,github/copilot-sdk,release-changelog.md,22.2,same_repo,0.2339
1855,361,carlkidcrypto/ezsnmp,auto_release_notes.md,4,0.2339,1845.0,carlkidcrypto/ezsnmp,auto_change_log.md,38.47,,,,,,0.1075,2435.0,github/copilot-sdk,release-changelog.md,23.61,same_repo,0.2339
1856,361,carlkidcrypto/ezsnmp,auto_release_notes.md,5,0.2339,1845.0,carlkidcrypto/ezsnmp,auto_change_log.md,38.49,,,,,,0.1075,2435.0,github/copilot-sdk,release-changelog.md,23.63,same_repo,0.2339
1857,361,carlkidcrypto/ezsnmp,auto_release_notes.md,6,0.2339,1845.0,carlkidcrypto/ezsnmp,auto_change_log.md,38.53,,,,,,0.1075,2435.0,github/copilot-sdk,release-changelog.md,23.67,same_repo,0.2339
1858,361,carlkidcrypto/ezsnmp,auto_release_notes.md,7,0.2339,1845.0,carlkidcrypto/ezsnmp,auto_change_log.md,38.57,,,,,,0.1075,2435.0,github/copilot-sdk,release-changelog.md,23.71,same_repo,0.2339
1859,361,carlkidcrypto/ezsnmp,auto_release_notes.md,8,0.2271,1845.0,carlkidcrypto/ezsnmp,auto_change_log.md,39.0,,,,,,0.1062,2435.0,github/copilot-sdk,release-changelog.md,24.14,same_repo,0.2271
1860,362,carlkidcrypto/ezsnmp,coverage_autofix_every_3_days.md,1,,,,,,,,,,,0.0518,1130.0,talk2MeGooseman/stream_closed_captioner_phoenix,daily-test-improver.md,21.1,other_owner,0.0518
1861,362,carlkidcrypto/ezsnmp,coverage_autofix_every_3_days.md,2,0.0556,1871.0,carlkidcrypto/ezsnmp,docs_continuous_improvement_every_3_days.md,0.73,,,,,,0.0537,1673.0,fsprojects/FSharp.Control.AsyncSeq,repo-assist.md,29.33,same_repo,0.0556
1862,362,carlkidcrypto/ezsnmp,coverage_autofix_every_3_days.md,3,0.0552,1871.0,carlkidcrypto/ezsnmp,docs_continuous_improvement_every_3_days.md,16.45,,,,,,0.0533,1673.0,fsprojects/FSharp.Control.AsyncSeq,repo-assist.md,45.05,same_repo,0.0552
1863,362,carlkidcrypto/ezsnmp,coverage_autofix_every_3_days.md,4,0.0554,1871.0,carlkidcrypto/ezsnmp,docs_continuous_improvement_every_3_days.md,28.41,,,,,,0.0531,1361.0,rancher/dashboard,daily-test-improver.md,11.24,same_repo,0.0554
1864,362,carlkidcrypto/ezsnmp,coverage_autofix_every_3_days.md,5,0.0641,1871.0,carlkidcrypto/ezsnmp,docs_continuous_improvement_every_3_days.md,34.96,,,,,,0.055,1464.0,ionide/ionide-vscode-fsharp,repo-assist.md,50.13,same_repo,0.0641
1865,362,carlkidcrypto/ezsnmp,coverage_autofix_every_3_days.md,6,0.0641,1871.0,carlkidcrypto/ezsnmp,docs_continuous_improvement_every_3_days.md,41.49,,,,,,0.055,1464.0,ionide/ionide-vscode-fsharp,repo-assist.md,56.66,same_repo,0.0641
1866,362,carlkidcrypto/ezsnmp,coverage_autofix_every_3_days.md,7,0.0641,1871.0,carlkidcrypto/ezsnmp,docs_continuous_improvement_every_3_days.md,42.9,,,,,,0.055,1464.0,ionide/ionide-vscode-fsharp,repo-assist.md,58.08,same_repo,0.0641
1867,362,carlkidcrypto/ezsnmp,coverage_autofix_every_3_days.md,8,0.0641,1871.0,carlkidcrypto/ezsnmp,docs_continuous_improvement_every_3_days.md,42.92,,,,,,0.055,1464.0,ionide/ionide-vscode-fsharp,repo-assist.md,58.09,same_repo,0.0641
1868,362,carlkidcrypto/ezsnmp,coverage_autofix_every_3_days.md,9,0.0641,1871.0,carlkidcrypto/ezsnmp,docs_continuous_improvement_every_3_days.md,42.96,,,,,,0.055,1464.0,ionide/ionide-vscode-fsharp,repo-assist.md,58.13,same_repo,0.0641
1869,362,carlkidcrypto/ezsnmp,coverage_autofix_every_3_days.md,10,0.064,1871.0,carlkidcrypto/ezsnmp,docs_continuous_improvement_every_3_days.md,78.01,,,,,,0.0557,1448.0,fslaborg/Deedle,repo-assist.md,32.67,same_repo,0.064
1870,362,carlkidcrypto/ezsnmp,coverage_autofix_every_3_days.md,11,0.064,1871.0,carlkidcrypto/ezsnmp,docs_continuous_improvement_every_3_days.md,81.0,,,,,,0.0557,1448.0,fslaborg/Deedle,repo-assist.md,35.66,same_repo,0.064
1871,363,carlkidcrypto/ezsnmp,docs_continuous_improvement_every_3_days.md,1,0.07,1900.0,carlkidcrypto/ezsnmp,update_docker_python_versions.md,0.29,,,,,,0.0528,2318.0,pikax/verter,update-docs.md,34.69,same_repo,0.07
1872,363,carlkidcrypto/ezsnmp,docs_continuous_improvement_every_3_days.md,2,0.07,1900.0,carlkidcrypto/ezsnmp,update_docker_python_versions.md,41.77,,,,,,0.0528,2318.0,pikax/verter,update-docs.md,76.18,same_repo,0.07
1873,363,carlkidcrypto/ezsnmp,docs_continuous_improvement_every_3_days.md,3,0.07,1900.0,carlkidcrypto/ezsnmp,update_docker_python_versions.md,43.19,,,,,,0.0528,2318.0,pikax/verter,update-docs.md,77.59,same_repo,0.07
1874,363,carlkidcrypto/ezsnmp,docs_continuous_improvement_every_3_days.md,4,0.07,1900.0,carlkidcrypto/ezsnmp,update_docker_python_versions.md,43.21,,,,,,0.0528,2318.0,pikax/verter,update-docs.md,77.61,same_repo,0.07
1875,363,carlkidcrypto/ezsnmp,docs_continuous_improvement_every_3_days.md,5,0.07,1900.0,carlkidcrypto/ezsnmp,update_docker_python_versions.md,43.24,,,,,,0.0528,2318.0,pikax/verter,update-docs.md,77.65,same_repo,0.07
1876,364,carlkidcrypto/ezsnmp,python_version_watcher.md,1,0.056,1900.0,carlkidcrypto/ezsnmp,update_docker_python_versions.md,43.02,,,,,,0.1826,953.0,microsoft/vscode-pylint,check-python-versions.md,75.01,other_owner,0.1826
1877,364,carlkidcrypto/ezsnmp,python_version_watcher.md,2,0.056,1900.0,carlkidcrypto/ezsnmp,update_docker_python_versions.md,43.21,,,,,,0.1826,953.0,microsoft/vscode-pylint,check-python-versions.md,75.2,other_owner,0.1826
1878,364,carlkidcrypto/ezsnmp,python_version_watcher.md,3,0.056,1900.0,carlkidcrypto/ezsnmp,update_docker_python_versions.md,43.24,,,,,,0.1826,953.0,microsoft/vscode-pylint,check-python-versions.md,75.24,other_owner,0.1826
1879,365,carlkidcrypto/ezsnmp,sync_open_prs_with_main.md,1,0.0312,1900.0,carlkidcrypto/ezsnmp,update_docker_python_versions.md,0.29,,,,,,0.0576,2103.0,githubnext/agentics,daily-workflow-sync.md,47.16,other_owner,0.0576
1880,365,carlkidcrypto/ezsnmp,sync_open_prs_with_main.md,2,0.0304,1900.0,carlkidcrypto/ezsnmp,update_docker_python_versions.md,1.01,,,,,,0.0568,2103.0,githubnext/agentics,daily-workflow-sync.md,47.89,other_owner,0.0568
1881,365,carlkidcrypto/ezsnmp,sync_open_prs_with_main.md,3,0.0409,1843.0,carlkidcrypto/ezsnmp,auto_change_log.md,1.69,,,,,,0.0562,2103.0,githubnext/agentics,daily-workflow-sync.md,49.58,other_owner,0.0562
1882,365,carlkidcrypto/ezsnmp,sync_open_prs_with_main.md,4,0.0409,1843.0,carlkidcrypto/ezsnmp,auto_change_log.md,3.22,,,,,,0.0562,2103.0,githubnext/agentics,daily-workflow-sync.md,51.11,other_owner,0.0562
1883,365,carlkidcrypto/ezsnmp,sync_open_prs_with_main.md,5,0.0385,1852.0,carlkidcrypto/ezsnmp,auto_release_notes.md,18.55,,,,,,0.0641,1415.0,dotnet/fsharp,regression-pr-shepherd.md,2.62,other_owner,0.0641
1884,365,carlkidcrypto/ezsnmp,sync_open_prs_with_main.md,6,0.0429,1845.0,carlkidcrypto/ezsnmp,auto_change_log.md,20.51,,,,,,0.075,1415.0,dotnet/fsharp,regression-pr-shepherd.md,6.59,other_owner,0.075
1885,365,carlkidcrypto/ezsnmp,sync_open_prs_with_main.md,7,0.0429,1845.0,carlkidcrypto/ezsnmp,auto_change_log.md,37.06,,,,,,0.0793,1416.0,dotnet/fsharp,regression-pr-shepherd.md,16.31,other_owner,0.0793
1886,365,carlkidcrypto/ezsnmp,sync_open_prs_with_main.md,8,0.0429,1845.0,carlkidcrypto/ezsnmp,auto_change_log.md,38.47,,,,,,0.0793,1416.0,dotnet/fsharp,regression-pr-shepherd.md,17.73,other_owner,0.0793
1887,365,carlkidcrypto/ezsnmp,sync_open_prs_with_main.md,9,0.0429,1845.0,carlkidcrypto/ezsnmp,auto_change_log.md,38.49,,,,,,0.0793,1416.0,dotnet/fsharp,regression-pr-shepherd.md,17.75,other_owner,0.0793
1888,365,carlkidcrypto/ezsnmp,sync_open_prs_with_main.md,10,0.0429,1845.0,carlkidcrypto/ezsnmp,auto_change_log.md,38.53,,,,,,0.0793,1416.0,dotnet/fsharp,regression-pr-shepherd.md,17.79,other_owner,0.0793
1889,366,carlkidcrypto/ezsnmp,triage_incoming_bug_reports.md,1,0.0247,1860.0,carlkidcrypto/ezsnmp,coverage_autofix_every_3_days.md,1.01,,,,,,0.0588,2390.0,meteostat/meteostat,bug-reproducer.md,36.15,other_owner,0.0588
1890,366,carlkidcrypto/ezsnmp,triage_incoming_bug_reports.md,2,0.0443,1895.0,carlkidcrypto/ezsnmp,update_docker_netsnmp_versions.md,20.53,,,,,,0.0602,1353.0,rancher/dashboard,daily-issue-grooming.md,38.83,other_owner,0.0602
1891,366,carlkidcrypto/ezsnmp,triage_incoming_bug_reports.md,3,0.0443,1895.0,carlkidcrypto/ezsnmp,update_docker_netsnmp_versions.md,21.94,,,,,,0.0602,1353.0,rancher/dashboard,daily-issue-grooming.md,40.25,other_owner,0.0602
1892,366,carlkidcrypto/ezsnmp,triage_incoming_bug_reports.md,4,0.0443,1895.0,carlkidcrypto/ezsnmp,update_docker_netsnmp_versions.md,21.96,,,,,,0.0602,1353.0,rancher/dashboard,daily-issue-grooming.md,40.26,other_owner,0.0602
1893,366,carlkidcrypto/ezsnmp,triage_incoming_bug_reports.md,5,0.0443,1895.0,carlkidcrypto/ezsnmp,update_docker_netsnmp_versions.md,22.0,,,,,,0.0602,1353.0,rancher/dashboard,daily-issue-grooming.md,40.3,other_owner,0.0602
1894,367,carlkidcrypto/ezsnmp,update_docker_netsnmp_versions.md,1,0.2463,1900.0,carlkidcrypto/ezsnmp,update_docker_python_versions.md,1.01,,,,,,0.0558,2609.0,henrybravo/docker-sandbox-run-copilot,check-copilot-version.md,10.32,same_repo,0.2463
1895,367,carlkidcrypto/ezsnmp,update_docker_netsnmp_versions.md,2,0.2294,1900.0,carlkidcrypto/ezsnmp,update_docker_python_versions.md,21.25,,,,,,0.0636,953.0,microsoft/vscode-pylint,check-python-versions.md,53.24,same_repo,0.2294
1896,367,carlkidcrypto/ezsnmp,update_docker_netsnmp_versions.md,3,0.2294,1900.0,carlkidcrypto/ezsnmp,update_docker_python_versions.md,41.77,,,,,,0.0636,953.0,microsoft/vscode-pylint,check-python-versions.md,73.77,same_repo,0.2294
1897,367,carlkidcrypto/ezsnmp,update_docker_netsnmp_versions.md,4,0.2294,1900.0,carlkidcrypto/ezsnmp,update_docker_python_versions.md,43.19,,,,,,0.0636,953.0,microsoft/vscode-pylint,check-python-versions.md,75.18,same_repo,0.2294
1898,367,carlkidcrypto/ezsnmp,update_docker_netsnmp_versions.md,5,0.2294,1900.0,carlkidcrypto/ezsnmp,update_docker_python_versions.md,43.21,,,,,,0.0636,953.0,microsoft/vscode-pylint,check-python-versions.md,75.2,same_repo,0.2294
1899,367,carlkidcrypto/ezsnmp,update_docker_netsnmp_versions.md,6,0.2294,1900.0,carlkidcrypto/ezsnmp,update_docker_python_versions.md,43.24,,,,,,0.0636,953.0,microsoft/vscode-pylint,check-python-versions.md,75.24,same_repo,0.2294
1900,368,carlkidcrypto/ezsnmp,update_docker_python_versions.md,1,,,,,,,,,,,0.0591,976.0,microsoft/vscode-black-formatter,check-python-versions.md,28.96,other_owner,0.0591
1901,368,carlkidcrypto/ezsnmp,update_docker_python_versions.md,2,0.2463,1894.0,carlkidcrypto/ezsnmp,update_docker_netsnmp_versions.md,40.76,,,,,,0.0591,976.0,microsoft/vscode-black-formatter,check-python-versions.md,70.73,same_repo,0.2463
1902,368,carlkidcrypto/ezsnmp,update_docker_python_versions.md,3,0.2463,1894.0,carlkidcrypto/ezsnmp,update_docker_netsnmp_versions.md,42.18,,,,,,0.0591,976.0,microsoft/vscode-black-formatter,check-python-versions.md,72.15,same_repo,0.2463
1903,368,carlkidcrypto/ezsnmp,update_docker_python_versions.md,4,0.2463,1894.0,carlkidcrypto/ezsnmp,update_docker_netsnmp_versions.md,42.19,,,,,,0.0591,976.0,microsoft/vscode-black-formatter,check-python-versions.md,72.16,same_repo,0.2463
1904,368,carlkidcrypto/ezsnmp,update_docker_python_versions.md,5,0.2463,1894.0,carlkidcrypto/ezsnmp,update_docker_netsnmp_versions.md,42.23,,,,,,0.0591,976.0,microsoft/vscode-black-formatter,check-python-versions.md,72.2,same_repo,0.2463
1905,369,Azure/typespec-azure,doc-update.md,1,0.0591,1916.0,Azure/typespec-azure,docs-sync.md,31.43,0.0427,437.0,Azure/azure-sdk-for-js,scribe.md,5.54,0.0587,229.0,OpenMS/OpenMS,doc-sync.md,25.9,same_repo,0.0591
1906,369,Azure/typespec-azure,doc-update.md,2,0.0591,1916.0,Azure/typespec-azure,docs-sync.md,32.7,0.0465,415.0,Azure/azure-sdk-for-js,mgmt-review.md,0.19,0.0587,229.0,OpenMS/OpenMS,doc-sync.md,27.17,same_repo,0.0591
1907,369,Azure/typespec-azure,doc-update.md,3,0.046,1916.0,Azure/typespec-azure,docs-sync.md,34.48,0.049,417.0,Azure/azure-sdk-for-js,mgmt-review.md,0.01,0.0594,1460.0,ionide/ionide-vscode-fsharp,repo-assist.md,34.89,other_owner,0.0594
1908,369,Azure/typespec-azure,doc-update.md,4,0.0446,1916.0,Azure/typespec-azure,docs-sync.md,40.19,0.0486,417.0,Azure/azure-sdk-for-js,mgmt-review.md,5.72,0.062,1460.0,ionide/ionide-vscode-fsharp,repo-assist.md,40.6,other_owner,0.062
1909,369,Azure/typespec-azure,doc-update.md,5,0.0446,1916.0,Azure/typespec-azure,docs-sync.md,45.41,0.0486,417.0,Azure/azure-sdk-for-js,mgmt-review.md,10.94,0.062,1460.0,ionide/ionide-vscode-fsharp,repo-assist.md,45.82,other_owner,0.062
1910,369,Azure/typespec-azure,doc-update.md,6,0.0494,1916.0,Azure/typespec-azure,docs-sync.md,46.45,0.0501,417.0,Azure/azure-sdk-for-js,mgmt-review.md,11.98,0.0656,1464.0,ionide/ionide-vscode-fsharp,repo-assist.md,38.34,other_owner,0.0656
1911,369,Azure/typespec-azure,doc-update.md,7,0.0459,1916.0,Azure/typespec-azure,docs-sync.md,47.27,0.0512,417.0,Azure/azure-sdk-for-js,mgmt-review.md,12.8,0.0639,1460.0,ionide/ionide-vscode-fsharp,repo-assist.md,47.68,other_owner,0.0639
1912,369,Azure/typespec-azure,doc-update.md,8,0.0453,1916.0,Azure/typespec-azure,docs-sync.md,48.48,0.0535,416.0,Azure/azure-sdk-for-js,mgmt-review.md,15.0,0.0618,1464.0,ionide/ionide-vscode-fsharp,repo-assist.md,40.37,other_owner,0.0618
1913,369,Azure/typespec-azure,doc-update.md,9,0.0453,1916.0,Azure/typespec-azure,docs-sync.md,49.32,0.0535,416.0,Azure/azure-sdk-for-js,mgmt-review.md,15.83,0.0618,1464.0,ionide/ionide-vscode-fsharp,repo-assist.md,41.21,other_owner,0.0618
1914,369,Azure/typespec-azure,doc-update.md,10,0.0453,1916.0,Azure/typespec-azure,docs-sync.md,118.21,0.0535,416.0,Azure/azure-sdk-for-js,mgmt-review.md,84.72,0.0625,245.0,openvinotoolkit/openvino,ci-doctor-mq.md,36.54,other_owner,0.0625
1915,369,Azure/typespec-azure,doc-update.md,11,0.0453,1916.0,Azure/typespec-azure,docs-sync.md,118.27,0.0535,416.0,Azure/azure-sdk-for-js,mgmt-review.md,84.78,0.0625,245.0,openvinotoolkit/openvino,ci-doctor-mq.md,36.59,other_owner,0.0625
1916,370,Azure/typespec-azure,docs-sync.md,1,,,,,,0.0613,383.0,Azure/azure-sdk-for-js,docs-consistency-check.md,0.99,0.1235,2289.0,microsoft/apm,daily-doc-updater.md,1.93,other_owner,0.1235
1917,370,Azure/typespec-azure,docs-sync.md,2,0.0591,1905.0,Azure/typespec-azure,doc-update.md,86.78,0.0613,383.0,Azure/azure-sdk-for-js,docs-consistency-check.md,119.2,0.1443,229.0,OpenMS/OpenMS,doc-sync.md,112.68,other_owner,0.1443
1918,371,fedixyz/fedi,daily-e2e-coverage-check.md,1,,,,,,,,,,,0.0744,2332.0,Kong/kongctl,e2e-coverage-scanner.md,77.71,other_owner,0.0744
1919,371,fedixyz/fedi,daily-e2e-coverage-check.md,2,0.1141,1921.0,fedixyz/fedi,weekly-doc-updater.md,3.87,,,,,,0.0788,2335.0,Kong/kongctl,e2e-coverage-scanner.md,15.7,same_repo,0.1141
1920,371,fedixyz/fedi,daily-e2e-coverage-check.md,3,0.1124,1921.0,fedixyz/fedi,weekly-doc-updater.md,13.92,,,,,,0.0866,2336.0,Kong/kongctl,e2e-coverage-scanner.md,9.71,same_repo,0.1124
1921,372,fedixyz/fedi,weekly-doc-updater.md,1,0.2309,1918.0,fedixyz/fedi,daily-e2e-coverage-check.md,0.0,,,,,,0.0813,2289.0,microsoft/apm,daily-doc-updater.md,96.47,same_repo,0.2309
1922,372,fedixyz/fedi,weekly-doc-updater.md,2,0.2309,1918.0,fedixyz/fedi,daily-e2e-coverage-check.md,8.41,,,,,,0.0813,2289.0,microsoft/apm,daily-doc-updater.md,104.88,same_repo,0.2309
1923,372,fedixyz/fedi,weekly-doc-updater.md,3,0.2218,1918.0,fedixyz/fedi,daily-e2e-coverage-check.md,14.95,,,,,,0.0809,2289.0,microsoft/apm,daily-doc-updater.md,111.42,same_repo,0.2218
1924,372,fedixyz/fedi,weekly-doc-updater.md,4,0.2218,1918.0,fedixyz/fedi,daily-e2e-coverage-check.md,15.28,,,,,,0.0809,2289.0,microsoft/apm,daily-doc-updater.md,111.75,same_repo,0.2218
1925,373,meshery/schemas,first-time-contributor.md,1,,,,,,,,,,,0.0793,634.0,royshil/obs-backgroundremoval,validate-pr.md,42.55,other_owner,0.0793
1926,374,foxminchan/BookWorm,contribution-guidelines-checker.md,1,0.0272,1945.0,foxminchan/BookWorm,pr-triage.md,0.06,,,,,,0.1075,2085.0,microsoft/wassette,pr-triage.md,114.32,other_owner,0.1075
1927,374,foxminchan/BookWorm,contribution-guidelines-checker.md,2,0.0627,1946.0,foxminchan/BookWorm,pr-triage.md,14.19,,,,,,0.0731,2085.0,microsoft/wassette,pr-triage.md,157.43,other_owner,0.0731
1928,374,foxminchan/BookWorm,contribution-guidelines-checker.md,3,0.0628,1946.0,foxminchan/BookWorm,pr-triage.md,14.32,,,,,,0.073,2085.0,microsoft/wassette,pr-triage.md,157.57,other_owner,0.073
1929,374,foxminchan/BookWorm,contribution-guidelines-checker.md,4,0.068,1948.0,foxminchan/BookWorm,pr-triage.md,0.38,,,,,,0.073,2085.0,microsoft/wassette,pr-triage.md,157.95,other_owner,0.073
1930,374,foxminchan/BookWorm,contribution-guidelines-checker.md,5,0.068,1948.0,foxminchan/BookWorm,pr-triage.md,38.61,,,,,,0.073,2085.0,microsoft/wassette,pr-triage.md,196.18,other_owner,0.073
1931,374,foxminchan/BookWorm,contribution-guidelines-checker.md,6,0.068,1948.0,foxminchan/BookWorm,pr-triage.md,82.38,,,,,,0.073,2085.0,microsoft/wassette,pr-triage.md,239.94,other_owner,0.073
1932,375,foxminchan/BookWorm,daily-repo-status.md,1,0.1202,1938.0,foxminchan/BookWorm,issue-triage.md,4.69,,,,,,0.1448,1300.0,stride3d/stride-community-toolkit,daily-activity-report.md,1.65,other_owner,0.1448
1933,375,foxminchan/BookWorm,daily-repo-status.md,2,0.1202,1938.0,foxminchan/BookWorm,issue-triage.md,6.04,,,,,,0.1448,1300.0,stride3d/stride-community-toolkit,daily-activity-report.md,3.0,other_owner,0.1448
1934,375,foxminchan/BookWorm,daily-repo-status.md,3,0.12,1938.0,foxminchan/BookWorm,issue-triage.md,43.37,,,,,,0.1445,1300.0,stride3d/stride-community-toolkit,daily-activity-report.md,40.32,other_owner,0.1445
1935,375,foxminchan/BookWorm,daily-repo-status.md,4,0.0476,1938.0,foxminchan/BookWorm,issue-triage.md,43.5,,,,,,0.1504,1300.0,stride3d/stride-community-toolkit,daily-activity-report.md,40.46,other_owner,0.1504
1936,375,foxminchan/BookWorm,daily-repo-status.md,5,0.0639,1940.0,foxminchan/BookWorm,issue-triage.md,0.38,,,,,,0.1504,1300.0,stride3d/stride-community-toolkit,daily-activity-report.md,40.84,other_owner,0.1504
1937,375,foxminchan/BookWorm,daily-repo-status.md,6,0.0639,1940.0,foxminchan/BookWorm,issue-triage.md,38.61,,,,,,0.1503,1300.0,stride3d/stride-community-toolkit,daily-activity-report.md,79.07,other_owner,0.1503
1938,376,foxminchan/BookWorm,issue-triage.md,1,,,,,,,,,,,0.0892,2423.0,github/copilot-sdk,issue-triage.md,29.4,other_owner,0.0892
1939,376,foxminchan/BookWorm,issue-triage.md,2,0.5867,1945.0,foxminchan/BookWorm,pr-triage.md,43.18,,,,,,0.0853,2423.0,github/copilot-sdk,issue-triage.md,72.77,same_repo,0.5867
1940,376,foxminchan/BookWorm,issue-triage.md,3,0.3904,1947.0,foxminchan/BookWorm,pr-triage.md,0.14,,,,,,0.0977,2423.0,github/copilot-sdk,issue-triage.md,72.9,same_repo,0.3904
1941,376,foxminchan/BookWorm,issue-triage.md,4,0.4172,1948.0,foxminchan/BookWorm,pr-triage.md,0.38,,,,,,0.0977,2423.0,github/copilot-sdk,issue-triage.md,73.29,same_repo,0.4172
1942,376,foxminchan/BookWorm,issue-triage.md,5,0.4172,1948.0,foxminchan/BookWorm,pr-triage.md,23.75,,,,,,0.0977,2423.0,github/copilot-sdk,issue-triage.md,96.65,same_repo,0.4172
1943,376,foxminchan/BookWorm,issue-triage.md,6,0.4159,1948.0,foxminchan/BookWorm,pr-triage.md,38.61,,,,,,0.0974,2423.0,github/copilot-sdk,issue-triage.md,111.51,same_repo,0.4159
1944,376,foxminchan/BookWorm,issue-triage.md,7,0.42,1951.0,foxminchan/BookWorm,pr-triage.md,43.77,,,,,,0.0974,2423.0,github/copilot-sdk,issue-triage.md,155.28,same_repo,0.42
1945,377,foxminchan/BookWorm,pr-triage.md,1,0.6244,1938.0,foxminchan/BookWorm,issue-triage.md,0.19,,,,,,0.0564,2085.0,microsoft/wassette,pr-triage.md,114.26,same_repo,0.6244
1946,377,foxminchan/BookWorm,pr-triage.md,2,0.6179,1938.0,foxminchan/BookWorm,issue-triage.md,29.18,,,,,,0.0596,2516.0,doggy8088/Apptopia,issue-auto-labeler.md,25.15,same_repo,0.6179
1947,377,foxminchan/BookWorm,pr-triage.md,3,0.5893,1938.0,foxminchan/BookWorm,issue-triage.md,43.37,,,,,,0.0574,2516.0,doggy8088/Apptopia,issue-auto-labeler.md,39.34,same_repo,0.5893
1948,377,foxminchan/BookWorm,pr-triage.md,4,0.3726,1938.0,foxminchan/BookWorm,issue-triage.md,43.5,,,,,,0.0663,2516.0,doggy8088/Apptopia,issue-auto-labeler.md,39.48,same_repo,0.3726
1949,377,foxminchan/BookWorm,pr-triage.md,5,0.4172,1940.0,foxminchan/BookWorm,issue-triage.md,0.38,,,,,,0.0663,2516.0,doggy8088/Apptopia,issue-auto-labeler.md,39.86,same_repo,0.4172
1950,377,foxminchan/BookWorm,pr-triage.md,6,0.4172,1940.0,foxminchan/BookWorm,issue-triage.md,23.75,,,,,,0.0663,2516.0,doggy8088/Apptopia,issue-auto-labeler.md,63.22,same_repo,0.4172
1951,377,foxminchan/BookWorm,pr-triage.md,7,0.4165,1940.0,foxminchan/BookWorm,issue-triage.md,38.61,,,,,,0.0662,2516.0,doggy8088/Apptopia,issue-auto-labeler.md,78.08,same_repo,0.4165
1952,377,foxminchan/BookWorm,pr-triage.md,8,0.42,1943.0,foxminchan/BookWorm,issue-triage.md,43.77,,,,,,0.0662,2516.0,doggy8088/Apptopia,issue-auto-labeler.md,121.85,same_repo,0.42
1953,377,foxminchan/BookWorm,pr-triage.md,9,0.4195,1943.0,foxminchan/BookWorm,issue-triage.md,50.89,,,,,,0.0661,2516.0,doggy8088/Apptopia,issue-auto-labeler.md,128.97,same_repo,0.4195
1954,378,ohcnetwork/care_fe,daily-playwright-improver.md,1,,,,,,,,,,,0.0734,563.0,lablup/backend.ai-webui,daily-test-improver.md,67.51,other_owner,0.0734
1955,379,ohcnetwork/care_fe,thank-you-note.md,1,0.067,1954.0,ohcnetwork/care_fe,daily-playwright-improver.md,0.01,,,,,,0.0433,563.0,lablup/backend.ai-webui,daily-test-improver.md,67.52,same_repo,0.067
1956,379,ohcnetwork/care_fe,thank-you-note.md,2,0.0278,1954.0,ohcnetwork/care_fe,daily-playwright-improver.md,0.04,,,,,,0.0381,2085.0,microsoft/wassette,pr-triage.md,108.71,other_owner,0.0381
1957,380,IgniteUI/igniteui-xplat-docs,sync-jp-docs.md,1,,,,,,0.7546,498.0,IgniteUI/igniteui-docfx,sync-jp-docs.md,8.11,0.0673,229.0,OpenMS/OpenMS,doc-sync.md,16.22,same_owner,0.7546
1958,380,IgniteUI/igniteui-xplat-docs,sync-jp-docs.md,2,,,,,,0.7546,498.0,IgniteUI/igniteui-docfx,sync-jp-docs.md,10.94,0.0673,229.0,OpenMS/OpenMS,doc-sync.md,19.05,same_owner,0.7546
1959,380,IgniteUI/igniteui-xplat-docs,sync-jp-docs.md,3,,,,,,0.7392,498.0,IgniteUI/igniteui-docfx,sync-jp-docs.md,10.95,0.0667,229.0,OpenMS/OpenMS,doc-sync.md,19.06,same_owner,0.7392
1960,380,IgniteUI/igniteui-xplat-docs,sync-jp-docs.md,4,,,,,,0.6951,498.0,IgniteUI/igniteui-docfx,sync-jp-docs.md,13.84,0.0668,229.0,OpenMS/OpenMS,doc-sync.md,21.95,same_owner,0.6951
1961,380,IgniteUI/igniteui-xplat-docs,sync-jp-docs.md,5,,,,,,0.6951,498.0,IgniteUI/igniteui-docfx,sync-jp-docs.md,13.99,0.0668,229.0,OpenMS/OpenMS,doc-sync.md,22.1,same_owner,0.6951
1962,380,IgniteUI/igniteui-xplat-docs,sync-jp-docs.md,6,,,,,,0.6951,498.0,IgniteUI/igniteui-docfx,sync-jp-docs.md,13.99,0.0668,229.0,OpenMS/OpenMS,doc-sync.md,22.1,same_owner,0.6951
1963,380,IgniteUI/igniteui-xplat-docs,sync-jp-docs.md,7,,,,,,0.6952,498.0,IgniteUI/igniteui-docfx,sync-jp-docs.md,14.04,0.0673,229.0,OpenMS/OpenMS,doc-sync.md,22.15,same_owner,0.6952
1964,380,IgniteUI/igniteui-xplat-docs,sync-jp-docs.md,8,,,,,,0.6698,498.0,IgniteUI/igniteui-docfx,sync-jp-docs.md,22.03,0.067,229.0,OpenMS/OpenMS,doc-sync.md,30.14,same_owner,0.6698
1965,381,alexandru/social-publish,code-simplifier.md,1,,,,,,,,,,,1.0,321.0,storybookjs/storybook,code-simplifier.md,49.89,other_owner,1.0
1966,382,pulumi/ci-mgmt,gh-aw-pr-rereview.md,1,,,,,,,,,,,,,,,,,
1967,383,pulumi/ci-mgmt,gh-aw-pr-review.md,1,,,,,,,,,,,,,,,,,
1968,384,CommunityToolkit/Aspire,aspire-upgrade.md,1,,,,,,,,,,,0.0739,105.0,npgsql/efcore.pg,sync-to-latest-ef.md,7.58,other_owner,0.0739
1969,384,CommunityToolkit/Aspire,aspire-upgrade.md,2,,,,,,,,,,,0.0786,105.0,npgsql/efcore.pg,sync-to-latest-ef.md,12.84,other_owner,0.0786
1970,384,CommunityToolkit/Aspire,aspire-upgrade.md,3,,,,,,,,,,,0.0833,105.0,npgsql/efcore.pg,sync-to-latest-ef.md,12.84,other_owner,0.0833
1971,384,CommunityToolkit/Aspire,aspire-upgrade.md,4,,,,,,,,,,,0.1433,2530.0,PureWeen/PolyPilot,dep-update.md,25.34,other_owner,0.1433
1972,384,CommunityToolkit/Aspire,aspire-upgrade.md,5,,,,,,,,,,,0.133,2530.0,PureWeen/PolyPilot,dep-update.md,37.16,other_owner,0.133
1973,385,popey/slomore,repo-assist.md,1,,,,,,1.0,2013.0,popey/grummage,repo-assist.md,0.01,1.0,1449.0,fslaborg/Deedle,repo-assist.md,24.15,same_owner,1.0
1974,385,popey/slomore,repo-assist.md,2,,,,,,1.0,2013.0,popey/grummage,repo-assist.md,1.68,1.0,1449.0,fslaborg/Deedle,repo-assist.md,25.82,same_owner,1.0
1975,385,popey/slomore,repo-assist.md,3,,,,,,1.0,2013.0,popey/grummage,repo-assist.md,2.2,1.0,1449.0,fslaborg/Deedle,repo-assist.md,26.34,same_owner,1.0
1976,386,pydantic/pydantic-ai,pydantic-ai-bug-hunter.md,1,,,,,,,,,,,,,,,,,
1977,386,pydantic/pydantic-ai,pydantic-ai-bug-hunter.md,2,,,,,,,,,,,,,,,,,
1978,386,pydantic/pydantic-ai,pydantic-ai-bug-hunter.md,3,,,,,,,,,,,,,,,,,
1979,387,pydantic/pydantic-ai,pydantic-ai-docs-drift.md,1,,,,,,,,,,,,,,,,,
1980,387,pydantic/pydantic-ai,pydantic-ai-docs-drift.md,2,,,,,,,,,,,,,,,,,
1981,387,pydantic/pydantic-ai,pydantic-ai-docs-drift.md,3,,,,,,,,,,,,,,,,,
1982,388,pydantic/pydantic-ai,pydantic-ai-pr-review.md,1,,,,,,,,,,,,,,,,,
1983,388,pydantic/pydantic-ai,pydantic-ai-pr-review.md,2,,,,,,,,,,,,,,,,,
1984,388,pydantic/pydantic-ai,pydantic-ai-pr-review.md,3,,,,,,,,,,,,,,,,,
1985,389,pydantic/pydantic-ai,pydantic-ai-provider-mapping-sweep.md,1,,,,,,,,,,,,,,,,,
1986,389,pydantic/pydantic-ai,pydantic-ai-provider-mapping-sweep.md,2,,,,,,,,,,,,,,,,,
1987,389,pydantic/pydantic-ai,pydantic-ai-provider-mapping-sweep.md,3,,,,,,,,,,,,,,,,,
1988,390,pydantic/pydantic-ai,pydantic-ai-provider-parity-explore.md,1,,,,,,,,,,,,,,,,,
1989,390,pydantic/pydantic-ai,pydantic-ai-provider-parity-explore.md,2,,,,,,,,,,,,,,,,,
1990,390,pydantic/pydantic-ai,pydantic-ai-provider-parity-explore.md,3,,,,,,,,,,,,,,,,,
1991,391,pydantic/pydantic-ai,pydantic-ai-regression-detector.md,1,,,,,,,,,,,,,,,,,
1992,391,pydantic/pydantic-ai,pydantic-ai-regression-detector.md,2,,,,,,,,,,,,,,,,,
1993,391,pydantic/pydantic-ai,pydantic-ai-regression-detector.md,3,,,,,,,,,,,,,,,,,
1994,392,pydantic/pydantic-ai,pydantic-ai-roundtrip-sweep.md,1,,,,,,,,,,,,,,,,,
1995,392,pydantic/pydantic-ai,pydantic-ai-roundtrip-sweep.md,2,,,,,,,,,,,,,,,,,
1996,392,pydantic/pydantic-ai,pydantic-ai-roundtrip-sweep.md,3,,,,,,,,,,,,,,,,,
1997,393,pydantic/pydantic-ai,pydantic-ai-stale-issues-finder.md,1,,,,,,,,,,,,,,,,,
1998,393,pydantic/pydantic-ai,pydantic-ai-stale-issues-finder.md,2,,,,,,,,,,,,,,,,,
1999,394,pydantic/pydantic-ai,pydantic-ai-streaming-resilience-sweep.md,1,,,,,,,,,,,,,,,,,
2000,394,pydantic/pydantic-ai,pydantic-ai-streaming-resilience-sweep.md,2,,,,,,,,,,,,,,,,,
2001,394,pydantic/pydantic-ai,pydantic-ai-streaming-resilience-sweep.md,3,,,,,,,,,,,,,,,,,
2002,395,pydantic/pydantic-ai,pydantic-ai-ui-security-review.md,1,,,,,,,,,,,,,,,,,
2003,395,pydantic/pydantic-ai,pydantic-ai-ui-security-review.md,2,,,,,,,,,,,,,,,,,
2004,395,pydantic/pydantic-ai,pydantic-ai-ui-security-review.md,3,,,,,,,,,,,,,,,,,
2005,395,pydantic/pydantic-ai,pydantic-ai-ui-security-review.md,4,,,,,,,,,,,,,,,,,
2006,395,pydantic/pydantic-ai,pydantic-ai-ui-security-review.md,5,,,,,,,,,,,,,,,,,
2007,395,pydantic/pydantic-ai,pydantic-ai-ui-security-review.md,6,,,,,,,,,,,,,,,,,
2008,395,pydantic/pydantic-ai,pydantic-ai-ui-security-review.md,7,,,,,,,,,,,,,,,,,
2009,396,moeru-ai/airi,pr-triage.md,1,,,,,,,,,,,0.0521,2085.0,microsoft/wassette,pr-triage.md,164.54,other_owner,0.0521
2010,396,moeru-ai/airi,pr-triage.md,2,,,,,,,,,,,0.0517,2085.0,microsoft/wassette,pr-triage.md,170.46,other_owner,0.0517
2011,396,moeru-ai/airi,pr-triage.md,3,,,,,,,,,,,0.0517,2085.0,microsoft/wassette,pr-triage.md,172.16,other_owner,0.0517
2012,396,moeru-ai/airi,pr-triage.md,4,,,,,,,,,,,0.068,2085.0,microsoft/wassette,pr-triage.md,173.1,other_owner,0.068
2013,397,popey/grummage,repo-assist.md,1,,,,,,,,,,,1.0,1449.0,fslaborg/Deedle,repo-assist.md,24.14,other_owner,1.0
2014,397,popey/grummage,repo-assist.md,2,,,,,,1.0,1973.0,popey/slomore,repo-assist.md,0.8,1.0,1449.0,fslaborg/Deedle,repo-assist.md,24.96,same_owner,1.0
2015,397,popey/grummage,repo-assist.md,3,,,,,,1.0,1973.0,popey/slomore,repo-assist.md,0.95,1.0,1449.0,fslaborg/Deedle,repo-assist.md,25.11,same_owner,1.0
2016,397,popey/grummage,repo-assist.md,4,,,,,,1.0,1973.0,popey/slomore,repo-assist.md,1.92,1.0,1449.0,fslaborg/Deedle,repo-assist.md,26.07,same_owner,1.0
2017,398,bob-collective/bob,openapi-docs-sync.md,1,,,,,,,,,,,0.0803,2214.0,kubestellar/docs,technical-doc-writer.md,93.87,other_owner,0.0803
2018,399,dotnet/macios,ci-postmortem.md,1,0.0759,2036.0,dotnet/macios,macios-reviewer.md,27.31,0.0453,276.0,dotnet/runtime,ci-failure-scan.md,13.88,0.0607,937.0,anweiss/cddl,ci-doctor.md,43.78,same_repo,0.0759
2019,399,dotnet/macios,ci-postmortem.md,2,0.0759,2036.0,dotnet/macios,macios-reviewer.md,42.41,0.0453,276.0,dotnet/runtime,ci-failure-scan.md,28.98,0.0607,937.0,anweiss/cddl,ci-doctor.md,58.88,same_repo,0.0759
2020,399,dotnet/macios,ci-postmortem.md,3,0.0759,2036.0,dotnet/macios,macios-reviewer.md,60.4,0.0453,276.0,dotnet/runtime,ci-failure-scan.md,46.96,0.0607,937.0,anweiss/cddl,ci-doctor.md,76.87,same_repo,0.0759
2021,399,dotnet/macios,ci-postmortem.md,4,0.0759,2036.0,dotnet/macios,macios-reviewer.md,63.15,0.0453,276.0,dotnet/runtime,ci-failure-scan.md,49.71,0.0607,937.0,anweiss/cddl,ci-doctor.md,79.62,same_repo,0.0759
2022,400,dotnet/macios,code-radiator.md,1,0.0263,2036.0,dotnet/macios,macios-reviewer.md,14.0,0.071,1415.0,dotnet/fsharp,regression-pr-shepherd.md,27.73,0.1069,1884.0,carlkidcrypto/ezsnmp,sync_open_prs_with_main.md,21.13,other_owner,0.1069
2023,400,dotnet/macios,code-radiator.md,2,0.0263,2036.0,dotnet/macios,macios-reviewer.md,17.86,0.071,1415.0,dotnet/fsharp,regression-pr-shepherd.md,31.59,0.1069,1884.0,carlkidcrypto/ezsnmp,sync_open_prs_with_main.md,24.99,other_owner,0.1069
2024,400,dotnet/macios,code-radiator.md,3,0.0263,2036.0,dotnet/macios,macios-reviewer.md,20.26,0.071,1415.0,dotnet/fsharp,regression-pr-shepherd.md,33.98,0.1069,1884.0,carlkidcrypto/ezsnmp,sync_open_prs_with_main.md,27.39,other_owner,0.1069
2025,400,dotnet/macios,code-radiator.md,4,0.0263,2036.0,dotnet/macios,macios-reviewer.md,21.21,0.071,1415.0,dotnet/fsharp,regression-pr-shepherd.md,34.94,0.1069,1884.0,carlkidcrypto/ezsnmp,sync_open_prs_with_main.md,28.34,other_owner,0.1069
2026,400,dotnet/macios,code-radiator.md,5,0.0263,2036.0,dotnet/macios,macios-reviewer.md,34.21,0.071,1415.0,dotnet/fsharp,regression-pr-shepherd.md,47.94,0.1069,1884.0,carlkidcrypto/ezsnmp,sync_open_prs_with_main.md,41.35,other_owner,0.1069
2027,400,dotnet/macios,code-radiator.md,6,0.0246,2036.0,dotnet/macios,macios-reviewer.md,35.41,0.0708,1415.0,dotnet/fsharp,regression-pr-shepherd.md,49.14,0.1038,1884.0,carlkidcrypto/ezsnmp,sync_open_prs_with_main.md,42.55,other_owner,0.1038
2028,400,dotnet/macios,code-radiator.md,7,0.0246,2036.0,dotnet/macios,macios-reviewer.md,39.22,0.0708,1415.0,dotnet/fsharp,regression-pr-shepherd.md,52.95,0.1038,1884.0,carlkidcrypto/ezsnmp,sync_open_prs_with_main.md,46.35,other_owner,0.1038
2029,400,dotnet/macios,code-radiator.md,8,0.0246,2036.0,dotnet/macios,macios-reviewer.md,41.06,0.0708,1415.0,dotnet/fsharp,regression-pr-shepherd.md,54.79,0.1038,1884.0,carlkidcrypto/ezsnmp,sync_open_prs_with_main.md,48.19,other_owner,0.1038
2030,400,dotnet/macios,code-radiator.md,9,0.0246,2036.0,dotnet/macios,macios-reviewer.md,42.41,0.0708,1415.0,dotnet/fsharp,regression-pr-shepherd.md,56.14,0.1038,1884.0,carlkidcrypto/ezsnmp,sync_open_prs_with_main.md,49.55,other_owner,0.1038
2031,400,dotnet/macios,code-radiator.md,10,0.0278,2036.0,dotnet/macios,macios-reviewer.md,60.36,0.0705,1415.0,dotnet/fsharp,regression-pr-shepherd.md,74.09,0.0965,1884.0,carlkidcrypto/ezsnmp,sync_open_prs_with_main.md,67.5,other_owner,0.0965
2032,400,dotnet/macios,code-radiator.md,11,0.0278,2036.0,dotnet/macios,macios-reviewer.md,60.4,0.0705,1415.0,dotnet/fsharp,regression-pr-shepherd.md,74.13,0.0965,1884.0,carlkidcrypto/ezsnmp,sync_open_prs_with_main.md,67.53,other_owner,0.0965
2033,400,dotnet/macios,code-radiator.md,12,0.0278,2036.0,dotnet/macios,macios-reviewer.md,62.3,0.0705,1415.0,dotnet/fsharp,regression-pr-shepherd.md,76.03,0.0965,1884.0,carlkidcrypto/ezsnmp,sync_open_prs_with_main.md,69.44,other_owner,0.0965
2034,400,dotnet/macios,code-radiator.md,13,0.0278,2036.0,dotnet/macios,macios-reviewer.md,63.15,0.0705,1415.0,dotnet/fsharp,regression-pr-shepherd.md,76.88,0.0965,1884.0,carlkidcrypto/ezsnmp,sync_open_prs_with_main.md,70.28,other_owner,0.0965
2035,400,dotnet/macios,code-radiator.md,14,0.0287,2036.0,dotnet/macios,macios-reviewer.md,63.62,0.0717,1415.0,dotnet/fsharp,regression-pr-shepherd.md,77.35,0.1013,1884.0,carlkidcrypto/ezsnmp,sync_open_prs_with_main.md,70.76,other_owner,0.1013
2036,401,dotnet/macios,macios-reviewer.md,1,,,,,,0.8394,1814.0,dotnet/android,android-reviewer.md,5.43,0.0829,412.0,Azure/azure-sdk-for-js,mgmt-review.md,36.55,same_owner,0.8394
2037,401,dotnet/macios,macios-reviewer.md,2,,,,,,0.7726,1814.0,dotnet/android,android-reviewer.md,19.42,0.4956,1238.0,jonathanpeppers/dotnes,dotnes-reviewer.md,5.32,same_owner,0.7726
2038,401,dotnet/macios,macios-reviewer.md,3,0.0255,2022.0,dotnet/macios,code-radiator.md,3.86,0.7726,1814.0,dotnet/android,android-reviewer.md,23.29,0.4956,1238.0,jonathanpeppers/dotnes,dotnes-reviewer.md,9.19,same_owner,0.7726
2039,401,dotnet/macios,macios-reviewer.md,4,0.0755,2018.0,dotnet/macios,ci-postmortem.md,31.93,0.8009,1814.0,dotnet/android,android-reviewer.md,64.67,0.5068,1238.0,jonathanpeppers/dotnes,dotnes-reviewer.md,50.57,same_owner,0.8009
2040,401,dotnet/macios,macios-reviewer.md,5,0.0755,2018.0,dotnet/macios,ci-postmortem.md,33.09,0.8009,1814.0,dotnet/android,android-reviewer.md,65.83,0.5068,1238.0,jonathanpeppers/dotnes,dotnes-reviewer.md,51.73,same_owner,0.8009
2041,401,dotnet/macios,macios-reviewer.md,6,0.0755,2018.0,dotnet/macios,ci-postmortem.md,35.84,0.8009,1814.0,dotnet/android,android-reviewer.md,68.58,0.5068,1238.0,jonathanpeppers/dotnes,dotnes-reviewer.md,54.48,same_owner,0.8009
2042,402,ZSWatch/ZSWatch,docs-pr-analyze.md,1,,,,,,,,,,,0.0657,2209.0,kubestellar/docs,technical-doc-writer.md,63.7,other_owner,0.0657
2043,402,ZSWatch/ZSWatch,docs-pr-analyze.md,2,,,,,,,,,,,0.093,1916.0,Azure/typespec-azure,docs-sync.md,4.0,other_owner,0.093
2044,403,pulumi/pulumi-okta,gh-aw-pr-rereview.md,1,,,,,,,,,,,,,,,,,
2045,404,pulumi/pulumi-okta,gh-aw-pr-review.md,1,,,,,,,,,,,,,,,,,
2046,405,elastic/opentelemetry-collector-components,pr-review.md,1,,,,,,,,,,,0.0736,2085.0,microsoft/wassette,pr-triage.md,114.84,other_owner,0.0736
2047,406,svenjacobs/lokksmith,update-dependency-matrix.md,1,,,,,,,,,,,0.0661,2432.0,github/copilot-sdk,release-changelog.md,16.66,other_owner,0.0661
2048,406,svenjacobs/lokksmith,update-dependency-matrix.md,2,,,,,,,,,,,0.0677,2432.0,github/copilot-sdk,release-changelog.md,16.74,other_owner,0.0677
2049,406,svenjacobs/lokksmith,update-dependency-matrix.md,3,,,,,,,,,,,0.0842,1291.0,microsoft/aspire,release-update-support-mdx.md,32.73,other_owner,0.0842
2050,407,czlonkowski/n8n-mcp,issue-triage.md,1,,,,,,,,,,,0.7873,242.0,taosdata/TDengine,issue-triage.md,62.16,other_owner,0.7873
2051,407,czlonkowski/n8n-mcp,issue-triage.md,2,,,,,,,,,,,0.7873,242.0,taosdata/TDengine,issue-triage.md,62.18,other_owner,0.7873
2052,408,github/awesome-copilot,cli-for-beginners-sync.md,1,0.1451,2064.0,github/awesome-copilot,learning-hub-updater.md,8.78,0.0545,2406.0,github/copilot-sdk,cross-repo-issue-analysis.md,20.88,0.1108,1916.0,Azure/typespec-azure,docs-sync.md,27.02,same_repo,0.1451
2053,408,github/awesome-copilot,cli-for-beginners-sync.md,2,0.1547,2066.0,github/awesome-copilot,learning-hub-updater.md,12.82,0.0564,2434.0,github/copilot-sdk,release-changelog.md,36.28,0.1099,1916.0,Azure/typespec-azure,docs-sync.md,41.12,same_repo,0.1547
2054,408,github/awesome-copilot,cli-for-beginners-sync.md,3,0.1582,2066.0,github/awesome-copilot,learning-hub-updater.md,44.86,0.0603,2435.0,github/copilot-sdk,release-changelog.md,30.59,0.1102,1916.0,Azure/typespec-azure,docs-sync.md,73.16,same_repo,0.1582
2055,408,github/awesome-copilot,cli-for-beginners-sync.md,4,0.1568,2066.0,github/awesome-copilot,learning-hub-updater.md,89.99,0.0605,2435.0,github/copilot-sdk,release-changelog.md,75.72,0.1095,1916.0,Azure/typespec-azure,docs-sync.md,118.29,same_repo,0.1568
2056,409,github/awesome-copilot,codeowner-update.md,1,0.0438,2072.0,github/awesome-copilot,resource-staleness-report.md,13.0,0.0501,2433.0,github/copilot-sdk,release-changelog.md,0.25,0.0664,2080.0,microsoft/wassette,changelog-pr-link.md,132.72,other_owner,0.0664
2057,409,github/awesome-copilot,codeowner-update.md,2,0.0438,2072.0,github/awesome-copilot,resource-staleness-report.md,13.09,0.0501,2433.0,github/copilot-sdk,release-changelog.md,0.34,0.0664,2080.0,microsoft/wassette,changelog-pr-link.md,132.81,other_owner,0.0664
2058,409,github/awesome-copilot,codeowner-update.md,3,0.0438,2072.0,github/awesome-copilot,resource-staleness-report.md,13.13,0.0501,2433.0,github/copilot-sdk,release-changelog.md,0.38,0.0664,2080.0,microsoft/wassette,changelog-pr-link.md,132.84,other_owner,0.0664
2059,409,github/awesome-copilot,codeowner-update.md,4,0.0438,2072.0,github/awesome-copilot,resource-staleness-report.md,13.14,0.0501,2433.0,github/copilot-sdk,release-changelog.md,0.39,0.0664,2080.0,microsoft/wassette,changelog-pr-link.md,132.85,other_owner,0.0664
2060,409,github/awesome-copilot,codeowner-update.md,5,0.0861,2069.0,github/awesome-copilot,pr-duplicate-check.md,34.01,0.0501,2433.0,github/copilot-sdk,release-changelog.md,43.23,0.0664,2080.0,microsoft/wassette,changelog-pr-link.md,175.7,same_repo,0.0861
2061,409,github/awesome-copilot,codeowner-update.md,6,0.0863,2069.0,github/awesome-copilot,pr-duplicate-check.md,104.25,0.0502,2433.0,github/copilot-sdk,release-changelog.md,113.47,0.0665,2080.0,microsoft/wassette,changelog-pr-link.md,245.94,same_repo,0.0863
2062,410,github/awesome-copilot,duplicate-resource-detector.md,1,0.1278,2072.0,github/awesome-copilot,resource-staleness-report.md,0.23,0.0366,2423.0,github/copilot-sdk,issue-triage.md,35.28,0.0782,1329.0,GuyKh/iec-custom-component,issue-duplicate-finder.md,3.53,same_repo,0.1278
2063,410,github/awesome-copilot,duplicate-resource-detector.md,2,0.1167,2072.0,github/awesome-copilot,resource-staleness-report.md,8.0,0.0365,2423.0,github/copilot-sdk,issue-triage.md,43.05,0.0785,1329.0,GuyKh/iec-custom-component,issue-duplicate-finder.md,11.3,same_repo,0.1167
2064,411,github/awesome-copilot,learning-hub-updater.md,1,0.0529,2056.0,github/awesome-copilot,codeowner-update.md,13.16,0.0717,2433.0,github/copilot-sdk,release-changelog.md,13.42,0.087,2594.0,microsoft/agentrc,daily-doc-updater.md,17.14,other_owner,0.087
2065,411,github/awesome-copilot,learning-hub-updater.md,2,0.0642,2056.0,github/awesome-copilot,codeowner-update.md,15.22,0.0714,2433.0,github/copilot-sdk,release-changelog.md,15.48,0.086,2594.0,microsoft/agentrc,daily-doc-updater.md,19.2,other_owner,0.086
2066,411,github/awesome-copilot,learning-hub-updater.md,3,0.1536,2052.0,github/awesome-copilot,cli-for-beginners-sync.md,1.28,0.0705,2433.0,github/copilot-sdk,release-changelog.md,23.48,0.0848,2594.0,microsoft/agentrc,daily-doc-updater.md,27.2,same_repo,0.1536
2067,411,github/awesome-copilot,learning-hub-updater.md,4,0.1582,2054.0,github/awesome-copilot,cli-for-beginners-sync.md,43.0,0.0705,2433.0,github/copilot-sdk,release-changelog.md,111.34,0.1042,1268.0,microsoft/aspire,pr-docs-check.md,76.95,same_repo,0.1582
2068,411,github/awesome-copilot,learning-hub-updater.md,5,0.1572,2054.0,github/awesome-copilot,cli-for-beginners-sync.md,45.13,0.0708,2433.0,github/copilot-sdk,release-changelog.md,113.47,0.105,1268.0,microsoft/aspire,pr-docs-check.md,79.08,same_repo,0.1572
2069,412,github/awesome-copilot,pr-duplicate-check.md,1,0.4995,2063.0,github/awesome-copilot,duplicate-resource-detector.md,13.97,0.0496,2438.0,github/copilot-sdk,sdk-consistency-review.md,48.48,0.0793,1329.0,GuyKh/iec-custom-component,issue-duplicate-finder.md,25.28,same_repo,0.4995
2070,412,github/awesome-copilot,pr-duplicate-check.md,2,0.4995,2063.0,github/awesome-copilot,duplicate-resource-detector.md,14.09,0.0496,2438.0,github/copilot-sdk,sdk-consistency-review.md,48.59,0.0793,1329.0,GuyKh/iec-custom-component,issue-duplicate-finder.md,25.39,same_repo,0.4995
2071,412,github/awesome-copilot,pr-duplicate-check.md,3,0.4995,2063.0,github/awesome-copilot,duplicate-resource-detector.md,24.21,0.0496,2438.0,github/copilot-sdk,sdk-consistency-review.md,58.72,0.0793,1329.0,GuyKh/iec-custom-component,issue-duplicate-finder.md,35.52,same_repo,0.4995
2072,413,github/awesome-copilot,resource-staleness-report.md,1,,,,,,0.0236,2438.0,github/copilot-sdk,sdk-consistency-review.md,26.5,0.0489,1300.0,stride3d/stride-community-toolkit,daily-activity-report.md,2.61,other_owner,0.0489
2073,413,github/awesome-copilot,resource-staleness-report.md,2,0.1118,2062.0,github/awesome-copilot,duplicate-resource-detector.md,85.08,0.0435,2435.0,github/copilot-sdk,release-changelog.md,34.8,0.0721,2689.0,dotnet/skills,close-stale-prs.agent.md,50.77,same_repo,0.1118
2074,414,pulumi/pulumi-cloudinit,gh-aw-pr-rereview.md,1,,,,,,,,,,,,,,,,,
2075,415,pulumi/pulumi-cloudinit,gh-aw-pr-review.md,1,,,,,,,,,,,,,,,,,
2076,416,pulumi/pulumi-fastly,gh-aw-pr-rereview.md,1,,,,,,,,,,,,,,,,,
2077,417,pulumi/pulumi-fastly,gh-aw-pr-review.md,1,,,,,,,,,,,,,,,,,
2078,418,microsoft/wassette,changelog-fragment.md,1,0.1563,2080.0,microsoft/wassette,changelog-pr-link.md,11.5,,,,,,0.0499,2090.0,kaito-project/aikit,issue-triage.md,9.0,same_repo,0.1563
2079,418,microsoft/wassette,changelog-fragment.md,2,0.1563,2080.0,microsoft/wassette,changelog-pr-link.md,11.74,,,,,,0.0499,2090.0,kaito-project/aikit,issue-triage.md,9.24,same_repo,0.1563
2080,419,microsoft/wassette,changelog-pr-link.md,1,0.0527,2081.0,microsoft/wassette,ci-doctor.md,13.21,,,,,,,,,,,same_repo,0.0527
2081,420,microsoft/wassette,ci-doctor.md,1,0.0584,2088.0,microsoft/wassette,scout.md,0.13,,,,,,,,,,,same_repo,0.0584
2082,421,microsoft/wassette,issue-triage.md,1,,,,,,,,,,,,,,,,,
2083,421,microsoft/wassette,issue-triage.md,2,0.0482,2081.0,microsoft/wassette,ci-doctor.md,13.09,,,,,,,,,,,same_repo,0.0482
2084,422,microsoft/wassette,plan.md,1,0.0888,2088.0,microsoft/wassette,scout.md,34.35,,,,,,0.0677,500.0,appwrite/appwrite,issue-triage.md,15.14,same_repo,0.0888
2085,423,microsoft/wassette,pr-triage.md,1,0.6391,2083.0,microsoft/wassette,issue-triage.md,0.12,,,,,,,,,,,same_repo,0.6391
2086,423,microsoft/wassette,pr-triage.md,2,0.6391,2083.0,microsoft/wassette,issue-triage.md,23.07,,,,,,0.5314,2090.0,kaito-project/aikit,issue-triage.md,20.46,same_repo,0.6391
2087,424,microsoft/wassette,release-doctor.md,1,0.209,2081.0,microsoft/wassette,ci-doctor.md,24.95,,,,,,0.0449,2089.0,kaito-project/aikit,daily-test-improver.md,9.08,same_repo,0.209
2088,425,microsoft/wassette,scout.md,1,0.0412,2082.0,microsoft/wassette,issue-triage.md,5.08,,,,,,,,,,,same_repo,0.0412
2089,426,kaito-project/aikit,daily-test-improver.md,1,0.072,2091.0,kaito-project/aikit,issue-triage.md,0.06,,,,,,0.057,2081.0,microsoft/wassette,ci-doctor.md,15.87,same_repo,0.072
2090,427,kaito-project/aikit,issue-triage.md,1,,,,,,,,,,,0.8291,2083.0,microsoft/wassette,issue-triage.md,2.62,other_owner,0.8291
2091,427,kaito-project/aikit,issue-triage.md,2,,,,,,,,,,,0.7915,2083.0,microsoft/wassette,issue-triage.md,2.71,other_owner,0.7915
2092,428,Azure/AppConfiguration-KubernetesProvider,issue-triage.md,1,,,,,,0.0365,1916.0,Azure/typespec-azure,docs-sync.md,6.38,0.1307,2423.0,github/copilot-sdk,issue-triage.md,49.36,other_owner,0.1307
2093,429,githubnext/agentics,daily-repo-goals.md,1,0.0829,2103.0,githubnext/agentics,daily-workflow-sync.md,10.06,,,,,,0.0754,2089.0,kaito-project/aikit,daily-test-improver.md,111.17,same_repo,0.0829
2094,429,githubnext/agentics,daily-repo-goals.md,2,0.0829,2103.0,githubnext/agentics,daily-workflow-sync.md,10.12,,,,,,0.0754,2089.0,kaito-project/aikit,daily-test-improver.md,111.23,same_repo,0.0829
2095,429,githubnext/agentics,daily-repo-goals.md,3,0.111,2112.0,githubnext/agentics,import-workflow.md,0.75,,,,,,0.0689,2089.0,kaito-project/aikit,daily-test-improver.md,116.02,same_repo,0.111
2096,429,githubnext/agentics,daily-repo-goals.md,4,0.1168,2112.0,githubnext/agentics,import-workflow.md,0.82,,,,,,0.0722,2089.0,kaito-project/aikit,daily-test-improver.md,116.09,same_repo,0.1168
2097,429,githubnext/agentics,daily-repo-goals.md,5,0.1168,2112.0,githubnext/agentics,import-workflow.md,6.98,,,,,,0.0722,2089.0,kaito-project/aikit,daily-test-improver.md,122.24,same_repo,0.1168
2098,429,githubnext/agentics,daily-repo-goals.md,6,0.1168,2112.0,githubnext/agentics,import-workflow.md,7.0,,,,,,0.0722,2089.0,kaito-project/aikit,daily-test-improver.md,122.26,same_repo,0.1168
2099,429,githubnext/agentics,daily-repo-goals.md,7,0.1168,2112.0,githubnext/agentics,import-workflow.md,19.76,,,,,,0.0754,1489.0,fsprojects/fantomas,repo-assist.md,1.93,same_repo,0.1168
2100,429,githubnext/agentics,daily-repo-goals.md,8,0.117,2112.0,githubnext/agentics,import-workflow.md,80.7,0.0518,2778.0,githubnext/autoloop,autoloop.md,15.25,0.0755,1489.0,fsprojects/fantomas,repo-assist.md,62.87,same_repo,0.117
2101,429,githubnext/agentics,daily-repo-goals.md,9,0.117,2112.0,githubnext/agentics,import-workflow.md,129.06,0.0518,2778.0,githubnext/autoloop,autoloop.md,63.61,0.0755,1489.0,fsprojects/fantomas,repo-assist.md,111.23,same_repo,0.117
2102,430,githubnext/agentics,daily-workflow-sync.md,1,0.1106,2125.0,githubnext/agentics,maintainer.md,47.98,,,,,,0.0607,563.0,lablup/backend.ai-webui,daily-test-improver.md,7.32,same_repo,0.1106
2103,430,githubnext/agentics,daily-workflow-sync.md,2,0.0942,2125.0,githubnext/agentics,maintainer.md,103.26,,,,,,0.0638,2214.0,kubestellar/docs,technical-doc-writer.md,48.17,same_repo,0.0942
2104,430,githubnext/agentics,daily-workflow-sync.md,3,0.0971,2131.0,githubnext/agentics,maintainer.md,11.9,,,,,,0.0638,2214.0,kubestellar/docs,technical-doc-writer.md,60.07,same_repo,0.0971
2105,430,githubnext/agentics,daily-workflow-sync.md,4,0.1067,2115.0,githubnext/agentics,import-workflow.md,2.62,,,,,,0.0638,2214.0,kubestellar/docs,technical-doc-writer.md,65.68,same_repo,0.1067
2106,430,githubnext/agentics,daily-workflow-sync.md,5,0.1067,2115.0,githubnext/agentics,import-workflow.md,6.25,,,,,,0.0638,2214.0,kubestellar/docs,technical-doc-writer.md,69.32,same_repo,0.1067
2107,430,githubnext/agentics,daily-workflow-sync.md,6,0.1067,2115.0,githubnext/agentics,import-workflow.md,13.29,,,,,,0.0838,2289.0,microsoft/apm,daily-doc-updater.md,6.25,same_repo,0.1067
2108,430,githubnext/agentics,daily-workflow-sync.md,7,0.1067,2115.0,githubnext/agentics,import-workflow.md,19.01,,,,,,0.0838,2289.0,microsoft/apm,daily-doc-updater.md,11.97,same_repo,0.1067
2109,430,githubnext/agentics,daily-workflow-sync.md,8,0.1067,2115.0,githubnext/agentics,import-workflow.md,98.79,0.0498,2776.0,githubnext/autoloop,autoloop.md,34.77,0.0838,2289.0,microsoft/apm,daily-doc-updater.md,91.74,same_repo,0.1067
2110,430,githubnext/agentics,daily-workflow-sync.md,9,0.1067,2115.0,githubnext/agentics,import-workflow.md,121.78,0.0498,2776.0,githubnext/autoloop,autoloop.md,57.76,0.0838,2289.0,microsoft/apm,daily-doc-updater.md,114.73,same_repo,0.1067
2111,430,githubnext/agentics,daily-workflow-sync.md,10,0.1067,2115.0,githubnext/agentics,import-workflow.md,128.31,0.0498,2776.0,githubnext/autoloop,autoloop.md,64.3,0.0838,2289.0,microsoft/apm,daily-doc-updater.md,121.27,same_repo,0.1067
2112,431,githubnext/agentics,import-workflow.md,1,0.1142,2093.0,githubnext/agentics,daily-repo-goals.md,4.1,,,,,,0.0731,2214.0,kubestellar/docs,technical-doc-writer.md,62.32,same_repo,0.1142
2113,431,githubnext/agentics,import-workflow.md,2,0.1142,2093.0,githubnext/agentics,daily-repo-goals.md,4.1,,,,,,0.0731,2214.0,kubestellar/docs,technical-doc-writer.md,62.32,same_repo,0.1142
2114,431,githubnext/agentics,import-workflow.md,3,0.1139,2093.0,githubnext/agentics,daily-repo-goals.md,4.71,,,,,,0.0723,2214.0,kubestellar/docs,technical-doc-writer.md,62.93,same_repo,0.1139
2115,431,githubnext/agentics,import-workflow.md,4,0.1079,2093.0,githubnext/agentics,daily-repo-goals.md,4.85,,,,,,0.0804,2214.0,kubestellar/docs,technical-doc-writer.md,63.07,same_repo,0.1079
2116,431,githubnext/agentics,import-workflow.md,5,0.1117,2096.0,githubnext/agentics,daily-repo-goals.md,6.16,,,,,,0.0804,2214.0,kubestellar/docs,technical-doc-writer.md,69.3,same_repo,0.1117
2117,431,githubnext/agentics,import-workflow.md,6,0.1117,2096.0,githubnext/agentics,daily-repo-goals.md,18.94,,,,,,0.0806,2141.0,fideus-labs/ngff-zarr,daily-doc-updater.md,6.1,same_repo,0.1117
2118,431,githubnext/agentics,import-workflow.md,7,0.1119,2100.0,githubnext/agentics,daily-repo-goals.md,48.37,0.0556,2774.0,githubnext/autoloop,autoloop.md,83.03,0.0806,2141.0,fideus-labs/ngff-zarr,daily-doc-updater.md,115.4,same_repo,0.1119
2119,432,githubnext/agentics,link-checker.md,1,0.0644,2103.0,githubnext/agentics,daily-workflow-sync.md,14.16,,,,,,0.073,2580.0,zircote/rlm-rs,daily-qa.md,0.05,other_owner,0.073
2120,432,githubnext/agentics,link-checker.md,2,0.0644,2103.0,githubnext/agentics,daily-workflow-sync.md,17.52,,,,,,0.073,2580.0,zircote/rlm-rs,daily-qa.md,3.41,other_owner,0.073
2121,432,githubnext/agentics,link-checker.md,3,0.0644,2103.0,githubnext/agentics,daily-workflow-sync.md,33.92,,,,,,0.0834,2403.0,BMayhew/awesome-sites-to-test-on,issue-site-submission.md,6.66,other_owner,0.0834
2122,432,githubnext/agentics,link-checker.md,4,0.0644,2103.0,githubnext/agentics,daily-workflow-sync.md,136.68,0.0398,2776.0,githubnext/autoloop,autoloop.md,57.76,0.9347,119.0,microsoft/vstest,http-link-checker.md,9.14,other_owner,0.9347
2123,432,githubnext/agentics,link-checker.md,5,0.0682,2103.0,githubnext/agentics,daily-workflow-sync.md,143.21,0.0416,2776.0,githubnext/autoloop,autoloop.md,64.29,0.9461,119.0,microsoft/vstest,http-link-checker.md,15.67,other_owner,0.9461
2124,432,githubnext/agentics,link-checker.md,6,0.0682,2103.0,githubnext/agentics,daily-workflow-sync.md,143.22,0.0416,2776.0,githubnext/autoloop,autoloop.md,64.3,0.9461,119.0,microsoft/vstest,http-link-checker.md,15.68,other_owner,0.9461
2125,433,githubnext/agentics,maintainer.md,1,,,,,,,,,,,0.0491,2083.0,microsoft/wassette,issue-triage.md,0.62,other_owner,0.0491
2126,433,githubnext/agentics,maintainer.md,2,,,,,,,,,,,0.0491,2083.0,microsoft/wassette,issue-triage.md,0.66,other_owner,0.0491
2127,433,githubnext/agentics,maintainer.md,3,,,,,,,,,,,0.0543,2089.0,kaito-project/aikit,daily-test-improver.md,4.83,other_owner,0.0543
2128,433,githubnext/agentics,maintainer.md,4,,,,,,,,,,,0.0543,2089.0,kaito-project/aikit,daily-test-improver.md,13.22,other_owner,0.0543
2129,433,githubnext/agentics,maintainer.md,5,,,,,,,,,,,0.0543,2089.0,kaito-project/aikit,daily-test-improver.md,20.12,other_owner,0.0543
2130,433,githubnext/agentics,maintainer.md,6,0.107,2102.0,githubnext/agentics,daily-workflow-sync.md,27.13,,,,,,0.0576,2214.0,kubestellar/docs,technical-doc-writer.md,20.02,same_repo,0.107
2131,433,githubnext/agentics,maintainer.md,7,0.0912,2102.0,githubnext/agentics,daily-workflow-sync.md,55.28,,,,,,0.0579,2214.0,kubestellar/docs,technical-doc-writer.md,48.17,same_repo,0.0912
2132,433,githubnext/agentics,maintainer.md,8,0.0971,2103.0,githubnext/agentics,daily-workflow-sync.md,17.52,,,,,,0.0628,2580.0,zircote/rlm-rs,daily-qa.md,3.41,same_repo,0.0971
2133,433,githubnext/agentics,maintainer.md,9,0.0971,2103.0,githubnext/agentics,daily-workflow-sync.md,23.52,,,,,,0.0638,1574.0,MoiraeSoftware/Myriad,q.md,0.87,same_repo,0.0971
2134,433,githubnext/agentics,maintainer.md,10,0.0971,2103.0,githubnext/agentics,daily-workflow-sync.md,33.92,,,,,,0.0685,2141.0,fideus-labs/ngff-zarr,daily-doc-updater.md,6.1,same_repo,0.0971
2135,433,githubnext/agentics,maintainer.md,11,0.0971,2103.0,githubnext/agentics,daily-workflow-sync.md,136.68,0.0431,2778.0,githubnext/autoloop,autoloop.md,57.08,0.1323,482.0,Azure/azure-sdk-for-js,upgrade-agentic-workflows.md,10.0,other_owner,0.1323
2136,433,githubnext/agentics,maintainer.md,12,0.0971,2103.0,githubnext/agentics,daily-workflow-sync.md,143.22,0.0431,2778.0,githubnext/autoloop,autoloop.md,63.61,0.1323,482.0,Azure/azure-sdk-for-js,upgrade-agentic-workflows.md,16.54,other_owner,0.1323
2137,434,microsoft/mcp,doc-gap-detector.md,1,,,,,,0.0848,2595.0,microsoft/agentrc,daily-doc-updater.md,50.69,0.0837,2680.0,dotnet/maui-labs,pr-docs-check.md,20.28,same_owner,0.0848
2138,434,microsoft/mcp,doc-gap-detector.md,2,,,,,,0.0846,2595.0,microsoft/agentrc,daily-doc-updater.md,63.68,0.0853,2260.0,YousefHadder/markdown-plus.nvim,daily-doc-updater.md,7.15,other_owner,0.0853
2139,435,MiguelElGallo/mpzsql,code-simplifier.md,1,,,,,,,,,,,1.0,321.0,storybookjs/storybook,code-simplifier.md,7.58,other_owner,1.0
2140,435,MiguelElGallo/mpzsql,code-simplifier.md,2,,,,,,,,,,,1.0,321.0,storybookjs/storybook,code-simplifier.md,37.42,other_owner,1.0
2141,436,fideus-labs/ngff-zarr,daily-doc-updater.md,1,0.035,2146.0,fideus-labs/ngff-zarr,daily-repo-status.md,12.96,,,,,,0.6047,2289.0,microsoft/apm,daily-doc-updater.md,5.87,other_owner,0.6047
2142,436,fideus-labs/ngff-zarr,daily-doc-updater.md,2,0.035,2146.0,fideus-labs/ngff-zarr,daily-repo-status.md,12.99,,,,,,0.6047,2289.0,microsoft/apm,daily-doc-updater.md,5.9,other_owner,0.6047
2143,436,fideus-labs/ngff-zarr,daily-doc-updater.md,3,0.0301,2146.0,fideus-labs/ngff-zarr,daily-repo-status.md,99.02,,,,,,0.7829,2260.0,YousefHadder/markdown-plus.nvim,daily-doc-updater.md,15.18,other_owner,0.7829
2144,436,fideus-labs/ngff-zarr,daily-doc-updater.md,4,0.0301,2146.0,fideus-labs/ngff-zarr,daily-repo-status.md,104.85,,,,,,0.7829,2260.0,YousefHadder/markdown-plus.nvim,daily-doc-updater.md,21.01,other_owner,0.7829
2145,436,fideus-labs/ngff-zarr,daily-doc-updater.md,5,0.0301,2146.0,fideus-labs/ngff-zarr,daily-repo-status.md,119.75,,,,,,0.7829,2260.0,YousefHadder/markdown-plus.nvim,daily-doc-updater.md,35.91,other_owner,0.7829
2146,437,fideus-labs/ngff-zarr,daily-repo-status.md,1,,,,,,,,,,,1.0,2.0,apache/cloudstack,daily-repo-status.md,0.25,other_owner,1.0
2147,437,fideus-labs/ngff-zarr,daily-repo-status.md,2,,,,,,,,,,,1.0,2.0,apache/cloudstack,daily-repo-status.md,4.09,other_owner,1.0
2148,437,fideus-labs/ngff-zarr,daily-repo-status.md,3,,,,,,,,,,,1.0,2.0,apache/cloudstack,daily-repo-status.md,7.91,other_owner,1.0
2149,437,fideus-labs/ngff-zarr,daily-repo-status.md,4,0.0348,2141.0,fideus-labs/ngff-zarr,daily-doc-updater.md,86.06,,,,,,1.0,1842.0,timrogers/iata-code-decoder-api,daily-repo-status.md,8.01,other_owner,1.0
2150,437,fideus-labs/ngff-zarr,daily-repo-status.md,5,0.0348,2141.0,fideus-labs/ngff-zarr,daily-doc-updater.md,106.72,,,,,,1.0,4.0,apache/cloudstack,daily-repo-status.md,19.17,other_owner,1.0
2151,437,fideus-labs/ngff-zarr,daily-repo-status.md,6,0.0337,2141.0,fideus-labs/ngff-zarr,daily-doc-updater.md,114.91,,,,,,0.8156,4.0,apache/cloudstack,daily-repo-status.md,27.36,other_owner,0.8156
2152,438,tosin2013/mcp-adr-analysis-server,ai-executor-integration.md,1,,,,,,,,,,,0.0304,2819.0,drasi-project/drasi-server,validate-yaml-snippets.md,31.7,other_owner,0.0304
2153,438,tosin2013/mcp-adr-analysis-server,ai-executor-integration.md,2,0.3737,2177.0,tosin2013/mcp-adr-analysis-server,mcp-server-validation.md,0.83,,,,,,0.0423,2577.0,zircote/rlm-rs,ci-doctor.md,0.5,same_repo,0.3737
2154,438,tosin2013/mcp-adr-analysis-server,ai-executor-integration.md,3,0.3737,2177.0,tosin2013/mcp-adr-analysis-server,mcp-server-validation.md,27.96,,,,,,0.0519,1060.0,microsoft/security-devops-action,ci-doctor.md,0.1,same_repo,0.3737
2155,439,tosin2013/mcp-adr-analysis-server,ai-release-notes-agent.md,1,,,,,,,,,,,0.0872,2572.0,jurre/huebar,release-notes.md,0.8,other_owner,0.0872
2156,440,tosin2013/mcp-adr-analysis-server,ci-doctor.md,1,,,,,,,,,,,0.0901,2081.0,microsoft/wassette,ci-doctor.md,130.62,other_owner,0.0901
2157,441,tosin2013/mcp-adr-analysis-server,dependabot-bundler.md,1,,,,,,,,,,,0.0332,2392.0,meteostat/meteostat,issue-triage-agent.md,3.01,other_owner,0.0332
2158,441,tosin2013/mcp-adr-analysis-server,dependabot-bundler.md,2,0.0946,2177.0,tosin2013/mcp-adr-analysis-server,mcp-server-validation.md,3.23,,,,,,0.0374,953.0,microsoft/vscode-pylint,check-python-versions.md,2.11,same_repo,0.0946
2159,442,tosin2013/mcp-adr-analysis-server,deployment-pattern-validation.md,1,,,,,,,,,,,0.0341,2509.0,chimon2000/good_first_issue,duplicate-code-detector.md,3.9,other_owner,0.0341
2160,442,tosin2013/mcp-adr-analysis-server,deployment-pattern-validation.md,2,0.1609,2173.0,tosin2013/mcp-adr-analysis-server,knowledge-graph-validation.md,0.1,,,,,,0.0357,2509.0,chimon2000/good_first_issue,duplicate-code-detector.md,4.0,same_repo,0.1609
2161,442,tosin2013/mcp-adr-analysis-server,deployment-pattern-validation.md,3,0.3155,2177.0,tosin2013/mcp-adr-analysis-server,mcp-server-validation.md,27.96,,,,,,0.0418,2245.0,YousefHadder/markdown-plus.nvim,code-simplifier.md,9.45,same_repo,0.3155
2162,443,tosin2013/mcp-adr-analysis-server,docs-noob-tester.md,1,,,,,,,,,,,0.0506,2209.0,kubestellar/docs,technical-doc-writer.md,61.85,other_owner,0.0506
2163,443,tosin2013/mcp-adr-analysis-server,docs-noob-tester.md,2,0.1133,2167.0,tosin2013/mcp-adr-analysis-server,docs-site-validator.md,3.33,,,,,,0.0527,2119.0,githubnext/agentics,link-checker.md,2.83,same_repo,0.1133
2164,443,tosin2013/mcp-adr-analysis-server,docs-noob-tester.md,3,0.1093,2167.0,tosin2013/mcp-adr-analysis-server,docs-site-validator.md,4.12,,,,,,0.0513,2209.0,kubestellar/docs,technical-doc-writer.md,65.98,same_repo,0.1093
2165,443,tosin2013/mcp-adr-analysis-server,docs-noob-tester.md,4,0.1679,2169.0,tosin2013/mcp-adr-analysis-server,docs-site-validator.md,23.93,,,,,,0.0636,2319.0,pikax/verter,update-docs.md,0.33,same_repo,0.1679
2166,443,tosin2013/mcp-adr-analysis-server,docs-noob-tester.md,5,0.1679,2169.0,tosin2013/mcp-adr-analysis-server,docs-site-validator.md,23.94,,,,,,0.0636,2319.0,pikax/verter,update-docs.md,0.34,same_repo,0.1679
2167,444,tosin2013/mcp-adr-analysis-server,docs-site-validator.md,1,0.1133,2162.0,tosin2013/mcp-adr-analysis-server,docs-noob-tester.md,0.01,,,,,,0.043,2318.0,pikax/verter,update-docs.md,1.19,same_repo,0.1133
2168,444,tosin2013/mcp-adr-analysis-server,docs-site-validator.md,2,0.1133,2162.0,tosin2013/mcp-adr-analysis-server,docs-noob-tester.md,3.34,,,,,,0.046,2119.0,githubnext/agentics,link-checker.md,2.83,same_repo,0.1133
2169,444,tosin2013/mcp-adr-analysis-server,docs-site-validator.md,3,0.1075,2162.0,tosin2013/mcp-adr-analysis-server,docs-noob-tester.md,4.13,,,,,,0.0447,2119.0,githubnext/agentics,link-checker.md,3.62,same_repo,0.1075
2170,444,tosin2013/mcp-adr-analysis-server,docs-site-validator.md,4,0.1886,2164.0,tosin2013/mcp-adr-analysis-server,docs-noob-tester.md,57.97,,,,,,0.0854,2268.0,cncf/contribute-site,link-checker.md,37.88,same_repo,0.1886
2171,445,tosin2013/mcp-adr-analysis-server,esm-module-validation.md,1,,,,,,,,,,,0.0382,638.0,RustPython/RustPython,upgrade-pylib.md,2.21,other_owner,0.0382
2172,445,tosin2013/mcp-adr-analysis-server,esm-module-validation.md,2,0.1563,2180.0,tosin2013/mcp-adr-analysis-server,mcp-tool-checker.md,28.07,,,,,,0.0562,2592.0,microsoft/agentrc,code-simplifier.md,16.74,same_repo,0.1563
2173,446,tosin2013/mcp-adr-analysis-server,knowledge-graph-validation.md,1,,,,,,,,,,,0.0267,2505.0,chimon2000/good_first_issue,code-simplifier.md,3.92,other_owner,0.0267
2174,446,tosin2013/mcp-adr-analysis-server,knowledge-graph-validation.md,2,0.3029,2160.0,tosin2013/mcp-adr-analysis-server,deployment-pattern-validation.md,0.01,,,,,,0.0281,638.0,RustPython/RustPython,upgrade-pylib.md,2.32,same_repo,0.3029
2175,446,tosin2013/mcp-adr-analysis-server,knowledge-graph-validation.md,3,0.3117,2177.0,tosin2013/mcp-adr-analysis-server,mcp-server-validation.md,27.96,,,,,,0.0466,2592.0,microsoft/agentrc,code-simplifier.md,16.74,same_repo,0.3117
2176,447,tosin2013/mcp-adr-analysis-server,mcp-server-validation.md,1,,,,,,,,,,,0.0357,2505.0,chimon2000/good_first_issue,code-simplifier.md,3.92,other_owner,0.0357
2177,447,tosin2013/mcp-adr-analysis-server,mcp-server-validation.md,2,0.3155,2160.0,tosin2013/mcp-adr-analysis-server,deployment-pattern-validation.md,0.01,,,,,,0.0408,638.0,RustPython/RustPython,upgrade-pylib.md,2.32,same_repo,0.3155
2178,447,tosin2013/mcp-adr-analysis-server,mcp-server-validation.md,3,0.3734,2153.0,tosin2013/mcp-adr-analysis-server,ai-executor-integration.md,3.02,,,,,,0.0408,638.0,RustPython/RustPython,upgrade-pylib.md,6.16,same_repo,0.3734
2179,447,tosin2013/mcp-adr-analysis-server,mcp-server-validation.md,4,0.3734,2153.0,tosin2013/mcp-adr-analysis-server,ai-executor-integration.md,27.14,,,,,,0.0669,1060.0,microsoft/security-devops-action,ci-doctor.md,0.1,same_repo,0.3734
2180,448,tosin2013/mcp-adr-analysis-server,mcp-tool-checker.md,1,,,,,,,,,,,0.0426,2509.0,chimon2000/good_first_issue,duplicate-code-detector.md,3.9,other_owner,0.0426
2181,448,tosin2013/mcp-adr-analysis-server,mcp-tool-checker.md,2,0.1563,2171.0,tosin2013/mcp-adr-analysis-server,esm-module-validation.md,3.34,,,,,,0.0426,2509.0,chimon2000/good_first_issue,duplicate-code-detector.md,7.23,same_repo,0.1563
2182,448,tosin2013/mcp-adr-analysis-server,mcp-tool-checker.md,3,0.1562,2171.0,tosin2013/mcp-adr-analysis-server,esm-module-validation.md,3.95,,,,,,0.0426,2509.0,chimon2000/good_first_issue,duplicate-code-detector.md,7.85,same_repo,0.1562
2183,448,tosin2013/mcp-adr-analysis-server,mcp-tool-checker.md,4,0.1562,2171.0,tosin2013/mcp-adr-analysis-server,esm-module-validation.md,28.07,,,,,,0.0746,2287.0,microsoft/apm,cli-consistency-checker.md,19.77,same_repo,0.1562
2184,449,pulumi/pulumi-rabbitmq,gh-aw-pr-rereview.md,1,,,,,,,,,,,,,,,,,
2185,450,pulumi/pulumi-rabbitmq,gh-aw-pr-review.md,1,,,,,,,,,,,,,,,,,
2186,451,kubestellar/docs,daily-team-status.md,1,,,,,,,,,,,0.0378,500.0,appwrite/appwrite,issue-triage.md,36.68,other_owner,0.0378
2187,451,kubestellar/docs,daily-team-status.md,2,,,,,,,,,,,0.0378,500.0,appwrite/appwrite,issue-triage.md,36.78,other_owner,0.0378
2188,451,kubestellar/docs,daily-team-status.md,3,,,,,,,,,,,0.0378,500.0,appwrite/appwrite,issue-triage.md,38.26,other_owner,0.0378
2189,451,kubestellar/docs,daily-team-status.md,4,1.0,2191.0,kubestellar/docs,devstats.md,138.81,,,,,,0.9469,575.0,lablup/backend.ai-webui,weekly-team-status.md,147.27,same_repo,1.0
2190,451,kubestellar/docs,daily-team-status.md,5,1.0,2191.0,kubestellar/docs,devstats.md,181.84,,,,,,0.9469,575.0,lablup/backend.ai-webui,weekly-team-status.md,190.3,same_repo,1.0
2191,452,kubestellar/docs,devstats.md,1,1.0,2186.0,kubestellar/docs,daily-team-status.md,13.02,,,,,,0.9469,575.0,lablup/backend.ai-webui,weekly-team-status.md,8.46,same_repo,1.0
2192,452,kubestellar/docs,devstats.md,2,1.0,2186.0,kubestellar/docs,daily-team-status.md,151.83,,,,,,0.9469,575.0,lablup/backend.ai-webui,weekly-team-status.md,147.27,same_repo,1.0
2193,452,kubestellar/docs,devstats.md,3,1.0,2186.0,kubestellar/docs,daily-team-status.md,194.85,,,,,,0.9469,575.0,lablup/backend.ai-webui,weekly-team-status.md,190.3,same_repo,1.0
2194,453,kubestellar/docs,link-checker.md,1,0.0439,2214.0,kubestellar/docs,technical-doc-writer.md,83.22,,,,,,0.1005,2119.0,githubnext/agentics,link-checker.md,20.9,other_owner,0.1005
2195,453,kubestellar/docs,link-checker.md,2,0.079,2217.0,kubestellar/docs,typo-checker.md,0.0,,,,,,0.1037,2119.0,githubnext/agentics,link-checker.md,20.9,other_owner,0.1037
2196,453,kubestellar/docs,link-checker.md,3,0.1882,2218.0,kubestellar/docs,typo-checker.md,0.04,,,,,,0.1037,2119.0,githubnext/agentics,link-checker.md,20.94,same_repo,0.1882
2197,453,kubestellar/docs,link-checker.md,4,0.1882,2218.0,kubestellar/docs,typo-checker.md,54.0,,,,,,0.6354,2268.0,cncf/contribute-site,link-checker.md,51.19,other_owner,0.6354
2198,453,kubestellar/docs,link-checker.md,5,0.1882,2218.0,kubestellar/docs,typo-checker.md,55.55,,,,,,0.6354,2268.0,cncf/contribute-site,link-checker.md,52.74,other_owner,0.6354
2199,453,kubestellar/docs,link-checker.md,6,0.1876,2218.0,kubestellar/docs,typo-checker.md,62.23,,,,,,0.6316,2268.0,cncf/contribute-site,link-checker.md,59.42,other_owner,0.6316
2200,453,kubestellar/docs,link-checker.md,7,0.1875,2221.0,kubestellar/docs,typo-checker.md,27.23,,,,,,0.5109,2268.0,cncf/contribute-site,link-checker.md,96.67,other_owner,0.5109
2201,454,kubestellar/docs,maintainer-metrics.md,1,0.0233,2186.0,kubestellar/docs,daily-team-status.md,6.25,,,,,,0.0514,511.0,appwrite/appwrite,issue-triage.md,27.26,other_owner,0.0514
2202,454,kubestellar/docs,maintainer-metrics.md,2,0.0485,2214.0,kubestellar/docs,technical-doc-writer.md,3.88,,,,,,0.0514,511.0,appwrite/appwrite,issue-triage.md,37.95,other_owner,0.0514
2203,454,kubestellar/docs,maintainer-metrics.md,3,0.0495,2214.0,kubestellar/docs,technical-doc-writer.md,54.92,,,,,,0.0524,511.0,appwrite/appwrite,issue-triage.md,88.98,other_owner,0.0524
2204,454,kubestellar/docs,maintainer-metrics.md,4,0.0498,2214.0,kubestellar/docs,technical-doc-writer.md,105.18,,,,,,0.0713,1464.0,ionide/ionide-vscode-fsharp,repo-assist.md,25.02,other_owner,0.0713
2205,454,kubestellar/docs,maintainer-metrics.md,5,0.0499,2214.0,kubestellar/docs,technical-doc-writer.md,105.18,,,,,,0.0715,1464.0,ionide/ionide-vscode-fsharp,repo-assist.md,25.02,other_owner,0.0715
2206,454,kubestellar/docs,maintainer-metrics.md,6,0.05,2214.0,kubestellar/docs,technical-doc-writer.md,105.18,,,,,,0.0716,1464.0,ionide/ionide-vscode-fsharp,repo-assist.md,25.03,other_owner,0.0716
2207,454,kubestellar/docs,maintainer-metrics.md,7,0.05,2214.0,kubestellar/docs,technical-doc-writer.md,145.46,,,,,,0.0716,1464.0,ionide/ionide-vscode-fsharp,repo-assist.md,65.3,other_owner,0.0716
2208,454,kubestellar/docs,maintainer-metrics.md,8,0.05,2214.0,kubestellar/docs,technical-doc-writer.md,162.47,,,,,,0.0715,1464.0,ionide/ionide-vscode-fsharp,repo-assist.md,82.32,other_owner,0.0715
2209,455,kubestellar/docs,technical-doc-writer.md,1,0.0463,2201.0,kubestellar/docs,maintainer-metrics.md,6.77,,,,,,0.1129,325.0,microsoft/pxt,documentation.md,6.0,other_owner,0.1129
2210,455,kubestellar/docs,technical-doc-writer.md,2,0.0463,2201.0,kubestellar/docs,maintainer-metrics.md,6.77,,,,,,0.1129,325.0,microsoft/pxt,documentation.md,6.0,other_owner,0.1129
2211,455,kubestellar/docs,technical-doc-writer.md,3,0.0463,2201.0,kubestellar/docs,maintainer-metrics.md,6.79,,,,,,0.1129,325.0,microsoft/pxt,documentation.md,6.02,other_owner,0.1129
2212,455,kubestellar/docs,technical-doc-writer.md,4,0.0463,2201.0,kubestellar/docs,maintainer-metrics.md,6.8,,,,,,0.1129,325.0,microsoft/pxt,documentation.md,6.03,other_owner,0.1129
2213,455,kubestellar/docs,technical-doc-writer.md,5,0.0463,2201.0,kubestellar/docs,maintainer-metrics.md,6.8,,,,,,0.1129,325.0,microsoft/pxt,documentation.md,6.04,other_owner,0.1129
2214,455,kubestellar/docs,technical-doc-writer.md,6,0.0485,2201.0,kubestellar/docs,maintainer-metrics.md,6.8,,,,,,0.1122,325.0,microsoft/pxt,documentation.md,6.04,other_owner,0.1122
2215,455,kubestellar/docs,technical-doc-writer.md,7,0.0485,2201.0,kubestellar/docs,maintainer-metrics.md,10.69,,,,,,0.1122,325.0,microsoft/pxt,documentation.md,9.92,other_owner,0.1122
2216,455,kubestellar/docs,technical-doc-writer.md,8,0.05,2206.0,kubestellar/docs,maintainer-metrics.md,33.6,,,,,,0.1345,1268.0,microsoft/aspire,pr-docs-check.md,27.52,other_owner,0.1345
2217,456,kubestellar/docs,typo-checker.md,1,0.0392,2214.0,kubestellar/docs,technical-doc-writer.md,83.22,,,,,,0.042,2164.0,tosin2013/mcp-adr-analysis-server,docs-noob-tester.md,17.28,other_owner,0.042
2218,456,kubestellar/docs,typo-checker.md,2,0.0756,2194.0,kubestellar/docs,link-checker.md,0.0,,,,,,0.0462,2287.0,microsoft/apm,cli-consistency-checker.md,13.12,same_repo,0.0756
2219,456,kubestellar/docs,typo-checker.md,3,0.1882,2195.0,kubestellar/docs,link-checker.md,54.0,,,,,,0.1258,2268.0,cncf/contribute-site,link-checker.md,51.19,same_repo,0.1882
2220,456,kubestellar/docs,typo-checker.md,4,0.1882,2195.0,kubestellar/docs,link-checker.md,55.55,,,,,,0.1258,2268.0,cncf/contribute-site,link-checker.md,52.74,same_repo,0.1882
2221,456,kubestellar/docs,typo-checker.md,5,0.1767,2195.0,kubestellar/docs,link-checker.md,72.25,,,,,,0.1186,2268.0,cncf/contribute-site,link-checker.md,69.44,same_repo,0.1767
2222,457,drehelis/gcp-emulator-ui,check-emulator-updates.md,1,,,,,,,,,,,0.0763,1300.0,stride3d/stride-community-toolkit,daily-activity-report.md,4.19,other_owner,0.0763
2223,457,drehelis/gcp-emulator-ui,check-emulator-updates.md,2,,,,,,,,,,,0.0763,1300.0,stride3d/stride-community-toolkit,daily-activity-report.md,4.21,other_owner,0.0763
2224,457,drehelis/gcp-emulator-ui,check-emulator-updates.md,3,,,,,,,,,,,0.076,1300.0,stride3d/stride-community-toolkit,daily-activity-report.md,4.22,other_owner,0.076
2225,457,drehelis/gcp-emulator-ui,check-emulator-updates.md,4,,,,,,,,,,,0.0681,1300.0,stride3d/stride-community-toolkit,daily-activity-report.md,4.36,other_owner,0.0681
2226,457,drehelis/gcp-emulator-ui,check-emulator-updates.md,5,,,,,,,,,,,0.0696,1300.0,stride3d/stride-community-toolkit,daily-activity-report.md,4.53,other_owner,0.0696
2227,457,drehelis/gcp-emulator-ui,check-emulator-updates.md,6,,,,,,,,,,,0.0703,1300.0,stride3d/stride-community-toolkit,daily-activity-report.md,4.97,other_owner,0.0703
2228,457,drehelis/gcp-emulator-ui,check-emulator-updates.md,7,,,,,,,,,,,0.0725,1300.0,stride3d/stride-community-toolkit,daily-activity-report.md,6.51,other_owner,0.0725
2229,457,drehelis/gcp-emulator-ui,check-emulator-updates.md,8,,,,,,,,,,,0.0737,1300.0,stride3d/stride-community-toolkit,daily-activity-report.md,16.88,other_owner,0.0737
2230,457,drehelis/gcp-emulator-ui,check-emulator-updates.md,9,,,,,,,,,,,0.0723,1300.0,stride3d/stride-community-toolkit,daily-activity-report.md,20.52,other_owner,0.0723
2231,457,drehelis/gcp-emulator-ui,check-emulator-updates.md,10,,,,,,,,,,,0.0723,1300.0,stride3d/stride-community-toolkit,daily-activity-report.md,48.51,other_owner,0.0723
2232,457,drehelis/gcp-emulator-ui,check-emulator-updates.md,11,,,,,,,,,,,0.0723,1300.0,stride3d/stride-community-toolkit,daily-activity-report.md,48.52,other_owner,0.0723
2233,457,drehelis/gcp-emulator-ui,check-emulator-updates.md,12,,,,,,,,,,,0.0723,1300.0,stride3d/stride-community-toolkit,daily-activity-report.md,51.26,other_owner,0.0723
2234,457,drehelis/gcp-emulator-ui,check-emulator-updates.md,13,,,,,,,,,,,0.0723,1300.0,stride3d/stride-community-toolkit,daily-activity-report.md,54.18,other_owner,0.0723
2235,457,drehelis/gcp-emulator-ui,check-emulator-updates.md,14,,,,,,,,,,,0.0723,1300.0,stride3d/stride-community-toolkit,daily-activity-report.md,55.15,other_owner,0.0723
2236,457,drehelis/gcp-emulator-ui,check-emulator-updates.md,15,,,,,,,,,,,0.0723,1300.0,stride3d/stride-community-toolkit,daily-activity-report.md,109.49,other_owner,0.0723
2237,457,drehelis/gcp-emulator-ui,check-emulator-updates.md,16,,,,,,,,,,,0.0723,1300.0,stride3d/stride-community-toolkit,daily-activity-report.md,113.1,other_owner,0.0723
2238,457,drehelis/gcp-emulator-ui,check-emulator-updates.md,17,,,,,,,,,,,0.0717,1300.0,stride3d/stride-community-toolkit,daily-activity-report.md,116.89,other_owner,0.0717
2239,457,drehelis/gcp-emulator-ui,check-emulator-updates.md,18,,,,,,,,,,,0.0717,1300.0,stride3d/stride-community-toolkit,daily-activity-report.md,116.89,other_owner,0.0717
2240,457,drehelis/gcp-emulator-ui,check-emulator-updates.md,19,,,,,,,,,,,0.0717,1300.0,stride3d/stride-community-toolkit,daily-activity-report.md,116.9,other_owner,0.0717
2241,457,drehelis/gcp-emulator-ui,check-emulator-updates.md,20,,,,,,,,,,,0.0697,1300.0,stride3d/stride-community-toolkit,daily-activity-report.md,116.95,other_owner,0.0697
2242,458,pulumi/pulumi-rancher2,gh-aw-pr-rereview.md,1,,,,,,,,,,,,,,,,,
2243,459,pulumi/pulumi-rancher2,gh-aw-pr-review.md,1,,,,,,,,,,,,,,,,,
2244,460,YousefHadder/markdown-plus.nvim,code-simplifier.md,1,0.1171,2257.0,YousefHadder/markdown-plus.nvim,daily-doc-updater.md,0.18,,,,,,0.961,1190.0,sytone/obsidian-queryallthethings,code-simplifier.md,8.23,other_owner,0.961
2245,460,YousefHadder/markdown-plus.nvim,code-simplifier.md,2,0.105,2257.0,YousefHadder/markdown-plus.nvim,daily-doc-updater.md,0.23,,,,,,0.8183,1190.0,sytone/obsidian-queryallthethings,code-simplifier.md,8.27,other_owner,0.8183
2246,460,YousefHadder/markdown-plus.nvim,code-simplifier.md,3,0.2078,2261.0,YousefHadder/markdown-plus.nvim,daily-file-diet.md,0.44,,,,,,0.6582,1190.0,sytone/obsidian-queryallthethings,code-simplifier.md,8.74,other_owner,0.6582
2247,460,YousefHadder/markdown-plus.nvim,code-simplifier.md,4,0.2078,2261.0,YousefHadder/markdown-plus.nvim,daily-file-diet.md,16.56,,,,,,0.6582,321.0,storybookjs/storybook,code-simplifier.md,16.06,other_owner,0.6582
2248,460,YousefHadder/markdown-plus.nvim,code-simplifier.md,5,0.208,2261.0,YousefHadder/markdown-plus.nvim,daily-file-diet.md,66.41,,,,,,0.6574,321.0,storybookjs/storybook,code-simplifier.md,65.91,other_owner,0.6574
2249,461,YousefHadder/markdown-plus.nvim,config-sync-checker.md,1,0.1244,2258.0,YousefHadder/markdown-plus.nvim,daily-doc-updater.md,0.16,,,,,,0.052,2287.0,microsoft/apm,cli-consistency-checker.md,10.31,same_repo,0.1244
2250,461,YousefHadder/markdown-plus.nvim,config-sync-checker.md,2,0.1244,2258.0,YousefHadder/markdown-plus.nvim,daily-doc-updater.md,16.75,,,,,,0.052,2287.0,microsoft/apm,cli-consistency-checker.md,26.9,same_repo,0.1244
2251,461,YousefHadder/markdown-plus.nvim,config-sync-checker.md,3,0.1258,2258.0,YousefHadder/markdown-plus.nvim,daily-doc-updater.md,66.6,,,,,,0.0641,2141.0,fideus-labs/ngff-zarr,daily-doc-updater.md,70.88,same_repo,0.1258
2252,462,YousefHadder/markdown-plus.nvim,contributor-recognition.md,1,0.0951,2258.0,YousefHadder/markdown-plus.nvim,daily-doc-updater.md,57.75,,,,,,0.0803,1457.0,ionide/ionide-vscode-fsharp,repo-assist.md,68.69,same_repo,0.0951
2253,462,YousefHadder/markdown-plus.nvim,contributor-recognition.md,2,0.0903,2258.0,YousefHadder/markdown-plus.nvim,daily-doc-updater.md,57.76,,,,,,0.0834,1459.0,ionide/ionide-vscode-fsharp,repo-assist.md,67.07,same_repo,0.0903
2254,462,YousefHadder/markdown-plus.nvim,contributor-recognition.md,3,0.0836,2258.0,YousefHadder/markdown-plus.nvim,daily-doc-updater.md,57.79,,,,,,0.0847,589.0,licensee/licensee,repo-assist.md,40.99,other_owner,0.0847
2255,462,YousefHadder/markdown-plus.nvim,contributor-recognition.md,4,0.085,2258.0,YousefHadder/markdown-plus.nvim,daily-doc-updater.md,66.6,,,,,,0.0913,2141.0,fideus-labs/ngff-zarr,daily-doc-updater.md,70.88,other_owner,0.0913
2256,462,YousefHadder/markdown-plus.nvim,contributor-recognition.md,5,0.1025,2260.0,YousefHadder/markdown-plus.nvim,daily-doc-updater.md,38.09,,,,,,0.0901,2141.0,fideus-labs/ngff-zarr,daily-doc-updater.md,108.97,same_repo,0.1025
2257,463,YousefHadder/markdown-plus.nvim,daily-doc-updater.md,1,,,,,,,,,,,0.6614,2289.0,microsoft/apm,daily-doc-updater.md,10.09,other_owner,0.6614
2258,463,YousefHadder/markdown-plus.nvim,daily-doc-updater.md,2,,,,,,,,,,,0.569,2289.0,microsoft/apm,daily-doc-updater.md,10.15,other_owner,0.569
2259,463,YousefHadder/markdown-plus.nvim,daily-doc-updater.md,3,0.1244,2249.0,YousefHadder/markdown-plus.nvim,config-sync-checker.md,16.59,,,,,,0.569,2289.0,microsoft/apm,daily-doc-updater.md,26.9,other_owner,0.569
2260,463,YousefHadder/markdown-plus.nvim,daily-doc-updater.md,4,0.1109,2249.0,YousefHadder/markdown-plus.nvim,config-sync-checker.md,66.44,,,,,,0.5002,2141.0,fideus-labs/ngff-zarr,daily-doc-updater.md,70.88,other_owner,0.5002
2261,464,YousefHadder/markdown-plus.nvim,daily-file-diet.md,1,0.1107,2245.0,YousefHadder/markdown-plus.nvim,code-simplifier.md,0.02,,,,,,0.0847,2505.0,chimon2000/good_first_issue,code-simplifier.md,22.56,same_repo,0.1107
2262,464,YousefHadder/markdown-plus.nvim,daily-file-diet.md,2,0.1107,2245.0,YousefHadder/markdown-plus.nvim,code-simplifier.md,0.03,,,,,,0.0847,2505.0,chimon2000/good_first_issue,code-simplifier.md,22.57,same_repo,0.1107
2263,464,YousefHadder/markdown-plus.nvim,daily-file-diet.md,3,0.2078,2246.0,YousefHadder/markdown-plus.nvim,code-simplifier.md,16.12,,,,,,0.0847,2505.0,chimon2000/good_first_issue,code-simplifier.md,39.12,same_repo,0.2078
2264,464,YousefHadder/markdown-plus.nvim,daily-file-diet.md,4,0.2075,2246.0,YousefHadder/markdown-plus.nvim,code-simplifier.md,65.96,,,,,,0.0847,2505.0,chimon2000/good_first_issue,code-simplifier.md,88.97,same_repo,0.2075
2265,464,YousefHadder/markdown-plus.nvim,daily-file-diet.md,5,0.2102,2248.0,YousefHadder/markdown-plus.nvim,code-simplifier.md,0.94,,,,,,0.0847,2505.0,chimon2000/good_first_issue,code-simplifier.md,89.91,same_repo,0.2102
2266,465,YousefHadder/markdown-plus.nvim,wiki-updater.md,1,0.2131,2260.0,YousefHadder/markdown-plus.nvim,daily-doc-updater.md,22.9,,,,,,0.1486,2143.0,fideus-labs/ngff-zarr,daily-doc-updater.md,7.72,same_repo,0.2131
2267,465,YousefHadder/markdown-plus.nvim,wiki-updater.md,2,0.2088,2260.0,YousefHadder/markdown-plus.nvim,daily-doc-updater.md,38.09,,,,,,0.1522,2143.0,fideus-labs/ngff-zarr,daily-doc-updater.md,22.91,same_repo,0.2088
2268,466,cncf/contribute-site,link-checker.md,1,,,,,,,,,,,0.6354,2195.0,kubestellar/docs,link-checker.md,2.81,other_owner,0.6354
2269,466,cncf/contribute-site,link-checker.md,2,,,,,,,,,,,0.5949,2195.0,kubestellar/docs,link-checker.md,3.8,other_owner,0.5949
2270,466,cncf/contribute-site,link-checker.md,3,,,,,,,,,,,0.5915,2195.0,kubestellar/docs,link-checker.md,3.82,other_owner,0.5915
2271,466,cncf/contribute-site,link-checker.md,4,,,,,,,,,,,0.5915,2195.0,kubestellar/docs,link-checker.md,6.56,other_owner,0.5915
2272,466,cncf/contribute-site,link-checker.md,5,,,,,,,,,,,0.5845,2195.0,kubestellar/docs,link-checker.md,6.59,other_owner,0.5845
2273,466,cncf/contribute-site,link-checker.md,6,,,,,,,,,,,0.5578,2195.0,kubestellar/docs,link-checker.md,6.62,other_owner,0.5578
2274,466,cncf/contribute-site,link-checker.md,7,,,,,,,,,,,0.5578,2195.0,kubestellar/docs,link-checker.md,6.65,other_owner,0.5578
2275,466,cncf/contribute-site,link-checker.md,8,,,,,,,,,,,0.5578,2195.0,kubestellar/docs,link-checker.md,6.67,other_owner,0.5578
2276,466,cncf/contribute-site,link-checker.md,9,,,,,,,,,,,0.5578,2195.0,kubestellar/docs,link-checker.md,6.72,other_owner,0.5578
2277,466,cncf/contribute-site,link-checker.md,10,0.1493,2279.0,cncf/contribute-site,link-fixer.md,0.1,,,,,,0.5432,2195.0,kubestellar/docs,link-checker.md,6.85,other_owner,0.5432
2278,467,cncf/contribute-site,link-fixer.md,1,0.1571,2272.0,cncf/contribute-site,link-checker.md,0.13,,,,,,0.1189,2119.0,githubnext/agentics,link-checker.md,27.63,same_repo,0.1571
2279,467,cncf/contribute-site,link-fixer.md,2,0.16,2272.0,cncf/contribute-site,link-checker.md,0.16,,,,,,0.118,2119.0,githubnext/agentics,link-checker.md,27.66,same_repo,0.16
2280,467,cncf/contribute-site,link-fixer.md,3,0.16,2272.0,cncf/contribute-site,link-checker.md,0.25,,,,,,0.118,2119.0,githubnext/agentics,link-checker.md,27.75,same_repo,0.16
2281,467,cncf/contribute-site,link-fixer.md,4,0.158,2272.0,cncf/contribute-site,link-checker.md,0.27,,,,,,0.1165,2119.0,githubnext/agentics,link-checker.md,27.77,same_repo,0.158
2282,467,cncf/contribute-site,link-fixer.md,5,0.1566,2272.0,cncf/contribute-site,link-checker.md,0.28,,,,,,0.1155,2119.0,githubnext/agentics,link-checker.md,27.78,same_repo,0.1566
2283,467,cncf/contribute-site,link-fixer.md,6,0.16,2272.0,cncf/contribute-site,link-checker.md,0.29,,,,,,0.118,2119.0,githubnext/agentics,link-checker.md,27.79,same_repo,0.16
2284,467,cncf/contribute-site,link-fixer.md,7,0.16,2272.0,cncf/contribute-site,link-checker.md,0.35,,,,,,0.118,2119.0,githubnext/agentics,link-checker.md,27.85,same_repo,0.16
2285,467,cncf/contribute-site,link-fixer.md,8,0.1579,2272.0,cncf/contribute-site,link-checker.md,0.35,,,,,,0.116,2119.0,githubnext/agentics,link-checker.md,27.85,same_repo,0.1579
2286,468,kaito-tokyo/live-backgroundremoval-lite,validate-pr.md,1,,,,,,,,,,,1.0,634.0,royshil/obs-backgroundremoval,validate-pr.md,13.93,other_owner,1.0
2287,469,microsoft/apm,cli-consistency-checker.md,1,,,,,,0.0384,2081.0,microsoft/wassette,ci-doctor.md,138.92,0.0746,2180.0,tosin2013/mcp-adr-analysis-server,mcp-tool-checker.md,8.3,other_owner,0.0746
2288,469,microsoft/apm,cli-consistency-checker.md,2,0.0371,2289.0,microsoft/apm,daily-doc-updater.md,1.96,0.0398,2081.0,microsoft/wassette,ci-doctor.md,140.88,0.0735,2180.0,tosin2013/mcp-adr-analysis-server,mcp-tool-checker.md,10.26,other_owner,0.0735
2289,470,microsoft/apm,daily-doc-updater.md,1,,,,,,0.1203,325.0,microsoft/pxt,documentation.md,76.15,0.1284,2323.0,Kong/kongctl,code-simplifier.md,8.93,other_owner,0.1284
2290,470,microsoft/apm,daily-doc-updater.md,2,0.0376,2287.0,microsoft/apm,cli-consistency-checker.md,1.96,0.1203,325.0,microsoft/pxt,documentation.md,78.11,0.1284,2323.0,Kong/kongctl,code-simplifier.md,10.89,other_owner,0.1284
2291,470,microsoft/apm,daily-doc-updater.md,3,0.0376,2287.0,microsoft/apm,cli-consistency-checker.md,6.95,0.5715,2594.0,microsoft/agentrc,daily-doc-updater.md,3.92,0.6047,2141.0,fideus-labs/ngff-zarr,daily-doc-updater.md,1.08,other_owner,0.6047
2292,471,microsoft/apm,docs-sync.md,1,0.4679,2302.0,microsoft/apm,pr-review-panel.md,12.44,0.0602,1269.0,microsoft/aspire,pr-docs-check.md,34.08,0.0665,76.0,dotnet/maui,copilot-evaluate-tests.md,11.25,same_repo,0.4679
2293,472,microsoft/apm,pr-review-panel.md,1,0.0347,2287.0,microsoft/apm,cli-consistency-checker.md,56.01,0.0671,2791.0,microsoft/apm-action,apm-demo.md,47.04,0.0918,294.0,dotnet/runtime,code-review.md,27.91,other_owner,0.0918
2294,472,microsoft/apm,pr-review-panel.md,2,0.0347,2287.0,microsoft/apm,cli-consistency-checker.md,56.02,0.0671,2791.0,microsoft/apm-action,apm-demo.md,47.05,0.0918,294.0,dotnet/runtime,code-review.md,27.92,other_owner,0.0918
2295,472,microsoft/apm,pr-review-panel.md,3,0.0346,2287.0,microsoft/apm,cli-consistency-checker.md,56.4,0.0669,2791.0,microsoft/apm-action,apm-demo.md,47.43,0.0914,294.0,dotnet/runtime,code-review.md,28.3,other_owner,0.0914
2296,472,microsoft/apm,pr-review-panel.md,4,0.0337,2287.0,microsoft/apm,cli-consistency-checker.md,56.42,0.0627,2791.0,microsoft/apm-action,apm-demo.md,47.44,0.0871,294.0,dotnet/runtime,code-review.md,28.31,other_owner,0.0871
2297,472,microsoft/apm,pr-review-panel.md,5,0.03,2289.0,microsoft/apm,daily-doc-updater.md,58.43,0.0522,1269.0,microsoft/aspire,pr-docs-check.md,16.66,0.0969,294.0,dotnet/runtime,code-review.md,30.33,other_owner,0.0969
2298,472,microsoft/apm,pr-review-panel.md,6,0.0251,2287.0,microsoft/apm,cli-consistency-checker.md,58.67,0.0469,1269.0,microsoft/aspire,pr-docs-check.md,16.9,0.079,294.0,dotnet/runtime,code-review.md,30.57,other_owner,0.079
2299,472,microsoft/apm,pr-review-panel.md,7,0.0261,2287.0,microsoft/apm,cli-consistency-checker.md,58.7,0.0554,1269.0,microsoft/aspire,pr-docs-check.md,16.93,0.0825,294.0,dotnet/runtime,code-review.md,30.6,other_owner,0.0825
2300,472,microsoft/apm,pr-review-panel.md,8,0.028,2287.0,microsoft/apm,cli-consistency-checker.md,60.38,0.0591,1269.0,microsoft/aspire,pr-docs-check.md,18.61,0.0896,294.0,dotnet/runtime,code-review.md,32.28,other_owner,0.0896
2301,472,microsoft/apm,pr-review-panel.md,9,0.1427,2305.0,microsoft/apm,triage-panel.md,2.23,0.0591,1269.0,microsoft/aspire,pr-docs-check.md,21.14,0.0896,294.0,dotnet/runtime,code-review.md,34.81,same_repo,0.1427
2302,472,microsoft/apm,pr-review-panel.md,10,0.1413,2305.0,microsoft/apm,triage-panel.md,2.74,0.0595,1269.0,microsoft/aspire,pr-docs-check.md,21.65,0.0876,294.0,dotnet/runtime,code-review.md,35.31,same_repo,0.1413
2303,472,microsoft/apm,pr-review-panel.md,11,0.1444,2305.0,microsoft/apm,triage-panel.md,5.15,0.0673,1269.0,microsoft/aspire,pr-docs-check.md,24.06,0.0842,294.0,dotnet/runtime,code-review.md,37.73,same_repo,0.1444
2304,472,microsoft/apm,pr-review-panel.md,12,0.1444,2305.0,microsoft/apm,triage-panel.md,11.11,0.0673,1269.0,microsoft/aspire,pr-docs-check.md,30.02,0.0842,294.0,dotnet/runtime,code-review.md,43.69,same_repo,0.1444
2305,473,microsoft/apm,triage-panel.md,1,0.1484,2298.0,microsoft/apm,pr-review-panel.md,2.01,0.0578,1296.0,microsoft/aspire,repo-pulse.md,2.71,0.0745,1464.0,ionide/ionide-vscode-fsharp,repo-assist.md,50.63,same_repo,0.1484
2306,473,microsoft/apm,triage-panel.md,2,0.1474,2298.0,microsoft/apm,pr-review-panel.md,2.02,0.059,1296.0,microsoft/aspire,repo-pulse.md,2.72,0.0764,211.0,Azure/azure-sdk-for-net,issue-triage.md,19.83,same_repo,0.1474
2307,473,microsoft/apm,triage-panel.md,3,0.1467,2298.0,microsoft/apm,pr-review-panel.md,2.03,0.0583,1296.0,microsoft/aspire,repo-pulse.md,2.73,0.0765,211.0,Azure/azure-sdk-for-net,issue-triage.md,19.83,same_repo,0.1467
2308,473,microsoft/apm,triage-panel.md,4,0.1469,2298.0,microsoft/apm,pr-review-panel.md,2.03,0.0587,1296.0,microsoft/aspire,repo-pulse.md,2.73,0.0764,211.0,Azure/azure-sdk-for-net,issue-triage.md,19.84,same_repo,0.1469
2309,473,microsoft/apm,triage-panel.md,5,0.1435,2298.0,microsoft/apm,pr-review-panel.md,2.21,0.0573,1296.0,microsoft/aspire,repo-pulse.md,2.91,0.0769,211.0,Azure/azure-sdk-for-net,issue-triage.md,20.01,same_repo,0.1435
2310,473,microsoft/apm,triage-panel.md,6,0.1435,2298.0,microsoft/apm,pr-review-panel.md,4.74,0.0587,1208.0,microsoft/typespec,issue-triage.md,1.81,0.0769,211.0,Azure/azure-sdk-for-net,issue-triage.md,22.55,same_repo,0.1435
2311,473,microsoft/apm,triage-panel.md,7,0.1435,2298.0,microsoft/apm,pr-review-panel.md,13.12,0.0683,1258.0,microsoft/aspire,milestone-changelog.md,2.56,0.0769,211.0,Azure/azure-sdk-for-net,issue-triage.md,30.93,same_repo,0.1435
2312,473,microsoft/apm,triage-panel.md,8,0.1377,2298.0,microsoft/apm,pr-review-panel.md,13.14,0.0694,1258.0,microsoft/aspire,milestone-changelog.md,2.57,0.077,211.0,Azure/azure-sdk-for-net,issue-triage.md,30.94,same_repo,0.1377
2313,473,microsoft/apm,triage-panel.md,9,0.138,2298.0,microsoft/apm,pr-review-panel.md,13.19,0.0686,1258.0,microsoft/aspire,milestone-changelog.md,2.63,0.077,211.0,Azure/azure-sdk-for-net,issue-triage.md,31.0,same_repo,0.138
2314,473,microsoft/apm,triage-panel.md,10,0.1342,2298.0,microsoft/apm,pr-review-panel.md,29.01,0.0676,1258.0,microsoft/aspire,milestone-changelog.md,18.45,0.0799,211.0,Azure/azure-sdk-for-net,issue-triage.md,46.82,same_repo,0.1342
2315,473,microsoft/apm,triage-panel.md,11,0.1343,2298.0,microsoft/apm,pr-review-panel.md,32.25,0.0678,1258.0,microsoft/aspire,milestone-changelog.md,21.69,0.0798,211.0,Azure/azure-sdk-for-net,issue-triage.md,50.06,same_repo,0.1343
2316,474,informedica/GenPRES,repo-assist.md,1,,,,,,,,,,,1.0,1459.0,ionide/ionide-vscode-fsharp,repo-assist.md,0.53,other_owner,1.0
2317,474,informedica/GenPRES,repo-assist.md,2,,,,,,,,,,,1.0,1459.0,ionide/ionide-vscode-fsharp,repo-assist.md,81.45,other_owner,1.0
2318,475,pikax/verter,update-docs.md,1,,,,,,,,,,,1.0,2630.0,AndreaGriffiths11/IssueCrush,update-docs.md,0.29,other_owner,1.0
2319,475,pikax/verter,update-docs.md,2,,,,,,,,,,,0.7891,2630.0,AndreaGriffiths11/IssueCrush,update-docs.md,29.19,other_owner,0.7891
2320,475,pikax/verter,update-docs.md,3,,,,,,,,,,,0.7891,2630.0,AndreaGriffiths11/IssueCrush,update-docs.md,40.12,other_owner,0.7891
2321,476,Kong/kongctl,benchmark-regression-analysis.md,1,0.0537,2334.0,Kong/kongctl,e2e-coverage-scanner.md,18.06,,,,,,0.0499,1323.0,openvinotoolkit/openvino.genai,ci-doctor.md,26.0,same_repo,0.0537
2322,476,Kong/kongctl,benchmark-regression-analysis.md,2,0.0587,2341.0,Kong/kongctl,kongctl-feature-user-agent.md,6.82,,,,,,0.0554,524.0,elastic/kibana,failed-test-investigator.md,21.16,same_repo,0.0587
2323,477,Kong/kongctl,code-simplifier.md,1,0.0377,2373.0,Kong/kongctl,slash-cmd-issue-triage.md,0.86,,,,,,0.679,2505.0,chimon2000/good_first_issue,code-simplifier.md,3.29,other_owner,0.679
2324,477,Kong/kongctl,code-simplifier.md,2,0.0377,2373.0,Kong/kongctl,slash-cmd-issue-triage.md,0.87,,,,,,0.679,2505.0,chimon2000/good_first_issue,code-simplifier.md,3.3,other_owner,0.679
2325,477,Kong/kongctl,code-simplifier.md,3,0.0377,2373.0,Kong/kongctl,slash-cmd-issue-triage.md,0.9,,,,,,0.679,2505.0,chimon2000/good_first_issue,code-simplifier.md,3.32,other_owner,0.679
2326,477,Kong/kongctl,code-simplifier.md,4,0.0406,2373.0,Kong/kongctl,slash-cmd-issue-triage.md,0.93,,,,,,0.6269,2505.0,chimon2000/good_first_issue,code-simplifier.md,3.36,other_owner,0.6269
2327,477,Kong/kongctl,code-simplifier.md,5,0.0406,2373.0,Kong/kongctl,slash-cmd-issue-triage.md,0.95,,,,,,0.6269,2505.0,chimon2000/good_first_issue,code-simplifier.md,3.38,other_owner,0.6269
2328,477,Kong/kongctl,code-simplifier.md,6,0.0406,2373.0,Kong/kongctl,slash-cmd-issue-triage.md,0.97,,,,,,0.6269,2505.0,chimon2000/good_first_issue,code-simplifier.md,3.4,other_owner,0.6269
2329,477,Kong/kongctl,code-simplifier.md,7,0.0505,2332.0,Kong/kongctl,e2e-coverage-scanner.md,22.09,,,,,,0.6473,322.0,storybookjs/storybook,code-simplifier.md,30.01,other_owner,0.6473
2330,477,Kong/kongctl,code-simplifier.md,8,0.0546,2333.0,Kong/kongctl,e2e-coverage-scanner.md,8.51,,,,,,0.6145,322.0,storybookjs/storybook,code-simplifier.md,33.76,other_owner,0.6145
2331,477,Kong/kongctl,code-simplifier.md,9,0.0638,2374.0,Kong/kongctl,slash-cmd-issue-triage.md,0.97,,,,,,0.6014,322.0,storybookjs/storybook,code-simplifier.md,38.78,other_owner,0.6014
2332,478,Kong/kongctl,e2e-coverage-scanner.md,1,0.051,2373.0,Kong/kongctl,slash-cmd-issue-triage.md,28.55,,,,,,0.0676,1456.0,ionide/ionide-vscode-fsharp,repo-assist.md,20.78,other_owner,0.0676
2333,478,Kong/kongctl,e2e-coverage-scanner.md,2,0.0523,2373.0,Kong/kongctl,slash-cmd-issue-triage.md,45.9,,,,,,0.0717,589.0,licensee/licensee,repo-assist.md,9.16,other_owner,0.0717
2334,478,Kong/kongctl,e2e-coverage-scanner.md,3,0.0711,2374.0,Kong/kongctl,slash-cmd-issue-triage.md,0.97,,,,,,0.0727,589.0,licensee/licensee,repo-assist.md,22.68,other_owner,0.0727
2335,478,Kong/kongctl,e2e-coverage-scanner.md,4,0.1044,2384.0,Kong/kongctl,weekly-repo-status.md,35.01,,,,,,0.0736,2655.0,github/gh-aw-actions,daily-runtime-threat-scan.md,7.55,same_repo,0.1044
2336,478,Kong/kongctl,e2e-coverage-scanner.md,5,0.0954,2384.0,Kong/kongctl,weekly-repo-status.md,51.06,,,,,,0.0807,1919.0,fedixyz/fedi,daily-e2e-coverage-check.md,0.34,same_repo,0.0954
2337,479,Kong/kongctl,kongctl-feature-user-agent.md,1,0.0683,2334.0,Kong/kongctl,e2e-coverage-scanner.md,31.04,,,,,,0.0523,570.0,lablup/backend.ai-webui,e2e-watchdog.md,96.01,same_repo,0.0683
2338,479,Kong/kongctl,kongctl-feature-user-agent.md,2,0.0744,2334.0,Kong/kongctl,e2e-coverage-scanner.md,34.03,,,,,,0.0542,1464.0,ionide/ionide-vscode-fsharp,repo-assist.md,73.61,same_repo,0.0744
2339,479,Kong/kongctl,kongctl-feature-user-agent.md,3,0.0744,2334.0,Kong/kongctl,e2e-coverage-scanner.md,34.05,,,,,,0.0542,1464.0,ionide/ionide-vscode-fsharp,repo-assist.md,73.64,same_repo,0.0744
2340,479,Kong/kongctl,kongctl-feature-user-agent.md,4,0.071,2334.0,Kong/kongctl,e2e-coverage-scanner.md,34.1,,,,,,0.0568,245.0,openvinotoolkit/openvino,ci-doctor-mq.md,0.12,same_repo,0.071
2341,479,Kong/kongctl,kongctl-feature-user-agent.md,5,0.0713,2334.0,Kong/kongctl,e2e-coverage-scanner.md,34.3,,,,,,0.0572,245.0,openvinotoolkit/openvino,ci-doctor-mq.md,0.32,same_repo,0.0713
2342,479,Kong/kongctl,kongctl-feature-user-agent.md,6,0.1243,2334.0,Kong/kongctl,e2e-coverage-scanner.md,51.26,,,,,,0.0691,245.0,openvinotoolkit/openvino,ci-doctor-mq.md,17.28,same_repo,0.1243
2343,479,Kong/kongctl,kongctl-feature-user-agent.md,7,0.1232,2334.0,Kong/kongctl,e2e-coverage-scanner.md,54.96,,,,,,0.0689,245.0,openvinotoolkit/openvino,ci-doctor-mq.md,20.98,same_repo,0.1232
2344,479,Kong/kongctl,kongctl-feature-user-agent.md,8,0.1138,2334.0,Kong/kongctl,e2e-coverage-scanner.md,55.05,,,,,,0.0681,245.0,openvinotoolkit/openvino,ci-doctor-mq.md,21.07,same_repo,0.1138
2345,479,Kong/kongctl,kongctl-feature-user-agent.md,9,0.1138,2334.0,Kong/kongctl,e2e-coverage-scanner.md,55.56,,,,,,0.0681,245.0,openvinotoolkit/openvino,ci-doctor-mq.md,21.58,same_repo,0.1138
2346,479,Kong/kongctl,kongctl-feature-user-agent.md,10,0.113,2334.0,Kong/kongctl,e2e-coverage-scanner.md,70.32,,,,,,0.0694,245.0,openvinotoolkit/openvino,ci-doctor-mq.md,36.35,same_repo,0.113
2347,480,Kong/kongctl,opened-issue-triage.md,1,,,,,,,,,,,,,,,,,
2348,480,Kong/kongctl,opened-issue-triage.md,2,0.0295,2380.0,Kong/kongctl,weekly-repo-status.md,1.2,,,,,,0.852,500.0,appwrite/appwrite,issue-triage.md,110.0,other_owner,0.852
2349,480,Kong/kongctl,opened-issue-triage.md,3,0.9985,2370.0,Kong/kongctl,slash-cmd-issue-triage.md,0.02,,,,,,0.8507,500.0,appwrite/appwrite,issue-triage.md,110.02,same_repo,0.9985
2350,480,Kong/kongctl,opened-issue-triage.md,4,0.9985,2370.0,Kong/kongctl,slash-cmd-issue-triage.md,0.02,,,,,,0.8507,500.0,appwrite/appwrite,issue-triage.md,110.02,same_repo,0.9985
2351,480,Kong/kongctl,opened-issue-triage.md,5,0.9286,2370.0,Kong/kongctl,slash-cmd-issue-triage.md,0.05,,,,,,0.7903,500.0,appwrite/appwrite,issue-triage.md,110.05,same_repo,0.9286
2352,480,Kong/kongctl,opened-issue-triage.md,6,0.8047,2373.0,Kong/kongctl,slash-cmd-issue-triage.md,58.45,,,,,,0.6616,242.0,taosdata/TDengine,issue-triage.md,49.2,same_repo,0.8047
2353,480,Kong/kongctl,opened-issue-triage.md,7,0.9857,2374.0,Kong/kongctl,slash-cmd-issue-triage.md,13.61,,,,,,0.6616,242.0,taosdata/TDengine,issue-triage.md,62.81,same_repo,0.9857
2354,481,Kong/kongctl,release.md,1,0.0409,2348.0,Kong/kongctl,opened-issue-triage.md,9.74,,,,,,0.0805,2572.0,jurre/huebar,release-notes.md,9.0,other_owner,0.0805
2355,481,Kong/kongctl,release.md,2,0.0406,2348.0,Kong/kongctl,opened-issue-triage.md,9.77,,,,,,0.0799,2572.0,jurre/huebar,release-notes.md,9.03,other_owner,0.0799
2356,481,Kong/kongctl,release.md,3,0.0406,2348.0,Kong/kongctl,opened-issue-triage.md,9.79,,,,,,0.0799,2572.0,jurre/huebar,release-notes.md,9.05,other_owner,0.0799
2357,481,Kong/kongctl,release.md,4,0.0406,2348.0,Kong/kongctl,opened-issue-triage.md,10.54,,,,,,0.0732,2155.0,tosin2013/mcp-adr-analysis-server,ai-release-notes-agent.md,9.0,other_owner,0.0732
2358,481,Kong/kongctl,release.md,5,0.0408,2348.0,Kong/kongctl,opened-issue-triage.md,10.54,,,,,,0.0734,2155.0,tosin2013/mcp-adr-analysis-server,ai-release-notes-agent.md,9.0,other_owner,0.0734
2359,481,Kong/kongctl,release.md,6,0.0408,2348.0,Kong/kongctl,opened-issue-triage.md,11.61,,,,,,0.0734,2155.0,tosin2013/mcp-adr-analysis-server,ai-release-notes-agent.md,10.07,other_owner,0.0734
2360,481,Kong/kongctl,release.md,7,0.0408,2348.0,Kong/kongctl,opened-issue-triage.md,11.82,,,,,,0.0734,2155.0,tosin2013/mcp-adr-analysis-server,ai-release-notes-agent.md,10.27,other_owner,0.0734
2361,481,Kong/kongctl,release.md,8,0.0408,2348.0,Kong/kongctl,opened-issue-triage.md,12.77,,,,,,0.0734,2155.0,tosin2013/mcp-adr-analysis-server,ai-release-notes-agent.md,11.22,other_owner,0.0734
2362,481,Kong/kongctl,release.md,9,0.0408,2348.0,Kong/kongctl,opened-issue-triage.md,16.98,,,,,,0.0871,2434.0,github/copilot-sdk,release-changelog.md,0.38,other_owner,0.0871
2363,481,Kong/kongctl,release.md,10,0.0568,2374.0,Kong/kongctl,slash-cmd-issue-triage.md,0.97,,,,,,0.0875,2434.0,github/copilot-sdk,release-changelog.md,42.87,other_owner,0.0875
2364,481,Kong/kongctl,release.md,11,0.0593,2374.0,Kong/kongctl,slash-cmd-issue-triage.md,7.04,,,,,,0.0877,2434.0,github/copilot-sdk,release-changelog.md,48.93,other_owner,0.0877
2365,481,Kong/kongctl,release.md,12,0.0593,2374.0,Kong/kongctl,slash-cmd-issue-triage.md,13.98,,,,,,0.0877,2434.0,github/copilot-sdk,release-changelog.md,55.88,other_owner,0.0877
2366,481,Kong/kongctl,release.md,13,0.0593,2374.0,Kong/kongctl,slash-cmd-issue-triage.md,35.98,,,,,,0.0877,2434.0,github/copilot-sdk,release-changelog.md,77.88,other_owner,0.0877
2367,481,Kong/kongctl,release.md,14,0.0593,2374.0,Kong/kongctl,slash-cmd-issue-triage.md,36.05,,,,,,0.0877,2434.0,github/copilot-sdk,release-changelog.md,77.94,other_owner,0.0877
2368,481,Kong/kongctl,release.md,15,0.0556,2334.0,Kong/kongctl,e2e-coverage-scanner.md,48.25,,,,,,0.083,2434.0,github/copilot-sdk,release-changelog.md,91.11,other_owner,0.083
2369,482,Kong/kongctl,slash-cmd-issue-triage.md,1,,,,,,,,,,,,,,,,,
2370,482,Kong/kongctl,slash-cmd-issue-triage.md,2,0.0295,2380.0,Kong/kongctl,weekly-repo-status.md,1.2,,,,,,0.852,500.0,appwrite/appwrite,issue-triage.md,110.0,other_owner,0.852
2371,482,Kong/kongctl,slash-cmd-issue-triage.md,3,0.9977,2348.0,Kong/kongctl,opened-issue-triage.md,0.02,,,,,,0.85,500.0,appwrite/appwrite,issue-triage.md,110.02,same_repo,0.9977
2372,482,Kong/kongctl,slash-cmd-issue-triage.md,4,0.9977,2348.0,Kong/kongctl,opened-issue-triage.md,0.02,,,,,,0.85,500.0,appwrite/appwrite,issue-triage.md,110.02,same_repo,0.9977
2373,482,Kong/kongctl,slash-cmd-issue-triage.md,5,0.9456,2348.0,Kong/kongctl,opened-issue-triage.md,0.05,,,,,,0.8046,500.0,appwrite/appwrite,issue-triage.md,110.05,same_repo,0.9456
2374,482,Kong/kongctl,slash-cmd-issue-triage.md,6,0.8017,2351.0,Kong/kongctl,opened-issue-triage.md,58.45,,,,,,0.671,242.0,taosdata/TDengine,issue-triage.md,49.2,same_repo,0.8017
2375,482,Kong/kongctl,slash-cmd-issue-triage.md,7,0.9857,2352.0,Kong/kongctl,opened-issue-triage.md,13.61,,,,,,0.671,242.0,taosdata/TDengine,issue-triage.md,62.81,same_repo,0.9857
2376,482,Kong/kongctl,slash-cmd-issue-triage.md,8,0.9857,2352.0,Kong/kongctl,opened-issue-triage.md,21.02,,,,,,0.671,242.0,taosdata/TDengine,issue-triage.md,70.21,same_repo,0.9857
2377,482,Kong/kongctl,slash-cmd-issue-triage.md,9,0.9857,2352.0,Kong/kongctl,opened-issue-triage.md,21.29,,,,,,0.671,242.0,taosdata/TDengine,issue-triage.md,70.49,same_repo,0.9857
2378,482,Kong/kongctl,slash-cmd-issue-triage.md,10,0.9857,2352.0,Kong/kongctl,opened-issue-triage.md,21.31,,,,,,0.671,242.0,taosdata/TDengine,issue-triage.md,70.51,same_repo,0.9857
2379,482,Kong/kongctl,slash-cmd-issue-triage.md,11,0.9857,2352.0,Kong/kongctl,opened-issue-triage.md,21.36,,,,,,0.671,242.0,taosdata/TDengine,issue-triage.md,70.56,same_repo,0.9857
2380,483,Kong/kongctl,weekly-repo-status.md,1,,,,,,,,,,,0.8543,86.0,dotnet/maui,daily-repo-status.md,0.25,other_owner,0.8543
2381,483,Kong/kongctl,weekly-repo-status.md,2,0.0295,2348.0,Kong/kongctl,opened-issue-triage.md,2.55,,,,,,0.9083,1385.0,lrascao/rebar3_gpb_plugin,daily-repo-status.md,1.92,other_owner,0.9083
2382,483,Kong/kongctl,weekly-repo-status.md,3,0.0295,2348.0,Kong/kongctl,opened-issue-triage.md,16.63,,,,,,0.9083,1385.0,lrascao/rebar3_gpb_plugin,daily-repo-status.md,16.01,other_owner,0.9083
2383,483,Kong/kongctl,weekly-repo-status.md,4,0.0412,2330.0,Kong/kongctl,code-simplifier.md,0.15,,,,,,0.7151,1385.0,lrascao/rebar3_gpb_plugin,daily-repo-status.md,53.97,other_owner,0.7151
2384,483,Kong/kongctl,weekly-repo-status.md,5,0.0924,2374.0,Kong/kongctl,slash-cmd-issue-triage.md,0.97,,,,,,0.609,1385.0,lrascao/rebar3_gpb_plugin,daily-repo-status.md,58.84,other_owner,0.609
2385,484,shanselman/WindowsEdgeLight,repo-assist.md,1,,,,,,1.0,2504.0,shanselman/winget-tui,repo-assist.md,27.85,1.0,991.0,py-why/dowhy,repo-assist.md,26.4,same_owner,1.0
2386,485,chrisreddington/trend-radar,repo-assist.md,1,,,,,,0.0799,2480.0,chrisreddington/flight-school,issue-triage.md,55.28,1.0,991.0,py-why/dowhy,repo-assist.md,1.62,other_owner,1.0
2387,485,chrisreddington/trend-radar,repo-assist.md,2,,,,,,0.0799,2480.0,chrisreddington/flight-school,issue-triage.md,83.34,1.0,991.0,py-why/dowhy,repo-assist.md,29.68,other_owner,1.0
2388,486,mcpc-tech/dev-inspector-mcp,daily-repo-status.md,1,,,,,,,,,,,1.0,513.0,microsoft/Web-Dev-For-Beginners,daily-repo-status.md,5.5,other_owner,1.0
2389,487,hemanth/mcp-web-client,daily-repo-status.md,1,,,,,,,,,,,1.0,86.0,dotnet/maui,daily-repo-status.md,0.96,other_owner,1.0
2390,488,meteostat/meteostat,bug-reproducer.md,1,0.0367,2392.0,meteostat/meteostat,issue-triage-agent.md,1.1,,,,,,0.0567,500.0,appwrite/appwrite,issue-triage.md,109.63,other_owner,0.0567
2391,488,meteostat/meteostat,bug-reproducer.md,2,0.0367,2392.0,meteostat/meteostat,issue-triage-agent.md,1.1,,,,,,0.0567,500.0,appwrite/appwrite,issue-triage.md,109.63,other_owner,0.0567
2392,489,meteostat/meteostat,issue-triage-agent.md,1,,,,,,,,,,,0.0797,686.0,evcc-io/evcc,triage-agent.md,19.19,other_owner,0.0797
2393,489,meteostat/meteostat,issue-triage-agent.md,2,,,,,,,,,,,0.0797,686.0,evcc-io/evcc,triage-agent.md,20.27,other_owner,0.0797
2394,490,navikt/copilot,news-excerpts.md,1,,,,,,,,,,,0.0582,2228.0,drehelis/gcp-emulator-ui,check-emulator-updates.md,14.45,other_owner,0.0582
2395,490,navikt/copilot,news-excerpts.md,2,,,,,,,,,,,0.0581,2227.0,drehelis/gcp-emulator-ui,check-emulator-updates.md,16.0,other_owner,0.0581
2396,490,navikt/copilot,news-excerpts.md,3,,,,,,,,,,,0.0604,1459.0,ionide/ionide-vscode-fsharp,repo-assist.md,11.53,other_owner,0.0604
2397,490,navikt/copilot,news-excerpts.md,4,,,,,,,,,,,0.0604,1459.0,ionide/ionide-vscode-fsharp,repo-assist.md,11.58,other_owner,0.0604
2398,490,navikt/copilot,news-excerpts.md,5,,,,,,,,,,,0.0813,2064.0,github/awesome-copilot,learning-hub-updater.md,20.53,other_owner,0.0813
2399,490,navikt/copilot,news-excerpts.md,6,,,,,,,,,,,0.0808,2064.0,github/awesome-copilot,learning-hub-updater.md,24.48,other_owner,0.0808
2400,490,navikt/copilot,news-excerpts.md,7,,,,,,,,,,,0.0808,2064.0,github/awesome-copilot,learning-hub-updater.md,27.69,other_owner,0.0808
2401,490,navikt/copilot,news-excerpts.md,8,,,,,,,,,,,0.0808,2064.0,github/awesome-copilot,learning-hub-updater.md,52.72,other_owner,0.0808
2402,491,BMayhew/awesome-sites-to-test-on,issue-site-submission.md,1,,,,,,,,,,,0.0781,2119.0,githubnext/agentics,link-checker.md,13.08,other_owner,0.0781
2403,491,BMayhew/awesome-sites-to-test-on,issue-site-submission.md,2,,,,,,,,,,,0.0834,2119.0,githubnext/agentics,link-checker.md,13.1,other_owner,0.0834
2404,492,github/copilot-sdk,cross-repo-issue-analysis.md,1,0.1056,2423.0,github/copilot-sdk,issue-triage.md,49.11,0.0442,2056.0,github/awesome-copilot,codeowner-update.md,1.05,0.1051,1154.0,microsoft/vscode-mypy,issue-triage.md,7.28,same_repo,0.1056
2405,492,github/copilot-sdk,cross-repo-issue-analysis.md,2,0.1056,2423.0,github/copilot-sdk,issue-triage.md,49.11,0.0442,2056.0,github/awesome-copilot,codeowner-update.md,1.05,0.1051,1154.0,microsoft/vscode-mypy,issue-triage.md,7.28,same_repo,0.1056
2406,492,github/copilot-sdk,cross-repo-issue-analysis.md,3,0.105,2423.0,github/copilot-sdk,issue-triage.md,49.12,0.0435,2056.0,github/awesome-copilot,codeowner-update.md,1.06,0.1048,1154.0,microsoft/vscode-mypy,issue-triage.md,7.29,same_repo,0.105
2407,492,github/copilot-sdk,cross-repo-issue-analysis.md,4,0.1022,2423.0,github/copilot-sdk,issue-triage.md,49.12,0.0406,2056.0,github/awesome-copilot,codeowner-update.md,1.06,0.1032,1154.0,microsoft/vscode-mypy,issue-triage.md,7.29,other_owner,0.1032
2408,492,github/copilot-sdk,cross-repo-issue-analysis.md,5,0.103,2423.0,github/copilot-sdk,issue-triage.md,49.13,0.0415,2056.0,github/awesome-copilot,codeowner-update.md,1.07,0.1036,1154.0,microsoft/vscode-mypy,issue-triage.md,7.3,other_owner,0.1036
2409,492,github/copilot-sdk,cross-repo-issue-analysis.md,6,0.103,2423.0,github/copilot-sdk,issue-triage.md,49.15,0.0415,2056.0,github/awesome-copilot,codeowner-update.md,1.09,0.1036,1154.0,microsoft/vscode-mypy,issue-triage.md,7.32,other_owner,0.1036
2410,492,github/copilot-sdk,cross-repo-issue-analysis.md,7,0.1033,2423.0,github/copilot-sdk,issue-triage.md,49.15,0.0398,2056.0,github/awesome-copilot,codeowner-update.md,1.09,0.1009,1154.0,microsoft/vscode-mypy,issue-triage.md,7.32,same_repo,0.1033
2411,492,github/copilot-sdk,cross-repo-issue-analysis.md,8,0.1036,2423.0,github/copilot-sdk,issue-triage.md,49.15,0.0398,2056.0,github/awesome-copilot,codeowner-update.md,1.09,0.1012,1154.0,microsoft/vscode-mypy,issue-triage.md,7.32,same_repo,0.1036
2412,492,github/copilot-sdk,cross-repo-issue-analysis.md,9,0.1053,2423.0,github/copilot-sdk,issue-triage.md,54.74,0.0382,2056.0,github/awesome-copilot,codeowner-update.md,6.69,0.1021,1154.0,microsoft/vscode-mypy,issue-triage.md,12.91,same_repo,0.1053
2413,492,github/copilot-sdk,cross-repo-issue-analysis.md,10,0.1365,2422.0,github/copilot-sdk,issue-classification.md,48.99,0.0465,2053.0,github/awesome-copilot,cli-for-beginners-sync.md,42.71,0.1021,1154.0,microsoft/vscode-mypy,issue-triage.md,84.98,same_repo,0.1365
2414,493,github/copilot-sdk,handle-bug.md,1,0.0996,2408.0,github/copilot-sdk,cross-repo-issue-analysis.md,28.7,0.041,2064.0,github/awesome-copilot,learning-hub-updater.md,16.6,0.0796,1156.0,microsoft/vscode-mypy,issue-triage.md,29.98,same_repo,0.0996
2415,493,github/copilot-sdk,handle-bug.md,2,0.2379,2416.0,github/copilot-sdk,handle-documentation.md,0.32,0.041,2064.0,github/awesome-copilot,learning-hub-updater.md,16.93,0.0796,1156.0,microsoft/vscode-mypy,issue-triage.md,30.3,same_repo,0.2379
2416,494,github/copilot-sdk,handle-documentation.md,1,0.0778,2404.0,github/copilot-sdk,cross-repo-issue-analysis.md,28.72,0.0426,2064.0,github/awesome-copilot,learning-hub-updater.md,16.6,0.0611,1916.0,Azure/typespec-azure,docs-sync.md,34.84,same_repo,0.0778
2417,494,github/copilot-sdk,handle-documentation.md,2,0.2379,2414.0,github/copilot-sdk,handle-bug.md,0.32,0.0426,2064.0,github/awesome-copilot,learning-hub-updater.md,16.93,0.0611,1916.0,Azure/typespec-azure,docs-sync.md,35.17,same_repo,0.2379
2418,495,github/copilot-sdk,handle-enhancement.md,1,,,,,,,,,,,,,,,,,
2419,495,github/copilot-sdk,handle-enhancement.md,2,,,,,,,,,,,,,,,,,
2420,496,github/copilot-sdk,handle-question.md,1,,,,,,,,,,,,,,,,,
2421,496,github/copilot-sdk,handle-question.md,2,,,,,,,,,,,,,,,,,
2422,497,github/copilot-sdk,issue-classification.md,1,0.1507,2423.0,github/copilot-sdk,issue-triage.md,77.82,0.0389,2066.0,github/awesome-copilot,learning-hub-updater.md,6.54,0.0678,2490.0,microsoft/GitHub-Copilot-for-Azure,issue-triage.md,0.85,same_repo,0.1507
2423,498,github/copilot-sdk,issue-triage.md,1,,,,,,,,,,,0.0965,2083.0,microsoft/wassette,issue-triage.md,84.78,other_owner,0.0965
2424,498,github/copilot-sdk,issue-triage.md,2,,,,,,,,,,,0.0965,2083.0,microsoft/wassette,issue-triage.md,84.86,other_owner,0.0965
2425,498,github/copilot-sdk,issue-triage.md,3,,,,,,,,,,,0.0965,2083.0,microsoft/wassette,issue-triage.md,90.45,other_owner,0.0965
2426,498,github/copilot-sdk,issue-triage.md,4,0.1056,2404.0,github/copilot-sdk,cross-repo-issue-analysis.md,28.4,0.0398,2069.0,github/awesome-copilot,pr-duplicate-check.md,20.47,0.1307,2092.0,Azure/AppConfiguration-KubernetesProvider,issue-triage.md,28.14,other_owner,0.1307
2427,498,github/copilot-sdk,issue-triage.md,5,0.1485,2422.0,github/copilot-sdk,issue-classification.md,63.25,0.0391,2069.0,github/awesome-copilot,pr-duplicate-check.md,84.05,0.1287,2092.0,Azure/AppConfiguration-KubernetesProvider,issue-triage.md,91.72,same_repo,0.1485
2428,499,github/copilot-sdk,java-adapt-handwritten-code-to-accept-upgrade-changes.md,1,0.3051,2430.0,github/copilot-sdk,java-codegen-fix.md,14.18,0.033,2065.0,github/awesome-copilot,learning-hub-updater.md,77.71,0.0527,2548.0,PureWeen/PolyPilot,fix-review-findings.md,37.14,same_repo,0.3051
2429,499,github/copilot-sdk,java-adapt-handwritten-code-to-accept-upgrade-changes.md,2,0.3081,2430.0,github/copilot-sdk,java-codegen-fix.md,16.09,0.0333,2065.0,github/awesome-copilot,learning-hub-updater.md,79.62,0.0527,2548.0,PureWeen/PolyPilot,fix-review-findings.md,39.05,same_repo,0.3081
2430,500,github/copilot-sdk,java-codegen-fix.md,1,0.0629,2408.0,github/copilot-sdk,cross-repo-issue-analysis.md,77.69,0.0397,2054.0,github/awesome-copilot,cli-for-beginners-sync.md,10.67,0.0682,1376.0,rancher/dashboard,pr-fix.md,43.38,other_owner,0.0682
2431,500,github/copilot-sdk,java-codegen-fix.md,2,0.0617,2408.0,github/copilot-sdk,cross-repo-issue-analysis.md,82.97,0.0397,2054.0,github/awesome-copilot,cli-for-beginners-sync.md,15.95,0.0682,1376.0,rancher/dashboard,pr-fix.md,48.66,other_owner,0.0682
2432,501,github/copilot-sdk,release-changelog.md,1,0.0559,2438.0,github/copilot-sdk,sdk-consistency-review.md,39.22,0.0421,2072.0,github/awesome-copilot,resource-staleness-report.md,12.72,0.0872,2572.0,jurre/huebar,release-notes.md,15.82,other_owner,0.0872
2433,501,github/copilot-sdk,release-changelog.md,2,0.0553,2438.0,github/copilot-sdk,sdk-consistency-review.md,39.25,0.0423,2072.0,github/awesome-copilot,resource-staleness-report.md,12.75,0.0848,2572.0,jurre/huebar,release-notes.md,15.85,other_owner,0.0848
2434,501,github/copilot-sdk,release-changelog.md,3,0.055,2438.0,github/copilot-sdk,sdk-consistency-review.md,39.26,0.0436,2072.0,github/awesome-copilot,resource-staleness-report.md,12.76,0.0877,2354.0,Kong/kongctl,release.md,6.86,other_owner,0.0877
2435,501,github/copilot-sdk,release-changelog.md,4,0.0745,2404.0,github/copilot-sdk,cross-repo-issue-analysis.md,36.45,0.0702,2064.0,github/awesome-copilot,learning-hub-updater.md,24.34,0.1075,1853.0,carlkidcrypto/ezsnmp,auto_release_notes.md,14.86,other_owner,0.1075
2436,501,github/copilot-sdk,release-changelog.md,5,0.0707,2404.0,github/copilot-sdk,cross-repo-issue-analysis.md,78.85,0.0665,2064.0,github/awesome-copilot,learning-hub-updater.md,66.73,0.1063,1853.0,carlkidcrypto/ezsnmp,auto_release_notes.md,57.26,other_owner,0.1063
2437,501,github/copilot-sdk,release-changelog.md,6,0.0692,2404.0,github/copilot-sdk,cross-repo-issue-analysis.md,85.98,0.0648,2064.0,github/awesome-copilot,learning-hub-updater.md,73.87,0.1062,1853.0,carlkidcrypto/ezsnmp,auto_release_notes.md,64.39,other_owner,0.1062
2438,502,github/copilot-sdk,sdk-consistency-review.md,1,0.079,2423.0,github/copilot-sdk,issue-triage.md,8.55,,,,,,0.0775,325.0,microsoft/pxt,documentation.md,43.65,same_repo,0.079
2439,502,github/copilot-sdk,sdk-consistency-review.md,2,0.0804,2404.0,github/copilot-sdk,cross-repo-issue-analysis.md,28.4,0.0496,2069.0,github/awesome-copilot,pr-duplicate-check.md,20.47,0.0775,325.0,microsoft/pxt,documentation.md,112.6,same_repo,0.0804
2440,502,github/copilot-sdk,sdk-consistency-review.md,3,0.0787,2422.0,github/copilot-sdk,issue-classification.md,63.25,0.0471,2069.0,github/awesome-copilot,pr-duplicate-check.md,84.05,0.0746,336.0,Azure/azure-sdk-for-js,archie.md,72.09,same_repo,0.0787
2441,502,github/copilot-sdk,sdk-consistency-review.md,4,0.0817,2427.0,github/copilot-sdk,issue-triage.md,0.85,0.0471,2069.0,github/awesome-copilot,pr-duplicate-check.md,84.9,0.0746,336.0,Azure/azure-sdk-for-js,archie.md,72.94,same_repo,0.0817
2442,503,natnew/Awesome-Data-Science,issue-triage-agent.md,1,,,,,,,,,,,0.7784,2392.0,meteostat/meteostat,issue-triage-agent.md,4.74,other_owner,0.7784
2443,503,natnew/Awesome-Data-Science,issue-triage-agent.md,2,,,,,,,,,,,0.7784,2392.0,meteostat/meteostat,issue-triage-agent.md,4.75,other_owner,0.7784
2444,503,natnew/Awesome-Data-Science,issue-triage-agent.md,3,,,,,,,,,,,0.3977,2392.0,meteostat/meteostat,issue-triage-agent.md,4.76,other_owner,0.3977
2445,504,neverinfamous/memory-journal-mcp,ci-health-monitor.md,1,,,,,,,,,,,0.0593,2156.0,tosin2013/mcp-adr-analysis-server,ci-doctor.md,23.86,other_owner,0.0593
2446,504,neverinfamous/memory-journal-mcp,ci-health-monitor.md,2,0.0703,2450.0,neverinfamous/memory-journal-mcp,docs-drift-detector.md,0.67,,,,,,0.0593,2156.0,tosin2013/mcp-adr-analysis-server,ci-doctor.md,25.75,same_repo,0.0703
2447,504,neverinfamous/memory-journal-mcp,ci-health-monitor.md,3,0.074,2454.0,neverinfamous/memory-journal-mcp,wiki-drift-detector.md,18.21,,,,,,0.0593,2156.0,tosin2013/mcp-adr-analysis-server,ci-doctor.md,53.4,same_repo,0.074
2448,505,neverinfamous/memory-journal-mcp,docs-drift-detector.md,1,,,,,,,,,,,0.0737,2643.0,DevExpGbb/gh-devlake,docs-sync.md,0.59,other_owner,0.0737
2449,505,neverinfamous/memory-journal-mcp,docs-drift-detector.md,2,0.07,2445.0,neverinfamous/memory-journal-mcp,ci-health-monitor.md,0.12,,,,,,0.0742,2643.0,DevExpGbb/gh-devlake,docs-sync.md,0.71,other_owner,0.0742
2450,505,neverinfamous/memory-journal-mcp,docs-drift-detector.md,3,0.0703,2445.0,neverinfamous/memory-journal-mcp,ci-health-monitor.md,1.23,,,,,,0.0745,2643.0,DevExpGbb/gh-devlake,docs-sync.md,1.82,other_owner,0.0745
2451,505,neverinfamous/memory-journal-mcp,docs-drift-detector.md,4,0.0703,2445.0,neverinfamous/memory-journal-mcp,ci-health-monitor.md,1.9,,,,,,0.0745,2643.0,DevExpGbb/gh-devlake,docs-sync.md,2.49,other_owner,0.0745
2452,505,neverinfamous/memory-journal-mcp,docs-drift-detector.md,5,0.4559,2454.0,neverinfamous/memory-journal-mcp,wiki-drift-detector.md,18.21,,,,,,0.0745,2643.0,DevExpGbb/gh-devlake,docs-sync.md,30.14,same_repo,0.4559
2453,505,neverinfamous/memory-journal-mcp,docs-drift-detector.md,6,0.4415,2454.0,neverinfamous/memory-journal-mcp,wiki-drift-detector.md,69.05,,,,,,0.076,2674.0,dotnet/maui-labs,ai-docs-audit.md,45.45,same_repo,0.4415
2454,506,neverinfamous/memory-journal-mcp,wiki-drift-detector.md,1,0.4559,2450.0,neverinfamous/memory-journal-mcp,docs-drift-detector.md,10.11,,,,,,0.0709,2258.0,YousefHadder/markdown-plus.nvim,daily-doc-updater.md,16.74,same_repo,0.4559
2455,506,neverinfamous/memory-journal-mcp,wiki-drift-detector.md,2,0.4559,2450.0,neverinfamous/memory-journal-mcp,docs-drift-detector.md,28.32,,,,,,0.0709,2258.0,YousefHadder/markdown-plus.nvim,daily-doc-updater.md,34.95,same_repo,0.4559
2456,507,microsoft/skills,update-llms-txt.md,1,,,,,,0.026,325.0,microsoft/pxt,documentation.md,39.94,0.0349,2125.0,githubnext/agentics,maintainer.md,88.99,other_owner,0.0349
2457,507,microsoft/skills,update-llms-txt.md,2,,,,,,0.026,325.0,microsoft/pxt,documentation.md,47.3,0.0349,2125.0,githubnext/agentics,maintainer.md,96.36,other_owner,0.0349
2458,507,microsoft/skills,update-llms-txt.md,3,,,,,,0.026,325.0,microsoft/pxt,documentation.md,47.3,0.0349,2125.0,githubnext/agentics,maintainer.md,96.36,other_owner,0.0349
2459,507,microsoft/skills,update-llms-txt.md,4,,,,,,0.026,325.0,microsoft/pxt,documentation.md,47.3,0.0349,2125.0,githubnext/agentics,maintainer.md,96.36,other_owner,0.0349
2460,507,microsoft/skills,update-llms-txt.md,5,,,,,,0.0262,325.0,microsoft/pxt,documentation.md,49.39,0.0353,2125.0,githubnext/agentics,maintainer.md,98.45,other_owner,0.0353
2461,508,copilot-community-sdk/copilot-sdk-java,weekly-upstream-sync.md,1,,,,,,,,,,,0.0389,2103.0,githubnext/agentics,daily-workflow-sync.md,6.89,other_owner,0.0389
2462,508,copilot-community-sdk/copilot-sdk-java,weekly-upstream-sync.md,2,,,,,,,,,,,0.1361,6.0,brunoborges/fx2048,create-sample-issue.md,0.03,other_owner,0.1361
2463,508,copilot-community-sdk/copilot-sdk-java,weekly-upstream-sync.md,3,,,,,,,,,,,0.1386,6.0,brunoborges/fx2048,create-sample-issue.md,0.07,other_owner,0.1386
2464,508,copilot-community-sdk/copilot-sdk-java,weekly-upstream-sync.md,4,,,,,,,,,,,0.1386,6.0,brunoborges/fx2048,create-sample-issue.md,0.07,other_owner,0.1386
2465,508,copilot-community-sdk/copilot-sdk-java,weekly-upstream-sync.md,5,,,,,,,,,,,0.1386,6.0,brunoborges/fx2048,create-sample-issue.md,0.16,other_owner,0.1386
2466,508,copilot-community-sdk/copilot-sdk-java,weekly-upstream-sync.md,6,,,,,,,,,,,0.1386,6.0,brunoborges/fx2048,create-sample-issue.md,1.09,other_owner,0.1386
2467,508,copilot-community-sdk/copilot-sdk-java,weekly-upstream-sync.md,7,,,,,,,,,,,0.1374,6.0,brunoborges/fx2048,create-sample-issue.md,1.18,other_owner,0.1374
2468,508,copilot-community-sdk/copilot-sdk-java,weekly-upstream-sync.md,8,,,,,,,,,,,0.1374,6.0,brunoborges/fx2048,create-sample-issue.md,20.96,other_owner,0.1374
2469,509,chrisreddington/flight-school,daily-accessibility-review.md,1,0.061,2480.0,chrisreddington/flight-school,issue-triage.md,30.59,,,,,,0.0736,2580.0,zircote/rlm-rs,daily-qa.md,6.49,other_owner,0.0736
2470,509,chrisreddington/flight-school,daily-accessibility-review.md,2,0.1475,2474.0,chrisreddington/flight-school,daily-qa.md,82.01,0.0378,2386.0,chrisreddington/trend-radar,repo-assist.md,65.55,0.0732,2580.0,zircote/rlm-rs,daily-qa.md,96.74,same_repo,0.1475
2471,510,chrisreddington/flight-school,daily-perf-improver.md,1,0.021,2480.0,chrisreddington/flight-school,issue-triage.md,30.59,,,,,,0.049,2505.0,chimon2000/good_first_issue,code-simplifier.md,10.88,other_owner,0.049
2472,510,chrisreddington/flight-school,daily-perf-improver.md,2,0.0882,2469.0,chrisreddington/flight-school,daily-accessibility-review.md,90.24,0.0409,2386.0,chrisreddington/trend-radar,repo-assist.md,65.55,0.0654,1133.0,talk2MeGooseman/stream_closed_captioner_phoenix,repository-quality-improver.md,42.74,same_repo,0.0882
2473,511,chrisreddington/flight-school,daily-qa.md,1,0.0973,2480.0,chrisreddington/flight-school,issue-triage.md,30.59,,,,,,0.4228,2580.0,zircote/rlm-rs,daily-qa.md,6.49,other_owner,0.4228
2474,511,chrisreddington/flight-school,daily-qa.md,2,0.194,2477.0,chrisreddington/flight-school,daily-test-improver.md,8.23,,,,,,0.4141,2580.0,zircote/rlm-rs,daily-qa.md,14.73,other_owner,0.4141
2475,511,chrisreddington/flight-school,daily-qa.md,3,0.1959,2478.0,chrisreddington/flight-school,daily-test-improver.md,0.0,,,,,,0.4141,2580.0,zircote/rlm-rs,daily-qa.md,14.73,other_owner,0.4141
2476,511,chrisreddington/flight-school,daily-qa.md,4,0.1864,2478.0,chrisreddington/flight-school,daily-test-improver.md,82.01,0.0561,2386.0,chrisreddington/trend-radar,repo-assist.md,65.55,0.4089,2580.0,zircote/rlm-rs,daily-qa.md,96.74,other_owner,0.4089
2477,512,chrisreddington/flight-school,daily-test-improver.md,1,0.0645,2480.0,chrisreddington/flight-school,issue-triage.md,30.59,,,,,,0.1954,562.0,lablup/backend.ai-webui,daily-test-improver.md,90.23,other_owner,0.1954
2478,512,chrisreddington/flight-school,daily-test-improver.md,2,0.1944,2473.0,chrisreddington/flight-school,daily-qa.md,8.23,,,,,,0.1857,562.0,lablup/backend.ai-webui,daily-test-improver.md,98.46,same_repo,0.1944
2479,512,chrisreddington/flight-school,daily-test-improver.md,3,0.1872,2474.0,chrisreddington/flight-school,daily-qa.md,82.01,0.0656,2386.0,chrisreddington/trend-radar,repo-assist.md,65.55,0.1843,562.0,lablup/backend.ai-webui,daily-test-improver.md,180.48,same_repo,0.1872
2480,513,chrisreddington/flight-school,issue-triage.md,1,,,,,,,,,,,1.0,500.0,appwrite/appwrite,issue-triage.md,87.91,other_owner,1.0
2481,514,f/prompts.chat,spam-check.md,1,,,,,,,,,,,0.0467,2080.0,microsoft/wassette,changelog-pr-link.md,119.47,other_owner,0.0467
2482,515,microsoft/GitHub-Copilot-for-Azure,analyze-test-run.md,1,,,,,,,,,,,,,,,,,
2483,515,microsoft/GitHub-Copilot-for-Azure,analyze-test-run.md,2,,,,,,,,,,,,,,,,,
2484,515,microsoft/GitHub-Copilot-for-Azure,analyze-test-run.md,3,,,,,,,,,,,,,,,,,
2485,515,microsoft/GitHub-Copilot-for-Azure,analyze-test-run.md,4,,,,,,,,,,,,,,,,,
2486,515,microsoft/GitHub-Copilot-for-Azure,analyze-test-run.md,5,,,,,,,,,,,,,,,,,
2487,515,microsoft/GitHub-Copilot-for-Azure,analyze-test-run.md,6,,,,,,,,,,,,,,,,,
2488,515,microsoft/GitHub-Copilot-for-Azure,analyze-test-run.md,7,,,,,,,,,,,,,,,,,
2489,516,microsoft/GitHub-Copilot-for-Azure,issue-triage.md,1,0.0554,2494.0,microsoft/GitHub-Copilot-for-Azure,weekly-repo-status.md,0.1,0.0899,2083.0,microsoft/wassette,issue-triage.md,121.84,0.0998,2423.0,github/copilot-sdk,issue-triage.md,37.06,other_owner,0.0998
2490,516,microsoft/GitHub-Copilot-for-Azure,issue-triage.md,2,0.0555,2494.0,microsoft/GitHub-Copilot-for-Azure,weekly-repo-status.md,40.01,0.0902,2083.0,microsoft/wassette,issue-triage.md,161.76,0.1,2423.0,github/copilot-sdk,issue-triage.md,76.97,other_owner,0.1
2491,516,microsoft/GitHub-Copilot-for-Azure,issue-triage.md,3,0.0555,2494.0,microsoft/GitHub-Copilot-for-Azure,weekly-repo-status.md,51.97,0.0902,2083.0,microsoft/wassette,issue-triage.md,173.71,0.1,2423.0,github/copilot-sdk,issue-triage.md,88.93,other_owner,0.1
2492,516,microsoft/GitHub-Copilot-for-Azure,issue-triage.md,4,0.0555,2494.0,microsoft/GitHub-Copilot-for-Azure,weekly-repo-status.md,58.99,0.0902,2083.0,microsoft/wassette,issue-triage.md,180.73,0.1,2423.0,github/copilot-sdk,issue-triage.md,95.95,other_owner,0.1
2493,517,microsoft/GitHub-Copilot-for-Azure,weekly-repo-status.md,1,,,,,,0.9448,513.0,microsoft/Web-Dev-For-Beginners,daily-repo-status.md,14.16,1.0,1385.0,lrascao/rebar3_gpb_plugin,daily-repo-status.md,5.05,other_owner,1.0
2494,517,microsoft/GitHub-Copilot-for-Azure,weekly-repo-status.md,2,,,,,,0.4648,513.0,microsoft/Web-Dev-For-Beginners,daily-repo-status.md,14.23,0.4961,1385.0,lrascao/rebar3_gpb_plugin,daily-repo-status.md,5.12,other_owner,0.4961
2495,517,microsoft/GitHub-Copilot-for-Azure,weekly-repo-status.md,3,0.0555,2490.0,microsoft/GitHub-Copilot-for-Azure,issue-triage.md,11.95,0.4648,513.0,microsoft/Web-Dev-For-Beginners,daily-repo-status.md,66.2,0.4961,1385.0,lrascao/rebar3_gpb_plugin,daily-repo-status.md,57.09,other_owner,0.4961
2496,517,microsoft/GitHub-Copilot-for-Azure,weekly-repo-status.md,4,0.0555,2490.0,microsoft/GitHub-Copilot-for-Azure,issue-triage.md,18.98,0.4648,513.0,microsoft/Web-Dev-For-Beginners,daily-repo-status.md,73.22,0.4961,1385.0,lrascao/rebar3_gpb_plugin,daily-repo-status.md,64.12,other_owner,0.4961
2497,517,microsoft/GitHub-Copilot-for-Azure,weekly-repo-status.md,5,0.0555,2490.0,microsoft/GitHub-Copilot-for-Azure,issue-triage.md,75.03,0.4648,513.0,microsoft/Web-Dev-For-Beginners,daily-repo-status.md,129.28,0.4961,1385.0,lrascao/rebar3_gpb_plugin,daily-repo-status.md,120.17,other_owner,0.4961
2498,517,microsoft/GitHub-Copilot-for-Azure,weekly-repo-status.md,6,0.0555,2490.0,microsoft/GitHub-Copilot-for-Azure,issue-triage.md,77.9,0.4648,513.0,microsoft/Web-Dev-For-Beginners,daily-repo-status.md,132.14,0.4961,1385.0,lrascao/rebar3_gpb_plugin,daily-repo-status.md,123.04,other_owner,0.4961
2499,518,pulumi/pulumi-docker-build,gh-aw-pr-rereview.md,1,,,,,,,,,,,,,,,,,
2500,519,pulumi/pulumi-docker-build,gh-aw-pr-review.md,1,,,,,,,,,,,,,,,,,
2501,520,influxdata/docs-v2,weekly-repo-status.md,1,,,,,,,,,,,1.0,1385.0,lrascao/rebar3_gpb_plugin,daily-repo-status.md,42.04,other_owner,1.0
2502,521,Flare-Animate/Flare,agentic-auto-fix.md,1,,,,,,,,,,,0.0507,1457.0,ionide/ionide-vscode-fsharp,repo-assist.md,9.17,other_owner,0.0507
2503,522,vbuch/oboapp,ci-failure-fix.md,1,,,,,,,,,,,0.0842,1060.0,microsoft/security-devops-action,ci-doctor.md,32.04,other_owner,0.0842
2504,523,shanselman/winget-tui,repo-assist.md,1,,,,,,,,,,,1.0,1440.0,fslaborg/Deedle,repo-assist.md,8.34,other_owner,1.0
2505,524,chimon2000/good_first_issue,code-simplifier.md,1,,,,,,,,,,,0.0706,563.0,lablup/backend.ai-webui,daily-test-improver.md,72.33,other_owner,0.0706
2506,524,chimon2000/good_first_issue,code-simplifier.md,2,0.0933,2508.0,chimon2000/good_first_issue,duplicate-code-detector.md,0.03,,,,,,0.0706,563.0,lablup/backend.ai-webui,daily-test-improver.md,72.36,same_repo,0.0933
2507,524,chimon2000/good_first_issue,code-simplifier.md,3,0.0958,2509.0,chimon2000/good_first_issue,duplicate-code-detector.md,0.01,,,,,,0.0699,563.0,lablup/backend.ai-webui,daily-test-improver.md,72.37,same_repo,0.0958
2508,525,chimon2000/good_first_issue,duplicate-code-detector.md,1,0.0933,2505.0,chimon2000/good_first_issue,code-simplifier.md,0.0,,,,,,0.064,307.0,microsoft/pxt-arcade,triage.md,70.95,same_repo,0.0933
2509,525,chimon2000/good_first_issue,duplicate-code-detector.md,2,0.0896,2505.0,chimon2000/good_first_issue,code-simplifier.md,0.03,,,,,,0.0635,307.0,microsoft/pxt-arcade,triage.md,70.98,same_repo,0.0896
2510,525,chimon2000/good_first_issue,duplicate-code-detector.md,3,0.0933,2505.0,chimon2000/good_first_issue,code-simplifier.md,0.04,,,,,,0.064,307.0,microsoft/pxt-arcade,triage.md,70.99,same_repo,0.0933
2511,525,chimon2000/good_first_issue,duplicate-code-detector.md,4,0.0958,2507.0,chimon2000/good_first_issue,code-simplifier.md,0.05,,,,,,0.0635,307.0,microsoft/pxt-arcade,triage.md,71.03,same_repo,0.0958
2512,526,intent-integrity-chain/kit,review-anthropic.md,1,,,,,,,,,,,0.0611,2046.0,elastic/opentelemetry-collector-components,pr-review.md,97.6,other_owner,0.0611
2513,526,intent-integrity-chain/kit,review-anthropic.md,2,0.875,2514.0,intent-integrity-chain/kit,review-openai.md,10.66,,,,,,0.0613,2046.0,elastic/opentelemetry-collector-components,pr-review.md,108.26,same_repo,0.875
2514,527,intent-integrity-chain/kit,review-openai.md,1,,,,,,,,,,,0.0635,2046.0,elastic/opentelemetry-collector-components,pr-review.md,97.6,other_owner,0.0635
2515,527,intent-integrity-chain/kit,review-openai.md,2,0.8746,2512.0,intent-integrity-chain/kit,review-anthropic.md,10.66,,,,,,0.0636,2046.0,elastic/opentelemetry-collector-components,pr-review.md,108.26,same_repo,0.8746
2516,528,doggy8088/Apptopia,issue-auto-labeler.md,1,,,,,,,,,,,0.0757,2423.0,github/copilot-sdk,issue-triage.md,33.43,other_owner,0.0757
2517,528,doggy8088/Apptopia,issue-auto-labeler.md,2,,,,,,,,,,,0.0679,2423.0,github/copilot-sdk,issue-triage.md,33.43,other_owner,0.0679
2518,528,doggy8088/Apptopia,issue-auto-labeler.md,3,,,,,,,,,,,0.0679,2423.0,github/copilot-sdk,issue-triage.md,34.86,other_owner,0.0679
2519,529,PureWeen/PolyPilot,agent-fix.md,1,0.0795,2536.0,PureWeen/PolyPilot,dep-update.md,3.69,,,,,,0.0955,2408.0,github/copilot-sdk,cross-repo-issue-analysis.md,48.88,other_owner,0.0955
2520,529,PureWeen/PolyPilot,agent-fix.md,2,0.0987,2536.0,PureWeen/PolyPilot,dep-update.md,3.7,,,,,,0.0848,2408.0,github/copilot-sdk,cross-repo-issue-analysis.md,48.88,same_repo,0.0987
2521,529,PureWeen/PolyPilot,agent-fix.md,3,0.1002,2536.0,PureWeen/PolyPilot,dep-update.md,3.75,,,,,,0.0825,2408.0,github/copilot-sdk,cross-repo-issue-analysis.md,48.93,same_repo,0.1002
2522,529,PureWeen/PolyPilot,agent-fix.md,4,0.1002,2536.0,PureWeen/PolyPilot,dep-update.md,3.92,,,,,,0.0825,2408.0,github/copilot-sdk,cross-repo-issue-analysis.md,49.1,same_repo,0.1002
2523,529,PureWeen/PolyPilot,agent-fix.md,5,0.0987,2536.0,PureWeen/PolyPilot,dep-update.md,3.94,,,,,,0.0796,2404.0,github/copilot-sdk,cross-repo-issue-analysis.md,49.14,same_repo,0.0987
2524,529,PureWeen/PolyPilot,agent-fix.md,6,0.0966,2536.0,PureWeen/PolyPilot,dep-update.md,4.59,,,,,,0.0794,2404.0,github/copilot-sdk,cross-repo-issue-analysis.md,49.79,same_repo,0.0966
2525,529,PureWeen/PolyPilot,agent-fix.md,7,0.0881,2536.0,PureWeen/PolyPilot,dep-update.md,9.24,,,,,,0.0871,2408.0,github/copilot-sdk,cross-repo-issue-analysis.md,54.42,same_repo,0.0881
2526,529,PureWeen/PolyPilot,agent-fix.md,8,0.0895,2536.0,PureWeen/PolyPilot,dep-update.md,9.28,,,,,,0.0875,2408.0,github/copilot-sdk,cross-repo-issue-analysis.md,54.46,same_repo,0.0895
2527,529,PureWeen/PolyPilot,agent-fix.md,9,0.0916,2536.0,PureWeen/PolyPilot,dep-update.md,9.48,,,,,,0.09,2408.0,github/copilot-sdk,cross-repo-issue-analysis.md,54.66,same_repo,0.0916
2528,529,PureWeen/PolyPilot,agent-fix.md,10,0.2303,2547.0,PureWeen/PolyPilot,fix-review-findings.md,0.01,,,,,,0.0889,2408.0,github/copilot-sdk,cross-repo-issue-analysis.md,54.68,same_repo,0.2303
2529,529,PureWeen/PolyPilot,agent-fix.md,11,0.2433,2548.0,PureWeen/PolyPilot,fix-review-findings.md,0.07,,,,,,0.0889,2408.0,github/copilot-sdk,cross-repo-issue-analysis.md,54.8,same_repo,0.2433
2530,530,PureWeen/PolyPilot,dep-update.md,1,,,,,,,,,,,0.1433,1970.0,CommunityToolkit/Aspire,aspire-upgrade.md,31.63,other_owner,0.1433
2531,530,PureWeen/PolyPilot,dep-update.md,2,,,,,,,,,,,0.1433,1970.0,CommunityToolkit/Aspire,aspire-upgrade.md,31.63,other_owner,0.1433
2532,530,PureWeen/PolyPilot,dep-update.md,3,,,,,,,,,,,0.1311,1970.0,CommunityToolkit/Aspire,aspire-upgrade.md,31.7,other_owner,0.1311
2533,530,PureWeen/PolyPilot,dep-update.md,4,,,,,,,,,,,0.1311,1970.0,CommunityToolkit/Aspire,aspire-upgrade.md,31.94,other_owner,0.1311
2534,530,PureWeen/PolyPilot,dep-update.md,5,,,,,,,,,,,0.1132,1970.0,CommunityToolkit/Aspire,aspire-upgrade.md,31.95,other_owner,0.1132
2535,530,PureWeen/PolyPilot,dep-update.md,6,,,,,,,,,,,0.1089,1970.0,CommunityToolkit/Aspire,aspire-upgrade.md,31.96,other_owner,0.1089
2536,530,PureWeen/PolyPilot,dep-update.md,7,,,,,,,,,,,0.112,1970.0,CommunityToolkit/Aspire,aspire-upgrade.md,31.98,other_owner,0.112
2537,530,PureWeen/PolyPilot,dep-update.md,8,,,,,,,,,,,0.1093,1970.0,CommunityToolkit/Aspire,aspire-upgrade.md,31.99,other_owner,0.1093
2538,530,PureWeen/PolyPilot,dep-update.md,9,,,,,,,,,,,0.1053,1970.0,CommunityToolkit/Aspire,aspire-upgrade.md,32.27,other_owner,0.1053
2539,530,PureWeen/PolyPilot,dep-update.md,10,,,,,,,,,,,0.1047,1970.0,CommunityToolkit/Aspire,aspire-upgrade.md,32.28,other_owner,0.1047
2540,530,PureWeen/PolyPilot,dep-update.md,11,,,,,,,,,,,0.1139,1970.0,CommunityToolkit/Aspire,aspire-upgrade.md,32.34,other_owner,0.1139
2541,530,PureWeen/PolyPilot,dep-update.md,12,,,,,,,,,,,0.112,1970.0,CommunityToolkit/Aspire,aspire-upgrade.md,32.34,other_owner,0.112
2542,530,PureWeen/PolyPilot,dep-update.md,13,,,,,,,,,,,0.112,1970.0,CommunityToolkit/Aspire,aspire-upgrade.md,34.54,other_owner,0.112
2543,530,PureWeen/PolyPilot,dep-update.md,14,0.0364,2553.0,PureWeen/PolyPilot,instruction-drift.agent.md,0.03,,,,,,0.1262,1970.0,CommunityToolkit/Aspire,aspire-upgrade.md,34.57,other_owner,0.1262
2544,530,PureWeen/PolyPilot,dep-update.md,15,0.04,2569.0,PureWeen/PolyPilot,review-retro.agent.md,0.03,,,,,,0.126,1970.0,CommunityToolkit/Aspire,aspire-upgrade.md,34.91,other_owner,0.126
2545,530,PureWeen/PolyPilot,dep-update.md,16,0.0399,2569.0,PureWeen/PolyPilot,review-retro.agent.md,0.03,,,,,,0.1115,1970.0,CommunityToolkit/Aspire,aspire-upgrade.md,34.92,other_owner,0.1115
2546,531,PureWeen/PolyPilot,expert-review.md,1,,,,,,,,,,,,,,,,,
2547,532,PureWeen/PolyPilot,fix-review-findings.md,1,0.2798,2519.0,PureWeen/PolyPilot,agent-fix.md,5.79,,,,,,0.0653,1746.0,opsmill/infrahub,bug-agent-fix.md,4.39,same_repo,0.2798
2548,532,PureWeen/PolyPilot,fix-review-findings.md,2,0.2622,2519.0,PureWeen/PolyPilot,agent-fix.md,5.85,,,,,,0.0701,421.0,Azure/azure-sdk-for-js,mgmt-review.md,21.35,same_repo,0.2622
2549,532,PureWeen/PolyPilot,fix-review-findings.md,3,0.2566,2519.0,PureWeen/PolyPilot,agent-fix.md,5.87,,,,,,0.071,421.0,Azure/azure-sdk-for-js,mgmt-review.md,21.37,same_repo,0.2566
2550,532,PureWeen/PolyPilot,fix-review-findings.md,4,0.2278,2519.0,PureWeen/PolyPilot,agent-fix.md,5.92,,,,,,0.0687,421.0,Azure/azure-sdk-for-js,mgmt-review.md,21.42,same_repo,0.2278
2551,532,PureWeen/PolyPilot,fix-review-findings.md,5,0.2226,2519.0,PureWeen/PolyPilot,agent-fix.md,7.94,,,,,,0.0655,418.0,Azure/azure-sdk-for-js,mgmt-review.md,23.71,same_repo,0.2226
2552,533,PureWeen/PolyPilot,fix.agent.md,1,,,,,,,,,,,,,,,,,
2553,534,PureWeen/PolyPilot,instruction-drift.agent.md,1,0.0363,2536.0,PureWeen/PolyPilot,dep-update.md,2.56,,,,,,0.07,2141.0,fideus-labs/ngff-zarr,daily-doc-updater.md,49.95,other_owner,0.07
2554,534,PureWeen/PolyPilot,instruction-drift.agent.md,2,0.038,2536.0,PureWeen/PolyPilot,dep-update.md,2.88,,,,,,0.0794,2141.0,fideus-labs/ngff-zarr,daily-doc-updater.md,50.26,other_owner,0.0794
2555,534,PureWeen/PolyPilot,instruction-drift.agent.md,3,0.0676,2569.0,PureWeen/PolyPilot,review-retro.agent.md,0.01,,,,,,0.0673,2141.0,fideus-labs/ngff-zarr,daily-doc-updater.md,50.31,same_repo,0.0676
2556,534,PureWeen/PolyPilot,instruction-drift.agent.md,4,0.0503,2569.0,PureWeen/PolyPilot,review-retro.agent.md,0.03,,,,,,0.0585,2141.0,fideus-labs/ngff-zarr,daily-doc-updater.md,50.33,other_owner,0.0585
2557,534,PureWeen/PolyPilot,instruction-drift.agent.md,5,0.0669,2569.0,PureWeen/PolyPilot,review-retro.agent.md,0.04,,,,,,0.0678,2141.0,fideus-labs/ngff-zarr,daily-doc-updater.md,50.34,other_owner,0.0678
2558,534,PureWeen/PolyPilot,instruction-drift.agent.md,6,0.0669,2569.0,PureWeen/PolyPilot,review-retro.agent.md,0.38,,,,,,0.0678,2141.0,fideus-labs/ngff-zarr,daily-doc-updater.md,50.68,other_owner,0.0678
2559,534,PureWeen/PolyPilot,instruction-drift.agent.md,7,0.0604,2569.0,PureWeen/PolyPilot,review-retro.agent.md,0.4,,,,,,0.057,2141.0,fideus-labs/ngff-zarr,daily-doc-updater.md,50.7,same_repo,0.0604
2560,534,PureWeen/PolyPilot,instruction-drift.agent.md,8,0.0764,2519.0,PureWeen/PolyPilot,agent-fix.md,0.78,,,,,,0.0567,2141.0,fideus-labs/ngff-zarr,daily-doc-updater.md,51.86,same_repo,0.0764
2561,534,PureWeen/PolyPilot,instruction-drift.agent.md,9,0.0779,2519.0,PureWeen/PolyPilot,agent-fix.md,1.9,,,,,,0.0561,2141.0,fideus-labs/ngff-zarr,daily-doc-updater.md,52.99,same_repo,0.0779
2562,534,PureWeen/PolyPilot,instruction-drift.agent.md,10,0.0739,2519.0,PureWeen/PolyPilot,agent-fix.md,1.92,,,,,,0.0587,2141.0,fideus-labs/ngff-zarr,daily-doc-updater.md,53.0,same_repo,0.0739
2563,534,PureWeen/PolyPilot,instruction-drift.agent.md,11,0.0678,2519.0,PureWeen/PolyPilot,agent-fix.md,1.95,,,,,,0.0617,2141.0,fideus-labs/ngff-zarr,daily-doc-updater.md,53.03,same_repo,0.0678
2564,535,PureWeen/PolyPilot,review-on-open.agent.md,1,,,,,,,,,,,,,,,,,
2565,535,PureWeen/PolyPilot,review-on-open.agent.md,2,,,,,,,,,,,,,,,,,
2566,535,PureWeen/PolyPilot,review-on-open.agent.md,3,,,,,,,,,,,,,,,,,
2567,535,PureWeen/PolyPilot,review-on-open.agent.md,4,,,,,,,,,,,,,,,,,
2568,535,PureWeen/PolyPilot,review-on-open.agent.md,5,,,,,,,,,,,,,,,,,
2569,536,PureWeen/PolyPilot,review-retro.agent.md,1,0.0665,2554.0,PureWeen/PolyPilot,instruction-drift.agent.md,0.04,,,,,,0.0775,1814.0,dotnet/android,android-reviewer.md,4.31,other_owner,0.0775
2570,536,PureWeen/PolyPilot,review-retro.agent.md,2,0.0675,2555.0,PureWeen/PolyPilot,instruction-drift.agent.md,6.56,,,,,,0.0774,1814.0,dotnet/android,android-reviewer.md,10.88,other_owner,0.0774
2571,537,jurre/huebar,code-review.md,1,,,,,,,,,,,0.0641,2046.0,elastic/opentelemetry-collector-components,pr-review.md,1.77,other_owner,0.0641
2572,538,jurre/huebar,release-notes.md,1,,,,,,,,,,,0.0319,325.0,microsoft/pxt,documentation.md,67.05,other_owner,0.0319
2573,539,popey/sbom-vm,repo-assist.md,1,,,,,,1.0,1973.0,popey/slomore,repo-assist.md,0.01,1.0,1449.0,fslaborg/Deedle,repo-assist.md,24.16,same_owner,1.0
2574,539,popey/sbom-vm,repo-assist.md,2,,,,,,1.0,1973.0,popey/slomore,repo-assist.md,0.77,1.0,1449.0,fslaborg/Deedle,repo-assist.md,24.92,same_owner,1.0
2575,539,popey/sbom-vm,repo-assist.md,3,,,,,,1.0,1973.0,popey/slomore,repo-assist.md,0.79,1.0,1449.0,fslaborg/Deedle,repo-assist.md,24.94,same_owner,1.0
2576,539,popey/sbom-vm,repo-assist.md,4,,,,,,1.0,1973.0,popey/slomore,repo-assist.md,1.66,1.0,1449.0,fslaborg/Deedle,repo-assist.md,25.81,same_owner,1.0
2577,540,zircote/rlm-rs,ci-doctor.md,1,0.0638,2583.0,zircote/rlm-rs,issue-triage.md,0.0,,,,,,0.2747,2081.0,microsoft/wassette,ci-doctor.md,131.06,other_owner,0.2747
2578,540,zircote/rlm-rs,ci-doctor.md,2,0.0638,2583.0,zircote/rlm-rs,issue-triage.md,10.68,,,,,,0.9541,1319.0,openvinotoolkit/openvino.genai,ci-doctor.md,2.17,other_owner,0.9541
2579,540,zircote/rlm-rs,ci-doctor.md,3,0.0638,2583.0,zircote/rlm-rs,issue-triage.md,87.45,,,,,,0.9541,1319.0,openvinotoolkit/openvino.genai,ci-doctor.md,78.94,other_owner,0.9541
2580,541,zircote/rlm-rs,daily-qa.md,1,0.1345,2583.0,zircote/rlm-rs,issue-triage.md,0.02,,,,,,0.1532,2089.0,kaito-project/aikit,daily-test-improver.md,115.22,other_owner,0.1532
2581,541,zircote/rlm-rs,daily-qa.md,2,0.1345,2583.0,zircote/rlm-rs,issue-triage.md,10.68,,,,,,0.4228,2473.0,chrisreddington/flight-school,daily-qa.md,4.17,other_owner,0.4228
2582,542,zircote/rlm-rs,docs-freshness.md,1,0.0375,2580.0,zircote/rlm-rs,daily-qa.md,9.77,,,,,,0.063,2164.0,tosin2013/mcp-adr-analysis-server,docs-noob-tester.md,6.1,other_owner,0.063
2583,543,zircote/rlm-rs,issue-triage.md,1,,,,,,,,,,,1.0,500.0,appwrite/appwrite,issue-triage.md,111.98,other_owner,1.0
2584,544,brunoborges/jairosvg,effort-labeler.md,1,,,,,,0.0102,8.0,brunoborges/fx2048,create-sample-issue.md,23.19,0.0829,2444.0,natnew/Awesome-Data-Science,issue-triage-agent.md,14.75,other_owner,0.0829
2585,544,brunoborges/jairosvg,effort-labeler.md,2,,,,,,0.0101,8.0,brunoborges/fx2048,create-sample-issue.md,23.19,0.0762,2444.0,natnew/Awesome-Data-Science,issue-triage-agent.md,14.75,other_owner,0.0762
2586,544,brunoborges/jairosvg,effort-labeler.md,3,,,,,,0.0121,8.0,brunoborges/fx2048,create-sample-issue.md,23.2,0.0751,2444.0,natnew/Awesome-Data-Science,issue-triage-agent.md,14.76,other_owner,0.0751
2587,544,brunoborges/jairosvg,effort-labeler.md,4,,,,,,0.0121,8.0,brunoborges/fx2048,create-sample-issue.md,23.21,0.0751,2444.0,natnew/Awesome-Data-Science,issue-triage-agent.md,14.77,other_owner,0.0751
2588,544,brunoborges/jairosvg,effort-labeler.md,5,,,,,,0.0121,8.0,brunoborges/fx2048,create-sample-issue.md,23.21,0.0751,2444.0,natnew/Awesome-Data-Science,issue-triage-agent.md,14.77,other_owner,0.0751
2589,544,brunoborges/jairosvg,effort-labeler.md,6,,,,,,0.012,8.0,brunoborges/fx2048,create-sample-issue.md,50.84,0.0749,2444.0,natnew/Awesome-Data-Science,issue-triage-agent.md,42.4,other_owner,0.0749
2590,545,microsoft/agentrc,ci-doctor.md,1,,,,,,0.2505,2081.0,microsoft/wassette,ci-doctor.md,141.95,0.6591,2577.0,zircote/rlm-rs,ci-doctor.md,10.89,other_owner,0.6591
2591,545,microsoft/agentrc,ci-doctor.md,2,0.0891,2592.0,microsoft/agentrc,code-simplifier.md,74.98,0.2505,2081.0,microsoft/wassette,ci-doctor.md,216.93,0.7574,937.0,anweiss/cddl,ci-doctor.md,37.19,other_owner,0.7574
2592,546,microsoft/agentrc,code-simplifier.md,1,,,,,,0.1157,2289.0,microsoft/apm,daily-doc-updater.md,3.03,0.6114,2505.0,chimon2000/good_first_issue,code-simplifier.md,15.25,other_owner,0.6114
2593,546,microsoft/agentrc,code-simplifier.md,2,0.1881,2594.0,microsoft/agentrc,daily-doc-updater.md,74.98,0.1157,2289.0,microsoft/apm,daily-doc-updater.md,78.01,0.6289,322.0,storybookjs/storybook,code-simplifier.md,67.16,other_owner,0.6289
2594,547,microsoft/agentrc,daily-doc-updater.md,1,,,,,,0.5715,2289.0,microsoft/apm,daily-doc-updater.md,3.03,0.1131,2323.0,Kong/kongctl,code-simplifier.md,11.96,same_owner,0.5715
2595,547,microsoft/agentrc,daily-doc-updater.md,2,0.18,2592.0,microsoft/agentrc,code-simplifier.md,17.2,0.5486,2289.0,microsoft/apm,daily-doc-updater.md,20.23,0.5093,2257.0,YousefHadder/markdown-plus.nvim,daily-doc-updater.md,10.14,same_owner,0.5486
2596,547,microsoft/agentrc,daily-doc-updater.md,3,0.18,2592.0,microsoft/agentrc,code-simplifier.md,74.98,0.5486,2289.0,microsoft/apm,daily-doc-updater.md,78.01,0.5093,2257.0,YousefHadder/markdown-plus.nvim,daily-doc-updater.md,67.92,same_owner,0.5486
2597,548,asizikov-demos/copilot-user-level-statistics-viewer,code-duplication-scan.md,1,0.0263,2605.0,asizikov-demos/copilot-user-level-statistics-viewer,dependency-audit.md,69.99,,,,,,0.0671,491.0,ptarmiganlabs/butler-sos,duplicate-code-detector.md,61.29,other_owner,0.0671
2598,548,asizikov-demos/copilot-user-level-statistics-viewer,code-duplication-scan.md,2,0.0263,2605.0,asizikov-demos/copilot-user-level-statistics-viewer,dependency-audit.md,90.27,,,,,,0.0671,491.0,ptarmiganlabs/butler-sos,duplicate-code-detector.md,81.57,other_owner,0.0671
2599,548,asizikov-demos/copilot-user-level-statistics-viewer,code-duplication-scan.md,3,0.0263,2605.0,asizikov-demos/copilot-user-level-statistics-viewer,dependency-audit.md,90.28,,,,,,0.0671,491.0,ptarmiganlabs/butler-sos,duplicate-code-detector.md,81.57,other_owner,0.0671
2600,548,asizikov-demos/copilot-user-level-statistics-viewer,code-duplication-scan.md,4,0.0263,2605.0,asizikov-demos/copilot-user-level-statistics-viewer,dependency-audit.md,90.7,,,,,,0.0671,491.0,ptarmiganlabs/butler-sos,duplicate-code-detector.md,82.0,other_owner,0.0671
2601,548,asizikov-demos/copilot-user-level-statistics-viewer,code-duplication-scan.md,5,0.0263,2605.0,asizikov-demos/copilot-user-level-statistics-viewer,dependency-audit.md,90.73,,,,,,0.0671,491.0,ptarmiganlabs/butler-sos,duplicate-code-detector.md,82.02,other_owner,0.0671
2602,548,asizikov-demos/copilot-user-level-statistics-viewer,code-duplication-scan.md,6,0.0262,2605.0,asizikov-demos/copilot-user-level-statistics-viewer,dependency-audit.md,106.2,,,,,,0.0678,491.0,ptarmiganlabs/butler-sos,duplicate-code-detector.md,97.5,other_owner,0.0678
2603,548,asizikov-demos/copilot-user-level-statistics-viewer,code-duplication-scan.md,7,0.0262,2605.0,asizikov-demos/copilot-user-level-statistics-viewer,dependency-audit.md,118.0,,,,,,0.0678,491.0,ptarmiganlabs/butler-sos,duplicate-code-detector.md,109.29,other_owner,0.0678
2604,549,asizikov-demos/copilot-user-level-statistics-viewer,dependency-audit.md,1,,,,,,,,,,,0.0512,2505.0,chimon2000/good_first_issue,code-simplifier.md,8.79,other_owner,0.0512
2605,549,asizikov-demos/copilot-user-level-statistics-viewer,dependency-audit.md,2,,,,,,,,,,,0.0515,2505.0,chimon2000/good_first_issue,code-simplifier.md,8.82,other_owner,0.0515
2606,549,asizikov-demos/copilot-user-level-statistics-viewer,dependency-audit.md,3,0.0263,2597.0,asizikov-demos/copilot-user-level-statistics-viewer,code-duplication-scan.md,48.0,,,,,,0.0666,1231.0,unipept/unipept,dependency-update.md,18.04,other_owner,0.0666
2607,550,SonarSource/sonarqube-cli,ci-failure-triage-agent.md,1,,,,,,,,,,,0.0845,256.0,openvinotoolkit/openvino,ci-doctor.md,30.19,other_owner,0.0845
2608,550,SonarSource/sonarqube-cli,ci-failure-triage-agent.md,2,,,,,,,,,,,,,,,,,
2609,551,henrybravo/docker-sandbox-run-copilot,check-copilot-version.md,1,,,,,,,,,,,0.0819,2434.0,github/copilot-sdk,release-changelog.md,8.85,other_owner,0.0819
2610,551,henrybravo/docker-sandbox-run-copilot,check-copilot-version.md,2,,,,,,,,,,,0.0823,2434.0,github/copilot-sdk,release-changelog.md,38.57,other_owner,0.0823
2611,552,elastic/elastic-docs-skills,skill-eval-test.md,1,0.3591,2617.0,elastic/elastic-docs-skills,skill-freshness.md,0.98,0.0371,870.0,elastic/terraform-provider-elasticstack,schema-coverage-rotation.md,0.19,0.048,584.0,licensee/licensee,repo-assist.md,3.29,same_repo,0.3591
2612,552,elastic/elastic-docs-skills,skill-eval-test.md,2,0.4282,2618.0,elastic/elastic-docs-skills,skill-freshness.md,0.01,0.0366,870.0,elastic/terraform-provider-elasticstack,schema-coverage-rotation.md,0.21,0.05,1456.0,ionide/ionide-vscode-fsharp,repo-assist.md,10.49,same_repo,0.4282
2613,552,elastic/elastic-docs-skills,skill-eval-test.md,3,0.4282,2618.0,elastic/elastic-docs-skills,skill-freshness.md,108.86,0.0415,781.0,elastic/terraform-provider-elasticstack,flaky-test-catcher.md,47.1,0.0544,2069.0,github/awesome-copilot,pr-duplicate-check.md,101.33,same_repo,0.4282
2614,553,elastic/elastic-docs-skills,skill-freshness.md,1,,,,,,0.0217,2046.0,elastic/opentelemetry-collector-components,pr-review.md,9.49,0.0434,2209.0,kubestellar/docs,technical-doc-writer.md,68.76,other_owner,0.0434
2615,553,elastic/elastic-docs-skills,skill-freshness.md,2,,,,,,0.0217,2046.0,elastic/opentelemetry-collector-components,pr-review.md,9.62,0.0434,2209.0,kubestellar/docs,technical-doc-writer.md,68.89,other_owner,0.0434
2616,553,elastic/elastic-docs-skills,skill-freshness.md,3,,,,,,0.0197,2046.0,elastic/opentelemetry-collector-components,pr-review.md,9.63,0.0483,2209.0,kubestellar/docs,technical-doc-writer.md,68.9,other_owner,0.0483
2617,553,elastic/elastic-docs-skills,skill-freshness.md,4,,,,,,0.0221,2046.0,elastic/opentelemetry-collector-components,pr-review.md,18.34,0.043,2214.0,kubestellar/docs,technical-doc-writer.md,77.58,other_owner,0.043
2618,553,elastic/elastic-docs-skills,skill-freshness.md,5,0.2696,2625.0,elastic/elastic-docs-skills,skill-quality-review.md,0.01,0.0408,870.0,elastic/terraform-provider-elasticstack,schema-coverage-rotation.md,0.19,0.0471,2700.0,dotnet/skills,devops-health-check.md,0.03,same_repo,0.2696
2619,553,elastic/elastic-docs-skills,skill-freshness.md,6,0.3575,2611.0,elastic/elastic-docs-skills,skill-eval-test.md,0.01,0.0409,870.0,elastic/terraform-provider-elasticstack,schema-coverage-rotation.md,0.2,0.044,1485.0,fsprojects/fantomas,repo-assist.md,6.86,same_repo,0.3575
2620,553,elastic/elastic-docs-skills,skill-freshness.md,7,0.4386,2611.0,elastic/elastic-docs-skills,skill-eval-test.md,0.01,0.0435,870.0,elastic/terraform-provider-elasticstack,schema-coverage-rotation.md,0.2,0.0488,2700.0,dotnet/skills,devops-health-check.md,0.04,same_repo,0.4386
2621,553,elastic/elastic-docs-skills,skill-freshness.md,8,0.4241,2611.0,elastic/elastic-docs-skills,skill-eval-test.md,0.01,0.0464,868.0,elastic/terraform-provider-elasticstack,schema-coverage-rotation.md,0.32,0.0519,2696.0,dotnet/skills,devops-health-check.md,2.56,same_repo,0.4241
2622,553,elastic/elastic-docs-skills,skill-freshness.md,9,0.4182,2611.0,elastic/elastic-docs-skills,skill-eval-test.md,18.97,0.0472,875.0,elastic/terraform-provider-elasticstack,schema-coverage-rotation.md,0.3,0.0615,2704.0,dotnet/skills,devops-health-check.md,14.84,same_repo,0.4182
2623,553,elastic/elastic-docs-skills,skill-freshness.md,10,0.3963,2611.0,elastic/elastic-docs-skills,skill-eval-test.md,82.03,0.0533,742.0,elastic/terraform-provider-elasticstack,code-factory-issue.md,29.3,0.0631,2709.0,dotnet/skills,devops-health-check.md,46.7,same_repo,0.3963
2624,553,elastic/elastic-docs-skills,skill-freshness.md,11,0.3963,2611.0,elastic/elastic-docs-skills,skill-eval-test.md,108.86,0.0533,742.0,elastic/terraform-provider-elasticstack,code-factory-issue.md,56.13,0.0631,2709.0,dotnet/skills,devops-health-check.md,73.52,same_repo,0.3963
2625,554,elastic/elastic-docs-skills,skill-quality-review.md,1,0.3403,2617.0,elastic/elastic-docs-skills,skill-freshness.md,0.97,0.0405,2046.0,elastic/opentelemetry-collector-components,pr-review.md,19.32,0.0559,1485.0,fsprojects/fantomas,repo-assist.md,6.84,same_repo,0.3403
2626,554,elastic/elastic-docs-skills,skill-quality-review.md,2,0.3314,2617.0,elastic/elastic-docs-skills,skill-freshness.md,1.0,0.0436,2046.0,elastic/opentelemetry-collector-components,pr-review.md,19.34,0.0588,1485.0,fsprojects/fantomas,repo-assist.md,6.87,same_repo,0.3314
2627,554,elastic/elastic-docs-skills,skill-quality-review.md,3,0.3284,2617.0,elastic/elastic-docs-skills,skill-freshness.md,64.06,0.0438,2046.0,elastic/opentelemetry-collector-components,pr-review.md,82.41,0.0615,2069.0,github/awesome-copilot,pr-duplicate-check.md,55.55,same_repo,0.3284
2628,554,elastic/elastic-docs-skills,skill-quality-review.md,4,0.3284,2617.0,elastic/elastic-docs-skills,skill-freshness.md,109.84,0.0501,536.0,elastic/kibana,failed-test-investigator.md,2.92,0.0615,2069.0,github/awesome-copilot,pr-duplicate-check.md,101.33,same_repo,0.3284
2629,555,AndreaGriffiths11/IssueCrush,daily-repo-status.md,1,,,,,,,,,,,1.0,86.0,dotnet/maui,daily-repo-status.md,1.53,other_owner,1.0
2630,556,AndreaGriffiths11/IssueCrush,update-docs.md,1,,,,,,,,,,,0.0814,2209.0,kubestellar/docs,technical-doc-writer.md,60.39,other_owner,0.0814
2631,557,hatch3r/hatch3r,generate-docusaurus-docs.md,1,,,,,,,,,,,0.0891,2042.0,ZSWatch/ZSWatch,docs-pr-analyze.md,11.76,other_owner,0.0891
2632,558,pockebot/openpocket,issue-fix.md,1,,,,,,,,,,,0.0425,303.0,microsoft/pxt-arcade,documentation.md,74.26,other_owner,0.0425
2633,558,pockebot/openpocket,issue-fix.md,2,0.2932,2634.0,pockebot/openpocket,issue-plan.md,0.02,,,,,,0.0433,1456.0,ionide/ionide-vscode-fsharp,repo-assist.md,0.13,same_repo,0.2932
2634,559,pockebot/openpocket,issue-plan.md,1,,,,,,,,,,,0.0497,2373.0,Kong/kongctl,slash-cmd-issue-triage.md,7.89,other_owner,0.0497
2635,560,FalkorDB/falkordb-rs-next-gen,flaky-test-rca.md,1,,,,,,,,,,,0.0911,1326.0,openvinotoolkit/openvino.genai,ci-doctor.md,41.18,other_owner,0.0911
2636,560,FalkorDB/falkordb-rs-next-gen,flaky-test-rca.md,2,0.0857,2641.0,FalkorDB/falkordb-rs-next-gen,flow-tests-migration.md,2.61,,,,,,0.0921,256.0,openvinotoolkit/openvino,ci-doctor.md,37.79,other_owner,0.0921
2637,560,FalkorDB/falkordb-rs-next-gen,flaky-test-rca.md,3,0.0861,2641.0,FalkorDB/falkordb-rs-next-gen,flow-tests-migration.md,2.63,,,,,,0.0924,256.0,openvinotoolkit/openvino,ci-doctor.md,37.81,other_owner,0.0924
2638,560,FalkorDB/falkordb-rs-next-gen,flaky-test-rca.md,4,0.0772,2641.0,FalkorDB/falkordb-rs-next-gen,flow-tests-migration.md,2.64,,,,,,0.0872,1326.0,openvinotoolkit/openvino.genai,ci-doctor.md,43.87,other_owner,0.0872
2639,561,FalkorDB/falkordb-rs-next-gen,flow-migration-rca.md,1,0.1633,2641.0,FalkorDB/falkordb-rs-next-gen,flow-tests-migration.md,2.91,,,,,,0.0776,245.0,openvinotoolkit/openvino,ci-doctor-mq.md,16.07,same_repo,0.1633
2640,562,FalkorDB/falkordb-rs-next-gen,flow-tests-migration.md,1,0.0708,2635.0,FalkorDB/falkordb-rs-next-gen,flaky-test-rca.md,0.03,,,,,,0.0636,270.0,dotnet/runtime,ci-failure-scan-feedback.md,3.07,same_repo,0.0708
2641,562,FalkorDB/falkordb-rs-next-gen,flow-tests-migration.md,2,0.0775,2635.0,FalkorDB/falkordb-rs-next-gen,flaky-test-rca.md,0.05,,,,,,0.0678,270.0,dotnet/runtime,ci-failure-scan-feedback.md,3.08,same_repo,0.0775
2642,562,FalkorDB/falkordb-rs-next-gen,flow-tests-migration.md,3,0.0925,2637.0,FalkorDB/falkordb-rs-next-gen,flaky-test-rca.md,0.28,,,,,,0.0672,170.0,dotnet/msbuild,flaky-test-detector.agent.md,1.15,same_repo,0.0925
2643,563,DevExpGbb/gh-devlake,docs-sync.md,1,,,,,,,,,,,0.1456,229.0,OpenMS/OpenMS,doc-sync.md,7.51,other_owner,0.1456
2644,564,dorlugasigal/TermBeam,scorecard-monitor.md,1,,,,,,,,,,,0.0433,1457.0,ionide/ionide-vscode-fsharp,repo-assist.md,31.2,other_owner,0.0433
2645,564,dorlugasigal/TermBeam,scorecard-monitor.md,2,,,,,,,,,,,0.0441,1457.0,ionide/ionide-vscode-fsharp,repo-assist.md,31.24,other_owner,0.0441
2646,565,inference-sh/shadcn-registry,code-review.md,1,,,,,,,,,,,0.0669,2561.0,PureWeen/PolyPilot,instruction-drift.agent.md,24.52,other_owner,0.0669
2647,565,inference-sh/shadcn-registry,code-review.md,2,,,,,,,,,,,0.0669,2561.0,PureWeen/PolyPilot,instruction-drift.agent.md,24.52,other_owner,0.0669
2648,566,microsoft/Microsoft-AI-Decision-Framework,link-checker.md,1,,,,,,0.0449,2289.0,microsoft/apm,daily-doc-updater.md,2.93,0.0827,2119.0,githubnext/agentics,link-checker.md,10.72,other_owner,0.0827
2649,566,microsoft/Microsoft-AI-Decision-Framework,link-checker.md,2,,,,,,0.0449,2289.0,microsoft/apm,daily-doc-updater.md,2.95,0.0827,2119.0,githubnext/agentics,link-checker.md,10.74,other_owner,0.0827
2650,566,microsoft/Microsoft-AI-Decision-Framework,link-checker.md,3,,,,,,0.0449,2289.0,microsoft/apm,daily-doc-updater.md,2.95,0.0827,2119.0,githubnext/agentics,link-checker.md,10.74,other_owner,0.0827
2651,566,microsoft/Microsoft-AI-Decision-Framework,link-checker.md,4,,,,,,0.0431,1276.0,microsoft/aspire,pr-docs-check.md,3.89,0.1034,2195.0,kubestellar/docs,link-checker.md,62.64,other_owner,0.1034
2652,566,microsoft/Microsoft-AI-Decision-Framework,link-checker.md,5,,,,,,0.0517,1256.0,microsoft/aspire,milestone-changelog.md,10.11,0.104,2278.0,cncf/contribute-site,link-fixer.md,55.95,other_owner,0.104
2653,566,microsoft/Microsoft-AI-Decision-Framework,link-checker.md,6,,,,,,0.0517,1256.0,microsoft/aspire,milestone-changelog.md,10.11,0.104,2278.0,cncf/contribute-site,link-fixer.md,55.95,other_owner,0.104
2654,566,microsoft/Microsoft-AI-Decision-Framework,link-checker.md,7,,,,,,0.0492,1257.0,microsoft/aspire,milestone-changelog.md,14.47,0.0891,2278.0,cncf/contribute-site,link-fixer.md,62.79,other_owner,0.0891
2655,567,github/gh-aw-actions,daily-runtime-threat-scan.md,1,,,,,,0.0441,2406.0,github/copilot-sdk,cross-repo-issue-analysis.md,69.02,0.0733,2334.0,Kong/kongctl,e2e-coverage-scanner.md,27.46,other_owner,0.0733
2656,567,github/gh-aw-actions,daily-runtime-threat-scan.md,2,,,,,,0.0441,2406.0,github/copilot-sdk,cross-repo-issue-analysis.md,99.9,0.0874,1033.0,baizhiheizi/quill,malicious-code-scan.md,3.02,other_owner,0.0874
2657,568,microsoft/physical-ai-toolchain,aw-dependabot-pr-review.md,1,,,,,,0.0811,1067.0,microsoft/security-devops-action,msdo-breach-monitor.md,29.06,0.0787,367.0,Azure/azure-sdk-for-js,dexter.md,26.86,same_owner,0.0811
2658,568,microsoft/physical-ai-toolchain,aw-dependabot-pr-review.md,2,,,,,,0.0811,1067.0,microsoft/security-devops-action,msdo-breach-monitor.md,35.89,0.0787,367.0,Azure/azure-sdk-for-js,dexter.md,33.68,same_owner,0.0811
2659,568,microsoft/physical-ai-toolchain,aw-dependabot-pr-review.md,3,,,,,,0.0811,1067.0,microsoft/security-devops-action,msdo-breach-monitor.md,35.91,0.0787,367.0,Azure/azure-sdk-for-js,dexter.md,33.71,same_owner,0.0811
2660,568,microsoft/physical-ai-toolchain,aw-dependabot-pr-review.md,4,,,,,,0.0695,1067.0,microsoft/security-devops-action,msdo-breach-monitor.md,36.71,0.0668,367.0,Azure/azure-sdk-for-js,dexter.md,34.5,same_owner,0.0695
2661,568,microsoft/physical-ai-toolchain,aw-dependabot-pr-review.md,5,,,,,,0.0695,1067.0,microsoft/security-devops-action,msdo-breach-monitor.md,36.77,0.0668,367.0,Azure/azure-sdk-for-js,dexter.md,34.56,same_owner,0.0695
2662,568,microsoft/physical-ai-toolchain,aw-dependabot-pr-review.md,6,,,,,,0.0695,1067.0,microsoft/security-devops-action,msdo-breach-monitor.md,36.81,0.0668,367.0,Azure/azure-sdk-for-js,dexter.md,34.6,same_owner,0.0695
2663,568,microsoft/physical-ai-toolchain,aw-dependabot-pr-review.md,7,,,,,,0.069,1069.0,microsoft/security-devops-action,msdo-breach-monitor.md,35.86,0.0677,367.0,Azure/azure-sdk-for-js,dexter.md,34.73,same_owner,0.069
2664,568,microsoft/physical-ai-toolchain,aw-dependabot-pr-review.md,8,,,,,,0.0617,1276.0,microsoft/aspire,pr-docs-check.md,5.37,0.0696,624.0,pulumi/pulumi-terraform-bridge,terraform-bridge-pr-review.md,67.42,other_owner,0.0696
2665,568,microsoft/physical-ai-toolchain,aw-dependabot-pr-review.md,9,,,,,,0.0647,1069.0,microsoft/security-devops-action,msdo-breach-monitor.md,83.6,0.0747,224.0,Azure/azure-sdk-for-net,mgmt-review.md,4.04,other_owner,0.0747
2666,568,microsoft/physical-ai-toolchain,aw-dependabot-pr-review.md,10,,,,,,0.065,1069.0,microsoft/security-devops-action,msdo-breach-monitor.md,86.05,0.0734,225.0,Azure/azure-sdk-for-net,mgmt-review.md,6.44,other_owner,0.0734
2667,568,microsoft/physical-ai-toolchain,aw-dependabot-pr-review.md,11,,,,,,0.065,1069.0,microsoft/security-devops-action,msdo-breach-monitor.md,91.61,0.0734,225.0,Azure/azure-sdk-for-net,mgmt-review.md,12.01,other_owner,0.0734
2668,569,webmaxru/web-ai-agent-skills,skill-update-worker.md,1,,,,,,,,,,,0.0393,2112.0,githubnext/agentics,import-workflow.md,26.6,other_owner,0.0393
2669,569,webmaxru/web-ai-agent-skills,skill-update-worker.md,2,,,,,,,,,,,0.0433,872.0,elastic/terraform-provider-elasticstack,schema-coverage-rotation.md,2.71,other_owner,0.0433
2670,569,webmaxru/web-ai-agent-skills,skill-update-worker.md,3,,,,,,,,,,,0.0433,872.0,elastic/terraform-provider-elasticstack,schema-coverage-rotation.md,3.36,other_owner,0.0433
2671,569,webmaxru/web-ai-agent-skills,skill-update-worker.md,4,,,,,,,,,,,0.0603,742.0,elastic/terraform-provider-elasticstack,code-factory-issue.md,18.26,other_owner,0.0603
2672,570,dotnet/maui-labs,ai-docs-audit.md,1,,,,,,0.0384,1419.0,dotnet/fsharp,repo-assist.md,13.22,0.0863,2643.0,DevExpGbb/gh-devlake,docs-sync.md,17.84,other_owner,0.0863
2673,570,dotnet/maui-labs,ai-docs-audit.md,2,0.0686,2679.0,dotnet/maui-labs,pr-docs-check.md,0.02,0.0406,1419.0,dotnet/fsharp,repo-assist.md,30.9,0.0912,2643.0,DevExpGbb/gh-devlake,docs-sync.md,35.52,other_owner,0.0912
2674,570,dotnet/maui-labs,ai-docs-audit.md,3,0.0807,2679.0,dotnet/maui-labs,pr-docs-check.md,0.02,0.0404,1419.0,dotnet/fsharp,repo-assist.md,30.9,0.0915,2643.0,DevExpGbb/gh-devlake,docs-sync.md,35.53,other_owner,0.0915
2675,570,dotnet/maui-labs,ai-docs-audit.md,4,0.096,2678.0,dotnet/maui-labs,pr-docs-check.md,0.08,0.0465,1415.0,dotnet/fsharp,regression-pr-shepherd.md,6.94,0.075,2643.0,DevExpGbb/gh-devlake,docs-sync.md,35.53,same_repo,0.096
2676,570,dotnet/maui-labs,ai-docs-audit.md,5,0.0946,2678.0,dotnet/maui-labs,pr-docs-check.md,0.09,0.0474,1415.0,dotnet/fsharp,regression-pr-shepherd.md,6.95,0.073,2594.0,microsoft/agentrc,daily-doc-updater.md,47.48,same_repo,0.0946
2677,570,dotnet/maui-labs,ai-docs-audit.md,6,0.1104,2683.0,dotnet/maui-labs,pr-docs-check.md,1.44,0.0467,2710.0,dotnet/skills,devops-health-check.md,24.68,0.0907,2534.0,PureWeen/PolyPilot,dep-update.md,19.13,same_repo,0.1104
2678,571,dotnet/maui-labs,pr-docs-check.md,1,0.0627,2672.0,dotnet/maui-labs,ai-docs-audit.md,17.6,0.0644,265.0,dotnet/runtime,breaking-change-doc.md,12.36,0.2681,1268.0,microsoft/aspire,pr-docs-check.md,9.28,other_owner,0.2681
2679,571,dotnet/maui-labs,pr-docs-check.md,2,0.0638,2672.0,dotnet/maui-labs,ai-docs-audit.md,17.66,0.0606,265.0,dotnet/runtime,breaking-change-doc.md,12.42,0.2318,1268.0,microsoft/aspire,pr-docs-check.md,9.33,other_owner,0.2318
2680,571,dotnet/maui-labs,pr-docs-check.md,3,0.1017,2675.0,dotnet/maui-labs,ai-docs-audit.md,0.13,0.0623,265.0,dotnet/runtime,breaking-change-doc.md,12.57,0.2286,1268.0,microsoft/aspire,pr-docs-check.md,9.49,other_owner,0.2286
2681,571,dotnet/maui-labs,pr-docs-check.md,4,0.0983,2675.0,dotnet/maui-labs,ai-docs-audit.md,20.12,0.0633,265.0,dotnet/runtime,breaking-change-doc.md,32.56,0.33,1268.0,microsoft/aspire,pr-docs-check.md,29.48,other_owner,0.33
2682,571,dotnet/maui-labs,pr-docs-check.md,5,0.0983,2675.0,dotnet/maui-labs,ai-docs-audit.md,20.14,0.0633,265.0,dotnet/runtime,breaking-change-doc.md,32.58,0.33,1268.0,microsoft/aspire,pr-docs-check.md,29.5,other_owner,0.33
2683,571,dotnet/maui-labs,pr-docs-check.md,6,0.1135,2675.0,dotnet/maui-labs,ai-docs-audit.md,20.42,0.0606,265.0,dotnet/runtime,breaking-change-doc.md,32.86,0.2322,1268.0,microsoft/aspire,pr-docs-check.md,29.78,other_owner,0.2322
2684,571,dotnet/maui-labs,pr-docs-check.md,7,0.1135,2675.0,dotnet/maui-labs,ai-docs-audit.md,22.02,0.0606,265.0,dotnet/runtime,breaking-change-doc.md,34.46,0.2322,1268.0,microsoft/aspire,pr-docs-check.md,31.38,other_owner,0.2322
2685,572,dotnet/maui-labs,review-on-open.agent.md,1,,,,,,,,,,,,,,,,,
2686,572,dotnet/maui-labs,review-on-open.agent.md,2,,,,,,,,,,,,,,,,,
2687,573,dotnet/maui-labs,review.agent.md,1,,,,,,,,,,,,,,,,,
2688,573,dotnet/maui-labs,review.agent.md,2,,,,,,,,,,,,,,,,,
2689,574,dotnet/skills,close-stale-prs.agent.md,1,0.0457,2720.0,dotnet/skills,devops-health-groom.md,15.04,0.977,162.0,dotnet/msbuild,close-stale-prs.agent.md,7.96,0.088,2072.0,github/awesome-copilot,resource-staleness-report.md,34.53,same_owner,0.977
2690,574,dotnet/skills,close-stale-prs.agent.md,2,0.0457,2720.0,dotnet/skills,devops-health-groom.md,20.07,0.977,162.0,dotnet/msbuild,close-stale-prs.agent.md,13.0,0.088,2072.0,github/awesome-copilot,resource-staleness-report.md,39.56,same_owner,0.977
2691,574,dotnet/skills,close-stale-prs.agent.md,3,0.0457,2720.0,dotnet/skills,devops-health-groom.md,27.98,0.977,162.0,dotnet/msbuild,close-stale-prs.agent.md,20.91,0.088,2072.0,github/awesome-copilot,resource-staleness-report.md,47.47,same_owner,0.977
2692,574,dotnet/skills,close-stale-prs.agent.md,4,0.0569,2728.0,dotnet/skills,devops-health-groom.md,0.84,0.977,162.0,dotnet/msbuild,close-stale-prs.agent.md,51.78,0.088,2072.0,github/awesome-copilot,resource-staleness-report.md,78.34,same_owner,0.977
2693,574,dotnet/skills,close-stale-prs.agent.md,5,0.0636,2729.0,dotnet/skills,devops-health-groom.md,29.2,0.977,162.0,dotnet/msbuild,close-stale-prs.agent.md,84.21,0.1222,1380.0,rancher/dashboard,weekly-stale-issue-manager.md,2.68,same_owner,0.977
2694,574,dotnet/skills,close-stale-prs.agent.md,6,0.0636,2729.0,dotnet/skills,devops-health-groom.md,29.79,0.977,162.0,dotnet/msbuild,close-stale-prs.agent.md,84.81,0.1222,1380.0,rancher/dashboard,weekly-stale-issue-manager.md,3.28,same_owner,0.977
2695,574,dotnet/skills,close-stale-prs.agent.md,7,0.0636,2729.0,dotnet/skills,devops-health-groom.md,45.39,0.977,162.0,dotnet/msbuild,close-stale-prs.agent.md,100.41,0.1222,1380.0,rancher/dashboard,weekly-stale-issue-manager.md,18.87,same_owner,0.977
2696,575,dotnet/skills,devops-health-check.md,1,,,,,,0.0241,86.0,dotnet/maui,daily-repo-status.md,17.2,0.0689,1459.0,ionide/ionide-vscode-fsharp,repo-assist.md,5.07,other_owner,0.0689
2697,575,dotnet/skills,devops-health-check.md,2,0.077,2735.0,dotnet/skills,devops-health-investigate.md,0.77,0.024,86.0,dotnet/maui,daily-repo-status.md,17.96,0.0714,1459.0,ionide/ionide-vscode-fsharp,repo-assist.md,5.83,same_repo,0.077
2698,575,dotnet/skills,devops-health-check.md,3,0.0804,2736.0,dotnet/skills,devops-health-investigate.md,0.7,0.024,86.0,dotnet/maui,daily-repo-status.md,18.67,0.0714,1459.0,ionide/ionide-vscode-fsharp,repo-assist.md,6.54,same_repo,0.0804
2699,575,dotnet/skills,devops-health-check.md,4,0.0765,2736.0,dotnet/skills,devops-health-investigate.md,0.91,0.0229,86.0,dotnet/maui,daily-repo-status.md,18.88,0.0705,1459.0,ionide/ionide-vscode-fsharp,repo-assist.md,6.75,same_repo,0.0765
2700,575,dotnet/skills,devops-health-check.md,5,0.0794,2736.0,dotnet/skills,devops-health-investigate.md,1.75,0.0228,86.0,dotnet/maui,daily-repo-status.md,19.71,0.0712,1459.0,ionide/ionide-vscode-fsharp,repo-assist.md,7.58,same_repo,0.0794
2701,575,dotnet/skills,devops-health-check.md,6,0.1332,2717.0,dotnet/skills,devops-health-groom.md,0.99,0.0231,86.0,dotnet/maui,daily-repo-status.md,20.7,0.0742,1459.0,ionide/ionide-vscode-fsharp,repo-assist.md,8.57,same_repo,0.1332
2702,575,dotnet/skills,devops-health-check.md,7,0.1339,2717.0,dotnet/skills,devops-health-groom.md,1.14,0.023,86.0,dotnet/maui,daily-repo-status.md,20.86,0.0744,1459.0,ionide/ionide-vscode-fsharp,repo-assist.md,8.73,same_repo,0.1339
2703,575,dotnet/skills,devops-health-check.md,8,0.1487,2719.0,dotnet/skills,devops-health-groom.md,2.92,0.1138,98.0,dotnet/machinelearning,repo-health-check.md,2.65,0.0755,1459.0,ionide/ionide-vscode-fsharp,repo-assist.md,11.65,same_repo,0.1487
2704,575,dotnet/skills,devops-health-check.md,9,0.1442,2719.0,dotnet/skills,devops-health-groom.md,3.02,0.1086,98.0,dotnet/machinelearning,repo-health-check.md,2.75,0.0728,1459.0,ionide/ionide-vscode-fsharp,repo-assist.md,11.75,same_repo,0.1442
2705,575,dotnet/skills,devops-health-check.md,10,0.1442,2719.0,dotnet/skills,devops-health-groom.md,4.85,0.1086,98.0,dotnet/machinelearning,repo-health-check.md,4.58,0.0728,1459.0,ionide/ionide-vscode-fsharp,repo-assist.md,13.58,same_repo,0.1442
2706,575,dotnet/skills,devops-health-check.md,11,0.1442,2719.0,dotnet/skills,devops-health-groom.md,6.85,0.1086,98.0,dotnet/machinelearning,repo-health-check.md,6.57,0.0728,1459.0,ionide/ionide-vscode-fsharp,repo-assist.md,15.57,same_repo,0.1442
2707,575,dotnet/skills,devops-health-check.md,12,0.1442,2719.0,dotnet/skills,devops-health-groom.md,24.0,0.1086,98.0,dotnet/machinelearning,repo-health-check.md,23.73,0.0728,1459.0,ionide/ionide-vscode-fsharp,repo-assist.md,32.72,same_repo,0.1442
2708,575,dotnet/skills,devops-health-check.md,13,0.1442,2719.0,dotnet/skills,devops-health-groom.md,31.91,0.1086,98.0,dotnet/machinelearning,repo-health-check.md,31.64,0.0728,1459.0,ionide/ionide-vscode-fsharp,repo-assist.md,40.64,same_repo,0.1442
2709,575,dotnet/skills,devops-health-check.md,14,0.1512,2719.0,dotnet/skills,devops-health-groom.md,34.22,0.1077,98.0,dotnet/machinelearning,repo-health-check.md,33.95,0.0735,1459.0,ionide/ionide-vscode-fsharp,repo-assist.md,42.95,same_repo,0.1512
2710,575,dotnet/skills,devops-health-check.md,15,0.1752,2725.0,dotnet/skills,devops-health-groom.md,3.9,0.1105,98.0,dotnet/machinelearning,repo-health-check.md,37.85,0.0707,1459.0,ionide/ionide-vscode-fsharp,repo-assist.md,46.85,same_repo,0.1752
2711,575,dotnet/skills,devops-health-check.md,16,0.1804,2725.0,dotnet/skills,devops-health-groom.md,32.01,0.11,98.0,dotnet/machinelearning,repo-health-check.md,65.97,0.0763,256.0,openvinotoolkit/openvino,ci-doctor.md,14.22,same_repo,0.1804
2712,575,dotnet/skills,devops-health-check.md,17,0.1825,2730.0,dotnet/skills,devops-health-groom.md,28.97,0.112,98.0,dotnet/machinelearning,repo-health-check.md,94.94,0.0906,245.0,openvinotoolkit/openvino,ci-doctor-mq.md,21.16,same_repo,0.1825
2713,575,dotnet/skills,devops-health-check.md,18,0.1825,2730.0,dotnet/skills,devops-health-groom.md,28.98,0.112,98.0,dotnet/machinelearning,repo-health-check.md,94.94,0.0906,245.0,openvinotoolkit/openvino,ci-doctor-mq.md,21.17,same_repo,0.1825
2714,575,dotnet/skills,devops-health-check.md,19,0.1825,2730.0,dotnet/skills,devops-health-groom.md,29.58,0.112,98.0,dotnet/machinelearning,repo-health-check.md,95.54,0.0906,245.0,openvinotoolkit/openvino,ci-doctor-mq.md,21.77,same_repo,0.1825
2715,575,dotnet/skills,devops-health-check.md,20,0.1792,2730.0,dotnet/skills,devops-health-groom.md,43.6,0.1112,98.0,dotnet/machinelearning,repo-health-check.md,109.57,0.0914,245.0,openvinotoolkit/openvino,ci-doctor-mq.md,35.8,same_repo,0.1792
2716,575,dotnet/skills,devops-health-check.md,21,0.1792,2730.0,dotnet/skills,devops-health-groom.md,45.17,0.1112,98.0,dotnet/machinelearning,repo-health-check.md,111.14,0.0914,245.0,openvinotoolkit/openvino,ci-doctor-mq.md,37.37,same_repo,0.1792
2717,576,dotnet/skills,devops-health-groom.md,1,0.1272,2698.0,dotnet/skills,devops-health-check.md,1.05,0.0226,86.0,dotnet/maui,daily-repo-status.md,19.71,0.0705,1457.0,ionide/ionide-vscode-fsharp,repo-assist.md,9.21,same_repo,0.1272
2718,576,dotnet/skills,devops-health-groom.md,2,0.1283,2700.0,dotnet/skills,devops-health-check.md,0.99,0.0227,86.0,dotnet/maui,daily-repo-status.md,20.7,0.0704,1457.0,ionide/ionide-vscode-fsharp,repo-assist.md,10.2,same_repo,0.1283
2719,576,dotnet/skills,devops-health-groom.md,3,0.1305,2701.0,dotnet/skills,devops-health-check.md,0.15,0.0254,86.0,dotnet/maui,daily-repo-status.md,20.86,0.0725,1457.0,ionide/ionide-vscode-fsharp,repo-assist.md,10.35,same_repo,0.1305
2720,576,dotnet/skills,devops-health-groom.md,4,0.1484,2702.0,dotnet/skills,devops-health-check.md,3.93,0.1641,100.0,dotnet/machinelearning,repo-health-groom.md,3.66,0.0722,1457.0,ionide/ionide-vscode-fsharp,repo-assist.md,14.28,same_owner,0.1641
2721,576,dotnet/skills,devops-health-groom.md,5,0.1484,2702.0,dotnet/skills,devops-health-check.md,4.85,0.1641,100.0,dotnet/machinelearning,repo-health-groom.md,4.58,0.0722,1457.0,ionide/ionide-vscode-fsharp,repo-assist.md,15.21,same_owner,0.1641
2722,576,dotnet/skills,devops-health-groom.md,6,0.1484,2702.0,dotnet/skills,devops-health-check.md,6.85,0.1641,100.0,dotnet/machinelearning,repo-health-groom.md,6.57,0.0722,1457.0,ionide/ionide-vscode-fsharp,repo-assist.md,17.2,same_owner,0.1641
2723,576,dotnet/skills,devops-health-groom.md,7,0.1484,2702.0,dotnet/skills,devops-health-check.md,24.0,0.1641,100.0,dotnet/machinelearning,repo-health-groom.md,23.73,0.0722,1457.0,ionide/ionide-vscode-fsharp,repo-assist.md,34.35,same_owner,0.1641
2724,576,dotnet/skills,devops-health-groom.md,8,0.1484,2702.0,dotnet/skills,devops-health-check.md,31.91,0.1641,100.0,dotnet/machinelearning,repo-health-groom.md,31.64,0.0722,1457.0,ionide/ionide-vscode-fsharp,repo-assist.md,42.26,same_owner,0.1641
2725,576,dotnet/skills,devops-health-groom.md,9,0.1593,2702.0,dotnet/skills,devops-health-check.md,34.22,0.162,100.0,dotnet/machinelearning,repo-health-groom.md,33.95,0.0747,584.0,licensee/licensee,repo-assist.md,38.62,same_owner,0.162
2726,576,dotnet/skills,devops-health-groom.md,10,0.1629,2709.0,dotnet/skills,devops-health-check.md,3.9,0.162,100.0,dotnet/machinelearning,repo-health-groom.md,37.85,0.0747,584.0,licensee/licensee,repo-assist.md,42.52,same_repo,0.1629
2727,576,dotnet/skills,devops-health-groom.md,11,0.1699,2710.0,dotnet/skills,devops-health-check.md,2.06,0.1442,100.0,dotnet/machinelearning,repo-health-groom.md,39.9,0.0699,1460.0,ionide/ionide-vscode-fsharp,repo-assist.md,48.23,same_repo,0.1699
2728,576,dotnet/skills,devops-health-groom.md,12,0.1638,2710.0,dotnet/skills,devops-health-check.md,23.82,0.1429,100.0,dotnet/machinelearning,repo-health-groom.md,61.67,0.0721,1258.0,microsoft/aspire,milestone-changelog.md,2.27,same_repo,0.1638
2729,576,dotnet/skills,devops-health-groom.md,13,0.1614,2710.0,dotnet/skills,devops-health-check.md,27.9,0.142,100.0,dotnet/machinelearning,repo-health-groom.md,65.75,0.0716,589.0,licensee/licensee,repo-assist.md,48.64,same_repo,0.1614
2730,576,dotnet/skills,devops-health-groom.md,14,0.1586,2710.0,dotnet/skills,devops-health-check.md,28.12,0.1379,100.0,dotnet/machinelearning,repo-health-groom.md,65.97,0.0729,589.0,licensee/licensee,repo-assist.md,48.86,same_repo,0.1586
2731,576,dotnet/skills,devops-health-groom.md,15,0.1871,2711.0,dotnet/skills,devops-health-check.md,28.98,0.1379,100.0,dotnet/machinelearning,repo-health-groom.md,94.94,0.0736,245.0,openvinotoolkit/openvino,ci-doctor-mq.md,21.17,same_repo,0.1871
2732,576,dotnet/skills,devops-health-groom.md,16,0.1871,2711.0,dotnet/skills,devops-health-check.md,29.58,0.1379,100.0,dotnet/machinelearning,repo-health-groom.md,95.54,0.0736,245.0,openvinotoolkit/openvino,ci-doctor-mq.md,21.77,same_repo,0.1871
2733,576,dotnet/skills,devops-health-groom.md,17,0.1802,2711.0,dotnet/skills,devops-health-check.md,43.6,0.1319,100.0,dotnet/machinelearning,repo-health-groom.md,109.57,0.0749,397.0,Azure/azure-sdk-for-js,fix-test-failures.md,6.52,same_repo,0.1802
2734,576,dotnet/skills,devops-health-groom.md,18,0.1802,2711.0,dotnet/skills,devops-health-check.md,45.17,0.1319,100.0,dotnet/machinelearning,repo-health-groom.md,111.14,0.0749,397.0,Azure/azure-sdk-for-js,fix-test-failures.md,8.09,same_repo,0.1802
2735,577,dotnet/skills,devops-health-investigate.md,1,,,,,,0.0255,86.0,dotnet/maui,daily-repo-status.md,17.2,0.0638,1319.0,openvinotoolkit/openvino.genai,ci-doctor.md,5.25,other_owner,0.0638
2736,577,dotnet/skills,devops-health-investigate.md,2,0.0767,2696.0,dotnet/skills,devops-health-check.md,0.77,0.0253,86.0,dotnet/maui,daily-repo-status.md,17.96,0.067,1319.0,openvinotoolkit/openvino.genai,ci-doctor.md,6.02,same_repo,0.0767
2737,577,dotnet/skills,devops-health-investigate.md,3,0.0819,2698.0,dotnet/skills,devops-health-check.md,1.05,0.0253,86.0,dotnet/maui,daily-repo-status.md,19.71,0.069,1319.0,openvinotoolkit/openvino.genai,ci-doctor.md,7.77,same_repo,0.0819
2738,577,dotnet/skills,devops-health-investigate.md,4,0.0821,2717.0,dotnet/skills,devops-health-groom.md,0.99,0.0253,86.0,dotnet/maui,daily-repo-status.md,20.7,0.069,1319.0,openvinotoolkit/openvino.genai,ci-doctor.md,8.76,same_repo,0.0821
2739,577,dotnet/skills,devops-health-investigate.md,5,0.0832,2702.0,dotnet/skills,devops-health-check.md,2.92,0.0994,102.0,dotnet/machinelearning,repo-health-investigate.md,2.65,0.069,1319.0,openvinotoolkit/openvino.genai,ci-doctor.md,11.83,same_owner,0.0994
2740,577,dotnet/skills,devops-health-investigate.md,6,0.0832,2702.0,dotnet/skills,devops-health-check.md,6.85,0.0994,102.0,dotnet/machinelearning,repo-health-investigate.md,6.57,0.069,1319.0,openvinotoolkit/openvino.genai,ci-doctor.md,15.76,same_owner,0.0994
2741,577,dotnet/skills,devops-health-investigate.md,7,0.0832,2702.0,dotnet/skills,devops-health-check.md,24.0,0.0994,102.0,dotnet/machinelearning,repo-health-investigate.md,23.73,0.069,1319.0,openvinotoolkit/openvino.genai,ci-doctor.md,32.91,same_owner,0.0994
2742,577,dotnet/skills,devops-health-investigate.md,8,0.0832,2702.0,dotnet/skills,devops-health-check.md,31.91,0.0994,102.0,dotnet/machinelearning,repo-health-investigate.md,31.64,0.069,1319.0,openvinotoolkit/openvino.genai,ci-doctor.md,40.82,same_owner,0.0994
2743,577,dotnet/skills,devops-health-investigate.md,9,0.0829,2717.0,dotnet/skills,devops-health-groom.md,39.26,0.0997,102.0,dotnet/machinelearning,repo-health-investigate.md,37.85,0.0692,1319.0,openvinotoolkit/openvino.genai,ci-doctor.md,47.03,same_owner,0.0997
2744,577,dotnet/skills,devops-health-investigate.md,10,0.0875,2711.0,dotnet/skills,devops-health-check.md,28.98,0.0997,102.0,dotnet/machinelearning,repo-health-investigate.md,94.94,0.0739,255.0,openvinotoolkit/openvino,ci-doctor.md,50.3,same_owner,0.0997
2745,577,dotnet/skills,devops-health-investigate.md,11,0.0875,2711.0,dotnet/skills,devops-health-check.md,29.58,0.0997,102.0,dotnet/machinelearning,repo-health-investigate.md,95.54,0.0739,255.0,openvinotoolkit/openvino,ci-doctor.md,50.9,same_owner,0.0997
2746,577,dotnet/skills,devops-health-investigate.md,12,0.0875,2711.0,dotnet/skills,devops-health-check.md,45.17,0.0997,102.0,dotnet/machinelearning,repo-health-investigate.md,111.14,0.0739,255.0,openvinotoolkit/openvino,ci-doctor.md,66.5,same_owner,0.0997
2747,578,dotnet/skills,issue-investigate.md,1,0.0741,2743.0,dotnet/skills,devops-health-investigate.md,22.92,0.0686,1427.0,dotnet/fsharp,repo-assist.md,20.21,0.1066,2519.0,PureWeen/PolyPilot,agent-fix.md,13.65,other_owner,0.1066
2748,578,dotnet/skills,issue-investigate.md,2,0.0906,2752.0,dotnet/skills,issue-triage.md,1.75,0.0686,1427.0,dotnet/fsharp,repo-assist.md,21.96,0.1066,2519.0,PureWeen/PolyPilot,agent-fix.md,15.4,other_owner,0.1066
2749,578,dotnet/skills,issue-investigate.md,3,0.0906,2752.0,dotnet/skills,issue-triage.md,34.18,0.0686,1427.0,dotnet/fsharp,repo-assist.md,54.39,0.1066,2519.0,PureWeen/PolyPilot,agent-fix.md,47.83,other_owner,0.1066
2750,578,dotnet/skills,issue-investigate.md,4,0.0906,2752.0,dotnet/skills,issue-triage.md,34.78,0.0686,1427.0,dotnet/fsharp,repo-assist.md,54.99,0.1066,2519.0,PureWeen/PolyPilot,agent-fix.md,48.43,other_owner,0.1066
2751,578,dotnet/skills,issue-investigate.md,5,0.0906,2752.0,dotnet/skills,issue-triage.md,50.37,0.0686,1427.0,dotnet/fsharp,repo-assist.md,70.59,0.1066,2519.0,PureWeen/PolyPilot,agent-fix.md,64.02,other_owner,0.1066
2752,579,dotnet/skills,issue-triage.md,1,0.0472,2725.0,dotnet/skills,devops-health-groom.md,26.81,0.0619,1425.0,dotnet/fsharp,repo-assist.md,36.18,0.1484,2348.0,Kong/kongctl,opened-issue-triage.md,80.44,other_owner,0.1484
2753,579,dotnet/skills,issue-triage.md,2,0.0881,2747.0,dotnet/skills,issue-investigate.md,0.88,0.0636,1425.0,dotnet/fsharp,repo-assist.md,37.05,0.1484,2374.0,Kong/kongctl,slash-cmd-issue-triage.md,22.82,other_owner,0.1484
2754,579,dotnet/skills,issue-triage.md,3,0.0881,2747.0,dotnet/skills,issue-investigate.md,28.2,0.0926,154.0,dotnet/SqlClient,issue-triage.md,21.89,0.1484,2374.0,Kong/kongctl,slash-cmd-issue-triage.md,50.15,other_owner,0.1484
2755,579,dotnet/skills,issue-triage.md,4,0.0881,2747.0,dotnet/skills,issue-investigate.md,33.11,0.0927,154.0,dotnet/SqlClient,issue-triage.md,26.8,0.1484,2374.0,Kong/kongctl,slash-cmd-issue-triage.md,55.06,other_owner,0.1484
2756,579,dotnet/skills,issue-triage.md,5,0.0881,2747.0,dotnet/skills,issue-investigate.md,34.18,0.0927,154.0,dotnet/SqlClient,issue-triage.md,27.87,0.1484,2374.0,Kong/kongctl,slash-cmd-issue-triage.md,56.13,other_owner,0.1484
2757,579,dotnet/skills,issue-triage.md,6,0.0881,2747.0,dotnet/skills,issue-investigate.md,34.78,0.0927,154.0,dotnet/SqlClient,issue-triage.md,28.46,0.1484,2374.0,Kong/kongctl,slash-cmd-issue-triage.md,56.72,other_owner,0.1484
2758,579,dotnet/skills,issue-triage.md,7,0.0849,2747.0,dotnet/skills,issue-investigate.md,34.78,0.1031,59.0,dotnet/maui,agentic-labeler.md,19.43,0.1448,2374.0,Kong/kongctl,slash-cmd-issue-triage.md,56.73,other_owner,0.1448
2759,579,dotnet/skills,issue-triage.md,8,0.0849,2747.0,dotnet/skills,issue-investigate.md,50.37,0.1031,59.0,dotnet/maui,agentic-labeler.md,35.03,0.1448,2374.0,Kong/kongctl,slash-cmd-issue-triage.md,72.32,other_owner,0.1448
2760,580,dotnet/skills,markdown-linter.md,1,0.0444,2710.0,dotnet/skills,devops-health-check.md,9.93,0.0544,1419.0,dotnet/fsharp,repo-assist.md,38.02,0.074,255.0,openvinotoolkit/openvino,ci-doctor.md,3.14,other_owner,0.074
2761,580,dotnet/skills,markdown-linter.md,2,0.0444,2710.0,dotnet/skills,devops-health-check.md,57.1,0.0544,1419.0,dotnet/fsharp,repo-assist.md,85.18,0.074,255.0,openvinotoolkit/openvino,ci-doctor.md,50.3,other_owner,0.074
2762,580,dotnet/skills,markdown-linter.md,3,0.0444,2710.0,dotnet/skills,devops-health-check.md,57.7,0.0544,1419.0,dotnet/fsharp,repo-assist.md,85.78,0.074,255.0,openvinotoolkit/openvino,ci-doctor.md,50.9,other_owner,0.074
2763,580,dotnet/skills,markdown-linter.md,4,0.0447,2715.0,dotnet/skills,devops-health-check.md,1.57,0.0544,1419.0,dotnet/fsharp,repo-assist.md,101.38,0.9933,133.0,microsoft/vstest,markdown-linter.md,6.44,other_owner,0.9933
2764,581,dotnet/skills,pr-malicious-scan.agent.md,1,0.0598,2709.0,dotnet/skills,devops-health-check.md,55.08,0.0605,1406.0,dotnet/fsharp,labelops-pr-security-scan.md,22.46,0.0736,460.0,Azure/azure-sdk-for-js,sentinel.md,28.09,other_owner,0.0736
2765,581,dotnet/skills,pr-malicious-scan.agent.md,2,0.0577,2730.0,dotnet/skills,devops-health-groom.md,23.67,0.0661,1406.0,dotnet/fsharp,labelops-pr-security-scan.md,23.06,0.0745,460.0,Azure/azure-sdk-for-js,sentinel.md,28.69,other_owner,0.0745
2766,581,dotnet/skills,pr-malicious-scan.agent.md,3,0.0577,2730.0,dotnet/skills,devops-health-groom.md,28.98,0.0661,1406.0,dotnet/fsharp,labelops-pr-security-scan.md,28.37,0.0745,460.0,Azure/azure-sdk-for-js,sentinel.md,34.0,other_owner,0.0745
2767,581,dotnet/skills,pr-malicious-scan.agent.md,4,0.0577,2730.0,dotnet/skills,devops-health-groom.md,29.58,0.0661,1406.0,dotnet/fsharp,labelops-pr-security-scan.md,28.97,0.0913,1033.0,baizhiheizi/quill,malicious-code-scan.md,0.44,other_owner,0.0913
2768,581,dotnet/skills,pr-malicious-scan.agent.md,5,0.0582,2715.0,dotnet/skills,devops-health-check.md,1.57,0.0661,1406.0,dotnet/fsharp,labelops-pr-security-scan.md,44.56,0.0913,132.0,microsoft/vstest,malicious-code-scan.md,6.44,other_owner,0.0913
2769,582,iamnbutler/gpui-unofficial,ci-fix.md,1,,,,,,,,,,,0.0697,2087.0,microsoft/wassette,release-doctor.md,151.07,other_owner,0.0697
2770,582,iamnbutler/gpui-unofficial,ci-fix.md,2,,,,,,,,,,,0.0697,2087.0,microsoft/wassette,release-doctor.md,151.09,other_owner,0.0697
2771,582,iamnbutler/gpui-unofficial,ci-fix.md,3,,,,,,,,,,,0.0718,2087.0,microsoft/wassette,release-doctor.md,165.6,other_owner,0.0718
2772,583,githubnext/autoloop,autoloop.md,1,,,,,,0.0549,2115.0,githubnext/agentics,import-workflow.md,44.34,0.1121,1645.0,fsprojects/FSharp.Data.SqlClient,repo-assist.md,26.26,other_owner,0.1121
2773,583,githubnext/autoloop,autoloop.md,2,,,,,,0.0552,2115.0,githubnext/agentics,import-workflow.md,44.8,0.1085,1645.0,fsprojects/FSharp.Data.SqlClient,repo-assist.md,26.72,other_owner,0.1085
2774,583,githubnext/autoloop,autoloop.md,3,,,,,,0.0556,2115.0,githubnext/agentics,import-workflow.md,45.28,0.1087,1645.0,fsprojects/FSharp.Data.SqlClient,repo-assist.md,27.2,other_owner,0.1087
2775,583,githubnext/autoloop,autoloop.md,4,,,,,,0.0556,2115.0,githubnext/agentics,import-workflow.md,64.01,0.1087,1645.0,fsprojects/FSharp.Data.SqlClient,repo-assist.md,45.93,other_owner,0.1087
2776,583,githubnext/autoloop,autoloop.md,5,,,,,,0.0539,2115.0,githubnext/agentics,import-workflow.md,64.01,0.1077,1645.0,fsprojects/FSharp.Data.SqlClient,repo-assist.md,45.94,other_owner,0.1077
2777,583,githubnext/autoloop,autoloop.md,6,,,,,,0.0539,2115.0,githubnext/agentics,import-workflow.md,64.1,0.1077,1645.0,fsprojects/FSharp.Data.SqlClient,repo-assist.md,46.02,other_owner,0.1077
2778,583,githubnext/autoloop,autoloop.md,7,,,,,,0.054,2115.0,githubnext/agentics,import-workflow.md,64.7,0.1077,1645.0,fsprojects/FSharp.Data.SqlClient,repo-assist.md,46.62,other_owner,0.1077
2779,583,githubnext/autoloop,autoloop.md,8,,,,,,0.054,2115.0,githubnext/agentics,import-workflow.md,66.7,0.1077,1645.0,fsprojects/FSharp.Data.SqlClient,repo-assist.md,48.62,other_owner,0.1077
2780,584,UbiHome/UbiHome,pr-documentation-check.md,1,,,,,,,,,,,0.1106,303.0,microsoft/pxt-arcade,documentation.md,157.16,other_owner,0.1106
2781,584,UbiHome/UbiHome,pr-documentation-check.md,2,,,,,,,,,,,0.1107,303.0,microsoft/pxt-arcade,documentation.md,164.11,other_owner,0.1107
2782,585,Azure/git-ape,daily-repo-status.md,1,,,,,,1.0,1195.0,Azure/LogicAppsUX,daily-repo-status.md,70.75,1.0,2.0,apache/cloudstack,daily-repo-status.md,77.79,same_owner,1.0
2783,585,Azure/git-ape,daily-repo-status.md,2,0.0272,2786.0,Azure/git-ape,issue-triage-agent.md,20.63,1.0,1195.0,Azure/LogicAppsUX,daily-repo-status.md,91.42,1.0,2.0,apache/cloudstack,daily-repo-status.md,98.45,same_owner,1.0
2784,586,Azure/git-ape,git-ape-workshop-content-updater.md,1,0.0256,2786.0,Azure/git-ape,issue-triage-agent.md,39.78,0.0447,1916.0,Azure/typespec-azure,docs-sync.md,108.33,0.0614,1489.0,fsprojects/fantomas,repo-assist.md,100.22,other_owner,0.0614
2785,586,Azure/git-ape,git-ape-workshop-content-updater.md,2,0.0256,2786.0,Azure/git-ape,issue-triage-agent.md,42.78,0.0483,1084.0,Azure/azure-dev,update-instructions-from-pr-reviews.md,0.39,0.0614,1489.0,fsprojects/fantomas,repo-assist.md,103.22,other_owner,0.0614
2786,587,Azure/git-ape,issue-triage-agent.md,1,0.0272,2782.0,Azure/git-ape,daily-repo-status.md,0.03,0.0818,200.0,Azure/azure-sdk-for-net,issue-triage.md,56.75,1.0,2442.0,natnew/Awesome-Data-Science,issue-triage-agent.md,77.05,other_owner,1.0
2787,587,Azure/git-ape,issue-triage-agent.md,2,0.0272,2782.0,Azure/git-ape,daily-repo-status.md,0.05,0.0818,200.0,Azure/azure-sdk-for-net,issue-triage.md,56.76,1.0,2442.0,natnew/Awesome-Data-Science,issue-triage-agent.md,77.07,other_owner,1.0
2788,587,Azure/git-ape,issue-triage-agent.md,3,0.0272,2782.0,Azure/git-ape,daily-repo-status.md,18.7,0.0818,200.0,Azure/azure-sdk-for-net,issue-triage.md,75.41,1.0,2442.0,natnew/Awesome-Data-Science,issue-triage-agent.md,95.72,other_owner,1.0
2789,588,Azure-Samples/octocat-supply,auto-analyze-failures.md,1,,,,,,,,,,,0.1092,1319.0,openvinotoolkit/openvino.genai,ci-doctor.md,8.37,other_owner,0.1092
2790,589,Azure-Samples/octocat-supply,daily-repo-activity-summary.md,1,,,,,,,,,,,0.1229,1300.0,stride3d/stride-community-toolkit,daily-activity-report.md,17.62,other_owner,0.1229
2791,590,microsoft/apm-action,apm-demo.md,1,,,,,,0.0397,2287.0,microsoft/apm,cli-consistency-checker.md,8.97,0.0417,2125.0,githubnext/agentics,maintainer.md,134.18,other_owner,0.0417
2792,591,DanWahlin/github-azure-agentic-journeys,journey-e2e-test.md,1,,,,,,,,,,,0.0427,390.0,Azure/azure-sdk-for-js,fix-test-failures.md,38.12,other_owner,0.0427
2793,591,DanWahlin/github-azure-agentic-journeys,journey-e2e-test.md,2,,,,,,,,,,,0.0432,1323.0,openvinotoolkit/openvino.genai,ci-doctor.md,4.38,other_owner,0.0432
2794,591,DanWahlin/github-azure-agentic-journeys,journey-e2e-test.md,3,,,,,,,,,,,0.0514,2523.0,PureWeen/PolyPilot,agent-fix.md,25.3,other_owner,0.0514
2795,591,DanWahlin/github-azure-agentic-journeys,journey-e2e-test.md,4,,,,,,,,,,,0.0514,2523.0,PureWeen/PolyPilot,agent-fix.md,25.32,other_owner,0.0514
2796,591,DanWahlin/github-azure-agentic-journeys,journey-e2e-test.md,5,,,,,,,,,,,0.0499,2523.0,PureWeen/PolyPilot,agent-fix.md,25.37,other_owner,0.0499
2797,591,DanWahlin/github-azure-agentic-journeys,journey-e2e-test.md,6,,,,,,,,,,,0.0505,2523.0,PureWeen/PolyPilot,agent-fix.md,25.43,other_owner,0.0505
2798,591,DanWahlin/github-azure-agentic-journeys,journey-e2e-test.md,7,,,,,,,,,,,0.0482,2523.0,PureWeen/PolyPilot,agent-fix.md,25.49,other_owner,0.0482
2799,592,oboapp/oboapp,ci-failure-fix.md,1,,,,,,,,,,,0.0842,1060.0,microsoft/security-devops-action,ci-doctor.md,32.04,other_owner,0.0842
2800,593,felipementel/GitHubCopilotDevDays-Curitiba-2026,hn-sentiment.md,1,0.1281,2803.0,felipementel/GitHubCopilotDevDays-Curitiba-2026,pull-request-opened.md,0.01,,,,,,0.0196,2395.0,navikt/copilot,news-excerpts.md,61.51,same_repo,0.1281
2801,594,felipementel/GitHubCopilotDevDays-Curitiba-2026,issue-open.md,1,0.1733,2803.0,felipementel/GitHubCopilotDevDays-Curitiba-2026,pull-request-opened.md,0.01,,,,,,0.0084,683.0,apolloconfig/apollo,issue-triage.md,88.26,same_repo,0.1733
2802,595,felipementel/GitHubCopilotDevDays-Curitiba-2026,pull-request-opened.md,1,,,,,,,,,,,0.057,2580.0,zircote/rlm-rs,daily-qa.md,81.7,other_owner,0.057
2803,595,felipementel/GitHubCopilotDevDays-Curitiba-2026,pull-request-opened.md,2,,,,,,,,,,,0.0106,294.0,dotnet/runtime,code-review.md,45.76,other_owner,0.0106
2804,596,fqfqgo/clash-verge-rev,pr-ai-slop-review.md,1,,,,,,,,,,,0.0586,1156.0,microsoft/vscode-mypy,issue-triage.md,13.99,other_owner,0.0586
2805,596,fqfqgo/clash-verge-rev,pr-ai-slop-review.md,2,,,,,,,,,,,1.0,1303.0,clash-verge-rev/clash-verge-rev,pr-ai-slop-review.md,5.93,other_owner,1.0
2806,596,fqfqgo/clash-verge-rev,pr-ai-slop-review.md,3,,,,,,,,,,,0.8442,1303.0,clash-verge-rev/clash-verge-rev,pr-ai-slop-review.md,8.83,other_owner,0.8442
2807,596,fqfqgo/clash-verge-rev,pr-ai-slop-review.md,4,,,,,,,,,,,1.0,1305.0,clash-verge-rev/clash-verge-rev,pr-ai-slop-review.md,18.82,other_owner,1.0
2808,596,fqfqgo/clash-verge-rev,pr-ai-slop-review.md,5,,,,,,,,,,,0.9268,1305.0,clash-verge-rev/clash-verge-rev,pr-ai-slop-review.md,26.09,other_owner,0.9268
2809,596,fqfqgo/clash-verge-rev,pr-ai-slop-review.md,6,,,,,,,,,,,0.9704,1307.0,clash-verge-rev/clash-verge-rev,pr-ai-slop-review.md,18.71,other_owner,0.9704
2810,597,microsoft/AI-Engineering-Coach,issue-triage.md,1,,,,,,0.2054,2083.0,microsoft/wassette,issue-triage.md,228.64,0.2278,242.0,taosdata/TDengine,issue-triage.md,103.35,other_owner,0.2278
2811,597,microsoft/AI-Engineering-Coach,issue-triage.md,2,,,,,,0.2054,2083.0,microsoft/wassette,issue-triage.md,231.52,0.2278,242.0,taosdata/TDengine,issue-triage.md,106.23,other_owner,0.2278
2812,597,microsoft/AI-Engineering-Coach,issue-triage.md,3,,,,,,0.2054,2083.0,microsoft/wassette,issue-triage.md,240.22,0.5264,1.0,apache/cloudstack,daily-issue-triage.md,1.59,other_owner,0.5264
2813,598,drasi-project/drasi-server,pr-correctness-reviewer.md,1,0.0514,2819.0,drasi-project/drasi-server,validate-yaml-snippets.md,140.73,,,,,,0.0834,2046.0,elastic/opentelemetry-collector-components,pr-review.md,111.6,other_owner,0.0834
2814,599,drasi-project/drasi-server,pr-design-reviewer.md,1,0.0508,2819.0,drasi-project/drasi-server,validate-yaml-snippets.md,140.73,,,,,,0.0889,2046.0,elastic/opentelemetry-collector-components,pr-review.md,111.6,other_owner,0.0889
2815,600,drasi-project/drasi-server,pr-docs-reviewer.md,1,0.0529,2819.0,drasi-project/drasi-server,validate-yaml-snippets.md,140.73,,,,,,0.096,2046.0,elastic/opentelemetry-collector-components,pr-review.md,111.6,other_owner,0.096
2816,601,drasi-project/drasi-server,pr-prior-art-reviewer.md,1,0.0463,2819.0,drasi-project/drasi-server,validate-yaml-snippets.md,140.73,,,,,,0.0823,2046.0,elastic/opentelemetry-collector-components,pr-review.md,111.6,other_owner,0.0823
2817,602,drasi-project/drasi-server,pr-security-reviewer.md,1,0.0533,2819.0,drasi-project/drasi-server,validate-yaml-snippets.md,140.73,,,,,,0.1041,460.0,Azure/azure-sdk-for-js,sentinel.md,29.95,other_owner,0.1041
2818,603,drasi-project/drasi-server,pr-testing-reviewer.md,1,0.0496,2819.0,drasi-project/drasi-server,validate-yaml-snippets.md,140.73,,,,,,0.097,475.0,Azure/azure-sdk-for-js,tester.md,29.95,other_owner,0.097
2819,604,drasi-project/drasi-server,validate-yaml-snippets.md,1,,,,,,,,,,,0.0481,2081.0,microsoft/wassette,ci-doctor.md,98.92,other_owner,0.0481
2820,604,drasi-project/drasi-server,validate-yaml-snippets.md,2,0.0519,2817.0,drasi-project/drasi-server,pr-security-reviewer.md,11.2,,,,,,0.0532,2199.0,kubestellar/docs,link-checker.md,36.59,other_owner,0.0532
