version_id,history_id,repo,filename,rank,committed_at,body_cos_first,stub,declared_source,change,body_cos_prev,days_since_prev,fm_keys_added,fm_keys_removed,source_changed
1,1,apache/cloudstack,daily-issue-triage.md,1,2026-06-17 18:15:03+00:00,1.0,False,githubnext/agentics/workflows/daily-issue-triage.md@d7c1dc4b72b00607a67caaffdcc216cb64379cf9,,,,,,
2,2,apache/cloudstack,daily-repo-status.md,1,2026-02-17 15:11:01+00:00,1.0,False,githubnext/agentics/workflows/daily-repo-status.md@eb7950f37d350af6fa09d19827c4883e72947221,,,,,,
3,2,apache/cloudstack,daily-repo-status.md,2,2026-02-18 08:35:17+00:00,1.0,False,githubnext/agentics/workflows/daily-repo-status.md@d19056381ba48cb1f7c78510c23069701fa7ae87,frontmatter only,1.0,0.73,,,True
4,2,apache/cloudstack,daily-repo-status.md,3,2026-05-29 09:15:49+00:00,0.9928,False,githubnext/agentics/workflows/repo-status.md@main,both,0.9928,100.03,,,True
5,2,apache/cloudstack,daily-repo-status.md,4,2026-06-17 18:15:03+00:00,0.9928,False,githubnext/agentics/workflows/repo-status.md@main,frontmatter only,1.0,19.37,engine,,False
6,3,brunoborges/fx2048,create-sample-issue.md,1,2026-02-09 22:57:17+00:00,1.0,False,,,,,,,
7,3,brunoborges/fx2048,create-sample-issue.md,2,2026-02-09 23:09:51+00:00,0.8656,False,,body only,0.8656,0.01,,,False
8,3,brunoborges/fx2048,create-sample-issue.md,3,2026-02-09 23:27:44+00:00,0.7964,False,,both,0.9199,0.01,,,False
9,4,vaadin/flow,doc-bot.md,1,2026-06-04 08:47:29+00:00,1.0,False,,,,,,,
10,4,vaadin/flow,doc-bot.md,2,2026-06-04 11:15:04+00:00,1.0,False,,frontmatter only,1.0,0.1,network,,False
11,5,Activiti/activiti-cloud,supply-chain-review.md,1,2026-05-29 14:47:20+00:00,1.0,False,Alfresco/alfresco-build-tools/.github/workflows/supply-chain-review.md@ccf3ddbc10205c171ca84ad88d9a05b1c60069b2,,,,,,
12,5,Activiti/activiti-cloud,supply-chain-review.md,2,2026-06-04 09:15:03+00:00,0.9974,False,Alfresco/alfresco-build-tools/.github/workflows/supply-chain-review.md@b2070730e7482fb8d2791e97d7b288fdf3b106ef,both,0.9974,5.77,,,True
13,5,Activiti/activiti-cloud,supply-chain-review.md,3,2026-06-11 10:25:36+00:00,0.9724,False,Alfresco/alfresco-build-tools/.github/workflows/supply-chain-review.md@52467f0241079de71fe14591f97bdec7555ab545,both,0.9749,7.05,,,True
14,6,duckduckgo/Android,android-maintenance-worker.md,1,2026-03-31 20:48:50+00:00,1.0,False,,,,,,,
15,6,duckduckgo/Android,android-maintenance-worker.md,2,2026-04-21 20:35:13+00:00,0.8528,False,,both,0.8528,20.99,mcp-scripts,,False
16,6,duckduckgo/Android,android-maintenance-worker.md,3,2026-04-29 14:12:46+00:00,0.7888,False,,both,0.9036,7.73,concurrency,,False
17,7,duckduckgo/Android,daily-repo-status.md,1,2026-03-04 08:35:31+00:00,1.0,False,githubnext/agentics/workflows/daily-repo-status.md@b466f28f0f65b68d6f2b10b15b44f51d787b93be,,,,,,
18,8,duckduckgo/Android,drift-audit.md,1,2026-06-16 20:42:59+00:00,1.0,False,,,,,,,
19,9,executeautomation/ExecuteAutomationWebApp,daily-repo-status.md,1,2026-03-03 02:01:05+00:00,1.0,False,githubnext/agentics/workflows/daily-repo-status.md@da02dddebe71d9a937665abdcd1f5214dab852a7,,,,,,
20,10,Dedac/Beam,fix-top-improvement.md,1,2026-04-22 14:47:40+00:00,1.0,False,,,,,,,
21,10,Dedac/Beam,fix-top-improvement.md,2,2026-04-22 15:31:15+00:00,0.9603,False,,both,0.9603,0.03,bots,,False
22,11,Dedac/Beam,weekly-improvements.md,1,2026-04-22 14:44:20+00:00,1.0,False,,,,,,,
23,12,mono/SkiaSharp,auto-skia-sync.md,1,2026-05-08 19:55:22+00:00,1.0,False,,,,,,,
24,12,mono/SkiaSharp,auto-skia-sync.md,2,2026-05-11 21:23:40+00:00,1.0,False,,frontmatter only,1.0,3.06,safe-outputs,,False
25,12,mono/SkiaSharp,auto-skia-sync.md,3,2026-05-15 09:06:22+00:00,0.9508,False,,both,0.9508,3.49,,,False
26,12,mono/SkiaSharp,auto-skia-sync.md,4,2026-05-20 17:18:19+00:00,0.9508,False,,frontmatter only,1.0,5.34,,,False
27,12,mono/SkiaSharp,auto-skia-sync.md,5,2026-05-20 21:12:27+00:00,0.9508,False,,frontmatter only,1.0,0.16,,,False
28,12,mono/SkiaSharp,auto-skia-sync.md,6,2026-06-25 23:26:02+00:00,0.6831,False,,both,0.7181,36.09,engine,,False
29,12,mono/SkiaSharp,auto-skia-sync.md,7,2026-06-26 18:13:59+00:00,0.6157,False,,both,0.9073,0.78,,,False
30,12,mono/SkiaSharp,auto-skia-sync.md,8,2026-06-26 21:41:56+00:00,0.6152,False,,body only,0.9983,0.14,,,False
31,13,mono/SkiaSharp,auto-triage.md,1,2026-04-21 00:24:36+00:00,1.0,False,,,,,,,
32,13,mono/SkiaSharp,auto-triage.md,2,2026-04-21 00:43:46+00:00,1.0,False,,frontmatter only,1.0,0.01,,,False
33,13,mono/SkiaSharp,auto-triage.md,3,2026-04-21 03:34:48+00:00,0.9608,False,,both,0.9608,0.12,if; jobs,,False
34,13,mono/SkiaSharp,auto-triage.md,4,2026-04-21 04:01:59+00:00,0.9608,False,,frontmatter only,1.0,0.02,,,False
35,13,mono/SkiaSharp,auto-triage.md,5,2026-04-21 17:28:34+00:00,0.789,False,,both,0.8284,0.56,steps,,False
36,13,mono/SkiaSharp,auto-triage.md,6,2026-04-24 03:58:47+00:00,0.7789,False,,body only,0.985,2.44,,,False
37,13,mono/SkiaSharp,auto-triage.md,7,2026-05-08 19:26:00+00:00,0.76,False,,both,0.8912,14.64,,,False
38,13,mono/SkiaSharp,auto-triage.md,8,2026-06-26 21:41:56+00:00,0.7529,False,,body only,0.9952,49.09,,,False
39,14,mono/SkiaSharp,update-release-notes.md,1,2026-04-28 02:39:23+00:00,1.0,False,,,,,,,
40,14,mono/SkiaSharp,update-release-notes.md,2,2026-04-28 13:09:20+00:00,0.9834,False,,body only,0.9834,0.44,,,False
41,14,mono/SkiaSharp,update-release-notes.md,3,2026-04-28 20:53:55+00:00,0.0927,False,,both,0.1375,0.32,,,False
42,14,mono/SkiaSharp,update-release-notes.md,4,2026-04-29 23:32:51+00:00,0.0927,False,,frontmatter only,1.0,1.11,,,False
43,14,mono/SkiaSharp,update-release-notes.md,5,2026-04-30 14:10:26+00:00,0.0927,False,,frontmatter only,1.0,0.61,,,False
44,14,mono/SkiaSharp,update-release-notes.md,6,2026-04-30 17:18:30+00:00,0.0927,False,,frontmatter only,1.0,0.13,,,False
45,14,mono/SkiaSharp,update-release-notes.md,7,2026-05-04 21:34:43+00:00,0.0927,False,,frontmatter only,1.0,4.18,,,False
46,14,mono/SkiaSharp,update-release-notes.md,8,2026-05-04 22:32:28+00:00,0.0927,False,,frontmatter only,1.0,0.04,,,False
47,14,mono/SkiaSharp,update-release-notes.md,9,2026-05-24 21:20:03+00:00,0.0856,False,,body only,0.7745,19.95,,,False
48,14,mono/SkiaSharp,update-release-notes.md,10,2026-06-16 17:25:02+00:00,0.0517,False,,both,0.1825,22.84,,,False
49,14,mono/SkiaSharp,update-release-notes.md,11,2026-06-18 14:47:55+00:00,0.1116,False,,both,0.2274,1.89,checkout; pre-agent-steps,,False
50,14,mono/SkiaSharp,update-release-notes.md,12,2026-06-18 17:50:13+00:00,0.107,False,,both,0.8356,0.13,jobs,,False
51,14,mono/SkiaSharp,update-release-notes.md,13,2026-06-22 20:07:50+00:00,0.1072,False,,both,0.9828,4.1,,,False
52,14,mono/SkiaSharp,update-release-notes.md,14,2026-06-23 16:46:51+00:00,0.0915,False,,both,0.7786,0.86,if,,False
53,14,mono/SkiaSharp,update-release-notes.md,15,2026-06-26 21:41:56+00:00,0.0912,False,,body only,0.9982,3.2,,,False
54,15,uxsoft/AppleWirelessKeyboard,repo-assist.md,1,2026-04-22 19:02:05+00:00,1.0,False,githubnext/agentics/workflows/repo-assist.md@51c8f6ad4357d2ecc06e47120031b3d75e80227d,,,,,,
55,16,dotnet/maui,agentic-labeler.md,1,2026-05-15 15:33:58+00:00,1.0,False,,,,,,,
56,16,dotnet/maui,agentic-labeler.md,2,2026-05-15 16:26:46+00:00,1.0,False,,frontmatter only,1.0,0.04,checkout,,False
57,16,dotnet/maui,agentic-labeler.md,3,2026-05-18 20:06:04+00:00,1.0,False,,frontmatter only,1.0,3.15,,checkout,False
58,16,dotnet/maui,agentic-labeler.md,4,2026-05-20 14:34:36+00:00,1.0,False,,frontmatter only,1.0,1.77,,,False
59,16,dotnet/maui,agentic-labeler.md,5,2026-05-21 21:57:13+00:00,0.9701,False,,both,0.9701,1.31,,,False
60,16,dotnet/maui,agentic-labeler.md,6,2026-06-17 20:38:43+00:00,0.9701,False,,frontmatter only,1.0,26.95,environment,,False
61,17,dotnet/maui,ci-status-fix-net11.md,1,2026-06-23 14:21:08+00:00,1.0,False,,,,,,,
62,18,dotnet/maui,ci-status-fix.md,1,2026-06-23 14:21:08+00:00,1.0,False,,,,,,,
63,19,dotnet/maui,ci-status-main.md,1,2026-06-08 19:52:50+00:00,1.0,False,,,,,,,
64,19,dotnet/maui,ci-status-main.md,2,2026-06-09 18:54:16+00:00,1.0,False,,frontmatter only,1.0,0.96,max-effective-tokens,,False
65,19,dotnet/maui,ci-status-main.md,3,2026-06-17 20:00:11+00:00,1.0,False,,frontmatter only,1.0,8.05,environment; max-ai-credits,max-effective-tokens,False
66,19,dotnet/maui,ci-status-main.md,4,2026-06-23 14:21:08+00:00,0.8341,False,,body only,0.8341,5.76,,,False
67,19,dotnet/maui,ci-status-main.md,5,2026-06-25 16:27:53+00:00,0.6994,False,,both,0.8977,2.09,,,False
68,20,dotnet/maui,ci-status-net11.md,1,2026-06-08 19:52:50+00:00,1.0,False,,,,,,,
69,20,dotnet/maui,ci-status-net11.md,2,2026-06-09 18:54:16+00:00,1.0,False,,frontmatter only,1.0,0.96,max-effective-tokens,,False
70,20,dotnet/maui,ci-status-net11.md,3,2026-06-17 20:00:11+00:00,1.0,False,,frontmatter only,1.0,8.05,environment; max-ai-credits,max-effective-tokens,False
71,20,dotnet/maui,ci-status-net11.md,4,2026-06-23 14:21:08+00:00,0.8359,False,,body only,0.8359,5.76,,,False
72,20,dotnet/maui,ci-status-net11.md,5,2026-06-25 16:27:53+00:00,0.7049,False,,both,0.8998,2.09,,,False
73,21,dotnet/maui,copilot-evaluate-tests.md,1,2026-03-25 14:44:35+00:00,1.0,False,,,,,,,
74,21,dotnet/maui,copilot-evaluate-tests.md,2,2026-03-25 21:05:33+00:00,1.0,False,,frontmatter only,1.0,0.26,,,False
75,21,dotnet/maui,copilot-evaluate-tests.md,3,2026-04-15 17:21:02+00:00,0.7727,False,,both,0.7727,20.84,labels,,False
76,21,dotnet/maui,copilot-evaluate-tests.md,4,2026-04-30 13:44:37+00:00,0.7404,False,,both,0.9712,14.85,,,False
77,21,dotnet/maui,copilot-evaluate-tests.md,5,2026-06-17 20:00:11+00:00,0.7404,False,,frontmatter only,1.0,48.26,,,False
78,21,dotnet/maui,copilot-evaluate-tests.md,6,2026-06-17 20:38:43+00:00,0.7404,False,,frontmatter only,1.0,0.03,environment,,False
79,22,dotnet/maui,copilot-review-tests.md,1,2026-06-08 21:58:57+00:00,1.0,False,,,,,,,
80,22,dotnet/maui,copilot-review-tests.md,2,2026-06-09 18:54:46+00:00,0.9544,False,,both,0.9544,0.87,,,False
81,22,dotnet/maui,copilot-review-tests.md,3,2026-06-10 21:40:36+00:00,0.8164,False,,body only,0.8472,1.12,,,False
82,22,dotnet/maui,copilot-review-tests.md,4,2026-06-17 20:38:43+00:00,0.8164,False,,frontmatter only,1.0,6.96,environment,,False
83,22,dotnet/maui,copilot-review-tests.md,5,2026-06-18 14:45:10+00:00,0.8164,False,,frontmatter only,1.0,0.75,,,False
84,22,dotnet/maui,copilot-review-tests.md,6,2026-06-19 19:46:15+00:00,0.8164,False,,frontmatter only,1.0,1.21,,,False
85,22,dotnet/maui,copilot-review-tests.md,7,2026-06-25 16:27:53+00:00,0.4546,False,,body only,0.5545,5.86,,,False
86,23,dotnet/maui,daily-repo-status.md,1,2026-02-13 16:15:34+00:00,1.0,False,githubnext/agentics/workflows/daily-repo-status.md@69b5e3ae5fa7f35fa555b0a22aee14c36ab57ebb,,,,,,
87,23,dotnet/maui,daily-repo-status.md,2,2026-02-18 13:07:52+00:00,1.0,False,githubnext/agentics/workflows/daily-repo-status.md@69b5e3ae5fa7f35fa555b0a22aee14c36ab57ebb,frontmatter only,1.0,4.87,,,False
88,23,dotnet/maui,daily-repo-status.md,3,2026-06-17 20:00:11+00:00,1.0,False,githubnext/agentics/workflows/daily-repo-status.md@69b5e3ae5fa7f35fa555b0a22aee14c36ab57ebb,frontmatter only,1.0,119.29,environment,,False
89,24,dotnet/maui,rerun-review-scanner.md,1,2026-06-08 21:10:53+00:00,1.0,False,,,,,,,
90,24,dotnet/maui,rerun-review-scanner.md,2,2026-06-15 20:46:44+00:00,0.9875,False,,both,0.9875,6.98,jobs,steps,False
91,24,dotnet/maui,rerun-review-scanner.md,3,2026-06-17 20:00:11+00:00,0.9875,False,,frontmatter only,1.0,1.97,environment,,False
92,24,dotnet/maui,rerun-review-scanner.md,4,2026-06-22 15:00:50+00:00,0.9157,False,,both,0.9273,4.79,,,False
93,24,dotnet/maui,rerun-review-scanner.md,5,2026-06-25 15:39:22+00:00,0.5142,False,,both,0.6016,3.03,,,False
94,25,dotnet/machinelearning,ci-scan-feedback.agent.md,1,2026-06-08 07:52:26+00:00,1.0,False,,,,,,,
95,25,dotnet/machinelearning,ci-scan-feedback.agent.md,2,2026-06-09 09:31:33+00:00,1.0,False,,frontmatter only,1.0,1.07,,,False
96,26,dotnet/machinelearning,ci-scan.agent.md,1,2026-06-08 07:52:26+00:00,1.0,False,,,,,,,
97,27,dotnet/machinelearning,issue-triage.agent.md,1,2026-03-20 19:22:44+00:00,1.0,False,,,,,,,
98,28,dotnet/machinelearning,repo-health-check.md,1,2026-03-06 19:18:46+00:00,1.0,False,,,,,,,
99,28,dotnet/machinelearning,repo-health-check.md,2,2026-03-10 11:24:47+00:00,1.0,False,,frontmatter only,1.0,3.67,,,False
100,29,dotnet/machinelearning,repo-health-groom.md,1,2026-03-06 19:18:46+00:00,1.0,False,,,,,,,
101,29,dotnet/machinelearning,repo-health-groom.md,2,2026-03-10 11:24:47+00:00,1.0,False,,frontmatter only,1.0,3.67,,,False
102,30,dotnet/machinelearning,repo-health-investigate.md,1,2026-03-06 19:18:46+00:00,1.0,False,,,,,,,
103,30,dotnet/machinelearning,repo-health-investigate.md,2,2026-03-10 11:24:47+00:00,1.0,False,,frontmatter only,1.0,3.67,,,False
104,31,npgsql/efcore.pg,sync-to-latest-ef.md,1,2026-02-16 09:27:59+00:00,1.0,False,,,,,,,
105,31,npgsql/efcore.pg,sync-to-latest-ef.md,2,2026-03-05 09:50:15+00:00,0.9727,False,,body only,0.9727,17.02,,,False
106,31,npgsql/efcore.pg,sync-to-latest-ef.md,3,2026-03-26 10:16:08+00:00,0.2558,True,,body only,0.2505,21.02,,,False
107,32,microsoft/vstest,build-failure-analysis-command.md,1,2026-06-19 12:08:15+00:00,1.0,True,,,,,,,
108,33,microsoft/vstest,build-failure-analysis.md,1,2026-06-19 12:08:15+00:00,1.0,False,,,,,,,
109,34,microsoft/vstest,code-simplifier.md,1,2026-06-19 12:08:15+00:00,1.0,False,,,,,,,
110,35,microsoft/vstest,daily-file-diet.md,1,2026-06-19 12:08:15+00:00,1.0,False,,,,,,,
111,36,microsoft/vstest,daily-qa.md,1,2026-05-12 10:14:48+00:00,1.0,False,,,,,,,
112,36,microsoft/vstest,daily-qa.md,2,2026-05-12 11:09:52+00:00,1.0,False,,frontmatter only,1.0,0.04,,,False
113,36,microsoft/vstest,daily-qa.md,3,2026-05-13 09:41:03+00:00,0.9767,False,,both,0.9767,0.94,,,False
114,36,microsoft/vstest,daily-qa.md,4,2026-05-13 12:45:32+00:00,0.9329,False,,body only,0.955,0.13,,,False
115,36,microsoft/vstest,daily-qa.md,5,2026-05-14 08:26:54+00:00,0.8832,False,,body only,0.9229,0.82,,,False
116,36,microsoft/vstest,daily-qa.md,6,2026-05-14 08:35:21+00:00,0.8832,False,,frontmatter only,1.0,0.01,,,False
117,36,microsoft/vstest,daily-qa.md,7,2026-05-18 08:39:31+00:00,0.8515,False,,body only,0.9644,4.0,,,False
118,37,microsoft/vstest,efficiency-improver.md,1,2026-06-19 12:08:15+00:00,1.0,False,,,,,,,
119,38,microsoft/vstest,http-link-checker.md,1,2026-06-10 13:26:11+00:00,1.0,False,,,,,,,
120,38,microsoft/vstest,http-link-checker.md,2,2026-06-12 11:31:28+00:00,1.0,False,,frontmatter only,1.0,1.92,,,False
121,39,microsoft/vstest,issue-repro-triage.md,1,2026-05-12 10:14:48+00:00,1.0,False,,,,,,,
122,39,microsoft/vstest,issue-repro-triage.md,2,2026-05-12 15:02:20+00:00,0.9512,False,,both,0.9512,0.2,,,False
123,39,microsoft/vstest,issue-repro-triage.md,3,2026-05-13 09:41:03+00:00,0.9646,False,,body only,0.9292,0.78,,,False
124,39,microsoft/vstest,issue-repro-triage.md,4,2026-05-13 12:45:32+00:00,0.8871,False,,body only,0.9203,0.13,,,False
125,39,microsoft/vstest,issue-repro-triage.md,5,2026-05-13 14:42:46+00:00,0.8871,False,,frontmatter only,1.0,0.08,,,False
126,39,microsoft/vstest,issue-repro-triage.md,6,2026-05-14 08:26:54+00:00,0.8114,False,,both,0.8717,0.74,,,False
127,39,microsoft/vstest,issue-repro-triage.md,7,2026-05-14 11:12:11+00:00,0.8114,False,,frontmatter only,1.0,0.11,,,False
128,39,microsoft/vstest,issue-repro-triage.md,8,2026-05-15 07:28:18+00:00,0.7547,False,,body only,0.928,0.84,,,False
129,39,microsoft/vstest,issue-repro-triage.md,9,2026-05-18 08:35:30+00:00,0.7885,False,,both,0.9462,3.05,,,False
130,39,microsoft/vstest,issue-repro-triage.md,10,2026-05-18 08:39:31+00:00,0.7604,False,,body only,0.9657,0.0,,,False
131,39,microsoft/vstest,issue-repro-triage.md,11,2026-05-18 09:19:29+00:00,0.6369,False,,body only,0.8413,0.03,,,False
132,40,microsoft/vstest,malicious-code-scan.md,1,2026-06-19 12:08:15+00:00,1.0,False,,,,,,,
133,41,microsoft/vstest,markdown-linter.md,1,2026-06-19 12:08:15+00:00,1.0,False,,,,,,,
134,42,microsoft/vstest,md-link-checker.md,1,2026-06-10 13:26:11+00:00,1.0,False,,,,,,,
135,42,microsoft/vstest,md-link-checker.md,2,2026-06-10 18:34:35+00:00,1.0,False,,frontmatter only,1.0,0.21,,,False
136,42,microsoft/vstest,md-link-checker.md,3,2026-06-19 13:54:17+00:00,0.7377,False,,both,0.7377,8.81,,,False
137,43,microsoft/vstest,msbuild-quality-review.md,1,2026-06-19 12:08:15+00:00,1.0,True,,,,,,,
138,44,microsoft/vstest,pr-expert-reviewer.md,1,2026-05-12 10:14:48+00:00,1.0,False,,,,,,,
139,44,microsoft/vstest,pr-expert-reviewer.md,2,2026-05-12 11:09:52+00:00,1.0,False,,frontmatter only,1.0,0.04,,,False
140,44,microsoft/vstest,pr-expert-reviewer.md,3,2026-05-14 08:26:54+00:00,0.9917,False,,body only,0.9917,1.89,,,False
141,44,microsoft/vstest,pr-expert-reviewer.md,4,2026-05-14 10:54:06+00:00,0.8094,False,,body only,0.8041,0.1,,,False
142,44,microsoft/vstest,pr-expert-reviewer.md,5,2026-05-18 08:39:31+00:00,0.783,False,,both,0.9612,3.91,,,False
143,44,microsoft/vstest,pr-expert-reviewer.md,6,2026-05-25 15:15:19+00:00,0.7615,False,,both,0.9628,7.27,,,False
144,45,microsoft/vstest,pr-iteration.md,1,2026-05-12 15:02:20+00:00,1.0,False,,,,,,,
145,45,microsoft/vstest,pr-iteration.md,2,2026-05-13 07:55:56+00:00,1.0,False,,frontmatter only,1.0,0.7,,,False
146,45,microsoft/vstest,pr-iteration.md,3,2026-05-13 09:41:03+00:00,0.8988,False,,body only,0.8988,0.07,,,False
147,45,microsoft/vstest,pr-iteration.md,4,2026-05-13 10:44:19+00:00,0.8988,False,,frontmatter only,1.0,0.04,,,False
148,45,microsoft/vstest,pr-iteration.md,5,2026-05-14 08:26:54+00:00,0.8657,False,,body only,0.9623,0.9,,,False
149,45,microsoft/vstest,pr-iteration.md,6,2026-05-14 08:35:21+00:00,0.8545,False,,body only,0.972,0.01,,,False
150,45,microsoft/vstest,pr-iteration.md,7,2026-05-14 11:25:49+00:00,0.8112,False,,body only,0.9464,0.12,,,False
151,45,microsoft/vstest,pr-iteration.md,8,2026-05-14 11:32:44+00:00,0.7987,False,,body only,0.9864,0.0,,,False
152,45,microsoft/vstest,pr-iteration.md,9,2026-05-18 08:39:31+00:00,0.7615,False,,body only,0.9496,3.88,,,False
153,46,microsoft/vstest,repository-quality-improver.md,1,2026-06-19 12:08:15+00:00,1.0,False,,,,,,,
154,47,dotnet/SqlClient,issue-triage.md,1,2026-05-12 21:12:23+00:00,1.0,False,,,,,,,
155,47,dotnet/SqlClient,issue-triage.md,2,2026-05-13 07:21:37+00:00,0.9788,False,,both,0.9788,0.42,,,False
156,47,dotnet/SqlClient,issue-triage.md,3,2026-05-19 07:46:56+00:00,0.9119,False,,both,0.9317,6.02,,,False
157,47,dotnet/SqlClient,issue-triage.md,4,2026-06-11 07:53:35+00:00,0.5842,False,,both,0.6304,23.0,if,,False
158,47,dotnet/SqlClient,issue-triage.md,5,2026-06-15 17:21:09+00:00,0.5842,False,,frontmatter only,1.0,4.39,environment,,False
159,48,Shazwazza/Articulate,efficiency-improver.md,1,2026-05-25 19:05:39+00:00,1.0,False,githubnext/agentics/workflows/efficiency-improver.md@dcdf09723d42ef9b6c75335e4612fd145d4ccdaa,,,,,,
160,48,Shazwazza/Articulate,efficiency-improver.md,2,2026-06-01 15:38:06+00:00,1.0,False,githubnext/agentics/workflows/efficiency-improver.md@dcdf09723d42ef9b6c75335e4612fd145d4ccdaa,frontmatter only,1.0,6.86,,,False
161,49,dotnet/msbuild,close-stale-prs.agent.md,1,2026-03-17 11:02:00+00:00,1.0,False,,,,,,,
162,49,dotnet/msbuild,close-stale-prs.agent.md,2,2026-03-17 12:51:25+00:00,0.4176,False,,both,0.4176,0.08,,,False
163,49,dotnet/msbuild,close-stale-prs.agent.md,3,2026-04-07 10:33:45+00:00,0.4176,False,,frontmatter only,1.0,20.9,engine; jobs,,False
164,49,dotnet/msbuild,close-stale-prs.agent.md,4,2026-06-02 13:27:13+00:00,0.4176,False,,frontmatter only,1.0,56.12,,jobs,False
165,49,dotnet/msbuild,close-stale-prs.agent.md,5,2026-06-10 09:02:03+00:00,0.4176,False,,frontmatter only,1.0,7.82,imports,,False
166,49,dotnet/msbuild,close-stale-prs.agent.md,6,2026-06-25 10:58:39+00:00,0.4176,False,,frontmatter only,1.0,15.08,environment; if,,False
167,50,dotnet/msbuild,flaky-test-detector.agent.md,1,2026-06-02 10:25:29+00:00,1.0,False,,,,,,,
168,50,dotnet/msbuild,flaky-test-detector.agent.md,2,2026-06-02 13:27:13+00:00,0.9848,False,,both,0.9848,0.13,,jobs,False
169,50,dotnet/msbuild,flaky-test-detector.agent.md,3,2026-06-03 09:51:05+00:00,0.9662,False,,body only,0.9811,0.85,,,False
170,50,dotnet/msbuild,flaky-test-detector.agent.md,4,2026-06-03 11:53:24+00:00,0.9008,False,,both,0.9334,0.08,,,False
171,50,dotnet/msbuild,flaky-test-detector.agent.md,5,2026-06-05 12:02:21+00:00,0.6331,False,,both,0.761,2.01,,,False
172,50,dotnet/msbuild,flaky-test-detector.agent.md,6,2026-06-05 13:26:06+00:00,0.6209,False,,both,0.9813,0.06,,,False
173,50,dotnet/msbuild,flaky-test-detector.agent.md,7,2026-06-05 15:53:42+00:00,0.5886,False,,body only,0.9465,0.1,,,False
174,50,dotnet/msbuild,flaky-test-detector.agent.md,8,2026-06-09 17:48:58+00:00,0.5857,False,,body only,0.9958,4.08,,,False
175,50,dotnet/msbuild,flaky-test-detector.agent.md,9,2026-06-10 09:02:03+00:00,0.5857,False,,frontmatter only,1.0,0.63,imports,,False
176,50,dotnet/msbuild,flaky-test-detector.agent.md,10,2026-06-25 10:58:39+00:00,0.5857,False,,frontmatter only,1.0,15.08,environment; if,,False
177,51,dotnet/msbuild,flaky-test-fixer.agent.md,1,2026-06-05 12:02:21+00:00,1.0,False,,,,,,,
178,51,dotnet/msbuild,flaky-test-fixer.agent.md,2,2026-06-05 13:26:06+00:00,0.9944,False,,both,0.9944,0.06,,,False
179,51,dotnet/msbuild,flaky-test-fixer.agent.md,3,2026-06-05 15:53:42+00:00,0.9481,False,,body only,0.9534,0.1,,,False
180,51,dotnet/msbuild,flaky-test-fixer.agent.md,4,2026-06-10 09:02:03+00:00,0.9481,False,,frontmatter only,1.0,4.71,imports,,False
181,51,dotnet/msbuild,flaky-test-fixer.agent.md,5,2026-06-25 10:58:39+00:00,0.9481,False,,frontmatter only,1.0,15.08,environment; if,,False
182,52,dotnet/msbuild,review-on-open.agent.md,1,2026-04-08 10:47:10+00:00,1.0,True,,,,,,,
183,52,dotnet/msbuild,review-on-open.agent.md,2,2026-04-08 12:10:12+00:00,1.0,True,,frontmatter only,1.0,0.06,engine; if; jobs,,False
184,52,dotnet/msbuild,review-on-open.agent.md,3,2026-04-09 05:28:36+00:00,1.0,True,,frontmatter only,1.0,0.72,,,False
185,52,dotnet/msbuild,review-on-open.agent.md,4,2026-04-09 05:58:07+00:00,1.0,True,,frontmatter only,1.0,0.02,,,False
186,52,dotnet/msbuild,review-on-open.agent.md,5,2026-04-09 07:35:02+00:00,1.0,True,,frontmatter only,1.0,0.07,,,False
187,52,dotnet/msbuild,review-on-open.agent.md,6,2026-06-02 13:15:42+00:00,1.0,True,,frontmatter only,1.0,54.24,checkout,,False
188,52,dotnet/msbuild,review-on-open.agent.md,7,2026-06-02 13:21:30+00:00,1.0,True,,frontmatter only,1.0,0.0,,,False
189,52,dotnet/msbuild,review-on-open.agent.md,8,2026-06-02 13:27:13+00:00,1.0,True,,frontmatter only,1.0,0.0,,checkout; jobs,False
190,52,dotnet/msbuild,review-on-open.agent.md,9,2026-06-02 13:28:34+00:00,1.0,True,,frontmatter only,1.0,0.0,checkout,,False
191,52,dotnet/msbuild,review-on-open.agent.md,10,2026-06-10 09:02:03+00:00,1.0,True,,frontmatter only,1.0,7.81,,,False
192,52,dotnet/msbuild,review-on-open.agent.md,11,2026-06-10 11:44:44+00:00,1.0,True,,frontmatter only,1.0,0.11,,,False
193,52,dotnet/msbuild,review-on-open.agent.md,12,2026-06-25 10:58:39+00:00,1.0,True,,frontmatter only,1.0,14.97,environment,,False
194,53,dotnet/msbuild,review.agent.md,1,2026-04-08 10:47:10+00:00,1.0,True,,,,,,,
195,53,dotnet/msbuild,review.agent.md,2,2026-04-08 12:10:12+00:00,1.0,True,,frontmatter only,1.0,0.06,engine; jobs,,False
196,53,dotnet/msbuild,review.agent.md,3,2026-04-09 05:28:36+00:00,1.0,True,,frontmatter only,1.0,0.72,,,False
197,53,dotnet/msbuild,review.agent.md,4,2026-06-02 13:27:13+00:00,1.0,True,,frontmatter only,1.0,54.33,,jobs,False
198,53,dotnet/msbuild,review.agent.md,5,2026-06-10 09:02:03+00:00,1.0,True,,frontmatter only,1.0,7.82,,,False
199,53,dotnet/msbuild,review.agent.md,6,2026-06-25 10:58:39+00:00,1.0,True,,frontmatter only,1.0,15.08,environment,,False
200,54,Azure/azure-sdk-for-net,issue-triage.md,1,2026-03-10 16:56:29+00:00,1.0,False,,,,,,,
201,54,Azure/azure-sdk-for-net,issue-triage.md,2,2026-03-13 20:40:02+00:00,0.216,False,,both,0.216,3.16,,,False
202,54,Azure/azure-sdk-for-net,issue-triage.md,3,2026-03-16 19:08:49+00:00,0.218,False,,both,0.9538,2.94,,,False
203,54,Azure/azure-sdk-for-net,issue-triage.md,4,2026-03-17 23:12:41+00:00,0.2195,False,,both,0.9504,1.17,,,False
204,54,Azure/azure-sdk-for-net,issue-triage.md,5,2026-03-21 01:06:52+00:00,0.2231,False,,both,0.9126,3.08,,,False
205,54,Azure/azure-sdk-for-net,issue-triage.md,6,2026-03-23 21:54:00+00:00,0.2215,False,,both,0.9855,2.87,,,False
206,54,Azure/azure-sdk-for-net,issue-triage.md,7,2026-03-24 23:59:11+00:00,0.2201,False,,both,0.9791,1.09,,,False
207,54,Azure/azure-sdk-for-net,issue-triage.md,8,2026-03-25 18:45:31+00:00,0.2182,False,,both,0.9843,0.78,,,False
208,54,Azure/azure-sdk-for-net,issue-triage.md,9,2026-04-02 16:45:32+00:00,0.1924,False,,both,0.9481,7.92,,,False
209,54,Azure/azure-sdk-for-net,issue-triage.md,10,2026-04-03 23:29:47+00:00,0.1831,False,,both,0.9272,1.28,,,False
210,54,Azure/azure-sdk-for-net,issue-triage.md,11,2026-04-04 19:49:07+00:00,0.183,False,,both,0.9926,0.85,,,False
211,54,Azure/azure-sdk-for-net,issue-triage.md,12,2026-04-06 20:00:43+00:00,0.1827,False,,body only,0.9956,2.01,,,False
212,54,Azure/azure-sdk-for-net,issue-triage.md,13,2026-04-06 23:46:24+00:00,0.1849,False,,both,0.9677,0.16,,,False
213,54,Azure/azure-sdk-for-net,issue-triage.md,14,2026-04-08 16:34:34+00:00,0.183,False,,body only,0.9847,1.7,,,False
214,54,Azure/azure-sdk-for-net,issue-triage.md,15,2026-04-13 17:30:14+00:00,0.1823,False,,both,0.9934,5.04,,,False
215,54,Azure/azure-sdk-for-net,issue-triage.md,16,2026-04-18 00:28:59+00:00,0.1754,False,,body only,0.9509,4.29,,,False
216,54,Azure/azure-sdk-for-net,issue-triage.md,17,2026-04-21 23:42:38+00:00,0.1831,False,,both,0.977,3.97,,,False
217,54,Azure/azure-sdk-for-net,issue-triage.md,18,2026-04-23 18:50:22+00:00,0.1831,False,,frontmatter only,1.0,1.8,,,False
218,54,Azure/azure-sdk-for-net,issue-triage.md,19,2026-06-25 22:02:51+00:00,0.1831,False,,frontmatter only,1.0,63.13,,,False
219,54,Azure/azure-sdk-for-net,issue-triage.md,20,2026-06-26 21:59:51+00:00,0.1831,False,,frontmatter only,1.0,1.0,,,False
220,55,Azure/azure-sdk-for-net,mgmt-review.md,1,2026-05-27 03:38:03+00:00,1.0,False,,,,,,,
221,55,Azure/azure-sdk-for-net,mgmt-review.md,2,2026-05-29 04:04:36+00:00,0.9118,False,,both,0.9118,2.02,,,False
222,55,Azure/azure-sdk-for-net,mgmt-review.md,3,2026-06-02 07:00:42+00:00,0.8827,False,,both,0.9685,4.12,,,False
223,55,Azure/azure-sdk-for-net,mgmt-review.md,4,2026-06-04 03:01:36+00:00,0.8159,False,,body only,0.9231,1.83,,,False
224,55,Azure/azure-sdk-for-net,mgmt-review.md,5,2026-06-11 06:09:32+00:00,0.7505,False,,body only,0.895,7.13,,,False
225,55,Azure/azure-sdk-for-net,mgmt-review.md,6,2026-06-11 07:14:07+00:00,0.7322,False,,body only,0.9739,0.04,,,False
226,55,Azure/azure-sdk-for-net,mgmt-review.md,7,2026-06-25 22:24:15+00:00,0.7322,False,,frontmatter only,1.0,14.63,,,False
227,55,Azure/azure-sdk-for-net,mgmt-review.md,8,2026-06-26 21:59:51+00:00,0.7322,False,,frontmatter only,1.0,0.98,,,False
228,56,OpenMS/OpenMS,changelog-sync.md,1,2026-03-16 14:33:14+00:00,1.0,False,,,,,,,
229,57,OpenMS/OpenMS,doc-sync.md,1,2026-03-04 10:15:43+00:00,1.0,False,,,,,,,
230,57,OpenMS/OpenMS,doc-sync.md,2,2026-03-06 07:56:50+00:00,0.9897,False,,body only,0.9897,1.9,,,False
231,57,OpenMS/OpenMS,doc-sync.md,3,2026-03-06 12:31:18+00:00,0.9897,False,,frontmatter only,1.0,0.19,,,False
232,57,OpenMS/OpenMS,doc-sync.md,4,2026-03-09 12:06:12+00:00,0.9897,False,,frontmatter only,1.0,2.98,,,False
233,58,ReactiveX/RxPY,repo-assist.md,1,2026-04-17 15:48:15+00:00,1.0,False,,,,,,,
234,58,ReactiveX/RxPY,repo-assist.md,2,2026-05-09 09:16:47+00:00,1.0,False,,frontmatter only,1.0,21.73,,,False
235,59,pulumi/pulumi-vsphere,gh-aw-pr-rereview.md,1,2026-05-12 07:24:45+00:00,1.0,True,pulumi-labs/gh-aw-internal/.github/workflows/gh-aw-pr-rereview.md@8a92f53fac170563f7727cacab2dbedb5d5b9e29,,,,,,
236,60,pulumi/pulumi-vsphere,gh-aw-pr-review.md,1,2026-05-12 07:24:45+00:00,1.0,True,pulumi-labs/gh-aw-internal/.github/workflows/gh-aw-pr-review.md@8a92f53fac170563f7727cacab2dbedb5d5b9e29,,,,,,
237,61,pulumi/pulumi-openstack,gh-aw-pr-rereview.md,1,2026-05-12 07:03:29+00:00,1.0,True,pulumi-labs/gh-aw-internal/.github/workflows/gh-aw-pr-rereview.md@8a92f53fac170563f7727cacab2dbedb5d5b9e29,,,,,,
238,62,pulumi/pulumi-openstack,gh-aw-pr-review.md,1,2026-05-12 07:03:29+00:00,1.0,True,pulumi-labs/gh-aw-internal/.github/workflows/gh-aw-pr-review.md@8a92f53fac170563f7727cacab2dbedb5d5b9e29,,,,,,
239,63,pulumi/pulumi-eks,gh-aw-pr-rereview.md,1,2026-05-13 07:51:09+00:00,1.0,True,pulumi-labs/gh-aw-internal/.github/workflows/gh-aw-pr-rereview.md@8a92f53fac170563f7727cacab2dbedb5d5b9e29,,,,,,
240,64,pulumi/pulumi-eks,gh-aw-pr-review.md,1,2026-05-13 07:51:09+00:00,1.0,True,pulumi-labs/gh-aw-internal/.github/workflows/gh-aw-pr-review.md@8a92f53fac170563f7727cacab2dbedb5d5b9e29,,,,,,
241,65,Azure/azure-sdk-for-python,doc-consistency-check.md,1,2026-04-27 23:39:28+00:00,1.0,False,,,,,,,
242,66,taosdata/TDengine,issue-triage.md,1,2026-02-24 10:10:48+00:00,1.0,False,githubnext/agentics/workflows/issue-triage.md@b0e9cfd3a20372ce7fe0462bb7bbca2272df4a88,,,,,,
243,66,taosdata/TDengine,issue-triage.md,2,2026-02-24 10:14:27+00:00,1.0,False,githubnext/agentics/workflows/issue-triage.md@b0e9cfd3a20372ce7fe0462bb7bbca2272df4a88,no change,1.0,0.0,,,False
244,67,taosdata/TDengine,weekly-report.md,1,2026-03-08 06:59:17+00:00,1.0,False,,,,,,,
245,68,openvinotoolkit/openvino,ci-doctor-mq.md,1,2026-05-19 13:49:39+00:00,1.0,False,githubnext/agentics/workflows/ci-doctor.md@0aa94a6e40aeaf131118476bc6a07e55c4ceb147,,,,,,
246,68,openvinotoolkit/openvino,ci-doctor-mq.md,2,2026-06-05 12:00:44+00:00,1.0,False,githubnext/agentics/workflows/ci-doctor.md@0aa94a6e40aeaf131118476bc6a07e55c4ceb147,frontmatter only,1.0,16.92,,,False
247,68,openvinotoolkit/openvino,ci-doctor-mq.md,3,2026-06-09 14:17:12+00:00,1.0,False,githubnext/agentics/workflows/ci-doctor.md@0aa94a6e40aeaf131118476bc6a07e55c4ceb147,frontmatter only,1.0,4.09,engine,,False
248,68,openvinotoolkit/openvino,ci-doctor-mq.md,4,2026-06-10 12:48:55+00:00,0.9651,False,,both,0.9651,0.94,,source,True
249,68,openvinotoolkit/openvino,ci-doctor-mq.md,5,2026-06-12 06:38:02+00:00,0.9577,False,,both,0.9927,1.74,concurrency,rate-limit,False
250,68,openvinotoolkit/openvino,ci-doctor-mq.md,6,2026-06-17 10:39:19+00:00,0.9163,False,,both,0.9542,5.17,,,False
251,68,openvinotoolkit/openvino,ci-doctor-mq.md,7,2026-06-19 10:43:34+00:00,0.9163,False,,frontmatter only,1.0,2.0,,,False
252,68,openvinotoolkit/openvino,ci-doctor-mq.md,8,2026-06-22 10:15:39+00:00,0.9163,False,,frontmatter only,1.0,2.98,,,False
253,68,openvinotoolkit/openvino,ci-doctor-mq.md,9,2026-06-24 09:30:54+00:00,0.9163,False,,frontmatter only,1.0,1.97,,,False
254,68,openvinotoolkit/openvino,ci-doctor-mq.md,10,2026-06-25 14:46:46+00:00,0.8863,False,,both,0.9659,1.22,,,False
255,69,openvinotoolkit/openvino,ci-doctor.md,1,2026-04-20 10:39:52+00:00,1.0,False,githubnext/agentics/workflows/ci-doctor.md@0aa94a6e40aeaf131118476bc6a07e55c4ceb147,,,,,,
256,69,openvinotoolkit/openvino,ci-doctor.md,2,2026-04-27 13:20:07+00:00,0.8431,False,githubnext/agentics/workflows/ci-doctor.md@0aa94a6e40aeaf131118476bc6a07e55c4ceb147,both,0.8431,7.11,,,False
257,69,openvinotoolkit/openvino,ci-doctor.md,3,2026-04-29 07:14:43+00:00,0.8431,False,githubnext/agentics/workflows/ci-doctor.md@0aa94a6e40aeaf131118476bc6a07e55c4ceb147,frontmatter only,1.0,1.75,,,False
258,69,openvinotoolkit/openvino,ci-doctor.md,4,2026-06-12 06:38:02+00:00,0.8431,False,githubnext/agentics/workflows/ci-doctor.md@0aa94a6e40aeaf131118476bc6a07e55c4ceb147,frontmatter only,1.0,43.97,concurrency,rate-limit,False
259,69,openvinotoolkit/openvino,ci-doctor.md,5,2026-06-22 10:15:39+00:00,0.8431,False,githubnext/agentics/workflows/ci-doctor.md@0aa94a6e40aeaf131118476bc6a07e55c4ceb147,frontmatter only,1.0,10.15,engine,,False
260,70,internetarchive/openlibrary,issue_refinement.md,1,2026-02-28 03:03:53+00:00,1.0,False,,,,,,,
261,70,internetarchive/openlibrary,issue_refinement.md,2,2026-03-04 20:45:37+00:00,0.9978,False,,body only,0.9978,4.74,,,False
262,70,internetarchive/openlibrary,issue_refinement.md,3,2026-03-06 17:19:43+00:00,0.9754,False,,body only,0.9734,1.86,,,False
263,70,internetarchive/openlibrary,issue_refinement.md,4,2026-03-06 17:22:50+00:00,0.7704,False,,body only,0.8032,0.0,,,False
264,70,internetarchive/openlibrary,issue_refinement.md,5,2026-03-07 00:30:51+00:00,0.7691,False,,body only,0.9956,0.3,,,False
265,71,dotnet/runtime,breaking-change-doc.md,1,2026-04-04 00:41:47+00:00,1.0,False,,,,,,,
266,71,dotnet/runtime,breaking-change-doc.md,2,2026-05-08 19:26:42+00:00,1.0,False,,frontmatter only,1.0,34.78,imports,jobs,False
267,72,dotnet/runtime,ci-failure-fix.md,1,2026-06-09 09:37:11+00:00,1.0,False,,,,,,,
268,72,dotnet/runtime,ci-failure-fix.md,2,2026-06-16 13:08:31+00:00,0.9951,False,,body only,0.9951,7.15,,,False
269,73,dotnet/runtime,ci-failure-scan-feedback.md,1,2026-05-28 10:59:24+00:00,1.0,False,,,,,,,
270,73,dotnet/runtime,ci-failure-scan-feedback.md,2,2026-05-29 15:44:26+00:00,0.6744,False,,both,0.6744,1.2,,,False
271,73,dotnet/runtime,ci-failure-scan-feedback.md,3,2026-06-01 12:20:54+00:00,0.6944,False,,body only,0.6317,2.86,,,False
272,73,dotnet/runtime,ci-failure-scan-feedback.md,4,2026-06-08 11:16:03+00:00,0.6887,False,,both,0.9922,6.95,,,False
273,73,dotnet/runtime,ci-failure-scan-feedback.md,5,2026-06-09 09:37:11+00:00,0.5479,False,,both,0.7438,0.93,,,False
274,73,dotnet/runtime,ci-failure-scan-feedback.md,6,2026-06-09 09:51:24+00:00,0.5479,False,,frontmatter only,1.0,0.01,,,False
275,73,dotnet/runtime,ci-failure-scan-feedback.md,7,2026-06-11 07:37:48+00:00,0.5402,False,,body only,0.9855,1.91,,,False
276,74,dotnet/runtime,ci-failure-scan.md,1,2026-05-06 16:36:33+00:00,1.0,False,,,,,,,
277,74,dotnet/runtime,ci-failure-scan.md,2,2026-05-08 10:25:29+00:00,1.0,False,,frontmatter only,1.0,1.74,,,False
278,74,dotnet/runtime,ci-failure-scan.md,3,2026-05-08 19:26:42+00:00,1.0,False,,frontmatter only,1.0,0.38,imports,jobs,False
279,74,dotnet/runtime,ci-failure-scan.md,4,2026-05-08 20:10:09+00:00,0.7711,False,,body only,0.7711,0.03,,,False
280,74,dotnet/runtime,ci-failure-scan.md,5,2026-05-14 09:20:07+00:00,0.4562,False,,body only,0.5756,5.55,,,False
281,74,dotnet/runtime,ci-failure-scan.md,6,2026-05-18 13:06:36+00:00,0.4471,False,,body only,0.9586,4.16,,,False
282,74,dotnet/runtime,ci-failure-scan.md,7,2026-05-28 10:59:24+00:00,0.4065,False,,both,0.834,9.91,if,,False
283,74,dotnet/runtime,ci-failure-scan.md,8,2026-05-28 15:37:42+00:00,0.4001,False,,body only,0.7477,0.19,,,False
284,74,dotnet/runtime,ci-failure-scan.md,9,2026-06-01 09:38:59+00:00,0.397,False,,body only,0.9863,3.75,,,False
285,74,dotnet/runtime,ci-failure-scan.md,10,2026-06-01 10:24:39+00:00,0.3945,False,,body only,0.986,0.03,,,False
286,74,dotnet/runtime,ci-failure-scan.md,11,2026-06-01 12:27:45+00:00,0.3908,False,,body only,0.9816,0.09,,,False
287,74,dotnet/runtime,ci-failure-scan.md,12,2026-06-01 14:31:02+00:00,0.3893,False,,body only,0.9952,0.09,,,False
288,74,dotnet/runtime,ci-failure-scan.md,13,2026-06-01 19:53:04+00:00,0.389,False,,body only,0.9975,0.22,,,False
289,74,dotnet/runtime,ci-failure-scan.md,14,2026-06-02 08:10:43+00:00,0.3811,False,,body only,0.9786,0.51,,,False
290,74,dotnet/runtime,ci-failure-scan.md,15,2026-06-09 09:26:39+00:00,0.3789,False,,body only,0.9873,7.05,,,False
291,74,dotnet/runtime,ci-failure-scan.md,16,2026-06-09 09:37:11+00:00,0.3466,False,,both,0.8301,0.01,,,False
292,74,dotnet/runtime,ci-failure-scan.md,17,2026-06-11 07:37:48+00:00,0.346,False,,body only,0.9983,1.92,,,False
293,74,dotnet/runtime,ci-failure-scan.md,18,2026-06-18 12:45:45+00:00,0.3272,False,,both,0.9258,7.21,,,False
294,75,dotnet/runtime,code-review.md,1,2026-03-25 01:40:14+00:00,1.0,False,,,,,,,
295,75,dotnet/runtime,code-review.md,2,2026-05-08 19:26:42+00:00,1.0,False,,frontmatter only,1.0,44.74,imports,jobs,False
296,75,dotnet/runtime,code-review.md,3,2026-06-15 11:36:55+00:00,0.6313,False,,both,0.6313,37.67,concurrency; timeout-minutes,,False
297,76,dotnet/runtime,copilot-echo.md,1,2026-03-25 00:53:09+00:00,1.0,False,,,,,,,
298,76,dotnet/runtime,copilot-echo.md,2,2026-05-08 19:26:42+00:00,1.0,False,,frontmatter only,1.0,44.77,imports,jobs,False
299,77,dgreif/ring,issue-triage.md,1,2026-06-06 11:44:57+00:00,1.0,False,,,,,,,
300,77,dgreif/ring,issue-triage.md,2,2026-06-25 12:46:56+00:00,1.0,False,,frontmatter only,1.0,19.04,,,False
301,78,pulumi/pulumi-random,gh-aw-pr-rereview.md,1,2026-05-12 07:11:26+00:00,1.0,True,pulumi-labs/gh-aw-internal/.github/workflows/gh-aw-pr-rereview.md@8a92f53fac170563f7727cacab2dbedb5d5b9e29,,,,,,
302,79,pulumi/pulumi-random,gh-aw-pr-review.md,1,2026-05-12 07:11:26+00:00,1.0,True,pulumi-labs/gh-aw-internal/.github/workflows/gh-aw-pr-review.md@8a92f53fac170563f7727cacab2dbedb5d5b9e29,,,,,,
303,80,microsoft/pxt-arcade,documentation.md,1,2025-12-10 19:16:53+00:00,1.0,False,,,,,,,
304,80,microsoft/pxt-arcade,documentation.md,2,2025-12-10 23:23:12+00:00,0.9638,False,,both,0.9638,0.17,,,False
305,80,microsoft/pxt-arcade,documentation.md,3,2026-02-12 23:22:51+00:00,0.9638,False,,frontmatter only,1.0,64.0,,,False
306,81,microsoft/pxt-arcade,triage.md,1,2025-12-03 17:56:51+00:00,1.0,False,,,,,,,
307,81,microsoft/pxt-arcade,triage.md,2,2025-12-03 19:11:04+00:00,0.9724,False,,both,0.9724,0.05,,,False
308,81,microsoft/pxt-arcade,triage.md,3,2025-12-03 19:48:11+00:00,0.8619,False,,body only,0.8861,0.03,,,False
309,81,microsoft/pxt-arcade,triage.md,4,2025-12-03 23:23:39+00:00,0.8299,False,,body only,0.9251,0.15,,,False
310,81,microsoft/pxt-arcade,triage.md,5,2025-12-04 18:52:55+00:00,0.8153,False,,both,0.9804,0.81,,,False
311,81,microsoft/pxt-arcade,triage.md,6,2025-12-04 21:51:28+00:00,0.8153,False,,frontmatter only,1.0,0.12,,,False
312,81,microsoft/pxt-arcade,triage.md,7,2025-12-04 22:25:17+00:00,0.8153,False,,frontmatter only,1.0,0.02,,,False
313,81,microsoft/pxt-arcade,triage.md,8,2025-12-04 22:51:18+00:00,0.8072,False,,body only,0.9885,0.02,,,False
314,81,microsoft/pxt-arcade,triage.md,9,2025-12-08 17:22:19+00:00,0.7701,False,,body only,0.9319,3.77,,,False
315,81,microsoft/pxt-arcade,triage.md,10,2025-12-09 19:22:04+00:00,0.0527,True,,both,0.0802,1.08,imports,,False
316,81,microsoft/pxt-arcade,triage.md,11,2026-01-06 19:33:04+00:00,0.0527,True,,frontmatter only,1.0,28.01,,,False
317,81,microsoft/pxt-arcade,triage.md,12,2026-02-12 23:22:51+00:00,0.0527,True,,frontmatter only,1.0,37.16,,,False
318,82,Alfresco/alfresco-ng2-components,supply-chain-review.md,1,2026-05-29 13:55:51+00:00,1.0,False,Alfresco/alfresco-build-tools/.github/workflows/supply-chain-review.md@ccf3ddbc10205c171ca84ad88d9a05b1c60069b2,,,,,,
319,82,Alfresco/alfresco-ng2-components,supply-chain-review.md,2,2026-06-04 08:25:49+00:00,0.9974,False,Alfresco/alfresco-build-tools/.github/workflows/supply-chain-review.md@b2070730e7482fb8d2791e97d7b288fdf3b106ef,both,0.9974,5.77,,,True
320,82,Alfresco/alfresco-ng2-components,supply-chain-review.md,3,2026-06-11 10:26:12+00:00,0.9724,False,Alfresco/alfresco-build-tools/.github/workflows/supply-chain-review.md@52467f0241079de71fe14591f97bdec7555ab545,both,0.9749,7.08,,,True
321,83,storybookjs/storybook,code-simplifier.md,1,2026-03-07 19:25:50+00:00,1.0,False,github/gh-aw/.github/workflows/code-simplifier.md@852cb06ad52958b402ed982b69957ffc57ca0619,,,,,,
322,83,storybookjs/storybook,code-simplifier.md,2,2026-03-07 19:34:44+00:00,0.9167,False,github/gh-aw/.github/workflows/code-simplifier.md@852cb06ad52958b402ed982b69957ffc57ca0619,both,0.9167,0.01,,,False
323,84,storybookjs/storybook,duplicate-code-detector.md,1,2026-03-07 19:57:09+00:00,1.0,False,github/gh-aw/.github/workflows/duplicate-code-detector.md@852cb06ad52958b402ed982b69957ffc57ca0619,,,,,,
324,84,storybookjs/storybook,duplicate-code-detector.md,2,2026-03-07 20:23:28+00:00,0.932,False,github/gh-aw/.github/workflows/duplicate-code-detector.md@852cb06ad52958b402ed982b69957ffc57ca0619,both,0.932,0.02,,,False
325,85,microsoft/pxt,documentation.md,1,2025-12-10 19:41:01+00:00,1.0,False,,,,,,,
326,85,microsoft/pxt,documentation.md,2,2025-12-10 20:15:46+00:00,0.877,False,,body only,0.877,0.02,,,False
327,85,microsoft/pxt,documentation.md,3,2025-12-10 22:43:49+00:00,0.8548,False,,both,0.9748,0.1,,,False
328,86,PowerShell/vscode-powershell,issue-comment-handler.md,1,2026-06-18 17:23:52+00:00,1.0,False,githubnext/agentics/workflows/issue-comment-handler.md@2f03fdaafb8c1ae62dfde7e0be762a822a201aeb,,,,,,
329,87,PowerShell/vscode-powershell,issue-triage.md,1,2026-02-23 22:08:47+00:00,1.0,False,githubnext/agentics/workflows/issue-triage.md@2f03fdaafb8c1ae62dfde7e0be762a822a201aeb,,,,,,
330,87,PowerShell/vscode-powershell,issue-triage.md,2,2026-06-18 17:23:52+00:00,0.0903,False,githubnext/agentics/workflows/issue-triage.md@2f03fdaafb8c1ae62dfde7e0be762a822a201aeb,both,0.0903,114.8,,,False
331,88,PowerShell/vscode-powershell,stale-closer.md,1,2026-06-18 17:23:52+00:00,1.0,False,githubnext/agentics/workflows/stale-closer.md@2f03fdaafb8c1ae62dfde7e0be762a822a201aeb,,,,,,
332,89,Azure/azure-sdk-for-js,agent-observability.md,1,2026-06-15 18:51:55+00:00,1.0,False,,,,,,,
333,89,Azure/azure-sdk-for-js,agent-observability.md,2,2026-06-24 22:56:27+00:00,1.0,False,,frontmatter only,1.0,9.17,,,False
334,89,Azure/azure-sdk-for-js,agent-observability.md,3,2026-06-24 23:27:22+00:00,1.0,False,,frontmatter only,1.0,0.02,,,False
335,89,Azure/azure-sdk-for-js,agent-observability.md,4,2026-06-25 20:11:44+00:00,1.0,False,,frontmatter only,1.0,0.86,,,False
336,90,Azure/azure-sdk-for-js,archie.md,1,2026-03-24 21:46:48+00:00,1.0,False,,,,,,,
337,90,Azure/azure-sdk-for-js,archie.md,2,2026-03-25 17:51:05+00:00,1.0,False,,frontmatter only,1.0,0.84,,,False
338,90,Azure/azure-sdk-for-js,archie.md,3,2026-03-25 21:44:00+00:00,1.0,False,,frontmatter only,1.0,0.16,,,False
339,90,Azure/azure-sdk-for-js,archie.md,4,2026-03-26 03:15:21+00:00,0.9503,False,,body only,0.9503,0.23,,,False
340,90,Azure/azure-sdk-for-js,archie.md,5,2026-03-27 17:03:04+00:00,0.9503,False,,frontmatter only,1.0,1.57,,,False
341,90,Azure/azure-sdk-for-js,archie.md,6,2026-04-01 20:42:22+00:00,0.9503,False,,frontmatter only,1.0,5.15,,,False
342,90,Azure/azure-sdk-for-js,archie.md,7,2026-04-08 17:09:15+00:00,0.9503,False,,frontmatter only,1.0,6.85,,,False
343,90,Azure/azure-sdk-for-js,archie.md,8,2026-04-10 18:30:16+00:00,0.9503,False,,frontmatter only,1.0,2.06,concurrency,,False
344,90,Azure/azure-sdk-for-js,archie.md,9,2026-04-13 16:14:29+00:00,0.9503,False,,frontmatter only,1.0,2.91,,,False
345,90,Azure/azure-sdk-for-js,archie.md,10,2026-05-06 17:52:09+00:00,0.9266,False,,both,0.9741,23.07,,,False
346,90,Azure/azure-sdk-for-js,archie.md,11,2026-05-18 20:19:39+00:00,0.9266,False,,frontmatter only,1.0,12.1,checkout,,False
347,90,Azure/azure-sdk-for-js,archie.md,12,2026-06-12 20:56:59+00:00,0.9266,False,,frontmatter only,1.0,25.03,,,False
348,90,Azure/azure-sdk-for-js,archie.md,13,2026-06-12 22:50:20+00:00,0.9266,False,,frontmatter only,1.0,0.08,,,False
349,90,Azure/azure-sdk-for-js,archie.md,14,2026-06-24 22:56:27+00:00,0.9266,False,,frontmatter only,1.0,12.0,,,False
350,90,Azure/azure-sdk-for-js,archie.md,15,2026-06-24 23:27:22+00:00,0.9266,False,,frontmatter only,1.0,0.02,,,False
351,90,Azure/azure-sdk-for-js,archie.md,16,2026-06-25 20:11:44+00:00,0.9266,False,,frontmatter only,1.0,0.86,,,False
352,91,Azure/azure-sdk-for-js,dash.md,1,2026-03-24 18:51:23+00:00,1.0,False,,,,,,,
353,91,Azure/azure-sdk-for-js,dash.md,2,2026-03-25 17:51:05+00:00,1.0,False,,frontmatter only,1.0,0.96,,,False
354,91,Azure/azure-sdk-for-js,dash.md,3,2026-03-25 21:44:00+00:00,1.0,False,,frontmatter only,1.0,0.16,,,False
355,91,Azure/azure-sdk-for-js,dash.md,4,2026-03-27 17:03:04+00:00,1.0,False,,frontmatter only,1.0,1.8,,,False
356,91,Azure/azure-sdk-for-js,dash.md,5,2026-03-30 18:27:39+00:00,0.7194,False,,body only,0.7194,3.06,,,False
357,91,Azure/azure-sdk-for-js,dash.md,6,2026-04-08 17:09:15+00:00,0.7194,False,,frontmatter only,1.0,8.95,,,False
358,91,Azure/azure-sdk-for-js,dash.md,7,2026-04-10 18:30:16+00:00,0.7194,False,,frontmatter only,1.0,2.06,concurrency,,False
359,91,Azure/azure-sdk-for-js,dash.md,8,2026-04-13 16:14:29+00:00,0.7194,False,,frontmatter only,1.0,2.91,,,False
360,91,Azure/azure-sdk-for-js,dash.md,9,2026-05-06 17:52:09+00:00,0.711,False,,both,0.9861,23.07,,,False
361,91,Azure/azure-sdk-for-js,dash.md,10,2026-05-18 20:19:39+00:00,0.711,False,,frontmatter only,1.0,12.1,checkout,,False
362,91,Azure/azure-sdk-for-js,dash.md,11,2026-06-12 20:56:59+00:00,0.711,False,,frontmatter only,1.0,25.03,,,False
363,91,Azure/azure-sdk-for-js,dash.md,12,2026-06-12 22:50:20+00:00,0.711,False,,frontmatter only,1.0,0.08,,,False
364,91,Azure/azure-sdk-for-js,dash.md,13,2026-06-24 22:56:27+00:00,0.711,False,,frontmatter only,1.0,12.0,,,False
365,91,Azure/azure-sdk-for-js,dash.md,14,2026-06-24 23:27:22+00:00,0.711,False,,frontmatter only,1.0,0.02,,,False
366,91,Azure/azure-sdk-for-js,dash.md,15,2026-06-25 20:11:44+00:00,0.711,False,,frontmatter only,1.0,0.86,,,False
367,92,Azure/azure-sdk-for-js,dexter.md,1,2026-03-24 19:42:57+00:00,1.0,False,,,,,,,
368,92,Azure/azure-sdk-for-js,dexter.md,2,2026-03-25 17:51:05+00:00,1.0,False,,frontmatter only,1.0,0.92,,,False
369,92,Azure/azure-sdk-for-js,dexter.md,3,2026-03-25 21:44:00+00:00,1.0,False,,frontmatter only,1.0,0.16,,,False
370,92,Azure/azure-sdk-for-js,dexter.md,4,2026-03-27 17:03:04+00:00,1.0,False,,frontmatter only,1.0,1.8,,,False
371,92,Azure/azure-sdk-for-js,dexter.md,5,2026-04-01 20:42:22+00:00,1.0,False,,frontmatter only,1.0,5.15,,,False
372,92,Azure/azure-sdk-for-js,dexter.md,6,2026-04-08 17:09:15+00:00,1.0,False,,frontmatter only,1.0,6.85,,,False
373,92,Azure/azure-sdk-for-js,dexter.md,7,2026-04-10 18:30:16+00:00,1.0,False,,frontmatter only,1.0,2.06,concurrency,,False
374,92,Azure/azure-sdk-for-js,dexter.md,8,2026-04-13 16:14:29+00:00,1.0,False,,frontmatter only,1.0,2.91,,,False
375,92,Azure/azure-sdk-for-js,dexter.md,9,2026-04-28 19:41:55+00:00,1.0,False,,frontmatter only,1.0,15.14,,,False
376,92,Azure/azure-sdk-for-js,dexter.md,10,2026-05-06 17:52:09+00:00,0.9769,False,,both,0.9769,7.92,,,False
377,92,Azure/azure-sdk-for-js,dexter.md,11,2026-05-18 20:19:39+00:00,0.9769,False,,frontmatter only,1.0,12.1,checkout,,False
378,92,Azure/azure-sdk-for-js,dexter.md,12,2026-06-12 20:56:59+00:00,0.9769,False,,frontmatter only,1.0,25.03,,,False
379,92,Azure/azure-sdk-for-js,dexter.md,13,2026-06-12 22:50:20+00:00,0.9769,False,,frontmatter only,1.0,0.08,,,False
380,92,Azure/azure-sdk-for-js,dexter.md,14,2026-06-24 22:56:27+00:00,0.9769,False,,frontmatter only,1.0,12.0,,,False
381,92,Azure/azure-sdk-for-js,dexter.md,15,2026-06-24 23:27:22+00:00,0.9769,False,,frontmatter only,1.0,0.02,,,False
382,92,Azure/azure-sdk-for-js,dexter.md,16,2026-06-25 20:11:44+00:00,0.9769,False,,frontmatter only,1.0,0.86,,,False
383,93,Azure/azure-sdk-for-js,docs-consistency-check.md,1,2026-02-25 21:55:38+00:00,1.0,False,,,,,,,
384,93,Azure/azure-sdk-for-js,docs-consistency-check.md,2,2026-04-28 19:41:55+00:00,1.0,False,,frontmatter only,1.0,61.91,,,False
385,93,Azure/azure-sdk-for-js,docs-consistency-check.md,3,2026-06-12 20:56:59+00:00,1.0,False,,frontmatter only,1.0,45.05,,,False
386,93,Azure/azure-sdk-for-js,docs-consistency-check.md,4,2026-06-12 22:50:20+00:00,1.0,False,,frontmatter only,1.0,0.08,,,False
387,93,Azure/azure-sdk-for-js,docs-consistency-check.md,5,2026-06-24 22:56:27+00:00,1.0,False,,frontmatter only,1.0,12.0,,,False
388,93,Azure/azure-sdk-for-js,docs-consistency-check.md,6,2026-06-24 23:27:22+00:00,1.0,False,,frontmatter only,1.0,0.02,,,False
389,93,Azure/azure-sdk-for-js,docs-consistency-check.md,7,2026-06-25 20:11:44+00:00,1.0,False,,frontmatter only,1.0,0.86,,,False
390,94,Azure/azure-sdk-for-js,fix-test-failures.md,1,2026-03-04 20:28:46+00:00,1.0,False,,,,,,,
391,94,Azure/azure-sdk-for-js,fix-test-failures.md,2,2026-03-05 22:11:36+00:00,1.0,False,,frontmatter only,1.0,1.07,network,,False
392,94,Azure/azure-sdk-for-js,fix-test-failures.md,3,2026-03-27 18:14:23+00:00,0.8057,False,,body only,0.8057,21.84,,,False
393,94,Azure/azure-sdk-for-js,fix-test-failures.md,4,2026-04-28 19:41:55+00:00,0.8057,False,,frontmatter only,1.0,32.06,,,False
394,94,Azure/azure-sdk-for-js,fix-test-failures.md,5,2026-06-12 19:49:36+00:00,0.6505,False,,both,0.8006,45.01,,,False
395,94,Azure/azure-sdk-for-js,fix-test-failures.md,6,2026-06-12 20:56:59+00:00,0.6505,False,,frontmatter only,1.0,0.05,,,False
396,94,Azure/azure-sdk-for-js,fix-test-failures.md,7,2026-06-12 22:50:20+00:00,0.6505,False,,frontmatter only,1.0,0.08,,,False
397,94,Azure/azure-sdk-for-js,fix-test-failures.md,8,2026-06-17 20:29:03+00:00,0.6286,False,,body only,0.9623,4.9,,,False
398,94,Azure/azure-sdk-for-js,fix-test-failures.md,9,2026-06-24 22:56:27+00:00,0.6286,False,,frontmatter only,1.0,7.1,,,False
399,94,Azure/azure-sdk-for-js,fix-test-failures.md,10,2026-06-24 23:27:22+00:00,0.6286,False,,frontmatter only,1.0,0.02,,,False
400,94,Azure/azure-sdk-for-js,fix-test-failures.md,11,2026-06-25 20:11:44+00:00,0.6286,False,,frontmatter only,1.0,0.86,,,False
401,95,Azure/azure-sdk-for-js,issue-triage.md,1,2026-04-16 16:52:30+00:00,1.0,False,,,,,,,
402,95,Azure/azure-sdk-for-js,issue-triage.md,2,2026-04-28 19:41:55+00:00,1.0,False,,frontmatter only,1.0,12.12,,,False
403,95,Azure/azure-sdk-for-js,issue-triage.md,3,2026-06-12 20:56:59+00:00,1.0,False,,frontmatter only,1.0,45.05,,,False
404,95,Azure/azure-sdk-for-js,issue-triage.md,4,2026-06-12 22:50:20+00:00,1.0,False,,frontmatter only,1.0,0.08,,,False
405,95,Azure/azure-sdk-for-js,issue-triage.md,5,2026-06-24 22:56:27+00:00,1.0,False,,frontmatter only,1.0,12.0,,,False
406,95,Azure/azure-sdk-for-js,issue-triage.md,6,2026-06-24 23:27:22+00:00,1.0,False,,frontmatter only,1.0,0.02,,,False
407,95,Azure/azure-sdk-for-js,issue-triage.md,7,2026-06-25 20:11:44+00:00,1.0,False,,frontmatter only,1.0,0.86,,,False
408,96,Azure/azure-sdk-for-js,mgmt-guidance.md,1,2026-06-18 09:11:37+00:00,1.0,False,,,,,,,
409,96,Azure/azure-sdk-for-js,mgmt-guidance.md,2,2026-06-24 22:56:27+00:00,1.0,False,,frontmatter only,1.0,6.57,,,False
410,96,Azure/azure-sdk-for-js,mgmt-guidance.md,3,2026-06-24 23:27:22+00:00,1.0,False,,frontmatter only,1.0,0.02,,,False
411,96,Azure/azure-sdk-for-js,mgmt-guidance.md,4,2026-06-25 20:11:44+00:00,1.0,False,,frontmatter only,1.0,0.86,,,False
412,97,Azure/azure-sdk-for-js,mgmt-review.md,1,2026-03-17 17:07:02+00:00,1.0,False,,,,,,,
413,97,Azure/azure-sdk-for-js,mgmt-review.md,2,2026-03-18 02:48:05+00:00,1.0,False,,frontmatter only,1.0,0.4,strict,,False
414,97,Azure/azure-sdk-for-js,mgmt-review.md,3,2026-03-23 06:58:41+00:00,1.0,False,,frontmatter only,1.0,5.17,if; labels,,False
415,97,Azure/azure-sdk-for-js,mgmt-review.md,4,2026-03-31 09:41:41+00:00,0.5378,False,,both,0.5378,8.11,,,False
416,97,Azure/azure-sdk-for-js,mgmt-review.md,5,2026-04-01 09:17:24+00:00,0.5046,False,,both,0.9152,0.98,,,False
417,97,Azure/azure-sdk-for-js,mgmt-review.md,6,2026-04-02 08:51:36+00:00,0.5151,False,,both,0.91,0.98,,,False
418,97,Azure/azure-sdk-for-js,mgmt-review.md,7,2026-04-07 03:21:08+00:00,0.4948,False,,both,0.9596,4.77,,,False
419,97,Azure/azure-sdk-for-js,mgmt-review.md,8,2026-04-07 06:54:17+00:00,0.4948,False,,frontmatter only,1.0,0.15,network,,False
420,97,Azure/azure-sdk-for-js,mgmt-review.md,9,2026-04-07 09:00:20+00:00,0.4938,False,,body only,0.9972,0.09,,,False
421,97,Azure/azure-sdk-for-js,mgmt-review.md,10,2026-04-07 10:02:42+00:00,0.4309,False,,both,0.8393,0.04,,,False
422,97,Azure/azure-sdk-for-js,mgmt-review.md,11,2026-04-08 17:09:15+00:00,0.4432,False,,both,0.9687,1.3,,,False
423,97,Azure/azure-sdk-for-js,mgmt-review.md,12,2026-04-09 05:54:04+00:00,0.4518,False,,body only,0.9515,0.53,,,False
424,97,Azure/azure-sdk-for-js,mgmt-review.md,13,2026-04-10 18:30:16+00:00,0.4518,False,,frontmatter only,1.0,1.53,concurrency,,False
425,97,Azure/azure-sdk-for-js,mgmt-review.md,14,2026-04-13 16:14:29+00:00,0.4518,False,,frontmatter only,1.0,2.91,,,False
426,97,Azure/azure-sdk-for-js,mgmt-review.md,15,2026-05-06 17:52:09+00:00,0.4512,False,,both,0.994,23.07,,,False
427,97,Azure/azure-sdk-for-js,mgmt-review.md,16,2026-05-13 17:27:31+00:00,0.4512,False,,frontmatter only,1.0,6.98,,,False
428,97,Azure/azure-sdk-for-js,mgmt-review.md,17,2026-05-18 20:19:39+00:00,0.4512,False,,frontmatter only,1.0,5.12,checkout,,False
429,97,Azure/azure-sdk-for-js,mgmt-review.md,18,2026-05-22 17:13:45+00:00,0.4591,False,,both,0.9615,3.87,,,False
430,97,Azure/azure-sdk-for-js,mgmt-review.md,19,2026-06-12 03:14:14+00:00,0.4514,False,,both,0.9582,20.42,,,False
431,97,Azure/azure-sdk-for-js,mgmt-review.md,20,2026-06-12 20:56:59+00:00,0.4514,False,,frontmatter only,1.0,0.74,,,False
432,97,Azure/azure-sdk-for-js,mgmt-review.md,21,2026-06-12 22:50:20+00:00,0.4514,False,,frontmatter only,1.0,0.08,,,False
433,97,Azure/azure-sdk-for-js,mgmt-review.md,22,2026-06-18 09:11:37+00:00,0.8678,False,,both,0.4962,5.43,,,False
434,97,Azure/azure-sdk-for-js,mgmt-review.md,23,2026-06-24 22:56:27+00:00,0.8678,False,,frontmatter only,1.0,6.57,,,False
435,97,Azure/azure-sdk-for-js,mgmt-review.md,24,2026-06-24 23:27:22+00:00,0.8678,False,,frontmatter only,1.0,0.02,,,False
436,97,Azure/azure-sdk-for-js,mgmt-review.md,25,2026-06-25 20:11:44+00:00,0.8678,False,,frontmatter only,1.0,0.86,,,False
437,98,Azure/azure-sdk-for-js,scribe.md,1,2026-03-24 18:58:58+00:00,1.0,False,,,,,,,
438,98,Azure/azure-sdk-for-js,scribe.md,2,2026-03-25 17:51:05+00:00,1.0,False,,frontmatter only,1.0,0.95,,,False
439,98,Azure/azure-sdk-for-js,scribe.md,3,2026-03-25 21:44:00+00:00,1.0,False,,frontmatter only,1.0,0.16,,,False
440,98,Azure/azure-sdk-for-js,scribe.md,4,2026-03-27 17:03:04+00:00,1.0,False,,frontmatter only,1.0,1.8,,,False
441,98,Azure/azure-sdk-for-js,scribe.md,5,2026-04-01 20:42:22+00:00,1.0,False,,frontmatter only,1.0,5.15,,,False
442,98,Azure/azure-sdk-for-js,scribe.md,6,2026-04-08 17:09:15+00:00,1.0,False,,frontmatter only,1.0,6.85,,,False
443,98,Azure/azure-sdk-for-js,scribe.md,7,2026-04-10 18:30:16+00:00,1.0,False,,frontmatter only,1.0,2.06,concurrency,,False
444,98,Azure/azure-sdk-for-js,scribe.md,8,2026-04-13 16:14:29+00:00,1.0,False,,frontmatter only,1.0,2.91,,,False
445,98,Azure/azure-sdk-for-js,scribe.md,9,2026-05-06 17:52:09+00:00,0.9728,False,,both,0.9728,23.07,,,False
446,98,Azure/azure-sdk-for-js,scribe.md,10,2026-05-18 20:19:39+00:00,0.9728,False,,frontmatter only,1.0,12.1,checkout,,False
447,98,Azure/azure-sdk-for-js,scribe.md,11,2026-06-12 20:56:59+00:00,0.9728,False,,frontmatter only,1.0,25.03,,,False
448,98,Azure/azure-sdk-for-js,scribe.md,12,2026-06-12 22:50:20+00:00,0.9728,False,,frontmatter only,1.0,0.08,,,False
449,98,Azure/azure-sdk-for-js,scribe.md,13,2026-06-24 22:56:27+00:00,0.9728,False,,frontmatter only,1.0,12.0,,,False
450,98,Azure/azure-sdk-for-js,scribe.md,14,2026-06-24 23:27:22+00:00,0.9728,False,,frontmatter only,1.0,0.02,,,False
451,98,Azure/azure-sdk-for-js,scribe.md,15,2026-06-25 20:11:44+00:00,0.9728,False,,frontmatter only,1.0,0.86,,,False
452,99,Azure/azure-sdk-for-js,sentinel.md,1,2026-03-24 18:57:04+00:00,1.0,False,,,,,,,
453,99,Azure/azure-sdk-for-js,sentinel.md,2,2026-03-25 17:51:05+00:00,1.0,False,,frontmatter only,1.0,0.95,,,False
454,99,Azure/azure-sdk-for-js,sentinel.md,3,2026-03-25 21:44:00+00:00,1.0,False,,frontmatter only,1.0,0.16,,,False
455,99,Azure/azure-sdk-for-js,sentinel.md,4,2026-03-27 17:03:04+00:00,1.0,False,,frontmatter only,1.0,1.8,,,False
456,99,Azure/azure-sdk-for-js,sentinel.md,5,2026-04-01 20:42:22+00:00,1.0,False,,frontmatter only,1.0,5.15,,,False
457,99,Azure/azure-sdk-for-js,sentinel.md,6,2026-04-08 17:09:15+00:00,1.0,False,,frontmatter only,1.0,6.85,,,False
458,99,Azure/azure-sdk-for-js,sentinel.md,7,2026-04-10 18:30:16+00:00,1.0,False,,frontmatter only,1.0,2.06,concurrency,,False
459,99,Azure/azure-sdk-for-js,sentinel.md,8,2026-04-13 16:14:29+00:00,1.0,False,,frontmatter only,1.0,2.91,,,False
460,99,Azure/azure-sdk-for-js,sentinel.md,9,2026-05-06 17:52:09+00:00,0.981,False,,both,0.981,23.07,,,False
461,99,Azure/azure-sdk-for-js,sentinel.md,10,2026-05-18 20:19:39+00:00,0.981,False,,frontmatter only,1.0,12.1,checkout,,False
462,99,Azure/azure-sdk-for-js,sentinel.md,11,2026-06-12 20:56:59+00:00,0.981,False,,frontmatter only,1.0,25.03,,,False
463,99,Azure/azure-sdk-for-js,sentinel.md,12,2026-06-12 22:50:20+00:00,0.981,False,,frontmatter only,1.0,0.08,,,False
464,99,Azure/azure-sdk-for-js,sentinel.md,13,2026-06-24 22:56:27+00:00,0.981,False,,frontmatter only,1.0,12.0,,,False
465,99,Azure/azure-sdk-for-js,sentinel.md,14,2026-06-24 23:27:22+00:00,0.981,False,,frontmatter only,1.0,0.02,,,False
466,99,Azure/azure-sdk-for-js,sentinel.md,15,2026-06-25 20:11:44+00:00,0.981,False,,frontmatter only,1.0,0.86,,,False
467,100,Azure/azure-sdk-for-js,tester.md,1,2026-03-24 19:34:07+00:00,1.0,False,,,,,,,
468,100,Azure/azure-sdk-for-js,tester.md,2,2026-03-25 17:51:05+00:00,1.0,False,,frontmatter only,1.0,0.93,,,False
469,100,Azure/azure-sdk-for-js,tester.md,3,2026-03-25 21:44:00+00:00,1.0,False,,frontmatter only,1.0,0.16,,,False
470,100,Azure/azure-sdk-for-js,tester.md,4,2026-03-27 17:03:04+00:00,1.0,False,,frontmatter only,1.0,1.8,,,False
471,100,Azure/azure-sdk-for-js,tester.md,5,2026-04-01 20:42:22+00:00,1.0,False,,frontmatter only,1.0,5.15,,,False
472,100,Azure/azure-sdk-for-js,tester.md,6,2026-04-08 17:09:15+00:00,1.0,False,,frontmatter only,1.0,6.85,,,False
473,100,Azure/azure-sdk-for-js,tester.md,7,2026-04-10 18:30:16+00:00,1.0,False,,frontmatter only,1.0,2.06,concurrency,,False
474,100,Azure/azure-sdk-for-js,tester.md,8,2026-04-13 16:14:29+00:00,1.0,False,,frontmatter only,1.0,2.91,,,False
475,100,Azure/azure-sdk-for-js,tester.md,9,2026-05-06 17:52:09+00:00,0.975,False,,both,0.975,23.07,,,False
476,100,Azure/azure-sdk-for-js,tester.md,10,2026-05-18 20:19:39+00:00,0.975,False,,frontmatter only,1.0,12.1,checkout,,False
477,100,Azure/azure-sdk-for-js,tester.md,11,2026-06-12 20:56:59+00:00,0.975,False,,frontmatter only,1.0,25.03,,,False
478,100,Azure/azure-sdk-for-js,tester.md,12,2026-06-12 22:50:20+00:00,0.975,False,,frontmatter only,1.0,0.08,,,False
479,100,Azure/azure-sdk-for-js,tester.md,13,2026-06-24 22:56:27+00:00,0.975,False,,frontmatter only,1.0,12.0,,,False
480,100,Azure/azure-sdk-for-js,tester.md,14,2026-06-24 23:27:22+00:00,0.975,False,,frontmatter only,1.0,0.02,,,False
481,100,Azure/azure-sdk-for-js,tester.md,15,2026-06-25 20:11:44+00:00,0.975,False,,frontmatter only,1.0,0.86,,,False
482,101,Azure/azure-sdk-for-js,upgrade-agentic-workflows.md,1,2026-06-09 16:48:01+00:00,1.0,False,,,,,,,
483,101,Azure/azure-sdk-for-js,upgrade-agentic-workflows.md,2,2026-06-11 20:25:47+00:00,1.0,False,,frontmatter only,1.0,2.15,,,False
484,101,Azure/azure-sdk-for-js,upgrade-agentic-workflows.md,3,2026-06-12 20:56:59+00:00,1.0,False,,frontmatter only,1.0,1.02,,,False
485,101,Azure/azure-sdk-for-js,upgrade-agentic-workflows.md,4,2026-06-12 22:50:20+00:00,1.0,False,,frontmatter only,1.0,0.08,,,False
486,101,Azure/azure-sdk-for-js,upgrade-agentic-workflows.md,5,2026-06-24 22:56:27+00:00,1.0,False,,frontmatter only,1.0,12.0,,,False
487,101,Azure/azure-sdk-for-js,upgrade-agentic-workflows.md,6,2026-06-24 23:27:22+00:00,1.0,False,,frontmatter only,1.0,0.02,,,False
488,101,Azure/azure-sdk-for-js,upgrade-agentic-workflows.md,7,2026-06-25 20:11:44+00:00,0.9963,False,,both,0.9963,0.86,,,False
489,102,WordPress/grunt-patch-wordpress,dependabot-pr-review.md,1,2026-05-28 03:56:57+00:00,1.0,False,,,,,,,
490,103,ptarmiganlabs/butler-sos,duplicate-code-detector.md,1,2026-03-02 06:24:24+00:00,1.0,False,github/gh-aw/.github/workflows/duplicate-code-detector.md@852cb06ad52958b402ed982b69957ffc57ca0619,,,,,,
491,103,ptarmiganlabs/butler-sos,duplicate-code-detector.md,2,2026-03-02 06:31:48+00:00,0.9048,False,github/gh-aw/.github/workflows/duplicate-code-detector.md@852cb06ad52958b402ed982b69957ffc57ca0619,both,0.9048,0.01,,,False
492,103,ptarmiganlabs/butler-sos,duplicate-code-detector.md,3,2026-05-01 20:41:21+00:00,0.9048,False,github/gh-aw/.github/workflows/duplicate-code-detector.md@852cb06ad52958b402ed982b69957ffc57ca0619,frontmatter only,1.0,60.59,,,False
493,103,ptarmiganlabs/butler-sos,duplicate-code-detector.md,4,2026-05-23 05:27:46+00:00,0.7929,False,githubnext/agentics/workflows/duplicate-code-detector.md@dcdf09723d42ef9b6c75335e4612fd145d4ccdaa,both,0.7815,21.37,,engine; imports; strict; tools,True
494,103,ptarmiganlabs/butler-sos,duplicate-code-detector.md,5,2026-05-23 05:49:05+00:00,0.7929,False,githubnext/agentics/workflows/duplicate-code-detector.md@dcdf09723d42ef9b6c75335e4612fd145d4ccdaa,frontmatter only,1.0,0.01,,,False
495,104,ptarmiganlabs/butler-sos,grumpy-reviewer.md,1,2026-05-23 06:05:57+00:00,1.0,False,githubnext/agentics/workflows/grumpy-reviewer.md@dcdf09723d42ef9b6c75335e4612fd145d4ccdaa,,,,,,
496,104,ptarmiganlabs/butler-sos,grumpy-reviewer.md,2,2026-05-23 14:55:53+00:00,1.0,False,githubnext/agentics/workflows/grumpy-reviewer.md@dcdf09723d42ef9b6c75335e4612fd145d4ccdaa,frontmatter only,1.0,0.37,,,False
497,104,ptarmiganlabs/butler-sos,grumpy-reviewer.md,3,2026-05-23 15:03:46+00:00,1.0,False,githubnext/agentics/workflows/grumpy-reviewer.md@dcdf09723d42ef9b6c75335e4612fd145d4ccdaa,frontmatter only,1.0,0.01,,,False
498,105,IgniteUI/igniteui-docfx,sync-jp-docs.md,1,2026-03-12 12:56:07+00:00,1.0,False,,,,,,,
499,105,IgniteUI/igniteui-docfx,sync-jp-docs.md,2,2026-03-26 13:37:23+00:00,0.8343,False,,body only,0.8343,14.03,,,False
500,106,appwrite/appwrite,issue-triage.md,1,2025-10-28 03:00:30+00:00,1.0,False,githubnext/agentics/workflows/issue-triage.md@0837fb7b24c3b84ee77fb7c8cfa8735c48be347a,,,,,,
501,106,appwrite/appwrite,issue-triage.md,2,2025-11-01 15:47:43+00:00,0.8791,False,githubnext/agentics/workflows/issue-triage.md@0837fb7b24c3b84ee77fb7c8cfa8735c48be347a,both,0.8791,4.53,,,False
502,106,appwrite/appwrite,issue-triage.md,3,2025-11-03 20:02:03+00:00,0.8286,False,githubnext/agentics/workflows/issue-triage.md@0837fb7b24c3b84ee77fb7c8cfa8735c48be347a,body only,0.9446,2.18,,,False
503,106,appwrite/appwrite,issue-triage.md,4,2025-11-06 19:37:49+00:00,0.8286,False,githubnext/agentics/workflows/issue-triage.md@0837fb7b24c3b84ee77fb7c8cfa8735c48be347a,frontmatter only,1.0,2.98,env,,False
504,106,appwrite/appwrite,issue-triage.md,5,2025-11-06 22:33:24+00:00,0.8015,False,githubnext/agentics/workflows/issue-triage.md@0837fb7b24c3b84ee77fb7c8cfa8735c48be347a,body only,0.9725,0.12,,,False
505,106,appwrite/appwrite,issue-triage.md,6,2025-11-06 23:05:45+00:00,0.8019,False,githubnext/agentics/workflows/issue-triage.md@0837fb7b24c3b84ee77fb7c8cfa8735c48be347a,body only,0.9924,0.02,,,False
506,106,appwrite/appwrite,issue-triage.md,7,2025-11-06 23:43:31+00:00,0.8019,False,githubnext/agentics/workflows/issue-triage.md@0837fb7b24c3b84ee77fb7c8cfa8735c48be347a,frontmatter only,1.0,0.03,,,False
507,106,appwrite/appwrite,issue-triage.md,8,2025-11-07 20:01:42+00:00,0.8019,False,githubnext/agentics/workflows/issue-triage.md@0837fb7b24c3b84ee77fb7c8cfa8735c48be347a,frontmatter only,1.0,0.85,,,False
508,106,appwrite/appwrite,issue-triage.md,9,2025-11-07 20:17:51+00:00,0.7023,False,githubnext/agentics/workflows/issue-triage.md@0837fb7b24c3b84ee77fb7c8cfa8735c48be347a,both,0.8407,0.01,timeout-minutes,timeout_minutes,False
509,106,appwrite/appwrite,issue-triage.md,10,2025-11-07 20:26:13+00:00,0.5596,False,githubnext/agentics/workflows/issue-triage.md@0837fb7b24c3b84ee77fb7c8cfa8735c48be347a,body only,0.8028,0.01,,,False
510,106,appwrite/appwrite,issue-triage.md,11,2025-11-07 20:28:14+00:00,0.5638,False,githubnext/agentics/workflows/issue-triage.md@0837fb7b24c3b84ee77fb7c8cfa8735c48be347a,body only,0.9524,0.0,,,False
511,106,appwrite/appwrite,issue-triage.md,12,2025-11-12 18:56:33+00:00,0.5494,False,githubnext/agentics/workflows/issue-triage.md@0837fb7b24c3b84ee77fb7c8cfa8735c48be347a,body only,0.9526,4.94,,,False
512,106,appwrite/appwrite,issue-triage.md,13,2025-11-12 19:49:58+00:00,0.5453,False,githubnext/agentics/workflows/issue-triage.md@0837fb7b24c3b84ee77fb7c8cfa8735c48be347a,body only,0.9771,0.04,,,False
513,107,microsoft/Web-Dev-For-Beginners,daily-repo-status.md,1,2026-02-06 15:34:39+00:00,1.0,False,githubnext/agentics/workflows/daily-repo-status.md@e43596e069e74a65cd7d93315091672d278c2642,,,,,,
514,108,elastic/kibana,backlog-groom.md,1,2026-05-19 17:08:05+00:00,1.0,False,,,,,,,
515,108,elastic/kibana,backlog-groom.md,2,2026-05-27 22:37:42+00:00,1.0,False,,frontmatter only,1.0,8.23,,,False
516,108,elastic/kibana,backlog-groom.md,3,2026-06-03 13:00:11+00:00,1.0,False,,frontmatter only,1.0,6.6,,,False
517,109,elastic/kibana,failed-backport-resolver.md,1,2026-05-15 17:23:37+00:00,1.0,False,,,,,,,
518,109,elastic/kibana,failed-backport-resolver.md,2,2026-05-15 18:58:06+00:00,0.9522,False,,both,0.9522,0.07,,,False
519,109,elastic/kibana,failed-backport-resolver.md,3,2026-05-20 00:28:22+00:00,0.8426,False,,both,0.882,4.23,,,False
520,109,elastic/kibana,failed-backport-resolver.md,4,2026-05-20 03:21:53+00:00,0.7937,False,,body only,0.9315,0.12,,,False
521,109,elastic/kibana,failed-backport-resolver.md,5,2026-05-20 18:30:21+00:00,0.4995,False,,body only,0.704,0.63,,,False
522,109,elastic/kibana,failed-backport-resolver.md,6,2026-05-20 20:19:56+00:00,0.4995,False,,frontmatter only,1.0,0.08,,,False
523,109,elastic/kibana,failed-backport-resolver.md,7,2026-06-23 19:51:27+00:00,0.4974,False,,both,0.9883,33.98,,,False
524,110,elastic/kibana,failed-test-investigator.md,1,2026-05-05 13:21:28+00:00,1.0,False,,,,,,,
525,110,elastic/kibana,failed-test-investigator.md,2,2026-05-07 17:01:57+00:00,1.0,False,,frontmatter only,1.0,2.15,,,False
526,110,elastic/kibana,failed-test-investigator.md,3,2026-05-15 13:29:27+00:00,1.0,False,,frontmatter only,1.0,7.85,,,False
527,110,elastic/kibana,failed-test-investigator.md,4,2026-05-18 09:10:31+00:00,0.2768,False,,both,0.2768,2.82,,,False
528,110,elastic/kibana,failed-test-investigator.md,5,2026-05-19 13:27:15+00:00,0.2768,False,,frontmatter only,1.0,1.18,env,,False
529,110,elastic/kibana,failed-test-investigator.md,6,2026-05-28 12:06:02+00:00,0.2483,False,,body only,0.6136,8.94,,,False
530,110,elastic/kibana,failed-test-investigator.md,7,2026-06-01 08:26:08+00:00,0.2402,False,,both,0.6385,3.85,steps,,False
531,110,elastic/kibana,failed-test-investigator.md,8,2026-06-10 06:32:14+00:00,0.2348,False,,both,0.8226,8.92,,,False
532,110,elastic/kibana,failed-test-investigator.md,9,2026-06-15 12:46:40+00:00,0.2348,False,,frontmatter only,1.0,5.26,,,False
533,110,elastic/kibana,failed-test-investigator.md,10,2026-06-17 08:13:43+00:00,0.2188,False,,both,0.8536,1.81,,,False
534,110,elastic/kibana,failed-test-investigator.md,11,2026-06-17 15:56:46+00:00,0.2173,False,,both,0.9868,0.32,,,False
535,110,elastic/kibana,failed-test-investigator.md,12,2026-06-18 09:49:03+00:00,0.2137,False,,both,0.9745,0.74,,,False
536,110,elastic/kibana,failed-test-investigator.md,13,2026-06-19 08:37:17+00:00,0.1728,False,,both,0.9396,0.95,,,False
537,110,elastic/kibana,failed-test-investigator.md,14,2026-06-19 14:39:53+00:00,0.1728,False,,frontmatter only,1.0,0.25,,,False
538,111,elastic/kibana,flaky-test-fixer.md,1,2026-06-10 06:32:14+00:00,1.0,False,,,,,,,
539,111,elastic/kibana,flaky-test-fixer.md,2,2026-06-15 12:46:40+00:00,1.0,False,,frontmatter only,1.0,5.26,,,False
540,111,elastic/kibana,flaky-test-fixer.md,3,2026-06-17 08:13:43+00:00,0.9029,False,,both,0.9029,1.81,,,False
541,111,elastic/kibana,flaky-test-fixer.md,4,2026-06-17 12:04:25+00:00,0.9029,False,,frontmatter only,1.0,0.16,,,False
542,111,elastic/kibana,flaky-test-fixer.md,5,2026-06-17 15:56:46+00:00,0.7383,False,,both,0.8334,0.16,,,False
543,111,elastic/kibana,flaky-test-fixer.md,6,2026-06-18 09:49:03+00:00,0.7383,False,,frontmatter only,1.0,0.74,,,False
544,112,elastic/kibana,reviewer-claude.md,1,2026-04-28 21:00:30+00:00,1.0,False,,,,,,,
545,112,elastic/kibana,reviewer-claude.md,2,2026-04-29 03:56:24+00:00,1.0,False,,frontmatter only,1.0,0.29,,,False
546,112,elastic/kibana,reviewer-claude.md,3,2026-04-29 04:49:32+00:00,1.0,False,,frontmatter only,1.0,0.04,,,False
547,112,elastic/kibana,reviewer-claude.md,4,2026-05-07 17:01:57+00:00,1.0,False,,frontmatter only,1.0,8.51,,,False
548,112,elastic/kibana,reviewer-claude.md,5,2026-05-18 21:22:50+00:00,0.5534,False,,both,0.5534,11.18,,,False
549,112,elastic/kibana,reviewer-claude.md,6,2026-05-18 21:52:29+00:00,0.5534,False,,frontmatter only,1.0,0.02,,,False
550,112,elastic/kibana,reviewer-claude.md,7,2026-06-03 13:00:11+00:00,0.5534,False,,frontmatter only,1.0,15.63,,,False
551,112,elastic/kibana,reviewer-claude.md,8,2026-06-03 17:38:02+00:00,0.4291,False,,both,0.7635,0.19,,,False
552,112,elastic/kibana,reviewer-claude.md,9,2026-06-05 18:10:51+00:00,0.4291,False,,frontmatter only,1.0,2.02,,,False
553,112,elastic/kibana,reviewer-claude.md,10,2026-06-05 19:22:42+00:00,0.4291,False,,frontmatter only,1.0,0.05,,,False
554,112,elastic/kibana,reviewer-claude.md,11,2026-06-23 22:54:19+00:00,0.4291,False,,frontmatter only,1.0,18.15,,,False
555,113,elastic/kibana,reviewer-codex.md,1,2026-05-05 23:21:51+00:00,1.0,False,,,,,,,
556,113,elastic/kibana,reviewer-codex.md,2,2026-05-18 21:22:50+00:00,0.4626,False,,both,0.4626,12.92,,,False
557,113,elastic/kibana,reviewer-codex.md,3,2026-05-18 21:52:29+00:00,0.4626,False,,frontmatter only,1.0,0.02,,,False
558,113,elastic/kibana,reviewer-codex.md,4,2026-06-03 13:00:11+00:00,0.4626,False,,frontmatter only,1.0,15.63,,,False
559,113,elastic/kibana,reviewer-codex.md,5,2026-06-03 17:38:02+00:00,0.3948,False,,both,0.8039,0.19,,,False
560,114,elastic/kibana,reviewer-scout.md,1,2026-06-19 13:38:01+00:00,1.0,False,,,,,,,
561,114,elastic/kibana,reviewer-scout.md,2,2026-06-19 15:11:48+00:00,1.0,False,,frontmatter only,1.0,0.07,,,False
562,115,lablup/backend.ai-webui,daily-test-improver.md,1,2025-11-25 09:26:02+00:00,1.0,False,githubnext/agentics/workflows/daily-test-improver.md@de988487053cfa3bed1c3027d414490cd9dd0096,,,,,,
563,115,lablup/backend.ai-webui,daily-test-improver.md,2,2025-12-02 10:04:22+00:00,0.989,False,githubnext/agentics/workflows/daily-test-improver.md@de988487053cfa3bed1c3027d414490cd9dd0096,body only,0.989,7.03,,,False
564,115,lablup/backend.ai-webui,daily-test-improver.md,3,2025-12-03 01:51:22+00:00,0.989,False,githubnext/agentics/workflows/daily-test-improver.md@de988487053cfa3bed1c3027d414490cd9dd0096,frontmatter only,1.0,0.66,,,False
565,115,lablup/backend.ai-webui,daily-test-improver.md,4,2026-01-06 00:32:56+00:00,0.989,False,githubnext/agentics/workflows/daily-test-improver.md@de988487053cfa3bed1c3027d414490cd9dd0096,frontmatter only,1.0,33.95,,,False
566,116,lablup/backend.ai-webui,e2e-healer.md,1,2026-02-09 15:12:35+00:00,1.0,False,,,,,,,
567,116,lablup/backend.ai-webui,e2e-healer.md,2,2026-05-08 14:41:34+00:00,1.0,False,,frontmatter only,1.0,87.98,,,False
568,116,lablup/backend.ai-webui,e2e-healer.md,3,2026-05-12 01:46:05+00:00,1.0,False,,frontmatter only,1.0,3.46,,,False
569,116,lablup/backend.ai-webui,e2e-healer.md,4,2026-06-14 11:28:53+00:00,1.0,False,,frontmatter only,1.0,33.4,,,False
570,117,lablup/backend.ai-webui,e2e-watchdog.md,1,2026-02-09 15:14:22+00:00,1.0,False,,,,,,,
571,117,lablup/backend.ai-webui,e2e-watchdog.md,2,2026-05-08 14:41:34+00:00,1.0,False,,frontmatter only,1.0,87.98,,,False
572,117,lablup/backend.ai-webui,e2e-watchdog.md,3,2026-05-12 01:46:05+00:00,1.0,False,,frontmatter only,1.0,3.46,,,False
573,117,lablup/backend.ai-webui,e2e-watchdog.md,4,2026-06-14 11:28:53+00:00,1.0,False,,frontmatter only,1.0,33.4,,,False
574,118,lablup/backend.ai-webui,storybook-coverage-checker.md,1,2026-02-04 07:07:34+00:00,1.0,False,,,,,,,
575,119,lablup/backend.ai-webui,weekly-team-status.md,1,2025-12-08 08:40:32+00:00,1.0,False,githubnext/agentics/workflows/weekly-team-status.md@de988487053cfa3bed1c3027d414490cd9dd0096,,,,,,
576,119,lablup/backend.ai-webui,weekly-team-status.md,2,2026-01-06 00:32:56+00:00,1.0,False,githubnext/agentics/workflows/weekly-team-status.md@de988487053cfa3bed1c3027d414490cd9dd0096,frontmatter only,1.0,28.66,,,False
577,120,Josverl/micropython-stubs,quality-issue-triage.md,1,2026-05-09 19:36:19+00:00,1.0,False,,,,,,,
578,120,Josverl/micropython-stubs,quality-issue-triage.md,2,2026-05-09 20:01:11+00:00,0.9163,False,,both,0.9163,0.02,,,False
579,120,Josverl/micropython-stubs,quality-issue-triage.md,3,2026-05-10 17:36:01+00:00,0.9163,False,,frontmatter only,1.0,0.9,,,False
580,121,pulumi/pulumi-postgresql,gh-aw-pr-rereview.md,1,2026-05-12 07:06:32+00:00,1.0,True,pulumi-labs/gh-aw-internal/.github/workflows/gh-aw-pr-rereview.md@8a92f53fac170563f7727cacab2dbedb5d5b9e29,,,,,,
581,122,pulumi/pulumi-postgresql,gh-aw-pr-review.md,1,2026-05-12 07:06:32+00:00,1.0,True,pulumi-labs/gh-aw-internal/.github/workflows/gh-aw-pr-review.md@8a92f53fac170563f7727cacab2dbedb5d5b9e29,,,,,,
582,123,pulumi/pulumi-linode,gh-aw-pr-rereview.md,1,2026-05-12 06:51:36+00:00,1.0,True,pulumi-labs/gh-aw-internal/.github/workflows/gh-aw-pr-rereview.md@8a92f53fac170563f7727cacab2dbedb5d5b9e29,,,,,,
583,124,pulumi/pulumi-linode,gh-aw-pr-review.md,1,2026-05-12 06:51:36+00:00,1.0,True,pulumi-labs/gh-aw-internal/.github/workflows/gh-aw-pr-review.md@8a92f53fac170563f7727cacab2dbedb5d5b9e29,,,,,,
584,125,licensee/licensee,repo-assist.md,1,2026-03-02 03:15:28+00:00,1.0,False,githubnext/agentics/workflows/repo-assist.md@da02dddebe71d9a937665abdcd1f5214dab852a7,,,,,,
585,125,licensee/licensee,repo-assist.md,2,2026-03-06 23:12:24+00:00,1.0,False,githubnext/agentics/workflows/repo-assist.md@da02dddebe71d9a937665abdcd1f5214dab852a7,frontmatter only,1.0,4.83,,,False
586,125,licensee/licensee,repo-assist.md,3,2026-03-19 04:31:13+00:00,0.96,False,githubnext/agentics/workflows/repo-assist.md@da02dddebe71d9a937665abdcd1f5214dab852a7,body only,0.96,12.22,,,False
587,125,licensee/licensee,repo-assist.md,4,2026-03-19 04:39:57+00:00,0.96,False,githubnext/agentics/workflows/repo-assist.md@da02dddebe71d9a937665abdcd1f5214dab852a7,body only,1.0,0.01,,,False
588,125,licensee/licensee,repo-assist.md,5,2026-03-19 04:40:43+00:00,0.9601,False,githubnext/agentics/workflows/repo-assist.md@da02dddebe71d9a937665abdcd1f5214dab852a7,body only,0.9979,0.0,,,False
589,125,licensee/licensee,repo-assist.md,6,2026-03-23 21:56:24+00:00,0.9137,False,githubnext/agentics/workflows/repo-assist.md@da02dddebe71d9a937665abdcd1f5214dab852a7,body only,0.9512,4.72,,,False
590,125,licensee/licensee,repo-assist.md,7,2026-03-24 16:24:11+00:00,0.9601,False,githubnext/agentics/workflows/repo-assist.md@da02dddebe71d9a937665abdcd1f5214dab852a7,body only,0.9512,0.77,,,False
591,125,licensee/licensee,repo-assist.md,8,2026-03-25 02:47:57+00:00,0.9601,False,githubnext/agentics/workflows/repo-assist.md@da02dddebe71d9a937665abdcd1f5214dab852a7,frontmatter only,1.0,0.43,,,False
592,125,licensee/licensee,repo-assist.md,9,2026-04-02 18:25:36+00:00,0.9601,False,githubnext/agentics/workflows/repo-assist.md@da02dddebe71d9a937665abdcd1f5214dab852a7,frontmatter only,1.0,8.65,,,False
593,125,licensee/licensee,repo-assist.md,10,2026-04-04 00:49:21+00:00,0.9601,False,githubnext/agentics/workflows/repo-assist.md@da02dddebe71d9a937665abdcd1f5214dab852a7,frontmatter only,1.0,1.27,,,False
594,125,licensee/licensee,repo-assist.md,11,2026-04-05 02:27:23+00:00,0.9601,False,githubnext/agentics/workflows/repo-assist.md@da02dddebe71d9a937665abdcd1f5214dab852a7,frontmatter only,1.0,1.07,,,False
595,125,licensee/licensee,repo-assist.md,12,2026-04-06 23:57:08+00:00,0.9552,False,githubnext/agentics/workflows/repo-assist.md@da02dddebe71d9a937665abdcd1f5214dab852a7,body only,0.9944,1.9,,,False
596,125,licensee/licensee,repo-assist.md,13,2026-04-24 23:25:29+00:00,0.9321,False,githubnext/agentics/workflows/repo-assist.md@da02dddebe71d9a937665abdcd1f5214dab852a7,both,0.9773,17.98,,,False
597,125,licensee/licensee,repo-assist.md,14,2026-05-04 14:31:02+00:00,0.9209,False,githubnext/agentics/workflows/repo-assist.md@da02dddebe71d9a937665abdcd1f5214dab852a7,both,0.9878,9.63,,,False
598,125,licensee/licensee,repo-assist.md,15,2026-05-06 15:58:42+00:00,0.9117,False,githubnext/agentics/workflows/repo-assist.md@da02dddebe71d9a937665abdcd1f5214dab852a7,body only,0.9717,2.06,,,False
599,125,licensee/licensee,repo-assist.md,16,2026-05-06 16:01:24+00:00,0.8826,False,githubnext/agentics/workflows/repo-assist.md@da02dddebe71d9a937665abdcd1f5214dab852a7,body only,0.9679,0.0,,,False
600,126,pulumi/pulumi-kubernetes-operator,kubernetes-operator-pr-rereview.md,1,2026-03-12 20:39:59+00:00,1.0,True,pulumi-labs/gh-aw-internal/.github/workflows/gh-aw-pr-rereview.md@734ef41746387a6818fd8ac3e619c9fd81ac6957,,,,,,
601,126,pulumi/pulumi-kubernetes-operator,kubernetes-operator-pr-rereview.md,2,2026-05-27 19:05:05+00:00,1.0,True,pulumi-labs/gh-aw-internal/.github/workflows/gh-aw-pr-rereview.md@8a92f53fac170563f7727cacab2dbedb5d5b9e29,frontmatter only,1.0,75.93,,,True
602,126,pulumi/pulumi-kubernetes-operator,kubernetes-operator-pr-rereview.md,3,2026-05-29 23:27:27+00:00,0.477,False,pulumi-labs/gh-aw-internal/.github/workflows/gh-aw-pr-rereview.md@242988150273951aad5f67b008256266bdff6112,both,0.477,2.18,,,True
603,127,pulumi/pulumi-kubernetes-operator,kubernetes-operator-pr-review.md,1,2026-03-12 20:39:59+00:00,1.0,True,pulumi-labs/gh-aw-internal/.github/workflows/gh-aw-pr-review.md@734ef41746387a6818fd8ac3e619c9fd81ac6957,,,,,,
604,127,pulumi/pulumi-kubernetes-operator,kubernetes-operator-pr-review.md,2,2026-05-27 19:05:05+00:00,1.0,True,pulumi-labs/gh-aw-internal/.github/workflows/gh-aw-pr-review.md@8a92f53fac170563f7727cacab2dbedb5d5b9e29,frontmatter only,1.0,75.93,,,True
605,127,pulumi/pulumi-kubernetes-operator,kubernetes-operator-pr-review.md,3,2026-05-29 23:27:27+00:00,0.3353,False,pulumi-labs/gh-aw-internal/.github/workflows/gh-aw-pr-review.md@242988150273951aad5f67b008256266bdff6112,both,0.3353,2.18,,,True
606,128,pulumi/pulumi-terraform,gh-aw-pr-rereview.md,1,2026-05-12 07:22:18+00:00,1.0,True,pulumi-labs/gh-aw-internal/.github/workflows/gh-aw-pr-rereview.md@8a92f53fac170563f7727cacab2dbedb5d5b9e29,,,,,,
607,129,pulumi/pulumi-terraform,gh-aw-pr-review.md,1,2026-05-12 07:22:18+00:00,1.0,True,pulumi-labs/gh-aw-internal/.github/workflows/gh-aw-pr-review.md@8a92f53fac170563f7727cacab2dbedb5d5b9e29,,,,,,
608,130,pulumi/pulumi-digitalocean,gh-aw-pr-rereview.md,1,2026-05-12 06:35:54+00:00,1.0,True,pulumi-labs/gh-aw-internal/.github/workflows/gh-aw-pr-rereview.md@8a92f53fac170563f7727cacab2dbedb5d5b9e29,,,,,,
609,131,pulumi/pulumi-digitalocean,gh-aw-pr-review.md,1,2026-05-12 06:35:54+00:00,1.0,True,pulumi-labs/gh-aw-internal/.github/workflows/gh-aw-pr-review.md@8a92f53fac170563f7727cacab2dbedb5d5b9e29,,,,,,
610,132,pulumi/pulumi-docker,gh-aw-pr-rereview.md,1,2026-05-12 06:37:59+00:00,1.0,True,pulumi-labs/gh-aw-internal/.github/workflows/gh-aw-pr-rereview.md@8a92f53fac170563f7727cacab2dbedb5d5b9e29,,,,,,
611,133,pulumi/pulumi-docker,gh-aw-pr-review.md,1,2026-05-12 06:37:59+00:00,1.0,True,pulumi-labs/gh-aw-internal/.github/workflows/gh-aw-pr-review.md@8a92f53fac170563f7727cacab2dbedb5d5b9e29,,,,,,
612,134,pulumi/pulumi-alicloud,gh-aw-pr-rereview.md,1,2026-05-12 06:18:43+00:00,1.0,True,pulumi-labs/gh-aw-internal/.github/workflows/gh-aw-pr-rereview.md@8a92f53fac170563f7727cacab2dbedb5d5b9e29,,,,,,
613,135,pulumi/pulumi-alicloud,gh-aw-pr-review.md,1,2026-05-12 06:18:43+00:00,1.0,True,pulumi-labs/gh-aw-internal/.github/workflows/gh-aw-pr-review.md@8a92f53fac170563f7727cacab2dbedb5d5b9e29,,,,,,
614,136,pulumi/pulumi-cloudflare,gh-aw-pr-rereview.md,1,2026-05-12 07:20:15+00:00,1.0,True,pulumi-labs/gh-aw-internal/.github/workflows/gh-aw-pr-rereview.md@8a92f53fac170563f7727cacab2dbedb5d5b9e29,,,,,,
615,137,pulumi/pulumi-cloudflare,gh-aw-pr-review.md,1,2026-05-12 07:20:15+00:00,1.0,True,pulumi-labs/gh-aw-internal/.github/workflows/gh-aw-pr-review.md@8a92f53fac170563f7727cacab2dbedb5d5b9e29,,,,,,
616,138,pulumi/pulumi-gcp,gh-aw-pr-rereview.md,1,2026-05-12 07:06:41+00:00,1.0,True,pulumi-labs/gh-aw-internal/.github/workflows/gh-aw-pr-rereview.md@8a92f53fac170563f7727cacab2dbedb5d5b9e29,,,,,,
617,139,pulumi/pulumi-gcp,gh-aw-pr-review.md,1,2026-05-12 07:06:41+00:00,1.0,True,pulumi-labs/gh-aw-internal/.github/workflows/gh-aw-pr-review.md@8a92f53fac170563f7727cacab2dbedb5d5b9e29,,,,,,
618,140,pulumi/pulumi-azure,gh-aw-pr-rereview.md,1,2026-05-12 07:15:23+00:00,1.0,True,pulumi-labs/gh-aw-internal/.github/workflows/gh-aw-pr-rereview.md@8a92f53fac170563f7727cacab2dbedb5d5b9e29,,,,,,
619,141,pulumi/pulumi-azure,gh-aw-pr-review.md,1,2026-05-12 07:15:23+00:00,1.0,True,pulumi-labs/gh-aw-internal/.github/workflows/gh-aw-pr-review.md@8a92f53fac170563f7727cacab2dbedb5d5b9e29,,,,,,
620,142,pulumi/pulumi-terraform-bridge,terraform-bridge-pr-rereview.md,1,2026-03-06 18:53:20+00:00,1.0,False,pulumi-labs/gh-aw-internal/.github/workflows/gh-aw-pr-rereview.md@99a309bf18258dbae98c8176ea10657e0b08deca,,,,,,
621,142,pulumi/pulumi-terraform-bridge,terraform-bridge-pr-rereview.md,2,2026-04-13 12:25:17+00:00,0.2241,True,pulumi-labs/gh-aw-internal/.github/workflows/gh-aw-pr-rereview.md@9a981e07d7134a447fac35073f0857f8512f16c4,both,0.2241,37.73,,engine; safe-outputs; steps; tools,True
622,142,pulumi/pulumi-terraform-bridge,terraform-bridge-pr-rereview.md,3,2026-05-11 17:58:56+00:00,0.2241,True,pulumi-labs/gh-aw-internal/.github/workflows/gh-aw-pr-rereview.md@8a92f53fac170563f7727cacab2dbedb5d5b9e29,frontmatter only,1.0,28.23,safe-outputs,,True
623,142,pulumi/pulumi-terraform-bridge,terraform-bridge-pr-rereview.md,4,2026-06-03 18:17:57+00:00,0.1653,False,pulumi-labs/gh-aw-internal/.github/workflows/gh-aw-pr-rereview.md@242988150273951aad5f67b008256266bdff6112,both,0.477,23.01,,,True
624,143,pulumi/pulumi-terraform-bridge,terraform-bridge-pr-review.md,1,2026-03-06 18:53:20+00:00,1.0,False,pulumi-labs/gh-aw-internal/.github/workflows/gh-aw-pr-review.md@99a309bf18258dbae98c8176ea10657e0b08deca,,,,,,
625,143,pulumi/pulumi-terraform-bridge,terraform-bridge-pr-review.md,2,2026-04-13 12:25:17+00:00,0.1388,True,pulumi-labs/gh-aw-internal/.github/workflows/gh-aw-pr-review.md@9a981e07d7134a447fac35073f0857f8512f16c4,both,0.1388,37.73,,engine; safe-outputs; steps; tools,True
626,143,pulumi/pulumi-terraform-bridge,terraform-bridge-pr-review.md,3,2026-05-11 17:58:56+00:00,0.1388,True,pulumi-labs/gh-aw-internal/.github/workflows/gh-aw-pr-review.md@8a92f53fac170563f7727cacab2dbedb5d5b9e29,frontmatter only,1.0,28.23,safe-outputs,,True
627,143,pulumi/pulumi-terraform-bridge,terraform-bridge-pr-review.md,4,2026-06-03 18:17:57+00:00,0.0992,False,pulumi-labs/gh-aw-internal/.github/workflows/gh-aw-pr-review.md@242988150273951aad5f67b008256266bdff6112,both,0.3353,23.01,,,True
628,144,pulumi/pulumi-provider-boilerplate,gh-aw-pr-rereview.md,1,2026-05-11 17:44:36+00:00,1.0,True,pulumi-labs/gh-aw-internal/.github/workflows/gh-aw-pr-rereview.md@8a92f53fac170563f7727cacab2dbedb5d5b9e29,,,,,,
629,145,pulumi/pulumi-provider-boilerplate,gh-aw-pr-review.md,1,2026-05-11 17:44:36+00:00,1.0,True,pulumi-labs/gh-aw-internal/.github/workflows/gh-aw-pr-review.md@8a92f53fac170563f7727cacab2dbedb5d5b9e29,,,,,,
630,146,pulumi/pulumi-kubernetes,gh-aw-pr-rereview.md,1,2026-05-12 07:07:26+00:00,1.0,True,pulumi-labs/gh-aw-internal/.github/workflows/gh-aw-pr-rereview.md@8a92f53fac170563f7727cacab2dbedb5d5b9e29,,,,,,
631,147,pulumi/pulumi-kubernetes,gh-aw-pr-review.md,1,2026-05-12 07:07:26+00:00,1.0,True,pulumi-labs/gh-aw-internal/.github/workflows/gh-aw-pr-review.md@8a92f53fac170563f7727cacab2dbedb5d5b9e29,,,,,,
632,148,pulumi/pulumi-aws,gh-aw-pr-rereview.md,1,2026-05-12 07:38:39+00:00,1.0,True,pulumi-labs/gh-aw-internal/.github/workflows/gh-aw-pr-rereview.md@8a92f53fac170563f7727cacab2dbedb5d5b9e29,,,,,,
633,149,pulumi/pulumi-aws,gh-aw-pr-review.md,1,2026-05-12 07:38:39+00:00,1.0,True,pulumi-labs/gh-aw-internal/.github/workflows/gh-aw-pr-review.md@8a92f53fac170563f7727cacab2dbedb5d5b9e29,,,,,,
634,150,royshil/obs-backgroundremoval,validate-pr.md,1,2026-03-30 22:54:20+00:00,1.0,False,,,,,,,
635,151,RustPython/RustPython,upgrade-pylib.md,1,2026-02-14 02:26:03+00:00,1.0,False,,,,,,,
636,151,RustPython/RustPython,upgrade-pylib.md,2,2026-02-14 04:47:41+00:00,0.9435,False,,both,0.9435,0.1,cache,,False
637,151,RustPython/RustPython,upgrade-pylib.md,3,2026-02-14 05:56:55+00:00,0.9141,False,,body only,0.9698,0.05,,,False
638,151,RustPython/RustPython,upgrade-pylib.md,4,2026-02-14 11:10:30+00:00,0.7656,False,,body only,0.8185,0.22,,,False
639,151,RustPython/RustPython,upgrade-pylib.md,5,2026-02-24 07:22:06+00:00,0.7656,False,,frontmatter only,1.0,9.84,,,False
640,151,RustPython/RustPython,upgrade-pylib.md,6,2026-04-09 17:38:14+00:00,0.7656,False,,frontmatter only,1.0,44.43,,,False
641,151,RustPython/RustPython,upgrade-pylib.md,7,2026-06-12 02:08:27+00:00,0.7656,False,,frontmatter only,1.0,63.35,,,False
642,152,wp-media/wp-rocket,pr-release-doc-generator.md,1,2026-02-20 17:25:33+00:00,1.0,False,,,,,,,
643,152,wp-media/wp-rocket,pr-release-doc-generator.md,2,2026-02-20 21:22:01+00:00,0.8703,False,,both,0.8703,0.16,,env,False
644,152,wp-media/wp-rocket,pr-release-doc-generator.md,3,2026-02-20 21:52:51+00:00,0.8553,False,,body only,0.9783,0.02,,,False
645,152,wp-media/wp-rocket,pr-release-doc-generator.md,4,2026-02-20 22:18:30+00:00,0.8553,False,,frontmatter only,1.0,0.02,,,False
646,153,pulumi/pulumi-github,gh-aw-pr-rereview.md,1,2026-05-12 06:39:24+00:00,1.0,True,pulumi-labs/gh-aw-internal/.github/workflows/gh-aw-pr-rereview.md@8a92f53fac170563f7727cacab2dbedb5d5b9e29,,,,,,
647,154,pulumi/pulumi-github,gh-aw-pr-review.md,1,2026-05-12 06:39:24+00:00,1.0,True,pulumi-labs/gh-aw-internal/.github/workflows/gh-aw-pr-review.md@8a92f53fac170563f7727cacab2dbedb5d5b9e29,,,,,,
648,155,elastic/elasticsearch-specification,kibana-type-check-analysis.md,1,2026-05-22 18:30:50+00:00,1.0,False,,,,,,,
649,155,elastic/elasticsearch-specification,kibana-type-check-analysis.md,2,2026-05-28 17:01:26+00:00,0.8601,False,,both,0.8601,5.94,,,False
650,155,elastic/elasticsearch-specification,kibana-type-check-analysis.md,3,2026-05-29 14:12:26+00:00,0.8601,False,,frontmatter only,1.0,0.88,,,False
651,155,elastic/elasticsearch-specification,kibana-type-check-analysis.md,4,2026-05-29 17:29:08+00:00,0.7736,False,,both,0.8612,0.14,,,False
652,155,elastic/elasticsearch-specification,kibana-type-check-analysis.md,5,2026-06-16 12:48:18+00:00,0.5965,False,,both,0.6584,17.8,,,False
653,155,elastic/elasticsearch-specification,kibana-type-check-analysis.md,6,2026-06-25 08:44:23+00:00,0.5965,False,,frontmatter only,1.0,8.83,,,False
654,156,elastic/elasticsearch-specification,spec-drift.md,1,2026-05-21 08:32:38+00:00,1.0,False,,,,,,,
655,156,elastic/elasticsearch-specification,spec-drift.md,2,2026-05-21 09:41:44+00:00,1.0,False,,frontmatter only,1.0,0.05,,,False
656,156,elastic/elasticsearch-specification,spec-drift.md,3,2026-05-27 09:47:01+00:00,0.7018,False,,both,0.7018,6.0,,,False
657,157,Azure/azure-sdk-for-go,issue-triage.md,1,2026-04-21 00:08:02+00:00,1.0,False,,,,,,,
658,158,Azure/azure-sdk-for-go,mgmt-review.md,1,2026-04-20 21:02:57+00:00,1.0,False,,,,,,,
659,158,Azure/azure-sdk-for-go,mgmt-review.md,2,2026-05-16 00:36:55+00:00,0.8637,False,,both,0.8637,25.15,,,False
660,159,SatelliteQE/broker,wiki-sync.md,1,2026-04-17 20:58:13+00:00,1.0,False,,,,,,,
661,160,sergey-tihon/Clippit,clippy.md,1,2026-03-11 19:06:15+00:00,1.0,False,githubnext/agentics/workflows/repo-assist.md@346204513ecfa08b81566450d7d599556807389f,,,,,,
662,160,sergey-tihon/Clippit,clippy.md,2,2026-04-01 17:48:13+00:00,0.9871,False,githubnext/agentics/workflows/repo-assist.md@1f672aef974f4246124860fc532f82fe8a93a57e,both,0.9871,20.95,checkout,,True
663,160,sergey-tihon/Clippit,clippy.md,3,2026-04-02 09:49:56+00:00,0.9871,False,githubnext/agentics/workflows/repo-assist.md@1f672aef974f4246124860fc532f82fe8a93a57e,frontmatter only,1.0,0.67,,,False
664,160,sergey-tihon/Clippit,clippy.md,4,2026-04-15 12:42:51+00:00,0.9871,False,githubnext/agentics/workflows/repo-assist.md@1f672aef974f4246124860fc532f82fe8a93a57e,frontmatter only,1.0,13.12,,,False
665,160,sergey-tihon/Clippit,clippy.md,5,2026-04-22 12:47:58+00:00,0.9871,False,githubnext/agentics/workflows/repo-assist.md@51c8f6ad4357d2ecc06e47120031b3d75e80227d,frontmatter only,1.0,7.0,,,True
666,160,sergey-tihon/Clippit,clippy.md,6,2026-04-25 07:53:37+00:00,0.9871,False,githubnext/agentics/workflows/repo-assist.md@3de4e604a36b5190a1c7dc4719c7341500ba8a95,frontmatter only,1.0,2.8,,,True
667,160,sergey-tihon/Clippit,clippy.md,7,2026-05-05 14:04:31+00:00,0.9481,False,githubnext/agentics/workflows/repo-assist.md@e8a4d8a2217966474ef08cedff70c92d65a7a1a5,both,0.9605,10.26,,,True
668,160,sergey-tihon/Clippit,clippy.md,8,2026-05-05 21:34:03+00:00,0.9481,False,githubnext/agentics/workflows/repo-assist.md@fc4ab36dedc44e2a1cdc195cecce262f06c81230,frontmatter only,1.0,0.31,,,True
669,160,sergey-tihon/Clippit,clippy.md,9,2026-05-09 07:17:13+00:00,0.9426,False,githubnext/agentics/workflows/repo-assist.md@497230d3867fe453aae74b15d06178d45a39fcce,both,0.9946,3.4,if,,True
670,160,sergey-tihon/Clippit,clippy.md,10,2026-05-10 20:44:12+00:00,0.9407,False,githubnext/agentics/workflows/repo-assist.md@497230d3867fe453aae74b15d06178d45a39fcce,both,0.9981,1.56,,,False
671,160,sergey-tihon/Clippit,clippy.md,11,2026-05-13 05:46:48+00:00,0.9367,False,githubnext/agentics/workflows/repo-assist.md@94ec5db57374c5b04a4b8eef8b4413f9af44d63f,both,0.9957,2.38,,,True
672,160,sergey-tihon/Clippit,clippy.md,12,2026-05-16 09:30:25+00:00,0.9367,False,githubnext/agentics/workflows/repo-assist.md@79c99dfd73f3b7ad8ab2b0f4944838018dbe4736,frontmatter only,1.0,3.16,,,True
673,160,sergey-tihon/Clippit,clippy.md,13,2026-05-20 06:26:46+00:00,0.9367,False,githubnext/agentics/workflows/repo-assist.md@dcdf09723d42ef9b6c75335e4612fd145d4ccdaa,frontmatter only,1.0,3.87,,,True
674,160,sergey-tihon/Clippit,clippy.md,14,2026-05-30 07:52:29+00:00,0.9367,False,githubnext/agentics/workflows/repo-assist.md@c02eadfca420f2b351f9fcaee883c507a63ca316,frontmatter only,1.0,10.06,,,True
675,160,sergey-tihon/Clippit,clippy.md,15,2026-06-10 14:52:39+00:00,0.9367,False,githubnext/agentics/workflows/repo-assist.md@e15e57b40918dbca11b350c55d02ab61934afa75,frontmatter only,1.0,11.29,,,True
676,160,sergey-tihon/Clippit,clippy.md,16,2026-06-10 14:55:48+00:00,0.9367,False,githubnext/agentics/workflows/repo-assist.md@e15e57b40918dbca11b350c55d02ab61934afa75,frontmatter only,1.0,0.0,,,False
677,160,sergey-tihon/Clippit,clippy.md,17,2026-06-21 06:22:33+00:00,0.9367,False,githubnext/agentics/workflows/repo-assist.md@d63b34de41bc0dc052096e094c732cf28eafc659,frontmatter only,1.0,10.64,,,True
678,160,sergey-tihon/Clippit,clippy.md,18,2026-06-23 19:42:21+00:00,0.9367,False,githubnext/agentics/workflows/repo-assist.md@d63b34de41bc0dc052096e094c732cf28eafc659,frontmatter only,1.0,2.56,,,False
679,161,microsoft/gctoolkit,relevance-check.md,1,2026-02-26 14:16:58+00:00,1.0,False,,,,,,,
680,161,microsoft/gctoolkit,relevance-check.md,2,2026-02-26 14:38:07+00:00,0.9914,False,,body only,0.9914,0.01,,,False
681,161,microsoft/gctoolkit,relevance-check.md,3,2026-02-26 15:50:07+00:00,0.9914,False,,frontmatter only,1.0,0.05,,,False
682,162,microsoft/gctoolkit,relevance-summary.md,1,2026-02-26 18:10:59+00:00,1.0,False,,,,,,,
683,163,apolloconfig/apollo,issue-triage.md,1,2026-02-10 13:59:22+00:00,1.0,False,,,,,,,
684,163,apolloconfig/apollo,issue-triage.md,2,2026-02-13 08:31:15+00:00,1.0,False,,frontmatter only,1.0,2.77,network; roles; tools,,False
685,164,evcc-io/evcc,triage-agent.md,1,2026-01-23 16:52:01+00:00,1.0,False,githubnext/gh-aw/.github/workflows/issue-triage-agent.md@87fe98fa15e2bb50f41225a356bbc07318b54fcf,,,,,,
686,164,evcc-io/evcc,triage-agent.md,2,2026-01-25 11:20:11+00:00,0.9851,False,githubnext/gh-aw/.github/workflows/issue-triage-agent.md@87fe98fa15e2bb50f41225a356bbc07318b54fcf,both,0.9851,1.77,,,False
687,164,evcc-io/evcc,triage-agent.md,3,2026-01-26 16:38:08+00:00,0.9851,False,githubnext/gh-aw/.github/workflows/issue-triage-agent.md@87fe98fa15e2bb50f41225a356bbc07318b54fcf,frontmatter only,1.0,1.22,if,,False
688,165,pulumi/pulumi-keycloak,gh-aw-pr-rereview.md,1,2026-05-12 06:46:45+00:00,1.0,True,pulumi-labs/gh-aw-internal/.github/workflows/gh-aw-pr-rereview.md@8a92f53fac170563f7727cacab2dbedb5d5b9e29,,,,,,
689,166,pulumi/pulumi-keycloak,gh-aw-pr-review.md,1,2026-05-12 06:46:45+00:00,1.0,True,pulumi-labs/gh-aw-internal/.github/workflows/gh-aw-pr-review.md@8a92f53fac170563f7727cacab2dbedb5d5b9e29,,,,,,
690,167,pulumi/pulumi-aws-native,gh-aw-pr-rereview.md,1,2026-05-12 06:38:30+00:00,1.0,True,pulumi-labs/gh-aw-internal/.github/workflows/gh-aw-pr-rereview.md@8a92f53fac170563f7727cacab2dbedb5d5b9e29,,,,,,
691,168,pulumi/pulumi-aws-native,gh-aw-pr-review.md,1,2026-05-12 06:38:30+00:00,1.0,True,pulumi-labs/gh-aw-internal/.github/workflows/gh-aw-pr-review.md@8a92f53fac170563f7727cacab2dbedb5d5b9e29,,,,,,
692,169,adoptium/containers,dockerfile-readiness.md,1,2026-04-24 09:28:42+00:00,1.0,False,,,,,,,
693,169,adoptium/containers,dockerfile-readiness.md,2,2026-04-25 09:16:36+00:00,0.8017,False,,body only,0.8017,0.99,,,False
694,169,adoptium/containers,dockerfile-readiness.md,3,2026-04-29 08:51:12+00:00,0.7508,False,,body only,0.9241,3.98,,,False
695,169,adoptium/containers,dockerfile-readiness.md,4,2026-05-05 08:05:40+00:00,0.7508,False,,frontmatter only,1.0,5.97,,,False
696,169,adoptium/containers,dockerfile-readiness.md,5,2026-05-05 08:42:28+00:00,0.7508,False,,frontmatter only,1.0,0.03,,,False
697,169,adoptium/containers,dockerfile-readiness.md,6,2026-05-05 11:55:44+00:00,0.716,False,,body only,0.9536,0.13,,,False
698,169,adoptium/containers,dockerfile-readiness.md,7,2026-06-14 22:09:26+00:00,0.716,False,,frontmatter only,1.0,40.43,,features,False
699,170,pulumi/pulumi-hcloud,gh-aw-pr-rereview.md,1,2026-05-12 06:44:00+00:00,1.0,True,pulumi-labs/gh-aw-internal/.github/workflows/gh-aw-pr-rereview.md@8a92f53fac170563f7727cacab2dbedb5d5b9e29,,,,,,
700,171,pulumi/pulumi-hcloud,gh-aw-pr-review.md,1,2026-05-12 06:44:00+00:00,1.0,True,pulumi-labs/gh-aw-internal/.github/workflows/gh-aw-pr-review.md@8a92f53fac170563f7727cacab2dbedb5d5b9e29,,,,,,
701,172,pulumi/pulumi-azuredevops,gh-aw-pr-rereview.md,1,2026-05-12 06:20:43+00:00,1.0,True,pulumi-labs/gh-aw-internal/.github/workflows/gh-aw-pr-rereview.md@8a92f53fac170563f7727cacab2dbedb5d5b9e29,,,,,,
702,173,pulumi/pulumi-azuredevops,gh-aw-pr-review.md,1,2026-05-12 06:20:43+00:00,1.0,True,pulumi-labs/gh-aw-internal/.github/workflows/gh-aw-pr-review.md@8a92f53fac170563f7727cacab2dbedb5d5b9e29,,,,,,
703,174,pulumi/pulumi-auth0,gh-aw-pr-rereview.md,1,2026-05-12 06:12:28+00:00,1.0,True,pulumi-labs/gh-aw-internal/.github/workflows/gh-aw-pr-rereview.md@8a92f53fac170563f7727cacab2dbedb5d5b9e29,,,,,,
704,175,pulumi/pulumi-auth0,gh-aw-pr-review.md,1,2026-05-12 06:12:28+00:00,1.0,True,pulumi-labs/gh-aw-internal/.github/workflows/gh-aw-pr-review.md@8a92f53fac170563f7727cacab2dbedb5d5b9e29,,,,,,
705,176,elastic/terraform-provider-elasticstack,change-factory-issue.md,1,2026-04-26 04:13:36+00:00,1.0,False,,,,,,,
706,176,elastic/terraform-provider-elasticstack,change-factory-issue.md,2,2026-04-27 02:05:50+00:00,1.0,False,,frontmatter only,1.0,0.91,,,False
707,176,elastic/terraform-provider-elasticstack,change-factory-issue.md,3,2026-04-27 03:42:26+00:00,0.966,False,,both,0.966,0.07,mcp-servers,,False
708,176,elastic/terraform-provider-elasticstack,change-factory-issue.md,4,2026-05-04 07:55:37+00:00,0.966,False,,frontmatter only,1.0,7.18,,,False
709,176,elastic/terraform-provider-elasticstack,change-factory-issue.md,5,2026-05-04 07:59:58+00:00,0.966,False,,frontmatter only,1.0,0.0,,,False
710,176,elastic/terraform-provider-elasticstack,change-factory-issue.md,6,2026-05-05 03:46:38+00:00,0.966,False,,frontmatter only,1.0,0.82,,,False
711,176,elastic/terraform-provider-elasticstack,change-factory-issue.md,7,2026-05-05 07:56:32+00:00,0.966,False,,frontmatter only,1.0,0.17,,,False
712,176,elastic/terraform-provider-elasticstack,change-factory-issue.md,8,2026-05-08 12:38:15+00:00,0.864,False,,body only,0.8949,3.2,,,False
713,176,elastic/terraform-provider-elasticstack,change-factory-issue.md,9,2026-05-09 12:20:34+00:00,0.8287,False,,both,0.8873,0.99,,,False
714,176,elastic/terraform-provider-elasticstack,change-factory-issue.md,10,2026-05-11 02:05:27+00:00,0.8145,False,,both,0.9829,1.57,,,False
715,176,elastic/terraform-provider-elasticstack,change-factory-issue.md,11,2026-05-11 05:07:52+00:00,0.8145,False,,frontmatter only,1.0,0.13,,,False
716,176,elastic/terraform-provider-elasticstack,change-factory-issue.md,12,2026-05-14 02:35:56+00:00,0.7912,False,,both,0.9749,2.89,,,False
717,176,elastic/terraform-provider-elasticstack,change-factory-issue.md,13,2026-05-14 05:23:14+00:00,0.7912,False,,frontmatter only,1.0,0.12,,,False
718,176,elastic/terraform-provider-elasticstack,change-factory-issue.md,14,2026-05-15 20:52:17+00:00,0.7912,False,,frontmatter only,1.0,1.65,,,False
719,176,elastic/terraform-provider-elasticstack,change-factory-issue.md,15,2026-05-16 11:20:32+00:00,0.7912,False,,frontmatter only,1.0,0.6,,,False
720,176,elastic/terraform-provider-elasticstack,change-factory-issue.md,16,2026-05-17 10:56:22+00:00,0.7912,False,,frontmatter only,1.0,0.98,,,False
721,176,elastic/terraform-provider-elasticstack,change-factory-issue.md,17,2026-05-18 03:08:06+00:00,0.7912,False,,frontmatter only,1.0,0.67,imports,,False
722,176,elastic/terraform-provider-elasticstack,change-factory-issue.md,18,2026-05-18 09:03:14+00:00,0.7912,False,,frontmatter only,1.0,0.25,,,False
723,176,elastic/terraform-provider-elasticstack,change-factory-issue.md,19,2026-05-18 11:26:59+00:00,0.7912,False,,frontmatter only,1.0,0.1,,,False
724,176,elastic/terraform-provider-elasticstack,change-factory-issue.md,20,2026-05-19 10:46:26+00:00,0.7912,False,,frontmatter only,1.0,0.97,,,False
725,176,elastic/terraform-provider-elasticstack,change-factory-issue.md,21,2026-05-20 05:15:12+00:00,0.7912,False,,frontmatter only,1.0,0.77,,,False
726,176,elastic/terraform-provider-elasticstack,change-factory-issue.md,22,2026-05-22 06:45:00+00:00,0.7912,False,,frontmatter only,1.0,2.06,,,False
727,176,elastic/terraform-provider-elasticstack,change-factory-issue.md,23,2026-06-02 11:35:44+00:00,0.7912,False,,frontmatter only,1.0,11.2,,,False
728,177,elastic/terraform-provider-elasticstack,ci-deadcode-removal-rotation.md,1,2026-05-16 11:58:01+00:00,1.0,False,,,,,,,
729,177,elastic/terraform-provider-elasticstack,ci-deadcode-removal-rotation.md,2,2026-05-16 12:40:02+00:00,1.0,False,,frontmatter only,1.0,0.03,,,False
730,177,elastic/terraform-provider-elasticstack,ci-deadcode-removal-rotation.md,3,2026-05-16 22:16:10+00:00,0.939,False,,both,0.939,0.4,,,False
731,177,elastic/terraform-provider-elasticstack,ci-deadcode-removal-rotation.md,4,2026-05-18 03:08:06+00:00,0.939,False,,frontmatter only,1.0,1.2,imports,,False
732,177,elastic/terraform-provider-elasticstack,ci-deadcode-removal-rotation.md,5,2026-05-18 09:03:14+00:00,0.939,False,,frontmatter only,1.0,0.25,,,False
733,177,elastic/terraform-provider-elasticstack,ci-deadcode-removal-rotation.md,6,2026-05-20 12:22:51+00:00,0.9328,False,,body only,0.9935,2.14,,,False
734,177,elastic/terraform-provider-elasticstack,ci-deadcode-removal-rotation.md,7,2026-05-22 06:45:00+00:00,0.9328,False,,frontmatter only,1.0,1.77,,,False
735,177,elastic/terraform-provider-elasticstack,ci-deadcode-removal-rotation.md,8,2026-06-02 11:35:44+00:00,0.9328,False,,frontmatter only,1.0,11.2,,,False
736,177,elastic/terraform-provider-elasticstack,ci-deadcode-removal-rotation.md,9,2026-06-03 04:55:17+00:00,0.9328,False,,frontmatter only,1.0,0.72,,,False
737,178,elastic/terraform-provider-elasticstack,code-factory-issue.md,1,2026-04-23 23:36:05+00:00,1.0,False,,,,,,,
738,178,elastic/terraform-provider-elasticstack,code-factory-issue.md,2,2026-04-24 00:01:04+00:00,1.0,False,,frontmatter only,1.0,0.02,,,False
739,178,elastic/terraform-provider-elasticstack,code-factory-issue.md,3,2026-04-24 11:36:27+00:00,1.0,False,,frontmatter only,1.0,0.48,timeout-minutes,,False
740,178,elastic/terraform-provider-elasticstack,code-factory-issue.md,4,2026-04-26 04:13:36+00:00,1.0,False,,frontmatter only,1.0,1.69,,,False
741,178,elastic/terraform-provider-elasticstack,code-factory-issue.md,5,2026-04-27 02:05:50+00:00,1.0,False,,frontmatter only,1.0,0.91,,,False
742,178,elastic/terraform-provider-elasticstack,code-factory-issue.md,6,2026-04-27 03:42:26+00:00,0.923,False,,both,0.923,0.07,mcp-servers,,False
743,178,elastic/terraform-provider-elasticstack,code-factory-issue.md,7,2026-05-04 07:55:37+00:00,0.923,False,,frontmatter only,1.0,7.18,,,False
744,178,elastic/terraform-provider-elasticstack,code-factory-issue.md,8,2026-05-04 07:59:58+00:00,0.923,False,,frontmatter only,1.0,0.0,,,False
745,178,elastic/terraform-provider-elasticstack,code-factory-issue.md,9,2026-05-05 03:46:38+00:00,0.923,False,,frontmatter only,1.0,0.82,,,False
746,178,elastic/terraform-provider-elasticstack,code-factory-issue.md,10,2026-05-05 07:56:32+00:00,0.923,False,,frontmatter only,1.0,0.17,,,False
747,178,elastic/terraform-provider-elasticstack,code-factory-issue.md,11,2026-05-06 04:15:33+00:00,0.8492,False,,both,0.9271,0.85,,,False
748,178,elastic/terraform-provider-elasticstack,code-factory-issue.md,12,2026-05-09 01:52:21+00:00,0.8182,False,,body only,0.9532,2.9,,,False
749,178,elastic/terraform-provider-elasticstack,code-factory-issue.md,13,2026-05-09 12:20:34+00:00,0.7957,False,,both,0.9747,0.44,,,False
750,178,elastic/terraform-provider-elasticstack,code-factory-issue.md,14,2026-05-11 02:05:27+00:00,0.7957,False,,frontmatter only,1.0,1.57,,,False
751,178,elastic/terraform-provider-elasticstack,code-factory-issue.md,15,2026-05-11 05:07:52+00:00,0.7957,False,,frontmatter only,1.0,0.13,,,False
752,178,elastic/terraform-provider-elasticstack,code-factory-issue.md,16,2026-05-14 02:35:56+00:00,0.7957,False,,frontmatter only,1.0,2.89,,,False
753,178,elastic/terraform-provider-elasticstack,code-factory-issue.md,17,2026-05-14 05:23:14+00:00,0.7957,False,,frontmatter only,1.0,0.12,,,False
754,178,elastic/terraform-provider-elasticstack,code-factory-issue.md,18,2026-05-16 11:20:32+00:00,0.7957,False,,frontmatter only,1.0,2.25,,,False
755,178,elastic/terraform-provider-elasticstack,code-factory-issue.md,19,2026-05-17 06:39:37+00:00,0.7957,False,,frontmatter only,1.0,0.8,,,False
756,178,elastic/terraform-provider-elasticstack,code-factory-issue.md,20,2026-05-17 10:30:58+00:00,0.6594,False,,both,0.8216,0.16,,,False
757,178,elastic/terraform-provider-elasticstack,code-factory-issue.md,21,2026-05-17 10:56:22+00:00,0.6594,False,,frontmatter only,1.0,0.02,,,False
758,178,elastic/terraform-provider-elasticstack,code-factory-issue.md,22,2026-05-17 11:04:35+00:00,0.6594,False,,frontmatter only,1.0,0.01,,,False
759,178,elastic/terraform-provider-elasticstack,code-factory-issue.md,23,2026-05-18 03:08:06+00:00,0.6594,False,,frontmatter only,1.0,0.67,imports,,False
760,178,elastic/terraform-provider-elasticstack,code-factory-issue.md,24,2026-05-18 09:03:14+00:00,0.6594,False,,frontmatter only,1.0,0.25,,,False
761,178,elastic/terraform-provider-elasticstack,code-factory-issue.md,25,2026-05-18 11:26:59+00:00,0.6594,False,,frontmatter only,1.0,0.1,,,False
762,178,elastic/terraform-provider-elasticstack,code-factory-issue.md,26,2026-05-19 01:47:03+00:00,0.6857,False,,both,0.882,0.6,,,False
763,178,elastic/terraform-provider-elasticstack,code-factory-issue.md,27,2026-05-19 10:46:26+00:00,0.6857,False,,frontmatter only,1.0,0.37,,,False
764,178,elastic/terraform-provider-elasticstack,code-factory-issue.md,28,2026-05-22 06:45:00+00:00,0.6857,False,,frontmatter only,1.0,2.83,,,False
765,178,elastic/terraform-provider-elasticstack,code-factory-issue.md,29,2026-05-31 02:04:32+00:00,0.576,False,,body only,0.8411,8.81,,,False
766,178,elastic/terraform-provider-elasticstack,code-factory-issue.md,30,2026-06-02 11:35:44+00:00,0.576,False,,frontmatter only,1.0,2.4,,,False
767,179,elastic/terraform-provider-elasticstack,duplicate-code-detector.md,1,2026-04-23 04:06:45+00:00,1.0,False,,,,,,,
768,179,elastic/terraform-provider-elasticstack,duplicate-code-detector.md,2,2026-04-23 04:16:05+00:00,1.0,False,,frontmatter only,1.0,0.01,,,False
769,179,elastic/terraform-provider-elasticstack,duplicate-code-detector.md,3,2026-04-23 06:13:04+00:00,1.0,False,,frontmatter only,1.0,0.08,,,False
770,179,elastic/terraform-provider-elasticstack,duplicate-code-detector.md,4,2026-04-24 07:51:55+00:00,0.9978,False,,body only,0.9978,1.07,,,False
771,179,elastic/terraform-provider-elasticstack,duplicate-code-detector.md,5,2026-05-04 07:55:37+00:00,0.9978,False,,frontmatter only,1.0,10.0,,,False
772,179,elastic/terraform-provider-elasticstack,duplicate-code-detector.md,6,2026-05-04 07:59:58+00:00,0.9978,False,,frontmatter only,1.0,0.0,,,False
773,179,elastic/terraform-provider-elasticstack,duplicate-code-detector.md,7,2026-05-05 03:46:38+00:00,0.9978,False,,frontmatter only,1.0,0.82,,,False
774,179,elastic/terraform-provider-elasticstack,duplicate-code-detector.md,8,2026-05-05 10:11:47+00:00,0.9978,False,,frontmatter only,1.0,0.27,checkout,,False
775,179,elastic/terraform-provider-elasticstack,duplicate-code-detector.md,9,2026-05-16 12:09:11+00:00,0.9978,False,,frontmatter only,1.0,11.08,,,False
776,179,elastic/terraform-provider-elasticstack,duplicate-code-detector.md,10,2026-05-18 09:03:14+00:00,0.9978,False,,frontmatter only,1.0,1.87,,,False
777,179,elastic/terraform-provider-elasticstack,duplicate-code-detector.md,11,2026-05-18 11:26:59+00:00,0.9978,False,,frontmatter only,1.0,0.1,,,False
778,179,elastic/terraform-provider-elasticstack,duplicate-code-detector.md,12,2026-05-22 12:20:13+00:00,0.9867,False,,both,0.9889,4.04,imports,,False
779,179,elastic/terraform-provider-elasticstack,duplicate-code-detector.md,13,2026-06-02 11:35:44+00:00,0.9867,False,,frontmatter only,1.0,10.97,,,False
780,180,elastic/terraform-provider-elasticstack,flaky-test-catcher.md,1,2026-05-05 10:47:45+00:00,1.0,False,,,,,,,
781,180,elastic/terraform-provider-elasticstack,flaky-test-catcher.md,2,2026-05-06 04:15:33+00:00,0.9872,False,,both,0.9872,0.73,,,False
782,180,elastic/terraform-provider-elasticstack,flaky-test-catcher.md,3,2026-05-16 12:09:11+00:00,0.9872,False,,frontmatter only,1.0,10.33,,,False
783,180,elastic/terraform-provider-elasticstack,flaky-test-catcher.md,4,2026-05-18 09:03:14+00:00,0.9872,False,,frontmatter only,1.0,1.87,,,False
784,180,elastic/terraform-provider-elasticstack,flaky-test-catcher.md,5,2026-05-18 11:26:59+00:00,0.9872,False,,frontmatter only,1.0,0.1,,,False
785,180,elastic/terraform-provider-elasticstack,flaky-test-catcher.md,6,2026-05-22 12:20:13+00:00,0.9872,False,,frontmatter only,1.0,4.04,imports,,False
786,180,elastic/terraform-provider-elasticstack,flaky-test-catcher.md,7,2026-06-02 11:35:44+00:00,0.9872,False,,frontmatter only,1.0,10.97,,,False
787,181,elastic/terraform-provider-elasticstack,issue-classifier.md,1,2026-05-14 11:20:15+00:00,1.0,False,,,,,,,
788,181,elastic/terraform-provider-elasticstack,issue-classifier.md,2,2026-05-15 00:34:31+00:00,1.0,False,,frontmatter only,1.0,0.55,tools,,False
789,181,elastic/terraform-provider-elasticstack,issue-classifier.md,3,2026-05-18 09:03:14+00:00,1.0,False,,frontmatter only,1.0,3.35,checkout,,False
790,181,elastic/terraform-provider-elasticstack,issue-classifier.md,4,2026-05-18 11:26:59+00:00,1.0,False,,frontmatter only,1.0,0.1,,,False
791,181,elastic/terraform-provider-elasticstack,issue-classifier.md,5,2026-05-22 06:45:00+00:00,1.0,False,,frontmatter only,1.0,3.8,,,False
792,181,elastic/terraform-provider-elasticstack,issue-classifier.md,6,2026-06-02 11:35:44+00:00,1.0,False,,frontmatter only,1.0,11.2,,,False
793,182,elastic/terraform-provider-elasticstack,kibana-spec-impact.md,1,2026-04-17 07:52:22+00:00,1.0,False,,,,,,,
794,182,elastic/terraform-provider-elasticstack,kibana-spec-impact.md,2,2026-04-22 00:43:20+00:00,1.0,False,,frontmatter only,1.0,4.7,,,False
795,182,elastic/terraform-provider-elasticstack,kibana-spec-impact.md,3,2026-04-23 23:27:59+00:00,0.9581,False,,both,0.9581,1.95,,,False
796,182,elastic/terraform-provider-elasticstack,kibana-spec-impact.md,4,2026-04-30 06:32:20+00:00,0.9581,False,,frontmatter only,1.0,6.29,,,False
797,182,elastic/terraform-provider-elasticstack,kibana-spec-impact.md,5,2026-05-04 07:55:37+00:00,0.9581,False,,frontmatter only,1.0,4.06,,,False
798,182,elastic/terraform-provider-elasticstack,kibana-spec-impact.md,6,2026-05-04 07:59:58+00:00,0.9581,False,,frontmatter only,1.0,0.0,,,False
799,182,elastic/terraform-provider-elasticstack,kibana-spec-impact.md,7,2026-05-05 03:46:38+00:00,0.9581,False,,frontmatter only,1.0,0.82,,,False
800,182,elastic/terraform-provider-elasticstack,kibana-spec-impact.md,8,2026-05-18 03:08:06+00:00,0.9581,False,,frontmatter only,1.0,12.97,imports,,False
801,182,elastic/terraform-provider-elasticstack,kibana-spec-impact.md,9,2026-05-18 09:03:14+00:00,0.9581,False,,frontmatter only,1.0,0.25,,,False
802,182,elastic/terraform-provider-elasticstack,kibana-spec-impact.md,10,2026-05-22 06:45:00+00:00,0.9581,False,,frontmatter only,1.0,3.9,,,False
803,182,elastic/terraform-provider-elasticstack,kibana-spec-impact.md,11,2026-06-02 11:35:44+00:00,0.9581,False,,frontmatter only,1.0,11.2,,,False
804,183,elastic/terraform-provider-elasticstack,openspec-verify-label.md,1,2026-03-25 03:52:09+00:00,1.0,False,,,,,,,
805,183,elastic/terraform-provider-elasticstack,openspec-verify-label.md,2,2026-03-26 07:01:31+00:00,0.995,False,,both,0.995,1.13,jobs,,False
806,183,elastic/terraform-provider-elasticstack,openspec-verify-label.md,3,2026-03-27 10:06:16+00:00,0.891,False,,both,0.8957,1.13,steps,,False
807,183,elastic/terraform-provider-elasticstack,openspec-verify-label.md,4,2026-03-29 10:09:57+00:00,0.9437,False,,both,0.9225,2.0,runtimes,,False
808,183,elastic/terraform-provider-elasticstack,openspec-verify-label.md,5,2026-03-30 02:13:28+00:00,0.6312,False,,both,0.6264,0.67,if,,False
809,183,elastic/terraform-provider-elasticstack,openspec-verify-label.md,6,2026-03-30 03:24:21+00:00,0.6312,False,,frontmatter only,1.0,0.05,,runtimes,False
810,183,elastic/terraform-provider-elasticstack,openspec-verify-label.md,7,2026-03-30 06:48:49+00:00,0.5849,False,,both,0.909,0.14,,,False
811,183,elastic/terraform-provider-elasticstack,openspec-verify-label.md,8,2026-04-04 09:38:38+00:00,0.5757,False,,both,0.9669,5.12,,,False
812,183,elastic/terraform-provider-elasticstack,openspec-verify-label.md,9,2026-04-06 12:39:17+00:00,0.5029,False,,both,0.844,2.13,,,False
813,183,elastic/terraform-provider-elasticstack,openspec-verify-label.md,10,2026-04-06 21:39:11+00:00,0.5202,False,,both,0.9312,0.37,,,False
814,183,elastic/terraform-provider-elasticstack,openspec-verify-label.md,11,2026-04-07 02:13:00+00:00,0.4588,False,,both,0.8247,0.19,,,False
815,183,elastic/terraform-provider-elasticstack,openspec-verify-label.md,12,2026-04-07 02:21:23+00:00,0.4581,False,,body only,0.9936,0.01,,,False
816,183,elastic/terraform-provider-elasticstack,openspec-verify-label.md,13,2026-04-07 02:25:54+00:00,0.4658,False,,body only,0.9812,0.0,,,False
817,183,elastic/terraform-provider-elasticstack,openspec-verify-label.md,14,2026-04-07 07:20:55+00:00,0.4994,False,,both,0.9299,0.2,,,False
818,183,elastic/terraform-provider-elasticstack,openspec-verify-label.md,15,2026-04-14 11:23:51+00:00,0.4994,False,,frontmatter only,1.0,7.17,,,False
819,183,elastic/terraform-provider-elasticstack,openspec-verify-label.md,16,2026-04-14 11:47:39+00:00,0.4893,False,,body only,0.9797,0.02,,,False
820,183,elastic/terraform-provider-elasticstack,openspec-verify-label.md,17,2026-04-22 00:43:20+00:00,0.4893,False,,frontmatter only,1.0,7.54,,,False
821,183,elastic/terraform-provider-elasticstack,openspec-verify-label.md,18,2026-04-27 02:05:50+00:00,0.4893,False,,frontmatter only,1.0,5.06,,,False
822,183,elastic/terraform-provider-elasticstack,openspec-verify-label.md,19,2026-05-04 07:55:37+00:00,0.4893,False,,frontmatter only,1.0,7.24,,,False
823,183,elastic/terraform-provider-elasticstack,openspec-verify-label.md,20,2026-05-04 07:59:58+00:00,0.4893,False,,frontmatter only,1.0,0.0,,,False
824,183,elastic/terraform-provider-elasticstack,openspec-verify-label.md,21,2026-05-05 03:46:38+00:00,0.4893,False,,frontmatter only,1.0,0.82,,,False
825,183,elastic/terraform-provider-elasticstack,openspec-verify-label.md,22,2026-05-06 05:32:28+00:00,0.4893,False,,frontmatter only,1.0,1.07,,,False
826,183,elastic/terraform-provider-elasticstack,openspec-verify-label.md,23,2026-05-08 05:39:22+00:00,0.3571,False,,body only,0.6823,2.0,,,False
827,183,elastic/terraform-provider-elasticstack,openspec-verify-label.md,24,2026-05-08 09:07:47+00:00,0.4893,False,,body only,0.6823,0.14,,,False
828,183,elastic/terraform-provider-elasticstack,openspec-verify-label.md,25,2026-05-18 03:08:06+00:00,0.4893,False,,frontmatter only,1.0,9.75,imports,,False
829,183,elastic/terraform-provider-elasticstack,openspec-verify-label.md,26,2026-05-18 09:03:14+00:00,0.4893,False,,frontmatter only,1.0,0.25,,,False
830,183,elastic/terraform-provider-elasticstack,openspec-verify-label.md,27,2026-05-18 11:18:56+00:00,0.4893,False,,frontmatter only,1.0,0.09,,,False
831,183,elastic/terraform-provider-elasticstack,openspec-verify-label.md,28,2026-05-22 03:44:38+00:00,0.4893,False,,frontmatter only,1.0,3.68,,,False
832,183,elastic/terraform-provider-elasticstack,openspec-verify-label.md,29,2026-05-22 06:45:00+00:00,0.4893,False,,frontmatter only,1.0,0.13,,,False
833,183,elastic/terraform-provider-elasticstack,openspec-verify-label.md,30,2026-06-02 11:35:44+00:00,0.4893,False,,frontmatter only,1.0,11.2,,,False
834,184,elastic/terraform-provider-elasticstack,reproducer-factory-issue.md,1,2026-05-14 02:35:56+00:00,1.0,False,,,,,,,
835,184,elastic/terraform-provider-elasticstack,reproducer-factory-issue.md,2,2026-05-15 20:52:17+00:00,1.0,False,,frontmatter only,1.0,1.76,,,False
836,184,elastic/terraform-provider-elasticstack,reproducer-factory-issue.md,3,2026-05-16 11:20:32+00:00,1.0,False,,frontmatter only,1.0,0.6,,,False
837,184,elastic/terraform-provider-elasticstack,reproducer-factory-issue.md,4,2026-05-17 10:56:22+00:00,1.0,False,,frontmatter only,1.0,0.98,,,False
838,184,elastic/terraform-provider-elasticstack,reproducer-factory-issue.md,5,2026-05-18 03:08:06+00:00,0.8711,False,,both,0.8711,0.67,imports,,False
839,184,elastic/terraform-provider-elasticstack,reproducer-factory-issue.md,6,2026-05-18 09:03:14+00:00,0.8711,False,,frontmatter only,1.0,0.25,,,False
840,184,elastic/terraform-provider-elasticstack,reproducer-factory-issue.md,7,2026-05-18 11:26:59+00:00,0.8711,False,,frontmatter only,1.0,0.1,,,False
841,184,elastic/terraform-provider-elasticstack,reproducer-factory-issue.md,8,2026-05-19 01:47:03+00:00,0.9071,False,,both,0.902,0.6,,,False
842,184,elastic/terraform-provider-elasticstack,reproducer-factory-issue.md,9,2026-05-19 01:50:29+00:00,0.9071,False,,frontmatter only,1.0,0.0,,,False
843,184,elastic/terraform-provider-elasticstack,reproducer-factory-issue.md,10,2026-05-19 10:46:26+00:00,0.9071,False,,frontmatter only,1.0,0.37,,,False
844,184,elastic/terraform-provider-elasticstack,reproducer-factory-issue.md,11,2026-05-20 05:15:12+00:00,0.9071,False,,frontmatter only,1.0,0.77,,,False
845,184,elastic/terraform-provider-elasticstack,reproducer-factory-issue.md,12,2026-05-22 06:45:00+00:00,0.9071,False,,frontmatter only,1.0,2.06,,,False
846,184,elastic/terraform-provider-elasticstack,reproducer-factory-issue.md,13,2026-06-02 11:35:44+00:00,0.9071,False,,frontmatter only,1.0,11.2,,,False
847,185,elastic/terraform-provider-elasticstack,research-factory-issue.md,1,2026-05-08 12:38:15+00:00,1.0,False,,,,,,,
848,185,elastic/terraform-provider-elasticstack,research-factory-issue.md,2,2026-05-08 12:53:22+00:00,0.9955,False,,both,0.9955,0.01,,,False
849,185,elastic/terraform-provider-elasticstack,research-factory-issue.md,3,2026-05-09 12:20:34+00:00,0.7355,False,,both,0.7403,0.98,env,,False
850,185,elastic/terraform-provider-elasticstack,research-factory-issue.md,4,2026-05-09 13:00:19+00:00,0.7323,False,,both,0.987,0.03,,,False
851,185,elastic/terraform-provider-elasticstack,research-factory-issue.md,5,2026-05-09 13:17:12+00:00,0.7323,False,,frontmatter only,1.0,0.01,,,False
852,185,elastic/terraform-provider-elasticstack,research-factory-issue.md,6,2026-05-10 11:26:57+00:00,0.7323,False,,frontmatter only,1.0,0.92,,,False
853,185,elastic/terraform-provider-elasticstack,research-factory-issue.md,7,2026-05-11 02:05:27+00:00,0.7323,False,,frontmatter only,1.0,0.61,,,False
854,185,elastic/terraform-provider-elasticstack,research-factory-issue.md,8,2026-05-11 05:07:52+00:00,0.7323,False,,frontmatter only,1.0,0.13,,,False
855,185,elastic/terraform-provider-elasticstack,research-factory-issue.md,9,2026-05-14 02:35:56+00:00,0.7323,False,,frontmatter only,1.0,2.89,,,False
856,185,elastic/terraform-provider-elasticstack,research-factory-issue.md,10,2026-05-16 11:20:32+00:00,0.7323,False,,frontmatter only,1.0,2.36,,,False
857,185,elastic/terraform-provider-elasticstack,research-factory-issue.md,11,2026-05-17 10:56:22+00:00,0.7323,False,,frontmatter only,1.0,0.98,,,False
858,185,elastic/terraform-provider-elasticstack,research-factory-issue.md,12,2026-05-18 03:08:06+00:00,0.7323,False,,frontmatter only,1.0,0.67,imports,,False
859,185,elastic/terraform-provider-elasticstack,research-factory-issue.md,13,2026-05-18 09:03:14+00:00,0.7323,False,,frontmatter only,1.0,0.25,,,False
860,185,elastic/terraform-provider-elasticstack,research-factory-issue.md,14,2026-05-18 11:26:59+00:00,0.7323,False,,frontmatter only,1.0,0.1,,,False
861,185,elastic/terraform-provider-elasticstack,research-factory-issue.md,15,2026-05-19 01:47:03+00:00,0.7323,False,,frontmatter only,1.0,0.6,,,False
862,185,elastic/terraform-provider-elasticstack,research-factory-issue.md,16,2026-05-19 01:50:29+00:00,0.7323,False,,frontmatter only,1.0,0.0,,,False
863,185,elastic/terraform-provider-elasticstack,research-factory-issue.md,17,2026-05-19 10:46:26+00:00,0.7323,False,,frontmatter only,1.0,0.37,,,False
864,185,elastic/terraform-provider-elasticstack,research-factory-issue.md,18,2026-05-22 06:45:00+00:00,0.7323,False,,frontmatter only,1.0,2.83,,,False
865,185,elastic/terraform-provider-elasticstack,research-factory-issue.md,19,2026-06-02 11:35:44+00:00,0.7323,False,,frontmatter only,1.0,11.2,,,False
866,186,elastic/terraform-provider-elasticstack,schema-coverage-rotation.md,1,2026-03-05 00:38:50+00:00,1.0,False,,,,,,,
867,186,elastic/terraform-provider-elasticstack,schema-coverage-rotation.md,2,2026-03-05 02:33:21+00:00,1.0,False,,frontmatter only,1.0,0.08,,,False
868,186,elastic/terraform-provider-elasticstack,schema-coverage-rotation.md,3,2026-03-05 02:56:53+00:00,0.8427,False,,body only,0.8427,0.02,,,False
869,186,elastic/terraform-provider-elasticstack,schema-coverage-rotation.md,4,2026-03-05 04:08:43+00:00,0.7628,False,,body only,0.9078,0.05,,,False
870,186,elastic/terraform-provider-elasticstack,schema-coverage-rotation.md,5,2026-03-05 05:34:02+00:00,0.7486,False,,body only,0.9805,0.06,,,False
871,186,elastic/terraform-provider-elasticstack,schema-coverage-rotation.md,6,2026-03-05 07:20:02+00:00,0.7486,False,,frontmatter only,1.0,0.07,,,False
872,186,elastic/terraform-provider-elasticstack,schema-coverage-rotation.md,7,2026-03-13 02:10:52+00:00,0.6683,False,,both,0.9327,7.79,,,False
873,186,elastic/terraform-provider-elasticstack,schema-coverage-rotation.md,8,2026-03-13 02:31:14+00:00,0.6683,False,,body only,1.0,0.01,,,False
874,186,elastic/terraform-provider-elasticstack,schema-coverage-rotation.md,9,2026-03-24 01:44:19+00:00,0.6683,False,,frontmatter only,1.0,10.97,,,False
875,186,elastic/terraform-provider-elasticstack,schema-coverage-rotation.md,10,2026-03-24 02:19:47+00:00,0.6653,False,,body only,0.9958,0.02,,,False
876,186,elastic/terraform-provider-elasticstack,schema-coverage-rotation.md,11,2026-04-09 11:33:09+00:00,0.6619,False,,body only,0.9938,16.38,,,False
877,186,elastic/terraform-provider-elasticstack,schema-coverage-rotation.md,12,2026-04-11 20:45:20+00:00,0.6596,False,,both,0.8845,2.38,if; jobs,,False
878,186,elastic/terraform-provider-elasticstack,schema-coverage-rotation.md,13,2026-04-12 12:40:58+00:00,0.6131,False,,both,0.9281,0.66,network; steps,,False
879,186,elastic/terraform-provider-elasticstack,schema-coverage-rotation.md,14,2026-04-14 07:22:29+00:00,0.3844,False,,body only,0.726,1.78,,,False
880,186,elastic/terraform-provider-elasticstack,schema-coverage-rotation.md,15,2026-04-14 23:03:12+00:00,0.3844,False,,frontmatter only,1.0,0.65,,,False
881,186,elastic/terraform-provider-elasticstack,schema-coverage-rotation.md,16,2026-04-22 00:43:20+00:00,0.3844,False,,frontmatter only,1.0,7.07,,,False
882,186,elastic/terraform-provider-elasticstack,schema-coverage-rotation.md,17,2026-04-23 04:06:45+00:00,0.3848,False,,both,0.9949,1.14,,,False
883,186,elastic/terraform-provider-elasticstack,schema-coverage-rotation.md,18,2026-05-04 07:55:37+00:00,0.3848,False,,frontmatter only,1.0,11.16,,,False
884,186,elastic/terraform-provider-elasticstack,schema-coverage-rotation.md,19,2026-05-04 07:59:58+00:00,0.3848,False,,frontmatter only,1.0,0.0,,,False
885,186,elastic/terraform-provider-elasticstack,schema-coverage-rotation.md,20,2026-05-05 03:46:38+00:00,0.3699,False,,both,0.9624,0.82,,,False
886,186,elastic/terraform-provider-elasticstack,schema-coverage-rotation.md,21,2026-05-06 04:15:33+00:00,0.3643,False,,both,0.9809,1.02,,,False
887,186,elastic/terraform-provider-elasticstack,schema-coverage-rotation.md,22,2026-05-16 12:09:11+00:00,0.3643,False,,frontmatter only,1.0,10.33,,,False
888,186,elastic/terraform-provider-elasticstack,schema-coverage-rotation.md,23,2026-05-18 03:08:06+00:00,0.3643,False,,frontmatter only,1.0,1.62,imports,,False
889,186,elastic/terraform-provider-elasticstack,schema-coverage-rotation.md,24,2026-05-18 09:03:14+00:00,0.3643,False,,frontmatter only,1.0,0.25,checkout,,False
890,186,elastic/terraform-provider-elasticstack,schema-coverage-rotation.md,25,2026-05-18 11:26:59+00:00,0.3643,False,,frontmatter only,1.0,0.1,,,False
891,186,elastic/terraform-provider-elasticstack,schema-coverage-rotation.md,26,2026-05-22 06:45:00+00:00,0.3643,False,,frontmatter only,1.0,3.8,,,False
892,186,elastic/terraform-provider-elasticstack,schema-coverage-rotation.md,27,2026-05-22 12:20:13+00:00,0.3643,False,,frontmatter only,1.0,0.23,,,False
893,186,elastic/terraform-provider-elasticstack,schema-coverage-rotation.md,28,2026-06-02 11:35:44+00:00,0.3643,False,,frontmatter only,1.0,10.97,,,False
894,187,elastic/terraform-provider-elasticstack,security-role-docs-drift.md,1,2026-05-27 10:51:51+00:00,1.0,False,,,,,,,
895,187,elastic/terraform-provider-elasticstack,security-role-docs-drift.md,2,2026-06-02 11:35:44+00:00,1.0,False,,frontmatter only,1.0,6.03,,,False
896,188,elastic/terraform-provider-elasticstack,semantic-function-refactor.md,1,2026-05-04 23:22:27+00:00,1.0,False,,,,,,,
897,188,elastic/terraform-provider-elasticstack,semantic-function-refactor.md,2,2026-05-05 03:46:38+00:00,1.0,False,,frontmatter only,1.0,0.18,,,False
898,188,elastic/terraform-provider-elasticstack,semantic-function-refactor.md,3,2026-05-06 04:15:33+00:00,0.9931,False,,both,0.9931,1.02,,,False
899,188,elastic/terraform-provider-elasticstack,semantic-function-refactor.md,4,2026-05-16 12:09:11+00:00,0.9931,False,,frontmatter only,1.0,10.33,,,False
900,188,elastic/terraform-provider-elasticstack,semantic-function-refactor.md,5,2026-05-18 09:03:14+00:00,0.9931,False,,frontmatter only,1.0,1.87,checkout,,False
901,188,elastic/terraform-provider-elasticstack,semantic-function-refactor.md,6,2026-05-18 11:26:59+00:00,0.9931,False,,frontmatter only,1.0,0.1,,,False
902,188,elastic/terraform-provider-elasticstack,semantic-function-refactor.md,7,2026-05-19 01:50:29+00:00,0.9931,False,,frontmatter only,1.0,0.6,,,False
903,188,elastic/terraform-provider-elasticstack,semantic-function-refactor.md,8,2026-05-19 08:06:32+00:00,0.9893,False,,both,0.9961,0.26,,,False
904,188,elastic/terraform-provider-elasticstack,semantic-function-refactor.md,9,2026-05-19 21:25:56+00:00,0.9893,False,,frontmatter only,1.0,0.56,,,False
905,188,elastic/terraform-provider-elasticstack,semantic-function-refactor.md,10,2026-05-20 00:03:46+00:00,0.9893,False,,frontmatter only,1.0,0.11,,,False
906,188,elastic/terraform-provider-elasticstack,semantic-function-refactor.md,11,2026-05-20 00:46:18+00:00,0.9893,False,,frontmatter only,1.0,0.03,,,False
907,188,elastic/terraform-provider-elasticstack,semantic-function-refactor.md,12,2026-05-22 06:45:00+00:00,0.9815,False,,both,0.9923,2.25,imports,mcp-servers,False
908,188,elastic/terraform-provider-elasticstack,semantic-function-refactor.md,13,2026-05-22 12:20:13+00:00,0.9815,False,,frontmatter only,1.0,0.23,,,False
909,188,elastic/terraform-provider-elasticstack,semantic-function-refactor.md,14,2026-06-02 11:35:44+00:00,0.9815,False,,frontmatter only,1.0,10.97,,,False
910,189,pulumi/pulumi-azuread,gh-aw-pr-rereview.md,1,2026-05-12 06:21:22+00:00,1.0,True,pulumi-labs/gh-aw-internal/.github/workflows/gh-aw-pr-rereview.md@8a92f53fac170563f7727cacab2dbedb5d5b9e29,,,,,,
911,190,pulumi/pulumi-azuread,gh-aw-pr-review.md,1,2026-05-12 06:21:22+00:00,1.0,True,pulumi-labs/gh-aw-internal/.github/workflows/gh-aw-pr-review.md@8a92f53fac170563f7727cacab2dbedb5d5b9e29,,,,,,
912,191,pulumi/pulumi-gitlab,gh-aw-pr-rereview.md,1,2026-05-12 06:42:27+00:00,1.0,True,pulumi-labs/gh-aw-internal/.github/workflows/gh-aw-pr-rereview.md@8a92f53fac170563f7727cacab2dbedb5d5b9e29,,,,,,
913,192,pulumi/pulumi-gitlab,gh-aw-pr-review.md,1,2026-05-12 06:42:27+00:00,1.0,True,pulumi-labs/gh-aw-internal/.github/workflows/gh-aw-pr-review.md@8a92f53fac170563f7727cacab2dbedb5d5b9e29,,,,,,
914,193,pulumi/pulumi-datadog,gh-aw-pr-rereview.md,1,2026-05-12 06:42:51+00:00,1.0,True,pulumi-labs/gh-aw-internal/.github/workflows/gh-aw-pr-rereview.md@8a92f53fac170563f7727cacab2dbedb5d5b9e29,,,,,,
915,194,pulumi/pulumi-datadog,gh-aw-pr-review.md,1,2026-05-12 06:42:51+00:00,1.0,True,pulumi-labs/gh-aw-internal/.github/workflows/gh-aw-pr-review.md@8a92f53fac170563f7727cacab2dbedb5d5b9e29,,,,,,
916,195,advanced-security/advanced-security-material,codeql-version-tracker.md,1,2026-04-21 19:12:16+00:00,1.0,False,,,,,,,
917,195,advanced-security/advanced-security-material,codeql-version-tracker.md,2,2026-04-22 17:28:46+00:00,0.8415,False,,both,0.8415,0.93,,,False
918,195,advanced-security/advanced-security-material,codeql-version-tracker.md,3,2026-04-22 17:39:48+00:00,0.8251,False,,body only,0.9798,0.01,,,False
919,195,advanced-security/advanced-security-material,codeql-version-tracker.md,4,2026-04-22 17:54:42+00:00,0.8166,False,,body only,0.9935,0.01,,,False
920,195,advanced-security/advanced-security-material,codeql-version-tracker.md,5,2026-04-22 18:06:51+00:00,0.8162,False,,body only,0.9996,0.01,,,False
921,195,advanced-security/advanced-security-material,codeql-version-tracker.md,6,2026-04-22 18:37:49+00:00,0.8099,False,,body only,0.9923,0.02,,,False
922,195,advanced-security/advanced-security-material,codeql-version-tracker.md,7,2026-06-23 15:48:51+00:00,0.8099,False,,frontmatter only,1.0,61.88,,,False
923,195,advanced-security/advanced-security-material,codeql-version-tracker.md,8,2026-06-23 16:41:59+00:00,0.8099,False,,frontmatter only,1.0,0.04,,,False
924,196,advanced-security/advanced-security-material,update-ghas-matrix.md,1,2026-03-20 20:59:58+00:00,1.0,False,,,,,,,
925,196,advanced-security/advanced-security-material,update-ghas-matrix.md,2,2026-03-20 21:03:24+00:00,0.8858,False,,both,0.8858,0.0,,,False
926,196,advanced-security/advanced-security-material,update-ghas-matrix.md,3,2026-03-20 22:37:52+00:00,0.8858,False,,frontmatter only,1.0,0.07,,,False
927,196,advanced-security/advanced-security-material,update-ghas-matrix.md,4,2026-03-21 02:34:06+00:00,0.8858,False,,frontmatter only,1.0,0.16,timeout-minutes,,False
928,196,advanced-security/advanced-security-material,update-ghas-matrix.md,5,2026-03-30 17:50:27+00:00,0.8392,False,,body only,0.9453,9.64,,,False
929,196,advanced-security/advanced-security-material,update-ghas-matrix.md,6,2026-03-30 18:18:54+00:00,0.8301,False,,body only,0.9873,0.02,,,False
930,196,advanced-security/advanced-security-material,update-ghas-matrix.md,7,2026-03-30 18:21:22+00:00,0.8285,False,,body only,0.9984,0.0,,,False
931,196,advanced-security/advanced-security-material,update-ghas-matrix.md,8,2026-04-22 18:06:51+00:00,0.8279,False,,body only,0.9993,22.99,,,False
932,196,advanced-security/advanced-security-material,update-ghas-matrix.md,9,2026-04-22 18:32:57+00:00,0.8215,False,,body only,0.9946,0.02,,,False
933,196,advanced-security/advanced-security-material,update-ghas-matrix.md,10,2026-06-23 15:37:45+00:00,0.6732,False,,body only,0.8001,61.88,,,False
934,196,advanced-security/advanced-security-material,update-ghas-matrix.md,11,2026-06-23 15:48:35+00:00,0.6732,False,,frontmatter only,1.0,0.01,,,False
935,197,pulumi/pulumi-command,gh-aw-pr-rereview.md,1,2026-05-12 06:27:00+00:00,1.0,True,pulumi-labs/gh-aw-internal/.github/workflows/gh-aw-pr-rereview.md@8a92f53fac170563f7727cacab2dbedb5d5b9e29,,,,,,
936,198,pulumi/pulumi-command,gh-aw-pr-review.md,1,2026-05-12 06:27:00+00:00,1.0,True,pulumi-labs/gh-aw-internal/.github/workflows/gh-aw-pr-review.md@8a92f53fac170563f7727cacab2dbedb5d5b9e29,,,,,,
937,199,anweiss/cddl,ci-doctor.md,1,2026-04-06 18:55:50+00:00,1.0,False,github/gh-aw/.github/workflows/ci-doctor.md@852cb06ad52958b402ed982b69957ffc57ca0619,,,,,,
938,200,r12f/rnp,daily-repo-status.md,1,2026-02-03 01:18:33+00:00,1.0,False,githubnext/agentics/workflows/daily-repo-status.md@5cb588f3a48ae0cc671c4aab15ec162a976bff1a,,,,,,
939,201,guitarrapc/githubactions-lab,monthly-oss-repo-status.md,1,2026-04-01 08:01:37+00:00,1.0,False,,,,,,,
940,201,guitarrapc/githubactions-lab,monthly-oss-repo-status.md,2,2026-04-01 08:30:50+00:00,1.0,False,,frontmatter only,1.0,0.02,timeout-minutes,,False
941,201,guitarrapc/githubactions-lab,monthly-oss-repo-status.md,3,2026-04-01 10:45:38+00:00,1.0,False,,frontmatter only,1.0,0.09,,,False
942,202,Azure/azure-sdk-for-rust,issue-triage.md,1,2026-03-10 03:21:00+00:00,1.0,False,githubnext/agentics/workflows/issue-triage.md@8e6d7c86bba37371d2d0eee1a23563db3e561eb5,,,,,,
943,202,Azure/azure-sdk-for-rust,issue-triage.md,2,2026-03-13 00:25:09+00:00,0.3245,False,githubnext/agentics/workflows/issue-triage.md@8e6d7c86bba37371d2d0eee1a23563db3e561eb5,both,0.3245,2.88,,,False
944,202,Azure/azure-sdk-for-rust,issue-triage.md,3,2026-03-16 23:16:13+00:00,0.3245,False,githubnext/agentics/workflows/issue-triage.md@8e6d7c86bba37371d2d0eee1a23563db3e561eb5,frontmatter only,1.0,3.95,,,False
945,202,Azure/azure-sdk-for-rust,issue-triage.md,4,2026-03-20 01:42:35+00:00,0.3245,False,githubnext/agentics/workflows/issue-triage.md@8e6d7c86bba37371d2d0eee1a23563db3e561eb5,frontmatter only,1.0,3.1,,,False
946,202,Azure/azure-sdk-for-rust,issue-triage.md,5,2026-03-24 21:55:00+00:00,0.3245,False,githubnext/agentics/workflows/issue-triage.md@8e6d7c86bba37371d2d0eee1a23563db3e561eb5,frontmatter only,1.0,4.84,,,False
947,202,Azure/azure-sdk-for-rust,issue-triage.md,6,2026-03-25 23:09:23+00:00,0.3245,False,githubnext/agentics/workflows/issue-triage.md@8e6d7c86bba37371d2d0eee1a23563db3e561eb5,frontmatter only,1.0,1.05,,,False
948,202,Azure/azure-sdk-for-rust,issue-triage.md,7,2026-03-26 20:54:26+00:00,0.3245,False,githubnext/agentics/workflows/issue-triage.md@8e6d7c86bba37371d2d0eee1a23563db3e561eb5,frontmatter only,1.0,0.91,,,False
949,202,Azure/azure-sdk-for-rust,issue-triage.md,8,2026-04-22 00:17:42+00:00,0.3237,False,githubnext/agentics/workflows/issue-triage.md@8e6d7c86bba37371d2d0eee1a23563db3e561eb5,both,0.974,26.14,,,False
950,202,Azure/azure-sdk-for-rust,issue-triage.md,9,2026-04-23 00:17:21+00:00,0.3208,False,githubnext/agentics/workflows/issue-triage.md@8e6d7c86bba37371d2d0eee1a23563db3e561eb5,both,0.9656,1.0,,,False
951,202,Azure/azure-sdk-for-rust,issue-triage.md,10,2026-05-18 19:22:49+00:00,0.1794,False,githubnext/agentics/workflows/issue-triage.md@8e6d7c86bba37371d2d0eee1a23563db3e561eb5,both,0.2257,25.8,,,False
952,203,prowler-cloud/prowler,issue-triage.md,1,2026-02-23 15:09:35+00:00,1.0,False,,,,,,,
953,204,microsoft/vscode-pylint,check-python-versions.md,1,2026-02-17 21:42:37+00:00,1.0,False,,,,,,,
954,204,microsoft/vscode-pylint,check-python-versions.md,2,2026-02-24 01:14:11+00:00,0.9259,False,,both,0.9259,6.15,engine; strict,,False
955,204,microsoft/vscode-pylint,check-python-versions.md,3,2026-06-09 17:34:01+00:00,0.9259,False,,frontmatter only,1.0,105.68,if,,False
956,204,microsoft/vscode-pylint,check-python-versions.md,4,2026-06-23 19:22:55+00:00,0.9259,False,,frontmatter only,1.0,14.08,,,False
957,205,microsoft/vscode-pylint,extension-template-sync.md,1,2026-02-25 18:46:09+00:00,1.0,False,,,,,,,
958,205,microsoft/vscode-pylint,extension-template-sync.md,2,2026-02-27 17:32:43+00:00,0.9687,False,,body only,0.9687,1.95,,,False
959,205,microsoft/vscode-pylint,extension-template-sync.md,3,2026-03-03 18:17:17+00:00,0.6209,False,,both,0.6289,4.03,,,False
960,205,microsoft/vscode-pylint,extension-template-sync.md,4,2026-03-20 19:58:14+00:00,0.605,False,,body only,0.9437,17.07,,,False
961,205,microsoft/vscode-pylint,extension-template-sync.md,5,2026-03-25 16:28:30+00:00,0.5931,False,,body only,0.9798,4.85,,,False
962,205,microsoft/vscode-pylint,extension-template-sync.md,6,2026-06-09 17:34:01+00:00,0.5931,False,,frontmatter only,1.0,76.05,if,,False
963,205,microsoft/vscode-pylint,extension-template-sync.md,7,2026-06-23 19:22:55+00:00,0.5931,False,,frontmatter only,1.0,14.08,,,False
964,206,microsoft/vscode-pylint,issue-triage.md,1,2026-02-25 01:01:26+00:00,1.0,False,,,,,,,
965,206,microsoft/vscode-pylint,issue-triage.md,2,2026-02-25 01:21:59+00:00,1.0,False,,frontmatter only,1.0,0.01,,,False
966,206,microsoft/vscode-pylint,issue-triage.md,3,2026-02-27 19:57:22+00:00,0.9762,False,,both,0.9762,2.77,,,False
967,206,microsoft/vscode-pylint,issue-triage.md,4,2026-03-03 18:17:17+00:00,0.9661,False,,both,0.9906,3.93,,,False
968,206,microsoft/vscode-pylint,issue-triage.md,5,2026-06-09 17:34:01+00:00,0.8706,False,,both,0.8995,97.97,if,,False
969,206,microsoft/vscode-pylint,issue-triage.md,6,2026-06-23 19:22:55+00:00,0.8706,False,,frontmatter only,1.0,14.08,,,False
970,207,adoptium/api.adoptium.net,production-branch-checker.md,1,2026-05-29 15:25:37+00:00,1.0,False,,,,,,,
971,207,adoptium/api.adoptium.net,production-branch-checker.md,2,2026-06-01 10:55:32+00:00,0.9895,False,,both,0.9895,2.81,network,,False
972,208,pulumi/pulumi-vault,gh-aw-pr-rereview.md,1,2026-05-12 07:25:42+00:00,1.0,True,pulumi-labs/gh-aw-internal/.github/workflows/gh-aw-pr-rereview.md@8a92f53fac170563f7727cacab2dbedb5d5b9e29,,,,,,
973,209,pulumi/pulumi-vault,gh-aw-pr-review.md,1,2026-05-12 07:25:42+00:00,1.0,True,pulumi-labs/gh-aw-internal/.github/workflows/gh-aw-pr-review.md@8a92f53fac170563f7727cacab2dbedb5d5b9e29,,,,,,
974,210,pulumi/pulumi-cdk,cdk-pr-rereview.md,1,2026-03-11 13:16:30+00:00,1.0,False,pulumi-labs/gh-aw-internal/.github/workflows/gh-aw-pr-rereview.md@99a309bf18258dbae98c8176ea10657e0b08deca,,,,,,
975,211,pulumi/pulumi-cdk,cdk-pr-review.md,1,2026-03-11 13:16:30+00:00,1.0,False,pulumi-labs/gh-aw-internal/.github/workflows/gh-aw-pr-review.md@99a309bf18258dbae98c8176ea10657e0b08deca,,,,,,
976,212,microsoft/vscode-black-formatter,check-python-versions.md,1,2026-02-20 22:33:27+00:00,1.0,False,,,,,,,
977,212,microsoft/vscode-black-formatter,check-python-versions.md,2,2026-06-09 17:33:25+00:00,1.0,False,,frontmatter only,1.0,108.79,if,,False
978,212,microsoft/vscode-black-formatter,check-python-versions.md,3,2026-06-23 19:17:50+00:00,1.0,False,,frontmatter only,1.0,14.07,,,False
979,213,microsoft/vscode-black-formatter,extension-template-sync.md,1,2026-02-25 18:46:34+00:00,1.0,False,,,,,,,
980,213,microsoft/vscode-black-formatter,extension-template-sync.md,2,2026-02-27 17:33:09+00:00,0.9687,False,,body only,0.9687,1.95,,,False
981,213,microsoft/vscode-black-formatter,extension-template-sync.md,3,2026-03-03 18:18:12+00:00,0.6206,False,,both,0.6287,4.03,,,False
982,213,microsoft/vscode-black-formatter,extension-template-sync.md,4,2026-03-20 19:59:20+00:00,0.6047,False,,body only,0.9437,17.07,,,False
983,213,microsoft/vscode-black-formatter,extension-template-sync.md,5,2026-03-27 21:37:57+00:00,0.5928,False,,body only,0.9798,7.07,,,False
984,213,microsoft/vscode-black-formatter,extension-template-sync.md,6,2026-06-09 17:33:25+00:00,0.5928,False,,frontmatter only,1.0,73.83,if,,False
985,213,microsoft/vscode-black-formatter,extension-template-sync.md,7,2026-06-23 19:17:50+00:00,0.5928,False,,frontmatter only,1.0,14.07,,,False
986,214,microsoft/vscode-black-formatter,issue-triage.md,1,2026-02-25 17:54:32+00:00,1.0,False,,,,,,,
987,214,microsoft/vscode-black-formatter,issue-triage.md,2,2026-02-27 19:57:03+00:00,0.9761,False,,both,0.9761,2.09,,,False
988,214,microsoft/vscode-black-formatter,issue-triage.md,3,2026-03-03 18:18:12+00:00,0.9661,False,,both,0.9906,3.93,,,False
989,214,microsoft/vscode-black-formatter,issue-triage.md,4,2026-06-09 17:33:25+00:00,0.8706,False,,both,0.8995,97.97,if,,False
990,214,microsoft/vscode-black-formatter,issue-triage.md,5,2026-06-23 19:17:50+00:00,0.8706,False,,frontmatter only,1.0,14.07,,,False
991,215,py-why/dowhy,repo-assist.md,1,2026-03-18 16:54:27+00:00,1.0,False,githubnext/agentics/workflows/repo-assist.md@b897c2f3e43bde9ff7923c8fa9211055b26e27cc,,,,,,
992,215,py-why/dowhy,repo-assist.md,2,2026-04-01 07:37:42+00:00,1.0,False,,frontmatter only,1.0,13.61,,description; engine; network; on; permissions; safe-outputs; source; steps; timeout-minutes; tools,True
993,215,py-why/dowhy,repo-assist.md,3,2026-04-10 15:11:30+00:00,1.0,False,githubnext/agentics/workflows/repo-assist.md@b897c2f3e43bde9ff7923c8fa9211055b26e27cc,frontmatter only,1.0,9.32,checkout; description; engine; network; on; permissions; safe-outputs; source; steps; timeout-minutes; tools,,True
994,215,py-why/dowhy,repo-assist.md,4,2026-04-14 07:31:18+00:00,1.0,False,githubnext/agentics/workflows/repo-assist.md@11c9a2c442e519ff2b427bf58679f5a525353f76,frontmatter only,1.0,3.68,,engine,True
995,216,microsoft/vscode-isort,check-python-versions.md,1,2026-02-17 21:32:22+00:00,1.0,False,,,,,,,
996,216,microsoft/vscode-isort,check-python-versions.md,2,2026-02-20 00:12:49+00:00,0.9259,False,,both,0.9259,2.11,engine; strict,,False
997,216,microsoft/vscode-isort,check-python-versions.md,3,2026-06-09 17:32:18+00:00,0.9259,False,,frontmatter only,1.0,109.72,if,,False
998,216,microsoft/vscode-isort,check-python-versions.md,4,2026-06-23 19:18:45+00:00,0.9259,False,,frontmatter only,1.0,14.07,,,False
999,217,microsoft/vscode-isort,extension-template-sync.md,1,2026-02-25 18:46:40+00:00,1.0,False,,,,,,,
1000,217,microsoft/vscode-isort,extension-template-sync.md,2,2026-02-27 17:32:53+00:00,0.9671,False,,body only,0.9671,1.95,,,False
1001,217,microsoft/vscode-isort,extension-template-sync.md,3,2026-03-03 18:17:51+00:00,0.5998,False,,both,0.6087,4.03,,,False
1002,217,microsoft/vscode-isort,extension-template-sync.md,4,2026-03-20 23:16:21+00:00,0.584,False,,body only,0.9405,17.21,,,False
1003,217,microsoft/vscode-isort,extension-template-sync.md,5,2026-03-24 16:29:52+00:00,0.5718,False,,body only,0.9787,3.72,,,False
1004,217,microsoft/vscode-isort,extension-template-sync.md,6,2026-06-09 17:32:18+00:00,0.5718,False,,frontmatter only,1.0,77.04,if,,False
1005,217,microsoft/vscode-isort,extension-template-sync.md,7,2026-06-23 19:18:45+00:00,0.5718,False,,frontmatter only,1.0,14.07,,,False
1006,218,microsoft/vscode-isort,issue-triage.md,1,2026-02-25 17:54:23+00:00,1.0,False,,,,,,,
1007,218,microsoft/vscode-isort,issue-triage.md,2,2026-02-27 19:57:18+00:00,0.9756,False,,both,0.9756,2.09,,,False
1008,218,microsoft/vscode-isort,issue-triage.md,3,2026-03-03 18:17:51+00:00,0.9654,False,,both,0.9904,3.93,,,False
1009,218,microsoft/vscode-isort,issue-triage.md,4,2026-06-09 17:32:18+00:00,0.8684,False,,both,0.8978,97.97,if,,False
1010,218,microsoft/vscode-isort,issue-triage.md,5,2026-06-23 19:18:45+00:00,0.8684,False,,frontmatter only,1.0,14.07,,,False
1011,219,pulumi/pulumi-oci,gh-aw-pr-rereview.md,1,2026-05-12 07:23:48+00:00,1.0,True,pulumi-labs/gh-aw-internal/.github/workflows/gh-aw-pr-rereview.md@8a92f53fac170563f7727cacab2dbedb5d5b9e29,,,,,,
1012,220,pulumi/pulumi-oci,gh-aw-pr-review.md,1,2026-05-12 07:23:48+00:00,1.0,True,pulumi-labs/gh-aw-internal/.github/workflows/gh-aw-pr-review.md@8a92f53fac170563f7727cacab2dbedb5d5b9e29,,,,,,
1013,221,NikiforovAll/keycloak-authorization-services-dotnet,keybot.md,1,2026-03-29 13:12:27+00:00,1.0,False,githubnext/agentics/workflows/repo-assist.md@1f672aef974f4246124860fc532f82fe8a93a57e,,,,,,
1014,221,NikiforovAll/keycloak-authorization-services-dotnet,keybot.md,2,2026-03-29 13:39:45+00:00,1.0,False,githubnext/agentics/workflows/repo-assist.md@1f672aef974f4246124860fc532f82fe8a93a57e,frontmatter only,1.0,0.02,,,False
1015,221,NikiforovAll/keycloak-authorization-services-dotnet,keybot.md,3,2026-03-29 14:00:18+00:00,1.0,False,githubnext/agentics/workflows/repo-assist.md@1f672aef974f4246124860fc532f82fe8a93a57e,frontmatter only,1.0,0.01,,,False
1016,221,NikiforovAll/keycloak-authorization-services-dotnet,keybot.md,4,2026-04-13 05:57:56+00:00,0.9791,False,githubnext/agentics/workflows/repo-assist.md@1f672aef974f4246124860fc532f82fe8a93a57e,both,0.9791,14.67,,,False
1017,221,NikiforovAll/keycloak-authorization-services-dotnet,keybot.md,5,2026-05-02 16:09:19+00:00,0.9791,False,githubnext/agentics/workflows/repo-assist.md@1f672aef974f4246124860fc532f82fe8a93a57e,frontmatter only,1.0,19.42,,,False
1018,222,getindata/kedro-vertexai,dependabot-fix.md,1,2026-03-19 11:59:13+00:00,1.0,False,,,,,,,
1019,223,getindata/kedro-vertexai,dependabot-review.md,1,2026-03-25 12:49:11+00:00,1.0,False,,,,,,,
1020,224,baizhiheizi/quill,accessibility-review.md,1,2026-06-09 21:44:54+00:00,1.0,False,githubnext/agentics/workflows/accessibility-review.md@e15e57b40918dbca11b350c55d02ab61934afa75,,,,,,
1021,224,baizhiheizi/quill,accessibility-review.md,2,2026-06-15 01:28:32+00:00,1.0,False,githubnext/agentics/workflows/accessibility-review.md@e15e57b40918dbca11b350c55d02ab61934afa75,frontmatter only,1.0,5.16,,,False
1022,224,baizhiheizi/quill,accessibility-review.md,3,2026-06-15 04:49:19+00:00,0.7539,False,githubnext/agentics/workflows/accessibility-review.md@e15e57b40918dbca11b350c55d02ab61934afa75,both,0.7539,0.14,,,False
1023,225,baizhiheizi/quill,agentic-wiki-writer.md,1,2026-06-09 21:44:54+00:00,1.0,False,githubnext/agentics/workflows/agentic-wiki-writer.md@e15e57b40918dbca11b350c55d02ab61934afa75,,,,,,
1024,225,baizhiheizi/quill,agentic-wiki-writer.md,2,2026-06-15 01:28:32+00:00,1.0,False,githubnext/agentics/workflows/agentic-wiki-writer.md@e15e57b40918dbca11b350c55d02ab61934afa75,frontmatter only,1.0,5.16,,,False
1025,226,baizhiheizi/quill,code-simplifier.md,1,2026-06-09 21:44:54+00:00,1.0,False,githubnext/agentics/workflows/code-simplifier.md@e15e57b40918dbca11b350c55d02ab61934afa75,,,,,,
1026,226,baizhiheizi/quill,code-simplifier.md,2,2026-06-15 01:28:32+00:00,1.0,False,githubnext/agentics/workflows/code-simplifier.md@e15e57b40918dbca11b350c55d02ab61934afa75,frontmatter only,1.0,5.16,,,False
1027,227,baizhiheizi/quill,discussion-task-miner.md,1,2026-06-14 14:09:42+00:00,1.0,False,githubnext/agentics/workflows/discussion-task-miner.md@e15e57b40918dbca11b350c55d02ab61934afa75,,,,,,
1028,227,baizhiheizi/quill,discussion-task-miner.md,2,2026-06-15 01:28:32+00:00,1.0,False,githubnext/agentics/workflows/discussion-task-miner.md@e15e57b40918dbca11b350c55d02ab61934afa75,frontmatter only,1.0,0.47,,,False
1029,228,baizhiheizi/quill,efficiency-improver.md,1,2026-06-09 21:44:54+00:00,1.0,False,githubnext/agentics/workflows/efficiency-improver.md@e15e57b40918dbca11b350c55d02ab61934afa75,,,,,,
1030,228,baizhiheizi/quill,efficiency-improver.md,2,2026-06-15 01:28:32+00:00,1.0,False,githubnext/agentics/workflows/efficiency-improver.md@e15e57b40918dbca11b350c55d02ab61934afa75,frontmatter only,1.0,5.16,,,False
1031,229,baizhiheizi/quill,large-file-simplifier.md,1,2026-06-09 21:44:54+00:00,1.0,False,githubnext/agentics/workflows/large-file-simplifier.md@e15e57b40918dbca11b350c55d02ab61934afa75,,,,,,
1032,229,baizhiheizi/quill,large-file-simplifier.md,2,2026-06-15 01:28:32+00:00,1.0,False,githubnext/agentics/workflows/large-file-simplifier.md@e15e57b40918dbca11b350c55d02ab61934afa75,frontmatter only,1.0,5.16,,,False
1033,230,baizhiheizi/quill,malicious-code-scan.md,1,2026-06-09 21:44:54+00:00,1.0,False,githubnext/agentics/workflows/malicious-code-scan.md@e15e57b40918dbca11b350c55d02ab61934afa75,,,,,,
1034,230,baizhiheizi/quill,malicious-code-scan.md,2,2026-06-15 01:28:32+00:00,1.0,False,githubnext/agentics/workflows/malicious-code-scan.md@e15e57b40918dbca11b350c55d02ab61934afa75,frontmatter only,1.0,5.16,,,False
1035,231,baizhiheizi/quill,perf-improver.md,1,2026-05-30 13:46:11+00:00,1.0,False,githubnext/agentics/workflows/perf-improver.md@c02eadfca420f2b351f9fcaee883c507a63ca316,,,,,,
1036,231,baizhiheizi/quill,perf-improver.md,2,2026-05-30 13:50:07+00:00,1.0,False,githubnext/agentics/workflows/perf-improver.md@c02eadfca420f2b351f9fcaee883c507a63ca316,frontmatter only,1.0,0.0,runs-on; runs-on-slim,,False
1037,231,baizhiheizi/quill,perf-improver.md,3,2026-06-06 01:07:06+00:00,1.0,False,githubnext/agentics/workflows/perf-improver.md@c02eadfca420f2b351f9fcaee883c507a63ca316,frontmatter only,1.0,6.47,,,False
1038,231,baizhiheizi/quill,perf-improver.md,4,2026-06-08 01:51:27+00:00,1.0,False,githubnext/agentics/workflows/perf-improver.md@c02eadfca420f2b351f9fcaee883c507a63ca316,frontmatter only,1.0,2.03,,,False
1039,231,baizhiheizi/quill,perf-improver.md,5,2026-06-09 21:44:54+00:00,1.0,False,githubnext/agentics/workflows/perf-improver.md@e15e57b40918dbca11b350c55d02ab61934afa75,frontmatter only,1.0,1.83,,,True
1040,231,baizhiheizi/quill,perf-improver.md,6,2026-06-15 01:28:32+00:00,1.0,False,githubnext/agentics/workflows/perf-improver.md@e15e57b40918dbca11b350c55d02ab61934afa75,frontmatter only,1.0,5.16,,,False
1041,232,baizhiheizi/quill,pr-fix.md,1,2026-06-09 22:14:23+00:00,1.0,False,githubnext/agentics/workflows/pr-fix.md@e15e57b40918dbca11b350c55d02ab61934afa75,,,,,,
1042,232,baizhiheizi/quill,pr-fix.md,2,2026-06-15 01:28:32+00:00,1.0,False,githubnext/agentics/workflows/pr-fix.md@e15e57b40918dbca11b350c55d02ab61934afa75,frontmatter only,1.0,5.13,,,False
1043,233,baizhiheizi/quill,repo-assist.md,1,2026-06-08 01:51:27+00:00,1.0,False,githubnext/agentics/workflows/repo-assist.md@df35cf29fb856d1c3b8f023ed46d19126e7813bf,,,,,,
1044,233,baizhiheizi/quill,repo-assist.md,2,2026-06-09 21:44:54+00:00,1.0,False,githubnext/agentics/workflows/repo-assist.md@e15e57b40918dbca11b350c55d02ab61934afa75,frontmatter only,1.0,1.83,,,True
1045,233,baizhiheizi/quill,repo-assist.md,3,2026-06-15 01:28:32+00:00,1.0,False,githubnext/agentics/workflows/repo-assist.md@e15e57b40918dbca11b350c55d02ab61934afa75,frontmatter only,1.0,5.16,,,False
1046,234,baizhiheizi/quill,repository-quality-improver.md,1,2026-06-09 21:44:54+00:00,1.0,False,githubnext/agentics/workflows/repository-quality-improver.md@e15e57b40918dbca11b350c55d02ab61934afa75,,,,,,
1047,234,baizhiheizi/quill,repository-quality-improver.md,2,2026-06-15 01:28:32+00:00,1.0,False,githubnext/agentics/workflows/repository-quality-improver.md@e15e57b40918dbca11b350c55d02ab61934afa75,frontmatter only,1.0,5.16,,,False
1048,235,baizhiheizi/quill,sub-issue-closer.md,1,2026-06-09 21:44:54+00:00,1.0,False,githubnext/agentics/workflows/sub-issue-closer.md@e15e57b40918dbca11b350c55d02ab61934afa75,,,,,,
1049,235,baizhiheizi/quill,sub-issue-closer.md,2,2026-06-15 01:28:32+00:00,1.0,False,githubnext/agentics/workflows/sub-issue-closer.md@e15e57b40918dbca11b350c55d02ab61934afa75,frontmatter only,1.0,5.16,,,False
1050,236,baizhiheizi/quill,test-improver.md,1,2026-06-01 07:14:08+00:00,1.0,False,githubnext/agentics/workflows/test-improver.md@c02eadfca420f2b351f9fcaee883c507a63ca316,,,,,,
1051,236,baizhiheizi/quill,test-improver.md,2,2026-06-01 10:17:21+00:00,1.0,False,githubnext/agentics/workflows/test-improver.md@c02eadfca420f2b351f9fcaee883c507a63ca316,frontmatter only,1.0,0.13,,,False
1052,236,baizhiheizi/quill,test-improver.md,3,2026-06-06 01:07:06+00:00,1.0,False,githubnext/agentics/workflows/test-improver.md@c02eadfca420f2b351f9fcaee883c507a63ca316,frontmatter only,1.0,4.62,,,False
1053,236,baizhiheizi/quill,test-improver.md,4,2026-06-08 01:51:27+00:00,1.0,False,githubnext/agentics/workflows/test-improver.md@c02eadfca420f2b351f9fcaee883c507a63ca316,frontmatter only,1.0,2.03,,,False
1054,236,baizhiheizi/quill,test-improver.md,5,2026-06-09 21:44:54+00:00,1.0,False,githubnext/agentics/workflows/test-improver.md@e15e57b40918dbca11b350c55d02ab61934afa75,frontmatter only,1.0,1.83,,,True
1055,236,baizhiheizi/quill,test-improver.md,6,2026-06-15 01:28:32+00:00,1.0,False,githubnext/agentics/workflows/test-improver.md@e15e57b40918dbca11b350c55d02ab61934afa75,frontmatter only,1.0,5.16,,,False
1056,237,baizhiheizi/quill,unbloat-docs.md,1,2026-06-09 21:44:54+00:00,1.0,False,githubnext/agentics/workflows/unbloat-docs.md@e15e57b40918dbca11b350c55d02ab61934afa75,,,,,,
1057,237,baizhiheizi/quill,unbloat-docs.md,2,2026-06-15 01:28:32+00:00,1.0,False,githubnext/agentics/workflows/unbloat-docs.md@e15e57b40918dbca11b350c55d02ab61934afa75,frontmatter only,1.0,5.16,,,False
1058,238,baizhiheizi/quill,weekly-research.md,1,2026-06-09 21:44:54+00:00,1.0,False,githubnext/agentics/workflows/weekly-research.md@e15e57b40918dbca11b350c55d02ab61934afa75,,,,,,
1059,238,baizhiheizi/quill,weekly-research.md,2,2026-06-15 01:28:32+00:00,1.0,False,githubnext/agentics/workflows/weekly-research.md@e15e57b40918dbca11b350c55d02ab61934afa75,frontmatter only,1.0,5.16,,,False
1060,239,microsoft/security-devops-action,ci-doctor.md,1,2026-03-16 15:21:02+00:00,1.0,False,,,,,,,
1061,239,microsoft/security-devops-action,ci-doctor.md,2,2026-03-16 18:07:21+00:00,1.0,False,,frontmatter only,1.0,0.12,,,False
1062,239,microsoft/security-devops-action,ci-doctor.md,3,2026-03-16 21:27:44+00:00,1.0,False,,frontmatter only,1.0,0.14,,,False
1063,239,microsoft/security-devops-action,ci-doctor.md,4,2026-03-21 09:52:34+00:00,1.0,False,,frontmatter only,1.0,4.52,,roles,False
1064,239,microsoft/security-devops-action,ci-doctor.md,5,2026-04-24 07:05:33+00:00,1.0,False,,frontmatter only,1.0,33.88,,,False
1065,239,microsoft/security-devops-action,ci-doctor.md,6,2026-04-24 07:46:07+00:00,1.0,False,,frontmatter only,1.0,0.03,,,False
1066,240,microsoft/security-devops-action,msdo-breach-monitor.md,1,2026-03-21 10:10:44+00:00,1.0,False,,,,,,,
1067,240,microsoft/security-devops-action,msdo-breach-monitor.md,2,2026-03-22 14:45:51+00:00,0.3151,False,,both,0.3151,1.19,,,False
1068,240,microsoft/security-devops-action,msdo-breach-monitor.md,3,2026-03-23 07:43:58+00:00,0.3151,False,,frontmatter only,1.0,0.71,,,False
1069,240,microsoft/security-devops-action,msdo-breach-monitor.md,4,2026-03-23 16:41:18+00:00,0.3134,False,,body only,0.9935,0.37,,,False
1070,240,microsoft/security-devops-action,msdo-breach-monitor.md,5,2026-04-24 07:05:33+00:00,0.3134,False,,frontmatter only,1.0,31.6,,,False
1071,240,microsoft/security-devops-action,msdo-breach-monitor.md,6,2026-04-24 07:46:07+00:00,0.3134,False,,frontmatter only,1.0,0.03,,,False
1072,241,microsoft/security-devops-action,msdo-issue-assistant.md,1,2026-02-19 06:00:48+00:00,1.0,False,,,,,,,
1073,241,microsoft/security-devops-action,msdo-issue-assistant.md,2,2026-02-23 19:05:26+00:00,1.0,False,,frontmatter only,1.0,4.54,,,False
1074,241,microsoft/security-devops-action,msdo-issue-assistant.md,3,2026-02-23 20:07:42+00:00,0.9986,False,,both,0.9986,0.04,,,False
1075,241,microsoft/security-devops-action,msdo-issue-assistant.md,4,2026-02-25 18:43:51+00:00,0.9986,False,,frontmatter only,1.0,1.94,roles,,False
1076,241,microsoft/security-devops-action,msdo-issue-assistant.md,5,2026-03-03 16:54:37+00:00,0.9621,False,,both,0.9635,5.92,,,False
1077,241,microsoft/security-devops-action,msdo-issue-assistant.md,6,2026-03-21 09:52:34+00:00,0.9621,False,,frontmatter only,1.0,17.71,,roles,False
1078,241,microsoft/security-devops-action,msdo-issue-assistant.md,7,2026-04-13 06:20:21+00:00,0.7697,False,,both,0.7984,22.85,,,False
1079,241,microsoft/security-devops-action,msdo-issue-assistant.md,8,2026-04-24 07:05:33+00:00,0.7423,False,,both,0.9657,11.03,,,False
1080,241,microsoft/security-devops-action,msdo-issue-assistant.md,9,2026-04-24 07:39:57+00:00,0.7132,False,,body only,0.9785,0.02,,,False
1081,241,microsoft/security-devops-action,msdo-issue-assistant.md,10,2026-04-24 07:46:07+00:00,0.7068,False,,both,0.9973,0.0,,,False
1082,242,Azure/azure-dev,extension-pr-labeler.md,1,2026-05-20 17:36:39+00:00,1.0,False,,,,,,,
1083,242,Azure/azure-dev,extension-pr-labeler.md,2,2026-06-19 21:35:52+00:00,0.8727,False,,both,0.8727,30.17,,,False
1084,243,Azure/azure-dev,update-instructions-from-pr-reviews.md,1,2026-06-17 20:00:51+00:00,1.0,False,,,,,,,
1085,243,Azure/azure-dev,update-instructions-from-pr-reviews.md,2,2026-06-19 21:35:52+00:00,1.0,False,,frontmatter only,1.0,2.07,,,False
1086,244,libxengine/XEngine_Authorize,auto-code.md,1,2026-04-27 09:16:16+00:00,1.0,False,,,,,,,
1087,244,libxengine/XEngine_Authorize,auto-code.md,2,2026-06-12 07:28:27+00:00,0.9624,False,,both,0.9624,45.93,,,False
1088,244,libxengine/XEngine_Authorize,auto-code.md,3,2026-06-12 08:03:21+00:00,0.9624,False,,frontmatter only,1.0,0.02,,sandbox; strict,False
1089,244,libxengine/XEngine_Authorize,auto-code.md,4,2026-06-22 09:17:14+00:00,0.9624,False,,frontmatter only,1.0,10.05,,,False
1090,244,libxengine/XEngine_Authorize,auto-code.md,5,2026-06-23 01:50:43+00:00,0.9624,False,,frontmatter only,1.0,0.69,,,False
1091,244,libxengine/XEngine_Authorize,auto-code.md,6,2026-06-23 02:12:20+00:00,0.9624,False,,frontmatter only,1.0,0.02,,,False
1092,244,libxengine/XEngine_Authorize,auto-code.md,7,2026-06-23 06:32:19+00:00,0.9624,False,,frontmatter only,1.0,0.18,features; sandbox; strict,,False
1093,244,libxengine/XEngine_Authorize,auto-code.md,8,2026-06-23 06:48:35+00:00,0.753,False,,both,0.7822,0.01,,,False
1094,244,libxengine/XEngine_Authorize,auto-code.md,9,2026-06-23 07:35:54+00:00,0.753,False,,frontmatter only,1.0,0.03,,,False
1095,244,libxengine/XEngine_Authorize,auto-code.md,10,2026-06-23 09:35:44+00:00,0.753,False,,frontmatter only,1.0,0.08,,,False
1096,244,libxengine/XEngine_Authorize,auto-code.md,11,2026-06-24 02:09:02+00:00,0.753,False,,frontmatter only,1.0,0.69,,,False
1097,244,libxengine/XEngine_Authorize,auto-code.md,12,2026-06-24 06:05:48+00:00,0.7361,False,,body only,0.947,0.16,,,False
1098,244,libxengine/XEngine_Authorize,auto-code.md,13,2026-06-24 07:20:29+00:00,0.7332,False,,body only,0.9924,0.05,,,False
1099,245,libxengine/XEngine_Authorize,issue-triage.md,1,2026-04-24 09:34:46+00:00,1.0,False,,,,,,,
1100,245,libxengine/XEngine_Authorize,issue-triage.md,2,2026-04-27 06:34:09+00:00,1.0,False,,frontmatter only,1.0,2.87,,,False
1101,245,libxengine/XEngine_Authorize,issue-triage.md,3,2026-04-27 08:15:21+00:00,1.0,False,,frontmatter only,1.0,0.07,sandbox; strict,,False
1102,245,libxengine/XEngine_Authorize,issue-triage.md,4,2026-04-27 08:29:01+00:00,1.0,False,,frontmatter only,1.0,0.01,tools,,False
1103,245,libxengine/XEngine_Authorize,issue-triage.md,5,2026-04-27 09:16:16+00:00,0.9562,False,,both,0.9562,0.03,,,False
1104,245,libxengine/XEngine_Authorize,issue-triage.md,6,2026-06-12 07:28:27+00:00,0.9562,False,,frontmatter only,1.0,45.93,,,False
1105,245,libxengine/XEngine_Authorize,issue-triage.md,7,2026-06-12 08:03:21+00:00,0.9562,False,,frontmatter only,1.0,0.02,,sandbox; strict,False
1106,245,libxengine/XEngine_Authorize,issue-triage.md,8,2026-06-22 09:17:14+00:00,0.9562,False,,frontmatter only,1.0,10.05,,,False
1107,245,libxengine/XEngine_Authorize,issue-triage.md,9,2026-06-23 01:50:43+00:00,0.9562,False,,frontmatter only,1.0,0.69,,,False
1108,245,libxengine/XEngine_Authorize,issue-triage.md,10,2026-06-23 02:12:20+00:00,0.9562,False,,frontmatter only,1.0,0.02,,,False
1109,245,libxengine/XEngine_Authorize,issue-triage.md,11,2026-06-23 02:32:44+00:00,0.9562,False,,frontmatter only,1.0,0.01,,,False
1110,245,libxengine/XEngine_Authorize,issue-triage.md,12,2026-06-23 02:44:24+00:00,0.9562,False,,frontmatter only,1.0,0.01,max-ai-credits,,False
1111,245,libxengine/XEngine_Authorize,issue-triage.md,13,2026-06-23 03:22:44+00:00,0.9562,False,,frontmatter only,1.0,0.03,features; sandbox; strict,,False
1112,245,libxengine/XEngine_Authorize,issue-triage.md,14,2026-06-23 03:34:53+00:00,0.9562,False,,frontmatter only,1.0,0.01,,max-ai-credits,False
1113,245,libxengine/XEngine_Authorize,issue-triage.md,15,2026-06-23 05:56:37+00:00,0.9562,False,,frontmatter only,1.0,0.1,,,False
1114,245,libxengine/XEngine_Authorize,issue-triage.md,16,2026-06-23 06:15:34+00:00,0.9562,False,,frontmatter only,1.0,0.01,,,False
1115,245,libxengine/XEngine_Authorize,issue-triage.md,17,2026-06-23 06:23:45+00:00,0.9562,False,,frontmatter only,1.0,0.01,,,False
1116,245,libxengine/XEngine_Authorize,issue-triage.md,18,2026-06-23 06:48:35+00:00,0.9125,False,,body only,0.9562,0.02,,,False
1117,245,libxengine/XEngine_Authorize,issue-triage.md,19,2026-06-23 07:35:54+00:00,0.9125,False,,frontmatter only,1.0,0.03,,,False
1118,245,libxengine/XEngine_Authorize,issue-triage.md,20,2026-06-24 02:09:02+00:00,0.9125,False,,frontmatter only,1.0,0.77,,,False
1119,246,pulumi/pulumi-aiven,gh-aw-pr-rereview.md,1,2026-05-12 06:06:38+00:00,1.0,True,pulumi-labs/gh-aw-internal/.github/workflows/gh-aw-pr-rereview.md@8a92f53fac170563f7727cacab2dbedb5d5b9e29,,,,,,
1120,247,pulumi/pulumi-aiven,gh-aw-pr-review.md,1,2026-05-12 06:06:38+00:00,1.0,True,pulumi-labs/gh-aw-internal/.github/workflows/gh-aw-pr-review.md@8a92f53fac170563f7727cacab2dbedb5d5b9e29,,,,,,
1121,248,pulumi/pulumi-tailscale,gh-aw-pr-rereview.md,1,2026-05-12 07:18:19+00:00,1.0,True,pulumi-labs/gh-aw-internal/.github/workflows/gh-aw-pr-rereview.md@8a92f53fac170563f7727cacab2dbedb5d5b9e29,,,,,,
1122,249,pulumi/pulumi-tailscale,gh-aw-pr-review.md,1,2026-05-12 07:18:19+00:00,1.0,True,pulumi-labs/gh-aw-internal/.github/workflows/gh-aw-pr-review.md@8a92f53fac170563f7727cacab2dbedb5d5b9e29,,,,,,
1123,250,pulumi/pulumi-kubernetes-cert-manager,gh-aw-pr-rereview.md,1,2026-05-12 06:50:00+00:00,1.0,True,pulumi-labs/gh-aw-internal/.github/workflows/gh-aw-pr-rereview.md@8a92f53fac170563f7727cacab2dbedb5d5b9e29,,,,,,
1124,251,pulumi/pulumi-kubernetes-cert-manager,gh-aw-pr-review.md,1,2026-05-12 06:50:00+00:00,1.0,True,pulumi-labs/gh-aw-internal/.github/workflows/gh-aw-pr-review.md@8a92f53fac170563f7727cacab2dbedb5d5b9e29,,,,,,
1125,252,talk2MeGooseman/stream_closed_captioner_phoenix,daily-test-improver.md,1,2026-01-19 00:55:04+00:00,1.0,False,githubnext/agentics/workflows/daily-test-improver.md@1ef9dbe65e8265b57fe2ffa76098457cf3ae2b32,,,,,,
1126,252,talk2MeGooseman/stream_closed_captioner_phoenix,daily-test-improver.md,2,2026-01-19 01:06:32+00:00,1.0,False,githubnext/agentics/workflows/daily-test-improver.md@1ef9dbe65e8265b57fe2ffa76098457cf3ae2b32,frontmatter only,1.0,0.01,,,False
1127,252,talk2MeGooseman/stream_closed_captioner_phoenix,daily-test-improver.md,3,2026-01-19 01:08:24+00:00,1.0,False,githubnext/agentics/workflows/daily-test-improver.md@1ef9dbe65e8265b57fe2ffa76098457cf3ae2b32,frontmatter only,1.0,0.0,,,False
1128,252,talk2MeGooseman/stream_closed_captioner_phoenix,daily-test-improver.md,4,2026-01-19 07:37:43+00:00,1.0,False,githubnext/agentics/workflows/daily-test-improver.md@1ef9dbe65e8265b57fe2ffa76098457cf3ae2b32,frontmatter only,1.0,0.27,,,False
1129,252,talk2MeGooseman/stream_closed_captioner_phoenix,daily-test-improver.md,5,2026-01-19 15:51:33+00:00,1.0,False,githubnext/agentics/workflows/daily-test-improver.md@1ef9dbe65e8265b57fe2ffa76098457cf3ae2b32,frontmatter only,1.0,0.34,,,False
1130,252,talk2MeGooseman/stream_closed_captioner_phoenix,daily-test-improver.md,6,2026-02-28 19:05:57+00:00,0.1393,False,githubnext/agentics/workflows/daily-test-improver.md@442992eda2ccb11ee75a39c019ec6d38ae5a84a2,both,0.1393,40.13,,steps,True
1131,252,talk2MeGooseman/stream_closed_captioner_phoenix,daily-test-improver.md,7,2026-02-28 21:01:57+00:00,0.1393,False,githubnext/agentics/workflows/daily-test-improver.md@442992eda2ccb11ee75a39c019ec6d38ae5a84a2,frontmatter only,1.0,0.08,imports,,False
1132,252,talk2MeGooseman/stream_closed_captioner_phoenix,daily-test-improver.md,8,2026-04-12 03:11:17+00:00,0.1394,False,githubnext/agentics/workflows/daily-test-improver.md@97143ac59cb3a13ef2a77581f929f06719c7402a,both,0.9988,42.26,,,True
1133,253,talk2MeGooseman/stream_closed_captioner_phoenix,repository-quality-improver.md,1,2026-04-12 03:11:17+00:00,1.0,False,githubnext/agentics/workflows/repository-quality-improver.md@97143ac59cb3a13ef2a77581f929f06719c7402a,,,,,,
1134,254,pulumi/pulumi-mongodbatlas,gh-aw-pr-rereview.md,1,2026-05-12 06:56:35+00:00,1.0,True,pulumi-labs/gh-aw-internal/.github/workflows/gh-aw-pr-rereview.md@8a92f53fac170563f7727cacab2dbedb5d5b9e29,,,,,,
1135,255,pulumi/pulumi-mongodbatlas,gh-aw-pr-review.md,1,2026-05-12 06:56:35+00:00,1.0,True,pulumi-labs/gh-aw-internal/.github/workflows/gh-aw-pr-review.md@8a92f53fac170563f7727cacab2dbedb5d5b9e29,,,,,,
1136,256,pulumi/pulumi-kafka,gh-aw-pr-rereview.md,1,2026-05-12 06:46:07+00:00,1.0,True,pulumi-labs/gh-aw-internal/.github/workflows/gh-aw-pr-rereview.md@8a92f53fac170563f7727cacab2dbedb5d5b9e29,,,,,,
1137,257,pulumi/pulumi-kafka,gh-aw-pr-review.md,1,2026-05-12 06:46:07+00:00,1.0,True,pulumi-labs/gh-aw-internal/.github/workflows/gh-aw-pr-review.md@8a92f53fac170563f7727cacab2dbedb5d5b9e29,,,,,,
1138,258,pulumi/pulumi-newrelic,gh-aw-pr-rereview.md,1,2026-05-12 06:58:37+00:00,1.0,True,pulumi-labs/gh-aw-internal/.github/workflows/gh-aw-pr-rereview.md@8a92f53fac170563f7727cacab2dbedb5d5b9e29,,,,,,
1139,259,pulumi/pulumi-newrelic,gh-aw-pr-review.md,1,2026-05-12 06:58:37+00:00,1.0,True,pulumi-labs/gh-aw-internal/.github/workflows/gh-aw-pr-review.md@8a92f53fac170563f7727cacab2dbedb5d5b9e29,,,,,,
1140,260,microsoft/pylance-release,issue-assignment.md,1,2026-02-13 21:49:25+00:00,1.0,False,,,,,,,
1141,261,pulumi/pulumi-pulumiservice,gh-aw-pr-rereview.md,1,2026-05-28 07:34:19+00:00,1.0,True,pulumi-labs/gh-aw-internal/.github/workflows/gh-aw-pr-rereview.md@8a92f53fac170563f7727cacab2dbedb5d5b9e29,,,,,,
1142,262,pulumi/pulumi-pulumiservice,gh-aw-pr-review.md,1,2026-05-28 07:34:19+00:00,1.0,True,pulumi-labs/gh-aw-internal/.github/workflows/gh-aw-pr-review.md@8a92f53fac170563f7727cacab2dbedb5d5b9e29,,,,,,
1143,263,microsoft/vscode-mypy,check-python-versions.md,1,2026-02-17 21:37:12+00:00,1.0,False,,,,,,,
1144,263,microsoft/vscode-mypy,check-python-versions.md,2,2026-02-24 00:41:51+00:00,0.9259,False,,both,0.9259,6.13,engine; strict,,False
1145,263,microsoft/vscode-mypy,check-python-versions.md,3,2026-06-09 17:33:54+00:00,0.9259,False,,frontmatter only,1.0,105.7,if,,False
1146,263,microsoft/vscode-mypy,check-python-versions.md,4,2026-06-23 19:22:12+00:00,0.9259,False,,frontmatter only,1.0,14.08,,,False
1147,264,microsoft/vscode-mypy,extension-template-sync.md,1,2026-02-26 00:08:33+00:00,1.0,False,,,,,,,
1148,264,microsoft/vscode-mypy,extension-template-sync.md,2,2026-02-27 17:32:49+00:00,0.9668,False,,body only,0.9668,1.73,,,False
1149,264,microsoft/vscode-mypy,extension-template-sync.md,3,2026-03-03 18:17:37+00:00,0.5945,False,,both,0.6037,4.03,,,False
1150,264,microsoft/vscode-mypy,extension-template-sync.md,4,2026-03-20 19:58:12+00:00,0.5788,False,,body only,0.9397,17.07,,,False
1151,264,microsoft/vscode-mypy,extension-template-sync.md,5,2026-03-25 00:41:14+00:00,0.5665,False,,body only,0.9785,4.2,,,False
1152,264,microsoft/vscode-mypy,extension-template-sync.md,6,2026-06-09 17:33:54+00:00,0.5665,False,,frontmatter only,1.0,76.7,if,,False
1153,264,microsoft/vscode-mypy,extension-template-sync.md,7,2026-06-23 19:22:12+00:00,0.5665,False,,frontmatter only,1.0,14.08,,,False
1154,265,microsoft/vscode-mypy,issue-triage.md,1,2026-02-25 17:55:18+00:00,1.0,False,,,,,,,
1155,265,microsoft/vscode-mypy,issue-triage.md,2,2026-02-27 19:57:13+00:00,0.975,False,,both,0.975,2.08,,,False
1156,265,microsoft/vscode-mypy,issue-triage.md,3,2026-03-03 18:17:37+00:00,0.9644,False,,both,0.9901,3.93,,,False
1157,265,microsoft/vscode-mypy,issue-triage.md,4,2026-06-09 17:33:54+00:00,0.8661,False,,both,0.8962,97.97,if,,False
1158,265,microsoft/vscode-mypy,issue-triage.md,5,2026-06-23 19:22:12+00:00,0.8661,False,,frontmatter only,1.0,14.08,,,False
1159,266,Alfresco/alfresco-build-tools,supply-chain-review.md,1,2026-05-28 13:55:52+00:00,1.0,False,,,,,,,
1160,266,Alfresco/alfresco-build-tools,supply-chain-review.md,2,2026-05-29 10:54:47+00:00,1.0,False,,body only,1.0,0.87,,,False
1161,266,Alfresco/alfresco-build-tools,supply-chain-review.md,3,2026-05-29 13:21:33+00:00,0.9993,False,,body only,0.9993,0.1,,,False
1162,266,Alfresco/alfresco-build-tools,supply-chain-review.md,4,2026-06-03 15:13:37+00:00,0.9974,False,,body only,0.9984,5.08,,,False
1163,266,Alfresco/alfresco-build-tools,supply-chain-review.md,5,2026-06-10 11:29:33+00:00,0.9724,False,,body only,0.9749,6.84,,,False
1164,267,runhey/OnmyojiAutoScript,issue-handle-bug.md,1,2026-04-24 17:42:53+00:00,1.0,False,,,,,,,
1165,267,runhey/OnmyojiAutoScript,issue-handle-bug.md,2,2026-05-13 16:37:01+00:00,1.0,False,,frontmatter only,1.0,18.95,,,False
1166,268,runhey/OnmyojiAutoScript,issue-handle-enhancement.md,1,2026-04-24 17:42:53+00:00,1.0,False,,,,,,,
1167,268,runhey/OnmyojiAutoScript,issue-handle-enhancement.md,2,2026-04-29 16:18:15+00:00,1.0,False,,frontmatter only,1.0,4.94,,,False
1168,268,runhey/OnmyojiAutoScript,issue-handle-enhancement.md,3,2026-05-13 16:37:01+00:00,1.0,False,,frontmatter only,1.0,14.01,,,False
1169,269,runhey/OnmyojiAutoScript,issue-handle-other.md,1,2026-04-24 17:42:53+00:00,1.0,False,,,,,,,
1170,269,runhey/OnmyojiAutoScript,issue-handle-other.md,2,2026-04-29 16:18:15+00:00,1.0,False,,frontmatter only,1.0,4.94,,,False
1171,269,runhey/OnmyojiAutoScript,issue-handle-other.md,3,2026-05-13 16:37:01+00:00,1.0,False,,frontmatter only,1.0,14.01,,,False
1172,270,runhey/OnmyojiAutoScript,issue-handle-question.md,1,2026-04-24 17:42:53+00:00,1.0,False,,,,,,,
1173,270,runhey/OnmyojiAutoScript,issue-handle-question.md,2,2026-04-29 16:18:15+00:00,0.5386,False,,both,0.5386,4.94,,,False
1174,270,runhey/OnmyojiAutoScript,issue-handle-question.md,3,2026-05-13 16:37:01+00:00,0.5386,False,,frontmatter only,1.0,14.01,,,False
1175,271,runhey/OnmyojiAutoScript,issue-triage.md,1,2026-04-24 17:42:53+00:00,1.0,False,,,,,,,
1176,271,runhey/OnmyojiAutoScript,issue-triage.md,2,2026-04-29 16:18:15+00:00,0.5249,False,,both,0.5249,4.94,,,False
1177,272,runhey/OnmyojiAutoScript,pr-review-checklist.md,1,2026-05-01 09:16:00+00:00,1.0,False,,,,,,,
1178,272,runhey/OnmyojiAutoScript,pr-review-checklist.md,2,2026-05-01 09:43:44+00:00,0.9247,False,,body only,0.9247,0.02,,,False
1179,272,runhey/OnmyojiAutoScript,pr-review-checklist.md,3,2026-05-02 05:16:21+00:00,0.9247,False,,frontmatter only,1.0,0.81,,,False
1180,272,runhey/OnmyojiAutoScript,pr-review-checklist.md,4,2026-05-04 09:32:28+00:00,0.9211,False,,body only,0.9964,2.18,,,False
1181,272,runhey/OnmyojiAutoScript,pr-review-checklist.md,5,2026-05-04 13:25:36+00:00,0.6882,False,,both,0.7501,0.16,,,False
1182,273,runhey/OnmyojiAutoScript,pr-review-intent.md,1,2026-04-29 16:18:15+00:00,1.0,False,,,,,,,
1183,273,runhey/OnmyojiAutoScript,pr-review-intent.md,2,2026-05-01 09:16:00+00:00,0.9707,False,,both,0.9707,1.71,,,False
1184,273,runhey/OnmyojiAutoScript,pr-review-intent.md,3,2026-05-02 05:16:21+00:00,0.9707,False,,frontmatter only,1.0,0.83,,,False
1185,273,runhey/OnmyojiAutoScript,pr-review-intent.md,4,2026-05-04 09:32:28+00:00,0.9685,False,,body only,0.9979,2.18,,,False
1186,273,runhey/OnmyojiAutoScript,pr-review-intent.md,5,2026-05-04 13:25:36+00:00,0.9685,False,,frontmatter only,1.0,0.16,,,False
1187,274,runhey/OnmyojiAutoScript,weekly-report.md,1,2026-05-04 09:32:28+00:00,1.0,False,,,,,,,
1188,274,runhey/OnmyojiAutoScript,weekly-report.md,2,2026-05-04 13:25:36+00:00,0.9129,False,,body only,0.9129,0.16,,,False
1189,274,runhey/OnmyojiAutoScript,weekly-report.md,3,2026-06-11 02:16:24+00:00,0.9129,False,,frontmatter only,1.0,37.54,,,False
1190,275,sytone/obsidian-queryallthethings,code-simplifier.md,1,2026-02-27 00:23:49+00:00,1.0,False,github/gh-aw/.github/workflows/code-simplifier.md@852cb06ad52958b402ed982b69957ffc57ca0619,,,,,,
1191,276,pulumi/pulumi-snowflake,gh-aw-pr-rereview.md,1,2026-05-12 07:17:10+00:00,1.0,True,pulumi-labs/gh-aw-internal/.github/workflows/gh-aw-pr-rereview.md@8a92f53fac170563f7727cacab2dbedb5d5b9e29,,,,,,
1192,277,pulumi/pulumi-snowflake,gh-aw-pr-review.md,1,2026-05-12 07:17:10+00:00,1.0,True,pulumi-labs/gh-aw-internal/.github/workflows/gh-aw-pr-review.md@8a92f53fac170563f7727cacab2dbedb5d5b9e29,,,,,,
1193,278,pulumi/pulumi-azure-native,azure-native-pr-rereview.md,1,2026-03-12 17:27:35+00:00,1.0,True,pulumi-labs/gh-aw-internal/.github/workflows/gh-aw-pr-rereview.md@734ef41746387a6818fd8ac3e619c9fd81ac6957,,,,,,
1194,279,pulumi/pulumi-azure-native,azure-native-pr-review.md,1,2026-03-12 17:27:35+00:00,1.0,True,pulumi-labs/gh-aw-internal/.github/workflows/gh-aw-pr-review.md@734ef41746387a6818fd8ac3e619c9fd81ac6957,,,,,,
1195,280,Azure/LogicAppsUX,daily-repo-status.md,1,2026-02-24 15:56:19+00:00,1.0,False,githubnext/agentics/workflows/daily-repo-status.md@b0e9cfd3a20372ce7fe0462bb7bbca2272df4a88,,,,,,
1196,281,Azure/LogicAppsUX,issue-triage-agent.md,1,2026-04-01 20:57:27+00:00,1.0,False,,,,,,,
1197,281,Azure/LogicAppsUX,issue-triage-agent.md,2,2026-04-02 02:49:52+00:00,1.0,False,,frontmatter only,1.0,0.24,,,False
1198,281,Azure/LogicAppsUX,issue-triage-agent.md,3,2026-04-08 20:59:33+00:00,0.8059,False,,body only,0.8059,6.76,,,False
1199,282,Azure/LogicAppsUX,issue-triage-feedback.md,1,2026-04-01 20:57:27+00:00,1.0,False,,,,,,,
1200,282,Azure/LogicAppsUX,issue-triage-feedback.md,2,2026-04-08 20:59:33+00:00,0.9302,False,,body only,0.9302,7.0,,,False
1201,283,microsoft/typespec,bump-tcgc-csharp.md,1,2026-04-27 20:50:06+00:00,1.0,False,,,,,,,
1202,283,microsoft/typespec,bump-tcgc-csharp.md,2,2026-04-28 14:43:26+00:00,1.0,False,,frontmatter only,1.0,0.75,,,False
1203,283,microsoft/typespec,bump-tcgc-csharp.md,3,2026-04-28 16:29:41+00:00,1.0,False,,frontmatter only,1.0,0.07,,,False
1204,283,microsoft/typespec,bump-tcgc-csharp.md,4,2026-06-24 21:30:57+00:00,1.0,False,,frontmatter only,1.0,57.21,,,False
1205,284,microsoft/typespec,issue-triage.md,1,2026-04-20 14:04:24+00:00,1.0,False,githubnext/agentics/workflows/issue-triage.md@346204513ecfa08b81566450d7d599556807389f,,,,,,
1206,284,microsoft/typespec,issue-triage.md,2,2026-04-21 22:44:53+00:00,1.0,False,githubnext/agentics/workflows/issue-triage.md@346204513ecfa08b81566450d7d599556807389f,frontmatter only,1.0,1.36,,,False
1207,284,microsoft/typespec,issue-triage.md,3,2026-04-27 12:59:08+00:00,0.9881,False,githubnext/agentics/workflows/issue-triage.md@346204513ecfa08b81566450d7d599556807389f,body only,0.9881,5.59,,,False
1208,284,microsoft/typespec,issue-triage.md,4,2026-04-27 13:45:49+00:00,0.9614,False,githubnext/agentics/workflows/issue-triage.md@346204513ecfa08b81566450d7d599556807389f,body only,0.973,0.03,,,False
1209,284,microsoft/typespec,issue-triage.md,5,2026-04-28 14:43:26+00:00,0.9614,False,githubnext/agentics/workflows/issue-triage.md@346204513ecfa08b81566450d7d599556807389f,frontmatter only,1.0,1.04,,,False
1210,284,microsoft/typespec,issue-triage.md,6,2026-05-01 11:20:36+00:00,0.9614,False,githubnext/agentics/workflows/issue-triage.md@346204513ecfa08b81566450d7d599556807389f,frontmatter only,1.0,2.86,,,False
1211,284,microsoft/typespec,issue-triage.md,7,2026-06-05 21:48:37+00:00,0.9614,False,githubnext/agentics/workflows/issue-triage.md@346204513ecfa08b81566450d7d599556807389f,frontmatter only,1.0,35.44,,,False
1212,284,microsoft/typespec,issue-triage.md,8,2026-06-24 21:30:57+00:00,0.9614,False,githubnext/agentics/workflows/issue-triage.md@346204513ecfa08b81566450d7d599556807389f,frontmatter only,1.0,18.99,,,False
1213,285,Keboo/DotnetTemplates,update-dependencies.md,1,2026-04-07 05:52:29+00:00,1.0,False,,,,,,,
1214,285,Keboo/DotnetTemplates,update-dependencies.md,2,2026-04-15 23:26:02+00:00,1.0,False,,frontmatter only,1.0,8.73,,,False
1215,285,Keboo/DotnetTemplates,update-dependencies.md,3,2026-04-15 23:44:20+00:00,0.975,False,,both,0.975,0.01,,,False
1216,285,Keboo/DotnetTemplates,update-dependencies.md,4,2026-05-08 17:26:43+00:00,0.9415,False,,both,0.9667,22.74,,,False
1217,285,Keboo/DotnetTemplates,update-dependencies.md,5,2026-05-14 04:19:31+00:00,0.9415,False,,frontmatter only,1.0,5.45,,,False
1218,286,home-assistant/core,check-requirements.md,1,2026-05-18 14:59:49+00:00,1.0,False,,,,,,,
1219,286,home-assistant/core,check-requirements.md,2,2026-05-18 18:20:36+00:00,1.0,False,,frontmatter only,1.0,0.14,,,False
1220,286,home-assistant/core,check-requirements.md,3,2026-05-19 14:06:14+00:00,0.9753,False,,both,0.9753,0.82,concurrency; post-steps,,False
1221,286,home-assistant/core,check-requirements.md,4,2026-05-19 18:48:53+00:00,0.9303,False,,body only,0.955,0.2,,,False
1222,286,home-assistant/core,check-requirements.md,5,2026-05-20 15:59:20+00:00,0.2849,False,,both,0.2882,0.88,steps,,False
1223,286,home-assistant/core,check-requirements.md,6,2026-05-20 23:16:25+00:00,0.2838,False,,both,0.989,0.3,jobs,,False
1224,286,home-assistant/core,check-requirements.md,7,2026-05-20 23:28:32+00:00,0.2363,False,,body only,0.767,0.01,,,False
1225,286,home-assistant/core,check-requirements.md,8,2026-06-11 14:31:35+00:00,0.1684,False,,both,0.5536,21.63,,,False
1226,286,home-assistant/core,check-requirements.md,9,2026-06-11 15:38:42+00:00,0.1515,False,,body only,0.751,0.05,,,False
1227,286,home-assistant/core,check-requirements.md,10,2026-06-15 13:24:02+00:00,0.1524,False,,both,0.9955,3.91,,,False
1228,286,home-assistant/core,check-requirements.md,11,2026-06-16 09:05:08+00:00,0.1515,False,,both,0.9955,0.82,,,False
1229,286,home-assistant/core,check-requirements.md,12,2026-06-18 07:31:59+00:00,0.1553,False,,body only,0.9819,1.94,,,False
1230,286,home-assistant/core,check-requirements.md,13,2026-06-25 14:48:51+00:00,0.1553,False,,frontmatter only,1.0,7.3,if,,False
1231,287,unipept/unipept,dependency-update.md,1,2026-06-01 12:38:37+00:00,1.0,False,,,,,,,
1232,287,unipept/unipept,dependency-update.md,2,2026-06-01 13:25:25+00:00,0.9946,False,,both,0.9946,0.03,,,False
1233,287,unipept/unipept,dependency-update.md,3,2026-06-01 13:58:09+00:00,0.9946,False,,frontmatter only,1.0,0.02,,,False
1234,288,pulumi/pulumi-tls,gh-aw-pr-rereview.md,1,2026-05-12 07:24:13+00:00,1.0,True,pulumi-labs/gh-aw-internal/.github/workflows/gh-aw-pr-rereview.md@8a92f53fac170563f7727cacab2dbedb5d5b9e29,,,,,,
1235,289,pulumi/pulumi-tls,gh-aw-pr-review.md,1,2026-05-12 07:24:13+00:00,1.0,True,pulumi-labs/gh-aw-internal/.github/workflows/gh-aw-pr-review.md@8a92f53fac170563f7727cacab2dbedb5d5b9e29,,,,,,
1236,290,pulumi/pulumi-kubernetes-ingress-nginx,gh-aw-pr-rereview.md,1,2026-05-12 06:52:57+00:00,1.0,True,pulumi-labs/gh-aw-internal/.github/workflows/gh-aw-pr-rereview.md@8a92f53fac170563f7727cacab2dbedb5d5b9e29,,,,,,
1237,291,pulumi/pulumi-kubernetes-ingress-nginx,gh-aw-pr-review.md,1,2026-05-12 06:52:57+00:00,1.0,True,pulumi-labs/gh-aw-internal/.github/workflows/gh-aw-pr-review.md@8a92f53fac170563f7727cacab2dbedb5d5b9e29,,,,,,
1238,292,jonathanpeppers/dotnes,dotnes-reviewer.md,1,2026-05-01 22:07:10+00:00,1.0,False,,,,,,,
1239,293,dotnet/maintenance-packages,version-maintenance.md,1,2026-03-09 16:47:44+00:00,1.0,False,,,,,,,
1240,293,dotnet/maintenance-packages,version-maintenance.md,2,2026-03-10 15:15:27+00:00,0.7951,False,,both,0.7951,0.94,runtimes,,False
1241,293,dotnet/maintenance-packages,version-maintenance.md,3,2026-03-18 17:10:25+00:00,0.7951,False,,frontmatter only,1.0,8.08,,,False
1242,294,microsoft/aspire,daily-repo-status.md,1,2026-02-17 17:52:26+00:00,1.0,False,githubnext/agentics/workflows/daily-repo-status.md@69b5e3ae5fa7f35fa555b0a22aee14c36ab57ebb,,,,,,
1243,294,microsoft/aspire,daily-repo-status.md,2,2026-02-19 01:41:00+00:00,0.0663,False,,both,0.0663,1.33,,source,True
1244,294,microsoft/aspire,daily-repo-status.md,3,2026-02-20 20:49:44+00:00,0.0696,False,,both,0.9219,1.8,,,False
1245,294,microsoft/aspire,daily-repo-status.md,4,2026-02-25 19:06:14+00:00,0.0664,False,,body only,0.9173,4.93,,,False
1246,294,microsoft/aspire,daily-repo-status.md,5,2026-04-29 17:52:10+00:00,0.0664,False,,both,1.0,62.95,,,False
1247,294,microsoft/aspire,daily-repo-status.md,6,2026-06-17 23:19:15+00:00,0.0664,False,,frontmatter only,1.0,49.23,,,False
1248,294,microsoft/aspire,daily-repo-status.md,7,2026-06-18 02:43:47+00:00,0.0664,False,,frontmatter only,1.0,0.14,max-daily-ai-credits,,False
1249,295,microsoft/aspire,extension-changelog.md,1,2026-05-30 18:48:11+00:00,1.0,False,,,,,,,
1250,295,microsoft/aspire,extension-changelog.md,2,2026-05-31 22:51:31+00:00,1.0,False,,frontmatter only,1.0,1.17,,,False
1251,295,microsoft/aspire,extension-changelog.md,3,2026-06-01 19:15:08+00:00,0.9723,False,,body only,0.9723,0.85,,,False
1252,295,microsoft/aspire,extension-changelog.md,4,2026-06-02 22:01:29+00:00,0.9473,False,,body only,0.9742,1.12,,,False
1253,295,microsoft/aspire,extension-changelog.md,5,2026-06-17 23:19:15+00:00,0.9473,False,,frontmatter only,1.0,15.05,,,False
1254,295,microsoft/aspire,extension-changelog.md,6,2026-06-18 02:43:47+00:00,0.9473,False,,frontmatter only,1.0,0.14,max-daily-ai-credits,,False
1255,296,microsoft/aspire,milestone-changelog.md,1,2026-04-23 13:38:35+00:00,1.0,False,,,,,,,
1256,296,microsoft/aspire,milestone-changelog.md,2,2026-05-01 15:29:33+00:00,0.3528,False,,both,0.3528,8.08,env; jobs; steps,,False
1257,296,microsoft/aspire,milestone-changelog.md,3,2026-05-04 03:01:20+00:00,0.3409,False,,both,0.958,2.48,,,False
1258,296,microsoft/aspire,milestone-changelog.md,4,2026-05-05 04:47:44+00:00,0.3372,False,,both,0.971,1.07,,,False
1259,296,microsoft/aspire,milestone-changelog.md,5,2026-05-06 03:10:15+00:00,0.3036,False,,both,0.9025,0.93,,,False
1260,296,microsoft/aspire,milestone-changelog.md,6,2026-05-11 09:22:02+00:00,0.2956,False,,both,0.9205,5.26,,,False
1261,296,microsoft/aspire,milestone-changelog.md,7,2026-05-12 07:54:00+00:00,0.2956,False,,frontmatter only,1.0,0.94,,,False
1262,296,microsoft/aspire,milestone-changelog.md,8,2026-05-14 14:18:17+00:00,0.2955,False,,body only,0.9989,2.27,,,False
1263,296,microsoft/aspire,milestone-changelog.md,9,2026-06-02 09:46:07+00:00,0.2955,False,,frontmatter only,1.0,18.81,,,False
1264,296,microsoft/aspire,milestone-changelog.md,10,2026-06-02 22:01:29+00:00,0.2881,False,,body only,0.9897,0.51,,,False
1265,296,microsoft/aspire,milestone-changelog.md,11,2026-06-03 14:23:47+00:00,0.2879,False,,body only,0.9982,0.68,,,False
1266,296,microsoft/aspire,milestone-changelog.md,12,2026-06-17 23:19:15+00:00,0.2879,False,,frontmatter only,1.0,14.37,,,False
1267,296,microsoft/aspire,milestone-changelog.md,13,2026-06-18 02:43:47+00:00,0.2879,False,,frontmatter only,1.0,0.14,max-daily-ai-credits,,False
1268,297,microsoft/aspire,pr-docs-check.md,1,2026-04-07 02:38:38+00:00,1.0,False,,,,,,,
1269,297,microsoft/aspire,pr-docs-check.md,2,2026-04-07 17:41:55+00:00,0.9434,False,,both,0.9434,0.63,,,False
1270,297,microsoft/aspire,pr-docs-check.md,3,2026-04-07 19:09:23+00:00,0.9434,False,,frontmatter only,1.0,0.06,,,False
1271,297,microsoft/aspire,pr-docs-check.md,4,2026-04-09 12:56:56+00:00,0.9434,False,,frontmatter only,1.0,1.74,,,False
1272,297,microsoft/aspire,pr-docs-check.md,5,2026-04-14 04:08:22+00:00,0.9434,False,,frontmatter only,1.0,4.63,,,False
1273,297,microsoft/aspire,pr-docs-check.md,6,2026-04-14 23:41:34+00:00,0.753,False,,both,0.8039,0.81,,,False
1274,297,microsoft/aspire,pr-docs-check.md,7,2026-04-21 03:45:06+00:00,0.6198,False,,both,0.817,6.17,,,False
1275,297,microsoft/aspire,pr-docs-check.md,8,2026-04-28 02:09:44+00:00,0.6198,False,,frontmatter only,1.0,6.93,,,False
1276,297,microsoft/aspire,pr-docs-check.md,9,2026-05-07 20:05:39+00:00,0.4729,False,,both,0.7927,9.75,,,False
1277,297,microsoft/aspire,pr-docs-check.md,10,2026-05-12 01:35:51+00:00,0.457,False,,both,0.8257,4.23,pre-agent-steps,,False
1278,297,microsoft/aspire,pr-docs-check.md,11,2026-05-13 17:23:47+00:00,0.2757,False,,both,0.6422,1.66,,,False
1279,297,microsoft/aspire,pr-docs-check.md,12,2026-05-27 10:55:36+00:00,0.2756,False,,body only,0.9996,13.73,,,False
1280,297,microsoft/aspire,pr-docs-check.md,13,2026-06-17 23:19:15+00:00,0.2756,False,,frontmatter only,1.0,21.52,,,False
1281,297,microsoft/aspire,pr-docs-check.md,14,2026-06-18 02:43:47+00:00,0.2756,False,,frontmatter only,1.0,0.14,max-daily-ai-credits,,False
1282,297,microsoft/aspire,pr-docs-check.md,15,2026-06-25 18:43:40+00:00,0.2758,False,,both,0.9988,7.67,,,False
1283,297,microsoft/aspire,pr-docs-check.md,16,2026-06-26 22:49:41+00:00,0.2638,False,,both,0.6768,1.17,max-turns,,False
1284,298,microsoft/aspire,release-notes-generate.md,1,2026-05-15 02:16:04+00:00,1.0,False,,,,,,,
1285,298,microsoft/aspire,release-notes-generate.md,2,2026-05-18 22:00:23+00:00,0.8263,False,,both,0.8263,3.82,safe-outputs,,False
1286,298,microsoft/aspire,release-notes-generate.md,3,2026-05-19 23:07:17+00:00,0.8263,False,,frontmatter only,1.0,1.05,,,False
1287,298,microsoft/aspire,release-notes-generate.md,4,2026-06-02 22:01:29+00:00,0.8065,False,,body only,0.9756,13.95,,,False
1288,298,microsoft/aspire,release-notes-generate.md,5,2026-06-03 21:01:50+00:00,0.8065,False,,frontmatter only,1.0,0.96,,,False
1289,298,microsoft/aspire,release-notes-generate.md,6,2026-06-17 23:19:15+00:00,0.8065,False,,frontmatter only,1.0,14.1,,,False
1290,298,microsoft/aspire,release-notes-generate.md,7,2026-06-18 02:43:47+00:00,0.8065,False,,frontmatter only,1.0,0.14,max-daily-ai-credits,,False
1291,299,microsoft/aspire,release-update-support-mdx.md,1,2026-05-07 20:05:39+00:00,1.0,False,,,,,,,
1292,299,microsoft/aspire,release-update-support-mdx.md,2,2026-05-20 21:37:47+00:00,1.0,False,,frontmatter only,1.0,13.06,,,False
1293,299,microsoft/aspire,release-update-support-mdx.md,3,2026-06-03 21:01:50+00:00,1.0,False,,frontmatter only,1.0,13.98,,,False
1294,299,microsoft/aspire,release-update-support-mdx.md,4,2026-06-17 23:19:15+00:00,1.0,False,,frontmatter only,1.0,14.1,,,False
1295,299,microsoft/aspire,release-update-support-mdx.md,5,2026-06-18 02:43:47+00:00,1.0,False,,frontmatter only,1.0,0.14,max-daily-ai-credits,,False
1296,300,microsoft/aspire,repo-pulse.md,1,2026-04-23 22:34:09+00:00,1.0,False,,,,,,,
1297,300,microsoft/aspire,repo-pulse.md,2,2026-04-27 20:48:42+00:00,0.432,False,,both,0.432,3.93,pre-agent-steps,,False
1298,300,microsoft/aspire,repo-pulse.md,3,2026-06-17 23:19:15+00:00,0.432,False,,frontmatter only,1.0,51.1,,,False
1299,300,microsoft/aspire,repo-pulse.md,4,2026-06-18 02:43:47+00:00,0.432,False,,frontmatter only,1.0,0.14,max-daily-ai-credits,,False
1300,301,stride3d/stride-community-toolkit,daily-activity-report.md,1,2026-02-16 08:42:00+00:00,1.0,False,,,,,,,
1301,301,stride3d/stride-community-toolkit,daily-activity-report.md,2,2026-04-29 20:54:53+00:00,0.7681,False,,both,0.7681,72.51,,,False
1302,301,stride3d/stride-community-toolkit,daily-activity-report.md,3,2026-05-24 23:20:52+00:00,0.8082,False,,both,0.8773,25.1,if,,False
1303,302,clash-verge-rev/clash-verge-rev,pr-ai-slop-review.md,1,2026-03-17 18:07:27+00:00,1.0,False,,,,,,,
1304,302,clash-verge-rev/clash-verge-rev,pr-ai-slop-review.md,2,2026-03-23 16:19:59+00:00,1.0,False,,frontmatter only,1.0,5.93,,,False
1305,302,clash-verge-rev/clash-verge-rev,pr-ai-slop-review.md,3,2026-03-26 14:00:56+00:00,0.8442,False,,both,0.8442,2.9,,,False
1306,302,clash-verge-rev/clash-verge-rev,pr-ai-slop-review.md,4,2026-04-14 09:46:21+00:00,0.8442,False,,frontmatter only,1.0,18.82,,,False
1307,302,clash-verge-rev/clash-verge-rev,pr-ai-slop-review.md,5,2026-04-21 16:11:44+00:00,0.7854,False,,body only,0.9268,7.27,,,False
1308,302,clash-verge-rev/clash-verge-rev,pr-ai-slop-review.md,6,2026-05-10 09:17:43+00:00,0.763,False,,body only,0.9704,18.71,,,False
1309,302,clash-verge-rev/clash-verge-rev,pr-ai-slop-review.md,7,2026-05-21 09:01:58+00:00,0.763,False,,frontmatter only,1.0,10.99,checkout,,False
1310,302,clash-verge-rev/clash-verge-rev,pr-ai-slop-review.md,8,2026-05-21 10:35:59+00:00,0.763,False,,frontmatter only,1.0,0.07,,,False
1311,302,clash-verge-rev/clash-verge-rev,pr-ai-slop-review.md,9,2026-05-22 11:00:42+00:00,0.6779,False,,body only,0.851,1.02,,,False
1312,302,clash-verge-rev/clash-verge-rev,pr-ai-slop-review.md,10,2026-05-22 11:08:40+00:00,0.6779,False,,frontmatter only,1.0,0.01,if,,False
1313,302,clash-verge-rev/clash-verge-rev,pr-ai-slop-review.md,11,2026-05-23 04:50:15+00:00,0.6779,False,,frontmatter only,1.0,0.74,,if,False
1314,302,clash-verge-rev/clash-verge-rev,pr-ai-slop-review.md,12,2026-05-26 08:46:44+00:00,0.6503,False,,body only,0.9515,3.16,,,False
1315,302,clash-verge-rev/clash-verge-rev,pr-ai-slop-review.md,13,2026-06-02 13:18:17+00:00,0.561,False,,body only,0.8577,7.19,,,False
1316,302,clash-verge-rev/clash-verge-rev,pr-ai-slop-review.md,14,2026-06-19 16:23:48+00:00,0.561,False,,frontmatter only,1.0,17.13,,,False
1317,303,pulumi/pulumi-databricks,gh-aw-pr-rereview.md,1,2026-05-12 06:29:34+00:00,1.0,True,pulumi-labs/gh-aw-internal/.github/workflows/gh-aw-pr-rereview.md@8a92f53fac170563f7727cacab2dbedb5d5b9e29,,,,,,
1318,304,pulumi/pulumi-databricks,gh-aw-pr-review.md,1,2026-05-12 06:29:34+00:00,1.0,True,pulumi-labs/gh-aw-internal/.github/workflows/gh-aw-pr-review.md@8a92f53fac170563f7727cacab2dbedb5d5b9e29,,,,,,
1319,305,openvinotoolkit/openvino.genai,ci-doctor.md,1,2026-02-25 14:55:17+00:00,1.0,False,githubnext/agentics/workflows/ci-doctor.md@0aa94a6e40aeaf131118476bc6a07e55c4ceb147,,,,,,
1320,305,openvinotoolkit/openvino.genai,ci-doctor.md,2,2026-03-19 10:58:38+00:00,0.7142,False,githubnext/agentics/workflows/ci-doctor.md@0aa94a6e40aeaf131118476bc6a07e55c4ceb147,both,0.7142,21.84,steps,,False
1321,305,openvinotoolkit/openvino.genai,ci-doctor.md,3,2026-03-30 15:58:54+00:00,0.7142,False,githubnext/agentics/workflows/ci-doctor.md@0aa94a6e40aeaf131118476bc6a07e55c4ceb147,frontmatter only,1.0,11.21,,,False
1322,305,openvinotoolkit/openvino.genai,ci-doctor.md,4,2026-03-31 08:46:38+00:00,0.7142,False,githubnext/agentics/workflows/ci-doctor.md@0aa94a6e40aeaf131118476bc6a07e55c4ceb147,frontmatter only,1.0,0.7,,,False
1323,305,openvinotoolkit/openvino.genai,ci-doctor.md,5,2026-04-07 15:50:15+00:00,0.6809,False,githubnext/agentics/workflows/ci-doctor.md@0aa94a6e40aeaf131118476bc6a07e55c4ceb147,body only,0.9439,7.29,,,False
1324,305,openvinotoolkit/openvino.genai,ci-doctor.md,6,2026-04-07 16:21:35+00:00,0.6813,False,githubnext/agentics/workflows/ci-doctor.md@0aa94a6e40aeaf131118476bc6a07e55c4ceb147,body only,0.9681,0.02,,,False
1325,305,openvinotoolkit/openvino.genai,ci-doctor.md,7,2026-04-14 07:00:50+00:00,0.6813,False,githubnext/agentics/workflows/ci-doctor.md@0aa94a6e40aeaf131118476bc6a07e55c4ceb147,frontmatter only,1.0,6.61,engine,,False
1326,305,openvinotoolkit/openvino.genai,ci-doctor.md,8,2026-04-21 12:09:54+00:00,0.624,False,githubnext/agentics/workflows/ci-doctor.md@0aa94a6e40aeaf131118476bc6a07e55c4ceb147,body only,0.918,7.21,,,False
1327,306,pulumi/pulumi-nomad,gh-aw-pr-rereview.md,1,2026-05-12 06:57:17+00:00,1.0,True,pulumi-labs/gh-aw-internal/.github/workflows/gh-aw-pr-rereview.md@8a92f53fac170563f7727cacab2dbedb5d5b9e29,,,,,,
1328,307,pulumi/pulumi-nomad,gh-aw-pr-review.md,1,2026-05-12 06:57:17+00:00,1.0,True,pulumi-labs/gh-aw-internal/.github/workflows/gh-aw-pr-review.md@8a92f53fac170563f7727cacab2dbedb5d5b9e29,,,,,,
1329,308,GuyKh/iec-custom-component,issue-duplicate-finder.md,1,2026-02-15 16:01:23+00:00,1.0,False,,,,,,,
1330,309,CliMA/ClimaAtmos.jl,pr-review.md,1,2026-05-18 19:44:29+00:00,1.0,False,,,,,,,
1331,309,CliMA/ClimaAtmos.jl,pr-review.md,2,2026-05-18 22:15:32+00:00,0.885,False,,both,0.885,0.1,,,False
1332,309,CliMA/ClimaAtmos.jl,pr-review.md,3,2026-05-28 00:13:40+00:00,0.885,False,,frontmatter only,1.0,9.08,runtimes,,False
1333,310,KunalSin9h/meltcd,daily-repo-status.md,1,2026-02-26 18:19:47+00:00,1.0,False,githubnext/agentics/workflows/daily-repo-status.md@0718141d65ec967e48141f6f1850ad7b1f682bb0,,,,,,
1334,310,KunalSin9h/meltcd,daily-repo-status.md,2,2026-02-26 18:28:02+00:00,1.0,False,githubnext/agentics/workflows/daily-repo-status.md@0718141d65ec967e48141f6f1850ad7b1f682bb0,frontmatter only,1.0,0.01,,,False
1335,311,KunalSin9h/meltcd,new.md,1,2026-02-27 06:20:44+00:00,1.0,True,,,,,,,
1336,311,KunalSin9h/meltcd,new.md,2,2026-02-27 06:34:23+00:00,0.0046,False,,both,0.0046,0.01,mcp-servers,,False
1337,312,KunalSin9h/meltcd,safedep-on-pr.md,1,2026-02-26 18:45:35+00:00,1.0,True,,,,,,,
1338,312,KunalSin9h/meltcd,safedep-on-pr.md,2,2026-02-26 18:57:33+00:00,1.0,True,,frontmatter only,1.0,0.01,,,False
1339,312,KunalSin9h/meltcd,safedep-on-pr.md,3,2026-02-26 18:59:34+00:00,1.0,True,,frontmatter only,1.0,0.0,,,False
1340,312,KunalSin9h/meltcd,safedep-on-pr.md,4,2026-02-27 06:20:44+00:00,1.0,True,,frontmatter only,1.0,0.47,,safe-outputs,False
1341,313,rancher/dashboard,daily-accessibility-review.md,1,2026-04-08 08:28:54+00:00,1.0,False,,,,,,,
1342,313,rancher/dashboard,daily-accessibility-review.md,2,2026-04-09 15:49:35+00:00,1.0,False,,frontmatter only,1.0,1.31,,,False
1343,313,rancher/dashboard,daily-accessibility-review.md,3,2026-04-29 10:55:44+00:00,1.0,False,,frontmatter only,1.0,19.8,,,False
1344,313,rancher/dashboard,daily-accessibility-review.md,4,2026-05-11 08:37:38+00:00,1.0,False,,frontmatter only,1.0,11.9,if,,False
1345,313,rancher/dashboard,daily-accessibility-review.md,5,2026-05-13 22:10:51+00:00,0.9633,False,,both,0.9633,2.56,,,False
1346,313,rancher/dashboard,daily-accessibility-review.md,6,2026-05-14 18:03:46+00:00,0.9633,False,,frontmatter only,1.0,0.83,,,False
1347,313,rancher/dashboard,daily-accessibility-review.md,7,2026-05-29 17:42:12+00:00,0.9633,False,,frontmatter only,1.0,14.99,,,False
1348,314,rancher/dashboard,daily-issue-grooming.md,1,2026-03-05 23:10:30+00:00,1.0,False,,,,,,,
1349,314,rancher/dashboard,daily-issue-grooming.md,2,2026-03-11 21:43:03+00:00,0.9828,False,,both,0.9828,5.94,,,False
1350,314,rancher/dashboard,daily-issue-grooming.md,3,2026-03-11 22:22:47+00:00,0.9828,False,,frontmatter only,1.0,0.03,,,False
1351,314,rancher/dashboard,daily-issue-grooming.md,4,2026-03-11 22:35:48+00:00,0.9828,False,,frontmatter only,1.0,0.01,description,,False
1352,314,rancher/dashboard,daily-issue-grooming.md,5,2026-03-12 15:21:27+00:00,0.9828,False,,frontmatter only,1.0,0.7,,,False
1353,314,rancher/dashboard,daily-issue-grooming.md,6,2026-03-24 20:08:04+00:00,0.8974,False,,body only,0.9129,12.2,,,False
1354,314,rancher/dashboard,daily-issue-grooming.md,7,2026-05-11 08:37:38+00:00,0.8974,False,,frontmatter only,1.0,47.52,if,,False
1355,314,rancher/dashboard,daily-issue-grooming.md,8,2026-05-14 18:03:46+00:00,0.8974,False,,frontmatter only,1.0,3.39,,,False
1356,314,rancher/dashboard,daily-issue-grooming.md,9,2026-05-29 17:42:12+00:00,0.8974,False,,frontmatter only,1.0,14.99,,,False
1357,315,rancher/dashboard,daily-repo-status.md,1,2026-04-08 08:28:54+00:00,1.0,False,,,,,,,
1358,315,rancher/dashboard,daily-repo-status.md,2,2026-05-11 08:37:38+00:00,1.0,False,,frontmatter only,1.0,33.01,if,,False
1359,315,rancher/dashboard,daily-repo-status.md,3,2026-05-14 18:03:46+00:00,1.0,False,,frontmatter only,1.0,3.39,,,False
1360,315,rancher/dashboard,daily-repo-status.md,4,2026-05-29 17:42:12+00:00,1.0,False,,frontmatter only,1.0,14.99,,,False
1361,316,rancher/dashboard,daily-test-improver.md,1,2026-04-08 08:28:54+00:00,1.0,False,,,,,,,
1362,316,rancher/dashboard,daily-test-improver.md,2,2026-04-29 10:55:44+00:00,0.9966,False,,body only,0.9966,21.1,,,False
1363,316,rancher/dashboard,daily-test-improver.md,3,2026-05-11 08:37:38+00:00,0.9867,False,,body only,0.9901,11.9,,,False
1364,316,rancher/dashboard,daily-test-improver.md,4,2026-05-14 13:47:21+00:00,0.8966,False,,body only,0.9087,3.22,,,False
1365,316,rancher/dashboard,daily-test-improver.md,5,2026-05-14 18:03:46+00:00,0.9003,False,,body only,0.9911,0.18,,,False
1366,316,rancher/dashboard,daily-test-improver.md,6,2026-05-29 17:42:12+00:00,0.8989,False,,body only,0.9987,14.99,,,False
1367,317,rancher/dashboard,duplicate-code-detector.md,1,2026-04-08 08:28:54+00:00,1.0,False,,,,,,,
1368,317,rancher/dashboard,duplicate-code-detector.md,2,2026-04-29 10:55:44+00:00,1.0,False,,frontmatter only,1.0,21.1,,,False
1369,317,rancher/dashboard,duplicate-code-detector.md,3,2026-05-11 08:37:38+00:00,1.0,False,,frontmatter only,1.0,11.9,if; tools,,False
1370,317,rancher/dashboard,duplicate-code-detector.md,4,2026-05-14 18:03:46+00:00,1.0,False,,frontmatter only,1.0,3.39,,,False
1371,317,rancher/dashboard,duplicate-code-detector.md,5,2026-05-29 17:42:12+00:00,1.0,False,,frontmatter only,1.0,14.99,,,False
1372,318,rancher/dashboard,issue-triage.md,1,2026-04-08 08:28:54+00:00,1.0,False,,,,,,,
1373,318,rancher/dashboard,issue-triage.md,2,2026-05-11 08:37:38+00:00,1.0,False,,frontmatter only,1.0,33.01,if,,False
1374,318,rancher/dashboard,issue-triage.md,3,2026-05-14 18:03:46+00:00,1.0,False,,frontmatter only,1.0,3.39,,,False
1375,318,rancher/dashboard,issue-triage.md,4,2026-05-29 17:42:12+00:00,1.0,False,,frontmatter only,1.0,14.99,,,False
1376,319,rancher/dashboard,pr-fix.md,1,2026-04-08 08:28:54+00:00,1.0,False,,,,,,,
1377,319,rancher/dashboard,pr-fix.md,2,2026-05-11 08:37:38+00:00,1.0,False,,frontmatter only,1.0,33.01,if,,False
1378,319,rancher/dashboard,pr-fix.md,3,2026-05-14 18:03:46+00:00,1.0,False,,frontmatter only,1.0,3.39,,,False
1379,319,rancher/dashboard,pr-fix.md,4,2026-05-29 17:42:12+00:00,1.0,False,,frontmatter only,1.0,14.99,,,False
1380,320,rancher/dashboard,weekly-stale-issue-manager.md,1,2026-06-07 01:41:30+00:00,1.0,False,,,,,,,
1381,321,microsoft/finnts,repo-improver.md,1,2026-04-29 21:00:24+00:00,1.0,False,,,,,,,
1382,321,microsoft/finnts,repo-improver.md,2,2026-04-29 21:04:07+00:00,0.9845,False,,body only,0.9845,0.0,,,False
1383,321,microsoft/finnts,repo-improver.md,3,2026-04-29 21:08:06+00:00,0.9597,False,,body only,0.9747,0.0,,,False
1384,322,lrascao/rebar3_gpb_plugin,daily-repo-status.md,1,2026-02-15 17:48:28+00:00,1.0,False,githubnext/agentics/workflows/daily-repo-status.md@eb7950f37d350af6fa09d19827c4883e72947221,,,,,,
1385,322,lrascao/rebar3_gpb_plugin,daily-repo-status.md,2,2026-02-15 18:05:18+00:00,0.9448,False,githubnext/agentics/workflows/daily-repo-status.md@eb7950f37d350af6fa09d19827c4883e72947221,both,0.9448,0.01,,,False
1386,323,dotnet/fsharp,agentic-state-machine.md,1,2026-05-12 09:03:57+00:00,1.0,False,,,,,,,
1387,323,dotnet/fsharp,agentic-state-machine.md,2,2026-05-12 12:46:39+00:00,0.9916,False,,both,0.9916,0.15,,,False
1388,323,dotnet/fsharp,agentic-state-machine.md,3,2026-05-21 09:32:08+00:00,0.9691,False,,body only,0.9776,8.86,,,False
1389,323,dotnet/fsharp,agentic-state-machine.md,4,2026-05-28 16:43:16+00:00,0.9691,False,,frontmatter only,1.0,7.3,,,False
1390,323,dotnet/fsharp,agentic-state-machine.md,5,2026-06-16 09:00:03+00:00,0.1178,False,,both,0.1206,18.68,,,False
1391,324,dotnet/fsharp,aw-auto-update.md,1,2026-03-31 09:39:35+00:00,1.0,False,,,,,,,
1392,324,dotnet/fsharp,aw-auto-update.md,2,2026-04-21 15:20:18+00:00,0.7832,False,,both,0.7832,21.24,,,False
1393,324,dotnet/fsharp,aw-auto-update.md,3,2026-04-28 08:54:20+00:00,0.7832,False,,frontmatter only,1.0,6.73,,,False
1394,324,dotnet/fsharp,aw-auto-update.md,4,2026-04-29 11:25:39+00:00,0.7832,False,,frontmatter only,1.0,1.11,,,False
1395,324,dotnet/fsharp,aw-auto-update.md,5,2026-05-04 07:06:13+00:00,0.7832,False,,frontmatter only,1.0,4.82,,,False
1396,324,dotnet/fsharp,aw-auto-update.md,6,2026-05-18 09:03:34+00:00,0.7419,False,,body only,0.9424,14.08,,,False
1397,324,dotnet/fsharp,aw-auto-update.md,7,2026-05-28 09:38:24+00:00,0.7419,False,,frontmatter only,1.0,10.02,,,False
1398,324,dotnet/fsharp,aw-auto-update.md,8,2026-05-28 16:10:17+00:00,0.2053,False,,both,0.2788,0.27,,,False
1399,324,dotnet/fsharp,aw-auto-update.md,9,2026-06-18 13:43:16+00:00,0.2053,False,,frontmatter only,1.0,20.9,,,False
1400,325,dotnet/fsharp,labelops-flake-fix.md,1,2026-05-06 09:42:54+00:00,1.0,False,,,,,,,
1401,326,dotnet/fsharp,labelops-pr-maintenance.md,1,2026-05-06 09:42:54+00:00,1.0,False,,,,,,,
1402,326,dotnet/fsharp,labelops-pr-maintenance.md,2,2026-05-18 08:48:13+00:00,1.0,False,,frontmatter only,1.0,11.96,,,False
1403,326,dotnet/fsharp,labelops-pr-maintenance.md,3,2026-05-28 08:54:00+00:00,0.9872,False,,both,0.9872,10.0,,,False
1404,326,dotnet/fsharp,labelops-pr-maintenance.md,4,2026-05-28 14:29:27+00:00,0.9872,False,,frontmatter only,1.0,0.23,,,False
1405,326,dotnet/fsharp,labelops-pr-maintenance.md,5,2026-06-18 13:43:16+00:00,0.9872,False,,frontmatter only,1.0,20.97,,,False
1406,327,dotnet/fsharp,labelops-pr-security-scan.md,1,2026-05-12 09:05:19+00:00,1.0,False,,,,,,,
1407,327,dotnet/fsharp,labelops-pr-security-scan.md,2,2026-05-12 09:11:42+00:00,0.9842,False,,body only,0.9842,0.0,,,False
1408,327,dotnet/fsharp,labelops-pr-security-scan.md,3,2026-05-15 08:59:37+00:00,0.8565,False,,both,0.8591,2.99,,,False
1409,327,dotnet/fsharp,labelops-pr-security-scan.md,4,2026-05-29 09:43:40+00:00,0.8565,False,,frontmatter only,1.0,14.03,concurrency,,False
1410,327,dotnet/fsharp,labelops-pr-security-scan.md,5,2026-06-03 16:07:19+00:00,0.7823,False,,body only,0.9175,5.27,,,False
1411,327,dotnet/fsharp,labelops-pr-security-scan.md,6,2026-06-18 13:43:16+00:00,0.7823,False,,frontmatter only,1.0,14.9,,,False
1412,328,dotnet/fsharp,msbuild-quality-review.md,1,2026-06-17 08:41:21+00:00,1.0,False,,,,,,,
1413,329,dotnet/fsharp,regression-pr-shepherd.md,1,2026-03-30 10:24:32+00:00,1.0,False,,,,,,,
1414,329,dotnet/fsharp,regression-pr-shepherd.md,2,2026-04-01 12:17:50+00:00,0.9534,False,,body only,0.9534,2.08,,,False
1415,329,dotnet/fsharp,regression-pr-shepherd.md,3,2026-04-09 12:41:00+00:00,0.8479,False,,both,0.8861,8.02,,,False
1416,329,dotnet/fsharp,regression-pr-shepherd.md,4,2026-04-16 08:32:21+00:00,0.8403,False,,body only,0.9897,6.83,,,False
1417,329,dotnet/fsharp,regression-pr-shepherd.md,5,2026-04-29 11:25:39+00:00,0.8403,False,,frontmatter only,1.0,13.12,,,False
1418,329,dotnet/fsharp,regression-pr-shepherd.md,6,2026-06-18 13:43:16+00:00,0.8403,False,,frontmatter only,1.0,50.1,,,False
1419,330,dotnet/fsharp,repo-assist.md,1,2026-03-16 13:32:21+00:00,1.0,False,githubnext/agentics/workflows/repo-assist.md@9135cdfde26838a01779aa966628308404ec1f02,,,,,,
1420,330,dotnet/fsharp,repo-assist.md,2,2026-03-17 12:00:51+00:00,1.0,False,githubnext/agentics/workflows/repo-assist.md@9135cdfde26838a01779aa966628308404ec1f02,frontmatter only,1.0,0.94,,,False
1421,330,dotnet/fsharp,repo-assist.md,3,2026-03-23 11:30:47+00:00,0.792,False,githubnext/agentics/workflows/repo-assist.md@9135cdfde26838a01779aa966628308404ec1f02,body only,0.792,5.98,,,False
1422,330,dotnet/fsharp,repo-assist.md,4,2026-03-23 12:45:52+00:00,0.792,False,githubnext/agentics/workflows/repo-assist.md@9135cdfde26838a01779aa966628308404ec1f02,frontmatter only,1.0,0.05,,,False
1423,330,dotnet/fsharp,repo-assist.md,5,2026-03-27 18:28:39+00:00,0.792,False,githubnext/agentics/workflows/repo-assist.md@9135cdfde26838a01779aa966628308404ec1f02,frontmatter only,1.0,4.24,,,False
1424,330,dotnet/fsharp,repo-assist.md,6,2026-03-30 10:26:46+00:00,0.4602,False,githubnext/agentics/workflows/repo-assist.md@9135cdfde26838a01779aa966628308404ec1f02,both,0.5511,2.67,,,False
1425,330,dotnet/fsharp,repo-assist.md,7,2026-03-31 09:23:48+00:00,0.4492,False,githubnext/agentics/workflows/repo-assist.md@9135cdfde26838a01779aa966628308404ec1f02,body only,0.9662,0.96,,,False
1426,330,dotnet/fsharp,repo-assist.md,8,2026-04-08 09:23:31+00:00,0.4492,False,githubnext/agentics/workflows/repo-assist.md@7c7feb61a52b662eb2089aa2945588b7a200d404,frontmatter only,1.0,8.0,checkout; steps,,True
1427,330,dotnet/fsharp,repo-assist.md,9,2026-04-16 08:32:21+00:00,0.4465,False,githubnext/agentics/workflows/repo-assist.md@7c7feb61a52b662eb2089aa2945588b7a200d404,body only,0.9958,7.96,,,False
1428,330,dotnet/fsharp,repo-assist.md,10,2026-04-29 11:25:39+00:00,0.4465,False,githubnext/agentics/workflows/repo-assist.md@7c7feb61a52b662eb2089aa2945588b7a200d404,frontmatter only,1.0,13.12,,,False
1429,330,dotnet/fsharp,repo-assist.md,11,2026-05-28 09:12:10+00:00,0.4465,False,githubnext/agentics/workflows/repo-assist.md@7c7feb61a52b662eb2089aa2945588b7a200d404,frontmatter only,1.0,28.91,,,False
1430,331,fable-compiler/Fable,repo-assist.md,1,2026-03-14 21:22:52+00:00,1.0,False,githubnext/agentics/workflows/repo-assist.md@346204513ecfa08b81566450d7d599556807389f,,,,,,
1431,331,fable-compiler/Fable,repo-assist.md,2,2026-03-21 20:14:32+00:00,1.0,False,githubnext/agentics/workflows/repo-assist.md@346204513ecfa08b81566450d7d599556807389f,frontmatter only,1.0,6.95,,,False
1432,331,fable-compiler/Fable,repo-assist.md,3,2026-04-04 12:20:49+00:00,1.0,False,githubnext/agentics/workflows/repo-assist.md@346204513ecfa08b81566450d7d599556807389f,frontmatter only,1.0,13.67,,,False
1433,331,fable-compiler/Fable,repo-assist.md,4,2026-04-06 06:17:06+00:00,0.9962,False,githubnext/agentics/workflows/repo-assist.md@346204513ecfa08b81566450d7d599556807389f,body only,0.9962,1.75,,,False
1434,331,fable-compiler/Fable,repo-assist.md,5,2026-04-17 15:18:22+00:00,0.9962,False,githubnext/agentics/workflows/repo-assist.md@8f2d44f5d624e31c4af7cdbd948c6f5eba875a85,frontmatter only,1.0,11.38,checkout,,True
1435,331,fable-compiler/Fable,repo-assist.md,6,2026-04-21 20:25:59+00:00,0.9851,False,githubnext/agentics/workflows/repo-assist.md@51c8f6ad4357d2ecc06e47120031b3d75e80227d,both,0.9889,4.21,,,True
1436,331,fable-compiler/Fable,repo-assist.md,7,2026-04-25 10:05:25+00:00,0.974,False,githubnext/agentics/workflows/repo-assist.md@51c8f6ad4357d2ecc06e47120031b3d75e80227d,both,0.9893,3.57,,,False
1437,331,fable-compiler/Fable,repo-assist.md,8,2026-04-26 13:49:36+00:00,0.9607,False,githubnext/agentics/workflows/repo-assist.md@51c8f6ad4357d2ecc06e47120031b3d75e80227d,body only,0.9833,1.16,,,False
1438,331,fable-compiler/Fable,repo-assist.md,9,2026-05-03 07:48:30+00:00,0.9228,False,githubnext/agentics/workflows/repo-assist.md@51c8f6ad4357d2ecc06e47120031b3d75e80227d,body only,0.9644,6.75,,,False
1439,331,fable-compiler/Fable,repo-assist.md,10,2026-05-09 11:55:28+00:00,0.9228,False,githubnext/agentics/workflows/repo-assist.md@51c8f6ad4357d2ecc06e47120031b3d75e80227d,frontmatter only,1.0,6.17,,,False
1440,332,fslaborg/Deedle,repo-assist.md,1,2026-03-08 21:59:09+00:00,1.0,False,githubnext/agentics/workflows/repo-assist.md@30f2254f2a7a944da1224df45d181a3f8faefd0d,,,,,,
1441,332,fslaborg/Deedle,repo-assist.md,2,2026-03-14 19:48:27+00:00,1.0,False,githubnext/agentics/workflows/repo-assist.md@30f2254f2a7a944da1224df45d181a3f8faefd0d,frontmatter only,1.0,5.91,,,False
1442,332,fslaborg/Deedle,repo-assist.md,3,2026-03-22 23:11:41+00:00,1.0,False,githubnext/agentics/workflows/repo-assist.md@30f2254f2a7a944da1224df45d181a3f8faefd0d,frontmatter only,1.0,8.14,,,False
1443,332,fslaborg/Deedle,repo-assist.md,4,2026-03-23 19:15:49+00:00,1.0,False,githubnext/agentics/workflows/repo-assist.md@4957663821dbb3260348084fa2f1659701950fef,frontmatter only,1.0,0.84,checkout,engine,True
1444,332,fslaborg/Deedle,repo-assist.md,5,2026-03-26 23:23:31+00:00,1.0,False,githubnext/agentics/workflows/repo-assist.md@1f672aef974f4246124860fc532f82fe8a93a57e,frontmatter only,1.0,3.17,,,True
1445,332,fslaborg/Deedle,repo-assist.md,6,2026-04-03 00:44:20+00:00,1.0,False,githubnext/agentics/workflows/repo-assist.md@4ea8c81959909f40373e2a5c2b7fdb54ea19e0a5,frontmatter only,1.0,7.06,,,True
1446,332,fslaborg/Deedle,repo-assist.md,7,2026-04-04 14:51:55+00:00,1.0,False,githubnext/agentics/workflows/repo-assist.md@7ee2b60744abf71b985bead4599640f165edcd93,frontmatter only,1.0,1.59,,,True
1447,332,fslaborg/Deedle,repo-assist.md,8,2026-04-20 02:49:57+00:00,1.0,False,githubnext/agentics/workflows/repo-assist.md@96b9d4c39aa22359c0b38265927eadb31dcf4e2a,frontmatter only,1.0,15.5,,,True
1448,332,fslaborg/Deedle,repo-assist.md,9,2026-05-06 12:30:52+00:00,0.9618,False,githubnext/agentics/workflows/repo-assist.md@fc4ab36dedc44e2a1cdc195cecce262f06c81230,both,0.9618,16.4,,,True
1449,332,fslaborg/Deedle,repo-assist.md,10,2026-05-09 12:26:37+00:00,0.9518,False,githubnext/agentics/workflows/repo-assist.md@c7d030cd6d4607b90d9ac3ffc8b24aff4f251632,both,0.9901,3.0,if,,True
1450,332,fslaborg/Deedle,repo-assist.md,11,2026-06-03 14:37:34+00:00,0.9518,False,githubnext/agentics/workflows/repo-assist.md@c02eadfca420f2b351f9fcaee883c507a63ca316,frontmatter only,1.0,25.09,,,True
1451,332,fslaborg/Deedle,repo-assist.md,12,2026-06-12 18:21:29+00:00,0.9518,False,githubnext/agentics/workflows/repo-assist.md@e15e57b40918dbca11b350c55d02ab61934afa75,frontmatter only,1.0,9.16,,,True
1452,333,ionide/ionide-vscode-fsharp,repo-assist.md,1,2026-02-22 17:47:10+00:00,1.0,False,githubnext/agentics/workflows/repo-assist.md@595b7a9c567ba4dce05ca824aec6e74b4dc545b8,,,,,,
1453,333,ionide/ionide-vscode-fsharp,repo-assist.md,2,2026-02-22 18:23:20+00:00,1.0,False,githubnext/agentics/workflows/repo-assist.md@595b7a9c567ba4dce05ca824aec6e74b4dc545b8,frontmatter only,1.0,0.03,,,False
1454,333,ionide/ionide-vscode-fsharp,repo-assist.md,3,2026-02-22 18:35:00+00:00,0.9402,False,githubnext/agentics/workflows/repo-assist.md@de40494d3f62516449f458c4f8d8d2fe370708fe,both,0.9402,0.01,,,True
1455,333,ionide/ionide-vscode-fsharp,repo-assist.md,4,2026-02-22 18:54:35+00:00,0.9408,False,githubnext/agentics/workflows/repo-assist.md@ee50a3b7d1d3eb4a8c409ac9409fd61c9a66b0f5,both,0.9891,0.01,,,True
1456,333,ionide/ionide-vscode-fsharp,repo-assist.md,5,2026-02-22 22:44:18+00:00,0.9095,False,githubnext/agentics/workflows/repo-assist.md@828ac109efb43990f59475cbfce90ede5546586c,both,0.9671,0.16,,,True
1457,333,ionide/ionide-vscode-fsharp,repo-assist.md,6,2026-02-24 04:18:37+00:00,0.86,False,githubnext/agentics/workflows/repo-assist.md@b0e9cfd3a20372ce7fe0462bb7bbca2272df4a88,both,0.9489,1.23,,engine; steps,True
1458,333,ionide/ionide-vscode-fsharp,repo-assist.md,7,2026-02-24 19:09:53+00:00,0.86,False,githubnext/agentics/workflows/repo-assist.md@b87234850bf9664d198f28a02df0f937d0447295,frontmatter only,1.0,0.62,,,True
1459,333,ionide/ionide-vscode-fsharp,repo-assist.md,8,2026-02-25 19:22:00+00:00,0.8366,False,githubnext/agentics/workflows/repo-assist.md@f2c5cf1e4af58e09a93ba0703c6bf084711b265f,both,0.9715,1.01,,,True
1460,333,ionide/ionide-vscode-fsharp,repo-assist.md,9,2026-02-26 11:35:54+00:00,0.7669,False,githubnext/agentics/workflows/repo-assist.md@69c1ee19e39e6aaba35519aafefb5cbf314de323,both,0.918,0.68,,,True
1461,333,ionide/ionide-vscode-fsharp,repo-assist.md,10,2026-02-26 13:41:33+00:00,0.7548,False,githubnext/agentics/workflows/repo-assist.md@afb00b92a9514fee9a14c583f059a03d05738f70,both,0.9687,0.09,,,True
1462,333,ionide/ionide-vscode-fsharp,repo-assist.md,11,2026-03-01 01:27:58+00:00,0.7548,False,githubnext/agentics/workflows/repo-assist.md@da02dddebe71d9a937665abdcd1f5214dab852a7,frontmatter only,1.0,2.49,,,True
1463,333,ionide/ionide-vscode-fsharp,repo-assist.md,12,2026-03-03 23:38:59+00:00,0.7548,False,githubnext/agentics/workflows/repo-assist.md@10f087607af87e4e89439161f1e5d4724235f396,frontmatter only,1.0,2.92,,,True
1464,333,ionide/ionide-vscode-fsharp,repo-assist.md,13,2026-03-07 00:17:20+00:00,0.6808,False,githubnext/agentics/workflows/repo-assist.md@69dc52f93e6abaaeb199c24e22b401f5bb1bac6f,both,0.7764,3.03,steps,,True
1465,333,ionide/ionide-vscode-fsharp,repo-assist.md,14,2026-03-07 00:18:06+00:00,0.6808,False,githubnext/agentics/workflows/repo-assist.md@69dc52f93e6abaaeb199c24e22b401f5bb1bac6f,frontmatter only,1.0,0.0,,,False
1466,333,ionide/ionide-vscode-fsharp,repo-assist.md,15,2026-03-07 00:35:54+00:00,0.6808,False,githubnext/agentics/workflows/repo-assist.md@8e6d7c86bba37371d2d0eee1a23563db3e561eb5,frontmatter only,1.0,0.01,,,True
1467,333,ionide/ionide-vscode-fsharp,repo-assist.md,16,2026-03-08 22:34:12+00:00,0.6737,False,githubnext/agentics/workflows/repo-assist.md@346204513ecfa08b81566450d7d599556807389f,both,0.9906,1.92,,,True
1468,333,ionide/ionide-vscode-fsharp,repo-assist.md,17,2026-03-19 02:17:02+00:00,0.6737,False,githubnext/agentics/workflows/repo-assist.md@d7e73661688ef2fdea152135a791e28008f73ebd,frontmatter only,1.0,10.15,,,True
1469,333,ionide/ionide-vscode-fsharp,repo-assist.md,18,2026-03-19 03:28:19+00:00,0.6737,False,githubnext/agentics/workflows/repo-assist.md@d1d884596e62351dd652ae78465885dd32f0dd7d,frontmatter only,1.0,0.05,checkout,,True
1470,333,ionide/ionide-vscode-fsharp,repo-assist.md,19,2026-03-23 19:14:28+00:00,0.6737,False,githubnext/agentics/workflows/repo-assist.md@4957663821dbb3260348084fa2f1659701950fef,frontmatter only,1.0,4.66,,,True
1471,333,ionide/ionide-vscode-fsharp,repo-assist.md,20,2026-03-26 23:23:09+00:00,0.6737,False,githubnext/agentics/workflows/repo-assist.md@1f672aef974f4246124860fc532f82fe8a93a57e,frontmatter only,1.0,3.17,,,True
1472,333,ionide/ionide-vscode-fsharp,repo-assist.md,21,2026-04-01 17:53:11+00:00,0.6737,False,githubnext/agentics/workflows/repo-assist.md@e1ecf341a90b7bc2021e77c58685d7e269e20b99,frontmatter only,1.0,5.77,,,True
1473,333,ionide/ionide-vscode-fsharp,repo-assist.md,22,2026-04-03 00:43:18+00:00,0.6737,False,githubnext/agentics/workflows/repo-assist.md@4ea8c81959909f40373e2a5c2b7fdb54ea19e0a5,frontmatter only,1.0,1.28,,,True
1474,333,ionide/ionide-vscode-fsharp,repo-assist.md,23,2026-04-04 14:51:36+00:00,0.6737,False,githubnext/agentics/workflows/repo-assist.md@7ee2b60744abf71b985bead4599640f165edcd93,frontmatter only,1.0,1.59,,,True
1475,333,ionide/ionide-vscode-fsharp,repo-assist.md,24,2026-04-12 04:46:16+00:00,0.6737,False,githubnext/agentics/workflows/repo-assist.md@97143ac59cb3a13ef2a77581f929f06719c7402a,frontmatter only,1.0,7.58,,,True
1476,333,ionide/ionide-vscode-fsharp,repo-assist.md,25,2026-04-20 02:55:14+00:00,0.6737,False,githubnext/agentics/workflows/repo-assist.md@96b9d4c39aa22359c0b38265927eadb31dcf4e2a,frontmatter only,1.0,7.92,,,True
1477,333,ionide/ionide-vscode-fsharp,repo-assist.md,26,2026-05-06 12:30:21+00:00,0.6565,False,githubnext/agentics/workflows/repo-assist.md@fc4ab36dedc44e2a1cdc195cecce262f06c81230,both,0.9618,16.4,,,True
1478,333,ionide/ionide-vscode-fsharp,repo-assist.md,27,2026-05-09 12:26:05+00:00,0.653,False,githubnext/agentics/workflows/repo-assist.md@c7d030cd6d4607b90d9ac3ffc8b24aff4f251632,both,0.9901,3.0,if,,True
1479,333,ionide/ionide-vscode-fsharp,repo-assist.md,28,2026-06-03 14:36:56+00:00,0.653,False,githubnext/agentics/workflows/repo-assist.md@c02eadfca420f2b351f9fcaee883c507a63ca316,frontmatter only,1.0,25.09,,,True
1480,333,ionide/ionide-vscode-fsharp,repo-assist.md,29,2026-06-12 18:20:56+00:00,0.653,False,githubnext/agentics/workflows/repo-assist.md@e15e57b40918dbca11b350c55d02ab61934afa75,frontmatter only,1.0,9.16,,,True
1481,334,fsprojects/fantomas,repo-assist.md,1,2026-02-23 13:53:02+00:00,1.0,False,githubnext/agentics/workflows/repo-assist.md@828ac109efb43990f59475cbfce90ede5546586c,,,,,,
1482,334,fsprojects/fantomas,repo-assist.md,2,2026-02-23 14:03:17+00:00,0.9059,False,githubnext/agentics/workflows/repo-assist.md@828ac109efb43990f59475cbfce90ede5546586c,body only,0.9059,0.01,,,False
1483,334,fsprojects/fantomas,repo-assist.md,3,2026-02-23 14:27:38+00:00,0.8525,False,githubnext/agentics/workflows/repo-assist.md@828ac109efb43990f59475cbfce90ede5546586c,both,0.9423,0.02,,,False
1484,334,fsprojects/fantomas,repo-assist.md,4,2026-02-26 11:35:17+00:00,0.7626,False,githubnext/agentics/workflows/repo-assist.md@69c1ee19e39e6aaba35519aafefb5cbf314de323,both,0.8926,2.88,,engine; steps,True
1485,334,fsprojects/fantomas,repo-assist.md,5,2026-02-26 13:41:04+00:00,0.7461,False,githubnext/agentics/workflows/repo-assist.md@afb00b92a9514fee9a14c583f059a03d05738f70,both,0.9553,0.09,,,True
1486,334,fsprojects/fantomas,repo-assist.md,6,2026-03-01 01:26:15+00:00,0.7461,False,githubnext/agentics/workflows/repo-assist.md@da02dddebe71d9a937665abdcd1f5214dab852a7,frontmatter only,1.0,2.49,,,True
1487,334,fsprojects/fantomas,repo-assist.md,7,2026-03-03 23:37:18+00:00,0.7461,False,githubnext/agentics/workflows/repo-assist.md@10f087607af87e4e89439161f1e5d4724235f396,frontmatter only,1.0,2.92,,,True
1488,334,fsprojects/fantomas,repo-assist.md,8,2026-03-07 00:06:44+00:00,0.6787,False,githubnext/agentics/workflows/repo-assist.md@69dc52f93e6abaaeb199c24e22b401f5bb1bac6f,both,0.8543,3.02,steps,,True
1489,334,fsprojects/fantomas,repo-assist.md,9,2026-03-07 00:09:32+00:00,0.6717,False,githubnext/agentics/workflows/repo-assist.md@69dc52f93e6abaaeb199c24e22b401f5bb1bac6f,body only,0.9307,0.0,,,False
1490,334,fsprojects/fantomas,repo-assist.md,10,2026-03-07 00:34:48+00:00,0.6717,False,githubnext/agentics/workflows/repo-assist.md@8e6d7c86bba37371d2d0eee1a23563db3e561eb5,frontmatter only,1.0,0.02,,,True
1491,334,fsprojects/fantomas,repo-assist.md,11,2026-03-07 13:00:00+00:00,0.5627,False,githubnext/agentics/workflows/repo-assist.md@8e6d7c86bba37371d2d0eee1a23563db3e561eb5,both,0.8355,0.52,,,False
1492,334,fsprojects/fantomas,repo-assist.md,12,2026-03-08 22:31:02+00:00,0.5594,False,githubnext/agentics/workflows/repo-assist.md@346204513ecfa08b81566450d7d599556807389f,both,0.9952,1.4,,,True
1493,334,fsprojects/fantomas,repo-assist.md,13,2026-03-09 08:10:06+00:00,0.5594,False,githubnext/agentics/workflows/repo-assist.md@346204513ecfa08b81566450d7d599556807389f,frontmatter only,1.0,0.4,,,False
1494,334,fsprojects/fantomas,repo-assist.md,14,2026-03-19 02:09:18+00:00,0.5594,False,githubnext/agentics/workflows/repo-assist.md@d7e73661688ef2fdea152135a791e28008f73ebd,frontmatter only,1.0,9.75,,,True
1495,334,fsprojects/fantomas,repo-assist.md,15,2026-03-19 03:22:33+00:00,0.5594,False,githubnext/agentics/workflows/repo-assist.md@4d3e9114a41286c2ccaae143f2ac542470e9686e,frontmatter only,1.0,0.05,,,True
1496,334,fsprojects/fantomas,repo-assist.md,16,2026-03-19 03:25:20+00:00,0.5594,False,githubnext/agentics/workflows/repo-assist.md@d1d884596e62351dd652ae78465885dd32f0dd7d,frontmatter only,1.0,0.0,checkout,,True
1497,334,fsprojects/fantomas,repo-assist.md,17,2026-03-23 19:09:53+00:00,0.5594,False,githubnext/agentics/workflows/repo-assist.md@4957663821dbb3260348084fa2f1659701950fef,frontmatter only,1.0,4.66,,,True
1498,334,fsprojects/fantomas,repo-assist.md,18,2026-03-26 23:21:26+00:00,0.5594,False,githubnext/agentics/workflows/repo-assist.md@1f672aef974f4246124860fc532f82fe8a93a57e,frontmatter only,1.0,3.17,,,True
1499,334,fsprojects/fantomas,repo-assist.md,19,2026-04-01 16:09:40+00:00,0.5594,False,githubnext/agentics/workflows/repo-assist.md@1f672aef974f4246124860fc532f82fe8a93a57e,frontmatter only,1.0,5.7,,,False
1500,334,fsprojects/fantomas,repo-assist.md,20,2026-04-01 17:51:02+00:00,0.5594,False,githubnext/agentics/workflows/repo-assist.md@e1ecf341a90b7bc2021e77c58685d7e269e20b99,frontmatter only,1.0,0.07,,,True
1501,334,fsprojects/fantomas,repo-assist.md,21,2026-04-03 00:38:21+00:00,0.5594,False,githubnext/agentics/workflows/repo-assist.md@4ea8c81959909f40373e2a5c2b7fdb54ea19e0a5,frontmatter only,1.0,1.28,,,True
1502,334,fsprojects/fantomas,repo-assist.md,22,2026-04-04 14:49:53+00:00,0.5594,False,githubnext/agentics/workflows/repo-assist.md@7ee2b60744abf71b985bead4599640f165edcd93,frontmatter only,1.0,1.59,,,True
1503,334,fsprojects/fantomas,repo-assist.md,23,2026-04-12 04:11:00+00:00,0.5594,False,githubnext/agentics/workflows/repo-assist.md@97143ac59cb3a13ef2a77581f929f06719c7402a,frontmatter only,1.0,7.56,,,True
1504,334,fsprojects/fantomas,repo-assist.md,24,2026-04-20 02:51:27+00:00,0.5594,False,githubnext/agentics/workflows/repo-assist.md@96b9d4c39aa22359c0b38265927eadb31dcf4e2a,frontmatter only,1.0,7.94,,,True
1505,334,fsprojects/fantomas,repo-assist.md,25,2026-04-21 06:41:10+00:00,0.5585,False,githubnext/agentics/workflows/repo-assist.md@96b9d4c39aa22359c0b38265927eadb31dcf4e2a,both,0.9976,1.16,,,False
1506,334,fsprojects/fantomas,repo-assist.md,26,2026-05-06 12:24:29+00:00,0.5541,False,githubnext/agentics/workflows/repo-assist.md@fc4ab36dedc44e2a1cdc195cecce262f06c81230,both,0.9795,15.24,,,True
1507,334,fsprojects/fantomas,repo-assist.md,27,2026-05-06 12:26:24+00:00,0.554,False,githubnext/agentics/workflows/repo-assist.md@fc4ab36dedc44e2a1cdc195cecce262f06c81230,both,0.9995,0.0,,,False
1508,334,fsprojects/fantomas,repo-assist.md,28,2026-05-09 12:22:42+00:00,0.5521,False,githubnext/agentics/workflows/repo-assist.md@c7d030cd6d4607b90d9ac3ffc8b24aff4f251632,both,0.9946,3.0,if,,True
1509,334,fsprojects/fantomas,repo-assist.md,29,2026-06-03 14:31:28+00:00,0.5521,False,githubnext/agentics/workflows/repo-assist.md@c02eadfca420f2b351f9fcaee883c507a63ca316,frontmatter only,1.0,25.09,,,True
1510,334,fsprojects/fantomas,repo-assist.md,30,2026-06-12 18:17:24+00:00,0.5521,False,githubnext/agentics/workflows/repo-assist.md@e15e57b40918dbca11b350c55d02ab61934afa75,frontmatter only,1.0,9.16,,,True
1511,335,fsprojects/FSharp.Formatting,repo-assist.md,1,2026-02-21 23:57:10+00:00,1.0,False,githubnext/agentics/workflows/repo-assist.md@4cb6855f0b3c0a719d7d5c3af44d1646450e63e9,,,,,,
1512,335,fsprojects/FSharp.Formatting,repo-assist.md,2,2026-02-21 23:58:28+00:00,1.0,False,githubnext/agentics/workflows/repo-assist.md@4cb6855f0b3c0a719d7d5c3af44d1646450e63e9,frontmatter only,1.0,0.0,,,False
1513,335,fsprojects/FSharp.Formatting,repo-assist.md,3,2026-02-22 00:16:32+00:00,0.9935,False,githubnext/agentics/workflows/repo-assist.md@b0296681ad309e6455276244363810b1e7d98335,both,0.9935,0.01,,,True
1514,335,fsprojects/FSharp.Formatting,repo-assist.md,4,2026-02-22 08:17:07+00:00,0.411,False,githubnext/agentics/workflows/repo-assist.md@077cdbca7864e820e3425e9598cf1269d3dce05a,both,0.4111,0.33,,,True
1515,335,fsprojects/FSharp.Formatting,repo-assist.md,5,2026-02-22 16:28:24+00:00,0.4104,False,githubnext/agentics/workflows/repo-assist.md@0d6e8cf9db90470cd5477c6a40b350fd9f9e1422,both,0.9976,0.34,,,True
1516,335,fsprojects/FSharp.Formatting,repo-assist.md,6,2026-02-22 17:57:30+00:00,0.409,False,githubnext/agentics/workflows/repo-assist.md@595b7a9c567ba4dce05ca824aec6e74b4dc545b8,both,0.9885,0.06,,,True
1517,335,fsprojects/FSharp.Formatting,repo-assist.md,7,2026-02-22 18:34:49+00:00,0.3942,False,githubnext/agentics/workflows/repo-assist.md@de40494d3f62516449f458c4f8d8d2fe370708fe,both,0.9402,0.03,,,True
1518,335,fsprojects/FSharp.Formatting,repo-assist.md,8,2026-02-22 18:54:25+00:00,0.3949,False,githubnext/agentics/workflows/repo-assist.md@ee50a3b7d1d3eb4a8c409ac9409fd61c9a66b0f5,both,0.9891,0.01,,,True
1519,335,fsprojects/FSharp.Formatting,repo-assist.md,9,2026-02-22 22:44:03+00:00,0.3865,False,githubnext/agentics/workflows/repo-assist.md@828ac109efb43990f59475cbfce90ede5546586c,both,0.9671,0.16,,,True
1520,335,fsprojects/FSharp.Formatting,repo-assist.md,10,2026-02-24 04:17:52+00:00,0.372,False,githubnext/agentics/workflows/repo-assist.md@b0e9cfd3a20372ce7fe0462bb7bbca2272df4a88,both,0.9489,1.23,,engine; steps,True
1521,335,fsprojects/FSharp.Formatting,repo-assist.md,11,2026-02-24 19:09:39+00:00,0.372,False,githubnext/agentics/workflows/repo-assist.md@b87234850bf9664d198f28a02df0f937d0447295,frontmatter only,1.0,0.62,,,True
1522,335,fsprojects/FSharp.Formatting,repo-assist.md,12,2026-02-25 19:21:48+00:00,0.3662,False,githubnext/agentics/workflows/repo-assist.md@f2c5cf1e4af58e09a93ba0703c6bf084711b265f,both,0.9715,1.01,,,True
1523,335,fsprojects/FSharp.Formatting,repo-assist.md,13,2026-02-26 11:33:56+00:00,0.3503,False,githubnext/agentics/workflows/repo-assist.md@69c1ee19e39e6aaba35519aafefb5cbf314de323,both,0.918,0.68,,,True
1524,335,fsprojects/FSharp.Formatting,repo-assist.md,14,2026-02-26 13:41:18+00:00,0.3482,False,githubnext/agentics/workflows/repo-assist.md@afb00b92a9514fee9a14c583f059a03d05738f70,both,0.9687,0.09,,,True
1525,335,fsprojects/FSharp.Formatting,repo-assist.md,15,2026-03-01 01:27:20+00:00,0.3482,False,githubnext/agentics/workflows/repo-assist.md@da02dddebe71d9a937665abdcd1f5214dab852a7,frontmatter only,1.0,2.49,,,True
1526,335,fsprojects/FSharp.Formatting,repo-assist.md,16,2026-03-03 23:38:13+00:00,0.3482,False,githubnext/agentics/workflows/repo-assist.md@10f087607af87e4e89439161f1e5d4724235f396,frontmatter only,1.0,2.92,,,True
1527,335,fsprojects/FSharp.Formatting,repo-assist.md,17,2026-03-07 00:14:56+00:00,0.328,False,githubnext/agentics/workflows/repo-assist.md@69dc52f93e6abaaeb199c24e22b401f5bb1bac6f,both,0.7764,3.03,steps,,True
1528,335,fsprojects/FSharp.Formatting,repo-assist.md,18,2026-03-07 00:15:40+00:00,0.328,False,githubnext/agentics/workflows/repo-assist.md@69dc52f93e6abaaeb199c24e22b401f5bb1bac6f,frontmatter only,1.0,0.0,,,False
1529,335,fsprojects/FSharp.Formatting,repo-assist.md,19,2026-03-07 00:35:27+00:00,0.328,False,githubnext/agentics/workflows/repo-assist.md@8e6d7c86bba37371d2d0eee1a23563db3e561eb5,frontmatter only,1.0,0.01,,,True
1530,335,fsprojects/FSharp.Formatting,repo-assist.md,20,2026-03-08 22:33:34+00:00,0.3273,False,githubnext/agentics/workflows/repo-assist.md@346204513ecfa08b81566450d7d599556807389f,both,0.9906,1.92,,,True
1531,335,fsprojects/FSharp.Formatting,repo-assist.md,21,2026-03-19 02:14:36+00:00,0.3273,False,githubnext/agentics/workflows/repo-assist.md@d7e73661688ef2fdea152135a791e28008f73ebd,frontmatter only,1.0,10.15,,,True
1532,335,fsprojects/FSharp.Formatting,repo-assist.md,22,2026-03-19 03:27:43+00:00,0.3273,False,githubnext/agentics/workflows/repo-assist.md@d1d884596e62351dd652ae78465885dd32f0dd7d,frontmatter only,1.0,0.05,checkout,,True
1533,335,fsprojects/FSharp.Formatting,repo-assist.md,23,2026-03-23 19:13:19+00:00,0.3273,False,githubnext/agentics/workflows/repo-assist.md@4957663821dbb3260348084fa2f1659701950fef,frontmatter only,1.0,4.66,,,True
1534,335,fsprojects/FSharp.Formatting,repo-assist.md,24,2026-03-26 23:22:31+00:00,0.3273,False,githubnext/agentics/workflows/repo-assist.md@1f672aef974f4246124860fc532f82fe8a93a57e,frontmatter only,1.0,3.17,,,True
1535,335,fsprojects/FSharp.Formatting,repo-assist.md,25,2026-04-01 17:52:33+00:00,0.3273,False,githubnext/agentics/workflows/repo-assist.md@e1ecf341a90b7bc2021e77c58685d7e269e20b99,frontmatter only,1.0,5.77,,,True
1536,335,fsprojects/FSharp.Formatting,repo-assist.md,26,2026-04-12 04:45:44+00:00,0.3273,False,githubnext/agentics/workflows/repo-assist.md@97143ac59cb3a13ef2a77581f929f06719c7402a,frontmatter only,1.0,10.45,,,True
1537,335,fsprojects/FSharp.Formatting,repo-assist.md,27,2026-04-20 02:53:57+00:00,0.3273,False,githubnext/agentics/workflows/repo-assist.md@96b9d4c39aa22359c0b38265927eadb31dcf4e2a,frontmatter only,1.0,7.92,,,True
1538,335,fsprojects/FSharp.Formatting,repo-assist.md,28,2026-05-01 07:57:14+00:00,0.3273,False,githubnext/agentics/workflows/repo-assist.md@96b9d4c39aa22359c0b38265927eadb31dcf4e2a,frontmatter only,1.0,11.21,,,False
1539,335,fsprojects/FSharp.Formatting,repo-assist.md,29,2026-05-06 12:29:25+00:00,0.3214,False,githubnext/agentics/workflows/repo-assist.md@fc4ab36dedc44e2a1cdc195cecce262f06c81230,both,0.9618,5.19,,,True
1540,335,fsprojects/FSharp.Formatting,repo-assist.md,30,2026-05-09 12:24:56+00:00,0.3203,False,githubnext/agentics/workflows/repo-assist.md@c7d030cd6d4607b90d9ac3ffc8b24aff4f251632,both,0.9901,3.0,if,,True
1541,335,fsprojects/FSharp.Formatting,repo-assist.md,31,2026-06-03 14:34:53+00:00,0.3203,False,githubnext/agentics/workflows/repo-assist.md@c02eadfca420f2b351f9fcaee883c507a63ca316,frontmatter only,1.0,25.09,,,True
1542,335,fsprojects/FSharp.Formatting,repo-assist.md,32,2026-06-12 18:19:58+00:00,0.3203,False,githubnext/agentics/workflows/repo-assist.md@e15e57b40918dbca11b350c55d02ab61934afa75,frontmatter only,1.0,9.16,,,True
1543,336,fsprojects/FsHttp,repo-assist.md,1,2026-03-09 12:42:22+00:00,1.0,False,githubnext/agentics/workflows/repo-assist.md@346204513ecfa08b81566450d7d599556807389f,,,,,,
1544,337,ionide/FsAutoComplete,repo-assist.md,1,2026-02-22 17:12:14+00:00,1.0,False,githubnext/agentics/workflows/repo-assist.md@0d6e8cf9db90470cd5477c6a40b350fd9f9e1422,,,,,,
1545,337,ionide/FsAutoComplete,repo-assist.md,2,2026-02-22 17:32:35+00:00,0.9885,False,githubnext/agentics/workflows/repo-assist.md@595b7a9c567ba4dce05ca824aec6e74b4dc545b8,both,0.9885,0.01,,,True
1546,337,ionide/FsAutoComplete,repo-assist.md,3,2026-02-22 18:34:55+00:00,0.9288,False,githubnext/agentics/workflows/repo-assist.md@de40494d3f62516449f458c4f8d8d2fe370708fe,both,0.9402,0.04,,,True
1547,337,ionide/FsAutoComplete,repo-assist.md,4,2026-02-22 18:54:30+00:00,0.9292,False,githubnext/agentics/workflows/repo-assist.md@ee50a3b7d1d3eb4a8c409ac9409fd61c9a66b0f5,both,0.9891,0.01,,,True
1548,337,ionide/FsAutoComplete,repo-assist.md,5,2026-02-22 22:44:12+00:00,0.8981,False,githubnext/agentics/workflows/repo-assist.md@828ac109efb43990f59475cbfce90ede5546586c,both,0.9671,0.16,,,True
1549,337,ionide/FsAutoComplete,repo-assist.md,6,2026-02-23 20:25:15+00:00,0.8981,False,githubnext/agentics/workflows/repo-assist.md@828ac109efb43990f59475cbfce90ede5546586c,frontmatter only,1.0,0.9,runs-on,,False
1550,337,ionide/FsAutoComplete,repo-assist.md,7,2026-02-24 04:18:25+00:00,0.8486,False,githubnext/agentics/workflows/repo-assist.md@b0e9cfd3a20372ce7fe0462bb7bbca2272df4a88,both,0.9489,0.33,,engine; steps,True
1551,337,ionide/FsAutoComplete,repo-assist.md,8,2026-02-24 19:09:46+00:00,0.8486,False,githubnext/agentics/workflows/repo-assist.md@b87234850bf9664d198f28a02df0f937d0447295,frontmatter only,1.0,0.62,,,True
1552,337,ionide/FsAutoComplete,repo-assist.md,9,2026-02-25 19:21:55+00:00,0.8254,False,githubnext/agentics/workflows/repo-assist.md@f2c5cf1e4af58e09a93ba0703c6bf084711b265f,both,0.9715,1.01,,,True
1553,337,ionide/FsAutoComplete,repo-assist.md,10,2026-02-26 11:35:48+00:00,0.7557,False,githubnext/agentics/workflows/repo-assist.md@69c1ee19e39e6aaba35519aafefb5cbf314de323,both,0.918,0.68,,,True
1554,337,ionide/FsAutoComplete,repo-assist.md,11,2026-02-26 13:41:28+00:00,0.7438,False,githubnext/agentics/workflows/repo-assist.md@afb00b92a9514fee9a14c583f059a03d05738f70,both,0.9687,0.09,,,True
1555,337,ionide/FsAutoComplete,repo-assist.md,12,2026-03-01 01:27:44+00:00,0.7438,False,githubnext/agentics/workflows/repo-assist.md@da02dddebe71d9a937665abdcd1f5214dab852a7,frontmatter only,1.0,2.49,,,True
1556,337,ionide/FsAutoComplete,repo-assist.md,13,2026-03-03 23:38:48+00:00,0.7438,False,githubnext/agentics/workflows/repo-assist.md@10f087607af87e4e89439161f1e5d4724235f396,frontmatter only,1.0,2.92,,,True
1557,337,ionide/FsAutoComplete,repo-assist.md,14,2026-03-07 00:17:07+00:00,0.6686,False,githubnext/agentics/workflows/repo-assist.md@69dc52f93e6abaaeb199c24e22b401f5bb1bac6f,both,0.7764,3.03,steps,,True
1558,337,ionide/FsAutoComplete,repo-assist.md,15,2026-03-07 00:18:45+00:00,0.6686,False,githubnext/agentics/workflows/repo-assist.md@69dc52f93e6abaaeb199c24e22b401f5bb1bac6f,frontmatter only,1.0,0.0,,,False
1559,337,ionide/FsAutoComplete,repo-assist.md,16,2026-03-07 00:19:02+00:00,0.6686,False,githubnext/agentics/workflows/repo-assist.md@69dc52f93e6abaaeb199c24e22b401f5bb1bac6f,frontmatter only,1.0,0.0,,,False
1560,337,ionide/FsAutoComplete,repo-assist.md,17,2026-03-07 00:35:41+00:00,0.6686,False,githubnext/agentics/workflows/repo-assist.md@8e6d7c86bba37371d2d0eee1a23563db3e561eb5,frontmatter only,1.0,0.01,,,True
1561,337,ionide/FsAutoComplete,repo-assist.md,18,2026-03-08 22:33:59+00:00,0.6617,False,githubnext/agentics/workflows/repo-assist.md@346204513ecfa08b81566450d7d599556807389f,both,0.9906,1.92,,,True
1562,337,ionide/FsAutoComplete,repo-assist.md,19,2026-03-19 02:16:17+00:00,0.6617,False,githubnext/agentics/workflows/repo-assist.md@d7e73661688ef2fdea152135a791e28008f73ebd,frontmatter only,1.0,10.15,,,True
1563,337,ionide/FsAutoComplete,repo-assist.md,20,2026-03-19 03:28:07+00:00,0.6617,False,githubnext/agentics/workflows/repo-assist.md@d1d884596e62351dd652ae78465885dd32f0dd7d,frontmatter only,1.0,0.05,checkout,,True
1564,337,ionide/FsAutoComplete,repo-assist.md,21,2026-03-23 19:14:12+00:00,0.6617,False,githubnext/agentics/workflows/repo-assist.md@4957663821dbb3260348084fa2f1659701950fef,frontmatter only,1.0,4.66,,,True
1565,337,ionide/FsAutoComplete,repo-assist.md,22,2026-03-26 23:22:57+00:00,0.6617,False,githubnext/agentics/workflows/repo-assist.md@1f672aef974f4246124860fc532f82fe8a93a57e,frontmatter only,1.0,3.17,,,True
1566,337,ionide/FsAutoComplete,repo-assist.md,23,2026-04-01 17:52:58+00:00,0.6617,False,githubnext/agentics/workflows/repo-assist.md@e1ecf341a90b7bc2021e77c58685d7e269e20b99,frontmatter only,1.0,5.77,,,True
1567,337,ionide/FsAutoComplete,repo-assist.md,24,2026-04-03 00:42:44+00:00,0.6617,False,githubnext/agentics/workflows/repo-assist.md@4ea8c81959909f40373e2a5c2b7fdb54ea19e0a5,frontmatter only,1.0,1.28,,,True
1568,337,ionide/FsAutoComplete,repo-assist.md,25,2026-04-04 14:51:24+00:00,0.6617,False,githubnext/agentics/workflows/repo-assist.md@7ee2b60744abf71b985bead4599640f165edcd93,frontmatter only,1.0,1.59,,,True
1569,337,ionide/FsAutoComplete,repo-assist.md,26,2026-04-12 04:46:00+00:00,0.6617,False,githubnext/agentics/workflows/repo-assist.md@97143ac59cb3a13ef2a77581f929f06719c7402a,frontmatter only,1.0,7.58,,,True
1570,337,ionide/FsAutoComplete,repo-assist.md,27,2026-04-20 02:54:49+00:00,0.6617,False,githubnext/agentics/workflows/repo-assist.md@96b9d4c39aa22359c0b38265927eadb31dcf4e2a,frontmatter only,1.0,7.92,,,True
1571,337,ionide/FsAutoComplete,repo-assist.md,28,2026-05-06 12:30:02+00:00,0.6449,False,githubnext/agentics/workflows/repo-assist.md@fc4ab36dedc44e2a1cdc195cecce262f06c81230,both,0.9618,16.4,,,True
1572,337,ionide/FsAutoComplete,repo-assist.md,29,2026-05-09 12:25:47+00:00,0.6415,False,githubnext/agentics/workflows/repo-assist.md@c7d030cd6d4607b90d9ac3ffc8b24aff4f251632,both,0.9901,3.0,if,,True
1573,337,ionide/FsAutoComplete,repo-assist.md,30,2026-06-12 18:20:36+00:00,0.6415,False,githubnext/agentics/workflows/repo-assist.md@e15e57b40918dbca11b350c55d02ab61934afa75,frontmatter only,1.0,34.25,,,True
1574,338,MoiraeSoftware/Myriad,q.md,1,2026-02-25 15:56:57+00:00,1.0,False,githubnext/agentics/workflows/q.md@ee49512da7887942965ac0a0e48357106313c9dd,,,,,,
1575,339,fsprojects/FSharp.TypeProviders.SDK,repo-assist.md,1,2026-02-24 21:32:42+00:00,1.0,False,githubnext/agentics/workflows/repo-assist.md@b87234850bf9664d198f28a02df0f937d0447295,,,,,,
1576,339,fsprojects/FSharp.TypeProviders.SDK,repo-assist.md,2,2026-02-25 19:38:35+00:00,0.9715,False,githubnext/agentics/workflows/repo-assist.md@f2c5cf1e4af58e09a93ba0703c6bf084711b265f,both,0.9715,0.92,,engine,True
1577,339,fsprojects/FSharp.TypeProviders.SDK,repo-assist.md,3,2026-02-26 11:34:02+00:00,0.8917,False,githubnext/agentics/workflows/repo-assist.md@69c1ee19e39e6aaba35519aafefb5cbf314de323,both,0.918,0.66,,,True
1578,339,fsprojects/FSharp.TypeProviders.SDK,repo-assist.md,4,2026-02-26 13:41:23+00:00,0.8772,False,githubnext/agentics/workflows/repo-assist.md@afb00b92a9514fee9a14c583f059a03d05738f70,both,0.9687,0.09,,,True
1579,339,fsprojects/FSharp.TypeProviders.SDK,repo-assist.md,5,2026-03-01 01:27:28+00:00,0.8772,False,githubnext/agentics/workflows/repo-assist.md@da02dddebe71d9a937665abdcd1f5214dab852a7,frontmatter only,1.0,2.49,,,True
1580,339,fsprojects/FSharp.TypeProviders.SDK,repo-assist.md,6,2026-03-03 23:38:35+00:00,0.8772,False,githubnext/agentics/workflows/repo-assist.md@10f087607af87e4e89439161f1e5d4724235f396,frontmatter only,1.0,2.92,,,True
1581,339,fsprojects/FSharp.TypeProviders.SDK,repo-assist.md,7,2026-03-07 00:16:00+00:00,0.7887,False,githubnext/agentics/workflows/repo-assist.md@69dc52f93e6abaaeb199c24e22b401f5bb1bac6f,both,0.7764,3.03,steps,,True
1582,339,fsprojects/FSharp.TypeProviders.SDK,repo-assist.md,8,2026-03-07 00:16:48+00:00,0.7887,False,githubnext/agentics/workflows/repo-assist.md@69dc52f93e6abaaeb199c24e22b401f5bb1bac6f,frontmatter only,1.0,0.0,,,False
1583,339,fsprojects/FSharp.TypeProviders.SDK,repo-assist.md,9,2026-03-07 00:34:28+00:00,0.7887,False,githubnext/agentics/workflows/repo-assist.md@8e6d7c86bba37371d2d0eee1a23563db3e561eb5,frontmatter only,1.0,0.01,,,True
1584,339,fsprojects/FSharp.TypeProviders.SDK,repo-assist.md,10,2026-03-08 22:33:46+00:00,0.781,False,githubnext/agentics/workflows/repo-assist.md@346204513ecfa08b81566450d7d599556807389f,both,0.9906,1.92,,,True
1585,339,fsprojects/FSharp.TypeProviders.SDK,repo-assist.md,11,2026-03-19 02:15:30+00:00,0.781,False,githubnext/agentics/workflows/repo-assist.md@d7e73661688ef2fdea152135a791e28008f73ebd,frontmatter only,1.0,10.15,,,True
1586,339,fsprojects/FSharp.TypeProviders.SDK,repo-assist.md,12,2026-03-19 03:27:54+00:00,0.781,False,githubnext/agentics/workflows/repo-assist.md@d1d884596e62351dd652ae78465885dd32f0dd7d,frontmatter only,1.0,0.05,checkout,,True
1587,339,fsprojects/FSharp.TypeProviders.SDK,repo-assist.md,13,2026-03-23 19:13:44+00:00,0.781,False,githubnext/agentics/workflows/repo-assist.md@4957663821dbb3260348084fa2f1659701950fef,frontmatter only,1.0,4.66,,,True
1588,339,fsprojects/FSharp.TypeProviders.SDK,repo-assist.md,14,2026-03-25 14:26:55+00:00,0.781,False,githubnext/agentics/workflows/repo-assist.md@492156eb97345e3110488e981692a4da82eb8b7b,frontmatter only,1.0,1.8,,,True
1589,339,fsprojects/FSharp.TypeProviders.SDK,repo-assist.md,15,2026-03-25 14:30:41+00:00,0.781,False,githubnext/agentics/workflows/repo-assist.md@410f8f4fdfbd7d855fc58c2df6438d2ebfa7c93e,frontmatter only,1.0,0.0,,,True
1590,339,fsprojects/FSharp.TypeProviders.SDK,repo-assist.md,16,2026-03-26 23:22:44+00:00,0.781,False,githubnext/agentics/workflows/repo-assist.md@1f672aef974f4246124860fc532f82fe8a93a57e,frontmatter only,1.0,1.37,,,True
1591,339,fsprojects/FSharp.TypeProviders.SDK,repo-assist.md,17,2026-04-01 17:52:45+00:00,0.781,False,githubnext/agentics/workflows/repo-assist.md@e1ecf341a90b7bc2021e77c58685d7e269e20b99,frontmatter only,1.0,5.77,,,True
1592,339,fsprojects/FSharp.TypeProviders.SDK,repo-assist.md,18,2026-04-03 00:42:13+00:00,0.781,False,githubnext/agentics/workflows/repo-assist.md@4ea8c81959909f40373e2a5c2b7fdb54ea19e0a5,frontmatter only,1.0,1.28,,,True
1593,339,fsprojects/FSharp.TypeProviders.SDK,repo-assist.md,19,2026-04-04 14:51:13+00:00,0.781,False,githubnext/agentics/workflows/repo-assist.md@7ee2b60744abf71b985bead4599640f165edcd93,frontmatter only,1.0,1.59,,,True
1594,339,fsprojects/FSharp.TypeProviders.SDK,repo-assist.md,20,2026-04-12 04:45:29+00:00,0.781,False,githubnext/agentics/workflows/repo-assist.md@97143ac59cb3a13ef2a77581f929f06719c7402a,frontmatter only,1.0,7.58,,,True
1595,339,fsprojects/FSharp.TypeProviders.SDK,repo-assist.md,21,2026-04-20 02:54:23+00:00,0.781,False,githubnext/agentics/workflows/repo-assist.md@96b9d4c39aa22359c0b38265927eadb31dcf4e2a,frontmatter only,1.0,7.92,,,True
1596,339,fsprojects/FSharp.TypeProviders.SDK,repo-assist.md,22,2026-05-01 07:55:17+00:00,0.781,False,githubnext/agentics/workflows/repo-assist.md@96b9d4c39aa22359c0b38265927eadb31dcf4e2a,frontmatter only,1.0,11.21,,,False
1597,339,fsprojects/FSharp.TypeProviders.SDK,repo-assist.md,23,2026-05-06 12:29:45+00:00,0.7592,False,githubnext/agentics/workflows/repo-assist.md@fc4ab36dedc44e2a1cdc195cecce262f06c81230,both,0.9618,5.19,,,True
1598,339,fsprojects/FSharp.TypeProviders.SDK,repo-assist.md,24,2026-05-09 12:25:09+00:00,0.755,False,githubnext/agentics/workflows/repo-assist.md@c7d030cd6d4607b90d9ac3ffc8b24aff4f251632,both,0.9901,3.0,if,,True
1599,339,fsprojects/FSharp.TypeProviders.SDK,repo-assist.md,25,2026-06-03 14:36:11+00:00,0.755,False,githubnext/agentics/workflows/repo-assist.md@c02eadfca420f2b351f9fcaee883c507a63ca316,frontmatter only,1.0,25.09,,,True
1600,339,fsprojects/FSharp.TypeProviders.SDK,repo-assist.md,26,2026-06-12 18:20:16+00:00,0.755,False,githubnext/agentics/workflows/repo-assist.md@e15e57b40918dbca11b350c55d02ab61934afa75,frontmatter only,1.0,9.16,,,True
1601,340,fsprojects/SwaggerProvider,repo-assist.md,1,2026-03-08 22:25:12+00:00,1.0,False,githubnext/agentics/workflows/repo-assist.md@30f2254f2a7a944da1224df45d181a3f8faefd0d,,,,,,
1602,340,fsprojects/SwaggerProvider,repo-assist.md,2,2026-03-08 22:35:46+00:00,1.0,False,githubnext/agentics/workflows/repo-assist.md@346204513ecfa08b81566450d7d599556807389f,frontmatter only,1.0,0.01,,engine,True
1603,340,fsprojects/SwaggerProvider,repo-assist.md,3,2026-03-19 03:28:58+00:00,1.0,False,githubnext/agentics/workflows/repo-assist.md@d1d884596e62351dd652ae78465885dd32f0dd7d,frontmatter only,1.0,10.2,checkout,,True
1604,340,fsprojects/SwaggerProvider,repo-assist.md,4,2026-03-23 19:14:46+00:00,1.0,False,githubnext/agentics/workflows/repo-assist.md@4957663821dbb3260348084fa2f1659701950fef,frontmatter only,1.0,4.66,,,True
1605,340,fsprojects/SwaggerProvider,repo-assist.md,5,2026-03-26 23:23:20+00:00,1.0,False,githubnext/agentics/workflows/repo-assist.md@1f672aef974f4246124860fc532f82fe8a93a57e,frontmatter only,1.0,3.17,,,True
1606,340,fsprojects/SwaggerProvider,repo-assist.md,6,2026-04-01 17:53:43+00:00,1.0,False,githubnext/agentics/workflows/repo-assist.md@e1ecf341a90b7bc2021e77c58685d7e269e20b99,frontmatter only,1.0,5.77,,,True
1607,340,fsprojects/SwaggerProvider,repo-assist.md,7,2026-04-03 00:43:46+00:00,1.0,False,githubnext/agentics/workflows/repo-assist.md@4ea8c81959909f40373e2a5c2b7fdb54ea19e0a5,frontmatter only,1.0,1.28,,,True
1608,340,fsprojects/SwaggerProvider,repo-assist.md,8,2026-04-04 14:51:45+00:00,1.0,False,githubnext/agentics/workflows/repo-assist.md@7ee2b60744abf71b985bead4599640f165edcd93,frontmatter only,1.0,1.59,,,True
1609,340,fsprojects/SwaggerProvider,repo-assist.md,9,2026-04-11 12:36:58+00:00,1.0,False,githubnext/agentics/workflows/repo-assist.md@7ee2b60744abf71b985bead4599640f165edcd93,frontmatter only,1.0,6.91,,,False
1610,340,fsprojects/SwaggerProvider,repo-assist.md,10,2026-04-12 04:46:29+00:00,1.0,False,githubnext/agentics/workflows/repo-assist.md@97143ac59cb3a13ef2a77581f929f06719c7402a,frontmatter only,1.0,0.67,,,True
1611,340,fsprojects/SwaggerProvider,repo-assist.md,11,2026-04-18 07:47:24+00:00,1.0,False,githubnext/agentics/workflows/repo-assist.md@96b9d4c39aa22359c0b38265927eadb31dcf4e2a,frontmatter only,1.0,6.13,,,True
1612,340,fsprojects/SwaggerProvider,repo-assist.md,12,2026-04-25 07:56:05+00:00,1.0,False,githubnext/agentics/workflows/repo-assist.md@3de4e604a36b5190a1c7dc4719c7341500ba8a95,frontmatter only,1.0,7.01,,,True
1613,340,fsprojects/SwaggerProvider,repo-assist.md,13,2026-05-05 14:02:08+00:00,0.9618,False,githubnext/agentics/workflows/repo-assist.md@e8a4d8a2217966474ef08cedff70c92d65a7a1a5,both,0.9618,10.25,,,True
1614,340,fsprojects/SwaggerProvider,repo-assist.md,14,2026-05-05 21:34:32+00:00,0.9618,False,githubnext/agentics/workflows/repo-assist.md@fc4ab36dedc44e2a1cdc195cecce262f06c81230,frontmatter only,1.0,0.31,,,True
1615,340,fsprojects/SwaggerProvider,repo-assist.md,15,2026-05-09 06:30:44+00:00,0.956,False,githubnext/agentics/workflows/repo-assist.md@497230d3867fe453aae74b15d06178d45a39fcce,both,0.9944,3.37,if,,True
1616,340,fsprojects/SwaggerProvider,repo-assist.md,16,2026-05-09 12:26:20+00:00,0.9518,False,githubnext/agentics/workflows/repo-assist.md@c7d030cd6d4607b90d9ac3ffc8b24aff4f251632,both,0.9956,0.25,,,True
1617,340,fsprojects/SwaggerProvider,repo-assist.md,17,2026-05-10 16:33:02+00:00,0.9518,False,githubnext/agentics/workflows/repo-assist.md@c7d030cd6d4607b90d9ac3ffc8b24aff4f251632,frontmatter only,1.0,1.17,,,False
1618,340,fsprojects/SwaggerProvider,repo-assist.md,18,2026-05-13 06:14:38+00:00,0.9518,False,githubnext/agentics/workflows/repo-assist.md@94ec5db57374c5b04a4b8eef8b4413f9af44d63f,frontmatter only,1.0,2.57,,,True
1619,340,fsprojects/SwaggerProvider,repo-assist.md,19,2026-05-16 09:21:00+00:00,0.9518,False,githubnext/agentics/workflows/repo-assist.md@79c99dfd73f3b7ad8ab2b0f4944838018dbe4736,frontmatter only,1.0,3.13,,,True
1620,340,fsprojects/SwaggerProvider,repo-assist.md,20,2026-05-20 06:27:50+00:00,0.9518,False,githubnext/agentics/workflows/repo-assist.md@dcdf09723d42ef9b6c75335e4612fd145d4ccdaa,frontmatter only,1.0,3.88,,,True
1621,340,fsprojects/SwaggerProvider,repo-assist.md,21,2026-05-27 18:43:42+00:00,0.9518,False,githubnext/agentics/workflows/repo-assist.md@298f992955146a6731d380a9de808e17861708e5,frontmatter only,1.0,7.51,,,True
1622,340,fsprojects/SwaggerProvider,repo-assist.md,22,2026-05-27 21:03:33+00:00,0.9518,False,githubnext/agentics/workflows/repo-assist.md@298f992955146a6731d380a9de808e17861708e5,frontmatter only,1.0,0.1,,,False
1623,340,fsprojects/SwaggerProvider,repo-assist.md,23,2026-05-30 07:49:37+00:00,0.9518,False,githubnext/agentics/workflows/repo-assist.md@c02eadfca420f2b351f9fcaee883c507a63ca316,frontmatter only,1.0,2.45,,,True
1624,340,fsprojects/SwaggerProvider,repo-assist.md,24,2026-06-12 18:21:12+00:00,0.9518,False,githubnext/agentics/workflows/repo-assist.md@e15e57b40918dbca11b350c55d02ab61934afa75,frontmatter only,1.0,13.44,,,True
1625,341,fsprojects/FSharpx.Collections,repo-assist.md,1,2026-03-08 17:16:35+00:00,1.0,False,githubnext/agentics/workflows/repo-assist.md@30f2254f2a7a944da1224df45d181a3f8faefd0d,,,,,,
1626,341,fsprojects/FSharpx.Collections,repo-assist.md,2,2026-03-08 17:52:27+00:00,1.0,False,githubnext/agentics/workflows/repo-assist.md@30f2254f2a7a944da1224df45d181a3f8faefd0d,frontmatter only,1.0,0.02,,,False
1627,341,fsprojects/FSharpx.Collections,repo-assist.md,3,2026-03-08 17:58:01+00:00,1.0,False,githubnext/agentics/workflows/repo-assist.md@30f2254f2a7a944da1224df45d181a3f8faefd0d,frontmatter only,1.0,0.0,,,False
1628,341,fsprojects/FSharpx.Collections,repo-assist.md,4,2026-03-08 21:43:06+00:00,1.0,False,githubnext/agentics/workflows/repo-assist.md@30f2254f2a7a944da1224df45d181a3f8faefd0d,frontmatter only,1.0,0.16,,,False
1629,341,fsprojects/FSharpx.Collections,repo-assist.md,5,2026-03-08 22:33:04+00:00,1.0,False,githubnext/agentics/workflows/repo-assist.md@346204513ecfa08b81566450d7d599556807389f,frontmatter only,1.0,0.03,,engine,True
1630,341,fsprojects/FSharpx.Collections,repo-assist.md,6,2026-03-16 14:11:24+00:00,1.0,False,githubnext/agentics/workflows/repo-assist.md@346204513ecfa08b81566450d7d599556807389f,frontmatter only,1.0,7.65,checkout,,False
1631,341,fsprojects/FSharpx.Collections,repo-assist.md,7,2026-03-19 02:13:12+00:00,1.0,False,githubnext/agentics/workflows/repo-assist.md@d7e73661688ef2fdea152135a791e28008f73ebd,frontmatter only,1.0,2.5,,,True
1632,341,fsprojects/FSharpx.Collections,repo-assist.md,8,2026-03-19 03:27:27+00:00,1.0,False,githubnext/agentics/workflows/repo-assist.md@d1d884596e62351dd652ae78465885dd32f0dd7d,frontmatter only,1.0,0.05,,,True
1633,341,fsprojects/FSharpx.Collections,repo-assist.md,9,2026-03-23 19:11:29+00:00,1.0,False,githubnext/agentics/workflows/repo-assist.md@4957663821dbb3260348084fa2f1659701950fef,frontmatter only,1.0,4.66,,,True
1634,341,fsprojects/FSharpx.Collections,repo-assist.md,10,2026-03-26 23:22:19+00:00,1.0,False,githubnext/agentics/workflows/repo-assist.md@1f672aef974f4246124860fc532f82fe8a93a57e,frontmatter only,1.0,3.17,,,True
1635,341,fsprojects/FSharpx.Collections,repo-assist.md,11,2026-04-01 17:52:06+00:00,1.0,False,githubnext/agentics/workflows/repo-assist.md@e1ecf341a90b7bc2021e77c58685d7e269e20b99,frontmatter only,1.0,5.77,,,True
1636,341,fsprojects/FSharpx.Collections,repo-assist.md,12,2026-04-03 00:41:06+00:00,1.0,False,githubnext/agentics/workflows/repo-assist.md@4ea8c81959909f40373e2a5c2b7fdb54ea19e0a5,frontmatter only,1.0,1.28,,,True
1637,341,fsprojects/FSharpx.Collections,repo-assist.md,13,2026-04-04 14:50:52+00:00,1.0,False,githubnext/agentics/workflows/repo-assist.md@7ee2b60744abf71b985bead4599640f165edcd93,frontmatter only,1.0,1.59,,,True
1638,341,fsprojects/FSharpx.Collections,repo-assist.md,14,2026-04-12 04:44:31+00:00,1.0,False,githubnext/agentics/workflows/repo-assist.md@97143ac59cb3a13ef2a77581f929f06719c7402a,frontmatter only,1.0,7.58,,,True
1639,341,fsprojects/FSharpx.Collections,repo-assist.md,15,2026-04-20 02:53:07+00:00,1.0,False,githubnext/agentics/workflows/repo-assist.md@96b9d4c39aa22359c0b38265927eadb31dcf4e2a,frontmatter only,1.0,7.92,,,True
1640,341,fsprojects/FSharpx.Collections,repo-assist.md,16,2026-05-06 12:28:49+00:00,0.9618,False,githubnext/agentics/workflows/repo-assist.md@fc4ab36dedc44e2a1cdc195cecce262f06c81230,both,0.9618,16.4,,,True
1641,341,fsprojects/FSharpx.Collections,repo-assist.md,17,2026-05-09 12:24:18+00:00,0.9518,False,githubnext/agentics/workflows/repo-assist.md@c7d030cd6d4607b90d9ac3ffc8b24aff4f251632,both,0.9901,3.0,if,,True
1642,341,fsprojects/FSharpx.Collections,repo-assist.md,18,2026-06-03 14:33:39+00:00,0.9518,False,githubnext/agentics/workflows/repo-assist.md@c02eadfca420f2b351f9fcaee883c507a63ca316,frontmatter only,1.0,25.09,,,True
1643,341,fsprojects/FSharpx.Collections,repo-assist.md,19,2026-06-12 18:19:22+00:00,0.9518,False,githubnext/agentics/workflows/repo-assist.md@e15e57b40918dbca11b350c55d02ab61934afa75,frontmatter only,1.0,9.16,,,True
1644,342,fsprojects/FSharp.Data.SqlClient,repo-assist.md,1,2026-03-07 20:37:14+00:00,1.0,False,githubnext/agentics/workflows/repo-assist.md@e9d60822329eb50a32fcfc54ebd68078e4f5133e,,,,,,
1645,342,fsprojects/FSharp.Data.SqlClient,repo-assist.md,2,2026-03-08 00:04:58+00:00,0.9967,False,githubnext/agentics/workflows/repo-assist.md@4ee2ca4faa30612b9ed0d207472068f5efc9ecf3,both,0.9967,0.14,,,True
1646,342,fsprojects/FSharp.Data.SqlClient,repo-assist.md,3,2026-03-08 02:36:55+00:00,0.9906,False,githubnext/agentics/workflows/repo-assist.md@5029c9574c7bd2baa70aab6c8de9ea09edf11803,both,0.994,0.11,,engine,True
1647,342,fsprojects/FSharp.Data.SqlClient,repo-assist.md,4,2026-03-08 22:33:20+00:00,0.9906,False,githubnext/agentics/workflows/repo-assist.md@346204513ecfa08b81566450d7d599556807389f,frontmatter only,1.0,0.83,,,True
1648,342,fsprojects/FSharp.Data.SqlClient,repo-assist.md,5,2026-03-16 14:31:16+00:00,0.9906,False,githubnext/agentics/workflows/repo-assist.md@346204513ecfa08b81566450d7d599556807389f,frontmatter only,1.0,7.67,,,False
1649,342,fsprojects/FSharp.Data.SqlClient,repo-assist.md,6,2026-03-23 19:12:45+00:00,0.9906,False,githubnext/agentics/workflows/repo-assist.md@4957663821dbb3260348084fa2f1659701950fef,frontmatter only,1.0,7.2,checkout,,True
1650,342,fsprojects/FSharp.Data.SqlClient,repo-assist.md,7,2026-03-29 14:03:27+00:00,0.9906,False,githubnext/agentics/workflows/repo-assist.md@1f672aef974f4246124860fc532f82fe8a93a57e,frontmatter only,1.0,5.79,,,True
1651,342,fsprojects/FSharp.Data.SqlClient,repo-assist.md,8,2026-04-01 17:52:19+00:00,0.9906,False,githubnext/agentics/workflows/repo-assist.md@e1ecf341a90b7bc2021e77c58685d7e269e20b99,frontmatter only,1.0,3.16,,,True
1652,342,fsprojects/FSharp.Data.SqlClient,repo-assist.md,9,2026-04-03 00:41:43+00:00,0.9906,False,githubnext/agentics/workflows/repo-assist.md@4ea8c81959909f40373e2a5c2b7fdb54ea19e0a5,frontmatter only,1.0,1.28,,,True
1653,342,fsprojects/FSharp.Data.SqlClient,repo-assist.md,10,2026-04-04 14:51:03+00:00,0.9906,False,githubnext/agentics/workflows/repo-assist.md@7ee2b60744abf71b985bead4599640f165edcd93,frontmatter only,1.0,1.59,,,True
1654,342,fsprojects/FSharp.Data.SqlClient,repo-assist.md,11,2026-04-12 04:44:46+00:00,0.9906,False,githubnext/agentics/workflows/repo-assist.md@97143ac59cb3a13ef2a77581f929f06719c7402a,frontmatter only,1.0,7.58,,,True
1655,342,fsprojects/FSharp.Data.SqlClient,repo-assist.md,12,2026-04-20 02:53:31+00:00,0.9906,False,githubnext/agentics/workflows/repo-assist.md@96b9d4c39aa22359c0b38265927eadb31dcf4e2a,frontmatter only,1.0,7.92,,,True
1656,342,fsprojects/FSharp.Data.SqlClient,repo-assist.md,13,2026-05-06 12:29:05+00:00,0.9631,False,githubnext/agentics/workflows/repo-assist.md@fc4ab36dedc44e2a1cdc195cecce262f06c81230,both,0.9618,16.4,,,True
1657,342,fsprojects/FSharp.Data.SqlClient,repo-assist.md,14,2026-05-09 12:24:37+00:00,0.9531,False,githubnext/agentics/workflows/repo-assist.md@c7d030cd6d4607b90d9ac3ffc8b24aff4f251632,both,0.9901,3.0,if,,True
1658,342,fsprojects/FSharp.Data.SqlClient,repo-assist.md,15,2026-06-03 14:33:59+00:00,0.9531,False,githubnext/agentics/workflows/repo-assist.md@c02eadfca420f2b351f9fcaee883c507a63ca316,frontmatter only,1.0,25.09,,,True
1659,342,fsprojects/FSharp.Data.SqlClient,repo-assist.md,16,2026-06-12 18:19:38+00:00,0.9531,False,githubnext/agentics/workflows/repo-assist.md@e15e57b40918dbca11b350c55d02ab61934afa75,frontmatter only,1.0,9.16,,,True
1660,343,fslaborg/FSharp.Stats,repo-assist.md,1,2026-03-22 23:31:44+00:00,1.0,False,githubnext/agentics/workflows/repo-assist.md@d88ca0e8ee2b080fcba4490ac5b657c98a0eb26b,,,,,,
1661,343,fslaborg/FSharp.Stats,repo-assist.md,2,2026-03-23 19:17:09+00:00,1.0,False,githubnext/agentics/workflows/repo-assist.md@4957663821dbb3260348084fa2f1659701950fef,frontmatter only,1.0,0.82,,engine,True
1662,343,fslaborg/FSharp.Stats,repo-assist.md,3,2026-03-26 23:23:38+00:00,1.0,False,githubnext/agentics/workflows/repo-assist.md@1f672aef974f4246124860fc532f82fe8a93a57e,frontmatter only,1.0,3.17,,,True
1663,343,fslaborg/FSharp.Stats,repo-assist.md,4,2026-04-01 17:53:51+00:00,1.0,False,githubnext/agentics/workflows/repo-assist.md@e1ecf341a90b7bc2021e77c58685d7e269e20b99,frontmatter only,1.0,5.77,,,True
1664,343,fslaborg/FSharp.Stats,repo-assist.md,5,2026-04-03 00:44:44+00:00,1.0,False,githubnext/agentics/workflows/repo-assist.md@4ea8c81959909f40373e2a5c2b7fdb54ea19e0a5,frontmatter only,1.0,1.29,,,True
1665,343,fslaborg/FSharp.Stats,repo-assist.md,6,2026-04-04 14:52:03+00:00,1.0,False,githubnext/agentics/workflows/repo-assist.md@7ee2b60744abf71b985bead4599640f165edcd93,frontmatter only,1.0,1.59,,,True
1666,343,fslaborg/FSharp.Stats,repo-assist.md,7,2026-04-12 04:46:40+00:00,1.0,False,githubnext/agentics/workflows/repo-assist.md@97143ac59cb3a13ef2a77581f929f06719c7402a,frontmatter only,1.0,7.58,,,True
1667,343,fslaborg/FSharp.Stats,repo-assist.md,8,2026-04-20 02:27:02+00:00,1.0,False,githubnext/agentics/workflows/repo-assist.md@97143ac59cb3a13ef2a77581f929f06719c7402a,frontmatter only,1.0,7.9,,,False
1668,343,fslaborg/FSharp.Stats,repo-assist.md,9,2026-04-20 02:56:07+00:00,1.0,False,githubnext/agentics/workflows/repo-assist.md@96b9d4c39aa22359c0b38265927eadb31dcf4e2a,frontmatter only,1.0,0.02,,,True
1669,343,fslaborg/FSharp.Stats,repo-assist.md,10,2026-05-06 12:31:06+00:00,0.9618,False,githubnext/agentics/workflows/repo-assist.md@fc4ab36dedc44e2a1cdc195cecce262f06c81230,both,0.9618,16.4,,,True
1670,343,fslaborg/FSharp.Stats,repo-assist.md,11,2026-05-09 12:26:49+00:00,0.9518,False,githubnext/agentics/workflows/repo-assist.md@c7d030cd6d4607b90d9ac3ffc8b24aff4f251632,both,0.9901,3.0,if,,True
1671,343,fslaborg/FSharp.Stats,repo-assist.md,12,2026-06-03 14:38:00+00:00,0.9518,False,githubnext/agentics/workflows/repo-assist.md@c02eadfca420f2b351f9fcaee883c507a63ca316,frontmatter only,1.0,25.09,,,True
1672,343,fslaborg/FSharp.Stats,repo-assist.md,13,2026-06-12 18:21:45+00:00,0.9518,False,githubnext/agentics/workflows/repo-assist.md@e15e57b40918dbca11b350c55d02ab61934afa75,frontmatter only,1.0,9.16,,,True
1673,344,fsprojects/FSharp.Control.AsyncSeq,repo-assist.md,1,2026-02-21 13:56:20+00:00,1.0,False,githubnext/agentics/workflows/repo-assist.md@6c79ed2cf36b9cfa0f5b499d00a0afc4a5d8f0c0,,,,,,
1674,344,fsprojects/FSharp.Control.AsyncSeq,repo-assist.md,2,2026-02-21 14:31:35+00:00,1.0,False,githubnext/agentics/workflows/repo-assist.md@6c79ed2cf36b9cfa0f5b499d00a0afc4a5d8f0c0,frontmatter only,1.0,0.02,,,False
1675,344,fsprojects/FSharp.Control.AsyncSeq,repo-assist.md,3,2026-02-21 15:42:31+00:00,0.9808,False,githubnext/agentics/workflows/repo-assist.md@b6889159077cab6c0e585a31dcda5808c6a06aed,both,0.9808,0.05,,,True
1676,344,fsprojects/FSharp.Control.AsyncSeq,repo-assist.md,4,2026-02-21 23:49:34+00:00,0.8982,False,githubnext/agentics/workflows/repo-assist.md@4cb6855f0b3c0a719d7d5c3af44d1646450e63e9,both,0.9166,0.34,,,True
1677,344,fsprojects/FSharp.Control.AsyncSeq,repo-assist.md,5,2026-02-22 00:16:24+00:00,0.8916,False,githubnext/agentics/workflows/repo-assist.md@b0296681ad309e6455276244363810b1e7d98335,both,0.9935,0.02,,,True
1678,344,fsprojects/FSharp.Control.AsyncSeq,repo-assist.md,6,2026-02-22 08:16:58+00:00,0.3912,False,githubnext/agentics/workflows/repo-assist.md@077cdbca7864e820e3425e9598cf1269d3dce05a,both,0.4111,0.33,,,True
1679,344,fsprojects/FSharp.Control.AsyncSeq,repo-assist.md,7,2026-02-22 16:28:14+00:00,0.3907,False,githubnext/agentics/workflows/repo-assist.md@0d6e8cf9db90470cd5477c6a40b350fd9f9e1422,both,0.9976,0.34,,,True
1680,344,fsprojects/FSharp.Control.AsyncSeq,repo-assist.md,8,2026-02-22 17:57:25+00:00,0.3882,False,githubnext/agentics/workflows/repo-assist.md@595b7a9c567ba4dce05ca824aec6e74b4dc545b8,both,0.9885,0.06,,,True
1681,344,fsprojects/FSharp.Control.AsyncSeq,repo-assist.md,9,2026-02-22 18:34:44+00:00,0.3778,False,githubnext/agentics/workflows/repo-assist.md@de40494d3f62516449f458c4f8d8d2fe370708fe,both,0.9402,0.03,,,True
1682,344,fsprojects/FSharp.Control.AsyncSeq,repo-assist.md,10,2026-02-22 18:54:20+00:00,0.378,False,githubnext/agentics/workflows/repo-assist.md@ee50a3b7d1d3eb4a8c409ac9409fd61c9a66b0f5,both,0.9891,0.01,,,True
1683,344,fsprojects/FSharp.Control.AsyncSeq,repo-assist.md,11,2026-02-22 22:43:57+00:00,0.3698,False,githubnext/agentics/workflows/repo-assist.md@828ac109efb43990f59475cbfce90ede5546586c,both,0.9671,0.16,,,True
1684,344,fsprojects/FSharp.Control.AsyncSeq,repo-assist.md,12,2026-02-23 19:47:53+00:00,0.3552,False,githubnext/agentics/workflows/repo-assist.md@2f03fdaafb8c1ae62dfde7e0be762a822a201aeb,both,0.9489,0.88,,,True
1685,344,fsprojects/FSharp.Control.AsyncSeq,repo-assist.md,13,2026-02-24 04:17:42+00:00,0.3552,False,githubnext/agentics/workflows/repo-assist.md@b0e9cfd3a20372ce7fe0462bb7bbca2272df4a88,both,1.0,0.35,,engine; steps,True
1686,344,fsprojects/FSharp.Control.AsyncSeq,repo-assist.md,14,2026-02-24 19:09:32+00:00,0.3552,False,githubnext/agentics/workflows/repo-assist.md@b87234850bf9664d198f28a02df0f937d0447295,frontmatter only,1.0,0.62,,,True
1687,344,fsprojects/FSharp.Control.AsyncSeq,repo-assist.md,15,2026-02-25 19:21:43+00:00,0.3495,False,githubnext/agentics/workflows/repo-assist.md@f2c5cf1e4af58e09a93ba0703c6bf084711b265f,both,0.9715,1.01,,,True
1688,344,fsprojects/FSharp.Control.AsyncSeq,repo-assist.md,16,2026-02-26 11:33:50+00:00,0.3316,False,githubnext/agentics/workflows/repo-assist.md@69c1ee19e39e6aaba35519aafefb5cbf314de323,both,0.918,0.68,,,True
1689,344,fsprojects/FSharp.Control.AsyncSeq,repo-assist.md,17,2026-02-26 13:41:14+00:00,0.3283,False,githubnext/agentics/workflows/repo-assist.md@afb00b92a9514fee9a14c583f059a03d05738f70,both,0.9687,0.09,,,True
1690,344,fsprojects/FSharp.Control.AsyncSeq,repo-assist.md,18,2026-03-01 01:27:02+00:00,0.3283,False,githubnext/agentics/workflows/repo-assist.md@da02dddebe71d9a937665abdcd1f5214dab852a7,frontmatter only,1.0,2.49,,,True
1691,344,fsprojects/FSharp.Control.AsyncSeq,repo-assist.md,19,2026-03-03 23:37:56+00:00,0.3283,False,githubnext/agentics/workflows/repo-assist.md@10f087607af87e4e89439161f1e5d4724235f396,frontmatter only,1.0,2.92,,,True
1692,344,fsprojects/FSharp.Control.AsyncSeq,repo-assist.md,20,2026-03-07 00:13:33+00:00,0.3106,False,githubnext/agentics/workflows/repo-assist.md@69dc52f93e6abaaeb199c24e22b401f5bb1bac6f,both,0.7764,3.02,steps,,True
1693,344,fsprojects/FSharp.Control.AsyncSeq,repo-assist.md,21,2026-03-07 00:14:25+00:00,0.3106,False,githubnext/agentics/workflows/repo-assist.md@69dc52f93e6abaaeb199c24e22b401f5bb1bac6f,frontmatter only,1.0,0.0,,,False
1694,344,fsprojects/FSharp.Control.AsyncSeq,repo-assist.md,22,2026-03-07 00:35:13+00:00,0.3106,False,githubnext/agentics/workflows/repo-assist.md@8e6d7c86bba37371d2d0eee1a23563db3e561eb5,frontmatter only,1.0,0.01,,,True
1695,344,fsprojects/FSharp.Control.AsyncSeq,repo-assist.md,23,2026-03-08 22:31:30+00:00,0.3103,False,githubnext/agentics/workflows/repo-assist.md@346204513ecfa08b81566450d7d599556807389f,both,0.9906,1.91,,,True
1696,344,fsprojects/FSharp.Control.AsyncSeq,repo-assist.md,24,2026-03-19 02:11:22+00:00,0.3103,False,githubnext/agentics/workflows/repo-assist.md@d7e73661688ef2fdea152135a791e28008f73ebd,frontmatter only,1.0,10.15,,,True
1697,344,fsprojects/FSharp.Control.AsyncSeq,repo-assist.md,25,2026-03-19 03:25:55+00:00,0.3103,False,githubnext/agentics/workflows/repo-assist.md@d1d884596e62351dd652ae78465885dd32f0dd7d,frontmatter only,1.0,0.05,checkout,,True
1698,344,fsprojects/FSharp.Control.AsyncSeq,repo-assist.md,26,2026-03-23 19:10:49+00:00,0.3103,False,githubnext/agentics/workflows/repo-assist.md@4957663821dbb3260348084fa2f1659701950fef,frontmatter only,1.0,4.66,,,True
1699,344,fsprojects/FSharp.Control.AsyncSeq,repo-assist.md,27,2026-03-26 23:21:55+00:00,0.3103,False,githubnext/agentics/workflows/repo-assist.md@1f672aef974f4246124860fc532f82fe8a93a57e,frontmatter only,1.0,3.17,,,True
1700,344,fsprojects/FSharp.Control.AsyncSeq,repo-assist.md,28,2026-04-01 17:51:30+00:00,0.3103,False,githubnext/agentics/workflows/repo-assist.md@e1ecf341a90b7bc2021e77c58685d7e269e20b99,frontmatter only,1.0,5.77,,,True
1701,344,fsprojects/FSharp.Control.AsyncSeq,repo-assist.md,29,2026-04-03 00:39:55+00:00,0.3103,False,githubnext/agentics/workflows/repo-assist.md@4ea8c81959909f40373e2a5c2b7fdb54ea19e0a5,frontmatter only,1.0,1.28,,,True
1702,344,fsprojects/FSharp.Control.AsyncSeq,repo-assist.md,30,2026-04-04 14:50:18+00:00,0.3103,False,githubnext/agentics/workflows/repo-assist.md@7ee2b60744abf71b985bead4599640f165edcd93,frontmatter only,1.0,1.59,,,True
1703,344,fsprojects/FSharp.Control.AsyncSeq,repo-assist.md,31,2026-04-12 04:43:45+00:00,0.3103,False,githubnext/agentics/workflows/repo-assist.md@97143ac59cb3a13ef2a77581f929f06719c7402a,frontmatter only,1.0,7.58,,,True
1704,344,fsprojects/FSharp.Control.AsyncSeq,repo-assist.md,32,2026-04-17 07:27:08+00:00,0.3103,False,githubnext/agentics/workflows/repo-assist.md@11c9a2c442e519ff2b427bf58679f5a525353f76,frontmatter only,1.0,5.11,,,True
1705,344,fsprojects/FSharp.Control.AsyncSeq,repo-assist.md,33,2026-04-20 02:52:16+00:00,0.3103,False,githubnext/agentics/workflows/repo-assist.md@96b9d4c39aa22359c0b38265927eadb31dcf4e2a,frontmatter only,1.0,2.81,,,True
1706,344,fsprojects/FSharp.Control.AsyncSeq,repo-assist.md,34,2026-05-01 07:52:45+00:00,0.3103,False,githubnext/agentics/workflows/repo-assist.md@96b9d4c39aa22359c0b38265927eadb31dcf4e2a,frontmatter only,1.0,11.21,,,False
1707,344,fsprojects/FSharp.Control.AsyncSeq,repo-assist.md,35,2026-05-06 12:28:13+00:00,0.3051,False,githubnext/agentics/workflows/repo-assist.md@fc4ab36dedc44e2a1cdc195cecce262f06c81230,both,0.9618,5.19,,,True
1708,344,fsprojects/FSharp.Control.AsyncSeq,repo-assist.md,36,2026-05-09 12:23:42+00:00,0.304,False,githubnext/agentics/workflows/repo-assist.md@c7d030cd6d4607b90d9ac3ffc8b24aff4f251632,both,0.9901,3.0,if,,True
1709,344,fsprojects/FSharp.Control.AsyncSeq,repo-assist.md,37,2026-06-03 14:32:31+00:00,0.304,False,githubnext/agentics/workflows/repo-assist.md@c02eadfca420f2b351f9fcaee883c507a63ca316,frontmatter only,1.0,25.09,,,True
1710,344,fsprojects/FSharp.Control.AsyncSeq,repo-assist.md,38,2026-06-12 18:18:46+00:00,0.304,False,githubnext/agentics/workflows/repo-assist.md@e15e57b40918dbca11b350c55d02ab61934afa75,frontmatter only,1.0,9.16,,,True
1711,345,fable-compiler/Fable.Python,repo-assist.md,1,2026-04-16 01:12:27+00:00,1.0,False,,,,,,,
1712,345,fable-compiler/Fable.Python,repo-assist.md,2,2026-05-09 11:16:40+00:00,1.0,False,,frontmatter only,1.0,23.42,,,False
1713,346,fsprojects/FSharp.Control.TaskSeq,repo-assist.md,1,2026-03-07 19:08:31+00:00,1.0,False,githubnext/agentics/workflows/repo-assist.md@ec7d342403c9912c87320110f8822a8fbb817a0c,,,,,,
1714,346,fsprojects/FSharp.Control.TaskSeq,repo-assist.md,2,2026-03-08 00:35:43+00:00,0.9967,False,githubnext/agentics/workflows/repo-assist.md@4ee2ca4faa30612b9ed0d207472068f5efc9ecf3,both,0.9967,0.23,,engine,True
1715,346,fsprojects/FSharp.Control.TaskSeq,repo-assist.md,3,2026-03-08 02:35:06+00:00,0.9906,False,githubnext/agentics/workflows/repo-assist.md@5029c9574c7bd2baa70aab6c8de9ea09edf11803,both,0.994,0.08,,,True
1716,346,fsprojects/FSharp.Control.TaskSeq,repo-assist.md,4,2026-03-08 22:31:51+00:00,0.9906,False,githubnext/agentics/workflows/repo-assist.md@346204513ecfa08b81566450d7d599556807389f,frontmatter only,1.0,0.83,,,True
1717,346,fsprojects/FSharp.Control.TaskSeq,repo-assist.md,5,2026-03-12 02:41:38+00:00,0.9906,False,githubnext/agentics/workflows/repo-assist.md@346204513ecfa08b81566450d7d599556807389f,frontmatter only,1.0,3.17,,,False
1718,346,fsprojects/FSharp.Control.TaskSeq,repo-assist.md,6,2026-03-19 02:12:20+00:00,0.9906,False,githubnext/agentics/workflows/repo-assist.md@d7e73661688ef2fdea152135a791e28008f73ebd,frontmatter only,1.0,6.98,,,True
1719,346,fsprojects/FSharp.Control.TaskSeq,repo-assist.md,7,2026-03-19 03:26:37+00:00,0.9906,False,githubnext/agentics/workflows/repo-assist.md@d1d884596e62351dd652ae78465885dd32f0dd7d,frontmatter only,1.0,0.05,checkout,,True
1720,346,fsprojects/FSharp.Control.TaskSeq,repo-assist.md,8,2026-03-23 19:11:03+00:00,0.9906,False,githubnext/agentics/workflows/repo-assist.md@4957663821dbb3260348084fa2f1659701950fef,frontmatter only,1.0,4.66,,,True
1721,346,fsprojects/FSharp.Control.TaskSeq,repo-assist.md,9,2026-03-26 23:22:08+00:00,0.9906,False,githubnext/agentics/workflows/repo-assist.md@1f672aef974f4246124860fc532f82fe8a93a57e,frontmatter only,1.0,3.17,,,True
1722,346,fsprojects/FSharp.Control.TaskSeq,repo-assist.md,10,2026-04-01 17:51:46+00:00,0.9906,False,githubnext/agentics/workflows/repo-assist.md@e1ecf341a90b7bc2021e77c58685d7e269e20b99,frontmatter only,1.0,5.77,,,True
1723,346,fsprojects/FSharp.Control.TaskSeq,repo-assist.md,11,2026-04-03 00:40:33+00:00,0.9906,False,githubnext/agentics/workflows/repo-assist.md@4ea8c81959909f40373e2a5c2b7fdb54ea19e0a5,frontmatter only,1.0,1.28,,,True
1724,346,fsprojects/FSharp.Control.TaskSeq,repo-assist.md,12,2026-04-04 14:50:30+00:00,0.9906,False,githubnext/agentics/workflows/repo-assist.md@7ee2b60744abf71b985bead4599640f165edcd93,frontmatter only,1.0,1.59,,,True
1725,346,fsprojects/FSharp.Control.TaskSeq,repo-assist.md,13,2026-04-12 04:43:59+00:00,0.9906,False,githubnext/agentics/workflows/repo-assist.md@97143ac59cb3a13ef2a77581f929f06719c7402a,frontmatter only,1.0,7.58,,,True
1726,346,fsprojects/FSharp.Control.TaskSeq,repo-assist.md,14,2026-04-20 02:52:41+00:00,0.9906,False,githubnext/agentics/workflows/repo-assist.md@96b9d4c39aa22359c0b38265927eadb31dcf4e2a,frontmatter only,1.0,7.92,,,True
1727,346,fsprojects/FSharp.Control.TaskSeq,repo-assist.md,15,2026-05-01 07:54:35+00:00,0.9906,False,githubnext/agentics/workflows/repo-assist.md@96b9d4c39aa22359c0b38265927eadb31dcf4e2a,frontmatter only,1.0,11.21,,,False
1728,346,fsprojects/FSharp.Control.TaskSeq,repo-assist.md,16,2026-05-06 12:28:32+00:00,0.9631,False,githubnext/agentics/workflows/repo-assist.md@fc4ab36dedc44e2a1cdc195cecce262f06c81230,both,0.9618,5.19,,,True
1729,346,fsprojects/FSharp.Control.TaskSeq,repo-assist.md,17,2026-05-09 12:23:59+00:00,0.9531,False,githubnext/agentics/workflows/repo-assist.md@c7d030cd6d4607b90d9ac3ffc8b24aff4f251632,both,0.9901,3.0,if,,True
1730,346,fsprojects/FSharp.Control.TaskSeq,repo-assist.md,18,2026-06-03 14:33:00+00:00,0.9531,False,githubnext/agentics/workflows/repo-assist.md@c02eadfca420f2b351f9fcaee883c507a63ca316,frontmatter only,1.0,25.09,,,True
1731,346,fsprojects/FSharp.Control.TaskSeq,repo-assist.md,19,2026-06-12 18:19:04+00:00,0.9531,False,githubnext/agentics/workflows/repo-assist.md@e15e57b40918dbca11b350c55d02ab61934afa75,frontmatter only,1.0,9.16,,,True
1732,347,opsmill/infrahub,bug-agent-analyst.md,1,2026-04-24 06:38:07+00:00,1.0,False,,,,,,,
1733,347,opsmill/infrahub,bug-agent-analyst.md,2,2026-05-05 13:51:27+00:00,1.0,False,,frontmatter only,1.0,11.3,engine,,False
1734,347,opsmill/infrahub,bug-agent-analyst.md,3,2026-05-05 13:57:43+00:00,1.0,False,,frontmatter only,1.0,0.0,timeout-minutes,,False
1735,347,opsmill/infrahub,bug-agent-analyst.md,4,2026-05-05 15:25:03+00:00,0.9967,False,,body only,0.9967,0.06,,,False
1736,347,opsmill/infrahub,bug-agent-analyst.md,5,2026-05-05 15:37:05+00:00,0.9967,False,,frontmatter only,1.0,0.01,,,False
1737,347,opsmill/infrahub,bug-agent-analyst.md,6,2026-05-05 21:09:41+00:00,0.9967,False,,frontmatter only,1.0,0.23,,,False
1738,347,opsmill/infrahub,bug-agent-analyst.md,7,2026-05-05 21:10:18+00:00,0.9967,False,,frontmatter only,1.0,0.0,,,False
1739,347,opsmill/infrahub,bug-agent-analyst.md,8,2026-05-05 21:10:57+00:00,0.9967,False,,frontmatter only,1.0,0.0,,,False
1740,347,opsmill/infrahub,bug-agent-analyst.md,9,2026-05-05 21:13:13+00:00,0.9967,False,,frontmatter only,1.0,0.0,,,False
1741,347,opsmill/infrahub,bug-agent-analyst.md,10,2026-05-21 08:48:57+00:00,0.9967,False,,frontmatter only,1.0,15.48,,,False
1742,347,opsmill/infrahub,bug-agent-analyst.md,11,2026-05-22 18:32:02+00:00,0.9967,False,,frontmatter only,1.0,1.4,,,False
1743,347,opsmill/infrahub,bug-agent-analyst.md,12,2026-05-26 17:59:11+00:00,0.9967,False,,frontmatter only,1.0,3.98,,,False
1744,347,opsmill/infrahub,bug-agent-analyst.md,13,2026-06-03 08:01:44+00:00,0.9967,False,,frontmatter only,1.0,7.59,,,False
1745,348,opsmill/infrahub,bug-agent-fix.md,1,2026-04-24 06:38:07+00:00,1.0,False,,,,,,,
1746,348,opsmill/infrahub,bug-agent-fix.md,2,2026-04-24 07:37:14+00:00,0.9711,False,,both,0.9711,0.04,,,False
1747,348,opsmill/infrahub,bug-agent-fix.md,3,2026-05-05 13:51:27+00:00,0.9711,False,,frontmatter only,1.0,11.26,engine,,False
1748,348,opsmill/infrahub,bug-agent-fix.md,4,2026-05-05 13:56:15+00:00,0.9711,False,,frontmatter only,1.0,0.0,timeout-minutes,,False
1749,348,opsmill/infrahub,bug-agent-fix.md,5,2026-05-05 14:08:04+00:00,0.9711,False,,frontmatter only,1.0,0.01,,,False
1750,348,opsmill/infrahub,bug-agent-fix.md,6,2026-05-05 14:15:21+00:00,0.9711,False,,frontmatter only,1.0,0.01,,,False
1751,348,opsmill/infrahub,bug-agent-fix.md,7,2026-05-05 15:25:03+00:00,0.9625,False,,body only,0.9912,0.05,,,False
1752,348,opsmill/infrahub,bug-agent-fix.md,8,2026-05-05 15:37:05+00:00,0.9625,False,,frontmatter only,1.0,0.01,,,False
1753,348,opsmill/infrahub,bug-agent-fix.md,9,2026-05-05 21:09:41+00:00,0.9625,False,,frontmatter only,1.0,0.23,,,False
1754,348,opsmill/infrahub,bug-agent-fix.md,10,2026-05-05 21:10:18+00:00,0.9625,False,,frontmatter only,1.0,0.0,,,False
1755,348,opsmill/infrahub,bug-agent-fix.md,11,2026-05-05 21:10:57+00:00,0.9625,False,,frontmatter only,1.0,0.0,,,False
1756,348,opsmill/infrahub,bug-agent-fix.md,12,2026-05-05 21:12:21+00:00,0.9625,False,,frontmatter only,1.0,0.0,,,False
1757,348,opsmill/infrahub,bug-agent-fix.md,13,2026-05-05 21:13:13+00:00,0.9625,False,,frontmatter only,1.0,0.0,,,False
1758,348,opsmill/infrahub,bug-agent-fix.md,14,2026-05-05 21:13:38+00:00,0.9625,False,,frontmatter only,1.0,0.0,,,False
1759,348,opsmill/infrahub,bug-agent-fix.md,15,2026-05-06 07:30:25+00:00,0.9625,False,,frontmatter only,1.0,0.43,,,False
1760,348,opsmill/infrahub,bug-agent-fix.md,16,2026-05-21 08:48:57+00:00,0.9625,False,,frontmatter only,1.0,15.05,,,False
1761,348,opsmill/infrahub,bug-agent-fix.md,17,2026-05-22 18:32:02+00:00,0.9625,False,,frontmatter only,1.0,1.4,,,False
1762,348,opsmill/infrahub,bug-agent-fix.md,18,2026-05-26 17:59:11+00:00,0.9625,False,,frontmatter only,1.0,3.98,,,False
1763,348,opsmill/infrahub,bug-agent-fix.md,19,2026-06-01 19:07:44+00:00,0.9625,False,,frontmatter only,1.0,6.05,,,False
1764,348,opsmill/infrahub,bug-agent-fix.md,20,2026-06-03 08:01:44+00:00,0.9625,False,,frontmatter only,1.0,1.54,,,False
1765,349,opsmill/infrahub,bug-agent-review.md,1,2026-04-24 06:38:07+00:00,1.0,False,,,,,,,
1766,349,opsmill/infrahub,bug-agent-review.md,2,2026-05-05 13:51:27+00:00,1.0,False,,frontmatter only,1.0,11.3,engine,,False
1767,349,opsmill/infrahub,bug-agent-review.md,3,2026-05-05 15:25:03+00:00,0.995,False,,body only,0.995,0.07,,,False
1768,349,opsmill/infrahub,bug-agent-review.md,4,2026-05-05 15:41:28+00:00,0.995,False,,frontmatter only,1.0,0.01,,,False
1769,349,opsmill/infrahub,bug-agent-review.md,5,2026-05-05 18:48:33+00:00,0.995,False,,frontmatter only,1.0,0.13,steps,,False
1770,349,opsmill/infrahub,bug-agent-review.md,6,2026-05-05 21:09:41+00:00,0.995,False,,frontmatter only,1.0,0.1,,,False
1771,349,opsmill/infrahub,bug-agent-review.md,7,2026-05-05 21:10:18+00:00,0.995,False,,frontmatter only,1.0,0.0,,,False
1772,349,opsmill/infrahub,bug-agent-review.md,8,2026-05-05 21:10:57+00:00,0.995,False,,frontmatter only,1.0,0.0,,,False
1773,349,opsmill/infrahub,bug-agent-review.md,9,2026-05-05 21:11:54+00:00,0.995,False,,frontmatter only,1.0,0.0,,,False
1774,349,opsmill/infrahub,bug-agent-review.md,10,2026-05-05 21:13:13+00:00,0.995,False,,frontmatter only,1.0,0.0,,,False
1775,349,opsmill/infrahub,bug-agent-review.md,11,2026-05-21 08:48:57+00:00,0.995,False,,frontmatter only,1.0,15.48,,,False
1776,349,opsmill/infrahub,bug-agent-review.md,12,2026-05-22 18:32:02+00:00,0.995,False,,frontmatter only,1.0,1.4,,,False
1777,349,opsmill/infrahub,bug-agent-review.md,13,2026-05-26 17:59:11+00:00,0.995,False,,frontmatter only,1.0,3.98,,,False
1778,349,opsmill/infrahub,bug-agent-review.md,14,2026-06-03 08:01:44+00:00,0.995,False,,frontmatter only,1.0,7.59,,,False
1779,349,opsmill/infrahub,bug-agent-review.md,15,2026-06-03 09:28:24+00:00,0.995,False,,frontmatter only,1.0,0.06,,,False
1780,350,opsmill/infrahub,bug-agent-test.md,1,2026-04-24 06:38:07+00:00,1.0,False,,,,,,,
1781,350,opsmill/infrahub,bug-agent-test.md,2,2026-04-24 07:37:14+00:00,0.9949,False,,both,0.9949,0.04,,,False
1782,350,opsmill/infrahub,bug-agent-test.md,3,2026-05-05 13:51:27+00:00,0.9949,False,,frontmatter only,1.0,11.26,engine,,False
1783,350,opsmill/infrahub,bug-agent-test.md,4,2026-05-05 13:56:15+00:00,0.9949,False,,frontmatter only,1.0,0.0,timeout-minutes,,False
1784,350,opsmill/infrahub,bug-agent-test.md,5,2026-05-05 14:08:04+00:00,0.9949,False,,frontmatter only,1.0,0.01,,,False
1785,350,opsmill/infrahub,bug-agent-test.md,6,2026-05-05 14:15:21+00:00,0.9949,False,,frontmatter only,1.0,0.01,,,False
1786,350,opsmill/infrahub,bug-agent-test.md,7,2026-05-05 14:56:13+00:00,0.9949,False,,frontmatter only,1.0,0.03,,,False
1787,350,opsmill/infrahub,bug-agent-test.md,8,2026-05-05 15:25:03+00:00,0.9819,False,,body only,0.987,0.02,,,False
1788,350,opsmill/infrahub,bug-agent-test.md,9,2026-05-05 15:37:05+00:00,0.9819,False,,frontmatter only,1.0,0.01,,,False
1789,350,opsmill/infrahub,bug-agent-test.md,10,2026-05-05 21:09:41+00:00,0.9819,False,,frontmatter only,1.0,0.23,,,False
1790,350,opsmill/infrahub,bug-agent-test.md,11,2026-05-05 21:10:18+00:00,0.9819,False,,frontmatter only,1.0,0.0,,,False
1791,350,opsmill/infrahub,bug-agent-test.md,12,2026-05-05 21:10:57+00:00,0.9819,False,,frontmatter only,1.0,0.0,,,False
1792,350,opsmill/infrahub,bug-agent-test.md,13,2026-05-05 21:12:21+00:00,0.9819,False,,frontmatter only,1.0,0.0,,,False
1793,350,opsmill/infrahub,bug-agent-test.md,14,2026-05-05 21:13:13+00:00,0.9819,False,,frontmatter only,1.0,0.0,,,False
1794,350,opsmill/infrahub,bug-agent-test.md,15,2026-05-05 21:13:38+00:00,0.9819,False,,frontmatter only,1.0,0.0,,,False
1795,350,opsmill/infrahub,bug-agent-test.md,16,2026-05-06 07:30:25+00:00,0.9819,False,,frontmatter only,1.0,0.43,,,False
1796,350,opsmill/infrahub,bug-agent-test.md,17,2026-05-21 08:48:57+00:00,0.9819,False,,frontmatter only,1.0,15.05,,,False
1797,350,opsmill/infrahub,bug-agent-test.md,18,2026-05-22 18:32:02+00:00,0.9819,False,,frontmatter only,1.0,1.4,,,False
1798,350,opsmill/infrahub,bug-agent-test.md,19,2026-05-26 17:59:11+00:00,0.9819,False,,frontmatter only,1.0,3.98,,,False
1799,350,opsmill/infrahub,bug-agent-test.md,20,2026-06-01 19:07:44+00:00,0.9819,False,,frontmatter only,1.0,6.05,,,False
1800,350,opsmill/infrahub,bug-agent-test.md,21,2026-06-03 08:01:44+00:00,0.9819,False,,frontmatter only,1.0,1.54,,,False
1801,351,pulumi/pulumi-aws-apigateway,gh-aw-pr-rereview.md,1,2026-05-12 06:22:35+00:00,1.0,True,pulumi-labs/gh-aw-internal/.github/workflows/gh-aw-pr-rereview.md@8a92f53fac170563f7727cacab2dbedb5d5b9e29,,,,,,
1802,352,pulumi/pulumi-aws-apigateway,gh-aw-pr-review.md,1,2026-05-12 06:22:35+00:00,1.0,True,pulumi-labs/gh-aw-internal/.github/workflows/gh-aw-pr-review.md@8a92f53fac170563f7727cacab2dbedb5d5b9e29,,,,,,
1803,353,mongodb-js/devtools-shared,security-quality-agent.md,1,2026-04-16 15:48:08+00:00,1.0,False,,,,,,,
1804,353,mongodb-js/devtools-shared,security-quality-agent.md,2,2026-04-16 17:58:19+00:00,0.8129,False,,both,0.8129,0.09,,,False
1805,353,mongodb-js/devtools-shared,security-quality-agent.md,3,2026-04-23 14:39:20+00:00,0.8129,False,,body only,1.0,6.86,,,False
1806,354,dotnet/java-interop,java-interop-reviewer.md,1,2026-05-06 15:23:44+00:00,1.0,False,,,,,,,
1807,354,dotnet/java-interop,java-interop-reviewer.md,2,2026-06-12 19:30:12+00:00,1.0,False,,frontmatter only,1.0,37.17,environment,,False
1808,354,dotnet/java-interop,java-interop-reviewer.md,3,2026-06-12 21:43:49+00:00,1.0,False,,frontmatter only,1.0,0.09,,,False
1809,354,dotnet/java-interop,java-interop-reviewer.md,4,2026-06-16 13:56:28+00:00,1.0,False,,frontmatter only,1.0,3.68,,,False
1810,354,dotnet/java-interop,java-interop-reviewer.md,5,2026-06-16 14:51:34+00:00,1.0,False,,frontmatter only,1.0,0.04,max-ai-credits; max-daily-ai-credits,,False
1811,354,dotnet/java-interop,java-interop-reviewer.md,6,2026-06-16 15:18:14+00:00,1.0,False,,frontmatter only,1.0,0.02,,,False
1812,354,dotnet/java-interop,java-interop-reviewer.md,7,2026-06-16 17:16:35+00:00,1.0,False,,frontmatter only,1.0,0.08,,,False
1813,354,dotnet/java-interop,java-interop-reviewer.md,8,2026-06-17 19:03:48+00:00,1.0,False,,frontmatter only,1.0,1.07,,,False
1814,355,dotnet/android,android-reviewer.md,1,2026-04-17 19:48:42+00:00,1.0,False,,,,,,,
1815,355,dotnet/android,android-reviewer.md,2,2026-04-17 19:53:19+00:00,1.0,False,,frontmatter only,1.0,0.0,engine,,False
1816,355,dotnet/android,android-reviewer.md,3,2026-04-17 20:50:48+00:00,1.0,False,,frontmatter only,1.0,0.04,,,False
1817,355,dotnet/android,android-reviewer.md,4,2026-04-20 13:56:46+00:00,1.0,False,,frontmatter only,1.0,2.71,network,,False
1818,355,dotnet/android,android-reviewer.md,5,2026-04-21 19:18:00+00:00,1.0,False,,frontmatter only,1.0,1.22,,,False
1819,355,dotnet/android,android-reviewer.md,6,2026-05-04 08:33:35+00:00,0.9122,False,,body only,0.9122,12.55,,,False
1820,355,dotnet/android,android-reviewer.md,7,2026-05-21 20:46:10+00:00,0.8356,False,,body only,0.9152,17.51,,,False
1821,355,dotnet/android,android-reviewer.md,8,2026-06-12 19:45:08+00:00,0.8356,False,,frontmatter only,1.0,21.96,environment,,False
1822,355,dotnet/android,android-reviewer.md,9,2026-06-12 19:56:45+00:00,0.8356,False,,frontmatter only,1.0,0.01,,,False
1823,355,dotnet/android,android-reviewer.md,10,2026-06-16 19:32:53+00:00,0.8356,False,,frontmatter only,1.0,3.98,max-ai-credits; max-daily-ai-credits,,False
1824,355,dotnet/android,android-reviewer.md,11,2026-06-17 19:04:08+00:00,0.8356,False,,frontmatter only,1.0,0.98,,,False
1825,355,dotnet/android,android-reviewer.md,12,2026-06-27 01:41:44+00:00,0.7596,False,,both,0.9169,9.28,,,False
1826,356,dotnet/android,nightly-fix-finder.md,1,2026-05-19 21:27:49+00:00,1.0,False,,,,,,,
1827,356,dotnet/android,nightly-fix-finder.md,2,2026-05-21 20:46:10+00:00,1.0,False,,frontmatter only,1.0,1.97,,,False
1828,356,dotnet/android,nightly-fix-finder.md,3,2026-05-27 07:43:16+00:00,0.3324,False,,both,0.3324,5.46,,,False
1829,356,dotnet/android,nightly-fix-finder.md,4,2026-06-12 19:45:08+00:00,0.3324,False,,frontmatter only,1.0,16.5,environment,,False
1830,356,dotnet/android,nightly-fix-finder.md,5,2026-06-12 19:56:45+00:00,0.3324,False,,both,1.0,0.01,,,False
1831,356,dotnet/android,nightly-fix-finder.md,6,2026-06-16 19:32:53+00:00,0.3324,False,,frontmatter only,1.0,3.98,max-ai-credits; max-daily-ai-credits,,False
1832,356,dotnet/android,nightly-fix-finder.md,7,2026-06-17 19:04:08+00:00,0.3324,False,,frontmatter only,1.0,0.98,,,False
1833,356,dotnet/android,nightly-fix-finder.md,8,2026-06-26 09:08:51+00:00,0.3324,False,,frontmatter only,1.0,8.59,,,False
1834,357,dotnet/android-tools,android-tools-reviewer.md,1,2026-04-28 07:44:58+00:00,1.0,False,,,,,,,
1835,357,dotnet/android-tools,android-tools-reviewer.md,2,2026-04-30 14:45:52+00:00,0.9263,False,,body only,0.9263,2.29,,,False
1836,357,dotnet/android-tools,android-tools-reviewer.md,3,2026-05-04 14:19:02+00:00,0.8534,False,,body only,0.9409,3.98,,,False
1837,357,dotnet/android-tools,android-tools-reviewer.md,4,2026-06-15 09:15:33+00:00,0.8534,False,,frontmatter only,1.0,41.79,environment,,False
1838,357,dotnet/android-tools,android-tools-reviewer.md,5,2026-06-17 14:35:03+00:00,0.8534,False,,frontmatter only,1.0,2.22,max-ai-credits; max-daily-ai-credits,,False
1839,357,dotnet/android-tools,android-tools-reviewer.md,6,2026-06-17 19:03:39+00:00,0.8534,False,,frontmatter only,1.0,0.19,,,False
1840,358,erigontech/erigon,daily-repo-status.md,1,2026-02-16 13:57:58+00:00,1.0,False,githubnext/agentics/workflows/daily-repo-status.md@d3ff5177d6a49a123cceed203dc271e132a585e4,,,,,,
1841,358,erigontech/erigon,daily-repo-status.md,2,2026-03-20 16:02:14+00:00,0.8727,False,githubnext/agentics/workflows/daily-repo-status.md@d3ff5177d6a49a123cceed203dc271e132a585e4,body only,0.8727,32.09,,,False
1842,359,timrogers/iata-code-decoder-api,daily-repo-status.md,1,2026-05-19 21:15:10+00:00,1.0,False,githubnext/agentics/workflows/repo-status.md@dcdf09723d42ef9b6c75335e4612fd145d4ccdaa,,,,,,
1843,360,carlkidcrypto/ezsnmp,auto_change_log.md,1,2026-03-22 21:51:05+00:00,1.0,False,,,,,,,
1844,360,carlkidcrypto/ezsnmp,auto_change_log.md,2,2026-03-24 14:21:04+00:00,1.0,False,,frontmatter only,1.0,1.69,,,False
1845,360,carlkidcrypto/ezsnmp,auto_change_log.md,3,2026-03-26 14:43:25+00:00,0.7035,False,,body only,0.7035,2.02,,,False
1846,360,carlkidcrypto/ezsnmp,auto_change_log.md,4,2026-04-09 18:05:14+00:00,0.623,False,,body only,0.811,14.14,,,False
1847,360,carlkidcrypto/ezsnmp,auto_change_log.md,5,2026-04-26 02:53:53+00:00,0.623,False,,frontmatter only,1.0,16.37,,,False
1848,360,carlkidcrypto/ezsnmp,auto_change_log.md,6,2026-05-02 16:05:56+00:00,0.623,False,,frontmatter only,1.0,6.55,,,False
1849,360,carlkidcrypto/ezsnmp,auto_change_log.md,7,2026-05-04 02:05:24+00:00,0.623,False,,frontmatter only,1.0,1.42,,,False
1850,360,carlkidcrypto/ezsnmp,auto_change_log.md,8,2026-05-04 02:29:33+00:00,0.623,False,,frontmatter only,1.0,0.02,,,False
1851,360,carlkidcrypto/ezsnmp,auto_change_log.md,9,2026-05-04 03:23:17+00:00,0.623,False,,frontmatter only,1.0,0.04,,,False
1852,361,carlkidcrypto/ezsnmp,auto_release_notes.md,1,2026-03-24 14:21:04+00:00,1.0,False,,,,,,,
1853,361,carlkidcrypto/ezsnmp,auto_release_notes.md,2,2026-03-26 14:43:25+00:00,0.7807,False,,body only,0.7807,2.02,,,False
1854,361,carlkidcrypto/ezsnmp,auto_release_notes.md,3,2026-05-02 16:05:56+00:00,0.7807,False,,frontmatter only,1.0,37.06,,,False
1855,361,carlkidcrypto/ezsnmp,auto_release_notes.md,4,2026-05-04 02:05:24+00:00,0.7807,False,,frontmatter only,1.0,1.42,,,False
1856,361,carlkidcrypto/ezsnmp,auto_release_notes.md,5,2026-05-04 02:29:33+00:00,0.7807,False,,frontmatter only,1.0,0.02,,,False
1857,361,carlkidcrypto/ezsnmp,auto_release_notes.md,6,2026-05-04 03:23:17+00:00,0.7807,False,,frontmatter only,1.0,0.04,,,False
1858,361,carlkidcrypto/ezsnmp,auto_release_notes.md,7,2026-05-04 04:31:21+00:00,0.7807,False,,frontmatter only,1.0,0.05,,,False
1859,361,carlkidcrypto/ezsnmp,auto_release_notes.md,8,2026-05-04 14:41:42+00:00,0.7584,False,,both,0.9725,0.42,,,False
1860,362,carlkidcrypto/ezsnmp,coverage_autofix_every_3_days.md,1,2026-03-21 21:31:27+00:00,1.0,False,,,,,,,
1861,362,carlkidcrypto/ezsnmp,coverage_autofix_every_3_days.md,2,2026-03-22 21:51:05+00:00,0.9592,False,,both,0.9592,1.01,,,False
1862,362,carlkidcrypto/ezsnmp,coverage_autofix_every_3_days.md,3,2026-04-07 15:08:43+00:00,0.9486,False,,body only,0.9891,15.72,,,False
1863,362,carlkidcrypto/ezsnmp,coverage_autofix_every_3_days.md,4,2026-04-19 14:16:18+00:00,0.8939,False,,body only,0.945,11.96,,,False
1864,362,carlkidcrypto/ezsnmp,coverage_autofix_every_3_days.md,5,2026-04-26 03:29:32+00:00,0.8121,False,,body only,0.909,6.55,,,False
1865,362,carlkidcrypto/ezsnmp,coverage_autofix_every_3_days.md,6,2026-05-02 16:05:56+00:00,0.8121,False,,frontmatter only,1.0,6.53,,,False
1866,362,carlkidcrypto/ezsnmp,coverage_autofix_every_3_days.md,7,2026-05-04 02:05:24+00:00,0.8121,False,,frontmatter only,1.0,1.42,,,False
1867,362,carlkidcrypto/ezsnmp,coverage_autofix_every_3_days.md,8,2026-05-04 02:29:33+00:00,0.8121,False,,frontmatter only,1.0,0.02,,,False
1868,362,carlkidcrypto/ezsnmp,coverage_autofix_every_3_days.md,9,2026-05-04 03:23:17+00:00,0.8121,False,,frontmatter only,1.0,0.04,,,False
1869,362,carlkidcrypto/ezsnmp,coverage_autofix_every_3_days.md,10,2026-06-08 04:41:35+00:00,0.8108,False,,body only,0.9835,35.05,,,False
1870,362,carlkidcrypto/ezsnmp,coverage_autofix_every_3_days.md,11,2026-06-11 04:17:21+00:00,0.8108,False,,frontmatter only,1.0,2.98,,,False
1871,363,carlkidcrypto/ezsnmp,docs_continuous_improvement_every_3_days.md,1,2026-03-22 04:23:00+00:00,1.0,False,,,,,,,
1872,363,carlkidcrypto/ezsnmp,docs_continuous_improvement_every_3_days.md,2,2026-05-02 16:05:56+00:00,1.0,False,,frontmatter only,1.0,41.49,,,False
1873,363,carlkidcrypto/ezsnmp,docs_continuous_improvement_every_3_days.md,3,2026-05-04 02:05:24+00:00,1.0,False,,frontmatter only,1.0,1.42,,,False
1874,363,carlkidcrypto/ezsnmp,docs_continuous_improvement_every_3_days.md,4,2026-05-04 02:29:33+00:00,1.0,False,,frontmatter only,1.0,0.02,,,False
1875,363,carlkidcrypto/ezsnmp,docs_continuous_improvement_every_3_days.md,5,2026-05-04 03:23:17+00:00,1.0,False,,frontmatter only,1.0,0.04,,,False
1876,364,carlkidcrypto/ezsnmp,python_version_watcher.md,1,2026-05-03 22:02:58+00:00,1.0,False,,,,,,,
1877,364,carlkidcrypto/ezsnmp,python_version_watcher.md,2,2026-05-04 02:29:33+00:00,1.0,False,,frontmatter only,1.0,0.19,,,False
1878,364,carlkidcrypto/ezsnmp,python_version_watcher.md,3,2026-05-04 03:23:17+00:00,1.0,False,,frontmatter only,1.0,0.04,,,False
1879,365,carlkidcrypto/ezsnmp,sync_open_prs_with_main.md,1,2026-03-22 04:23:00+00:00,1.0,False,,,,,,,
1880,365,carlkidcrypto/ezsnmp,sync_open_prs_with_main.md,2,2026-03-22 21:51:05+00:00,0.9362,False,,both,0.9362,0.73,,,False
1881,365,carlkidcrypto/ezsnmp,sync_open_prs_with_main.md,3,2026-03-24 14:21:04+00:00,0.8719,False,,both,0.9313,1.69,,,False
1882,365,carlkidcrypto/ezsnmp,sync_open_prs_with_main.md,4,2026-03-26 03:08:22+00:00,0.8719,False,,frontmatter only,1.0,1.53,,,False
1883,365,carlkidcrypto/ezsnmp,sync_open_prs_with_main.md,5,2026-04-12 03:33:22+00:00,0.7732,False,,body only,0.8923,17.02,,,False
1884,365,carlkidcrypto/ezsnmp,sync_open_prs_with_main.md,6,2026-04-16 02:55:59+00:00,0.6362,False,,body only,0.8201,3.97,,,False
1885,365,carlkidcrypto/ezsnmp,sync_open_prs_with_main.md,7,2026-05-02 16:05:56+00:00,0.6362,False,,frontmatter only,1.0,16.55,,,False
1886,365,carlkidcrypto/ezsnmp,sync_open_prs_with_main.md,8,2026-05-04 02:05:24+00:00,0.6362,False,,frontmatter only,1.0,1.42,,,False
1887,365,carlkidcrypto/ezsnmp,sync_open_prs_with_main.md,9,2026-05-04 02:29:33+00:00,0.6362,False,,frontmatter only,1.0,0.02,,,False
1888,365,carlkidcrypto/ezsnmp,sync_open_prs_with_main.md,10,2026-05-04 03:23:17+00:00,0.6362,False,,frontmatter only,1.0,0.04,,,False
1889,366,carlkidcrypto/ezsnmp,triage_incoming_bug_reports.md,1,2026-03-22 21:51:05+00:00,1.0,False,,,,,,,
1890,366,carlkidcrypto/ezsnmp,triage_incoming_bug_reports.md,2,2026-05-02 16:05:56+00:00,1.0,False,,frontmatter only,1.0,40.76,,,False
1891,366,carlkidcrypto/ezsnmp,triage_incoming_bug_reports.md,3,2026-05-04 02:05:24+00:00,1.0,False,,frontmatter only,1.0,1.42,,,False
1892,366,carlkidcrypto/ezsnmp,triage_incoming_bug_reports.md,4,2026-05-04 02:29:33+00:00,1.0,False,,frontmatter only,1.0,0.02,,,False
1893,366,carlkidcrypto/ezsnmp,triage_incoming_bug_reports.md,5,2026-05-04 03:23:17+00:00,1.0,False,,frontmatter only,1.0,0.04,,,False
1894,367,carlkidcrypto/ezsnmp,update_docker_netsnmp_versions.md,1,2026-03-22 21:51:05+00:00,1.0,False,,,,,,,
1895,367,carlkidcrypto/ezsnmp,update_docker_netsnmp_versions.md,2,2026-04-12 03:27:36+00:00,0.9688,False,,body only,0.9688,20.23,,,False
1896,367,carlkidcrypto/ezsnmp,update_docker_netsnmp_versions.md,3,2026-05-02 16:05:56+00:00,0.9688,False,,frontmatter only,1.0,20.53,,,False
1897,367,carlkidcrypto/ezsnmp,update_docker_netsnmp_versions.md,4,2026-05-04 02:05:24+00:00,0.9688,False,,frontmatter only,1.0,1.42,,,False
1898,367,carlkidcrypto/ezsnmp,update_docker_netsnmp_versions.md,5,2026-05-04 02:29:33+00:00,0.9688,False,,frontmatter only,1.0,0.02,,,False
1899,367,carlkidcrypto/ezsnmp,update_docker_netsnmp_versions.md,6,2026-05-04 03:23:17+00:00,0.9688,False,,frontmatter only,1.0,0.04,,,False
1900,368,carlkidcrypto/ezsnmp,update_docker_python_versions.md,1,2026-03-21 21:31:27+00:00,1.0,False,,,,,,,
1901,368,carlkidcrypto/ezsnmp,update_docker_python_versions.md,2,2026-05-02 16:05:56+00:00,1.0,False,,frontmatter only,1.0,41.77,,,False
1902,368,carlkidcrypto/ezsnmp,update_docker_python_versions.md,3,2026-05-04 02:05:24+00:00,1.0,False,,frontmatter only,1.0,1.42,,,False
1903,368,carlkidcrypto/ezsnmp,update_docker_python_versions.md,4,2026-05-04 02:29:33+00:00,1.0,False,,frontmatter only,1.0,0.02,,,False
1904,368,carlkidcrypto/ezsnmp,update_docker_python_versions.md,5,2026-05-04 03:23:17+00:00,1.0,False,,frontmatter only,1.0,0.04,,,False
1905,369,Azure/typespec-azure,doc-update.md,1,2026-03-30 07:52:19+00:00,1.0,False,,,,,,,
1906,369,Azure/typespec-azure,doc-update.md,2,2026-03-31 14:16:49+00:00,1.0,False,,frontmatter only,1.0,1.27,,,False
1907,369,Azure/typespec-azure,doc-update.md,3,2026-04-02 09:01:08+00:00,0.6241,False,,body only,0.6241,1.78,,,False
1908,369,Azure/typespec-azure,doc-update.md,4,2026-04-08 02:02:44+00:00,0.5884,False,,body only,0.943,5.71,,,False
1909,369,Azure/typespec-azure,doc-update.md,5,2026-04-13 07:19:20+00:00,0.5884,False,,both,1.0,5.22,,,False
1910,369,Azure/typespec-azure,doc-update.md,6,2026-04-14 08:23:05+00:00,0.5671,False,,both,0.9634,1.04,,,False
1911,369,Azure/typespec-azure,doc-update.md,7,2026-04-15 03:58:48+00:00,0.5404,False,,body only,0.9149,0.82,,,False
1912,369,Azure/typespec-azure,doc-update.md,8,2026-04-16 09:10:40+00:00,0.5001,False,,both,0.9134,1.22,,,False
1913,369,Azure/typespec-azure,doc-update.md,9,2026-04-17 05:15:58+00:00,0.5001,False,,frontmatter only,1.0,0.84,,,False
1914,369,Azure/typespec-azure,doc-update.md,10,2026-06-25 02:41:01+00:00,0.5001,False,,frontmatter only,1.0,68.89,,,False
1915,369,Azure/typespec-azure,doc-update.md,11,2026-06-25 03:57:50+00:00,0.5001,False,,frontmatter only,1.0,0.05,,,False
1916,370,Azure/typespec-azure,docs-sync.md,1,2026-02-26 21:34:27+00:00,1.0,False,,,,,,,
1917,370,Azure/typespec-azure,docs-sync.md,2,2026-06-25 02:41:01+00:00,1.0,False,,frontmatter only,1.0,118.21,,,False
1918,371,fedixyz/fedi,daily-e2e-coverage-check.md,1,2026-06-01 10:33:29+00:00,1.0,False,,,,,,,
1919,371,fedixyz/fedi,daily-e2e-coverage-check.md,2,2026-06-05 07:27:51+00:00,0.7457,False,,body only,0.7457,3.87,,,False
1920,371,fedixyz/fedi,daily-e2e-coverage-check.md,3,2026-06-15 08:38:32+00:00,0.6924,False,,body only,0.9238,10.05,,,False
1921,372,fedixyz/fedi,weekly-doc-updater.md,1,2026-06-01 10:33:41+00:00,1.0,False,,,,,,,
1922,372,fedixyz/fedi,weekly-doc-updater.md,2,2026-06-09 20:21:24+00:00,1.0,False,,frontmatter only,1.0,8.41,,,False
1923,372,fedixyz/fedi,weekly-doc-updater.md,3,2026-06-16 09:23:02+00:00,0.9552,False,,both,0.9552,6.54,,,False
1924,372,fedixyz/fedi,weekly-doc-updater.md,4,2026-06-16 17:17:56+00:00,0.9552,False,,frontmatter only,1.0,0.33,,,False
1925,373,meshery/schemas,first-time-contributor.md,1,2026-05-12 12:09:46+00:00,1.0,False,,,,,,,
1926,374,foxminchan/BookWorm,contribution-guidelines-checker.md,1,2026-02-13 13:42:01+00:00,1.0,False,githubnext/agentics/workflows/contribution-guidelines-checker.md@69b5e3ae5fa7f35fa555b0a22aee14c36ab57ebb,,,,,,
1927,374,foxminchan/BookWorm,contribution-guidelines-checker.md,2,2026-03-28 16:27:46+00:00,0.5181,False,githubnext/agentics/workflows/contribution-guidelines-checker.md@69b5e3ae5fa7f35fa555b0a22aee14c36ab57ebb,both,0.5181,43.12,,,False
1928,374,foxminchan/BookWorm,contribution-guidelines-checker.md,3,2026-03-28 19:42:13+00:00,0.5112,False,githubnext/agentics/workflows/contribution-guidelines-checker.md@69b5e3ae5fa7f35fa555b0a22aee14c36ab57ebb,both,0.9942,0.14,concurrency; if; rate-limit,,False
1929,374,foxminchan/BookWorm,contribution-guidelines-checker.md,4,2026-03-29 04:53:48+00:00,0.5112,False,githubnext/agentics/workflows/contribution-guidelines-checker.md@69b5e3ae5fa7f35fa555b0a22aee14c36ab57ebb,frontmatter only,1.0,0.38,features,,False
1930,374,foxminchan/BookWorm,contribution-guidelines-checker.md,5,2026-05-06 10:19:00+00:00,0.5112,False,githubnext/agentics/workflows/contribution-guidelines-checker.md@69b5e3ae5fa7f35fa555b0a22aee14c36ab57ebb,frontmatter only,1.0,38.23,,features,False
1931,374,foxminchan/BookWorm,contribution-guidelines-checker.md,6,2026-06-19 04:42:34+00:00,0.5112,False,githubnext/agentics/workflows/contribution-guidelines-checker.md@69b5e3ae5fa7f35fa555b0a22aee14c36ab57ebb,frontmatter only,1.0,43.77,user-rate-limit,rate-limit,False
1932,375,foxminchan/BookWorm,daily-repo-status.md,1,2026-02-18 00:16:01+00:00,1.0,False,,,,,,,
1933,375,foxminchan/BookWorm,daily-repo-status.md,2,2026-02-19 08:40:34+00:00,1.0,False,,body only,1.0,1.35,,,False
1934,375,foxminchan/BookWorm,daily-repo-status.md,3,2026-03-28 16:27:46+00:00,0.9965,False,,both,0.9965,37.32,,,False
1935,375,foxminchan/BookWorm,daily-repo-status.md,4,2026-03-28 19:42:13+00:00,0.9504,False,,both,0.9488,0.14,concurrency; imports; network,,False
1936,375,foxminchan/BookWorm,daily-repo-status.md,5,2026-03-29 04:53:48+00:00,0.9504,False,,frontmatter only,1.0,0.38,features,,False
1937,375,foxminchan/BookWorm,daily-repo-status.md,6,2026-05-06 10:19:00+00:00,0.9499,False,,both,0.9973,38.23,,features,False
1938,376,foxminchan/BookWorm,issue-triage.md,1,2026-02-13 07:42:07+00:00,1.0,False,,,,,,,
1939,376,foxminchan/BookWorm,issue-triage.md,2,2026-03-28 16:27:46+00:00,0.941,False,,both,0.941,43.37,timeout-minutes,,False
1940,376,foxminchan/BookWorm,issue-triage.md,3,2026-03-28 19:42:13+00:00,0.7729,False,,both,0.8022,0.14,concurrency; if; imports; network; rate-limit,safe-outputs,False
1941,376,foxminchan/BookWorm,issue-triage.md,4,2026-03-29 04:53:48+00:00,0.7729,False,,frontmatter only,1.0,0.38,features,,False
1942,376,foxminchan/BookWorm,issue-triage.md,5,2026-04-21 13:38:52+00:00,0.7729,False,,frontmatter only,1.0,23.36,,roles,False
1943,376,foxminchan/BookWorm,issue-triage.md,6,2026-05-06 10:19:00+00:00,0.7706,False,,both,0.9891,14.86,,features,False
1944,376,foxminchan/BookWorm,issue-triage.md,7,2026-06-19 04:42:34+00:00,0.7706,False,,frontmatter only,1.0,43.77,user-rate-limit,rate-limit,False
1945,377,foxminchan/BookWorm,pr-triage.md,1,2026-02-13 12:13:47+00:00,1.0,False,,,,,,,
1946,377,foxminchan/BookWorm,pr-triage.md,2,2026-03-14 11:56:57+00:00,0.9872,False,,body only,0.9872,28.99,,,False
1947,377,foxminchan/BookWorm,pr-triage.md,3,2026-03-28 16:27:46+00:00,0.9392,False,,both,0.9515,14.19,timeout-minutes,,False
1948,377,foxminchan/BookWorm,pr-triage.md,4,2026-03-28 19:42:13+00:00,0.8094,False,,both,0.8512,0.14,concurrency; if; imports; network; rate-limit,safe-outputs,False
1949,377,foxminchan/BookWorm,pr-triage.md,5,2026-03-29 04:53:48+00:00,0.8094,False,,frontmatter only,1.0,0.38,features,,False
1950,377,foxminchan/BookWorm,pr-triage.md,6,2026-04-21 13:38:52+00:00,0.8094,False,,frontmatter only,1.0,23.36,,roles,False
1951,377,foxminchan/BookWorm,pr-triage.md,7,2026-05-06 10:19:00+00:00,0.8081,False,,both,0.9935,14.86,,features,False
1952,377,foxminchan/BookWorm,pr-triage.md,8,2026-06-19 04:42:34+00:00,0.8081,False,,frontmatter only,1.0,43.77,user-rate-limit,rate-limit,False
1953,377,foxminchan/BookWorm,pr-triage.md,9,2026-06-26 07:34:36+00:00,0.8024,False,,body only,0.9917,7.12,,,False
1954,378,ohcnetwork/care_fe,daily-playwright-improver.md,1,2026-02-07 22:12:14+00:00,1.0,False,,,,,,,
1955,379,ohcnetwork/care_fe,thank-you-note.md,1,2026-02-07 22:32:19+00:00,1.0,False,,,,,,,
1956,379,ohcnetwork/care_fe,thank-you-note.md,2,2026-02-07 23:13:38+00:00,0.5206,False,,body only,0.5206,0.03,,,False
1957,380,IgniteUI/igniteui-xplat-docs,sync-jp-docs.md,1,2026-03-20 15:38:03+00:00,1.0,False,,,,,,,
1958,380,IgniteUI/igniteui-xplat-docs,sync-jp-docs.md,2,2026-03-23 11:33:29+00:00,1.0,False,,frontmatter only,1.0,2.83,,,False
1959,380,IgniteUI/igniteui-xplat-docs,sync-jp-docs.md,3,2026-03-23 11:48:17+00:00,0.9799,False,,both,0.9799,0.01,,,False
1960,380,IgniteUI/igniteui-xplat-docs,sync-jp-docs.md,4,2026-03-26 09:10:03+00:00,0.9189,False,,body only,0.9199,2.89,,,False
1961,380,IgniteUI/igniteui-xplat-docs,sync-jp-docs.md,5,2026-03-26 12:38:50+00:00,0.9189,False,,frontmatter only,1.0,0.14,,,False
1962,380,IgniteUI/igniteui-xplat-docs,sync-jp-docs.md,6,2026-03-26 12:40:15+00:00,0.9189,False,,frontmatter only,1.0,0.0,,,False
1963,380,IgniteUI/igniteui-xplat-docs,sync-jp-docs.md,7,2026-03-26 13:46:47+00:00,0.9186,False,,body only,0.9871,0.05,,,False
1964,380,IgniteUI/igniteui-xplat-docs,sync-jp-docs.md,8,2026-04-03 13:32:23+00:00,0.886,False,,body only,0.9647,7.99,,,False
1965,381,alexandru/social-publish,code-simplifier.md,1,2026-04-26 16:48:25+00:00,1.0,False,github/gh-aw/.github/workflows/code-simplifier.md@852cb06ad52958b402ed982b69957ffc57ca0619,,,,,,
1966,382,pulumi/ci-mgmt,gh-aw-pr-rereview.md,1,2026-05-11 17:38:59+00:00,1.0,True,pulumi-labs/gh-aw-internal/.github/workflows/gh-aw-pr-rereview.md@8a92f53fac170563f7727cacab2dbedb5d5b9e29,,,,,,
1967,383,pulumi/ci-mgmt,gh-aw-pr-review.md,1,2026-05-11 17:38:59+00:00,1.0,True,pulumi-labs/gh-aw-internal/.github/workflows/gh-aw-pr-review.md@8a92f53fac170563f7727cacab2dbedb5d5b9e29,,,,,,
1968,384,CommunityToolkit/Aspire,aspire-upgrade.md,1,2026-03-12 23:42:48+00:00,1.0,False,,,,,,,
1969,384,CommunityToolkit/Aspire,aspire-upgrade.md,2,2026-03-18 05:53:36+00:00,0.7934,False,,both,0.7934,5.26,engine,concurrency; description,False
1970,384,CommunityToolkit/Aspire,aspire-upgrade.md,3,2026-03-18 05:57:28+00:00,0.8813,False,,body only,0.901,0.0,,,False
1971,384,CommunityToolkit/Aspire,aspire-upgrade.md,4,2026-05-14 05:14:06+00:00,0.8813,False,,body only,1.0,56.97,,,False
1972,384,CommunityToolkit/Aspire,aspire-upgrade.md,5,2026-05-26 00:56:19+00:00,0.8229,False,,body only,0.9277,11.82,,,False
1973,385,popey/slomore,repo-assist.md,1,2026-06-02 16:08:18+00:00,1.0,False,githubnext/agentics/workflows/repo-assist.md@c02eadfca420f2b351f9fcaee883c507a63ca316,,,,,,
1974,385,popey/slomore,repo-assist.md,2,2026-06-04 08:03:59+00:00,1.0,False,githubnext/agentics/workflows/repo-assist.md@c02eadfca420f2b351f9fcaee883c507a63ca316,frontmatter only,1.0,1.66,,,False
1975,385,popey/slomore,repo-assist.md,3,2026-06-04 20:34:29+00:00,1.0,False,githubnext/agentics/workflows/repo-assist.md@c02eadfca420f2b351f9fcaee883c507a63ca316,frontmatter only,1.0,0.52,engine,,False
1976,386,pydantic/pydantic-ai,pydantic-ai-bug-hunter.md,1,2026-05-22 21:20:41+00:00,1.0,True,,,,,,,
1977,386,pydantic/pydantic-ai,pydantic-ai-bug-hunter.md,2,2026-05-25 23:03:48+00:00,1.0,True,,frontmatter only,1.0,3.07,,checkout; engine; network; pre-agent-steps; pre-steps; runtimes,False
1978,386,pydantic/pydantic-ai,pydantic-ai-bug-hunter.md,3,2026-05-27 00:49:04+00:00,1.0,True,,frontmatter only,1.0,1.07,,,False
1979,387,pydantic/pydantic-ai,pydantic-ai-docs-drift.md,1,2026-05-22 21:20:41+00:00,1.0,True,,,,,,,
1980,387,pydantic/pydantic-ai,pydantic-ai-docs-drift.md,2,2026-05-25 23:03:48+00:00,1.0,True,,frontmatter only,1.0,3.07,,checkout; engine; network; pre-agent-steps; pre-steps; runtimes,False
1981,387,pydantic/pydantic-ai,pydantic-ai-docs-drift.md,3,2026-05-27 00:49:04+00:00,1.0,True,,frontmatter only,1.0,1.07,,,False
1982,388,pydantic/pydantic-ai,pydantic-ai-pr-review.md,1,2026-05-22 21:20:41+00:00,1.0,True,,,,,,,
1983,388,pydantic/pydantic-ai,pydantic-ai-pr-review.md,2,2026-05-25 23:03:48+00:00,1.0,True,,frontmatter only,1.0,3.07,,checkout; engine; network; runtimes,False
1984,388,pydantic/pydantic-ai,pydantic-ai-pr-review.md,3,2026-05-27 00:49:04+00:00,1.0,True,,frontmatter only,1.0,1.07,,,False
1985,389,pydantic/pydantic-ai,pydantic-ai-provider-mapping-sweep.md,1,2026-05-22 21:20:41+00:00,1.0,True,,,,,,,
1986,389,pydantic/pydantic-ai,pydantic-ai-provider-mapping-sweep.md,2,2026-05-25 23:03:48+00:00,1.0,True,,frontmatter only,1.0,3.07,,checkout; engine; network; pre-agent-steps; pre-steps; runtimes,False
1987,389,pydantic/pydantic-ai,pydantic-ai-provider-mapping-sweep.md,3,2026-05-27 00:49:04+00:00,1.0,True,,frontmatter only,1.0,1.07,,,False
1988,390,pydantic/pydantic-ai,pydantic-ai-provider-parity-explore.md,1,2026-05-22 21:20:41+00:00,1.0,True,,,,,,,
1989,390,pydantic/pydantic-ai,pydantic-ai-provider-parity-explore.md,2,2026-05-25 23:03:48+00:00,1.0,True,,frontmatter only,1.0,3.07,,checkout; engine; network; pre-agent-steps; pre-steps; runtimes,False
1990,390,pydantic/pydantic-ai,pydantic-ai-provider-parity-explore.md,3,2026-05-27 00:49:04+00:00,1.0,True,,frontmatter only,1.0,1.07,,,False
1991,391,pydantic/pydantic-ai,pydantic-ai-regression-detector.md,1,2026-05-22 21:20:41+00:00,1.0,True,,,,,,,
1992,391,pydantic/pydantic-ai,pydantic-ai-regression-detector.md,2,2026-05-25 23:03:48+00:00,1.0,True,,frontmatter only,1.0,3.07,,checkout; engine; network; pre-agent-steps; pre-steps; runtimes,False
1993,391,pydantic/pydantic-ai,pydantic-ai-regression-detector.md,3,2026-05-27 00:49:04+00:00,1.0,True,,frontmatter only,1.0,1.07,,,False
1994,392,pydantic/pydantic-ai,pydantic-ai-roundtrip-sweep.md,1,2026-05-22 21:20:41+00:00,1.0,True,,,,,,,
1995,392,pydantic/pydantic-ai,pydantic-ai-roundtrip-sweep.md,2,2026-05-25 23:03:48+00:00,1.0,True,,frontmatter only,1.0,3.07,,checkout; engine; network; pre-agent-steps; pre-steps; runtimes,False
1996,392,pydantic/pydantic-ai,pydantic-ai-roundtrip-sweep.md,3,2026-05-27 00:49:04+00:00,1.0,True,,frontmatter only,1.0,1.07,,,False
1997,393,pydantic/pydantic-ai,pydantic-ai-stale-issues-finder.md,1,2026-05-25 23:03:48+00:00,1.0,True,,,,,,,
1998,393,pydantic/pydantic-ai,pydantic-ai-stale-issues-finder.md,2,2026-05-27 00:49:04+00:00,1.0,True,,frontmatter only,1.0,1.07,,,False
1999,394,pydantic/pydantic-ai,pydantic-ai-streaming-resilience-sweep.md,1,2026-05-22 21:20:41+00:00,1.0,True,,,,,,,
2000,394,pydantic/pydantic-ai,pydantic-ai-streaming-resilience-sweep.md,2,2026-05-25 23:03:48+00:00,1.0,True,,frontmatter only,1.0,3.07,,checkout; engine; network; pre-agent-steps; pre-steps; runtimes,False
2001,394,pydantic/pydantic-ai,pydantic-ai-streaming-resilience-sweep.md,3,2026-05-27 00:49:04+00:00,1.0,True,,frontmatter only,1.0,1.07,,,False
2002,395,pydantic/pydantic-ai,pydantic-ai-ui-security-review.md,1,2026-05-22 23:53:59+00:00,1.0,True,,,,,,,
2003,395,pydantic/pydantic-ai,pydantic-ai-ui-security-review.md,2,2026-05-23 02:43:55+00:00,1.0,True,,frontmatter only,1.0,0.12,,,False
2004,395,pydantic/pydantic-ai,pydantic-ai-ui-security-review.md,3,2026-05-25 23:03:48+00:00,1.0,True,,frontmatter only,1.0,2.85,,checkout; engine; network; pre-steps; runtimes,False
2005,395,pydantic/pydantic-ai,pydantic-ai-ui-security-review.md,4,2026-05-27 00:49:04+00:00,1.0,True,,frontmatter only,1.0,1.07,,,False
2006,395,pydantic/pydantic-ai,pydantic-ai-ui-security-review.md,5,2026-06-23 15:06:59+00:00,1.0,True,,frontmatter only,1.0,27.6,,,False
2007,395,pydantic/pydantic-ai,pydantic-ai-ui-security-review.md,6,2026-06-25 20:09:33+00:00,1.0,True,,frontmatter only,1.0,2.21,if,,False
2008,395,pydantic/pydantic-ai,pydantic-ai-ui-security-review.md,7,2026-06-26 22:35:50+00:00,1.0,True,,frontmatter only,1.0,1.1,,,False
2009,396,moeru-ai/airi,pr-triage.md,1,2026-04-04 19:11:13+00:00,1.0,False,,,,,,,
2010,396,moeru-ai/airi,pr-triage.md,2,2026-04-10 17:03:03+00:00,0.9969,False,,both,0.9969,5.91,checkout,,False
2011,396,moeru-ai/airi,pr-triage.md,3,2026-04-12 10:02:58+00:00,0.9969,False,,frontmatter only,1.0,1.71,,,False
2012,396,moeru-ai/airi,pr-triage.md,4,2026-04-13 08:24:15+00:00,0.9088,False,,body only,0.9116,0.93,,,False
2013,397,popey/grummage,repo-assist.md,1,2026-06-02 15:50:55+00:00,1.0,False,githubnext/agentics/workflows/repo-assist.md@c02eadfca420f2b351f9fcaee883c507a63ca316,,,,,,
2014,397,popey/grummage,repo-assist.md,2,2026-06-03 11:26:00+00:00,1.0,False,githubnext/agentics/workflows/repo-assist.md@c02eadfca420f2b351f9fcaee883c507a63ca316,frontmatter only,1.0,0.82,engine; model,,False
2015,397,popey/grummage,repo-assist.md,3,2026-06-03 15:02:22+00:00,1.0,False,githubnext/agentics/workflows/repo-assist.md@c02eadfca420f2b351f9fcaee883c507a63ca316,frontmatter only,1.0,0.15,,,False
2016,397,popey/grummage,repo-assist.md,4,2026-06-04 14:12:48+00:00,1.0,False,githubnext/agentics/workflows/repo-assist.md@c02eadfca420f2b351f9fcaee883c507a63ca316,frontmatter only,1.0,0.97,,model,False
2017,398,bob-collective/bob,openapi-docs-sync.md,1,2026-03-20 17:29:39+00:00,1.0,False,,,,,,,
2018,399,dotnet/macios,ci-postmortem.md,1,2026-05-20 13:40:11+00:00,1.0,False,,,,,,,
2019,399,dotnet/macios,ci-postmortem.md,2,2026-06-04 16:06:18+00:00,1.0,False,,frontmatter only,1.0,15.1,,,False
2020,399,dotnet/macios,ci-postmortem.md,3,2026-06-22 15:43:38+00:00,1.0,False,,frontmatter only,1.0,17.98,,,False
2021,399,dotnet/macios,ci-postmortem.md,4,2026-06-25 09:42:41+00:00,1.0,False,,frontmatter only,1.0,2.75,environment,,False
2022,400,dotnet/macios,code-radiator.md,1,2026-05-07 06:08:21+00:00,1.0,False,,,,,,,
2023,400,dotnet/macios,code-radiator.md,2,2026-05-11 02:47:30+00:00,1.0,False,,frontmatter only,1.0,3.86,concurrency,,False
2024,400,dotnet/macios,code-radiator.md,3,2026-05-13 12:19:19+00:00,1.0,False,,frontmatter only,1.0,2.4,checkout,,False
2025,400,dotnet/macios,code-radiator.md,4,2026-05-14 11:10:59+00:00,1.0,False,,frontmatter only,1.0,0.95,,,False
2026,400,dotnet/macios,code-radiator.md,5,2026-05-27 11:19:42+00:00,1.0,False,,both,1.0,13.01,,,False
2027,400,dotnet/macios,code-radiator.md,6,2026-05-28 16:01:43+00:00,0.8785,False,,both,0.8785,1.2,,,False
2028,400,dotnet/macios,code-radiator.md,7,2026-06-01 11:24:32+00:00,0.8785,False,,frontmatter only,1.0,3.81,,,False
2029,400,dotnet/macios,code-radiator.md,8,2026-06-03 07:33:56+00:00,0.8785,False,,frontmatter only,1.0,1.84,,,False
2030,400,dotnet/macios,code-radiator.md,9,2026-06-04 16:05:37+00:00,0.8785,False,,frontmatter only,1.0,1.36,,,False
2031,400,dotnet/macios,code-radiator.md,10,2026-06-22 14:50:19+00:00,0.7511,False,,both,0.8534,17.95,,,False
2032,400,dotnet/macios,code-radiator.md,11,2026-06-22 15:43:38+00:00,0.7511,False,,frontmatter only,1.0,0.04,,,False
2033,400,dotnet/macios,code-radiator.md,12,2026-06-24 13:26:13+00:00,0.7511,False,,frontmatter only,1.0,1.9,,,False
2034,400,dotnet/macios,code-radiator.md,13,2026-06-25 09:42:41+00:00,0.7511,False,,frontmatter only,1.0,0.84,environment,,False
2035,400,dotnet/macios,code-radiator.md,14,2026-06-25 21:08:16+00:00,0.7264,False,,both,0.9645,0.48,,,False
2036,401,dotnet/macios,macios-reviewer.md,1,2026-04-23 06:11:53+00:00,1.0,False,,,,,,,
2037,401,dotnet/macios,macios-reviewer.md,2,2026-05-07 05:52:32+00:00,0.9235,False,,body only,0.9235,13.99,,,False
2038,401,dotnet/macios,macios-reviewer.md,3,2026-05-11 02:47:30+00:00,0.9235,False,,frontmatter only,1.0,3.87,concurrency,,False
2039,401,dotnet/macios,macios-reviewer.md,4,2026-06-21 11:54:02+00:00,0.966,False,,both,0.9044,41.38,,,False
2040,401,dotnet/macios,macios-reviewer.md,5,2026-06-22 15:43:38+00:00,0.966,False,,frontmatter only,1.0,1.16,,,False
2041,401,dotnet/macios,macios-reviewer.md,6,2026-06-25 09:42:41+00:00,0.966,False,,frontmatter only,1.0,2.75,environment,,False
2042,402,ZSWatch/ZSWatch,docs-pr-analyze.md,1,2026-02-18 12:36:14+00:00,1.0,False,,,,,,,
2043,402,ZSWatch/ZSWatch,docs-pr-analyze.md,2,2026-03-02 21:34:12+00:00,0.9838,False,,both,0.9838,12.37,,,False
2044,403,pulumi/pulumi-okta,gh-aw-pr-rereview.md,1,2026-05-12 07:05:34+00:00,1.0,True,pulumi-labs/gh-aw-internal/.github/workflows/gh-aw-pr-rereview.md@8a92f53fac170563f7727cacab2dbedb5d5b9e29,,,,,,
2045,404,pulumi/pulumi-okta,gh-aw-pr-review.md,1,2026-05-12 07:05:34+00:00,1.0,True,pulumi-labs/gh-aw-internal/.github/workflows/gh-aw-pr-review.md@8a92f53fac170563f7727cacab2dbedb5d5b9e29,,,,,,
2046,405,elastic/opentelemetry-collector-components,pr-review.md,1,2026-02-14 02:16:17+00:00,1.0,False,,,,,,,
2047,406,svenjacobs/lokksmith,update-dependency-matrix.md,1,2026-03-20 08:22:36+00:00,1.0,False,,,,,,,
2048,406,svenjacobs/lokksmith,update-dependency-matrix.md,2,2026-03-20 10:13:37+00:00,0.9812,False,,body only,0.9812,0.08,,,False
2049,406,svenjacobs/lokksmith,update-dependency-matrix.md,3,2026-06-09 13:36:33+00:00,0.9812,False,,frontmatter only,1.0,81.14,,,False
2050,407,czlonkowski/n8n-mcp,issue-triage.md,1,2026-04-27 13:54:10+00:00,1.0,False,githubnext/agentics/workflows/issue-triage.md@13377ddf7e35c2b6e47aa58f45acb228fba902c8,,,,,,
2051,407,czlonkowski/n8n-mcp,issue-triage.md,2,2026-04-27 14:34:14+00:00,1.0,False,githubnext/agentics/workflows/issue-triage.md@13377ddf7e35c2b6e47aa58f45acb228fba902c8,frontmatter only,1.0,0.03,,,False
2052,408,github/awesome-copilot,cli-for-beginners-sync.md,1,2026-03-25 22:03:21+00:00,1.0,False,,,,,,,
2053,408,github/awesome-copilot,cli-for-beginners-sync.md,2,2026-04-09 00:22:38+00:00,0.9852,False,,body only,0.9852,14.1,,,False
2054,408,github/awesome-copilot,cli-for-beginners-sync.md,3,2026-05-11 01:29:18+00:00,0.97,False,,both,0.9847,32.05,,,False
2055,408,github/awesome-copilot,cli-for-beginners-sync.md,4,2026-06-25 04:36:53+00:00,0.9756,False,,both,0.988,45.13,,,False
2056,409,github/awesome-copilot,codeowner-update.md,1,2026-03-03 23:22:10+00:00,1.0,False,,,,,,,
2057,409,github/awesome-copilot,codeowner-update.md,2,2026-03-04 01:30:58+00:00,1.0,False,,frontmatter only,1.0,0.09,,,False
2058,409,github/awesome-copilot,codeowner-update.md,3,2026-03-04 02:21:41+00:00,1.0,False,,frontmatter only,1.0,0.04,,,False
2059,409,github/awesome-copilot,codeowner-update.md,4,2026-03-04 02:35:03+00:00,1.0,False,,frontmatter only,1.0,0.01,,,False
2060,409,github/awesome-copilot,codeowner-update.md,5,2026-04-15 22:57:55+00:00,1.0,False,,frontmatter only,1.0,42.85,,,False
2061,409,github/awesome-copilot,codeowner-update.md,6,2026-06-25 04:36:53+00:00,0.9956,False,,both,0.9956,70.24,,,False
2062,410,github/awesome-copilot,duplicate-resource-detector.md,1,2026-02-19 04:43:54+00:00,1.0,False,,,,,,,
2063,410,github/awesome-copilot,duplicate-resource-detector.md,2,2026-02-26 23:20:13+00:00,0.9575,False,,both,0.9575,7.78,,,False
2064,411,github/awesome-copilot,learning-hub-updater.md,1,2026-03-17 03:18:58+00:00,1.0,False,,,,,,,
2065,411,github/awesome-copilot,learning-hub-updater.md,2,2026-03-19 04:45:27+00:00,0.9771,False,,both,0.9771,2.06,,allowed-domains,False
2066,411,github/awesome-copilot,learning-hub-updater.md,3,2026-03-27 04:46:56+00:00,0.9525,False,,body only,0.9748,8.0,,,False
2067,411,github/awesome-copilot,learning-hub-updater.md,4,2026-06-23 01:25:54+00:00,0.9525,False,,frontmatter only,1.0,87.86,permissions,,False
2068,411,github/awesome-copilot,learning-hub-updater.md,5,2026-06-25 04:36:53+00:00,0.9572,False,,both,0.9896,2.13,,,False
2069,412,github/awesome-copilot,pr-duplicate-check.md,1,2026-03-12 22:42:56+00:00,1.0,False,,,,,,,
2070,412,github/awesome-copilot,pr-duplicate-check.md,2,2026-03-13 01:25:46+00:00,1.0,False,,frontmatter only,1.0,0.11,,,False
2071,412,github/awesome-copilot,pr-duplicate-check.md,3,2026-03-23 04:29:43+00:00,1.0,False,,frontmatter only,1.0,10.13,,,False
2072,413,github/awesome-copilot,resource-staleness-report.md,1,2026-02-18 23:19:17+00:00,1.0,False,,,,,,,
2073,413,github/awesome-copilot,resource-staleness-report.md,2,2026-05-15 06:33:29+00:00,0.7674,False,,body only,0.7674,85.3,,,False
2074,414,pulumi/pulumi-cloudinit,gh-aw-pr-rereview.md,1,2026-05-12 06:22:12+00:00,1.0,True,pulumi-labs/gh-aw-internal/.github/workflows/gh-aw-pr-rereview.md@8a92f53fac170563f7727cacab2dbedb5d5b9e29,,,,,,
2075,415,pulumi/pulumi-cloudinit,gh-aw-pr-review.md,1,2026-05-12 06:22:12+00:00,1.0,True,pulumi-labs/gh-aw-internal/.github/workflows/gh-aw-pr-review.md@8a92f53fac170563f7727cacab2dbedb5d5b9e29,,,,,,
2076,416,pulumi/pulumi-fastly,gh-aw-pr-rereview.md,1,2026-05-12 06:37:05+00:00,1.0,True,pulumi-labs/gh-aw-internal/.github/workflows/gh-aw-pr-rereview.md@8a92f53fac170563f7727cacab2dbedb5d5b9e29,,,,,,
2077,417,pulumi/pulumi-fastly,gh-aw-pr-review.md,1,2026-05-12 06:37:05+00:00,1.0,True,pulumi-labs/gh-aw-internal/.github/workflows/gh-aw-pr-review.md@8a92f53fac170563f7727cacab2dbedb5d5b9e29,,,,,,
2078,418,microsoft/wassette,changelog-fragment.md,1,2025-11-02 18:06:05+00:00,1.0,False,,,,,,,
2079,418,microsoft/wassette,changelog-fragment.md,2,2025-11-02 23:51:15+00:00,1.0,False,,frontmatter only,1.0,0.24,roles,,False
2080,419,microsoft/wassette,changelog-pr-link.md,1,2025-10-22 06:07:20+00:00,1.0,False,,,,,,,
2081,420,microsoft/wassette,ci-doctor.md,1,2025-10-09 01:08:25+00:00,1.0,False,,,,,,,
2082,421,microsoft/wassette,issue-triage.md,1,2025-10-03 20:05:08+00:00,1.0,False,,,,,,,
2083,421,microsoft/wassette,issue-triage.md,2,2025-10-22 03:17:53+00:00,0.8903,False,,both,0.8903,18.3,roles,,False
2084,422,microsoft/wassette,plan.md,1,2025-11-12 06:26:09+00:00,1.0,False,,,,,,,
2085,423,microsoft/wassette,pr-triage.md,1,2025-10-22 06:06:27+00:00,1.0,False,,,,,,,
2086,423,microsoft/wassette,pr-triage.md,2,2025-11-14 04:59:46+00:00,1.0,False,,frontmatter only,1.0,22.95,,network,False
2087,424,microsoft/wassette,release-doctor.md,1,2025-11-02 23:53:32+00:00,1.0,False,,,,,,,
2088,425,microsoft/wassette,scout.md,1,2025-10-08 21:59:28+00:00,1.0,False,,,,,,,
2089,426,kaito-project/aikit,daily-test-improver.md,1,2025-10-24 21:55:28+00:00,1.0,False,githubnext/agentics/workflows/daily-test-improver.md@bf8d330e628f2c235cd9304310156bdbbfa61123,,,,,,
2090,427,kaito-project/aikit,issue-triage.md,1,2025-10-24 18:03:50+00:00,1.0,False,githubnext/agentics/workflows/issue-triage.md@1f181b37d3fe5862ab590648f25a292e345b5de6,,,,,,
2091,427,kaito-project/aikit,issue-triage.md,2,2025-10-24 20:22:33+00:00,0.9746,False,githubnext/agentics/workflows/issue-triage.md@bf8d330e628f2c235cd9304310156bdbbfa61123,both,0.9746,0.1,,,True
2092,428,Azure/AppConfiguration-KubernetesProvider,issue-triage.md,1,2026-03-05 06:35:15+00:00,1.0,False,,,,,,,
2093,429,githubnext/agentics,daily-repo-goals.md,1,2026-02-13 01:55:08+00:00,1.0,False,,,,,,,
2094,429,githubnext/agentics,daily-repo-goals.md,2,2026-02-13 03:28:32+00:00,0.9941,False,,both,0.9941,0.06,engine,,False
2095,429,githubnext/agentics,daily-repo-goals.md,3,2026-02-17 22:19:51+00:00,0.8113,False,,both,0.8161,4.79,,,False
2096,429,githubnext/agentics,daily-repo-goals.md,4,2026-02-18 00:01:06+00:00,0.7912,False,,body only,0.9716,0.07,,,False
2097,429,githubnext/agentics,daily-repo-goals.md,5,2026-02-24 03:48:05+00:00,0.7912,False,,body only,1.0,6.16,,,False
2098,429,githubnext/agentics,daily-repo-goals.md,6,2026-02-24 04:16:22+00:00,0.7912,False,,frontmatter only,1.0,0.02,,engine,False
2099,429,githubnext/agentics,daily-repo-goals.md,7,2026-03-08 22:30:44+00:00,0.7912,False,,frontmatter only,1.0,12.76,,,False
2100,429,githubnext/agentics,daily-repo-goals.md,8,2026-05-08 20:56:58+00:00,0.7929,False,,body only,0.998,60.93,,,False
2101,429,githubnext/agentics,daily-repo-goals.md,9,2026-06-26 05:45:50+00:00,0.7929,False,,frontmatter only,1.0,48.37,,,False
2102,430,githubnext/agentics,daily-workflow-sync.md,1,2025-12-09 17:48:57+00:00,1.0,False,,,,,,,
2103,430,githubnext/agentics,daily-workflow-sync.md,2,2026-02-03 00:31:39+00:00,0.9633,False,,both,0.9633,55.28,,,False
2104,430,githubnext/agentics,daily-workflow-sync.md,3,2026-02-14 22:14:08+00:00,0.9633,False,,frontmatter only,1.0,11.9,,,False
2105,430,githubnext/agentics,daily-workflow-sync.md,4,2026-02-20 12:58:47+00:00,0.9633,False,,frontmatter only,1.0,5.61,,,False
2106,430,githubnext/agentics,daily-workflow-sync.md,5,2026-02-24 04:16:22+00:00,0.9633,False,,frontmatter only,1.0,3.64,,engine,False
2107,430,githubnext/agentics,daily-workflow-sync.md,6,2026-03-03 05:13:03+00:00,0.9633,False,,frontmatter only,1.0,7.04,,,False
2108,430,githubnext/agentics,daily-workflow-sync.md,7,2026-03-08 22:30:44+00:00,0.9633,False,,frontmatter only,1.0,5.72,,,False
2109,430,githubnext/agentics,daily-workflow-sync.md,8,2026-05-27 17:04:32+00:00,0.9633,False,,frontmatter only,1.0,79.77,,,False
2110,430,githubnext/agentics,daily-workflow-sync.md,9,2026-06-19 16:52:27+00:00,0.9633,False,,frontmatter only,1.0,22.99,,,False
2111,430,githubnext/agentics,daily-workflow-sync.md,10,2026-06-26 05:45:50+00:00,0.9633,False,,frontmatter only,1.0,6.54,,,False
2112,431,githubnext/agentics,import-workflow.md,1,2026-02-17 04:14:13+00:00,1.0,False,,,,,,,
2113,431,githubnext/agentics,import-workflow.md,2,2026-02-17 04:17:30+00:00,1.0,False,,frontmatter only,1.0,0.0,,,False
2114,431,githubnext/agentics,import-workflow.md,3,2026-02-17 18:54:15+00:00,0.9923,False,,body only,0.9923,0.61,,,False
2115,431,githubnext/agentics,import-workflow.md,4,2026-02-17 22:12:56+00:00,0.8899,False,,body only,0.8939,0.14,,,False
2116,431,githubnext/agentics,import-workflow.md,5,2026-02-24 03:48:05+00:00,0.8899,False,,body only,1.0,6.23,,,False
2117,431,githubnext/agentics,import-workflow.md,6,2026-03-08 22:30:44+00:00,0.8899,False,,frontmatter only,1.0,12.78,,,False
2118,431,githubnext/agentics,import-workflow.md,7,2026-06-26 05:45:50+00:00,0.8899,False,,frontmatter only,1.0,109.3,,,False
2119,432,githubnext/agentics,link-checker.md,1,2026-02-17 04:18:47+00:00,1.0,False,,,,,,,
2120,432,githubnext/agentics,link-checker.md,2,2026-02-20 12:58:47+00:00,1.0,False,,frontmatter only,1.0,3.36,,,False
2121,432,githubnext/agentics,link-checker.md,3,2026-03-08 22:30:44+00:00,1.0,False,,frontmatter only,1.0,16.4,,,False
2122,432,githubnext/agentics,link-checker.md,4,2026-06-19 16:52:27+00:00,1.0,False,,frontmatter only,1.0,102.77,,,False
2123,432,githubnext/agentics,link-checker.md,5,2026-06-26 05:27:34+00:00,0.9884,False,,both,0.9884,6.52,,,False
2124,432,githubnext/agentics,link-checker.md,6,2026-06-26 05:45:50+00:00,0.9884,False,,frontmatter only,1.0,0.01,,,False
2125,433,githubnext/agentics,maintainer.md,1,2025-10-22 18:14:56+00:00,1.0,False,,,,,,,
2126,433,githubnext/agentics,maintainer.md,2,2025-10-22 19:04:38+00:00,1.0,False,,frontmatter only,1.0,0.03,engine,,False
2127,433,githubnext/agentics,maintainer.md,3,2025-10-29 17:44:06+00:00,1.0,False,,frontmatter only,1.0,6.94,,,False
2128,433,githubnext/agentics,maintainer.md,4,2025-11-07 03:09:31+00:00,1.0,False,,frontmatter only,1.0,8.39,,,False
2129,433,githubnext/agentics,maintainer.md,5,2025-11-14 00:48:07+00:00,1.0,False,,frontmatter only,1.0,6.9,timeout-minutes,timeout_minutes,False
2130,433,githubnext/agentics,maintainer.md,6,2026-01-05 20:59:56+00:00,0.8752,False,,body only,0.8752,52.84,,,False
2131,433,githubnext/agentics,maintainer.md,7,2026-02-03 00:31:39+00:00,0.8687,False,,both,0.9951,28.15,,,False
2132,433,githubnext/agentics,maintainer.md,8,2026-02-20 12:58:47+00:00,0.8687,False,,frontmatter only,1.0,17.52,,,False
2133,433,githubnext/agentics,maintainer.md,9,2026-02-26 12:54:28+00:00,0.8687,False,,frontmatter only,1.0,6.0,,engine,False
2134,433,githubnext/agentics,maintainer.md,10,2026-03-08 22:30:44+00:00,0.8687,False,,frontmatter only,1.0,10.4,,,False
2135,433,githubnext/agentics,maintainer.md,11,2026-06-19 16:52:27+00:00,0.8687,False,,frontmatter only,1.0,102.77,,,False
2136,433,githubnext/agentics,maintainer.md,12,2026-06-26 05:45:50+00:00,0.8687,False,,frontmatter only,1.0,6.54,,,False
2137,434,microsoft/mcp,doc-gap-detector.md,1,2026-05-06 21:16:07+00:00,1.0,False,,,,,,,
2138,434,microsoft/mcp,doc-gap-detector.md,2,2026-05-19 20:57:49+00:00,0.995,False,,body only,0.995,12.99,,,False
2139,435,MiguelElGallo/mpzsql,code-simplifier.md,1,2026-03-15 09:18:28+00:00,1.0,False,github/gh-aw/.github/workflows/code-simplifier.md@852cb06ad52958b402ed982b69957ffc57ca0619,,,,,,
2140,435,MiguelElGallo/mpzsql,code-simplifier.md,2,2026-04-14 05:36:19+00:00,1.0,False,github/gh-aw/.github/workflows/code-simplifier.md@852cb06ad52958b402ed982b69957ffc57ca0619,frontmatter only,1.0,29.85,,,False
2141,436,fideus-labs/ngff-zarr,daily-doc-updater.md,1,2026-03-02 20:05:42+00:00,1.0,False,github/gh-aw/.github/workflows/daily-doc-updater.md@33cd6c7f1fee588654ef19def2e6a4174be66197,,,,,,
2142,436,fideus-labs/ngff-zarr,daily-doc-updater.md,2,2026-03-02 20:50:25+00:00,1.0,False,github/gh-aw/.github/workflows/daily-doc-updater.md@33cd6c7f1fee588654ef19def2e6a4174be66197,frontmatter only,1.0,0.03,,,False
2143,436,fideus-labs/ngff-zarr,daily-doc-updater.md,3,2026-05-27 21:35:17+00:00,0.7245,False,github/gh-aw/.github/workflows/daily-doc-updater.md@51c1a43172d27e586e271e615a0f63da36d87654,both,0.7245,86.03,emoji; imports,,True
2144,436,fideus-labs/ngff-zarr,daily-doc-updater.md,4,2026-06-02 17:27:40+00:00,0.7245,False,github/gh-aw/.github/workflows/daily-doc-updater.md@51c1a43172d27e586e271e615a0f63da36d87654,frontmatter only,1.0,5.83,,,False
2145,436,fideus-labs/ngff-zarr,daily-doc-updater.md,5,2026-06-17 15:04:26+00:00,0.7245,False,github/gh-aw/.github/workflows/daily-doc-updater.md@51c1a43172d27e586e271e615a0f63da36d87654,frontmatter only,1.0,14.9,,,False
2146,437,fideus-labs/ngff-zarr,daily-repo-status.md,1,2026-02-17 21:05:33+00:00,1.0,False,githubnext/agentics/workflows/daily-repo-status.md@6d161046e38a40d68f8891b27ea86719956b550c,,,,,,
2147,437,fideus-labs/ngff-zarr,daily-repo-status.md,2,2026-02-21 17:24:45+00:00,1.0,False,githubnext/agentics/workflows/daily-repo-status.md@6d161046e38a40d68f8891b27ea86719956b550c,frontmatter only,1.0,3.85,,,False
2148,437,fideus-labs/ngff-zarr,daily-repo-status.md,3,2026-02-25 13:05:35+00:00,1.0,False,githubnext/agentics/workflows/daily-repo-status.md@6d161046e38a40d68f8891b27ea86719956b550c,frontmatter only,1.0,3.82,,,False
2149,437,fideus-labs/ngff-zarr,daily-repo-status.md,4,2026-05-27 21:35:17+00:00,0.9928,False,githubnext/agentics/workflows/repo-status.md@main,both,0.9928,91.35,,engine,True
2150,437,fideus-labs/ngff-zarr,daily-repo-status.md,5,2026-06-17 13:22:28+00:00,0.9928,False,githubnext/agentics/workflows/repo-status.md@main,frontmatter only,1.0,20.66,engine,,False
2151,437,fideus-labs/ngff-zarr,daily-repo-status.md,6,2026-06-25 17:54:15+00:00,0.8097,False,githubnext/agentics/workflows/repo-status.md@main,body only,0.8156,8.19,,,False
2152,438,tosin2013/mcp-adr-analysis-server,ai-executor-integration.md,1,2026-02-16 16:07:01+00:00,1.0,False,,,,,,,
2153,438,tosin2013/mcp-adr-analysis-server,ai-executor-integration.md,2,2026-02-17 14:33:13+00:00,0.875,False,,body only,0.875,0.93,,,False
2154,438,tosin2013/mcp-adr-analysis-server,ai-executor-integration.md,3,2026-03-16 17:48:59+00:00,0.875,False,,frontmatter only,1.0,27.14,network,,False
2155,439,tosin2013/mcp-adr-analysis-server,ai-release-notes-agent.md,1,2026-02-16 16:07:01+00:00,1.0,False,,,,,,,
2156,440,tosin2013/mcp-adr-analysis-server,ci-doctor.md,1,2026-02-16 16:07:01+00:00,1.0,False,,,,,,,
2157,441,tosin2013/mcp-adr-analysis-server,dependabot-bundler.md,1,2026-02-16 16:07:01+00:00,1.0,False,,,,,,,
2158,441,tosin2013/mcp-adr-analysis-server,dependabot-bundler.md,2,2026-02-20 00:13:55+00:00,1.0,False,,frontmatter only,1.0,3.34,,,False
2159,442,tosin2013/mcp-adr-analysis-server,deployment-pattern-validation.md,1,2026-02-16 16:07:01+00:00,1.0,False,,,,,,,
2160,442,tosin2013/mcp-adr-analysis-server,deployment-pattern-validation.md,2,2026-02-16 18:29:58+00:00,0.8848,False,,body only,0.8848,0.1,,,False
2161,442,tosin2013/mcp-adr-analysis-server,deployment-pattern-validation.md,3,2026-03-16 17:48:59+00:00,0.8848,False,,frontmatter only,1.0,27.97,network,,False
2162,443,tosin2013/mcp-adr-analysis-server,docs-noob-tester.md,1,2026-02-16 16:07:01+00:00,1.0,False,,,,,,,
2163,443,tosin2013/mcp-adr-analysis-server,docs-noob-tester.md,2,2026-02-20 00:13:55+00:00,1.0,False,,frontmatter only,1.0,3.34,,,False
2164,443,tosin2013/mcp-adr-analysis-server,docs-noob-tester.md,3,2026-02-20 19:15:56+00:00,0.8218,False,,body only,0.8218,0.79,,,False
2165,443,tosin2013/mcp-adr-analysis-server,docs-noob-tester.md,4,2026-03-16 17:28:09+00:00,0.7049,False,,both,0.801,23.93,,,False
2166,443,tosin2013/mcp-adr-analysis-server,docs-noob-tester.md,5,2026-03-16 17:48:59+00:00,0.7049,False,,frontmatter only,1.0,0.01,network,,False
2167,444,tosin2013/mcp-adr-analysis-server,docs-site-validator.md,1,2026-02-16 16:24:31+00:00,1.0,False,,,,,,,
2168,444,tosin2013/mcp-adr-analysis-server,docs-site-validator.md,2,2026-02-20 00:13:55+00:00,1.0,False,,frontmatter only,1.0,3.33,,,False
2169,444,tosin2013/mcp-adr-analysis-server,docs-site-validator.md,3,2026-02-20 19:15:56+00:00,0.9109,False,,body only,0.9109,0.79,,,False
2170,444,tosin2013/mcp-adr-analysis-server,docs-site-validator.md,4,2026-04-19 18:26:37+00:00,0.9109,False,,frontmatter only,1.0,57.97,,,False
2171,445,tosin2013/mcp-adr-analysis-server,esm-module-validation.md,1,2026-02-16 16:07:01+00:00,1.0,False,,,,,,,
2172,445,tosin2013/mcp-adr-analysis-server,esm-module-validation.md,2,2026-03-16 17:48:59+00:00,1.0,False,,frontmatter only,1.0,28.07,network,,False
2173,446,tosin2013/mcp-adr-analysis-server,knowledge-graph-validation.md,1,2026-02-16 16:07:01+00:00,1.0,False,,,,,,,
2174,446,tosin2013/mcp-adr-analysis-server,knowledge-graph-validation.md,2,2026-02-16 18:44:11+00:00,0.9177,False,,body only,0.9177,0.11,,,False
2175,446,tosin2013/mcp-adr-analysis-server,knowledge-graph-validation.md,3,2026-03-16 17:48:59+00:00,0.9177,False,,frontmatter only,1.0,27.96,network,,False
2176,447,tosin2013/mcp-adr-analysis-server,mcp-server-validation.md,1,2026-02-16 16:07:01+00:00,1.0,False,,,,,,,
2177,447,tosin2013/mcp-adr-analysis-server,mcp-server-validation.md,2,2026-02-16 18:44:11+00:00,0.849,False,,body only,0.849,0.11,,,False
2178,447,tosin2013/mcp-adr-analysis-server,mcp-server-validation.md,3,2026-02-20 14:57:45+00:00,0.8324,False,,body only,0.9858,3.84,,,False
2179,447,tosin2013/mcp-adr-analysis-server,mcp-server-validation.md,4,2026-03-16 17:48:59+00:00,0.8324,False,,frontmatter only,1.0,24.12,network,,False
2180,448,tosin2013/mcp-adr-analysis-server,mcp-tool-checker.md,1,2026-02-16 16:07:01+00:00,1.0,False,,,,,,,
2181,448,tosin2013/mcp-adr-analysis-server,mcp-tool-checker.md,2,2026-02-20 00:13:55+00:00,1.0,False,,frontmatter only,1.0,3.34,,,False
2182,448,tosin2013/mcp-adr-analysis-server,mcp-tool-checker.md,3,2026-02-20 14:57:45+00:00,0.9946,False,,body only,0.9946,0.61,,,False
2183,448,tosin2013/mcp-adr-analysis-server,mcp-tool-checker.md,4,2026-03-16 17:48:59+00:00,0.9946,False,,frontmatter only,1.0,24.12,network,,False
2184,449,pulumi/pulumi-rabbitmq,gh-aw-pr-rereview.md,1,2026-05-12 07:07:44+00:00,1.0,True,pulumi-labs/gh-aw-internal/.github/workflows/gh-aw-pr-rereview.md@8a92f53fac170563f7727cacab2dbedb5d5b9e29,,,,,,
2185,450,pulumi/pulumi-rabbitmq,gh-aw-pr-review.md,1,2026-05-12 07:07:44+00:00,1.0,True,pulumi-labs/gh-aw-internal/.github/workflows/gh-aw-pr-review.md@8a92f53fac170563f7727cacab2dbedb5d5b9e29,,,,,,
2186,451,kubestellar/docs,daily-team-status.md,1,2025-12-03 19:22:35+00:00,1.0,False,githubnext/agentics/workflows/daily-team-status.md@3d982b164c8c2a65fc8da744c2c997044375c44d,,,,,,
2187,451,kubestellar/docs,daily-team-status.md,2,2025-12-03 21:38:16+00:00,1.0,False,githubnext/agentics/workflows/daily-team-status.md@3d982b164c8c2a65fc8da744c2c997044375c44d,frontmatter only,1.0,0.09,sandbox,,False
2188,451,kubestellar/docs,daily-team-status.md,3,2025-12-05 09:21:52+00:00,1.0,False,githubnext/agentics/workflows/daily-team-status.md@3d982b164c8c2a65fc8da744c2c997044375c44d,no change,1.0,1.49,,,False
2189,451,kubestellar/docs,daily-team-status.md,4,2026-05-04 15:11:48+00:00,1.0,False,githubnext/agentics/workflows/daily-team-status.md@3d982b164c8c2a65fc8da744c2c997044375c44d,frontmatter only,1.0,150.24,,,False
2190,451,kubestellar/docs,daily-team-status.md,5,2026-06-16 15:51:04+00:00,1.0,False,githubnext/agentics/workflows/daily-team-status.md@3d982b164c8c2a65fc8da744c2c997044375c44d,frontmatter only,1.0,43.03,,,False
2191,452,kubestellar/docs,devstats.md,1,2025-12-16 19:44:32+00:00,1.0,False,githubnext/agentics/workflows/daily-team-status.md@3d982b164c8c2a65fc8da744c2c997044375c44d,,,,,,
2192,452,kubestellar/docs,devstats.md,2,2026-05-04 15:11:48+00:00,1.0,False,githubnext/agentics/workflows/daily-team-status.md@3d982b164c8c2a65fc8da744c2c997044375c44d,frontmatter only,1.0,138.81,,,False
2193,452,kubestellar/docs,devstats.md,3,2026-06-16 15:51:04+00:00,1.0,False,githubnext/agentics/workflows/daily-team-status.md@3d982b164c8c2a65fc8da744c2c997044375c44d,frontmatter only,1.0,43.03,,,False
2194,453,kubestellar/docs,link-checker.md,1,2026-03-10 01:54:58+00:00,1.0,False,,,,,,,
2195,453,kubestellar/docs,link-checker.md,2,2026-03-10 02:01:43+00:00,0.7655,False,,both,0.7655,0.0,,,False
2196,453,kubestellar/docs,link-checker.md,3,2026-03-10 02:54:15+00:00,0.7655,False,,frontmatter only,1.0,0.04,,,False
2197,453,kubestellar/docs,link-checker.md,4,2026-05-03 01:55:27+00:00,0.7655,False,,frontmatter only,1.0,53.96,,,False
2198,453,kubestellar/docs,link-checker.md,5,2026-05-04 15:11:48+00:00,0.7655,False,,frontmatter only,1.0,1.55,,,False
2199,453,kubestellar/docs,link-checker.md,6,2026-05-11 07:29:34+00:00,0.7605,False,,body only,0.9943,6.68,,,False
2200,453,kubestellar/docs,link-checker.md,7,2026-06-17 13:28:07+00:00,0.6187,False,,body only,0.7986,37.25,,,False
2201,454,kubestellar/docs,maintainer-metrics.md,1,2025-12-10 01:16:31+00:00,1.0,False,,,,,,,
2202,454,kubestellar/docs,maintainer-metrics.md,2,2025-12-20 17:47:19+00:00,1.0,False,,both,1.0,10.69,,,False
2203,454,kubestellar/docs,maintainer-metrics.md,3,2026-02-09 18:34:31+00:00,0.9829,False,,both,0.9829,51.03,,,False
2204,454,kubestellar/docs,maintainer-metrics.md,4,2026-04-01 00:47:52+00:00,0.9781,False,,both,0.9959,50.26,,,False
2205,454,kubestellar/docs,maintainer-metrics.md,5,2026-04-01 00:52:10+00:00,0.9749,False,,both,0.9982,0.0,,,False
2206,454,kubestellar/docs,maintainer-metrics.md,6,2026-04-01 00:54:20+00:00,0.9702,False,,both,0.998,0.0,,,False
2207,454,kubestellar/docs,maintainer-metrics.md,7,2026-05-11 07:29:34+00:00,0.9702,False,,body only,1.0,40.27,,,False
2208,454,kubestellar/docs,maintainer-metrics.md,8,2026-05-28 07:53:27+00:00,0.967,False,,body only,0.9967,17.02,,,False
2209,455,kubestellar/docs,technical-doc-writer.md,1,2025-12-16 19:44:32+00:00,1.0,False,,,,,,,
2210,455,kubestellar/docs,technical-doc-writer.md,2,2025-12-16 19:46:22+00:00,1.0,False,,frontmatter only,1.0,0.0,,,False
2211,455,kubestellar/docs,technical-doc-writer.md,3,2025-12-16 20:10:27+00:00,1.0,False,,frontmatter only,1.0,0.02,if,,False
2212,455,kubestellar/docs,technical-doc-writer.md,4,2025-12-16 20:24:11+00:00,1.0,False,,frontmatter only,1.0,0.01,,,False
2213,455,kubestellar/docs,technical-doc-writer.md,5,2025-12-16 20:33:17+00:00,1.0,False,,frontmatter only,1.0,0.01,,,False
2214,455,kubestellar/docs,technical-doc-writer.md,6,2025-12-16 20:34:00+00:00,0.9749,False,,both,0.9749,0.0,,,False
2215,455,kubestellar/docs,technical-doc-writer.md,7,2025-12-20 17:47:19+00:00,0.9749,False,,body only,1.0,3.88,,,False
2216,455,kubestellar/docs,technical-doc-writer.md,8,2026-05-04 15:11:48+00:00,0.9749,False,,frontmatter only,1.0,134.89,,,False
2217,456,kubestellar/docs,typo-checker.md,1,2026-03-10 01:54:58+00:00,1.0,False,,,,,,,
2218,456,kubestellar/docs,typo-checker.md,2,2026-03-10 02:01:43+00:00,0.8071,False,,both,0.8071,0.0,,,False
2219,456,kubestellar/docs,typo-checker.md,3,2026-05-03 01:55:27+00:00,0.8071,False,,frontmatter only,1.0,54.0,,,False
2220,456,kubestellar/docs,typo-checker.md,4,2026-05-04 15:11:48+00:00,0.8071,False,,frontmatter only,1.0,1.55,,,False
2221,456,kubestellar/docs,typo-checker.md,5,2026-05-21 07:58:44+00:00,0.778,False,,body only,0.9604,16.7,,,False
2222,457,drehelis/gcp-emulator-ui,check-emulator-updates.md,1,2026-02-20 13:17:53+00:00,1.0,False,,,,,,,
2223,457,drehelis/gcp-emulator-ui,check-emulator-updates.md,2,2026-02-20 13:46:26+00:00,1.0,False,,frontmatter only,1.0,0.02,engine,,False
2224,457,drehelis/gcp-emulator-ui,check-emulator-updates.md,3,2026-02-20 13:59:43+00:00,0.9318,False,,both,0.9318,0.01,,,False
2225,457,drehelis/gcp-emulator-ui,check-emulator-updates.md,4,2026-02-20 17:18:19+00:00,0.8255,False,,both,0.8448,0.14,,,False
2226,457,drehelis/gcp-emulator-ui,check-emulator-updates.md,5,2026-02-20 21:29:06+00:00,0.6664,False,,both,0.8157,0.17,,,False
2227,457,drehelis/gcp-emulator-ui,check-emulator-updates.md,6,2026-02-21 07:54:06+00:00,0.6439,False,,both,0.967,0.43,,,False
2228,457,drehelis/gcp-emulator-ui,check-emulator-updates.md,7,2026-02-22 20:55:02+00:00,0.6554,False,,both,0.9351,1.54,,,False
2229,457,drehelis/gcp-emulator-ui,check-emulator-updates.md,8,2026-03-05 05:43:46+00:00,0.6578,False,,body only,0.9875,10.37,,,False
2230,457,drehelis/gcp-emulator-ui,check-emulator-updates.md,9,2026-03-08 21:12:31+00:00,0.633,False,,body only,0.9517,3.64,,,False
2231,457,drehelis/gcp-emulator-ui,check-emulator-updates.md,10,2026-04-05 21:00:21+00:00,0.633,False,,frontmatter only,1.0,27.99,,,False
2232,457,drehelis/gcp-emulator-ui,check-emulator-updates.md,11,2026-04-05 21:12:47+00:00,0.633,False,,frontmatter only,1.0,0.01,,,False
2233,457,drehelis/gcp-emulator-ui,check-emulator-updates.md,12,2026-04-08 14:51:23+00:00,0.633,False,,frontmatter only,1.0,2.74,,,False
2234,457,drehelis/gcp-emulator-ui,check-emulator-updates.md,13,2026-04-11 13:04:55+00:00,0.633,False,,frontmatter only,1.0,2.93,,,False
2235,457,drehelis/gcp-emulator-ui,check-emulator-updates.md,14,2026-04-12 12:14:33+00:00,0.633,False,,frontmatter only,1.0,0.97,,,False
2236,457,drehelis/gcp-emulator-ui,check-emulator-updates.md,15,2026-06-05 20:29:31+00:00,0.633,False,,frontmatter only,1.0,54.34,,,False
2237,457,drehelis/gcp-emulator-ui,check-emulator-updates.md,16,2026-06-09 11:07:22+00:00,0.633,False,,frontmatter only,1.0,3.61,,,False
2238,457,drehelis/gcp-emulator-ui,check-emulator-updates.md,17,2026-06-13 05:58:12+00:00,0.6206,False,,both,0.9316,3.79,,,False
2239,457,drehelis/gcp-emulator-ui,check-emulator-updates.md,18,2026-06-13 06:07:03+00:00,0.6206,False,,frontmatter only,1.0,0.01,,,False
2240,457,drehelis/gcp-emulator-ui,check-emulator-updates.md,19,2026-06-13 06:23:27+00:00,0.6206,False,,frontmatter only,1.0,0.01,,,False
2241,457,drehelis/gcp-emulator-ui,check-emulator-updates.md,20,2026-06-13 07:35:42+00:00,0.5928,False,,both,0.955,0.05,,,False
2242,458,pulumi/pulumi-rancher2,gh-aw-pr-rereview.md,1,2026-05-12 07:09:59+00:00,1.0,True,pulumi-labs/gh-aw-internal/.github/workflows/gh-aw-pr-rereview.md@8a92f53fac170563f7727cacab2dbedb5d5b9e29,,,,,,
2243,459,pulumi/pulumi-rancher2,gh-aw-pr-review.md,1,2026-05-12 07:09:59+00:00,1.0,True,pulumi-labs/gh-aw-internal/.github/workflows/gh-aw-pr-review.md@8a92f53fac170563f7727cacab2dbedb5d5b9e29,,,,,,
2244,460,YousefHadder/markdown-plus.nvim,code-simplifier.md,1,2026-03-07 05:54:54+00:00,1.0,False,github/gh-aw/.github/workflows/code-simplifier.md@852cb06ad52958b402ed982b69957ffc57ca0619,,,,,,
2245,460,YousefHadder/markdown-plus.nvim,code-simplifier.md,2,2026-03-07 06:56:49+00:00,0.8567,False,github/gh-aw/.github/workflows/code-simplifier.md@852cb06ad52958b402ed982b69957ffc57ca0619,both,0.8567,0.04,network,,False
2246,460,YousefHadder/markdown-plus.nvim,code-simplifier.md,3,2026-03-07 18:08:16+00:00,0.6967,False,github/gh-aw/.github/workflows/code-simplifier.md@852cb06ad52958b402ed982b69957ffc57ca0619,both,0.8226,0.47,,,False
2247,460,YousefHadder/markdown-plus.nvim,code-simplifier.md,4,2026-03-23 20:54:05+00:00,0.6967,False,github/gh-aw/.github/workflows/code-simplifier.md@852cb06ad52958b402ed982b69957ffc57ca0619,frontmatter only,1.0,16.12,,,False
2248,460,YousefHadder/markdown-plus.nvim,code-simplifier.md,5,2026-05-12 17:16:31+00:00,0.6959,False,github/gh-aw/.github/workflows/code-simplifier.md@8eb7e099dfdad889a392fab0eb57029a0905e966,both,0.9988,49.85,,,True
2249,461,YousefHadder/markdown-plus.nvim,config-sync-checker.md,1,2026-03-07 06:42:44+00:00,1.0,False,,,,,,,
2250,461,YousefHadder/markdown-plus.nvim,config-sync-checker.md,2,2026-03-23 20:54:05+00:00,1.0,False,,frontmatter only,1.0,16.59,,,False
2251,461,YousefHadder/markdown-plus.nvim,config-sync-checker.md,3,2026-05-12 17:16:31+00:00,0.9903,False,,both,0.9903,49.85,,,False
2252,462,YousefHadder/markdown-plus.nvim,contributor-recognition.md,1,2026-05-03 20:54:29+00:00,1.0,False,,,,,,,
2253,462,YousefHadder/markdown-plus.nvim,contributor-recognition.md,2,2026-05-03 21:07:01+00:00,0.8959,False,,body only,0.8959,0.01,,,False
2254,462,YousefHadder/markdown-plus.nvim,contributor-recognition.md,3,2026-05-03 21:47:42+00:00,0.7765,False,,both,0.8791,0.03,,,False
2255,462,YousefHadder/markdown-plus.nvim,contributor-recognition.md,4,2026-05-12 17:16:31+00:00,0.7691,False,,both,0.9905,8.81,,,False
2256,462,YousefHadder/markdown-plus.nvim,contributor-recognition.md,5,2026-06-19 19:25:19+00:00,0.759,False,,both,0.9882,38.09,,,False
2257,463,YousefHadder/markdown-plus.nvim,daily-doc-updater.md,1,2026-03-07 01:29:08+00:00,1.0,False,github/gh-aw/.github/workflows/daily-doc-updater.md@852cb06ad52958b402ed982b69957ffc57ca0619,,,,,,
2258,463,YousefHadder/markdown-plus.nvim,daily-doc-updater.md,2,2026-03-07 02:56:47+00:00,0.8422,False,github/gh-aw/.github/workflows/daily-doc-updater.md@852cb06ad52958b402ed982b69957ffc57ca0619,both,0.8422,0.06,,,False
2259,463,YousefHadder/markdown-plus.nvim,daily-doc-updater.md,3,2026-03-23 20:54:05+00:00,0.8422,False,github/gh-aw/.github/workflows/daily-doc-updater.md@852cb06ad52958b402ed982b69957ffc57ca0619,frontmatter only,1.0,16.75,,,False
2260,463,YousefHadder/markdown-plus.nvim,daily-doc-updater.md,4,2026-05-12 17:16:31+00:00,0.5954,False,github/gh-aw/.github/workflows/daily-doc-updater.md@8eb7e099dfdad889a392fab0eb57029a0905e966,both,0.7106,49.85,,,True
2261,464,YousefHadder/markdown-plus.nvim,daily-file-diet.md,1,2026-03-07 07:29:59+00:00,1.0,False,github/gh-aw/.github/workflows/daily-file-diet.md@852cb06ad52958b402ed982b69957ffc57ca0619,,,,,,
2262,464,YousefHadder/markdown-plus.nvim,daily-file-diet.md,2,2026-03-07 07:33:44+00:00,1.0,False,github/gh-aw/.github/workflows/daily-file-diet.md@852cb06ad52958b402ed982b69957ffc57ca0619,frontmatter only,1.0,0.0,,,False
2263,464,YousefHadder/markdown-plus.nvim,daily-file-diet.md,3,2026-03-23 20:54:05+00:00,1.0,False,github/gh-aw/.github/workflows/daily-file-diet.md@852cb06ad52958b402ed982b69957ffc57ca0619,frontmatter only,1.0,16.56,,,False
2264,464,YousefHadder/markdown-plus.nvim,daily-file-diet.md,4,2026-05-12 17:16:31+00:00,0.9979,False,github/gh-aw/.github/workflows/daily-file-diet.md@8eb7e099dfdad889a392fab0eb57029a0905e966,both,0.9979,49.85,features,,True
2265,464,YousefHadder/markdown-plus.nvim,daily-file-diet.md,5,2026-05-13 15:50:32+00:00,0.9979,False,github/gh-aw/.github/workflows/daily-file-diet.md@8eb7e099dfdad889a392fab0eb57029a0905e966,frontmatter only,1.0,0.94,,,False
2266,465,YousefHadder/markdown-plus.nvim,wiki-updater.md,1,2026-06-04 14:56:27+00:00,1.0,False,,,,,,,
2267,465,YousefHadder/markdown-plus.nvim,wiki-updater.md,2,2026-06-19 19:25:19+00:00,0.8832,False,,both,0.8832,15.19,,,False
2268,466,cncf/contribute-site,link-checker.md,1,2026-03-12 21:23:41+00:00,1.0,False,,,,,,,
2269,466,cncf/contribute-site,link-checker.md,2,2026-03-13 21:10:11+00:00,0.9352,False,,both,0.9352,0.99,,,False
2270,466,cncf/contribute-site,link-checker.md,3,2026-03-13 21:49:26+00:00,0.9283,False,,both,0.9925,0.03,,,False
2271,466,cncf/contribute-site,link-checker.md,4,2026-03-16 15:33:34+00:00,0.9283,False,,frontmatter only,1.0,2.74,,,False
2272,466,cncf/contribute-site,link-checker.md,5,2026-03-16 16:18:11+00:00,0.9171,False,,body only,0.9879,0.03,,,False
2273,466,cncf/contribute-site,link-checker.md,6,2026-03-16 16:58:42+00:00,0.86,False,,both,0.9422,0.03,,,False
2274,466,cncf/contribute-site,link-checker.md,7,2026-03-16 17:40:18+00:00,0.86,False,,frontmatter only,1.0,0.03,,,False
2275,466,cncf/contribute-site,link-checker.md,8,2026-03-16 18:03:53+00:00,0.86,False,,frontmatter only,1.0,0.02,,,False
2276,466,cncf/contribute-site,link-checker.md,9,2026-03-16 19:23:45+00:00,0.86,False,,frontmatter only,1.0,0.06,,,False
2277,466,cncf/contribute-site,link-checker.md,10,2026-03-16 22:21:41+00:00,0.8365,False,,body only,0.9717,0.12,,,False
2278,467,cncf/contribute-site,link-fixer.md,1,2026-03-16 19:23:45+00:00,1.0,False,,,,,,,
2279,467,cncf/contribute-site,link-fixer.md,2,2026-03-16 20:02:33+00:00,0.9539,False,,both,0.9539,0.03,,,False
2280,467,cncf/contribute-site,link-fixer.md,3,2026-03-16 22:21:41+00:00,0.9539,False,,frontmatter only,1.0,0.1,,,False
2281,467,cncf/contribute-site,link-fixer.md,4,2026-03-16 22:42:30+00:00,0.9379,False,,body only,0.9834,0.01,,,False
2282,467,cncf/contribute-site,link-fixer.md,5,2026-03-16 22:59:14+00:00,0.9273,False,,body only,0.9871,0.01,,,False
2283,467,cncf/contribute-site,link-fixer.md,6,2026-03-16 23:20:49+00:00,0.9539,False,,body only,0.9706,0.01,,,False
2284,467,cncf/contribute-site,link-fixer.md,7,2026-03-17 00:36:56+00:00,0.9527,False,,both,0.9989,0.05,,,False
2285,467,cncf/contribute-site,link-fixer.md,8,2026-03-17 00:45:00+00:00,0.9354,False,,body only,0.9815,0.01,,,False
2286,468,kaito-tokyo/live-backgroundremoval-lite,validate-pr.md,1,2026-04-13 21:07:16+00:00,1.0,False,,,,,,,
2287,469,microsoft/apm,cli-consistency-checker.md,1,2026-02-24 23:14:51+00:00,1.0,False,,,,,,,
2288,469,microsoft/apm,cli-consistency-checker.md,2,2026-02-26 22:20:21+00:00,0.9815,False,,body only,0.9815,1.96,,,False
2289,470,microsoft/apm,daily-doc-updater.md,1,2026-02-24 23:14:51+00:00,1.0,False,githubnext/agentics/workflows/daily-doc-updater.md@b87234850bf9664d198f28a02df0f937d0447295,,,,,,
2290,470,microsoft/apm,daily-doc-updater.md,2,2026-02-26 22:20:21+00:00,1.0,False,githubnext/agentics/workflows/daily-doc-updater.md@b87234850bf9664d198f28a02df0f937d0447295,frontmatter only,1.0,1.96,,,False
2291,470,microsoft/apm,daily-doc-updater.md,3,2026-03-03 21:58:37+00:00,1.0,False,githubnext/agentics/workflows/daily-doc-updater.md@b87234850bf9664d198f28a02df0f937d0447295,frontmatter only,1.0,4.98,,,False
2292,471,microsoft/apm,docs-sync.md,1,2026-05-11 19:39:48+00:00,1.0,False,,,,,,,
2293,472,microsoft/apm,pr-review-panel.md,1,2026-04-21 23:31:50+00:00,1.0,False,,,,,,,
2294,472,microsoft/apm,pr-review-panel.md,2,2026-04-21 23:42:50+00:00,1.0,False,,frontmatter only,1.0,0.01,,,False
2295,472,microsoft/apm,pr-review-panel.md,3,2026-04-22 08:53:41+00:00,0.9919,False,,both,0.9919,0.38,,,False
2296,472,microsoft/apm,pr-review-panel.md,4,2026-04-22 09:12:55+00:00,0.9272,False,,both,0.9348,0.01,,,False
2297,472,microsoft/apm,pr-review-panel.md,5,2026-04-24 09:30:55+00:00,0.4293,False,,body only,0.5557,2.01,,,False
2298,472,microsoft/apm,pr-review-panel.md,6,2026-04-24 15:19:39+00:00,0.4107,False,,both,0.737,0.24,,,False
2299,472,microsoft/apm,pr-review-panel.md,7,2026-04-24 15:59:27+00:00,0.3604,False,,body only,0.6798,0.03,,,False
2300,472,microsoft/apm,pr-review-panel.md,8,2026-04-26 08:24:04+00:00,0.3923,False,,both,0.8129,1.68,,,False
2301,472,microsoft/apm,pr-review-panel.md,9,2026-04-28 20:59:32+00:00,0.3923,False,,frontmatter only,1.0,2.52,,,False
2302,472,microsoft/apm,pr-review-panel.md,10,2026-04-29 09:11:37+00:00,0.3837,False,,both,0.9236,0.51,if,,False
2303,472,microsoft/apm,pr-review-panel.md,11,2026-05-01 19:12:40+00:00,0.3664,False,,both,0.9143,2.42,,,False
2304,472,microsoft/apm,pr-review-panel.md,12,2026-05-07 18:15:50+00:00,0.3664,False,,frontmatter only,1.0,5.96,,,False
2305,473,microsoft/apm,triage-panel.md,1,2026-04-26 15:30:42+00:00,1.0,False,,,,,,,
2306,473,microsoft/apm,triage-panel.md,2,2026-04-26 15:49:58+00:00,0.9495,False,,both,0.9495,0.01,,,False
2307,473,microsoft/apm,triage-panel.md,3,2026-04-26 15:59:04+00:00,0.9412,False,,both,0.9863,0.01,,,False
2308,473,microsoft/apm,triage-panel.md,4,2026-04-26 16:08:07+00:00,0.9336,False,,body only,0.9919,0.01,,,False
2309,473,microsoft/apm,triage-panel.md,5,2026-04-26 20:22:12+00:00,0.8883,False,,both,0.9507,0.18,,,False
2310,473,microsoft/apm,triage-panel.md,6,2026-04-29 09:11:37+00:00,0.8883,False,,frontmatter only,1.0,2.53,if,,False
2311,473,microsoft/apm,triage-panel.md,7,2026-05-07 18:15:50+00:00,0.8883,False,,frontmatter only,1.0,8.38,,,False
2312,473,microsoft/apm,triage-panel.md,8,2026-05-07 18:35:15+00:00,0.8363,False,,body only,0.9412,0.01,,,False
2313,473,microsoft/apm,triage-panel.md,9,2026-05-07 19:58:42+00:00,0.8224,False,,body only,0.8977,0.06,,,False
2314,473,microsoft/apm,triage-panel.md,10,2026-05-23 15:37:46+00:00,0.7773,False,,both,0.9215,15.82,difc,,False
2315,473,microsoft/apm,triage-panel.md,11,2026-05-26 21:26:44+00:00,0.7783,False,,both,0.975,3.24,,difc,False
2316,474,informedica/GenPRES,repo-assist.md,1,2026-02-26 08:01:57+00:00,1.0,False,githubnext/agentics/workflows/repo-assist.md@f2c5cf1e4af58e09a93ba0703c6bf084711b265f,,,,,,
2317,474,informedica/GenPRES,repo-assist.md,2,2026-05-18 06:04:43+00:00,1.0,False,githubnext/agentics/workflows/repo-assist.md@f2c5cf1e4af58e09a93ba0703c6bf084711b265f,frontmatter only,1.0,80.92,,,False
2318,475,pikax/verter,update-docs.md,1,2026-02-15 11:52:17+00:00,1.0,False,githubnext/agentics/workflows/update-docs.md@eb7950f37d350af6fa09d19827c4883e72947221,,,,,,
2319,475,pikax/verter,update-docs.md,2,2026-03-16 09:35:29+00:00,0.7891,False,githubnext/agentics/workflows/update-docs.md@eb7950f37d350af6fa09d19827c4883e72947221,body only,0.7891,28.91,,,False
2320,475,pikax/verter,update-docs.md,3,2026-03-27 07:47:37+00:00,0.7891,False,githubnext/agentics/workflows/update-docs.md@eb7950f37d350af6fa09d19827c4883e72947221,body only,1.0,10.93,,,False
2321,476,Kong/kongctl,benchmark-regression-analysis.md,1,2026-05-03 15:49:39+00:00,1.0,False,,,,,,,
2322,476,Kong/kongctl,benchmark-regression-analysis.md,2,2026-05-26 17:12:18+00:00,0.9648,False,,both,0.9648,23.06,post-steps,,False
2323,477,Kong/kongctl,code-simplifier.md,1,2026-02-16 00:57:34+00:00,1.0,False,githubnext/agentics/workflows/code-simplifier.md@eb7950f37d350af6fa09d19827c4883e72947221,,,,,,
2324,477,Kong/kongctl,code-simplifier.md,2,2026-02-16 01:14:21+00:00,1.0,False,githubnext/agentics/workflows/code-simplifier.md@eb7950f37d350af6fa09d19827c4883e72947221,frontmatter only,1.0,0.01,engine,,False
2325,477,Kong/kongctl,code-simplifier.md,3,2026-02-16 01:43:38+00:00,1.0,False,githubnext/agentics/workflows/code-simplifier.md@eb7950f37d350af6fa09d19827c4883e72947221,frontmatter only,1.0,0.02,,,False
2326,477,Kong/kongctl,code-simplifier.md,4,2026-02-16 02:38:39+00:00,0.8487,False,githubnext/agentics/workflows/code-simplifier.md@eb7950f37d350af6fa09d19827c4883e72947221,both,0.8487,0.04,,,False
2327,477,Kong/kongctl,code-simplifier.md,5,2026-02-16 02:56:53+00:00,0.8487,False,githubnext/agentics/workflows/code-simplifier.md@eb7950f37d350af6fa09d19827c4883e72947221,frontmatter only,1.0,0.01,,,False
2328,477,Kong/kongctl,code-simplifier.md,6,2026-02-16 03:37:39+00:00,0.8487,False,githubnext/agentics/workflows/code-simplifier.md@eb7950f37d350af6fa09d19827c4883e72947221,frontmatter only,1.0,0.03,,,False
2329,477,Kong/kongctl,code-simplifier.md,7,2026-04-06 19:43:39+00:00,0.8487,False,githubnext/agentics/workflows/code-simplifier.md@eb7950f37d350af6fa09d19827c4883e72947221,frontmatter only,1.0,49.67,,,False
2330,477,Kong/kongctl,code-simplifier.md,8,2026-04-10 13:55:31+00:00,0.7979,False,githubnext/agentics/workflows/code-simplifier.md@eb7950f37d350af6fa09d19827c4883e72947221,both,0.9388,3.76,,,False
2331,477,Kong/kongctl,code-simplifier.md,9,2026-04-15 14:21:05+00:00,0.7811,False,githubnext/agentics/workflows/code-simplifier.md@eb7950f37d350af6fa09d19827c4883e72947221,body only,0.9773,5.02,,,False
2332,478,Kong/kongctl,e2e-coverage-scanner.md,1,2026-03-15 17:28:12+00:00,1.0,False,,,,,,,
2333,478,Kong/kongctl,e2e-coverage-scanner.md,2,2026-04-02 01:46:03+00:00,0.9194,False,,body only,0.9194,17.35,,,False
2334,478,Kong/kongctl,e2e-coverage-scanner.md,3,2026-04-15 14:21:05+00:00,0.9027,False,,body only,0.9809,13.52,,,False
2335,478,Kong/kongctl,e2e-coverage-scanner.md,4,2026-05-20 14:36:58+00:00,0.9006,False,,body only,0.9982,35.01,,,False
2336,478,Kong/kongctl,e2e-coverage-scanner.md,5,2026-06-05 15:41:02+00:00,0.8035,False,,body only,0.8925,16.04,,,False
2337,479,Kong/kongctl,kongctl-feature-user-agent.md,1,2026-05-16 15:25:04+00:00,1.0,False,,,,,,,
2338,479,Kong/kongctl,kongctl-feature-user-agent.md,2,2026-05-19 14:58:12+00:00,0.8175,False,,both,0.8175,2.98,features,,False
2339,479,Kong/kongctl,kongctl-feature-user-agent.md,3,2026-05-19 15:32:22+00:00,0.8175,False,,frontmatter only,1.0,0.02,,,False
2340,479,Kong/kongctl,kongctl-feature-user-agent.md,4,2026-05-19 16:38:15+00:00,0.7253,False,,body only,0.8826,0.05,,,False
2341,479,Kong/kongctl,kongctl-feature-user-agent.md,5,2026-05-19 21:29:11+00:00,0.7193,False,,both,0.9925,0.2,,,False
2342,479,Kong/kongctl,kongctl-feature-user-agent.md,6,2026-06-05 20:28:33+00:00,0.5834,False,,both,0.7408,16.96,,,False
2343,479,Kong/kongctl,kongctl-feature-user-agent.md,7,2026-06-09 13:26:22+00:00,0.5806,False,,both,0.9901,3.71,,,False
2344,479,Kong/kongctl,kongctl-feature-user-agent.md,8,2026-06-09 15:33:03+00:00,0.5117,False,,both,0.9078,0.09,,,False
2345,479,Kong/kongctl,kongctl-feature-user-agent.md,9,2026-06-10 03:42:40+00:00,0.5117,False,,frontmatter only,1.0,0.51,,,False
2346,479,Kong/kongctl,kongctl-feature-user-agent.md,10,2026-06-24 22:07:17+00:00,0.4819,False,,body only,0.9379,14.77,,,False
2347,480,Kong/kongctl,opened-issue-triage.md,1,2026-02-14 18:08:56+00:00,1.0,True,githubnext/agentics/workflows/issue-triage.md@69b5e3ae5fa7f35fa555b0a22aee14c36ab57ebb,,,,,,
2348,480,Kong/kongctl,opened-issue-triage.md,2,2026-02-15 03:05:53+00:00,0.0306,False,githubnext/agentics/workflows/issue-triage.md@69b5e3ae5fa7f35fa555b0a22aee14c36ab57ebb,both,0.0306,0.37,description; network; permissions; safe-outputs; tools,,False
2349,480,Kong/kongctl,opened-issue-triage.md,3,2026-02-15 03:29:19+00:00,0.0306,False,githubnext/agentics/workflows/issue-triage.md@69b5e3ae5fa7f35fa555b0a22aee14c36ab57ebb,body only,0.9985,0.02,,,False
2350,480,Kong/kongctl,opened-issue-triage.md,4,2026-02-15 03:30:16+00:00,0.0306,False,githubnext/agentics/workflows/issue-triage.md@69b5e3ae5fa7f35fa555b0a22aee14c36ab57ebb,frontmatter only,1.0,0.0,,imports,False
2351,480,Kong/kongctl,opened-issue-triage.md,5,2026-02-15 04:14:24+00:00,0.0284,False,githubnext/agentics/workflows/issue-triage.md@69b5e3ae5fa7f35fa555b0a22aee14c36ab57ebb,body only,0.9304,0.03,,,False
2352,480,Kong/kongctl,opened-issue-triage.md,6,2026-04-14 14:57:37+00:00,0.0254,False,githubnext/agentics/workflows/issue-triage.md@69b5e3ae5fa7f35fa555b0a22aee14c36ab57ebb,body only,0.8221,58.45,,,False
2353,480,Kong/kongctl,opened-issue-triage.md,7,2026-04-28 05:39:59+00:00,0.0254,False,githubnext/agentics/workflows/issue-triage.md@69b5e3ae5fa7f35fa555b0a22aee14c36ab57ebb,frontmatter only,1.0,13.61,,,False
2354,481,Kong/kongctl,release.md,1,2026-02-24 20:57:39+00:00,1.0,False,,,,,,,
2355,481,Kong/kongctl,release.md,2,2026-02-24 21:30:42+00:00,0.9867,False,,body only,0.9867,0.02,,,False
2356,481,Kong/kongctl,release.md,3,2026-02-24 22:00:15+00:00,0.9867,False,,frontmatter only,1.0,0.02,,,False
2357,481,Kong/kongctl,release.md,4,2026-02-25 16:05:53+00:00,0.9603,False,,body only,0.9718,0.75,,,False
2358,481,Kong/kongctl,release.md,5,2026-02-25 16:06:53+00:00,0.9454,False,,body only,0.9883,0.0,,,False
2359,481,Kong/kongctl,release.md,6,2026-02-26 17:44:46+00:00,0.9454,False,,frontmatter only,1.0,1.07,,,False
2360,481,Kong/kongctl,release.md,7,2026-02-26 22:40:10+00:00,0.9454,False,,frontmatter only,1.0,0.21,,,False
2361,481,Kong/kongctl,release.md,8,2026-02-27 21:27:52+00:00,0.9454,False,,frontmatter only,1.0,0.95,,,False
2362,481,Kong/kongctl,release.md,9,2026-03-04 02:44:00+00:00,0.9454,False,,frontmatter only,1.0,4.22,,,False
2363,481,Kong/kongctl,release.md,10,2026-04-15 14:21:05+00:00,0.91,False,,body only,0.962,42.48,,,False
2364,481,Kong/kongctl,release.md,11,2026-04-21 15:53:25+00:00,0.8556,False,,body only,0.9407,6.06,,,False
2365,481,Kong/kongctl,release.md,12,2026-04-28 14:35:41+00:00,0.8556,False,,frontmatter only,1.0,6.95,,,False
2366,481,Kong/kongctl,release.md,13,2026-05-20 14:35:41+00:00,0.8556,False,,frontmatter only,1.0,22.0,,,False
2367,481,Kong/kongctl,release.md,14,2026-05-20 16:13:01+00:00,0.8556,False,,frontmatter only,1.0,0.07,,,False
2368,481,Kong/kongctl,release.md,15,2026-06-02 20:14:00+00:00,0.8476,False,,body only,0.8823,13.17,,,False
2369,482,Kong/kongctl,slash-cmd-issue-triage.md,1,2026-02-14 18:08:56+00:00,1.0,True,githubnext/agentics/workflows/issue-triage.md@69b5e3ae5fa7f35fa555b0a22aee14c36ab57ebb,,,,,,
2370,482,Kong/kongctl,slash-cmd-issue-triage.md,2,2026-02-15 03:05:53+00:00,0.0306,False,githubnext/agentics/workflows/issue-triage.md@69b5e3ae5fa7f35fa555b0a22aee14c36ab57ebb,both,0.0306,0.37,description; network; permissions; safe-outputs; tools,,False
2371,482,Kong/kongctl,slash-cmd-issue-triage.md,3,2026-02-15 03:29:19+00:00,0.0305,False,githubnext/agentics/workflows/issue-triage.md@69b5e3ae5fa7f35fa555b0a22aee14c36ab57ebb,body only,0.9977,0.02,,,False
2372,482,Kong/kongctl,slash-cmd-issue-triage.md,4,2026-02-15 03:30:16+00:00,0.0305,False,githubnext/agentics/workflows/issue-triage.md@69b5e3ae5fa7f35fa555b0a22aee14c36ab57ebb,frontmatter only,1.0,0.0,,imports,False
2373,482,Kong/kongctl,slash-cmd-issue-triage.md,5,2026-02-15 04:14:24+00:00,0.0289,False,githubnext/agentics/workflows/issue-triage.md@69b5e3ae5fa7f35fa555b0a22aee14c36ab57ebb,body only,0.9478,0.03,,,False
2374,482,Kong/kongctl,slash-cmd-issue-triage.md,6,2026-04-14 14:57:37+00:00,0.0258,False,githubnext/agentics/workflows/issue-triage.md@69b5e3ae5fa7f35fa555b0a22aee14c36ab57ebb,body only,0.8161,58.45,,,False
2375,482,Kong/kongctl,slash-cmd-issue-triage.md,7,2026-04-28 05:39:59+00:00,0.0258,False,githubnext/agentics/workflows/issue-triage.md@69b5e3ae5fa7f35fa555b0a22aee14c36ab57ebb,frontmatter only,1.0,13.61,,,False
2376,482,Kong/kongctl,slash-cmd-issue-triage.md,8,2026-05-05 15:19:41+00:00,0.0258,False,githubnext/agentics/workflows/issue-triage.md@69b5e3ae5fa7f35fa555b0a22aee14c36ab57ebb,frontmatter only,1.0,7.4,,,False
2377,482,Kong/kongctl,slash-cmd-issue-triage.md,9,2026-05-05 21:53:31+00:00,0.0258,False,githubnext/agentics/workflows/issue-triage.md@69b5e3ae5fa7f35fa555b0a22aee14c36ab57ebb,frontmatter only,1.0,0.27,,,False
2378,482,Kong/kongctl,slash-cmd-issue-triage.md,10,2026-05-05 22:30:56+00:00,0.0258,False,githubnext/agentics/workflows/issue-triage.md@69b5e3ae5fa7f35fa555b0a22aee14c36ab57ebb,frontmatter only,1.0,0.03,,,False
2379,482,Kong/kongctl,slash-cmd-issue-triage.md,11,2026-05-05 23:31:41+00:00,0.0258,False,githubnext/agentics/workflows/issue-triage.md@69b5e3ae5fa7f35fa555b0a22aee14c36ab57ebb,frontmatter only,1.0,0.04,,,False
2380,483,Kong/kongctl,weekly-repo-status.md,1,2026-02-13 22:15:45+00:00,1.0,False,githubnext/agentics/workflows/daily-repo-status.md@69b5e3ae5fa7f35fa555b0a22aee14c36ab57ebb,,,,,,
2381,483,Kong/kongctl,weekly-repo-status.md,2,2026-02-17 16:10:42+00:00,1.0,False,githubnext/agentics/workflows/daily-repo-status.md@69b5e3ae5fa7f35fa555b0a22aee14c36ab57ebb,frontmatter only,1.0,3.75,,,False
2382,483,Kong/kongctl,weekly-repo-status.md,3,2026-03-03 18:17:37+00:00,1.0,False,githubnext/agentics/workflows/daily-repo-status.md@69b5e3ae5fa7f35fa555b0a22aee14c36ab57ebb,frontmatter only,1.0,14.09,,,False
2383,483,Kong/kongctl,weekly-repo-status.md,4,2026-04-10 17:29:12+00:00,0.7958,False,githubnext/agentics/workflows/daily-repo-status.md@69b5e3ae5fa7f35fa555b0a22aee14c36ab57ebb,both,0.7958,37.97,,,False
2384,483,Kong/kongctl,weekly-repo-status.md,5,2026-04-15 14:21:05+00:00,0.6603,False,githubnext/agentics/workflows/daily-repo-status.md@69b5e3ae5fa7f35fa555b0a22aee14c36ab57ebb,body only,0.8172,4.87,,,False
2385,484,shanselman/WindowsEdgeLight,repo-assist.md,1,2026-04-14 02:26:42+00:00,1.0,False,githubnext/agentics/workflows/repo-assist.md@cbb46ab386962aa371045839fc9998ee4e97ca64,,,,,,
2386,485,chrisreddington/trend-radar,repo-assist.md,1,2026-03-20 07:43:20+00:00,1.0,False,githubnext/agentics/workflows/repo-assist.md@ee86d0ffcb1705d4ee4146e92125227bf9136aae,,,,,,
2387,485,chrisreddington/trend-radar,repo-assist.md,2,2026-04-17 09:10:42+00:00,1.0,False,githubnext/agentics/workflows/repo-assist.md@410f8f4fdfbd7d855fc58c2df6438d2ebfa7c93e,frontmatter only,1.0,28.06,,,True
2388,486,mcpc-tech/dev-inspector-mcp,daily-repo-status.md,1,2026-02-12 03:31:21+00:00,1.0,False,githubnext/agentics/workflows/daily-repo-status.md@5f9fc05ebcdab970d62cc9f463922c0630928ee6,,,,,,
2389,487,hemanth/mcp-web-client,daily-repo-status.md,1,2026-02-14 15:14:43+00:00,1.0,False,githubnext/agentics/workflows/daily-repo-status.md@69b5e3ae5fa7f35fa555b0a22aee14c36ab57ebb,,,,,,
2390,488,meteostat/meteostat,bug-reproducer.md,1,2026-02-14 18:09:57+00:00,1.0,False,,,,,,,
2391,488,meteostat/meteostat,bug-reproducer.md,2,2026-02-14 18:12:12+00:00,1.0,False,,frontmatter only,1.0,0.0,,,False
2392,489,meteostat/meteostat,issue-triage-agent.md,1,2026-02-13 15:48:25+00:00,1.0,False,github/gh-aw/.github/workflows/issue-triage-agent.md@94662b1dee8ce96c876ba9f33b3ab8be32de82a4,,,,,,
2393,489,meteostat/meteostat,issue-triage-agent.md,2,2026-02-14 17:54:02+00:00,1.0,False,github/gh-aw/.github/workflows/issue-triage-agent.md@94662b1dee8ce96c876ba9f33b3ab8be32de82a4,frontmatter only,1.0,1.09,,,False
2394,490,navikt/copilot,news-excerpts.md,1,2026-03-09 07:45:02+00:00,1.0,False,,,,,,,
2395,490,navikt/copilot,news-excerpts.md,2,2026-03-09 07:55:23+00:00,0.8535,False,,body only,0.8535,0.01,,,False
2396,490,navikt/copilot,news-excerpts.md,3,2026-03-09 08:08:06+00:00,0.644,False,,body only,0.7401,0.01,,,False
2397,490,navikt/copilot,news-excerpts.md,4,2026-03-09 09:22:49+00:00,0.644,False,,frontmatter only,1.0,0.05,,,False
2398,490,navikt/copilot,news-excerpts.md,5,2026-04-06 16:07:17+00:00,0.4481,False,,both,0.7245,28.28,,,False
2399,490,navikt/copilot,news-excerpts.md,6,2026-04-10 14:49:08+00:00,0.4436,False,,body only,0.9913,3.95,,,False
2400,490,navikt/copilot,news-excerpts.md,7,2026-04-13 19:51:54+00:00,0.4436,False,,frontmatter only,1.0,3.21,,,False
2401,490,navikt/copilot,news-excerpts.md,8,2026-05-08 20:38:25+00:00,0.4436,False,,frontmatter only,1.0,25.03,,,False
2402,491,BMayhew/awesome-sites-to-test-on,issue-site-submission.md,1,2026-03-02 06:17:29+00:00,1.0,False,,,,,,,
2403,491,BMayhew/awesome-sites-to-test-on,issue-site-submission.md,2,2026-03-02 06:45:06+00:00,0.972,False,,both,0.972,0.02,,,False
2404,492,github/copilot-sdk,cross-repo-issue-analysis.md,1,2026-03-05 00:34:33+00:00,1.0,False,,,,,,,
2405,492,github/copilot-sdk,cross-repo-issue-analysis.md,2,2026-03-05 00:40:32+00:00,1.0,False,,frontmatter only,1.0,0.0,,,False
2406,492,github/copilot-sdk,cross-repo-issue-analysis.md,3,2026-03-05 00:49:37+00:00,0.9932,False,,body only,0.9932,0.01,,,False
2407,492,github/copilot-sdk,cross-repo-issue-analysis.md,4,2026-03-05 00:53:06+00:00,0.944,False,,both,0.9473,0.0,steps,,False
2408,492,github/copilot-sdk,cross-repo-issue-analysis.md,5,2026-03-05 01:02:25+00:00,0.9491,False,,both,0.9834,0.01,,,False
2409,492,github/copilot-sdk,cross-repo-issue-analysis.md,6,2026-03-05 01:33:08+00:00,0.9491,False,,frontmatter only,1.0,0.02,if,,False
2410,492,github/copilot-sdk,cross-repo-issue-analysis.md,7,2026-03-05 01:34:50+00:00,0.9271,False,,both,0.9804,0.0,,,False
2411,492,github/copilot-sdk,cross-repo-issue-analysis.md,8,2026-03-05 01:35:15+00:00,0.9193,False,,both,0.9926,0.0,,,False
2412,492,github/copilot-sdk,cross-repo-issue-analysis.md,9,2026-03-10 15:50:09+00:00,0.8636,False,,both,0.9482,5.59,,,False
2413,492,github/copilot-sdk,cross-repo-issue-analysis.md,10,2026-05-21 17:29:30+00:00,0.8636,False,,both,1.0,72.07,,,False
2414,493,github/copilot-sdk,handle-bug.md,1,2026-04-02 17:49:33+00:00,1.0,False,,,,,,,
2415,493,github/copilot-sdk,handle-bug.md,2,2026-04-03 01:35:11+00:00,1.0,False,,frontmatter only,1.0,0.32,,,False
2416,494,github/copilot-sdk,handle-documentation.md,1,2026-04-02 17:49:33+00:00,1.0,False,,,,,,,
2417,494,github/copilot-sdk,handle-documentation.md,2,2026-04-03 01:35:11+00:00,1.0,False,,frontmatter only,1.0,0.32,,,False
2418,495,github/copilot-sdk,handle-enhancement.md,1,2026-04-02 17:49:33+00:00,1.0,True,,,,,,,
2419,495,github/copilot-sdk,handle-enhancement.md,2,2026-04-03 01:35:11+00:00,1.0,True,,frontmatter only,1.0,0.32,,,False
2420,496,github/copilot-sdk,handle-question.md,1,2026-04-02 17:49:33+00:00,1.0,True,,,,,,,
2421,496,github/copilot-sdk,handle-question.md,2,2026-04-03 01:35:11+00:00,1.0,True,,frontmatter only,1.0,0.32,,,False
2422,497,github/copilot-sdk,issue-classification.md,1,2026-04-02 17:49:33+00:00,1.0,False,,,,,,,
2423,498,github/copilot-sdk,issue-triage.md,1,2026-01-14 22:01:55+00:00,1.0,False,,,,,,,
2424,498,github/copilot-sdk,issue-triage.md,2,2026-01-14 23:56:27+00:00,1.0,False,,frontmatter only,1.0,0.08,,,False
2425,498,github/copilot-sdk,issue-triage.md,3,2026-01-20 14:08:14+00:00,1.0,False,,frontmatter only,1.0,5.59,roles,,False
2426,498,github/copilot-sdk,issue-triage.md,4,2026-04-02 10:03:46+00:00,1.0,False,,frontmatter only,1.0,71.83,,roles,False
2427,498,github/copilot-sdk,issue-triage.md,5,2026-06-04 23:50:06+00:00,0.9858,False,,both,0.9858,63.57,,,False
2428,499,github/copilot-sdk,java-adapt-handwritten-code-to-accept-upgrade-changes.md,1,2026-06-04 21:53:03+00:00,1.0,False,,,,,,,
2429,499,github/copilot-sdk,java-adapt-handwritten-code-to-accept-upgrade-changes.md,2,2026-06-06 19:43:49+00:00,0.9889,False,,both,0.9889,1.91,,,False
2430,500,github/copilot-sdk,java-codegen-fix.md,1,2026-05-21 17:29:30+00:00,1.0,False,,,,,,,
2431,500,github/copilot-sdk,java-codegen-fix.md,2,2026-05-27 00:12:15+00:00,0.9992,False,,body only,0.9992,5.28,,,False
2432,501,github/copilot-sdk,release-changelog.md,1,2026-03-03 16:32:51+00:00,1.0,False,,,,,,,
2433,501,github/copilot-sdk,release-changelog.md,2,2026-03-03 17:19:55+00:00,0.9322,False,,body only,0.9322,0.03,,,False
2434,501,github/copilot-sdk,release-changelog.md,3,2026-03-03 17:34:01+00:00,0.831,False,,both,0.9013,0.01,,if,False
2435,501,github/copilot-sdk,release-changelog.md,4,2026-04-10 11:24:43+00:00,0.7916,False,,body only,0.9519,37.74,,,False
2436,501,github/copilot-sdk,release-changelog.md,5,2026-05-22 20:52:21+00:00,0.7382,False,,both,0.9302,42.39,,,False
2437,501,github/copilot-sdk,release-changelog.md,6,2026-05-30 00:09:22+00:00,0.7038,False,,body only,0.9524,7.14,,,False
2438,502,github/copilot-sdk,sdk-consistency-review.md,1,2026-01-23 11:14:12+00:00,1.0,False,,,,,,,
2439,502,github/copilot-sdk,sdk-consistency-review.md,2,2026-04-02 10:03:46+00:00,1.0,False,,frontmatter only,1.0,68.95,tracker-id,roles,False
2440,502,github/copilot-sdk,sdk-consistency-review.md,3,2026-06-04 23:50:06+00:00,0.9451,False,,both,0.9451,63.57,,,False
2441,502,github/copilot-sdk,sdk-consistency-review.md,4,2026-06-05 20:14:34+00:00,0.9451,False,,frontmatter only,1.0,0.85,,,False
2442,503,natnew/Awesome-Data-Science,issue-triage-agent.md,1,2026-02-18 09:37:05+00:00,1.0,False,github/gh-aw/.github/workflows/issue-triage-agent.md@852cb06ad52958b402ed982b69957ffc57ca0619,,,,,,
2443,503,natnew/Awesome-Data-Science,issue-triage-agent.md,2,2026-02-18 09:48:39+00:00,1.0,False,github/gh-aw/.github/workflows/issue-triage-agent.md@852cb06ad52958b402ed982b69957ffc57ca0619,frontmatter only,1.0,0.01,,,False
2444,503,natnew/Awesome-Data-Science,issue-triage-agent.md,3,2026-02-18 10:05:18+00:00,0.3273,False,,both,0.3273,0.01,name,imports; source; strict,True
2445,504,neverinfamous/memory-journal-mcp,ci-health-monitor.md,1,2026-03-12 12:39:35+00:00,1.0,False,,,,,,,
2446,504,neverinfamous/memory-journal-mcp,ci-health-monitor.md,2,2026-03-14 10:11:25+00:00,1.0,False,,frontmatter only,1.0,1.9,,,False
2447,504,neverinfamous/memory-journal-mcp,ci-health-monitor.md,3,2026-04-11 01:45:17+00:00,1.0,False,,frontmatter only,1.0,27.65,,,False
2448,505,neverinfamous/memory-journal-mcp,docs-drift-detector.md,1,2026-03-12 12:39:35+00:00,1.0,False,,,,,,,
2449,505,neverinfamous/memory-journal-mcp,docs-drift-detector.md,2,2026-03-12 15:36:21+00:00,0.9882,False,,body only,0.9882,0.12,,,False
2450,505,neverinfamous/memory-journal-mcp,docs-drift-detector.md,3,2026-03-13 18:07:19+00:00,0.9756,False,,body only,0.9873,1.1,,,False
2451,505,neverinfamous/memory-journal-mcp,docs-drift-detector.md,4,2026-03-14 10:11:25+00:00,0.9756,False,,frontmatter only,1.0,0.67,,,False
2452,505,neverinfamous/memory-journal-mcp,docs-drift-detector.md,5,2026-04-11 01:45:17+00:00,0.9756,False,,frontmatter only,1.0,27.65,,,False
2453,505,neverinfamous/memory-journal-mcp,docs-drift-detector.md,6,2026-05-31 22:00:58+00:00,0.9395,False,,body only,0.9631,50.84,,,False
2454,506,neverinfamous/memory-journal-mcp,wiki-drift-detector.md,1,2026-03-23 20:49:27+00:00,1.0,False,,,,,,,
2455,506,neverinfamous/memory-journal-mcp,wiki-drift-detector.md,2,2026-04-11 01:45:17+00:00,1.0,False,,frontmatter only,1.0,18.21,,,False
2456,507,microsoft/skills,update-llms-txt.md,1,2026-01-19 18:07:27+00:00,1.0,False,,,,,,,
2457,507,microsoft/skills,update-llms-txt.md,2,2026-01-27 02:50:25+00:00,1.0,False,,frontmatter only,1.0,7.36,,,False
2458,507,microsoft/skills,update-llms-txt.md,3,2026-01-27 02:53:46+00:00,1.0,False,,frontmatter only,1.0,0.0,,,False
2459,507,microsoft/skills,update-llms-txt.md,4,2026-01-27 02:55:04+00:00,1.0,False,,frontmatter only,1.0,0.0,,,False
2460,507,microsoft/skills,update-llms-txt.md,5,2026-01-29 05:06:40+00:00,0.9752,False,,body only,0.9752,2.09,,,False
2461,508,copilot-community-sdk/copilot-sdk-java,weekly-upstream-sync.md,1,2026-02-09 21:54:12+00:00,1.0,False,,,,,,,
2462,508,copilot-community-sdk/copilot-sdk-java,weekly-upstream-sync.md,2,2026-02-09 23:47:12+00:00,0.9929,False,,body only,0.9929,0.08,,,False
2463,508,copilot-community-sdk/copilot-sdk-java,weekly-upstream-sync.md,3,2026-02-10 00:37:22+00:00,0.9192,False,,body only,0.9192,0.03,,,False
2464,508,copilot-community-sdk/copilot-sdk-java,weekly-upstream-sync.md,4,2026-02-10 00:44:39+00:00,0.9192,False,,frontmatter only,1.0,0.01,,,False
2465,508,copilot-community-sdk/copilot-sdk-java,weekly-upstream-sync.md,5,2026-02-10 02:44:18+00:00,0.9192,False,,frontmatter only,1.0,0.08,,,False
2466,508,copilot-community-sdk/copilot-sdk-java,weekly-upstream-sync.md,6,2026-02-11 01:11:31+00:00,0.9192,False,,frontmatter only,1.0,0.94,,,False
2467,508,copilot-community-sdk/copilot-sdk-java,weekly-upstream-sync.md,7,2026-02-11 03:16:23+00:00,0.8988,False,,body only,0.9775,0.09,,,False
2468,508,copilot-community-sdk/copilot-sdk-java,weekly-upstream-sync.md,8,2026-03-02 22:01:32+00:00,0.8988,False,,frontmatter only,1.0,19.78,,,False
2469,509,chrisreddington/flight-school,daily-accessibility-review.md,1,2026-02-23 14:58:36+00:00,1.0,False,githubnext/agentics/workflows/daily-accessibility-review.md@828ac109efb43990f59475cbfce90ede5546586c,,,,,,
2470,509,chrisreddington/flight-school,daily-accessibility-review.md,2,2026-05-24 20:50:16+00:00,0.9843,False,githubnext/agentics/workflows/daily-accessibility-review.md@828ac109efb43990f59475cbfce90ede5546586c,body only,0.9843,90.24,,,False
2471,510,chrisreddington/flight-school,daily-perf-improver.md,1,2026-02-23 14:58:36+00:00,1.0,False,,,,,,,
2472,510,chrisreddington/flight-school,daily-perf-improver.md,2,2026-05-24 20:50:16+00:00,0.9974,False,,body only,0.9974,90.24,,,False
2473,511,chrisreddington/flight-school,daily-qa.md,1,2026-02-23 14:58:36+00:00,1.0,False,githubnext/agentics/workflows/daily-qa.md@828ac109efb43990f59475cbfce90ede5546586c,,,,,,
2474,511,chrisreddington/flight-school,daily-qa.md,2,2026-03-03 20:33:36+00:00,0.9856,False,githubnext/agentics/workflows/daily-qa.md@828ac109efb43990f59475cbfce90ede5546586c,both,0.9856,8.23,,,False
2475,511,chrisreddington/flight-school,daily-qa.md,3,2026-03-03 20:35:53+00:00,0.9856,False,githubnext/agentics/workflows/daily-qa.md@828ac109efb43990f59475cbfce90ede5546586c,frontmatter only,1.0,0.0,,,False
2476,511,chrisreddington/flight-school,daily-qa.md,4,2026-05-24 20:50:16+00:00,0.9583,False,githubnext/agentics/workflows/daily-qa.md@828ac109efb43990f59475cbfce90ede5546586c,body only,0.9724,82.01,,,False
2477,512,chrisreddington/flight-school,daily-test-improver.md,1,2026-02-23 14:58:36+00:00,1.0,False,githubnext/agentics/workflows/daily-test-improver.md@828ac109efb43990f59475cbfce90ede5546586c,,,,,,
2478,512,chrisreddington/flight-school,daily-test-improver.md,2,2026-03-03 20:33:36+00:00,0.9778,False,githubnext/agentics/workflows/daily-test-improver.md@828ac109efb43990f59475cbfce90ede5546586c,both,0.9778,8.23,,,False
2479,512,chrisreddington/flight-school,daily-test-improver.md,3,2026-05-24 20:50:16+00:00,0.9613,False,githubnext/agentics/workflows/daily-test-improver.md@828ac109efb43990f59475cbfce90ede5546586c,body only,0.9833,82.01,,,False
2480,513,chrisreddington/flight-school,issue-triage.md,1,2026-01-24 00:54:10+00:00,1.0,False,githubnext/agentics/workflows/issue-triage.md@218075bad9c56b1203774796ba3a62ba3605c17f,,,,,,
2481,514,f/prompts.chat,spam-check.md,1,2026-02-18 17:29:04+00:00,1.0,False,,,,,,,
2482,515,microsoft/GitHub-Copilot-for-Azure,analyze-test-run.md,1,2026-03-06 00:27:21+00:00,1.0,True,,,,,,,
2483,515,microsoft/GitHub-Copilot-for-Azure,analyze-test-run.md,2,2026-03-12 17:55:06+00:00,0.8626,True,,both,0.8626,6.73,if,,False
2484,515,microsoft/GitHub-Copilot-for-Azure,analyze-test-run.md,3,2026-03-26 18:01:46+00:00,0.8626,True,,frontmatter only,1.0,14.0,sandbox,,False
2485,515,microsoft/GitHub-Copilot-for-Azure,analyze-test-run.md,4,2026-04-08 20:31:52+00:00,0.8626,True,,frontmatter only,1.0,13.1,timeout-minutes,,False
2486,515,microsoft/GitHub-Copilot-for-Azure,analyze-test-run.md,5,2026-04-13 20:18:44+00:00,0.8626,True,,frontmatter only,1.0,4.99,,,False
2487,515,microsoft/GitHub-Copilot-for-Azure,analyze-test-run.md,6,2026-04-20 20:51:29+00:00,0.8626,True,,frontmatter only,1.0,7.02,,,False
2488,515,microsoft/GitHub-Copilot-for-Azure,analyze-test-run.md,7,2026-06-12 17:06:24+00:00,0.8626,True,,frontmatter only,1.0,52.84,,,False
2489,516,microsoft/GitHub-Copilot-for-Azure,issue-triage.md,1,2026-02-20 23:28:32+00:00,1.0,False,,,,,,,
2490,516,microsoft/GitHub-Copilot-for-Azure,issue-triage.md,2,2026-04-01 21:25:14+00:00,0.995,False,,body only,0.995,39.91,,,False
2491,516,microsoft/GitHub-Copilot-for-Azure,issue-triage.md,3,2026-04-13 20:18:44+00:00,0.995,False,,frontmatter only,1.0,11.95,,,False
2492,516,microsoft/GitHub-Copilot-for-Azure,issue-triage.md,4,2026-04-20 20:51:29+00:00,0.995,False,,frontmatter only,1.0,7.02,,,False
2493,517,microsoft/GitHub-Copilot-for-Azure,weekly-repo-status.md,1,2026-02-20 19:20:59+00:00,1.0,False,githubnext/agentics/workflows/daily-repo-status.md@3a74730dbaddf484a9002a4bf34cd588cace7767,,,,,,
2494,517,microsoft/GitHub-Copilot-for-Azure,weekly-repo-status.md,2,2026-02-20 21:04:32+00:00,0.4961,False,githubnext/agentics/workflows/daily-repo-status.md@3a74730dbaddf484a9002a4bf34cd588cace7767,body only,0.4961,0.07,,,False
2495,517,microsoft/GitHub-Copilot-for-Azure,weekly-repo-status.md,3,2026-04-13 20:18:44+00:00,0.4961,False,githubnext/agentics/workflows/daily-repo-status.md@3a74730dbaddf484a9002a4bf34cd588cace7767,frontmatter only,1.0,51.97,,,False
2496,517,microsoft/GitHub-Copilot-for-Azure,weekly-repo-status.md,4,2026-04-20 20:51:29+00:00,0.4961,False,githubnext/agentics/workflows/daily-repo-status.md@3a74730dbaddf484a9002a4bf34cd588cace7767,frontmatter only,1.0,7.02,,,False
2497,517,microsoft/GitHub-Copilot-for-Azure,weekly-repo-status.md,5,2026-06-15 22:11:49+00:00,0.4961,False,githubnext/agentics/workflows/daily-repo-status.md@3a74730dbaddf484a9002a4bf34cd588cace7767,frontmatter only,1.0,56.06,,,False
2498,517,microsoft/GitHub-Copilot-for-Azure,weekly-repo-status.md,6,2026-06-18 18:57:04+00:00,0.4961,False,githubnext/agentics/workflows/daily-repo-status.md@3a74730dbaddf484a9002a4bf34cd588cace7767,frontmatter only,1.0,2.86,,,False
2499,518,pulumi/pulumi-docker-build,gh-aw-pr-rereview.md,1,2026-05-12 06:35:37+00:00,1.0,True,pulumi-labs/gh-aw-internal/.github/workflows/gh-aw-pr-rereview.md@8a92f53fac170563f7727cacab2dbedb5d5b9e29,,,,,,
2500,519,pulumi/pulumi-docker-build,gh-aw-pr-review.md,1,2026-05-12 06:35:37+00:00,1.0,True,pulumi-labs/gh-aw-internal/.github/workflows/gh-aw-pr-review.md@8a92f53fac170563f7727cacab2dbedb5d5b9e29,,,,,,
2501,520,influxdata/docs-v2,weekly-repo-status.md,1,2026-03-29 19:00:13+00:00,1.0,False,githubnext/agentics/workflows/daily-repo-status.md@9a76aba267225767b9b2e1623188d11ed9b58f11,,,,,,
2502,521,Flare-Animate/Flare,agentic-auto-fix.md,1,2026-03-05 08:24:42+00:00,1.0,False,,,,,,,
2503,522,vbuch/oboapp,ci-failure-fix.md,1,2026-04-17 16:13:54+00:00,1.0,False,,,,,,,
2504,523,shanselman/winget-tui,repo-assist.md,1,2026-03-17 06:08:31+00:00,1.0,False,githubnext/agentics/workflows/repo-assist.md@cbb46ab386962aa371045839fc9998ee4e97ca64,,,,,,
2505,524,chimon2000/good_first_issue,code-simplifier.md,1,2026-02-12 17:56:24+00:00,1.0,False,github/gh-aw/.github/workflows/code-simplifier.md@94662b1dee8ce96c876ba9f33b3ab8be32de82a4,,,,,,
2506,524,chimon2000/good_first_issue,code-simplifier.md,2,2026-02-12 18:49:29+00:00,1.0,False,github/gh-aw/.github/workflows/code-simplifier.md@94662b1dee8ce96c876ba9f33b3ab8be32de82a4,frontmatter only,1.0,0.04,engine,,False
2507,524,chimon2000/good_first_issue,code-simplifier.md,3,2026-02-12 18:51:58+00:00,0.9642,False,github/gh-aw/.github/workflows/code-simplifier.md@94662b1dee8ce96c876ba9f33b3ab8be32de82a4,body only,0.9642,0.0,,,False
2508,525,chimon2000/good_first_issue,duplicate-code-detector.md,1,2026-02-12 18:02:39+00:00,1.0,False,github/gh-aw/.github/workflows/duplicate-code-detector.md@94662b1dee8ce96c876ba9f33b3ab8be32de82a4,,,,,,
2509,525,chimon2000/good_first_issue,duplicate-code-detector.md,2,2026-02-12 18:36:25+00:00,0.9594,False,github/gh-aw/.github/workflows/duplicate-code-detector.md@94662b1dee8ce96c876ba9f33b3ab8be32de82a4,both,0.9594,0.02,,,False
2510,525,chimon2000/good_first_issue,duplicate-code-detector.md,3,2026-02-12 18:49:29+00:00,1.0,False,github/gh-aw/.github/workflows/duplicate-code-detector.md@94662b1dee8ce96c876ba9f33b3ab8be32de82a4,both,0.9594,0.01,,,False
2511,525,chimon2000/good_first_issue,duplicate-code-detector.md,4,2026-02-12 20:01:24+00:00,0.9594,False,github/gh-aw/.github/workflows/duplicate-code-detector.md@94662b1dee8ce96c876ba9f33b3ab8be32de82a4,both,0.9594,0.05,,tools,False
2512,526,intent-integrity-chain/kit,review-anthropic.md,1,2026-05-22 16:45:51+00:00,1.0,False,,,,,,,
2513,526,intent-integrity-chain/kit,review-anthropic.md,2,2026-06-02 08:35:34+00:00,0.9758,False,,body only,0.9758,10.66,,,False
2514,527,intent-integrity-chain/kit,review-openai.md,1,2026-05-22 16:45:51+00:00,1.0,False,,,,,,,
2515,527,intent-integrity-chain/kit,review-openai.md,2,2026-06-02 08:35:34+00:00,0.9803,False,,body only,0.9803,10.66,,,False
2516,528,doggy8088/Apptopia,issue-auto-labeler.md,1,2026-02-17 08:17:56+00:00,1.0,False,,,,,,,
2517,528,doggy8088/Apptopia,issue-auto-labeler.md,2,2026-02-17 08:23:56+00:00,0.7857,False,,both,0.7857,0.0,,,False
2518,528,doggy8088/Apptopia,issue-auto-labeler.md,3,2026-02-18 18:46:19+00:00,0.7857,False,,frontmatter only,1.0,1.43,roles,,False
2519,529,PureWeen/PolyPilot,agent-fix.md,1,2026-04-22 22:02:25+00:00,1.0,False,,,,,,,
2520,529,PureWeen/PolyPilot,agent-fix.md,2,2026-04-22 22:08:38+00:00,0.8442,False,,body only,0.8442,0.0,,,False
2521,529,PureWeen/PolyPilot,agent-fix.md,3,2026-04-22 23:19:07+00:00,0.8098,False,,both,0.9644,0.05,,,False
2522,529,PureWeen/PolyPilot,agent-fix.md,4,2026-04-23 03:23:37+00:00,0.8098,False,,body only,1.0,0.17,,,False
2523,529,PureWeen/PolyPilot,agent-fix.md,5,2026-04-23 04:01:31+00:00,0.7626,False,,body only,0.9441,0.03,,,False
2524,529,PureWeen/PolyPilot,agent-fix.md,6,2026-04-23 19:33:24+00:00,0.7447,False,,both,0.9735,0.65,,,False
2525,529,PureWeen/PolyPilot,agent-fix.md,7,2026-04-28 11:12:13+00:00,0.6642,False,,body only,0.8875,4.65,,,False
2526,529,PureWeen/PolyPilot,agent-fix.md,8,2026-04-28 12:02:00+00:00,0.6757,False,,both,0.9797,0.03,,,False
2527,529,PureWeen/PolyPilot,agent-fix.md,9,2026-04-28 16:58:41+00:00,0.4745,False,,both,0.8847,0.21,,,False
2528,529,PureWeen/PolyPilot,agent-fix.md,10,2026-04-28 17:17:04+00:00,0.4496,False,,body only,0.9615,0.01,,,False
2529,529,PureWeen/PolyPilot,agent-fix.md,11,2026-04-28 20:12:12+00:00,0.4496,False,,frontmatter only,1.0,0.12,,,False
2530,530,PureWeen/PolyPilot,dep-update.md,1,2026-04-18 21:05:49+00:00,1.0,False,,,,,,,
2531,530,PureWeen/PolyPilot,dep-update.md,2,2026-04-18 21:11:14+00:00,1.0,False,,frontmatter only,1.0,0.0,tools,,False
2532,530,PureWeen/PolyPilot,dep-update.md,3,2026-04-18 22:41:00+00:00,0.7654,False,,body only,0.7654,0.06,,,False
2533,530,PureWeen/PolyPilot,dep-update.md,4,2026-04-19 04:31:49+00:00,0.7654,False,,frontmatter only,1.0,0.24,,,False
2534,530,PureWeen/PolyPilot,dep-update.md,5,2026-04-19 04:40:54+00:00,0.5824,False,,body only,0.7171,0.01,,,False
2535,530,PureWeen/PolyPilot,dep-update.md,6,2026-04-19 04:59:05+00:00,0.5571,False,,body only,0.9512,0.01,,,False
2536,530,PureWeen/PolyPilot,dep-update.md,7,2026-04-19 05:24:32+00:00,0.561,False,,both,0.9076,0.02,timeout-minutes,,False
2537,530,PureWeen/PolyPilot,dep-update.md,8,2026-04-19 05:43:24+00:00,0.5427,False,,body only,0.9534,0.01,,,False
2538,530,PureWeen/PolyPilot,dep-update.md,9,2026-04-19 12:24:35+00:00,0.5169,False,,body only,0.8849,0.28,,,False
2539,530,PureWeen/PolyPilot,dep-update.md,10,2026-04-19 12:41:36+00:00,0.5121,False,,body only,0.9853,0.01,,,False
2540,530,PureWeen/PolyPilot,dep-update.md,11,2026-04-19 14:05:01+00:00,0.4897,False,,body only,0.9123,0.06,,,False
2541,530,PureWeen/PolyPilot,dep-update.md,12,2026-04-19 14:11:55+00:00,0.4798,False,,body only,0.97,0.0,,,False
2542,530,PureWeen/PolyPilot,dep-update.md,13,2026-04-21 18:54:21+00:00,0.4798,False,,frontmatter only,1.0,2.2,,,False
2543,530,PureWeen/PolyPilot,dep-update.md,14,2026-04-21 19:44:00+00:00,0.476,False,,both,0.9491,0.03,,,False
2544,530,PureWeen/PolyPilot,dep-update.md,15,2026-04-22 03:53:12+00:00,0.4748,False,,body only,0.9976,0.34,,,False
2545,530,PureWeen/PolyPilot,dep-update.md,16,2026-04-22 04:06:24+00:00,0.463,False,,body only,0.9396,0.01,,,False
2546,531,PureWeen/PolyPilot,expert-review.md,1,2026-04-28 16:58:41+00:00,1.0,True,,,,,,,
2547,532,PureWeen/PolyPilot,fix-review-findings.md,1,2026-04-28 16:58:41+00:00,1.0,False,,,,,,,
2548,532,PureWeen/PolyPilot,fix-review-findings.md,2,2026-04-28 18:25:26+00:00,0.843,False,,both,0.843,0.06,,,False
2549,532,PureWeen/PolyPilot,fix-review-findings.md,3,2026-04-28 18:52:18+00:00,0.8255,False,,body only,0.9727,0.02,,,False
2550,532,PureWeen/PolyPilot,fix-review-findings.md,4,2026-04-28 20:12:12+00:00,0.7276,False,,body only,0.868,0.06,,,False
2551,532,PureWeen/PolyPilot,fix-review-findings.md,5,2026-04-30 20:30:32+00:00,0.7595,False,,both,0.9046,2.01,,,False
2552,533,PureWeen/PolyPilot,fix.agent.md,1,2026-04-22 03:16:04+00:00,1.0,True,,,,,,,
2553,534,PureWeen/PolyPilot,instruction-drift.agent.md,1,2026-04-21 18:54:21+00:00,1.0,False,,,,,,,
2554,534,PureWeen/PolyPilot,instruction-drift.agent.md,2,2026-04-22 02:24:58+00:00,0.9629,False,,body only,0.9629,0.31,,,False
2555,534,PureWeen/PolyPilot,instruction-drift.agent.md,3,2026-04-22 03:25:24+00:00,0.5735,False,,both,0.5634,0.04,steps,,False
2556,534,PureWeen/PolyPilot,instruction-drift.agent.md,4,2026-04-22 03:57:22+00:00,0.3346,False,,both,0.3955,0.02,,,False
2557,534,PureWeen/PolyPilot,instruction-drift.agent.md,5,2026-04-22 04:09:47+00:00,0.5683,False,,both,0.3828,0.01,,,False
2558,534,PureWeen/PolyPilot,instruction-drift.agent.md,6,2026-04-22 12:21:07+00:00,0.5683,False,,frontmatter only,1.0,0.34,,tools,False
2559,534,PureWeen/PolyPilot,instruction-drift.agent.md,7,2026-04-22 12:49:58+00:00,0.3765,False,,both,0.4376,0.02,,,False
2560,534,PureWeen/PolyPilot,instruction-drift.agent.md,8,2026-04-23 16:45:46+00:00,0.3669,False,,both,0.986,1.16,,,False
2561,534,PureWeen/PolyPilot,instruction-drift.agent.md,9,2026-04-24 19:45:23+00:00,0.3551,False,,both,0.8322,1.12,,,False
2562,534,PureWeen/PolyPilot,instruction-drift.agent.md,10,2026-04-24 20:09:32+00:00,0.3356,False,,body only,0.8766,0.02,,,False
2563,534,PureWeen/PolyPilot,instruction-drift.agent.md,11,2026-04-24 20:48:47+00:00,0.2579,False,,body only,0.5251,0.03,,,False
2564,535,PureWeen/PolyPilot,review-on-open.agent.md,1,2026-04-18 18:21:36+00:00,1.0,True,,,,,,,
2565,535,PureWeen/PolyPilot,review-on-open.agent.md,2,2026-04-20 01:46:05+00:00,1.0,True,,frontmatter only,1.0,1.31,concurrency,,False
2566,535,PureWeen/PolyPilot,review-on-open.agent.md,3,2026-04-21 18:54:21+00:00,1.0,True,,frontmatter only,1.0,1.71,,concurrency,False
2567,535,PureWeen/PolyPilot,review-on-open.agent.md,4,2026-04-22 02:24:58+00:00,1.0,True,,frontmatter only,1.0,0.31,concurrency; if,,False
2568,535,PureWeen/PolyPilot,review-on-open.agent.md,5,2026-04-28 16:58:41+00:00,1.0,True,,frontmatter only,1.0,6.61,,,False
2569,536,PureWeen/PolyPilot,review-retro.agent.md,1,2026-04-22 03:16:04+00:00,1.0,False,,,,,,,
2570,536,PureWeen/PolyPilot,review-retro.agent.md,2,2026-04-28 16:58:41+00:00,0.9983,False,,body only,0.9983,6.57,,,False
2571,537,jurre/huebar,code-review.md,1,2026-02-15 20:51:58+00:00,1.0,False,,,,,,,
2572,538,jurre/huebar,release-notes.md,1,2026-02-15 20:51:58+00:00,1.0,False,,,,,,,
2573,539,popey/sbom-vm,repo-assist.md,1,2026-06-02 16:18:52+00:00,1.0,False,githubnext/agentics/workflows/repo-assist.md@c02eadfca420f2b351f9fcaee883c507a63ca316,,,,,,
2574,539,popey/sbom-vm,repo-assist.md,2,2026-06-03 10:30:35+00:00,1.0,False,githubnext/agentics/workflows/repo-assist.md@c02eadfca420f2b351f9fcaee883c507a63ca316,frontmatter only,1.0,0.76,engine; model,,False
2575,539,popey/sbom-vm,repo-assist.md,3,2026-06-03 11:02:36+00:00,1.0,False,githubnext/agentics/workflows/repo-assist.md@c02eadfca420f2b351f9fcaee883c507a63ca316,frontmatter only,1.0,0.02,,model,False
2576,539,popey/sbom-vm,repo-assist.md,4,2026-06-04 07:57:02+00:00,1.0,False,githubnext/agentics/workflows/repo-assist.md@c02eadfca420f2b351f9fcaee883c507a63ca316,frontmatter only,1.0,0.87,,,False
2577,540,zircote/rlm-rs,ci-doctor.md,1,2026-02-17 02:34:49+00:00,1.0,False,githubnext/agentics/workflows/ci-doctor.md@adea00ee5830135f24022f1000d706c7f5fa24c4,,,,,,
2578,540,zircote/rlm-rs,ci-doctor.md,2,2026-02-27 18:58:05+00:00,1.0,False,githubnext/agentics/workflows/ci-doctor.md@adea00ee5830135f24022f1000d706c7f5fa24c4,both,1.0,10.68,,,False
2579,540,zircote/rlm-rs,ci-doctor.md,3,2026-05-15 13:22:59+00:00,1.0,False,githubnext/agentics/workflows/ci-doctor.md@adea00ee5830135f24022f1000d706c7f5fa24c4,frontmatter only,1.0,76.77,,,False
2580,541,zircote/rlm-rs,daily-qa.md,1,2026-02-17 03:05:52+00:00,1.0,False,githubnext/agentics/workflows/daily-qa.md@adea00ee5830135f24022f1000d706c7f5fa24c4,,,,,,
2581,541,zircote/rlm-rs,daily-qa.md,2,2026-02-27 18:58:05+00:00,1.0,False,githubnext/agentics/workflows/daily-qa.md@adea00ee5830135f24022f1000d706c7f5fa24c4,frontmatter only,1.0,10.66,,,False
2582,542,zircote/rlm-rs,docs-freshness.md,1,2026-02-26 21:36:38+00:00,1.0,False,,,,,,,
2583,543,zircote/rlm-rs,issue-triage.md,1,2026-02-17 02:34:33+00:00,1.0,False,githubnext/agentics/workflows/issue-triage.md@adea00ee5830135f24022f1000d706c7f5fa24c4,,,,,,
2584,544,brunoborges/jairosvg,effort-labeler.md,1,2026-03-05 04:02:37+00:00,1.0,False,,,,,,,
2585,544,brunoborges/jairosvg,effort-labeler.md,2,2026-03-05 04:03:31+00:00,0.9947,False,,body only,0.9947,0.0,,,False
2586,544,brunoborges/jairosvg,effort-labeler.md,3,2026-03-05 04:15:23+00:00,0.9509,False,,both,0.9556,0.01,,,False
2587,544,brunoborges/jairosvg,effort-labeler.md,4,2026-03-05 04:34:59+00:00,0.9509,False,,frontmatter only,1.0,0.01,if,,False
2588,544,brunoborges/jairosvg,effort-labeler.md,5,2026-03-05 04:36:39+00:00,0.9509,False,,frontmatter only,1.0,0.0,,,False
2589,544,brunoborges/jairosvg,effort-labeler.md,6,2026-04-01 19:42:47+00:00,0.9298,False,,body only,0.9806,27.63,,,False
2590,545,microsoft/agentrc,ci-doctor.md,1,2026-02-27 23:58:53+00:00,1.0,False,,,,,,,
2591,545,microsoft/agentrc,ci-doctor.md,2,2026-05-13 23:28:00+00:00,1.0,False,,frontmatter only,1.0,74.98,,,False
2592,546,microsoft/agentrc,code-simplifier.md,1,2026-02-27 23:58:53+00:00,1.0,False,,,,,,,
2593,546,microsoft/agentrc,code-simplifier.md,2,2026-05-13 23:28:00+00:00,1.0,False,,frontmatter only,1.0,74.98,,,False
2594,547,microsoft/agentrc,daily-doc-updater.md,1,2026-02-27 23:58:53+00:00,1.0,False,,,,,,,
2595,547,microsoft/agentrc,daily-doc-updater.md,2,2026-03-17 04:45:08+00:00,0.9408,False,,body only,0.9408,17.2,,,False
2596,547,microsoft/agentrc,daily-doc-updater.md,3,2026-05-13 23:28:00+00:00,0.9408,False,,frontmatter only,1.0,57.78,,,False
2597,548,asizikov-demos/copilot-user-level-statistics-viewer,code-duplication-scan.md,1,2026-05-02 13:30:10+00:00,1.0,False,,,,,,,
2598,548,asizikov-demos/copilot-user-level-statistics-viewer,code-duplication-scan.md,2,2026-05-22 20:07:53+00:00,1.0,False,,frontmatter only,1.0,20.28,,,False
2599,548,asizikov-demos/copilot-user-level-statistics-viewer,code-duplication-scan.md,3,2026-05-22 20:19:44+00:00,1.0,False,,frontmatter only,1.0,0.01,,,False
2600,548,asizikov-demos/copilot-user-level-statistics-viewer,code-duplication-scan.md,4,2026-05-23 06:32:31+00:00,1.0,False,,frontmatter only,1.0,0.43,,,False
2601,548,asizikov-demos/copilot-user-level-statistics-viewer,code-duplication-scan.md,5,2026-05-23 07:07:43+00:00,1.0,False,,frontmatter only,1.0,0.02,,,False
2602,548,asizikov-demos/copilot-user-level-statistics-viewer,code-duplication-scan.md,6,2026-06-07 18:26:11+00:00,0.9501,False,,body only,0.9501,15.47,,,False
2603,548,asizikov-demos/copilot-user-level-statistics-viewer,code-duplication-scan.md,7,2026-06-19 13:32:43+00:00,0.9501,False,,frontmatter only,1.0,11.8,,,False
2604,549,asizikov-demos/copilot-user-level-statistics-viewer,dependency-audit.md,1,2026-02-21 12:56:04+00:00,1.0,False,,,,,,,
2605,549,asizikov-demos/copilot-user-level-statistics-viewer,dependency-audit.md,2,2026-02-21 13:37:41+00:00,0.823,False,,both,0.823,0.03,,,False
2606,549,asizikov-demos/copilot-user-level-statistics-viewer,dependency-audit.md,3,2026-06-19 13:32:43+00:00,0.823,False,,frontmatter only,1.0,118.0,,,False
2607,550,SonarSource/sonarqube-cli,ci-failure-triage-agent.md,1,2026-05-27 17:47:51+00:00,1.0,False,,,,,,,
2608,550,SonarSource/sonarqube-cli,ci-failure-triage-agent.md,2,2026-06-08 08:30:19+00:00,0.0089,True,,both,0.0089,11.61,if; imports,checkout; env; safe-outputs; tools,False
2609,551,henrybravo/docker-sandbox-run-copilot,check-copilot-version.md,1,2026-03-12 14:04:34+00:00,1.0,False,,,,,,,
2610,551,henrybravo/docker-sandbox-run-copilot,check-copilot-version.md,2,2026-04-11 07:14:58+00:00,0.9884,False,,body only,0.9884,29.72,,,False
2611,552,elastic/elastic-docs-skills,skill-eval-test.md,1,2026-03-05 10:09:04+00:00,1.0,False,,,,,,,
2612,552,elastic/elastic-docs-skills,skill-eval-test.md,2,2026-03-05 10:30:34+00:00,0.9547,False,,body only,0.9547,0.01,,,False
2613,552,elastic/elastic-docs-skills,skill-eval-test.md,3,2026-06-22 06:45:07+00:00,0.9547,False,,frontmatter only,1.0,108.84,,,False
2614,553,elastic/elastic-docs-skills,skill-freshness.md,1,2026-02-23 13:56:00+00:00,1.0,False,,,,,,,
2615,553,elastic/elastic-docs-skills,skill-freshness.md,2,2026-02-23 17:13:17+00:00,1.0,False,,frontmatter only,1.0,0.14,,,False
2616,553,elastic/elastic-docs-skills,skill-freshness.md,3,2026-02-23 17:25:51+00:00,0.7647,False,,body only,0.7647,0.01,,,False
2617,553,elastic/elastic-docs-skills,skill-freshness.md,4,2026-03-04 10:31:07+00:00,0.5696,False,,body only,0.7448,8.71,,,False
2618,553,elastic/elastic-docs-skills,skill-freshness.md,5,2026-03-05 10:09:04+00:00,0.4245,False,,body only,0.7504,0.98,,,False
2619,553,elastic/elastic-docs-skills,skill-freshness.md,6,2026-03-05 10:24:01+00:00,0.5093,False,,body only,0.7185,0.01,,,False
2620,553,elastic/elastic-docs-skills,skill-freshness.md,7,2026-03-05 10:26:27+00:00,0.3804,False,,body only,0.7533,0.0,,,False
2621,553,elastic/elastic-docs-skills,skill-freshness.md,8,2026-03-05 10:30:34+00:00,0.3891,False,,body only,0.9061,0.0,,,False
2622,553,elastic/elastic-docs-skills,skill-freshness.md,9,2026-03-24 09:31:24+00:00,0.3786,False,,body only,0.9825,18.96,,,False
2623,553,elastic/elastic-docs-skills,skill-freshness.md,10,2026-05-26 10:54:10+00:00,0.3539,False,,body only,0.9371,63.06,,,False
2624,553,elastic/elastic-docs-skills,skill-freshness.md,11,2026-06-22 06:45:07+00:00,0.3539,False,,frontmatter only,1.0,26.83,,,False
2625,554,elastic/elastic-docs-skills,skill-quality-review.md,1,2026-03-05 09:51:18+00:00,1.0,False,,,,,,,
2626,554,elastic/elastic-docs-skills,skill-quality-review.md,2,2026-03-05 10:30:34+00:00,0.9707,False,,body only,0.9707,0.03,,,False
2627,554,elastic/elastic-docs-skills,skill-quality-review.md,3,2026-05-07 12:01:55+00:00,0.9551,False,,body only,0.9844,63.06,,,False
2628,554,elastic/elastic-docs-skills,skill-quality-review.md,4,2026-06-22 06:45:07+00:00,0.9551,False,,frontmatter only,1.0,45.78,,,False
2629,555,AndreaGriffiths11/IssueCrush,daily-repo-status.md,1,2026-02-15 05:01:28+00:00,1.0,False,githubnext/agentics/workflows/daily-repo-status.md@eb7950f37d350af6fa09d19827c4883e72947221,,,,,,
2630,556,AndreaGriffiths11/IssueCrush,update-docs.md,1,2026-02-15 05:01:28+00:00,1.0,False,githubnext/agentics/workflows/update-docs.md@eb7950f37d350af6fa09d19827c4883e72947221,,,,,,
2631,557,hatch3r/hatch3r,generate-docusaurus-docs.md,1,2026-03-02 06:54:18+00:00,1.0,False,,,,,,,
2632,558,pockebot/openpocket,issue-fix.md,1,2026-02-23 01:29:41+00:00,1.0,False,,,,,,,
2633,558,pockebot/openpocket,issue-fix.md,2,2026-02-23 01:53:40+00:00,0.1688,False,,both,0.1688,0.02,,,False
2634,559,pockebot/openpocket,issue-plan.md,1,2026-02-23 01:29:41+00:00,1.0,False,,,,,,,
2635,560,FalkorDB/falkordb-rs-next-gen,flaky-test-rca.md,1,2026-06-01 16:34:44+00:00,1.0,False,,,,,,,
2636,560,FalkorDB/falkordb-rs-next-gen,flaky-test-rca.md,2,2026-06-04 08:16:08+00:00,0.8405,False,,both,0.8405,2.65,,,False
2637,560,FalkorDB/falkordb-rs-next-gen,flaky-test-rca.md,3,2026-06-04 08:43:13+00:00,0.818,False,,body only,0.9755,0.02,,,False
2638,560,FalkorDB/falkordb-rs-next-gen,flaky-test-rca.md,4,2026-06-04 09:08:43+00:00,0.6995,False,,both,0.64,0.02,,,False
2639,561,FalkorDB/falkordb-rs-next-gen,flow-migration-rca.md,1,2026-06-04 15:31:29+00:00,1.0,False,,,,,,,
2640,562,FalkorDB/falkordb-rs-next-gen,flow-tests-migration.md,1,2026-06-01 17:21:42+00:00,1.0,False,,,,,,,
2641,562,FalkorDB/falkordb-rs-next-gen,flow-tests-migration.md,2,2026-06-01 17:41:36+00:00,0.8385,False,,both,0.8385,0.01,,,False
2642,562,FalkorDB/falkordb-rs-next-gen,flow-tests-migration.md,3,2026-06-04 15:31:29+00:00,0.3726,False,,both,0.5233,2.91,,,False
2643,563,DevExpGbb/gh-devlake,docs-sync.md,1,2026-03-11 22:30:31+00:00,1.0,False,,,,,,,
2644,564,dorlugasigal/TermBeam,scorecard-monitor.md,1,2026-03-27 09:13:19+00:00,1.0,False,,,,,,,
2645,564,dorlugasigal/TermBeam,scorecard-monitor.md,2,2026-03-27 10:06:46+00:00,0.8933,False,,body only,0.8933,0.04,,,False
2646,565,inference-sh/shadcn-registry,code-review.md,1,2026-05-19 08:11:17+00:00,1.0,False,,,,,,,
2647,565,inference-sh/shadcn-registry,code-review.md,2,2026-05-19 08:13:55+00:00,1.0,False,,frontmatter only,1.0,0.0,,,False
2648,566,microsoft/Microsoft-AI-Decision-Framework,link-checker.md,1,2026-02-27 21:40:24+00:00,1.0,False,,,,,,,
2649,566,microsoft/Microsoft-AI-Decision-Framework,link-checker.md,2,2026-02-27 22:02:49+00:00,1.0,False,,frontmatter only,1.0,0.02,,,False
2650,566,microsoft/Microsoft-AI-Decision-Framework,link-checker.md,3,2026-02-27 22:09:37+00:00,1.0,False,,frontmatter only,1.0,0.0,,network,False
2651,566,microsoft/Microsoft-AI-Decision-Framework,link-checker.md,4,2026-05-11 17:23:26+00:00,0.0982,False,,both,0.0982,72.8,description; network; timeout-minutes,strict,False
2652,566,microsoft/Microsoft-AI-Decision-Framework,link-checker.md,5,2026-05-11 18:04:43+00:00,0.0799,False,,both,0.3086,0.03,steps,,False
2653,566,microsoft/Microsoft-AI-Decision-Framework,link-checker.md,6,2026-05-11 18:12:59+00:00,0.0799,False,,frontmatter only,1.0,0.01,,,False
2654,566,microsoft/Microsoft-AI-Decision-Framework,link-checker.md,7,2026-05-18 14:20:43+00:00,0.0681,False,,body only,0.731,6.84,,,False
2655,567,github/gh-aw-actions,daily-runtime-threat-scan.md,1,2026-05-13 01:23:54+00:00,1.0,False,,,,,,,
2656,567,github/gh-aw-actions,daily-runtime-threat-scan.md,2,2026-06-12 22:18:56+00:00,1.0,False,,frontmatter only,1.0,30.87,,features,False
2657,568,microsoft/physical-ai-toolchain,aw-dependabot-pr-review.md,1,2026-04-20 16:15:27+00:00,1.0,False,,,,,,,
2658,568,microsoft/physical-ai-toolchain,aw-dependabot-pr-review.md,2,2026-04-27 12:08:53+00:00,1.0,False,,frontmatter only,1.0,6.83,,,False
2659,568,microsoft/physical-ai-toolchain,aw-dependabot-pr-review.md,3,2026-04-27 12:42:52+00:00,1.0,False,,frontmatter only,1.0,0.02,steps,pre-agent-steps,False
2660,568,microsoft/physical-ai-toolchain,aw-dependabot-pr-review.md,4,2026-04-28 07:49:19+00:00,0.7269,False,,both,0.7269,0.8,,,False
2661,568,microsoft/physical-ai-toolchain,aw-dependabot-pr-review.md,5,2026-04-28 09:12:09+00:00,0.7269,False,,frontmatter only,1.0,0.06,,,False
2662,568,microsoft/physical-ai-toolchain,aw-dependabot-pr-review.md,6,2026-04-28 10:05:17+00:00,0.7269,False,,frontmatter only,1.0,0.04,,,False
2663,568,microsoft/physical-ai-toolchain,aw-dependabot-pr-review.md,7,2026-04-28 13:20:44+00:00,0.7047,False,,both,0.9138,0.14,,,False
2664,568,microsoft/physical-ai-toolchain,aw-dependabot-pr-review.md,8,2026-05-13 05:03:39+00:00,0.5868,False,,both,0.7133,14.65,concurrency,,False
2665,568,microsoft/physical-ai-toolchain,aw-dependabot-pr-review.md,9,2026-06-15 07:05:41+00:00,0.6135,False,,both,0.8005,33.08,,if,False
2666,568,microsoft/physical-ai-toolchain,aw-dependabot-pr-review.md,10,2026-06-17 17:54:13+00:00,0.5752,False,,body only,0.9572,2.45,,,False
2667,568,microsoft/physical-ai-toolchain,aw-dependabot-pr-review.md,11,2026-06-23 07:26:13+00:00,0.5752,False,,frontmatter only,1.0,5.56,,,False
2668,569,webmaxru/web-ai-agent-skills,skill-update-worker.md,1,2026-03-15 18:31:31+00:00,1.0,False,,,,,,,
2669,569,webmaxru/web-ai-agent-skills,skill-update-worker.md,2,2026-03-15 19:09:07+00:00,0.7363,False,,both,0.7363,0.03,,,False
2670,569,webmaxru/web-ai-agent-skills,skill-update-worker.md,3,2026-03-16 10:51:13+00:00,0.7363,False,,frontmatter only,1.0,0.65,concurrency,,False
2671,569,webmaxru/web-ai-agent-skills,skill-update-worker.md,4,2026-05-15 09:50:54+00:00,0.7363,False,,frontmatter only,1.0,59.96,,,False
2672,570,dotnet/maui-labs,ai-docs-audit.md,1,2026-03-29 18:47:12+00:00,1.0,False,,,,,,,
2673,570,dotnet/maui-labs,ai-docs-audit.md,2,2026-04-16 11:04:17+00:00,0.9634,False,,body only,0.9634,17.68,,,False
2674,570,dotnet/maui-labs,ai-docs-audit.md,3,2026-04-16 11:10:31+00:00,0.9577,False,,body only,0.9956,0.0,,,False
2675,570,dotnet/maui-labs,ai-docs-audit.md,4,2026-04-16 11:15:15+00:00,0.4911,False,,both,0.5268,0.0,,,False
2676,570,dotnet/maui-labs,ai-docs-audit.md,5,2026-04-16 11:28:54+00:00,0.4722,False,,body only,0.9496,0.01,,,False
2677,570,dotnet/maui-labs,ai-docs-audit.md,6,2026-05-08 07:52:42+00:00,0.3866,False,,both,0.6976,21.85,,,False
2678,571,dotnet/maui-labs,pr-docs-check.md,1,2026-04-16 09:15:21+00:00,1.0,False,,,,,,,
2679,571,dotnet/maui-labs,pr-docs-check.md,2,2026-04-16 10:40:13+00:00,0.7023,False,,both,0.7023,0.06,,,False
2680,571,dotnet/maui-labs,pr-docs-check.md,3,2026-04-16 14:26:03+00:00,0.5748,False,,both,0.8654,0.16,,,False
2681,571,dotnet/maui-labs,pr-docs-check.md,4,2026-05-06 14:15:01+00:00,0.5524,False,,both,0.8243,19.99,checkout,,False
2682,571,dotnet/maui-labs,pr-docs-check.md,5,2026-05-06 14:36:33+00:00,0.5524,False,,frontmatter only,1.0,0.01,,,False
2683,571,dotnet/maui-labs,pr-docs-check.md,6,2026-05-06 21:18:32+00:00,0.5146,False,,both,0.5948,0.28,,checkout,False
2684,571,dotnet/maui-labs,pr-docs-check.md,7,2026-05-08 11:50:31+00:00,0.5146,False,,frontmatter only,1.0,1.61,,,False
2685,572,dotnet/maui-labs,review-on-open.agent.md,1,2026-04-22 13:56:23+00:00,1.0,True,,,,,,,
2686,572,dotnet/maui-labs,review-on-open.agent.md,2,2026-04-28 21:54:03+00:00,1.0,True,,frontmatter only,1.0,6.33,concurrency,,False
2687,573,dotnet/maui-labs,review.agent.md,1,2026-04-22 13:56:23+00:00,1.0,True,,,,,,,
2688,573,dotnet/maui-labs,review.agent.md,2,2026-04-28 21:54:03+00:00,1.0,True,,frontmatter only,1.0,6.33,concurrency,,False
2689,574,dotnet/skills,close-stale-prs.agent.md,1,2026-03-25 12:00:10+00:00,1.0,False,,,,,,,
2690,574,dotnet/skills,close-stale-prs.agent.md,2,2026-03-30 12:45:24+00:00,1.0,False,,frontmatter only,1.0,5.03,,,False
2691,574,dotnet/skills,close-stale-prs.agent.md,3,2026-04-07 10:37:30+00:00,1.0,False,,frontmatter only,1.0,7.91,engine; jobs,,False
2692,574,dotnet/skills,close-stale-prs.agent.md,4,2026-05-08 07:33:08+00:00,1.0,False,,no change,1.0,30.87,,,False
2693,574,dotnet/skills,close-stale-prs.agent.md,5,2026-06-09 17:58:25+00:00,1.0,False,,frontmatter only,1.0,32.43,,,False
2694,574,dotnet/skills,close-stale-prs.agent.md,6,2026-06-10 08:20:09+00:00,1.0,False,,frontmatter only,1.0,0.6,imports,jobs,False
2695,574,dotnet/skills,close-stale-prs.agent.md,7,2026-06-25 22:35:22+00:00,1.0,False,,frontmatter only,1.0,15.59,environment,,False
2696,575,dotnet/skills,devops-health-check.md,1,2026-03-02 20:59:28+00:00,1.0,False,,,,,,,
2697,575,dotnet/skills,devops-health-check.md,2,2026-03-03 15:21:10+00:00,0.9719,False,,both,0.9719,0.77,,,False
2698,575,dotnet/skills,devops-health-check.md,3,2026-03-04 08:16:18+00:00,0.9669,False,,body only,0.9951,0.7,,,False
2699,575,dotnet/skills,devops-health-check.md,4,2026-03-04 13:17:23+00:00,0.9102,False,,both,0.9405,0.21,,,False
2700,575,dotnet/skills,devops-health-check.md,5,2026-03-05 09:23:47+00:00,0.8954,False,,both,0.9848,0.84,,,False
2701,575,dotnet/skills,devops-health-check.md,6,2026-03-06 09:06:31+00:00,0.8851,False,,both,0.9885,0.99,timeout-minutes,,False
2702,575,dotnet/skills,devops-health-check.md,7,2026-03-06 12:47:38+00:00,0.8793,False,,body only,0.9933,0.15,,,False
2703,575,dotnet/skills,devops-health-check.md,8,2026-03-09 10:55:18+00:00,0.8739,False,,both,0.9945,2.92,,,False
2704,575,dotnet/skills,devops-health-check.md,9,2026-03-09 13:23:07+00:00,0.8301,False,,body only,0.9495,0.1,,,False
2705,575,dotnet/skills,devops-health-check.md,10,2026-03-11 09:17:01+00:00,0.8301,False,,frontmatter only,1.0,1.83,if,,False
2706,575,dotnet/skills,devops-health-check.md,11,2026-03-13 09:04:28+00:00,0.8301,False,,frontmatter only,1.0,1.99,,,False
2707,575,dotnet/skills,devops-health-check.md,12,2026-03-30 12:45:24+00:00,0.8301,False,,frontmatter only,1.0,17.15,,,False
2708,575,dotnet/skills,devops-health-check.md,13,2026-04-07 10:37:30+00:00,0.8301,False,,frontmatter only,1.0,7.91,engine; jobs,,False
2709,575,dotnet/skills,devops-health-check.md,14,2026-04-09 18:10:13+00:00,0.8193,False,,body only,0.9874,2.31,,,False
2710,575,dotnet/skills,devops-health-check.md,15,2026-04-13 15:39:20+00:00,0.5949,False,,both,0.8553,3.9,,,False
2711,575,dotnet/skills,devops-health-check.md,16,2026-05-11 18:31:24+00:00,0.5873,False,,body only,0.949,28.12,,,False
2712,575,dotnet/skills,devops-health-check.md,17,2026-06-09 17:47:06+00:00,0.5366,False,,body only,0.9132,28.97,,,False
2713,575,dotnet/skills,devops-health-check.md,18,2026-06-09 17:58:25+00:00,0.5366,False,,frontmatter only,1.0,0.01,,,False
2714,575,dotnet/skills,devops-health-check.md,19,2026-06-10 08:20:09+00:00,0.5366,False,,frontmatter only,1.0,0.6,,jobs,False
2715,575,dotnet/skills,devops-health-check.md,20,2026-06-24 09:00:39+00:00,0.524,False,,both,0.9753,14.03,,,False
2716,575,dotnet/skills,devops-health-check.md,21,2026-06-25 22:35:22+00:00,0.524,False,,frontmatter only,1.0,1.57,environment,,False
2717,576,dotnet/skills,devops-health-groom.md,1,2026-03-05 09:23:47+00:00,1.0,False,,,,,,,
2718,576,dotnet/skills,devops-health-groom.md,2,2026-03-06 09:06:31+00:00,0.9634,False,,both,0.9634,0.99,timeout-minutes,,False
2719,576,dotnet/skills,devops-health-groom.md,3,2026-03-06 12:47:38+00:00,0.8814,False,,body only,0.9146,0.15,,,False
2720,576,dotnet/skills,devops-health-groom.md,4,2026-03-10 11:07:20+00:00,0.8597,False,,body only,0.9759,3.93,,,False
2721,576,dotnet/skills,devops-health-groom.md,5,2026-03-11 09:17:01+00:00,0.8597,False,,frontmatter only,1.0,0.92,if,,False
2722,576,dotnet/skills,devops-health-groom.md,6,2026-03-13 09:04:28+00:00,0.8597,False,,frontmatter only,1.0,1.99,,,False
2723,576,dotnet/skills,devops-health-groom.md,7,2026-03-30 12:45:24+00:00,0.8597,False,,frontmatter only,1.0,17.15,,,False
2724,576,dotnet/skills,devops-health-groom.md,8,2026-04-07 10:37:30+00:00,0.8597,False,,frontmatter only,1.0,7.91,engine; jobs,,False
2725,576,dotnet/skills,devops-health-groom.md,9,2026-04-09 18:10:13+00:00,0.8101,False,,body only,0.9436,2.31,,,False
2726,576,dotnet/skills,devops-health-groom.md,10,2026-04-13 15:39:20+00:00,0.8101,False,,frontmatter only,1.0,3.9,,,False
2727,576,dotnet/skills,devops-health-groom.md,11,2026-04-15 17:01:40+00:00,0.6602,False,,body only,0.7635,2.06,,,False
2728,576,dotnet/skills,devops-health-groom.md,12,2026-05-07 11:23:33+00:00,0.6374,False,,both,0.9225,21.77,,,False
2729,576,dotnet/skills,devops-health-groom.md,13,2026-05-11 13:16:20+00:00,0.6403,False,,both,0.8902,4.08,,,False
2730,576,dotnet/skills,devops-health-groom.md,14,2026-05-11 18:31:24+00:00,0.582,False,,body only,0.9174,0.22,,,False
2731,576,dotnet/skills,devops-health-groom.md,15,2026-06-09 17:58:25+00:00,0.582,False,,frontmatter only,1.0,28.98,,,False
2732,576,dotnet/skills,devops-health-groom.md,16,2026-06-10 08:20:09+00:00,0.582,False,,frontmatter only,1.0,0.6,,jobs,False
2733,576,dotnet/skills,devops-health-groom.md,17,2026-06-24 09:00:39+00:00,0.5558,False,,body only,0.9508,14.03,,,False
2734,576,dotnet/skills,devops-health-groom.md,18,2026-06-25 22:35:22+00:00,0.5558,False,,frontmatter only,1.0,1.57,environment,,False
2735,577,dotnet/skills,devops-health-investigate.md,1,2026-03-02 20:59:28+00:00,1.0,False,,,,,,,
2736,577,dotnet/skills,devops-health-investigate.md,2,2026-03-03 15:21:10+00:00,0.9164,False,,both,0.9164,0.77,,,False
2737,577,dotnet/skills,devops-health-investigate.md,3,2026-03-05 09:23:47+00:00,0.912,False,,both,0.9927,1.75,concurrency,,False
2738,577,dotnet/skills,devops-health-investigate.md,4,2026-03-06 09:06:31+00:00,0.912,False,,frontmatter only,1.0,0.99,timeout-minutes,,False
2739,577,dotnet/skills,devops-health-investigate.md,5,2026-03-09 10:55:18+00:00,0.912,False,,frontmatter only,1.0,3.08,,,False
2740,577,dotnet/skills,devops-health-investigate.md,6,2026-03-13 09:04:28+00:00,0.912,False,,frontmatter only,1.0,3.92,,,False
2741,577,dotnet/skills,devops-health-investigate.md,7,2026-03-30 12:45:24+00:00,0.912,False,,frontmatter only,1.0,17.15,,,False
2742,577,dotnet/skills,devops-health-investigate.md,8,2026-04-07 10:37:30+00:00,0.912,False,,frontmatter only,1.0,7.91,engine; jobs,,False
2743,577,dotnet/skills,devops-health-investigate.md,9,2026-04-13 15:39:20+00:00,0.9012,False,,both,0.991,6.21,,,False
2744,577,dotnet/skills,devops-health-investigate.md,10,2026-06-09 17:58:25+00:00,0.9012,False,,frontmatter only,1.0,57.1,,,False
2745,577,dotnet/skills,devops-health-investigate.md,11,2026-06-10 08:20:09+00:00,0.9012,False,,frontmatter only,1.0,0.6,,jobs,False
2746,577,dotnet/skills,devops-health-investigate.md,12,2026-06-25 22:35:22+00:00,0.9012,False,,frontmatter only,1.0,15.59,environment,,False
2747,578,dotnet/skills,issue-investigate.md,1,2026-05-06 13:39:20+00:00,1.0,False,,,,,,,
2748,578,dotnet/skills,issue-investigate.md,2,2026-05-08 07:33:08+00:00,1.0,False,,no change,1.0,1.75,,,False
2749,578,dotnet/skills,issue-investigate.md,3,2026-06-09 17:58:25+00:00,1.0,False,,frontmatter only,1.0,32.43,,,False
2750,578,dotnet/skills,issue-investigate.md,4,2026-06-10 08:20:09+00:00,1.0,False,,frontmatter only,1.0,0.6,imports,jobs,False
2751,578,dotnet/skills,issue-investigate.md,5,2026-06-25 22:35:22+00:00,1.0,False,,frontmatter only,1.0,15.59,environment,,False
2752,579,dotnet/skills,issue-triage.md,1,2026-05-06 13:39:20+00:00,1.0,False,,,,,,,
2753,579,dotnet/skills,issue-triage.md,2,2026-05-07 10:42:56+00:00,0.9475,False,,both,0.9475,0.88,,,False
2754,579,dotnet/skills,issue-triage.md,3,2026-06-03 18:31:02+00:00,0.9475,False,,frontmatter only,1.0,27.33,,,False
2755,579,dotnet/skills,issue-triage.md,4,2026-06-08 16:20:31+00:00,0.9431,False,,body only,0.9959,4.91,,,False
2756,579,dotnet/skills,issue-triage.md,5,2026-06-09 17:58:25+00:00,0.9431,False,,frontmatter only,1.0,1.07,,,False
2757,579,dotnet/skills,issue-triage.md,6,2026-06-10 08:20:09+00:00,0.9431,False,,frontmatter only,1.0,0.6,imports,jobs,False
2758,579,dotnet/skills,issue-triage.md,7,2026-06-10 08:22:55+00:00,0.8785,False,,both,0.932,0.0,,,False
2759,579,dotnet/skills,issue-triage.md,8,2026-06-25 22:35:22+00:00,0.8785,False,,frontmatter only,1.0,15.59,environment,,False
2760,580,dotnet/skills,markdown-linter.md,1,2026-04-23 13:57:45+00:00,1.0,False,,,,,,,
2761,580,dotnet/skills,markdown-linter.md,2,2026-06-09 17:58:25+00:00,1.0,False,,frontmatter only,1.0,47.17,,,False
2762,580,dotnet/skills,markdown-linter.md,3,2026-06-10 08:20:09+00:00,1.0,False,,frontmatter only,1.0,0.6,imports,,False
2763,580,dotnet/skills,markdown-linter.md,4,2026-06-25 22:35:22+00:00,1.0,False,,frontmatter only,1.0,15.59,environment,,False
2764,581,dotnet/skills,pr-malicious-scan.agent.md,1,2026-06-03 20:01:19+00:00,1.0,False,,,,,,,
2765,581,dotnet/skills,pr-malicious-scan.agent.md,2,2026-06-04 10:30:55+00:00,0.8956,False,,both,0.8956,0.6,,,False
2766,581,dotnet/skills,pr-malicious-scan.agent.md,3,2026-06-09 17:58:25+00:00,0.8956,False,,frontmatter only,1.0,5.31,,,False
2767,581,dotnet/skills,pr-malicious-scan.agent.md,4,2026-06-10 08:20:09+00:00,0.8956,False,,frontmatter only,1.0,0.6,imports,jobs,False
2768,581,dotnet/skills,pr-malicious-scan.agent.md,5,2026-06-25 22:35:22+00:00,0.8956,False,,frontmatter only,1.0,15.59,environment,,False
2769,582,iamnbutler/gpui-unofficial,ci-fix.md,1,2026-04-03 01:30:15+00:00,1.0,False,,,,,,,
2770,582,iamnbutler/gpui-unofficial,ci-fix.md,2,2026-04-03 02:01:16+00:00,1.0,False,,both,1.0,0.02,engine,,False
2771,582,iamnbutler/gpui-unofficial,ci-fix.md,3,2026-04-17 14:18:05+00:00,0.9666,False,,body only,0.9666,14.51,,,False
2772,583,githubnext/autoloop,autoloop.md,1,2026-04-03 06:23:35+00:00,1.0,False,githubnext/autoloop,,,,,,
2773,583,githubnext/autoloop,autoloop.md,2,2026-04-03 17:22:07+00:00,0.9758,False,githubnext/autoloop,both,0.9758,0.46,,,False
2774,583,githubnext/autoloop,autoloop.md,3,2026-04-04 04:56:14+00:00,0.9654,False,githubnext/autoloop,body only,0.9893,0.48,,,False
2775,583,githubnext/autoloop,autoloop.md,4,2026-04-22 22:26:27+00:00,0.9654,False,githubnext/autoloop,frontmatter only,1.0,18.73,,,False
2776,583,githubnext/autoloop,autoloop.md,5,2026-04-22 22:33:29+00:00,0.8971,False,githubnext/autoloop,both,0.9229,0.0,,,False
2777,583,githubnext/autoloop,autoloop.md,6,2026-04-23 00:40:44+00:00,0.8971,False,githubnext/autoloop,frontmatter only,1.0,0.09,,,False
2778,583,githubnext/autoloop,autoloop.md,7,2026-04-23 15:00:53+00:00,0.8948,False,githubnext/autoloop,body only,0.9979,0.6,,,False
2779,583,githubnext/autoloop,autoloop.md,8,2026-04-25 14:55:20+00:00,0.8958,False,githubnext/autoloop,both,0.9989,2.0,,,False
2780,584,UbiHome/UbiHome,pr-documentation-check.md,1,2026-05-16 23:06:57+00:00,1.0,False,,,,,,,
2781,584,UbiHome/UbiHome,pr-documentation-check.md,2,2026-05-23 21:52:31+00:00,0.9873,False,,body only,0.9873,6.95,,,False
2782,585,Azure/git-ape,daily-repo-status.md,1,2026-05-06 10:02:56+00:00,1.0,False,githubnext/agentics/workflows/daily-repo-status.md@fc4ab36dedc44e2a1cdc195cecce262f06c81230,,,,,,
2783,585,Azure/git-ape,daily-repo-status.md,2,2026-05-27 02:02:48+00:00,1.0,False,githubnext/agentics/workflows/daily-repo-status.md@fc4ab36dedc44e2a1cdc195cecce262f06c81230,frontmatter only,1.0,20.67,,,False
2784,586,Azure/git-ape,git-ape-workshop-content-updater.md,1,2026-06-15 05:32:27+00:00,1.0,False,,,,,,,
2785,586,Azure/git-ape,git-ape-workshop-content-updater.md,2,2026-06-18 05:26:45+00:00,1.0,False,,frontmatter only,1.0,3.0,,,False
2786,587,Azure/git-ape,issue-triage-agent.md,1,2026-05-06 10:49:25+00:00,1.0,False,github/gh-aw/.github/workflows/issue-triage-agent.md@852cb06ad52958b402ed982b69957ffc57ca0619,,,,,,
2787,587,Azure/git-ape,issue-triage-agent.md,2,2026-05-06 11:13:42+00:00,1.0,False,github/gh-aw/.github/workflows/issue-triage-agent.md@852cb06ad52958b402ed982b69957ffc57ca0619,frontmatter only,1.0,0.02,,,False
2788,587,Azure/git-ape,issue-triage-agent.md,3,2026-05-25 02:52:05+00:00,1.0,False,github/gh-aw/.github/workflows/issue-triage-agent.md@852cb06ad52958b402ed982b69957ffc57ca0619,frontmatter only,1.0,18.65,,,False
2789,588,Azure-Samples/octocat-supply,auto-analyze-failures.md,1,2026-03-05 23:41:27+00:00,1.0,False,,,,,,,
2790,589,Azure-Samples/octocat-supply,daily-repo-activity-summary.md,1,2026-03-05 23:41:27+00:00,1.0,False,,,,,,,
2791,590,microsoft/apm-action,apm-demo.md,1,2026-03-05 22:35:04+00:00,1.0,False,,,,,,,
2792,591,DanWahlin/github-azure-agentic-journeys,journey-e2e-test.md,1,2026-04-11 23:27:32+00:00,1.0,False,,,,,,,
2793,591,DanWahlin/github-azure-agentic-journeys,journey-e2e-test.md,2,2026-04-12 00:51:15+00:00,0.8483,False,,both,0.8483,0.06,,,False
2794,591,DanWahlin/github-azure-agentic-journeys,journey-e2e-test.md,3,2026-05-18 11:19:27+00:00,0.8483,False,,frontmatter only,1.0,36.44,sandbox; strict,,False
2795,591,DanWahlin/github-azure-agentic-journeys,journey-e2e-test.md,4,2026-05-18 11:38:33+00:00,0.8483,False,,frontmatter only,1.0,0.01,env,,False
2796,591,DanWahlin/github-azure-agentic-journeys,journey-e2e-test.md,5,2026-05-18 12:51:54+00:00,0.771,False,,both,0.9153,0.05,concurrency,,False
2797,591,DanWahlin/github-azure-agentic-journeys,journey-e2e-test.md,6,2026-05-18 14:20:42+00:00,0.756,False,,body only,0.9796,0.06,,,False
2798,591,DanWahlin/github-azure-agentic-journeys,journey-e2e-test.md,7,2026-05-18 15:42:39+00:00,0.7096,False,,both,0.8913,0.06,,,False
2799,592,oboapp/oboapp,ci-failure-fix.md,1,2026-04-17 16:13:54+00:00,1.0,False,,,,,,,
2800,593,felipementel/GitHubCopilotDevDays-Curitiba-2026,hn-sentiment.md,1,2026-05-09 20:07:39+00:00,1.0,False,,,,,,,
2801,594,felipementel/GitHubCopilotDevDays-Curitiba-2026,issue-open.md,1,2026-05-09 20:07:39+00:00,1.0,False,,,,,,,
2802,595,felipementel/GitHubCopilotDevDays-Curitiba-2026,pull-request-opened.md,1,2026-05-09 19:49:22+00:00,1.0,False,,,,,,,
2803,595,felipementel/GitHubCopilotDevDays-Curitiba-2026,pull-request-opened.md,2,2026-05-09 19:50:40+00:00,0.013,False,,both,0.013,0.0,name; tools,,False
2804,596,fqfqgo/clash-verge-rev,pr-ai-slop-review.md,1,2026-03-17 18:07:27+00:00,1.0,False,,,,,,,
2805,596,fqfqgo/clash-verge-rev,pr-ai-slop-review.md,2,2026-03-23 16:19:59+00:00,1.0,False,,frontmatter only,1.0,5.93,,,False
2806,596,fqfqgo/clash-verge-rev,pr-ai-slop-review.md,3,2026-03-26 14:00:56+00:00,0.8442,False,,both,0.8442,2.9,,,False
2807,596,fqfqgo/clash-verge-rev,pr-ai-slop-review.md,4,2026-04-14 09:46:21+00:00,0.8442,False,,frontmatter only,1.0,18.82,,,False
2808,596,fqfqgo/clash-verge-rev,pr-ai-slop-review.md,5,2026-04-21 16:11:44+00:00,0.7854,False,,body only,0.9268,7.27,,,False
2809,596,fqfqgo/clash-verge-rev,pr-ai-slop-review.md,6,2026-05-10 09:17:43+00:00,0.763,False,,body only,0.9704,18.71,,,False
2810,597,microsoft/AI-Engineering-Coach,issue-triage.md,1,2026-06-07 18:40:49+00:00,1.0,False,githubnext/agentics/workflows/issue-triage.md@df35cf29fb856d1c3b8f023ed46d19126e7813bf,,,,,,
2811,597,microsoft/AI-Engineering-Coach,issue-triage.md,2,2026-06-10 15:43:43+00:00,1.0,False,githubnext/agentics/workflows/issue-triage.md@df35cf29fb856d1c3b8f023ed46d19126e7813bf,frontmatter only,1.0,2.88,,,False
2812,597,microsoft/AI-Engineering-Coach,issue-triage.md,3,2026-06-19 08:30:28+00:00,1.0,False,githubnext/agentics/workflows/issue-triage.md@df35cf29fb856d1c3b8f023ed46d19126e7813bf,frontmatter only,1.0,8.7,,,False
2813,598,drasi-project/drasi-server,pr-correctness-reviewer.md,1,2026-06-05 16:40:00+00:00,1.0,False,,,,,,,
2814,599,drasi-project/drasi-server,pr-design-reviewer.md,1,2026-06-05 16:40:00+00:00,1.0,False,,,,,,,
2815,600,drasi-project/drasi-server,pr-docs-reviewer.md,1,2026-06-05 16:40:00+00:00,1.0,False,,,,,,,
2816,601,drasi-project/drasi-server,pr-prior-art-reviewer.md,1,2026-06-05 16:40:00+00:00,1.0,False,,,,,,,
2817,602,drasi-project/drasi-server,pr-security-reviewer.md,1,2026-06-05 16:40:00+00:00,1.0,False,,,,,,,
2818,603,drasi-project/drasi-server,pr-testing-reviewer.md,1,2026-06-05 16:40:00+00:00,1.0,False,,,,,,,
2819,604,drasi-project/drasi-server,validate-yaml-snippets.md,1,2026-01-15 23:14:12+00:00,1.0,False,,,,,,,
2820,604,drasi-project/drasi-server,validate-yaml-snippets.md,2,2026-06-16 21:32:02+00:00,0.9424,False,,both,0.9424,151.93,,,False
